step,t_s,wall_s,dt,V0,Vt,M,nreg_used,nslab_n,nf3_col,runs,ncomp_min,ncomp_max,ncompbig_max,vols,ths,f3_pairs,f3_pairs_pos,nf3,f3_area_m2,f3_area_stair,f3_pos_m,f3_pos_dx,nf2,f2_area_m2,nf1,f1_area_m2,f1_area_stair,f3_std_m,n_lath,w_lath,a_lath,box_touch,finite,psi_mean,cfl_used,nslab_n1,runs1,nf3_col1,r_col_nm,col_cover_min,nslab_nu,nslab_nu1,E_el_J,nblk_sig,blk_laths,blk_vars,n_var_sig,n_habit,f_var,r_selfac,blk_nlath,blk_span_nm,blk_alen_nm,blk_wlen_nm,blk_nprof,blk_nruns,box_touch_core,core_vox,ncomp_all,dG_max_Jm3,dG_p999,dG_ratio,dG_near_max,ed_tip,ed_side,ed_wide,dG_tip,dG_side,dG_wide,ed_obl,dG_obl,n_obl,dG_tip_p90,dG_side_p90,dG_tip_max,dG_side_max,ed_tip_p90,ed_side_p90,v_tip_nsgn,v_tip_nabs,v_side_nsgn,v_side_nabs,v_wide_nabs,v_obl_nabs,v_tip_f1,v_side_f1,v_wide_f1,f1_tip,f1_side,f1_wide,n_tip,n_side,n_wide,tip_sep_nm,side_sep_nm,wide_sep_nm
0,0.0,8.35,7.638473182236092e-08,1.2475048828125007e-16,2.495117187500001e-19,72,1,1,0,1,0,1,1,0.249512/0/0/0/0/0/0/0/0/0/0/0/0/0/0/0/0/0/0/0/0/0/0/0/0/0/0/0/0/0/0/0/0/0/0/0/0/0/0/0/0/0/0/0/0/0/0/0/0/0/0/0/0/0/0/0/0/0/0/0/0/0/0/0/0/0/0/0/0/0/0/0,507.199/0/0/0/0/0/0/0/0/0/0/0/0/0/0/0/0/0/0/0/0/0/0/0/0/0/0/0/0/0/0/0/0/0/0/0/0/0/0/0/0/0/0/0/0/0/0/0/0/0/0/0/0/0/0/0/0/0/0/0/0/0/0/0/0/0/0/0/0/0/0/0,,,0,0.0,0.0,nan,nan,0,0.0,940,1.95694010763834e-12,3.671875000000001e-12,nan,5.071986094432838e-07,4.419417382415928e-07,1.042953646404103e-06,0,1,nan,nan,1,1,0,597.6,1.0,1,1,0.0,1,1,1,1,1,1/0/0,1.0,1,507,1043,442,1,1,0,1022,1,nan,nan,nan,-1,,,,,,,,,,,,,,,,,,,,,,,,,,,,0,0,0,1075.7,530.3,559.6
20,-0.0,159.41,7.638473182236092e-08,1.2340380859375005e-16,1.5961914062500008e-18,72,3,3,2,3/1/2,0,1,1,0.16748/0.714355/0.714355/0/0/0/0/0/0/0/0/0/0/0/0/0/0/0/0/0/0/0/0/0/0/0/0/0/0/0/0/0/0/0/0/0/0/0/0/0/0/0/0/0/0/0/0/0/0/0/0/0/0/0/0/0/0/0/0/0/0/0/0/0/0/0/0/0/0/0/0/0,380.599/311.401/311.401/0/0/0/0/0/0/0/0/0/0/0/0/0/0/0/0/0/0/0/0/0/0/0/0/0/0/0/0/0/0/0/0/0/0/0/0/0/0/0/0/0/0/0/0/0/0/0/0/0/0/0/0/0/0/0/0/0/0/0/0/0/0/0/0/0/0/0/0/0,,,402,9.400712717777397e-13,1.5703125000000006e-12,-1.9256728650883317e-06,0.0,0,0.0,5864,1.266683993533617e-11,2.2906250000000008e-11,1.9512872345732365e-07,3.114007948504429e-07,6.187184335382292e-07,4.433762144504359e-06,0,1,nan,0.5802977814742613,3,3/1/2,2,2299.2,1.0,,,2.4788065398011107e-10,,,,,,,,,,,,,,0,6538,1,474814933.2576963,136236498.56664082,3.485225605863894,2,-273187230.863609,-258027409.242997,-276515709.57933,-100440135.991667,-133871588.172231,-127053295.103039,-272506753.580482,-128821870.342418,1612,-217760.143374,-54233667.408903,-118349.306591,-121532.906908,-179968323.001749,-182645020.340033,-7.3518,7.3518,-1.0267,1.0267,0.0182,0.5529,8.8442,1.0501,0.0234,0.831,0.9774,0.7767,71,1462,3403,,,
40,-0.0,262.56,7.638473182236092e-08,1.2346704101562506e-16,1.5329589843750007e-18,72,3,3,2,3/1/2,0,1,1,0.161621/0.685547/0.685791/0/0/0/0/0/0/0/0/0/0/0/0/0/0/0/0/0/0/0/0/0/0/0/0/0/0/0/0/0/0/0/0/0/0/0/0/0/0/0/0/0/0/0/0/0/0/0/0/0/0/0/0/0/0/0/0/0/0/0/0/0/0/0/0/0/0/0/0/0,380.599/310.742/310.742/0/0/0/0/0/0/0/0/0/0/0/0/0/0/0/0/0/0/0/0/0/0/0/0/0/0/0/0/0/0/0/0/0/0/0/0/0/0/0/0/0/0/0/0/0/0/0/0/0/0/0/0/0/0/0/0/0/0/0/0/0/0/0/0/0/0/0/0/0,,,390,9.193315688513787e-13,1.5234375000000006e-12,-1.925672865088332e-06,-6.776263578034402e-15,0,0.0,5688,1.2344194717606256e-11,2.2218750000000007e-11,1.946017080231595e-07,3.107420867397374e-07,6.187184335382292e-07,4.41945459353339e-06,0,1,nan,0.588777062526887,3,3/1/2,2,2283.8,1.0,,,2.399442466808787e-10,,,,,,,,,,,,,,0,6279,1,481752904.409072,135994150.76872194,3.5424531252698044,2,-272903475.361167,-241640328.710123,-277336604.780446,-82196634.048113,-116252801.585964,-123224890.124974,-263887270.502618,-120940530.459707,1402,-163713.707219,-52849258.48434,-104465.911629,-115896.337441,-176561110.174397,-180286282.671173,-7.1957,7.1957,-0.9117,0.9117,0.0179,0.4803,8.5714,0.9328,0.0233,0.8393,0.977,0.7672,56,1654,3179,,,
60,-0.0,349.92,7.638473182236092e-08,1.2350122070312505e-16,1.4987792968750007e-18,72,3,3,2,3/1/2,0,1,1,0.159424/0.669922/0.669434/0/0/0/0/0/0/0/0/0/0/0/0/0/0/0/0/0/0/0/0/0/0/0/0/0/0/0/0/0/0/0/0/0/0/0/0/0/0/0/0/0/0/0/0/0/0/0/0/0/0/0/0/0/0/0/0/0/0/0/0/0/0/0/0/0/0/0/0/0,380.599/310.742/310.742/0/0/0/0/0/0/0/0/0/0/0/0/0/0/0/0/0/0/0/0/0/0/0/0/0/0/0/0/0/0/0/0/0/0/0/0/0/0/0/0/0/0/0/0/0/0/0/0/0/0/0/0/0/0/0/0/0/0/0/0/0/0/0/0/0/0/0/0/0,,,386,9.124183345425917e-13,1.5078125000000006e-12,-1.925672865088332e-06,-6.776263578034402e-15,0,0.0,5532,1.2040290686901548e-11,2.1609375000000008e-11,1.945629273842205e-07,3.107420867397374e-07,6.187184335382292e-07,4.40514704256242e-06,0,1,nan,0.5939126566147088,3,3/1/2,2,2284.6,1.0,,,2.3343578875995295e-10,,,,,,,,,,,,,,0,6139,1,485954982.7934711,135889572.32286102,3.5761020841164113,2,-229488980.657924,-233252406.801561,-276677713.942203,-97171497.773583,-105774898.900779,-119369672.727437,-251683127.043398,-114699018.528184,1496,-35805244.494526,-44378187.12075,-118836.747115,-101196.71548,-173916677.832949,-171662917.722393,-5.7826,5.7826,-0.827,0.827,0.0174,0.4527,6.1551,0.8486,0.023,0.9394,0.9741,0.7566,66,1660,2925,,,
80,-0.0,438.08,7.638473182236092e-08,1.2352978515625005e-16,1.4702148437500007e-18,72,3,3,2,3/1/2,0,3,1,0.159668/0.65625/0.654297/0/0/0/0/0/0/0/0/0/0/0/0/0/0/0/0/0/0/0/0/0/0/0/0/0/0/0/0/0/0/0/0/0/0/0/0/0/0/0/0/0/0/0/0/0/0/0/0/0/0/0/0/0/0/0/0/0/0/0/0/0/0/0/0/0/0/0/0/0,380.599/309.959/309.959/0/0/0/0/0/0/0/0/0/0/0/0/0/0/0/0/0/0/0/0/0/0/0/0/0/0/0/0/0/0/0/0/0/0/0/0/0/0/0/0/0/0/0/0/0/0/0/0/0/0/0/0/0/0/0/0/0/0/0/0/0/0/0/0/0/0/0/0/0,,,382,9.055051002338047e-13,1.4921875000000005e-12,-1.925672865088332e-06,-6.776263578034402e-15,0,0.0,5490,1.1962426774440184e-11,2.144531250000001e-11,1.943944566794719e-07,3.099593481588478e-07,6.187184335382292e-07,4.40514704256242e-06,0,1,nan,0.5980351315915272,3,3/1/2,2,2286.1,1.0,,,2.276698677955584e-10,,,,,,,,,,,,,,0,6020,3,489328100.4297331,135899811.9646128,3.600653255923195,2,-263692397.375381,-226580299.146236,-277331782.247513,-82765748.965615,-101552820.123364,-115734922.226302,-244134734.656331,-111306182.12641,1544,-5457352.929704,-42675041.443164,-23955.666902,-113832.047211,-187751466.127786,-167668200.764634,-5.6444,5.6444,-0.7732,0.7732,0.0174,0.436,6.3643,0.7894,0.0232,0.8868,0.979,0.7487,53,1713,2718,,,
100,-0.0,523.3,7.638473182236092e-08,1.2356201171875006e-16,1.4379882812500007e-18,72,3,3,2,3/1/2,0,1,1,0.156738/0.640137/0.641113/0/0/0/0/0/0/0/0/0/0/0/0/0/0/0/0/0/0/0/0/0/0/0/0/0/0/0/0/0/0/0/0/0/0/0/0/0/0/0/0/0/0/0/0/0/0/0/0/0/0/0/0/0/0/0/0/0/0/0/0/0/0/0/0/0/0/0/0/0,380.599/309.957/309.957/0/0/0/0/0/0/0/0/0/0/0/0/0/0/0/0/0/0/0/0/0/0/0/0/0/0/0/0/0/0/0/0/0/0/0/0/0/0/0/0/0/0/0/0/0/0/0/0/0/0/0/0/0/0/0/0/0/0/0/0/0/0/0/0/0/0/0/0/0,1-2:0.446658/1-3:0.446658,1-2:-28.519/1-3:-33.883,378,8.933167858444876e-13,1.4765625000000006e-12,-1.925672865088332e-06,-6.776263578034402e-15,0,0.0,5412,1.1827618577557407e-11,2.114062500000001e-11,1.9411124887456574e-07,3.099573023759684e-07,6.187184335382292e-07,4.3744677691609546e-06,0,1,nan,0.5993141936382457,3,3/1/2,2,2277.9,1.0,,,2.2264103114285999e-10,1,3,1,1,1,1/0/0,1.0,3,1003,4473,619,3,3,0,5890,1,490374662.69437265,135800292.74961123,3.6109985683059325,2,-261789877.915551,-218453627.083397,-277051079.257198,-88552261.994687,-95501396.089205,-113634951.876983,-238048780.249871,-105341287.745511,1704,-119031.846378,-39175236.801019,-37053.818071,120479.325686,-182593043.18384,-162885384.570853,-6.4881,6.4881,-0.7265,0.7265,0.0169,0.3958,7.7146,0.7437,0.0229,0.8409,0.9764,0.7402,44,1656,2490,4521.7,618.7,375.5
120,1.0184666e-05,656.13,7.066431797835207e-08,1.2196435546875007e-16,3.0356445312500015e-18,72,6,6,5,6/3/1/2/4/5,0,2,1,0.156494/0.469482/0.474121/0.546143/0.692139/0.697266/0/0/0/0/0/0/0/0/0/0/0/0/0/0/0/0/0/0/0/0/0/0/0/0/0/0/0/0/0/0/0/0/0/0/0/0/0/0/0/0/0/0/0/0/0/0/0/0/0/0/0/0/0/0/0/0/0/0/0/0/0/0/0/0/0/0,380.599/247.442/247.442/249.536/310.744/311.405/0/0/0/0/0/0/0/0/0/0/0/0/0/0/0/0/0/0/0/0/0/0/0/0/0/0/0/0/0/0/0/0/0/0/0/0/0/0/0/0/0/0/0/0/0/0/0/0/0/0/0/0/0/0/0/0/0/0/0/0/0/0/0/0/0/0,,,2928,6.881708975765791e-12,1.1437500000000004e-11,-1.7130295384490886e-06,3.4022932262278904,0,0.0,8496,1.7814469571796756e-11,3.3187500000000015e-11,4.6624861777439203e-07,2.801401493205476e-07,5.745242597140704e-07,4.348878099785446e-06,0,1,nan,0.6350148310458861,6,6/3/1/2/4/5,5,2327.0,1.0,,,7.157871751985614e-10,,,,,,,,,,,,,,0,12432,3,561647350.1170193,145926131.50776243,3.848846976986729,2,-408410818.306271,-368335930.610202,-417549153.801502,-133021111.884081,-226189710.179703,-730705.099471,-385895360.397326,-165224095.779998,3321,-5529.527783,-126168029.950676,246203.568821,166649.68334,-261176392.54056,-280582026.079141,-6.6846,6.6856,-1.4075,1.4076,0.0127,0.6053,10.9637,1.4993,0.0332,0.6095,0.9381,0.3806,105,2506,6548,,,
140,1.0184666e-05,778.77,7.066431797835207e-08,1.2213183593750006e-16,2.8681640625000013e-18,72,6,6,5,6/3/1/2/4/5,0,3,1,0.152588/0.438477/0.444336/0.525391/0.651367/0.656006/0/0/0/0/0/0/0/0/0/0/0/0/0/0/0/0/0/0/0/0/0/0/0/0/0/0/0/0/0/0/0/0/0/0/0/0/0/0/0/0/0/0/0/0/0/0/0/0/0/0/0/0/0/0/0/0/0/0/0/0/0/0/0/0/0/0,380.599/247.44/247.44/249.538/310.744/311.403/0/0/0/0/0/0/0/0/0/0/0/0/0/0/0/0/0/0/0/0/0/0/0/0/0/0/0/0/0/0/0/0/0/0/0/0/0/0/0/0/0/0/0/0/0/0/0/0/0/0/0/0/0/0/0/0/0/0/0/0/0/0/0/0/0/0,,,2817,6.619971912629928e-12,1.1003906250000004e-11,-1.7069446312400558e-06,3.499651741572414,0,0.0,8266,1.734047044931954e-11,3.228906250000001e-11,4.6485863435398504e-07,2.801411722119875e-07,5.745242597140704e-07,4.311045050898497e-06,0,1,nan,0.6342311870170768,6,6/3/1/2/4/5,5,2319.8,1.0,,,6.920133320458392e-10,,,,,,,,,,,,,,0,11739,8,560954245.6874883,145526498.49346516,3.8546536300581566,2,-407673830.613966,-357379025.440669,-424205727.377199,-835725.919861,-203994108.150229,-691602.046502,-387816261.641698,-150872296.014253,3356,-82449.17416,-535537.449486,723957.087312,246514.786063,-285677260.866123,-267755447.560786,-5.0571,5.0586,-1.2142,1.2143,0.0124,0.5137,10.5527,1.3711,0.0335,0.4786,0.8842,0.3681,117,2133,6159,,,
160,1.0184666e-05,907.25,7.066431797835207e-08,1.2225756835937504e-16,2.7424316406250014e-18,72,6,6,5,6/3/1/2/4/5,0,7,1,0.151123/0.423096/0.425537/0.509521/0.615234/0.61792/0/0/0/0/0/0/0/0/0/0/0/0/0/0/0/0/0/0/0/0/0/0/0/0/0/0/0/0/0/0/0/0/0/0/0/0/0/0/0/0/0/0/0/0/0/0/0/0/0/0/0/0/0/0/0/0/0/0/0/0/0/0/0/0/0/0,382.04/248.223/247.438/249.538/309.961/310.744/0/0/0/0/0/0/0/0/0/0/0/0/0/0/0/0/0/0/0/0/0/0/0/0/0/0/0/0/0/0/0/0/0/0/0/0/0/0/0/0/0/0/0/0/0/0/0/0/0/0/0/0/0/0/0/0/0/0/0/0/0/0/0/0/0/0,,,2781,6.541927563609256e-12,1.0863281250000004e-11,-1.7038121376822916e-06,3.549771638496642,0,0.0,8214,1.7345549333309125e-11,3.208593750000001e-11,4.63355032131381e-07,2.7974980292154296e-07,5.745242597140704e-07,4.341724324299962e-06,0,1,nan,0.6345834581111295,6,6/3/1/2/4/5,5,2300.6,1.0,,,6.742195254273223e-10,,,,,,,,,,,,,,0,11221,11,561265816.5624105,145432735.3005228,3.859281168043828,1,-397831919.517678,-356242384.572551,-426411267.693534,-1037898.367469,-194701527.938378,-668333.528397,-385061032.733102,-142127710.132523,3334,-46540.336892,-385666.13268,1016566.842946,207860.783843,-273746546.801761,-257150851.256801,-5.4904,5.4955,-1.1411,1.1411,0.0123,0.4713,11.3151,1.3348,0.0345,0.4848,0.8532,0.3562,99,1908,5912,,,
180,1.0184666e-05,1014.28,7.066431797835207e-08,1.2237451171875005e-16,2.625488281250001e-18,72,6,6,5,6/3/1/2/4/5,0,9,1,0.150146/0.404785/0.414063/0.500244/0.57666/0.57959/0/0/0/0/0/0/0/0/0/0/0/0/0/0/0/0/0/0/0/0/0/0/0/0/0/0/0/0/0/0/0/0/0/0/0/0/0/0/0/0/0/0/0/0/0/0/0/0/0/0/0/0/0/0/0/0/0/0/0/0/0/0/0/0/0/0,382.04/248.223/248.217/249.538/309.301/309.961/0/0/0/0/0/0/0/0/0/0/0/0/0/0/0/0/0/0/0/0/0/0/0/0/0/0/0/0/0/0/0/0/0/0/0/0/0/0/0/0/0/0/0/0/0/0/0/0/0/0/0/0/0/0/0/0/0/0/0/0/0/0/0/0/0/0,,,2759,6.482804454588806e-12,1.0777343750000004e-11,-1.704928395127831e-06,3.5319115193680113,0,0.0,8054,1.70294569882151e-11,3.1460937500000015e-11,4.633002435278481e-07,2.7941942597475014e-07,5.745242597140704e-07,4.341724324299962e-06,0,1,nan,0.6384800078780162,6,6/3/1/2/4/5,5,2303.8,1.0,,,6.593801022403948e-10,,,,,,,,,,,,,,0,10739,14,564712172.0555042,145323347.93879625,3.885901199395268,1,-398615503.578875,-355547788.011922,-428765577.844167,-61027150.891893,-191884449.417078,-645901.442251,-386569043.580978,-133420454.842972,3325,40374.994713,-346383.3705,1418105.484173,550486.649987,-309996679.209505,-259165797.29406,-6.941,6.9475,-1.121,1.1213,0.0121,0.437,13.8772,1.3319,0.035,0.5,0.8401,0.345,88,1764,5608,,,
200,1.0184666e-05,1135.58,7.066431797835207e-08,1.2247656250000005e-16,2.5234375000000013e-18,72,6,6,5,6/3/1/2/4/5,0,9,1,0.149414/0.39209/0.399902/0.496094/0.544189/0.541748/0/0/0/0/0/0/0/0/0/0/0/0/0/0/0/0/0/0/0/0/0/0/0/0/0/0/0/0/0/0/0/0/0/0/0/0/0/0/0/0/0/0/0/0/0/0/0/0/0/0/0/0/0/0/0/0/0/0/0/0/0/0/0/0/0/0,382.04/247.444/248.221/249.538/308.518/309.959/0/0/0/0/0/0/0/0/0/0/0/0/0/0/0/0/0/0/0/0/0/0/0/0/0/0/0/0/0/0/0/0/0/0/0/0/0/0/0/0/0/0/0/0/0/0/0/0/0/0/0/0/0/0/0/0/0/0/0/0/0/0/0/0/0/0,1-2:0.419235/1-3:0.418825/2-4:1.7714/3-6:1.76185/4-5:2.07157,1-2:-28.517/1-3:-33.899/2-4:-24.554/3-6:-37.844/4-5:-20.555,2742,6.442873112546117e-12,1.0710937500000004e-11,-1.7046181771484365e-06,3.536875007038323,0,0.0,7810,1.6518072822564363e-11,3.0507812500000013e-11,4.629962686037238e-07,2.7902805668430555e-07,5.745242597140701e-07,4.282429948956559e-06,0,1,nan,0.6314869844819839,6,6/3/1/2/4/5,5,2303.4,1.0,,,6.461504276341552e-10,1,6,1,1,1,1/0/0,1.0,6,1747,4450,619,6,6,0,10323,12,558527099.0970995,145105035.13269672,3.849122799814173,1,-399162779.378766,-356764534.699396,-431305007.887731,-576788.560876,-191499930.950607,-629092.670598,-384367671.726017,-131843214.226802,3414,-7789.666195,-269595.729288,1582887.35978,389484.878651,-302799439.307702,-265962252.256856,-5.1016,5.1061,-1.1215,1.1217,0.0117,0.4106,12.2079,1.3446,0.0357,0.4175,0.8324,0.3268,103,1557,5278,4567.7,618.7,367.1
220,2.0369332e-05,1321.78,6.574100727035609e-08,1.2087133789062505e-16,4.128662109375002e-18,72,9,9,8,7/6/3/1/2/4/5/8/9,0,15,1,0.14917/0.382813/0.388428/0.488525/0.403564/0.401855/0.686523/0.536377/0.691406/0/0/0/0/0/0/0/0/0/0/0/0/0/0/0/0/0/0/0/0/0/0/0/0/0/0/0/0/0/0/0/0/0/0/0/0/0/0/0/0/0/0/0/0/0/0/0/0/0/0/0/0/0/0/0/0/0/0/0/0/0/0/0,382.04/247.444/247.442/249.546/246.001/247.442/310.744/248.89/3947.7/0/0/0/0/0/0/0/0/0/0/0/0/0/0/0/0/0/0/0/0/0/0/0/0/0/0/0/0/0/0/0/0/0/0/0/0/0/0/0/0/0/0/0/0/0/0/0/0/0/0/0/0/0/0/0/0/0/0/0/0/0/0/0,,,5008,1.1767666857836899e-11,1.9562500000000007e-11,-1.5679335329105447e-06,5.7238293148445925,0,0.0,11226,2.329763872708218e-11,4.3851562500000016e-11,6.729140474539623e-07,2.488897327050517e-07,6.187184335382292e-07,4.341724324299962e-06,1,1,nan,0.6122152094486117,10,9/7/6/3/1/2/4/5/8/9,9,2393.5,1.0,,,1.2018831712704949e-09,,,,,,,,,,,,,,1,16904,8,582033226.7374915,150048160.75041962,3.878976082256735,2,-454987478.592536,-422343762.563013,-480107584.168985,-550325.858713,-255016507.295977,-574679.565927,-447533447.115535,-111919385.544054,4724,44754.222719,-323968.052467,928236.327603,507842.404843,-316584336.943633,-319168881.658105,-5.0612,5.064,-1.3743,1.3745,0.0101,0.4992,11.4257,1.6272,0.0358,0.4426,0.8432,0.2814,183,2609,9450,,,
240,2.0369332e-05,1442.13,6.574100727035609e-08,1.2103833007812506e-16,3.961669921875002e-18,72,9,9,8,7/6/3/1/2/4/5/8/9,0,16,1,0.147705/0.376709/0.379883/0.487549/0.38501/0.384277/0.637939/0.505127/0.657471/0/0/0/0/0/0/0/0/0/0/0/0/0/0/0/0/0/0/0/0/0/0/0/0/0/0/0/0/0/0/0/0/0/0/0/0/0/0/0/0/0/0/0/0/0/0/0/0/0/0/0/0/0/0/0/0/0/0/0/0/0/0/0,382.04/247.444/247.442/249.546/246.001/247.434/310.744/248.89/3920.04/0/0/0/0/0/0/0/0/0/0/0/0/0/0/0/0/0/0/0/0/0/0/0/0/0/0/0/0/0/0/0/0/0/0/0/0/0/0/0/0/0/0/0/0/0/0/0/0/0/0/0/0/0/0/0/0/0/0/0/0/0/0/0,,,4915,1.1554183039698725e-11,1.919921875000001e-11,-1.5657553847305276e-06,5.758679685724864,0,0.0,11084,2.306276868569701e-11,4.3296875000000014e-11,6.699848862073354e-07,2.488897327050517e-07,6.187184335382292e-07,4.280365777497031e-06,1,1,nan,0.6143304721986638,10,9/7/6/3/1/2/4/5/8/9,9,2356.7,1.0,,,1.1663869598412238e-09,,,,,,,,,,,,,,1,16217,11,584044207.8186691,149345805.02095893,3.910683716470679,1,-467509676.773362,-416603819.958106,-482667203.234946,-326447.159994,-223938043.704633,-572515.376015,-446543309.731112,-108848820.638327,4627,52740.231825,-224426.391866,605338.441726,654387.471778,-374819712.910864,-303717691.89101,-3.0414,3.0436,-1.1895,1.1897,0.0098,0.464,11.6499,1.5079,0.0361,0.2604,0.787,0.2696,169,2319,9130,,,
260,2.0369332e-05,1586.87,6.574100727035609e-08,1.2117114257812506e-16,3.828857421875002e-18,72,9,9,8,7/6/3/1/2/4/5/8/9,0,22,1,0.147461/0.373535/0.375/0.48584/0.375488/0.374268/0.590088/0.488525/0.618652/0/0/0/0/0/0/0/0/0/0/0/0/0/0/0/0/0/0/0/0/0/0/0/0/0/0/0/0/0/0/0/0/0/0/0/0/0/0/0/0/0/0/0/0/0/0/0/0/0/0/0/0/0/0/0/0/0/0/0/0/0/0/0,382.04/247.444/247.442/249.546/246.001/247.434/310.081/248.89/309.961/0/0/0/0/0/0/0/0/0/0/0/0/0/0/0/0/0/0/0/0/0/0/0/0/0/0/0/0/0/0/0/0/0/0/0/0/0/0/0/0/0/0/0/0/0/0/0/0/0/0/0/0/0/0/0/0/0/0/0/0/0/0/0,,,4858,1.1420062788116363e-11,1.8976562500000008e-11,-1.5604317546483736e-06,5.84385776703933,0,0.0,10978,2.2921769512188407e-11,4.2882812500000016e-11,6.672193018589697e-07,2.488897327050517e-07,6.187184335382292e-07,4.278301606037503e-06,1,1,nan,0.6125476535784671,9,7/6/3/1/2/4/5/8/9,8,2345.0,1.0,,,1.1386839014229835e-09,,,,,,,,,,,,,,1,15669,11,582349281.4950724,148949253.52419308,3.909716012108005,1,-452639046.613058,-411849700.661894,-483987138.349255,-313328.577956,-211179553.201769,-570372.963795,-444259048.599429,-81041394.248762,4455,83275.333229,-212424.966223,603421.759721,656962.309502,-364984939.337419,-307847525.788686,-3.6234,3.6255,-1.1009,1.1013,0.0097,0.4289,12.7565,1.4451,0.037,0.2834,0.7597,0.2611,187,2156,8904,,,
280,2.0369332e-05,1722.85,6.574100727035609e-08,1.2127832031250005e-16,3.721679687500001e-18,72,9,9,8,7/6/3/1/2/4/5/8/9,0,30,1,0.146729/0.369873/0.373535/0.484863/0.365234/0.366455/0.549805/0.481201/0.583984/0/0/0/0/0/0/0/0/0/0/0/0/0/0/0/0/0/0/0/0/0/0/0/0/0/0/0/0/0/0/0/0/0/0/0/0/0/0/0/0/0/0/0/0/0/0/0/0/0/0/0/0/0/0/0/0/0/0/0/0/0/0/0,382.04/247.444/247.442/249.546/246.001/247.434/309.301/248.89/309.177/0/0/0/0/0/0/0/0/0/0/0/0/0/0/0/0/0/0/0/0/0/0/0/0/0/0/0/0/0/0/0/0/0/0/0/0/0/0/0/0/0/0/0/0/0/0/0/0/0/0/0/0/0/0/0/0/0/0/0/0/0/0/0,,,4813,1.1296131695715013e-11,1.8800781250000006e-11,-1.5591734265722675e-06,5.863991016257026,0,0.0,10876,2.2756031558168246e-11,4.2484375000000016e-11,6.656097641933916e-07,2.488897327050517e-07,5.745242597140706e-07,4.278301606037503e-06,1,1,nan,0.6119426125221509,9,7/6/3/1/2/4/5/8/9,8,2347.9,1.0,,,1.114990970733828e-09,,,,,,,,,,,,,,1,15232,11,581774068.7383792,148706402.01801553,3.912232834924607,1,-442378867.049394,-409202936.890608,-485268757.544334,-300674.007681,-203698333.914174,-571188.358207,-443145568.92988,-1187630.744355,4484,162997.999564,-209318.927791,910288.997957,650423.661537,-381123664.803126,-300004438.456609,-3.4295,3.4323,-1.078,1.0785,0.0098,0.4129,13.3323,1.4461,0.0381,0.2567,0.7432,0.2572,187,1986,8607,,,
300,2.0369332e-05,1867.22,6.574100727035609e-08,1.2139062500000005e-16,3.609375000000002e-18,72,9,9,8,7/6/3/1/2/4/5/8/9,0,32,1,0.144287/0.364746/0.372803/0.483643/0.358887/0.360107/0.509033/0.474854/0.541016/0/0/0/0/0/0/0/0/0/0/0/0/0/0/0/0/0/0/0/0/0/0/0/0/0/0/0/0/0/0/0/0/0/0/0/0/0/0/0/0/0/0/0/0/0/0/0/0/0/0/0/0/0/0/0/0/0/0/0/0/0/0/0,382.04/247.444/248.884/249.546/246.001/247.434/309.301/249.542/309.177/0/0/0/0/0/0/0/0/0/0/0/0/0/0/0/0/0/0/0/0/0/0/0/0/0/0/0/0/0/0/0/0/0/0/0/0/0/0/0/0/0/0/0/0/0/0/0/0/0/0/0/0/0/0/0/0/0/0/0/0/0/0/0,1-2:0.40359/1-3:0.402771/2-4:1.72446/3-6:1.65966/4-5:2.00635/5-8:1.47664/6-7:1.51048/8-9:1.99657,1-2:-28.509/1-3:-33.904/2-4:-24.555/3-6:-37.85/4-5:-20.553/5-8:-16.602/6-7:-41.812/8-9:-12.614,4769,1.1180522889852951e-11,1.8628906250000008e-11,-1.5591013793878528e-06,5.865143771207661,0,0.0,10826,2.2738192298216725e-11,4.2289062500000015e-11,6.638883643749304e-07,2.495423034671185e-07,5.30330085889911e-07,4.278301606037503e-06,1,1,nan,0.6109650911337808,9,7/6/3/1/2/4/5/8/9,8,2348.5,1.0,,,1.0947079412689072e-09,1,9,1,1,1,1/0/0,1.0,9,2492,4603,619,9,9,1,14774,11,580844738.7918228,148505101.47841266,3.91127801677747,1,-444613754.471649,-409992722.542478,-486002594.840383,-318709.037483,-192049355.901372,-568800.544204,-441177554.454094,-1096003.037192,4514,158066.677165,-205026.868305,1046072.497575,582736.871931,-371148480.300329,-299812900.791042,-2.8944,2.8973,-1.0108,1.0114,0.0096,0.3761,12.7542,1.4242,0.0387,0.2263,0.7072,0.2472,190,1844,8262,4525.8,618.7,346.4
320,3.0553998e-05,2029.52,6.145904459109765e-08,1.1983471679687507e-16,5.165283203125002e-18,72,12,12,11,12/11/7/6/3/1/2/4/5/8/9/10,0,38,1,0.142822/0.359131/0.370361/0.481689/0.352295/0.357178/0.474121/0.376221/0.306152/0.648193/0.57666/0.720459/0/0/0/0/0/0/0/0/0/0/0/0/0/0/0/0/0/0/0/0/0/0/0/0/0/0/0/0/0/0/0/0/0/0/0/0/0/0/0/0/0/0/0/0/0/0/0/0/0/0/0/0/0/0/0/0/0/0/0/0,382.04/247.444/248.884/249.546/246.001/247.434/309.301/249.542/246.661/4118.6/4211.01/4524.87/0/0/0/0/0/0/0/0/0/0/0/0/0/0/0/0/0/0/0/0/0/0/0/0/0/0/0/0/0/0/0/0/0/0/0/0/0/0/0/0/0/0/0/0/0/0/0/0/0/0/0/0/0/0/0/0/0/0/0/0,,,6510,1.5208917476176352e-11,2.542968750000001e-11,-1.7024646769520002e-06,3.571331010181304,0,0.0,14996,3.1504024206032374e-11,5.857812500000003e-11,1.1850630798825642e-06,2.49544349249998e-07,6.187184335382292e-07,4.1515269941354485e-06,1,1,nan,0.5722901606739862,13,12/11/10/7/6/3/1/2/4/5/8/9/10,12,3616.7,1.0,,,1.5897156737649714e-09,,,,,,,,,,,,,,1,21150,8,581983258.6090212,139712010.76328784,4.165592173711303,2,-494953908.806607,-411955345.14814,-484836686.551846,-281317.504112,-192894024.157822,-567836.508475,-454395338.117139,-1036698.689859,5981,117125.828498,-203492.796817,1112351.7769,492182.726705,-378838064.181506,-292974928.465036,-2.2737,2.2765,-1.0099,1.0103,0.0091,0.3594,11.6083,1.3445,0.0307,0.1952,0.7492,0.2958,292,3018,11905,,,
340,3.0553998e-05,2155.73,6.145904459109765e-08,1.2000195312500005e-16,4.998046875000002e-18,72,12,12,11,12/11/7/6/3/1/2/4/5/8/9/10,0,41,1,0.142822/0.354492/0.368164/0.479248/0.3479/0.353516/0.447021/0.373535/0.287598/0.61084/0.549805/0.683105/0/0/0/0/0/0/0/0/0/0/0/0/0/0/0/0/0/0/0/0/0/0/0/0/0/0/0/0/0/0/0/0/0/0/0/0/0/0/0/0/0/0/0/0/0/0/0/0/0/0/0/0/0/0/0/0/0/0/0/0,382.04/247.444/248.884/249.546/246.001/247.434/307.857/249.542/246.661/4118.6/4211.01/4524.86/0/0/0/0/0/0/0/0/0/0/0/0/0/0/0/0/0/0/0/0/0/0/0/0/0/0/0/0/0/0/0/0/0/0/0/0/0/0/0/0/0/0/0/0/0/0/0/0/0/0/0/0/0/0/0/0/0/0/0/0,,,6431,1.5022267901743487e-11,2.512109375000001e-11,-1.7020203731938177e-06,3.5784398703122235,0,0.0,14908,3.14758978167158e-11,5.823437500000003e-11,1.1821394254792149e-06,2.49544349249998e-07,6.187184335382292e-07,4.144373218649964e-06,1,1,nan,0.5692029762275521,13,12/11/10/7/6/3/1/2/4/5/8/9/10,12,3615.8,1.0,,,1.5554978221359146e-09,,,,,,,,,,,,,,1,20464,9,578843785.3356262,139662528.34750798,4.144589047502767,1,-487100900.755152,-405144655.285848,-486753104.60621,-280795.642959,-171212941.10446,-565129.99559,-454197694.727282,-882676.685008,5822,79090.176256,-188805.515426,1100925.582283,672483.135076,-366100061.202778,-287106666.181406,-2.325,2.3276,-0.902,0.9024,0.0089,0.3389,11.6239,1.2651,0.0308,0.1994,0.7106,0.2882,311,2833,11538,,,
360,3.0553998e-05,2287.22,6.145904459109765e-08,1.2012182617187505e-16,4.878173828125002e-18,72,12,12,11,12/11/7/6/3/1/2/4/5/8/9/10,0,41,1,0.142334/0.349121/0.367676/0.478271/0.346436/0.350098/0.41626/0.370117/0.280518/0.582031/0.539795/0.655518/0/0/0/0/0/0/0/0/0/0/0/0/0/0/0/0/0/0/0/0/0/0/0/0/0/0/0/0/0/0/0/0/0/0/0/0/0/0/0/0/0/0/0/0/0/0/0/0/0/0/0/0/0/0/0/0/0/0/0/0,382.04/247.444/249.664/249.546/246.001/246.783/307.857/249.542/246.661/4117.94/4148.49/4476.11/0/0/0/0/0/0/0/0/0/0/0/0/0/0/0/0/0/0/0/0/0/0/0/0/0/0/0/0/0/0/0/0/0/0/0/0/0/0/0/0/0/0/0/0/0/0/0/0/0/0/0/0/0/0/0/0/0/0/0/0,,,6373,1.4885100443702364e-11,2.489453125000001e-11,-1.6997159265452651e-06,3.615311016689065,0,0.0,14740,3.1124878682682076e-11,5.757812500000002e-11,1.1769914758635162e-06,2.4960534159364983e-07,6.187184335382292e-07,4.1433411329202e-06,1,1,nan,0.5692094459980206,13,12/11/10/7/6/3/1/2/4/5/8/9/10,12,3615.9,1.0,,,1.5277629240545197e-09,,,,,,,,,,,,,,1,19976,6,578850364.6870785,139798868.05450583,4.140594074491304,1,-478777239.26964,-407575132.529254,-487456664.49117,-273779.299751,-161849338.209373,-562875.917756,-454130856.406509,-837335.651681,5886,86610.429888,-185522.721306,1684793.00479,757908.568873,-367639876.511196,-280546121.670012,-2.4132,2.4165,-0.847,0.8476,0.0088,0.3217,11.4283,1.2387,0.031,0.2105,0.6811,0.2838,304,2631,11188,,,
380,3.0553998e-05,2430.27,6.145904459109765e-08,1.2023315429687504e-16,4.7668457031250025e-18,72,12,12,11,12/11/7/6/3/1/2/4/5/8/9/10,0,40,1,0.140625/0.345947/0.365723/0.476563/0.344238/0.345947/0.38623/0.367432/0.2771/0.547119/0.532471/0.637451/0/0/0/0/0/0/0/0/0/0/0/0/0/0/0/0/0/0/0/0/0/0/0/0/0/0/0/0/0/0/0/0/0/0/0/0/0/0/0/0/0/0/0/0/0/0/0/0/0/0/0/0/0/0/0/0/0/0/0/0,382.04/248.103/249.664/249.546/246.001/246.783/307.857/249.542/246.661/4117.94/4152.15/4476.11/0/0/0/0/0/0/0/0/0/0/0/0/0/0/0/0/0/0/0/0/0/0/0/0/0/0/0/0/0/0/0/0/0/0/0/0/0/0/0/0/0/0/0/0/0/0/0/0/0/0/0/0/0/0/0/0/0/0/0/0,,,6325,1.4759940991352684e-11,2.4707031250000008e-11,-1.7050958576305837e-06,3.5292321193239675,0,0.0,14696,3.107257083778638e-11,5.7406250000000025e-11,1.1794830094215562e-06,2.4960534159364983e-07,6.18718433538229e-07,4.143341132920199e-06,1,1,nan,0.5544922972886517,13,12/11/10/7/6/3/1/2/4/5/8/9/10,12,3616.6,1.0,,,1.5046265823013404e-09,,,,,,,,,,,,,,1,19516,10,563883945.9857243,139896282.89673662,4.030728581987779,2,-475364274.403169,-400528909.904195,-488020643.570016,-269736.927022,-151390906.688171,-559675.969274,-454574709.314418,-797239.149307,5904,55756.292363,-179941.080133,1680637.37315,747123.65378,-382605406.218039,-274921101.851056,-2.4364,2.4394,-0.7808,0.7815,0.0086,0.3104,11.5036,1.1787,0.0312,0.2112,0.6595,0.2752,322,2449,10874,,,
400,3.0553998e-05,2594.92,6.145904459109765e-08,1.2034033203125006e-16,4.659667968750002e-18,72,12,12,11,12/11/7/6/3/1/2/4/5/8/9/10,0,42,1,0.140869/0.342529/0.362549/0.473145/0.341064/0.343262/0.355957/0.365967/0.276611/0.517822/0.526611/0.613281/0/0/0/0/0/0/0/0/0/0/0/0/0/0/0/0/0/0/0/0/0/0/0/0/0/0/0/0/0/0/0/0/0/0/0/0/0/0/0/0/0/0/0/0/0/0/0/0/0/0/0/0/0/0/0/0/0/0/0/0,383.482/248.101/249.664/249.546/246.651/246.783/307.072/249.542/246.661/4117.16/4152.15/4474.67/0/0/0/0/0/0/0/0/0/0/0/0/0/0/0/0/0/0/0/0/0/0/0/0/0/0/0/0/0/0/0/0/0/0/0/0/0/0/0/0/0/0/0/0/0/0/0/0/0/0/0/0/0/0/0/0/0/0/0/0,1-2:0.371481/1-3:0.377575/2-4:1.69145/3-6:1.618/4-5:1.97506/5-8:1.21441/5-12:0.1967/6-7:1.44699/8-9:1.49384/8-11:0.0182825/8-12:0.281297/9-10:1.0952/9-11:0.13394/9-12:0.0138265/10-11:0.585783/11-12:2.16789,1-2:-28.483/1-3:-33.918/2-4:-24.554/3-6:-37.854/4-5:-20.554/5-8:-16.621/5-12:-16.473/6-7:-41.812/8-9:-12.613/8-11:-12.458/8-12:-14.628/9-10:-8.6562/9-11:-10.273/9-12:-11.146/10-11:-10.989/11-12:-53.654,6295,1.468171671721842e-11,2.458984375000001e-11,-1.7070986454714217e-06,3.4971875138705606,0,0.0,14668,3.107692899843017e-11,5.7296875000000023e-11,1.1808435837195238e-06,2.4960534159364983e-07,5.745242597140701e-07,4.143341132920199e-06,1,1,nan,0.5486028928906512,13,12/11/10/7/6/3/1/2/4/5/8/9/10,12,3616.1,1.0,,,1.483887307165892e-09,1,12,1,1,1,1/0/0,1.0,12,4691,5851,6983,12,13,1,19076,11,557894790.4867411,139987990.20236784,3.985304665637699,2,-469447734.770623,-404123833.659342,-488701879.184289,-273378.197976,-141611225.321794,-559609.714489,-453031993.040861,-780630.246386,5878,35398.279474,-173195.202501,1678543.318604,741853.502218,-377962194.329361,-280902255.704009,-2.2805,2.2837,-0.738,0.7388,0.0085,0.3203,12.5181,1.1668,0.0312,0.1815,0.6293,0.2696,336,2309,10581,4480.8,618.7,351.9
420,4.0738664e-05,2767.03,5.7700773049183284e-08,1.1857250976562505e-16,6.427490234375003e-18,72,14,14,13,13/12/11/7/6/3/1/2/4/5/8/9/10/14,0,62,2,0.140625/0.339111/0.357666/0.471436/0.28833/0.342041/0.328125/0.360107/0.274414/0.386475/0.521484/1.23779/0.694824/0.685059/0/0/0/0/0/0/0/0/0/0/0/0/0/0/0/0/0/0/0/0/0/0/0/0/0/0/0/0/0/0/0/0/0/0/0/0/0/0/0/0/0/0/0/0/0/0/0/0/0/0/0/0/0/0/0/0/0/0,383.482/249.536/251.1/249.546/246.001/246.783/305.631/249.542/246.661/4113.62/4152.15/4990.46/4722.76/4200.12/0/0/0/0/0/0/0/0/0/0/0/0/0/0/0/0/0/0/0/0/0/0/0/0/0/0/0/0/0/0/0/0/0/0/0/0/0/0/0/0/0/0/0/0/0/0/0/0/0/0/0/0/0/0/0/0/0/0,,,7725,1.8026223863798918e-11,3.017578125000001e-11,-1.770338983912987e-06,2.485342098805515,0,0.0,19698,4.157703632503423e-11,7.694531250000003e-11,1.4182775954506054e-06,2.78365257007841e-07,5.966213466261497e-07,4.1147260309782624e-06,1,1,nan,0.5079718055250204,22,13/12/11/10/14/12/7/6/3/12/1/2/4/5/13/5/13/8/9/10/14/12,21,3776.5,1.0,,,1.9897862915267982e-09,,,,,,,,,,,,,,1,23190,18,550222053.6673236,155787382.82035512,3.5318781515304574,2,-467725303.130393,-402652963.562001,-480093920.502195,-368972.302147,-165746946.191741,-582532.199373,-451496807.444687,-17713304.641094,7583,14626.237086,-195654.976892,7179224.338695,33783977.657984,-286926633.753478,-223527926.272485,-2.3305,2.335,-0.8335,0.8375,0.0081,0.3509,7.2694,1.0847,0.0239,0.3198,0.7693,0.3363,444,3771,14577,,,
440,4.0738664e-05,2938.86,5.7700773049183284e-08,1.1873291015625005e-16,6.267089843750003e-18,72,14,14,13,13/12/11/7/6/3/1/2/4/5/8/9/10/14,0,61,2,0.140137/0.336182/0.355957/0.469727/0.286865/0.339111/0.300293/0.356201/0.272949/0.375488/0.518555/1.22144/0.654297/0.639893/0/0/0/0/0/0/0/0/0/0/0/0/0/0/0/0/0/0/0/0/0/0/0/0/0/0/0/0/0/0/0/0/0/0/0/0/0/0/0/0/0/0/0/0/0/0/0/0/0/0/0/0/0/0/0/0/0/0,383.482/249.536/252.545/249.546/246.001/246.783/305.631/249.544/246.661/4113.62/4152.15/4990.46/4722.76/4200.12/0/0/0/0/0/0/0/0/0/0/0/0/0/0/0/0/0/0/0/0/0/0/0/0/0/0/0/0/0/0/0/0/0/0/0/0/0/0/0/0/0/0/0/0/0/0/0/0/0/0/0/0/0/0/0/0/0/0,,,7634,1.781092171059604e-11,2.982031250000001e-11,-1.7630342134026348e-06,2.6022184269711506,0,0.0,19520,4.1295774205171584e-11,7.625000000000003e-11,1.4079857331181263e-06,2.7908802613651797e-07,5.966213466261497e-07,4.1147260309782624e-06,1,1,nan,0.5055653897282085,20,13/12/11/10/14/12/7/6/3/12/1/2/4/5/13/8/9/10/14/12,19,3779.2,1.0,,,1.9524534978024976e-09,,,,,,,,,,,,,,1,22539,20,547615485.689932,150838598.03063732,3.630473186834473,2,-469680406.330223,-396357678.740935,-483711908.906929,-309301.639383,-138563174.153422,-580221.439228,-449880933.796612,-1557583.125302,7418,90307.149906,-177524.629637,15869247.737629,46823351.26738,-286588268.570584,-208620771.366182,-2.1769,2.1864,-0.776,0.7818,0.0078,0.331,7.4251,1.0268,0.0237,0.2931,0.7583,0.3281,447,3686,14147,,,
460,4.0738664e-05,3110.65,5.7700773049183284e-08,1.1887182617187505e-16,6.128173828125003e-18,72,14,14,13,13/12/11/7/6/3/1/2/4/5/8/9/10/14,0,59,2,0.139893/0.331787/0.354492/0.468506/0.284424/0.335205/0.270752/0.354004/0.272705/0.370605/0.515869/1.21484/0.618896/0.596191/0/0/0/0/0/0/0/0/0/0/0/0/0/0/0/0/0/0/0/0/0/0/0/0/0/0/0/0/0/0/0/0/0/0/0/0/0/0/0/0/0/0/0/0/0/0/0/0/0/0/0/0/0/0/0/0/0/0,383.482/249.526/257.536/249.546/246.001/246.783/304.187/249.544/246.661/4113.62/4152.15/4990.46/4722.76/4199.46/0/0/0/0/0/0/0/0/0/0/0/0/0/0/0/0/0/0/0/0/0/0/0/0/0/0/0/0/0/0/0/0/0/0/0/0/0/0/0/0/0/0/0/0/0/0/0/0/0/0/0/0/0/0/0/0/0/0,,,7575,1.7673344458274997e-11,2.958984375000001e-11,-1.7664501343430444e-06,2.5475636919245965,0,0.0,19434,4.1213077912816435e-11,7.591406250000003e-11,1.4095373252860521e-06,2.8086189555778547e-07,5.30330085889911e-07,4.1147260309782624e-06,1,1,nan,0.5033574743834794,19,13/12/11/10/14/12/7/6/3/12/1/2/4/5/8/9/10/14/12,18,3781.7,1.0,,,1.9210158288018424e-09,,,,,,,,,,,,,,1,21963,24,545223928.3198436,146696076.84905505,3.7166905893527016,2,-474769067.831031,-389315969.883161,-485850460.092729,-303603.293823,-104138608.114469,-576850.342097,-448404424.244191,-1877116.0001,7542,91541.94018,-132087.709306,4446937.859585,46436326.88082,-355608553.812714,-195282075.390204,-2.0385,2.0431,-0.6782,0.6859,0.0076,0.3317,7.6679,0.9337,0.0237,0.265,0.7307,0.3195,449,3416,13725,,,
480,4.0738664e-05,3266.72,5.7700773049183284e-08,1.1899755859375006e-16,6.002441406250003e-18,72,14,14,13,13/12/11/7/6/3/1/2/4/5/8/9/10/14,0,57,2,0.139648/0.330078/0.353516/0.466064/0.282227/0.333252/0.244385/0.352783/0.271973/0.368896/0.515137/1.20508/0.584229/0.555176/0/0/0/0/0/0/0/0/0/0/0/0/0/0/0/0/0/0/0/0/0/0/0/0/0/0/0/0/0/0/0/0/0/0/0/0/0/0/0/0/0/0/0/0/0/0/0/0/0/0/0/0/0/0/0/0/0/0,383.482/248.877/257.536/249.546/246.001/246.783/304.187/249.544/246.661/4113.62/4152.15/4990.46/4722.76/4199.46/0/0/0/0/0/0/0/0/0/0/0/0/0/0/0/0/0/0/0/0/0/0/0/0/0/0/0/0/0/0/0/0/0/0/0/0/0/0/0/0/0/0/0/0/0/0/0/0/0/0/0/0/0/0/0/0/0/0,,,7533,1.7567786183598707e-11,2.9425781250000014e-11,-1.768799390016777e-06,2.5099756011448755,0,0.0,19406,4.125699981337135e-11,7.580468750000003e-11,1.4114267933698303e-06,2.8086189555778547e-07,5.30330085889911e-07,4.1147260309782624e-06,1,1,nan,0.5014931322214419,19,13/12/11/10/14/12/7/6/3/12/1/2/4/5/8/9/10/14/12,18,3783.3,1.0,,,1.8941908392833883e-09,,,,,,,,,,,,,,1,21436,21,543204520.6244211,145530962.74730402,3.7325701030895164,2,-468269136.731164,-383155063.299037,-486910129.09785,-323060.613667,-79138480.033702,-575614.450134,-446122421.746207,-1378666.886405,7471,106798.765747,-111337.355425,21206765.291077,48177368.956445,-372070265.848519,-186406640.48278,-2.0745,2.0824,-0.6103,0.6194,0.0075,0.3358,8.3389,0.8569,0.0239,0.2483,0.7183,0.3142,451,3273,13412,,,
500,4.0738664e-05,3459.42,5.7700773049183284e-08,1.1911474609375006e-16,5.885253906250003e-18,72,14,14,13,13/12/11/7/6/3/1/2/4/5/8/9/10/14,0,58,2,0.139404/0.329346/0.352051/0.464111/0.279785/0.331787/0.215088/0.35083/0.270752/0.366699/0.513428/1.20386/0.548828/0.519287/0/0/0/0/0/0/0/0/0/0/0/0/0/0/0/0/0/0/0/0/0/0/0/0/0/0/0/0/0/0/0/0/0/0/0/0/0/0/0/0/0/0/0/0/0/0/0/0/0/0/0/0/0/0/0/0/0/0,383.482/248.877/257.536/249.544/246.001/246.779/304.187/249.544/246.661/4113.62/4152.15/4990.46/4722.76/4198.68/0/0/0/0/0/0/0/0/0/0/0/0/0/0/0/0/0/0/0/0/0/0/0/0/0/0/0/0/0/0/0/0/0/0/0/0/0/0/0/0/0/0/0/0/0/0/0/0/0/0/0/0/0/0/0/0/0/0,1-2:0.374528/1-3:0.369752/2-4:1.64979/3-6:1.56842/4-5:1.69027/4-13:0.274925/5-8:1.07865/5-13:0.212394/6-7:1.36868/8-9:1.4721/8-11:0.0182825/8-12:0.176828/8-13:0.00691323/9-10:1.04085/9-11:0.129165/9-12:0.0120982/10-11:0.572276/10-14:1.59553/11-12:2.11923/12-13:1.68881,1-2:-28.492/1-3:-33.914/2-4:-24.557/3-6:-37.865/4-5:-20.569/4-13:-20.447/5-8:-16.621/5-13:-19.262/6-7:-41.814/8-9:-12.615/8-11:-12.458/8-12:-14.007/8-13:-15.472/9-10:-8.6537/9-11:-10.26/9-12:-11.214/10-11:-11.065/10-14:-5.4227/11-12:-53.676/12-13:-57.219,7480,1.741947884600301e-11,2.921875000000001e-11,-1.7712187089111194e-06,2.4712664988353965,0,0.0,19340,4.1193044963764257e-11,7.554687500000003e-11,1.412520110814032e-06,2.8086189555778547e-07,5.30330085889911e-07,4.1147260309782624e-06,1,1,nan,0.4998650121029118,19,13/12/11/10/14/12/7/6/3/12/1/2/4/5/8/9/10/14/12,18,3786.4,1.0,,,1.869792765018413e-09,2,14/1,1/1,1,1,1/0/0,1.0,14/1,5186/4210,6352/5370,6983/4198,14/1,16/3,1,20949,19,541440982.5983119,145149566.96574515,3.73022802559301,2,-477645987.472448,-375791789.917365,-487303314.823918,-333618.567428,-56273225.559118,-575035.207219,-445549909.454999,-1224461.278421,7502,97099.499635,-43994.649799,22788983.207779,44557625.784674,-364808112.409692,-179352704.584452,-1.8474,1.8574,-0.5585,0.5696,0.0075,0.3128,7.9382,0.8061,0.024,0.2325,0.7014,0.3096,400,3094,13141,3629.1,618.7,352.6
520,5.092333e-05,3675.75,5.437565655933996e-08,1.1726757812500005e-16,7.732421875000004e-18,72,16,16,15,16/13/12/11/7/6/3/1/2/4/5/8/9/10/14/15,0,56,3,0.138916/0.327637/0.349365/0.394775/0.273193/0.330322/0.190674/0.350098/0.269775/0.363037/0.51123/1.20239/1.17065/0.461914/0.697021/0.701416/0/0/0/0/0/0/0/0/0/0/0/0/0/0/0/0/0/0/0/0/0/0/0/0/0/0/0/0/0/0/0/0/0/0/0/0/0/0/0/0/0/0/0/0/0/0/0/0/0/0/0/0/0/0/0/0,383.482/248.877/257.536/249.536/246.001/246.779/301.302/249.544/246.661/4113.61/4152.15/4990.46/5242.88/4190.68/4210.34/4729.32/0/0/0/0/0/0/0/0/0/0/0/0/0/0/0/0/0/0/0/0/0/0/0/0/0/0/0/0/0/0/0/0/0/0/0/0/0/0/0/0/0/0/0/0/0/0/0/0/0/0/0/0/0/0/0/0,,,8090,1.880475675487841e-11,3.160156250000001e-11,-1.9285784484070004e-06,-0.046489333098698446,0,0.0,26142,5.59188752335136e-11,1.0211718750000004e-10,1.542180908139882e-06,3.4239205577719664e-07,5.30330085889911e-07,3.993041023102164e-06,1,1,nan,0.46484431685513905,23,16/13/12/11/10/14/13/15/16/7/6/3/12/1/2/4/5/8/9/10/14/13/15,22,3955.9,1.0,,,2.3986733863032272e-09,,,,,,,,,,,,,,1,22548,25,534297361.0211218,161615661.99068412,3.3059751415176573,2,-480897658.052966,-394635290.54716,-482075747.339312,-416899.27708,-96194879.456111,-988194.245338,-453542932.266095,-43696802.367705,9171,34495.545071,-126297.227184,17145810.403923,56302361.247946,-207745580.369015,-188612605.794517,-1.9537,1.9665,-0.6713,0.6814,0.0093,0.3267,5.8565,0.8597,0.0218,0.334,0.7891,0.4266,497,4926,17131,,,
540,5.092333e-05,3817.07,5.437565655933996e-08,1.1745654296875005e-16,7.543457031250003e-18,72,16,16,15,16/13/12/11/7/6/3/1/2/4/5/8/9/10/14/15,0,64,3,0.138428/0.324463/0.3479/0.393311/0.27002/0.329102/0.168945/0.349121/0.269287/0.361084/0.509521/1.2041/1.14795/0.414551/0.654541/0.661133/0/0/0/0/0/0/0/0/0/0/0/0/0/0/0/0/0/0/0/0/0/0/0/0/0/0/0/0/0/0/0/0/0/0/0/0/0/0/0/0/0/0/0/0/0/0/0/0/0/0/0/0/0/0/0/0,383.482/248.877/257.536/249.536/246.001/246.779/296.193/249.544/246.661/4092.51/4152.15/4990.46/5242.88/4219.78/4208.12/4727.87/0/0/0/0/0/0/0/0/0/0/0/0/0/0/0/0/0/0/0/0/0/0/0/0/0/0/0/0/0/0/0/0/0/0/0/0/0/0/0/0/0/0/0/0/0/0/0/0/0/0/0/0/0/0/0/0,,,8044,1.8697560581696724e-11,3.142187500000001e-11,-1.9228678806988058e-06,0.044879750232415465,0,0.0,25860,5.539457010643902e-11,1.0101562500000004e-10,1.5416503997972864e-06,3.3983749355792e-07,5.30330085889911e-07,3.993041023102164e-06,1,1,nan,0.482906627710458,23,16/13/12/11/10/14/13/15/16/7/6/3/12/1/2/4/5/8/9/10/14/13/15,22,3965.4,1.0,,,2.3573728730566928e-09,,,,,,,,,,,,,,1,24639,21,555058387.1840974,159354236.43130395,3.483173084158184,1,-483435365.98922,-377837450.610895,-482629402.962861,-353593.766193,-75901010.303895,-891282.404806,-453726682.155677,-36526949.660416,9000,187300.019562,-77387.300872,10826755.57277,60392100.659825,-211474633.926048,-182448341.004386,-1.7403,1.7527,-0.6011,0.6129,0.0089,0.3106,5.543,0.7832,0.0212,0.3143,0.7784,0.4157,509,4805,16623,,,
560,5.092333e-05,3997.0,5.437565655933996e-08,1.1761865234375005e-16,7.381347656250003e-18,72,16,16,15,16/13/12/11/7/6/3/1/2/4/5/8/9/10/14/15,0,79,3,0.138428/0.323242/0.347656/0.391846/0.268311/0.32666/0.147949/0.348145/0.268066/0.359375/0.508545/1.20142/1.14087/0.365723/0.620605/0.624512/0/0/0/0/0/0/0/0/0/0/0/0/0/0/0/0/0/0/0/0/0/0/0/0/0/0/0/0/0/0/0/0/0/0/0/0/0/0/0/0/0/0/0/0/0/0/0/0/0/0/0/0/0/0/0/0,383.482/248.877/257.536/249.536/246.653/246.779/296.191/249.544/246.661/4092.51/4152.15/4990.46/5237.77/4219.78/4207.45/4727.87/0/0/0/0/0/0/0/0/0/0/0/0/0/0/0/0/0/0/0/0/0/0/0/0/0/0/0/0/0/0/0/0/0/0/0/0/0/0/0/0/0/0/0/0/0/0/0/0/0/0/0/0/0/0/0/0,,,7976,1.853519780134713e-11,3.115625000000001e-11,-1.918236770275195e-06,0.11897751701018863,0,0.0,25572,5.4851975603263234e-11,9.989062500000003e-11,1.5411285348400588e-06,3.398364706664802e-07,5.30330085889911e-07,3.977701386401431e-06,1,1,nan,0.4934394552946078,23,16/13/12/11/10/14/13/15/16/7/6/3/12/1/2/4/5/8/9/10/14/13/15,22,3974.4,1.0,,,2.321772745184393e-09,,,,,,,,,,,,,,1,23943,34,567164939.3742481,157623962.22600058,3.5982152165484167,1,-484265548.791329,-357859913.924159,-483259965.445783,-345828.298476,-57804661.177233,-814837.544838,-452863877.425353,-28700147.86858,8952,358975.430113,179470.477579,50701895.532497,64233686.336373,-191694076.532572,-176724672.906575,-1.7785,1.8002,-0.5447,0.5585,0.0086,0.2947,5.7622,0.7202,0.0211,0.3105,0.7706,0.4055,496,4651,16160,,,
580,5.092333e-05,4186.85,5.437565655933996e-08,1.1776318359375006e-16,7.236816406250003e-18,72,16,16,15,16/13/12/11/7/6/3/1/2/4/5/8/9/10/14/15,0,90,3,0.137939/0.321777/0.346924/0.391602/0.266357/0.325439/0.128906/0.346191/0.266846/0.358398/0.50708/1.20288/1.14063/0.31958/0.58252/0.59375/0/0/0/0/0/0/0/0/0/0/0/0/0/0/0/0/0/0/0/0/0/0/0/0/0/0/0/0/0/0/0/0/0/0/0/0/0/0/0/0/0/0/0/0/0/0/0/0/0/0/0/0/0/0/0/0,383.482/248.877/257.536/249.536/246.653/246.779/286.754/249.544/246.661/4092.51/4152.15/4990.46/5237.77/4219.78/4207.45/4726.43/0/0/0/0/0/0/0/0/0/0/0/0/0/0/0/0/0/0/0/0/0/0/0/0/0/0/0/0/0/0/0/0/0/0/0/0/0/0/0/0/0/0/0/0/0/0/0/0/0/0/0/0/0/0/0/0,,,7917,1.8401577690185775e-11,3.092578125000001e-11,-1.9233988969783822e-06,0.036383489759192145,0,0.0,25228,5.41176469355435e-11,9.854687500000004e-11,1.5422197872595253e-06,3.351176926269311e-07,5.30330085889911e-07,3.939868337514481e-06,1,1,nan,0.5005267541882034,23,16/13/12/11/10/14/13/15/16/7/6/3/12/1/2/4/5/8/9/10/14/13/15,22,3982.8,1.0,,,2.2899233592801175e-09,,,,,,,,,,,,,,1,23313,41,575311161.5787807,155262632.2852885,3.7054064658756447,1,-490250107.061547,-340583199.064997,-483875249.367988,-343534.845351,-43987269.104386,-760325.27719,-451505682.802536,-27380512.931724,9033,452394.684484,435769.011294,35159357.431959,64331197.086682,-193271503.624076,-172483418.085548,-1.5357,1.5573,-0.4739,0.4909,0.0082,0.2895,5.108,0.6382,0.0207,0.3026,0.7637,0.3946,499,4477,15676,,,
600,5.092333e-05,4431.36,5.437565655933996e-08,1.1790039062500006e-16,7.099609375000003e-18,72,16,16,15,16/13/12/11/7/6/3/1/2/4/5/8/9/10/14/15,0,109,3,0.137451/0.320068/0.345459/0.391357/0.264648/0.324463/0.112793/0.344971/0.266357/0.354492/0.50415/1.20728/1.14136/0.278809/0.543213/0.562744/0/0/0/0/0/0/0/0/0/0/0/0/0/0/0/0/0/0/0/0/0/0/0/0/0/0/0/0/0/0/0/0/0/0/0/0/0/0/0/0/0/0/0/0/0/0/0/0/0/0/0/0/0/0/0/0,383.482/248.888/257.536/249.536/246.653/246.779/275.092/249.544/246.661/4092.51/4152.15/4990.46/5237.77/4219.78/4202.34/4726.43/0/0/0/0/0/0/0/0/0/0/0/0/0/0/0/0/0/0/0/0/0/0/0/0/0/0/0/0/0/0/0/0/0/0/0/0/0/0/0/0/0/0/0/0/0/0/0/0/0/0/0/0/0/0/0/0,1-2:0.377575/1-3:0.368024/2-4:1.45868/2-16:0.14549/3-6:1.542/4-5:1.52331/4-13:0.0308803/4-16:0.248779/5-8:1.04349/5-13:0.0966463/5-16:0.00518499/6-7:1.29827/8-9:1.4534/8-11:0.0182825/8-12:0.180285/8-13:0.00691323/9-10:1.02043/9-11:0.119204/9-12:0.0120982/10-11:0.572686/10-14:1.47737/11-12:2.0979/12-13:1.60276/13-16:1.57511/14-15:0.00609416,1-2:-28.501/1-3:-33.91/2-4:-24.561/2-16:-24.429/3-6:-37.863/4-5:-20.558/4-13:-20.344/4-16:-22.552/5-8:-16.62/5-13:-18.346/5-16:-19.949/6-7:-41.81/8-9:-12.616/8-11:-12.458/8-12:-13.977/8-13:-15.472/9-10:-8.6475/9-11:-10.276/9-12:-11.214/10-11:-11.038/10-14:-4.8821/11-12:-53.868/12-13:-56.548/13-16:-56.886/14-15:1.0791,7867,1.8280874624386782e-11,3.0730468750000014e-11,-1.9241759043158005e-06,0.02395137236049923,0,0.0,24990,5.363509514591494e-11,9.761718750000004e-11,1.5424676830150592e-06,3.292868219511401e-07,5.30330085889911e-07,3.939868337514481e-06,1,1,nan,0.5048013027235643,23,16/13/12/11/10/14/13/15/16/7/6/3/12/1/2/4/5/8/9/10/14/13/15,22,3992.4,1.0,,,2.2613431418267104e-09,3,16/1/1,1/1/1,1,1,1/0/0,1.0,16/1/1,5797/4210/4210,6898/5370/6835,6983/4198/4154,16/1/1,20/3/4,1,22726,43,580224376.4319843,155196003.9116245,3.7386553893642125,1,-490432649.426629,-321391609.530346,-483853603.370674,-359599.646426,-34261408.965113,-714985.332292,-450938131.219689,-17178876.500765,9099,440960.843923,2287453.436013,22280002.576026,61523567.067367,-192197433.150676,-169416881.29985,-1.6439,1.6635,-0.419,0.4383,0.0079,0.272,5.3845,0.5718,0.0204,0.3066,0.7605,0.3847,486,4305,15213,3311.0,618.7,371.8
620,6.1107996e-05,4740.09,5.141289118816265e-08,1.1592333984375006e-16,9.076660156250004e-18,72,17,17,16,17/16/13/12/11/7/6/3/1/2/4/5/8/9/10/14/15,0,116,3,0.136963/0.282471/0.343018/0.385254/0.263428/0.322754/0.0991211/0.343994/0.264404/0.352051/1.26953/1.21167/1.14063/1.01318/0.513916/0.427246/0.707031/0/0/0/0/0/0/0/0/0/0/0/0/0/0/0/0/0/0/0/0/0/0/0/0/0/0/0/0/0/0/0/0/0/0/0/0/0/0/0/0/0/0/0/0/0/0/0/0/0/0/0/0/0/0/0,383.482/248.886/257.536/249.536/246.653/246.779/272.868/253.2/246.661/4092.51/4746.72/4990.46/5237.77/4307.88/4198.68/4701.65/4727.88/0/0/0/0/0/0/0/0/0/0/0/0/0/0/0/0/0/0/0/0/0/0/0/0/0/0/0/0/0/0/0/0/0/0/0/0/0/0/0/0/0/0/0/0/0/0/0/0/0/0/0/0/0/0/0,,,8444,1.9615715908296823e-11,3.298437500000001e-11,-2.0271930896854128e-06,-1.6243235935532963,0,0.0,32124,6.895317833258251e-11,1.2548437500000004e-10,1.61801241578521e-06,3.834816266766341e-07,5.745242597140701e-07,3.922110406239903e-06,1,1,nan,0.48635283622053865,26,17/16/13/12/11/10/14/13/15/17/16/7/6/3/12/1/17/2/17/4/5/8/9/10/14/15,25,4218.0,1.0,,,2.654920637473497e-09,,,,,,,,,,,,,,1,24526,45,591234057.4766647,179719101.55694574,3.2897674891242787,1,-459753962.686412,-271601108.836091,-464508907.761202,-483733.679375,-40311883.002942,-1402842.965626,-440318666.807777,-24551862.511164,10994,578463.739578,6036728.935663,20669633.517594,69484795.248238,-182168392.525028,-175376078.723808,-1.3128,1.3589,-0.3893,0.4159,0.0068,0.25,3.2711,0.5025,0.0143,0.4125,0.8225,0.4751,594,6162,19452,,,
640,6.1107996e-05,4964.67,5.141289118816265e-08,1.1603125000000006e-16,8.968750000000004e-18,72,17,17,16,17/16/13/12/11/7/6/3/1/2/4/5/8/9/10/14/15,0,118,3,0.135986/0.281738/0.342041/0.384033/0.261963/0.321777/0.088623/0.343506/0.263428/0.350586/1.27734/1.21436/1.14038/1.00415/0.483887/0.407959/0.666992/0/0/0/0/0/0/0/0/0/0/0/0/0/0/0/0/0/0/0/0/0/0/0/0/0/0/0/0/0/0/0/0/0/0/0/0/0/0/0/0/0/0/0/0/0/0/0/0/0/0/0/0/0/0/0,383.482/248.886/257.536/249.536/246.653/246.779/272.868/253.2/246.661/4092.51/4746.72/4990.46/5237.77/4307.88/4198.68/4701.65/4727.88/0/0/0/0/0/0/0/0/0/0/0/0/0/0/0/0/0/0/0/0/0/0/0/0/0/0/0/0/0/0/0/0/0/0/0/0/0/0/0/0/0/0/0/0/0/0/0/0/0/0/0/0/0/0/0,,,8385,1.9480775940293185e-11,3.2753906250000014e-11,-2.0247993458359124e-06,-1.58602369196129,0,0.0,31908,6.858250058064112e-11,1.2464062500000004e-10,1.6173132783382317e-06,3.834816266766341e-07,6.187184335382292e-07,4.0083806598028965e-06,1,1,nan,0.47745527186882525,26,17/16/13/12/11/10/14/13/15/17/16/7/6/3/12/1/17/2/17/4/5/8/9/10/14/15,25,4221.0,1.0,,,2.6260654008326714e-09,,,,,,,,,,,,,,1,23976,43,580417747.4203627,170858113.2786107,3.397074544969962,1,-454117895.189184,-258714332.091314,-466751302.039696,-432309.074944,-32041791.157035,-1328930.979784,-434835363.781074,-20636083.730271,11037,2255726.159981,10998347.564264,51054459.556675,77621461.09053,-177138431.507833,-170618093.397963,-1.4254,1.4971,-0.3434,0.3768,0.0066,0.2352,3.4655,0.4549,0.014,0.4293,0.8227,0.4672,566,6147,19000,,,
660,6.1107996e-05,5159.34,5.141289118816265e-08,1.1613037109375006e-16,8.869628906250003e-18,72,17,17,16,17/16/13/12/11/7/6/3/1/2/4/5/8/9/10/14/15,0,120,3,0.135498/0.281982/0.340332/0.383301/0.260742/0.320801/0.0788574/0.341553/0.262207/0.349121/1.2832/1.2168/1.14087/0.994629/0.451416/0.398682/0.629639/0/0/0/0/0/0/0/0/0/0/0/0/0/0/0/0/0/0/0/0/0/0/0/0/0/0/0/0/0/0/0/0/0/0/0/0/0/0/0/0/0/0/0/0/0/0/0/0/0/0/0/0/0/0/0,383.482/248.886/257.536/249.536/246.653/246.779/271.422/253.2/246.661/4092.51/4746.72/4990.46/5237.77/4307.88/4198.68/4701.65/4727.88/0/0/0/0/0/0/0/0/0/0/0/0/0/0/0/0/0/0/0/0/0/0/0/0/0/0/0/0/0/0/0/0/0/0/0/0/0/0/0/0/0/0/0/0/0/0/0/0/0/0/0/0/0/0/0,,,8343,1.9376536499567743e-11,3.2589843750000015e-11,-2.0260449485927513e-06,-1.6059533360707123,0,0.0,31736,6.830896514629847e-11,1.2396875000000005e-10,1.617868437344183e-06,3.834816266766341e-07,6.187184335382292e-07,4.008380659802896e-06,1,1,nan,0.4591933528467295,26,17/16/13/12/11/10/14/13/15/17/16/7/6/3/12/1/17/2/17/4/5/8/9/10/14/15,25,4224.0,1.0,,,2.60082852226613e-09,,,,,,,,,,,,,,1,23489,40,558217674.3938574,168876470.4537321,3.3054792825433603,1,-451609650.323988,-249173517.565455,-468532308.925989,-376889.345778,-25141564.367778,-1178842.046554,-431137847.790868,-16597617.730115,10986,2272652.960336,14576807.577122,52941739.333836,75926594.068031,-176682189.661743,-166974400.07123,-1.2235,1.3017,-0.3068,0.3473,0.0064,0.2244,3.1204,0.4195,0.0138,0.414,0.8217,0.4614,558,6180,18619,,,
680,6.1107996e-05,5359.48,5.141289118816265e-08,1.1621240234375005e-16,8.787597656250004e-18,72,17,17,16,17/16/13/12/11/7/6/3/1/2/4/5/8/9/10/14/15,0,127,3,0.135254/0.281494/0.339844/0.382568/0.258545/0.319336/0.076416/0.3396/0.260498/0.348145/1.28662/1.22046/1.14233/0.993652/0.415771/0.392578/0.594482/0/0/0/0/0/0/0/0/0/0/0/0/0/0/0/0/0/0/0/0/0/0/0/0/0/0/0/0/0/0/0/0/0/0/0/0/0/0/0/0/0/0/0/0/0/0/0/0/0/0/0/0/0/0/0,383.482/248.886/257.536/252.549/246.653/246.779/271.422/253.2/246.661/4092.51/4746.72/4990.46/5237.77/4307.88/4198.68/4701.65/4727.88/0/0/0/0/0/0/0/0/0/0/0/0/0/0/0/0/0/0/0/0/0/0/0/0/0/0/0/0/0/0/0/0/0/0/0/0/0/0/0/0/0/0/0/0/0/0/0/0/0/0/0/0/0/0/0,,,8303,1.9274434969907272e-11,3.243359375000001e-11,-2.0276979524437418e-06,-1.6324013976865603,0,0.0,31624,6.810220650186682e-11,1.2353125000000005e-10,1.619005820549436e-06,3.834816266766341e-07,6.187184335382292e-07,4.008380659802896e-06,1,1,nan,0.4537812978105965,26,17/16/13/12/11/10/14/13/15/17/16/7/6/3/12/1/17/2/17/4/5/8/9/10/14/15,25,4226.6,1.0,,,2.577878111581613e-09,,,,,,,,,,,,,,1,23038,41,551638518.2339681,166578846.9916991,3.311576038591846,1,-455258761.166505,-239711831.383197,-469958915.827941,-330266.399142,-19310379.819916,-1108959.089118,-428938482.891766,-12961391.423262,10997,3283196.614022,18818309.635697,36286014.383226,79526883.866197,-176077032.957526,-162421581.676107,-1.1365,1.2209,-0.2695,0.3179,0.0062,0.214,2.9996,0.3832,0.0135,0.4036,0.823,0.4551,555,6187,18266,,,
700,6.1107996e-05,5600.89,5.141289118816265e-08,1.1628930664062505e-16,8.710693359375004e-18,72,17,17,16,17/16/13/12/11/7/6/3/1/2/4/5/8/9/10/14/15,0,125,3,0.13501/0.28125/0.339111/0.38208/0.257568/0.318359/0.0712891/0.337402/0.26001/0.347412/1.29272/1.22437/1.14209/0.98584/0.38501/0.390625/0.560547/0/0/0/0/0/0/0/0/0/0/0/0/0/0/0/0/0/0/0/0/0/0/0/0/0/0/0/0/0/0/0/0/0/0/0/0/0/0/0/0/0/0/0/0/0/0/0/0/0/0/0/0/0/0/0,383.482/248.886/257.536/252.549/246.653/246.779/262.77/253.2/246.661/4092.51/4746.72/4990.45/5237.77/4307.88/4198.68/4701.65/4727.88/0/0/0/0/0/0/0/0/0/0/0/0/0/0/0/0/0/0/0/0/0/0/0/0/0/0/0/0/0/0/0/0/0/0/0/0/0/0/0/0/0/0/0/0/0/0/0/0/0/0/0/0/0/0/0,1-2:0.374118/1-3:0.364568/2-4:1.3277/2-16:0.0412502/2-17:0.073269/3-6:1.48774/4-5:1.50552/4-13:0.0291521/4-16:0.13344/4-17:0.00477532/5-8:1.00965/5-13:0.0966463/5-16:0.00518499/6-7:1.24952/8-9:1.4343/8-11:0.0182825/8-12:0.180285/8-13:0.00691323/9-10:0.990463/9-11:0.114429/9-12:0.0120982/10-11:0.564863/10-14:1.40138/11-12:2.0853/12-13:1.57238/13-16:1.50084/14-15:0.00304708/16-17:1.60449,1-2:-28.501/1-3:-33.909/2-4:-24.551/2-16:-24.36/2-17:-25.523/3-6:-37.868/4-5:-20.558/4-13:-20.344/4-16:-21.562/4-17:-22.731/5-8:-16.62/5-13:-18.346/5-16:-19.949/6-7:-41.811/8-9:-12.613/8-11:-12.458/8-12:-13.977/8-13:-15.472/9-10:-8.6435/9-11:-10.262/9-12:-11.214/10-11:-10.568/10-14:-4.8931/11-12:-54.018/12-13:-56.489/13-16:-57.465/14-15:1.056/16-17:-51.047,8265,1.919161516978136e-11,3.228515625000001e-11,-2.030477894702817e-06,-1.6768804738317646,0,0.0,31460,6.782667715463449e-11,1.2289062500000005e-10,1.619496685176434e-06,3.834816266766341e-07,6.187184335382292e-07,4.008380659802896e-06,1,1,nan,0.42675142018598416,26,17/16/13/12/11/10/14/13/15/17/16/7/6/3/12/1/17/2/17/4/5/8/9/10/14/15,25,4229.0,1.0,,,2.556780354090004e-09,5,17/1/1/1/1,1/1/1/1/1,1,1,1/0/0,1.0,17/1/1/1/1,6038/4197/4210/2527/4210,7399/3799/5370/3317/6835,6983/4110/4243/4198/4198,17/1/1/1/1,25/3/3/2/4,1,22637,39,518779690.1755447,165246502.39464182,3.139429171920351,2,-457443554.909056,-231267232.770223,-471664940.017836,-305749.185973,-15163603.572234,-1068723.268658,-426492628.24036,-9302137.530068,11053,3332338.36318,21909645.686072,43481794.89094,80220720.917528,-175930882.121645,-159829509.880758,-0.9922,1.0736,-0.2371,0.2926,0.006,0.2064,2.7455,0.351,0.0132,0.3873,0.8265,0.4495,537,6145,17955,3288.5,618.7,403.1
720,7.1292662e-05,5870.47,4.875630719935003e-08,1.1430859375000006e-16,1.0691406250000005e-17,72,18,18,17,17/16/13/12/11/7/6/3/1/2/4/5/8/9/10/14/15/18,0,127,3,0.134521/0.28125/0.338379/0.380371/0.255859/0.317139/0.0671387/0.335693/0.259521/1.06689/1.30151/1.21045/1.14917/0.98291/0.27417/1.11279/0.524658/0.698975/0/0/0/0/0/0/0/0/0/0/0/0/0/0/0/0/0/0/0/0/0/0/0/0/0/0/0/0/0/0/0/0/0/0/0/0/0/0/0/0/0/0/0/0/0/0/0/0/0/0/0/0/0/0,383.482/248.886/257.536/252.549/246.653/246.779/262.77/253.21/246.661/4480.3/4746.72/4991.23/5237.77/4307.88/4169.58/8110.06/4727.88/4211.78/0/0/0/0/0/0/0/0/0/0/0/0/0/0/0/0/0/0/0/0/0/0/0/0/0/0/0/0/0/0/0/0/0/0/0/0/0/0/0/0/0/0/0/0/0/0/0/0/0/0/0/0/0/0,,,9052,2.087225091550021e-11,3.5359375000000015e-11,-1.902933333884917e-06,0.36383249925463507,0,0.0,38234,8.267291888113646e-11,1.4935156250000007e-10,1.6625041720551142e-06,2.2765311621843477e-06,6.187184335382292e-07,3.9652455330214e-06,1,1,nan,0.39814188836604664,29,16/17/16/13/12/11/10/14/10/15/18/17/16/7/6/3/12/1/16/2/4/5/8/9/10/14/15/18/16,28,4475.9,1.0,,,3.0820630614881728e-09,,,,,,,,,,,,,,1,20786,38,510372287.2434779,173761921.0102541,2.937192937763157,2,-457238019.327901,-258154161.46465,-452821174.64071,-337021.33728,-12199032.352481,-1322162.901936,-428395482.93193,-8087505.301448,13028,14884677.208991,33061911.951895,89876410.313311,110057193.816412,-174425115.742204,-158243588.951392,-1.0619,1.3475,-0.2899,0.3682,0.0062,0.2283,2.9612,0.4409,0.0119,0.452,0.8297,0.5209,646,7851,22302,,,
740,7.1292662e-05,6141.31,4.875630719935003e-08,1.1442700195312505e-16,1.0572998046875004e-17,72,18,18,17,17/16/13/12/11/7/6/3/1/2/4/5/8/9/10/14/15/18,0,129,3,0.134277/0.280762/0.338135/0.379639/0.255127/0.315674/0.064209/0.334229/0.258057/1.05225/1.31421/1.21802/1.15405/0.978516/0.252441/1.09326/0.492432/0.657715/0/0/0/0/0/0/0/0/0/0/0/0/0/0/0/0/0/0/0/0/0/0/0/0/0/0/0/0/0/0/0/0/0/0/0/0/0/0/0/0/0/0/0/0/0/0/0/0/0/0/0/0/0/0,383.482/248.886/257.536/252.549/247.436/246.779/262.77/253.21/246.661/4480.3/4751.83/5005.78/5237.77/4312.98/4143.37/8110.06/4727.88/4211.78/0/0/0/0/0/0/0/0/0/0/0/0/0/0/0/0/0/0/0/0/0/0/0/0/0/0/0/0/0/0/0/0/0/0/0/0/0/0/0/0/0/0/0/0/0/0/0/0/0/0/0/0/0/0,,,8983,2.071079704696011e-11,3.5089843750000013e-11,-1.9053948900889013e-06,0.32444759999088724,0,0.0,38010,8.23385303507097e-11,1.4847656250000006e-10,1.6606406724995468e-06,2.2634269512497314e-06,6.187184335382292e-07,3.9652455330214e-06,1,1,nan,0.3987544782649967,29,16/17/16/13/12/11/10/14/10/15/18/17/16/7/6/3/12/1/16/2/4/5/8/9/10/14/15/18/16,28,4481.5,1.0,,,3.0493677122307482e-09,,,,,,,,,,,,,,1,20542,35,511157557.31177557,171956943.34429276,2.972590390190492,1,-466096687.302365,-249097967.270651,-453253125.384426,-273596.99606,-6432086.085256,-1179326.700741,-423283909.476631,-4519712.575665,13057,14371023.767692,35075625.219605,97229078.348552,112620174.001049,-175188855.845773,-156134767.526625,-0.7855,1.0921,-0.2527,0.3375,0.006,0.2115,2.6134,0.4059,0.0116,0.4142,0.8256,0.5164,618,7743,21916,,,
760,7.1292662e-05,6429.42,4.875630719935003e-08,1.1452612304687505e-16,1.0473876953125005e-17,72,18,18,17,17/16/13/12/11/7/6/3/1/2/4/5/8/9/10/14/15/18,0,130,3,0.133545/0.28125/0.337402/0.37915/0.253906/0.314697/0.0627441/0.332275/0.25708/1.04395/1.32373/1.21973/1.1604/0.97876/0.241211/1.07764/0.462402/0.614014/0/0/0/0/0/0/0/0/0/0/0/0/0/0/0/0/0/0/0/0/0/0/0/0/0/0/0/0/0/0/0/0/0/0/0/0/0/0/0/0/0/0/0/0/0/0/0/0/0/0/0/0/0/0,383.482/248.886/257.536/252.549/247.444/246.779/262.77/253.21/246.661/4480.3/4760.49/5005.78/5237.77/4312.98/4143.37/8110.06/4727.88/4211.77/0/0/0/0/0/0/0/0/0/0/0/0/0/0/0/0/0/0/0/0/0/0/0/0/0/0/0/0/0/0/0/0/0/0/0/0/0/0/0/0/0/0/0/0/0/0/0/0/0/0/0/0/0/0,,,8921,2.056803467711533e-11,3.4847656250000017e-11,-1.9067682114264458e-06,0.30247445859017474,0,0.0,37838,8.207291277880649e-11,1.4780468750000007e-10,1.6604121926336344e-06,2.2634269512497314e-06,6.187184335382292e-07,3.9652455330214e-06,1,1,nan,0.39869103618301915,29,16/17/16/13/12/11/10/14/10/15/18/17/16/7/6/3/12/1/16/2/4/5/8/9/10/14/15/18/16,28,4485.7,1.0,,,3.0208572286088383e-09,,,,,,,,,,,,,,1,20309,38,511076231.83100474,171372901.44009992,2.98224647850548,1,-468623594.41264,-240564002.264372,-453450049.279629,-283611.137723,-2001104.344475,-1093853.81007,-419761244.168002,-1750268.041523,13038,13899100.966127,36874344.267674,89517272.083898,110952337.053496,-176094263.572794,-154585101.456394,-0.7542,1.0139,-0.2264,0.3161,0.0059,0.2004,2.451,0.3817,0.0114,0.4096,0.8219,0.5117,603,7709,21572,,,
780,7.1292662e-05,6686.39,4.875630719935003e-08,1.1460766601562504e-16,1.0392333984375004e-17,72,18,18,17,17/16/13/12/11/7/6/3/1/2/4/5/8/9/10/14/15/18,0,128,3,0.133545/0.281494/0.336914/0.378662/0.253662/0.314209/0.0610352/0.330811/0.255859/1.03784/1.3335/1.2251/1.16553/0.979004/0.233643/1.06641/0.434326/0.570801/0/0/0/0/0/0/0/0/0/0/0/0/0/0/0/0/0/0/0/0/0/0/0/0/0/0/0/0/0/0/0/0/0/0/0/0/0/0/0/0/0/0/0/0/0/0/0/0/0/0/0/0/0/0,383.482/248.886/257.536/252.549/247.444/246.779/262.77/253.21/246.661/4480.3/4760.49/5005.78/5237.77/4312.98/4143.37/8110.06/4727.88/4210.34/0/0/0/0/0/0/0/0/0/0/0/0/0/0/0/0/0/0/0/0/0/0/0/0/0/0/0/0/0/0/0/0/0/0/0/0/0/0/0/0/0/0/0/0/0/0/0/0/0/0/0/0/0/0,,,8888,2.0484624774011614e-11,3.471875000000001e-11,-1.9024076544670233e-06,0.3722433699409355,0,0.0,37652,8.17725519231972e-11,1.4707812500000005e-10,1.6605054013229663e-06,2.2634269512497314e-06,6.187184335382292e-07,3.9652455330214e-06,1,1,nan,0.3980156776271935,29,16/17/16/13/12/11/10/14/10/15/18/17/16/7/6/3/12/1/16/2/4/5/8/9/10/14/15/18/16,28,4491.8,1.0,,,2.994383122295965e-09,,,,,,,,,,,,,,1,20115,37,510210499.53576505,171270683.25556862,2.9789715895185247,1,-470188545.503378,-233673522.080983,-453818385.010704,-286836.989253,-688161.072132,-1040376.519217,-414762399.138617,-1381655.418456,13097,10949144.255999,39089358.843376,80309877.359125,110792648.426802,-178391922.193549,-152508734.430654,-0.8716,1.0951,-0.202,0.297,0.0056,0.197,2.72,0.3591,0.0111,0.399,0.8203,0.5067,584,7696,21211,,,
800,7.1292662e-05,6921.12,4.875630719935003e-08,1.1468261718750004e-16,1.0317382812500005e-17,72,18,17,16,17/16/13/12/11/6/3/1/2/4/5/8/9/10/14/15/18,0,132,3,0.133057/0.281982/0.335938/0.37793/0.252441/0.312744/0.0583496/0.329834/0.255371/1.03076/1.34058/1.22778/1.1731/0.978516/0.228271/1.05371/0.406494/0.540527/0/0/0/0/0/0/0/0/0/0/0/0/0/0/0/0/0/0/0/0/0/0/0/0/0/0/0/0/0/0/0/0/0/0/0/0/0/0/0/0/0/0/0/0/0/0/0/0/0/0/0/0/0/0,383.482/248.886/257.526/252.549/247.444/246.779/231.45/253.21/248.884/4480.3/4760.49/5005.78/5237.77/4312.98/4136.82/8110.06/4727.87/4210.34/0/0/0/0/0/0/0/0/0/0/0/0/0/0/0/0/0/0/0/0/0/0/0/0/0/0/0/0/0/0/0/0/0/0/0/0/0/0/0/0/0/0/0/0/0/0/0/0/0/0/0/0/0/0,1-2:0.371071/1-3:0.359383/2-4:1.31683/2-16:0.0364747/2-17:0.0698124/3-6:1.44517/4-5:1.48906/4-13:0.026105/4-16:0.136487/4-17:0.00477532/5-8:0.9936/5-13:0.089733/5-16:0.00172837/6-7:1.19426/8-9:1.40911/8-11:0.0182825/8-12:0.176828/8-13:0.00691323/9-10:0.966995/9-11:0.114429/9-12:0.0120982/10-11:0.728733/10-14:1.26666/11-12:2.06184/12-13:1.53804/12-16:0.278348/13-16:1.44963/15-18:1.31928/16-17:1.53122,1-2:-28.496/1-3:-33.904/2-4:-24.552/2-16:-24.36/2-17:-25.523/3-6:-37.872/4-5:-20.555/4-13:-20.337/4-16:-21.527/4-17:-22.731/5-8:-16.615/5-13:-18.437/5-16:-19.739/6-7:-41.814/8-9:-12.609/8-11:-12.458/8-12:-13.975/8-13:-15.472/9-10:-8.6368/9-11:-10.262/9-12:-11.214/10-11:-7.4955/10-14:-4.8877/11-12:-54.029/12-13:-56.311/12-16:-21.777/13-16:-57.492/15-18:-8.9442/16-17:-50.817,8861,2.041290406776764e-11,3.4613281250000016e-11,-1.9002327988403312e-06,0.4070410599680083,0,0.0,37524,8.161199248554926e-11,1.4657812500000005e-10,1.6618566324633621e-06,2.2601506427932174e-06,6.187184335382292e-07,3.9652455330214e-06,1,1,nan,0.3974226409303369,29,16/17/16/13/12/11/10/14/10/15/18/17/16/7/6/3/12/1/16/2/4/5/8/9/10/14/15/18/16,28,4527.6,1.0,,,2.9703474829352687e-09,6,16/2/2/1/1/2,1/1/1/1/1/1,1,1,1/0/0,1.0,16/2/2/1/1/2,5621/4224/8110/4202/4210/4413,7399/3799/8309/3799/6835/3983,6983/4287/4817/4198/4287/663,16/2/2/1/1/2,21/3/7/3/4/4,1,19899,31,509450294.4324132,171296824.47288916,2.974079035032217,1,-468615239.195389,-227530926.078192,-453856428.334055,-296248.817966,-562865.460892,-989185.212493,-409900194.211197,-1217307.079981,13233,8873927.692634,39962506.626316,101071763.114351,107062185.51381,-179417798.483516,-151543484.518283,-0.8283,1.046,-0.1853,0.2836,0.0054,0.1927,2.6124,0.3415,0.0107,0.3966,0.8235,0.5028,585,7592,20861,3431.7,618.7,418.8
820,8.1477328e-05,7145.51,4.6360773959283e-08,1.1258911132812505e-16,1.2410888671875006e-17,72,18,19,18,17/16/13/12/11/7/6/3/1/2/4/5/8/9/10/14/7/15/18,0,136,3,0.133057/0.281738/0.335205/0.37793/0.250732/0.312012/0.777588/0.328369/0.254395/1.02881/1.30444/1.23242/1.17163/0.95874/0.951904/1.04077/1.16675/0.504395/0/0/0/0/0/0/0/0/0/0/0/0/0/0/0/0/0/0/0/0/0/0/0/0/0/0/0/0/0/0/0/0/0/0/0/0/0/0/0/0/0/0/0/0/0/0/0/0/0/0/0/0/0/0,383.482/248.886/257.526/252.551/247.444/246.779/4737.97/253.21/248.884/4480.3/4760.49/5005.78/5241.44/4318.09/4427.23/8110.06/5794.5/4210.34/0/0/0/0/0/0/0/0/0/0/0/0/0/0/0/0/0/0/0/0/0/0/0/0/0/0/0/0/0/0/0/0/0/0/0/0/0/0/0/0/0/0/0/0/0/0/0/0/0/0/0/0/0/0,,,9513,2.1700653759784695e-11,3.7160156250000015e-11,-1.8115615312521887e-06,1.8257813413782893,0,0.0,44814,9.770610282238758e-11,1.7505468750000008e-10,1.677202167155907e-06,4.264210456772046e-06,1.1048543456039812e-06,4.057283353225797e-06,1,1,nan,0.37597554505021435,30,16/17/16/13/12/11/7/10/14/15/18/17/16/7/6/3/12/17/1/16/2/4/5/8/9/10/14/15/18/16,29,4489.8,1.0,,,3.403349068694056e-09,,,,,,,,,,,,,,1,31816,30,506861071.5230135,188583709.114895,2.6877245860839833,1,-447163258.489061,-233272736.948884,-405477861.140209,-247022.910797,-277037.866536,-608645.445125,-383431512.939762,-765470.386798,15399,44220811.284595,60421492.764158,128780759.083988,181738609.891879,-155368679.20811,-140643745.881565,-0.3505,0.9488,-0.1342,0.2933,0.0053,0.1901,2.0289,0.3615,0.0093,0.4633,0.8045,0.5665,695,9507,25255,,,
840,8.1477328e-05,7271.17,4.6360773959283e-08,1.1264721679687506e-16,1.2352783203125006e-17,72,18,19,18,17/16/13/12/11/7/6/3/1/2/4/5/8/9/10/14/7/15/18,0,138,3,0.132568/0.282227/0.334717/0.376709/0.25/0.310791/0.758301/0.326904/0.253174/1.02856/1.32153/1.23755/1.177/0.968262/0.939697/1.03271/1.1543/0.467773/0/0/0/0/0/0/0/0/0/0/0/0/0/0/0/0/0/0/0/0/0/0/0/0/0/0/0/0/0/0/0/0/0/0/0/0/0/0/0/0/0/0/0/0/0/0/0/0/0/0/0/0/0/0,383.482/248.886/257.526/252.551/247.444/246.779/4743.08/253.21/248.884/4481.74/4760.49/5005.78/5252.32/4321.64/4427.23/8110.06/5806.83/4210.34/0/0/0/0/0/0/0/0/0/0/0/0/0/0/0/0/0/0/0/0/0/0/0/0/0/0/0/0/0/0/0/0/0/0/0/0/0/0/0/0/0/0/0/0/0/0/0/0/0/0/0/0/0/0,,,9487,2.1630660658880054e-11,3.7058593750000016e-11,-1.806973062627153e-06,1.8991968393788585,0,0.0,44680,9.755099864565661e-11,1.7453125000000008e-10,1.676519685978611e-06,4.265987394867634e-06,1.1048543456039812e-06,4.057283353225797e-06,1,1,nan,0.37518715273750636,30,16/17/16/13/12/11/7/10/14/15/18/17/16/7/6/3/12/17/1/16/2/4/5/8/9/10/14/15/18/16,29,4492.5,1.0,,,3.3775220368536706e-09,,,,,,,,,,,,,,1,31439,30,505798222.1498014,186242285.16828707,2.715807646436286,1,-447562535.575033,-228778190.462345,-402109707.898483,-229448.422363,-243963.524431,-587345.695406,-376529308.837208,-690188.238828,15530,40507499.67534,60526938.40637,158574854.898747,184822612.749715,-158664287.479582,-140558255.211821,-0.2357,0.8146,-0.1186,0.2774,0.0051,0.1836,1.7812,0.3407,0.0091,0.4525,0.807,0.5629,705,9411,24950,,,
860,8.1477328e-05,7394.88,4.6360773959283e-08,1.1270629882812505e-16,1.2293701171875005e-17,72,18,19,18,17/16/13/12/11/7/6/3/1/2/4/5/8/9/10/14/7/15/18,0,138,3,0.13208/0.281982/0.333496/0.376221/0.248291/0.310303/0.746094/0.326172/0.253418/1.02661/1.33765/1.24292/1.18457/0.973145/0.924316/1.02173/1.14502/0.429688/0/0/0/0/0/0/0/0/0/0/0/0/0/0/0/0/0/0/0/0/0/0/0/0/0/0/0/0/0/0/0/0/0/0/0/0/0/0/0/0/0/0/0/0/0/0/0/0/0/0/0/0/0/0,383.482/248.886/257.526/252.551/247.444/246.779/4743.08/253.21/248.884/4481.74/4760.49/5005.78/5252.32/4321.64/4427.23/8110.06/5806.83/4208.89/0/0/0/0/0/0/0/0/0/0/0/0/0/0/0/0/0/0/0/0/0/0/0/0/0/0/0/0/0/0/0/0/0/0/0/0/0/0/0/0/0/0/0/0/0/0/0/0/0/0/0/0/0/0,,,9465,2.1568900009819343e-11,3.6972656250000016e-11,-1.8042502880657117e-06,1.942761232361921,0,0.0,44536,9.736014783570324e-11,1.7396875000000006e-10,1.6773963506408015e-06,4.265265648630396e-06,1.1048543456039812e-06,4.057283353225796e-06,1,1,nan,0.3742964706667139,30,16/17/16/13/12/11/7/10/14/15/18/17/16/7/6/3/12/17/1/16/2/4/5/8/9/10/14/15/18/16,29,4496.5,1.0,,,3.3541210027407454e-09,,,,,,,,,,,,,,1,31060,30,504597473.6576942,184065788.42508432,2.74139739913193,1,-445765232.498613,-224837550.029014,-399364763.202747,-225748.295409,-216633.498268,-574405.66755,-363659185.93365,-608197.021546,15721,32096565.164714,60247538.498199,120278307.409518,184742892.519181,-167840694.161763,-140914086.915743,-0.3131,0.8078,-0.1041,0.2639,0.005,0.1774,1.7669,0.3245,0.0089,0.4523,0.8057,0.5594,692,9294,24665,,,
880,8.1477328e-05,7513.05,4.6360773959283e-08,1.1275830078125004e-16,1.2241699218750005e-17,72,18,19,18,17/16/13/12/11/7/6/3/1/2/4/5/8/9/10/14/7/15/18,0,138,4,0.13208/0.28125/0.33252/0.375977/0.247559/0.309814/0.736816/0.324463/0.25293/1.02295/1.35669/1.24561/1.19141/0.978027/0.906494/1.01465/1.1355/0.396973/0/0/0/0/0/0/0/0/0/0/0/0/0/0/0/0/0/0/0/0/0/0/0/0/0/0/0/0/0/0/0/0/0/0/0/0/0/0/0/0/0/0/0/0/0/0/0/0/0/0/0/0/0/0,383.482/248.886/257.526/252.551/247.444/246.779/4743.08/253.21/248.884/4481.74/4760.49/5005.78/5252.32/4321.64/4427.23/8110.06/5806.83/4208.89/0/0/0/0/0/0/0/0/0/0/0/0/0/0/0/0/0/0/0/0/0/0/0/0/0/0/0/0/0/0/0/0/0/0/0/0/0/0/0/0/0/0/0/0/0/0/0/0/0/0/0/0/0/0,,,9458,2.1533064181208722e-11,3.694531250000002e-11,-1.803971403038353e-06,1.9472233927996605,0,0.0,44396,9.713928546666353e-11,1.7342187500000006e-10,1.676384134839132e-06,4.265265648630396e-06,1.1048543456039812e-06,4.041943716525064e-06,1,1,nan,0.37337685559690914,31,16/17/16/13/12/11/7/10/14/15/18/17/16/13/7/6/3/12/17/1/16/2/4/5/8/9/10/14/15/18/16,30,4500.2,1.0,,,3.3328118226305307e-09,,,,,,,,,,,,,,1,30711,32,503357719.9401813,182624251.69925576,2.7562479531420996,1,-453065848.300445,-220542357.674035,-396630400.09573,-241485.479632,-194985.563851,-567799.848076,-351489729.564284,-558650.914205,16008,42161401.507797,59297920.304313,185647981.677885,187184729.12824,-157148508.071955,-141866706.539982,-0.2853,0.9193,-0.0893,0.248,0.0049,0.1702,2.0532,0.3057,0.0087,0.4435,0.8031,0.5573,708,9027,24406,,,
900,8.1477328e-05,7667.09,4.6360773959283e-08,1.1280517578125006e-16,1.2194824218750006e-17,72,18,19,18,17/16/13/12/11/7/6/3/1/2/4/5/8/9/10/14/7/15/18,0,139,4,0.131348/0.281006/0.331787/0.374512/0.246338/0.309082/0.73291/0.32373/0.251709/1.02075/1.37158/1.24854/1.19678/0.986572/0.893311/1.00708/1.1189/0.368896/0/0/0/0/0/0/0/0/0/0/0/0/0/0/0/0/0/0/0/0/0/0/0/0/0/0/0/0/0/0/0/0/0/0/0/0/0/0/0/0/0/0/0/0/0/0/0/0/0/0/0/0/0/0,383.482/248.886/257.526/252.551/247.444/246.779/4743.08/253.21/248.884/4494.06/4760.49/5005.78/5252.32/4321.64/4427.22/8137.71/5806.83/4208.89/0/0/0/0/0/0/0/0/0/0/0/0/0/0/0/0/0/0/0/0/0/0/0/0/0/0/0/0/0/0/0/0/0/0/0/0/0/0/0/0/0/0/0/0/0/0/0/0/0/0/0/0/0/0,1-2:0.365886/1-3:0.357654/2-4:1.29986/2-16:0.0364747/2-17:0.0698124/3-6:1.42302/4-5:1.4665/4-13:0.026105/4-16:0.125208/4-17:0.00477532/5-8:0.947574/5-13:0.0862764/5-16:0.00172837/6-7:1.14642/7-10:0.00345662/7-11:0.186289/7-12:0.223624/7-14:0.268151/7-15:0.309991/8-9:1.39569/8-11:0.0182825/8-12:0.170325/8-13:0.00691323/9-10:0.947484/9-11:0.114429/9-12:0.0120982/10-11:0.801322/10-14:1.18235/11-12:1.83212/11-17:0.20394/12-13:1.52808/12-16:0.251105/13-16:1.41274/13-17:0.261884/14-15:0.227318/15-18:1.2447/16-17:1.50207,1-2:-28.5/1-3:-33.901/2-4:-24.552/2-16:-24.36/2-17:-25.523/3-6:-37.873/4-5:-20.554/4-13:-20.337/4-16:-21.54/4-17:-22.731/5-8:-16.621/5-13:-18.661/5-16:-19.739/6-7:-41.818/7-10:-0.038686/7-11:-72.307/7-12:-72.994/7-14:-2.223/7-15:2.1295/8-9:-12.613/8-11:-12.458/8-12:-13.973/8-13:-15.472/9-10:-8.6383/9-11:-10.262/9-12:-11.214/10-11:-6.4703/10-14:-4.8939/11-12:-51.527/11-17:-14.396/12-13:-56.399/12-16:-20.921/13-16:-57.951/13-17:-18.554/14-15:0.05544/15-18:-8.1429/16-17:-50.906,9435,2.1461662923103594e-11,3.685546875000001e-11,-1.7982414184676762e-06,2.038903145930488,0,0.0,44316,9.705377209273882e-11,1.7310937500000007e-10,1.6775779021263622e-06,4.265265648630396e-06,1.1269514325160605e-06,4.041943716525064e-06,1,1,nan,0.37493492335486817,30,16/17/16/13/12/11/7/10/14/15/18/17/16/7/6/3/12/17/1/16/2/4/5/8/9/10/14/15/18/16,29,4502.6,1.0,,,3.312590818145204e-09,2,18/2,1/1,1,1,1/0/0,1.0,18/2,6284/8138,7354/8309,6983/4861,18/2,27/7,1,43879,31,505458186.05746317,181921902.47664362,2.778435027208213,1,-454126950.755552,-218144557.273721,-394489996.855878,-245271.107169,-179570.482206,-561180.920929,-338282137.828408,-519404.981077,16222,37976017.161019,58354633.498993,183191480.181156,182295683.744623,-161744318.282263,-142601818.721155,-0.3948,0.9556,-0.0795,0.2361,0.0048,0.1694,2.189,0.2914,0.0086,0.4326,0.8012,0.5571,712,8830,24202,3116.9,618.7,427.9
920,9.1661994e-05,7820.03,4.4189615031262974e-08,1.1222167968750004e-16,1.2778320312500006e-17,72,18,19,18,17/16/13/12/11/6/6/3/1/2/4/5/8/9/10/14/6/15/18,0,146,3,0.131104/0.280518/0.331543/0.373291/0.244873/1.04858/0.672852/0.32251/0.251221/0.969727/1.38794/1.25171/1.2041/0.975098/0.88501/1/1.10864/0.3396/0/0/0/0/0/0/0/0/0/0/0/0/0/0/0/0/0/0/0/0/0/0/0/0/0/0/0/0/0/0/0/0/0/0/0/0/0/0/0/0/0/0/0/0/0/0/0/0/0/0/0/0/0/0,383.482/248.886/257.526/252.551/247.444/4227.11/4743.08/253.208/248.884/4494.06/4760.49/5005.78/5252.32/4321.64/4439.55/8137.71/5805.39/4206.67/0/0/0/0/0/0/0/0/0/0/0/0/0/0/0/0/0/0/0/0/0/0/0/0/0/0/0/0/0/0/0/0/0/0/0/0/0/0/0/0/0/0/0/0/0/0/0/0/0/0/0/0/0/0,,,10036,2.2633572661477948e-11,3.920312500000002e-11,-1.7596849136770456e-06,2.655807222580578,0,0.0,45528,9.995029374909613e-11,1.7784375000000006e-10,1.693127359153724e-06,4.274373850654142e-06,1.1269514325160605e-06,4.041943716525064e-06,1,1,nan,0.35266239099716234,31,16/17/16/13/12/11/7/10/14/6/15/18/17/16/7/6/3/12/17/1/16/2/4/5/8/9/10/14/15/18/16,30,4487.6,1.0,,,3.5362348276716554e-09,,,,,,,,,,,,,,1,46285,23,498791388.4682849,189047788.35082063,2.638440749926497,1,-470645962.718555,-221213755.648014,-413180237.505345,-194079.457433,-25708.098624,-461659.228315,-329087809.996209,-380552.388586,16952,49442379.682884,68512631.995012,190951745.174503,211521680.521718,-159304250.682024,-142358258.996004,-0.1558,0.8199,-0.0408,0.2207,0.0048,0.1701,1.9022,0.2848,0.0086,0.4269,0.7652,0.5566,759,9313,25318,,,
940,9.1661994e-05,7927.02,4.4189615031262974e-08,1.1225073242187505e-16,1.2749267578125006e-17,72,18,19,18,17/16/13/12/11/6/6/3/1/2/4/5/8/9/10/14/6/15/18,0,144,3,0.130371/0.280029/0.331299/0.37207/0.243652/1.03857/0.672852/0.321777/0.251221/0.971436/1.40063/1.25537/1.20947/0.986328/0.879883/0.994873/1.09424/0.315186/0/0/0/0/0/0/0/0/0/0/0/0/0/0/0/0/0/0/0/0/0/0/0/0/0/0/0/0/0/0/0/0/0/0/0/0/0/0/0/0/0/0/0/0/0/0/0/0/0/0/0/0/0/0,383.482/248.886/256.091/251.764/247.444/4227.11/4743.08/253.208/248.884/4494.07/4760.49/5005.78/5252.32/4321.64/4439.55/8137.71/5800.28/4206.67/0/0/0/0/0/0/0/0/0/0/0/0/0/0/0/0/0/0/0/0/0/0/0/0/0/0/0/0/0/0/0/0/0/0/0/0/0/0/0/0/0/0/0/0/0/0/0/0/0/0/0/0/0/0,,,10026,2.2597826795424125e-11,3.916406250000001e-11,-1.7553204612667876e-06,2.725638461144706,0,0.0,45504,9.995629159830533e-11,1.7775000000000006e-10,1.691707792597146e-06,4.274373850654142e-06,1.14904851942814e-06,4.041943716525064e-06,1,1,nan,0.35241794547894356,31,16/17/16/13/12/11/7/10/14/6/15/18/17/16/7/6/3/12/17/1/16/2/4/5/8/9/10/14/15/18/16,30,4488.3,1.0,,,3.5180125819336338e-09,,,,,,,,,,,,,,1,46167,25,498445654.6374319,187444762.15036294,2.6591602182918974,1,-466701415.917094,-219384583.528887,-410677139.097547,-206033.599082,13693.726321,-447844.690055,-313620855.968574,-348139.972619,17192,43743097.448742,66868377.744629,187659029.768151,208942900.589152,-164695409.92136,-143868536.205273,-0.2601,0.8884,-0.031,0.208,0.0047,0.1621,1.9989,0.2692,0.0085,0.4407,0.7623,0.5546,767,9079,25189,,,
960,9.1661994e-05,8056.77,4.4189615031262974e-08,1.1228710937500005e-16,1.2712890625000006e-17,72,18,19,18,17/16/13/12/11/6/6/3/1/2/4/5/8/9/10/14/6/15/18,0,144,3,0.130127/0.280762/0.331055/0.371338/0.241699/1.03198/0.672363/0.321533/0.25/0.976563/1.41382/1.25708/1.21484/0.996338/0.867432/0.986084/1.08081/0.289063/0/0/0/0/0/0/0/0/0/0/0/0/0/0/0/0/0/0/0/0/0/0/0/0/0/0/0/0/0/0/0/0/0/0/0/0/0/0/0/0/0/0/0/0/0/0/0/0/0/0/0/0/0/0,383.482/248.886/256.091/251.764/247.444/4227.11/4749.63/253.208/248.884/4494.07/4760.49/5005.78/5252.32/4321.64/4439.55/8137.71/5800.28/4206.67/0/0/0/0/0/0/0/0/0/0/0/0/0/0/0/0/0/0/0/0/0/0/0/0/0/0/0/0/0/0/0/0/0/0/0/0/0/0/0/0/0/0/0/0/0/0/0/0/0/0/0/0/0/0,,,10027,2.2577136141520498e-11,3.916796875000002e-11,-1.7502986891902353e-06,2.805986814369542,0,0.0,45420,9.98638632000118e-11,1.7742187500000007e-10,1.690916587293402e-06,4.274373850654142e-06,1.14904851942814e-06,4.041943716525064e-06,1,1,nan,0.3518561771726075,31,16/17/16/13/12/11/7/10/14/6/15/18/17/16/7/6/3/12/17/1/16/2/4/5/8/9/10/14/15/18/16,30,4488.6,1.0,,,3.501063561315492e-09,,,,,,,,,,,,,,1,46030,22,497651112.319714,187433993.3466396,2.655073945948322,1,-463651263.352909,-218019978.728765,-408641945.627537,-199006.722061,56241.819632,-430377.26534,-303010696.689582,-317714.190392,17417,43689159.819425,66101579.5111,188330334.772222,194332785.094753,-165364940.532479,-144604976.056292,-0.2094,0.8241,-0.02,0.1961,0.0046,0.1568,1.8407,0.2554,0.0083,0.4437,0.7566,0.5515,755,8865,25039,,,
980,0.000112031326,8253.43,4.040512482501092e-08,1.1173388671875006e-16,1.3266113281250006e-17,72,19,19,18,19/17/16/13/12/11/6/6/3/1/2/4/5/8/9/10/6/15/18,0,144,3,0.129639/0.28125/0.294189/0.37085/0.241211/1.0249/0.670898/0.321289/0.248779/0.980225/1.42432/1.26172/1.22852/1.00415/0.861816/0.830811/1.06982/0.271973/0.749756/0/0/0/0/0/0/0/0/0/0/0/0/0/0/0/0/0/0/0/0/0/0/0/0/0/0/0/0/0/0/0/0/0/0/0/0/0/0/0/0/0/0/0/0/0/0/0/0/0/0/0/0/0,383.482/248.886/256.091/251.764/247.444/4227.11/4749.63/253.208/248.884/4494.07/4758.26/5005.78/5252.32/4321.64/4439.55/5501.31/5800.28/4208.11/8220.67/0/0/0/0/0/0/0/0/0/0/0/0/0/0/0/0/0/0/0/0/0/0/0/0/0/0/0/0/0/0/0/0/0/0/0/0/0/0/0/0/0/0/0/0/0/0/0/0/0/0/0/0/0,,,10541,2.3548572138350153e-11,4.117578125000002e-11,-1.755740253537846e-06,2.7189217848077716,0,0.0,47112,1.037165702923448e-10,1.8403125000000007e-10,1.6618783175383728e-06,4.321638989656321e-06,1.193242693252299e-06,4.069739206605827e-06,1,1,nan,0.3044012928987263,33,19/17/16/13/12/11/7/10/14/6/15/18/17/16/13/7/6/3/12/17/19/1/16/2/4/5/8/9/10/14/15/18/19,32,4555.8,1.0,,,3.666716015557171e-09,,,,,,,,,,,,,,1,54289,25,470858112.3945396,203175468.50689888,2.317494901598081,1,-448977383.065466,-224047514.339591,-392513493.427939,-172931.51379,4017184.739462,-286230.094881,-300284058.433092,-181012.492405,18270,71596503.082821,88146767.749098,231759213.424691,224548946.098335,-155839781.724217,-142890482.152332,-0.0069,0.9801,0.0325,0.2065,0.0045,0.1539,2.1146,0.2819,0.008,0.4603,0.7217,0.5594,843,9180,26047,,,
1000,0.000112031326,8419.03,4.040512482501092e-08,1.1174047851562504e-16,1.3259521484375006e-17,72,19,19,18,19/17/16/13/12/11/6/6/3/1/2/4/5/8/9/10/6/15/18,0,143,3,0.129395/0.282227/0.294189/0.37085/0.239502/1.01904/0.670166/0.321045/0.248291/0.982422/1.43188/1.27124/1.23999/1.01538/0.862061/0.825928/1.05908/0.26123/0.735596/0/0/0/0/0/0/0/0/0/0/0/0/0/0/0/0/0/0/0/0/0/0/0/0/0/0/0/0/0/0/0/0/0/0/0/0/0/0/0/0/0/0/0/0/0/0/0/0/0/0/0/0/0,383.482/248.886/256.091/251.764/247.444/4227.11/4749.63/253.208/248.884/4494.07/4758.26/5005.78/5257.43/4321.64/4439.55/5501.31/5792.28/4206.67/8220.67/0/0/0/0/0/0/0/0/0/0/0/0/0/0/0/0/0/0/0/0/0/0/0/0/0/0/0/0/0/0/0/0/0/0/0/0/0/0/0/0/0/0/0/0/0/0/0/0/0/0/0/0/0,1-2:0.357654/1-3:0.355926/2-4:1.29509/2-16:0.0364747/2-17:0.0667653/3-6:1.37864/3-19:0.3205/4-5:1.42261/4-13:0.026105/4-16:0.121752/4-17:0.00477532/5-8:0.932839/5-13:0.0862764/6-7:1.30274/6-10:0.501389/6-14:0.264284/6-15:0.475631/6-19:0.0365649/7-11:0.173282/7-12:0.221896/7-14:0.135759/7-15:0.188468/8-9:1.38614/8-11:0.0182825/8-12:0.170325/8-13:0.00691323/9-10:0.937933/9-11:0.106197/9-12:0.0120982/10-11:0.927988/10-14:1.09498/11-12:1.81779/11-17:0.37809/12-13:1.52463/12-16:0.242463/13-16:1.37149/13-17:0.271845/14-15:0.241145/15-18:1.17702/16-17:1.46641/16-19:0.621415,1-2:-28.498/1-3:-33.901/2-4:-24.55/2-16:-24.36/2-17:-25.426/3-6:-37.884/3-19:-37.529/4-5:-20.554/4-13:-20.337/4-16:-21.574/4-17:-22.731/5-8:-16.621/5-13:-18.661/6-7:-35.237/6-10:-31.375/6-14:-4.5421/6-15:-12.567/6-19:-38.356/7-11:-72.228/7-12:-72.988/7-14:-2.2553/7-15:2.1879/8-9:-12.614/8-11:-12.458/8-12:-13.973/8-13:-15.472/9-10:-8.6375/9-11:-10.252/9-12:-11.214/10-11:-5.5377/10-14:-4.8937/11-12:-51.632/11-17:-14.052/12-13:-56.524/12-16:-20.921/13-16:-57.701/13-17:-19.225/14-15:0.033806/15-18:-8.6309/16-17:-50.89/16-19:-30.665,10515,2.3478578781722656e-11,4.1074218750000014e-11,-1.7563911541788088e-06,2.708507374552367,0,0.0,47126,1.0381989370866351e-10,1.8408593750000008e-10,1.6619420682659466e-06,4.321638989656321e-06,1.237436867076458e-06,4.069739206605827e-06,1,1,nan,0.30391495297153637,33,19/17/16/13/12/11/7/10/14/6/15/18/17/16/13/7/6/3/12/17/19/1/16/2/4/5/8/9/10/14/15/18/19,32,4553.9,1.0,,,3.6546267551088722e-09,1,19,1,1,1,1/0/0,1.0,19,8221,8401,6983,19,33,1,54249,33,470105825.5106105,202450711.12424782,2.322075446907656,1,-441362933.328737,-222977352.508619,-386932672.51948,-125040.453997,4890385.965323,-282871.603208,-290646679.22824,-156090.134096,18555,73234431.375367,86707377.551891,217499760.855558,204323475.447537,-154489279.664265,-144283166.122284,0.0176,0.9808,0.0347,0.2001,0.0044,0.1482,2.0472,0.2731,0.0078,0.476,0.7218,0.5587,853,8933,25968,2919.9,618.7,443.9
1020,0.000142585323,8632.09,3.580544593920658e-08,1.1130932617187506e-16,1.3690673828125007e-17,72,19,20,19,19/17/16/13/12/11/6/6/3/1/2/4/5/8/9/10/14/6/15/18,0,144,3,0.129639/0.284668/0.294678/0.370605/0.237793/1.01563/0.673828/0.320801/0.247803/0.949951/1.10693/1.28052/1.25171/1.02661/0.863525/1.59106/1.05664/0.249023/0.739258/0/0/0/0/0/0/0/0/0/0/0/0/0/0/0/0/0/0/0/0/0/0/0/0/0/0/0/0/0/0/0/0/0/0/0/0/0/0/0/0/0/0/0/0/0/0/0/0/0/0/0/0/0,390.026/248.886/256.091/251.764/247.444/4227.11/4749.63/253.208/288.214/4494.07/4758.26/5005.78/5257.43/4321.64/4439.55/5510.78/5792.28/4206.67/8220.67/0/0/0/0/0/0/0/0/0/0/0/0/0/0/0/0/0/0/0/0/0/0/0/0/0/0/0/0/0/0/0/0/0/0/0/0/0/0/0/0/0/0/0/0/0/0/0/0/0/0/0/0/0,,,10971,2.430757032250921e-11,4.285546875000002e-11,-1.7257457038442798e-06,3.1988345799048306,0,0.0,48584,1.0709937722789125e-10,1.8978125000000008e-10,1.6472908143426928e-06,4.321638989656321e-06,1.237436867076458e-06,4.069739206605827e-06,1,1,nan,0.2544758037734993,34,19/17/16/13/12/11/7/10/14/6/15/18/17/16/13/7/6/3/16/12/16/19/1/16/2/4/5/8/9/10/14/15/18/19,33,4533.6,1.0,,,3.736636699866939e-09,,,,,,,,,,,,,,1,55983,40,444198845.13791776,223755349.97914892,1.9851987681157626,1,-417464935.471929,-223399649.381383,-361170376.53881,-104702.099388,22911357.919226,-158907.363019,-275549311.161373,11732.731445,19066,100916133.304573,113631539.590473,267543697.812602,245173368.559385,-157350439.524861,-147096955.234566,0.3649,0.9431,0.0947,0.1992,0.004,0.141,2.0573,0.286,0.0073,0.4554,0.6853,0.5479,920,9464,26612,,,
1040,0.000142585323,8773.53,3.580544593920658e-08,1.1122607421875005e-16,1.3773925781250006e-17,72,19,20,19,19/17/16/13/12/11/6/6/3/1/2/4/5/8/9/10/14/6/15/18,0,143,3,0.129639/0.285889/0.29541/0.370361/0.237549/1.01465/0.679932/0.320557/0.247803/0.953125/1.1123/1.29126/1.26709/1.04053/0.873291/1.61548/1.05933/0.239746/0.73999/0/0/0/0/0/0/0/0/0/0/0/0/0/0/0/0/0/0/0/0/0/0/0/0/0/0/0/0/0/0/0/0/0/0/0/0/0/0/0/0/0/0/0/0/0/0/0/0/0/0/0/0/0,390.026/248.886/256.091/251.764/247.444/4226.33/4756.18/253.208/288.214/4494.07/4758.26/5005.78/5257.43/4321.64/4439.55/5510.78/5792.28/4206.67/8220.67/0/0/0/0/0/0/0/0/0/0/0/0/0/0/0/0/0/0/0/0/0/0/0/0/0/0/0/0/0/0/0/0/0/0/0/0/0/0/0/0/0/0/0/0/0/0/0/0/0/0/0/0/0,,,11009,2.4364015489401052e-11,4.300390625000002e-11,-1.7184586986772903e-06,3.315426662576662,0,0.0,48786,1.0768587480341599e-10,1.9057031250000007e-10,1.6469806535812424e-06,4.321638989656321e-06,1.237436867076458e-06,4.069739206605827e-06,1,1,nan,0.2542171745561025,34,19/17/16/13/12/11/7/10/14/6/15/18/17/16/13/7/6/3/16/12/16/19/1/16/2/4/5/8/9/10/14/15/18/19,33,4531.2,1.0,,,3.735578265614742e-09,,,,,,,,,,,,,,1,56315,43,443747396.324384,221617402.88114387,2.0023129526627073,1,-417328045.308774,-223709381.950877,-354943974.558417,-99563.133863,22644961.472717,-139724.946822,-265589911.435658,99486.881956,19457,91712707.277559,112642164.395728,267562412.786134,261595971.318067,-167051556.152527,-147725561.514475,0.3127,0.9079,0.0919,0.1942,0.004,0.1415,1.9988,0.2789,0.0072,0.4511,0.6852,0.5492,931,9357,26652,,,
1060,0.000142585323,8922.92,3.580544593920658e-08,1.1116406250000005e-16,1.3835937500000006e-17,72,19,20,19,19/17/16/13/12/11/6/6/3/1/2/4/5/8/9/10/14/6/15/18,0,143,3,0.129639/0.287109/0.296631/0.369873/0.236328/1.01343/0.687012/0.320313/0.247314/0.959473/1.11938/1.29907/1.28003/1.05298/0.876221/1.62915/1.06177/0.230957/0.739258/0/0/0/0/0/0/0/0/0/0/0/0/0/0/0/0/0/0/0/0/0/0/0/0/0/0/0/0/0/0/0/0/0/0/0/0/0/0/0/0/0/0/0/0/0/0/0/0/0/0/0/0/0,390.026/248.886/256.091/251.764/246.653/4226.33/4756.18/253.208/336.967/4494.07/4758.26/5005.78/5257.43/4321.64/4439.55/5510.78/5785.73/4206.67/8220.67/0/0/0/0/0/0/0/0/0/0/0/0/0/0/0/0/0/0/0/0/0/0/0/0/0/0/0/0/0/0/0/0/0/0/0/0/0/0/0/0/0/0/0/0/0/0/0/0/0/0/0/0/0,,,11040,2.4396492926764178e-11,4.312500000000002e-11,-1.7126778237392578e-06,3.4079206615851825,0,0.0,48906,1.0806207158230511e-10,1.9103906250000008e-10,1.6466128319483185e-06,4.321638989656321e-06,1.237436867076458e-06,4.053367484175331e-06,1,1,nan,0.25398491960800446,34,19/17/16/13/12/11/7/10/14/6/15/18/17/16/13/7/6/3/16/12/16/19/1/16/2/4/5/8/9/10/14/15/18/19,33,4529.2,1.0,,,3.7336042559068745e-09,,,,,,,,,,,,,,1,56564,46,443341984.97213405,221346763.00894913,2.0029296066742552,1,-415839744.479662,-224324390.625716,-350298553.711311,-97483.001895,21568457.850703,-124952.964699,-258385180.983201,205055.451904,19823,95312765.324766,112618065.928035,266298987.797392,253847991.189671,-163673947.727207,-147965168.395474,0.3381,0.8242,0.0903,0.1912,0.004,0.1389,1.8391,0.276,0.0072,0.4447,0.6812,0.5494,931,9185,26718,,,
1080,0.000142585323,9060.35,3.580544593920658e-08,1.1111914062500005e-16,1.3880859375000006e-17,72,19,20,19,19/17/16/13/12/11/6/6/3/1/2/4/5/8/9/10/14/6/15/18,0,143,3,0.129639/0.288574/0.297607/0.369385/0.23584/1.01099/0.691406/0.319824/0.246338/0.963135/1.12622/1.30859/1.29004/1.06348/0.880371/1.63916/1.05933/0.223145/0.737793/0/0/0/0/0/0/0/0/0/0/0/0/0/0/0/0/0/0/0/0/0/0/0/0/0/0/0/0/0/0/0/0/0/0/0/0/0/0/0/0/0/0/0/0/0/0/0/0/0/0/0/0/0,390.026/248.886/256.091/251.764/246.653/4226.33/4756.18/252.551/336.967/4494.07/4758.27/5005.78/5257.43/4321.64/4439.55/5510.78/5785.73/4206.67/8220.67/0/0/0/0/0/0/0/0/0/0/0/0/0/0/0/0/0/0/0/0/0/0/0/0/0/0/0/0/0/0/0/0/0/0/0/0/0/0/0/0/0/0/0/0/0/0/0/0/0/0/0/0/0,,,11031,2.436774987399165e-11,4.308984375000002e-11,-1.7121761682800577e-06,3.415947148932384,0,0.0,49032,1.0842226549734477e-10,1.9153125000000007e-10,1.6464289876913092e-06,4.321638989656321e-06,1.237436867076458e-06,4.053367484175331e-06,1,1,nan,0.25377926256075334,34,19/17/16/13/12/11/7/10/14/6/15/18/17/16/13/7/6/3/16/12/16/19/1/16/2/4/5/8/9/10/14/15/18/19,33,4526.4,1.0,,,3.731509971460324e-09,,,,,,,,,,,,,,1,56742,49,442983001.43999153,219832298.17395735,2.015095166268293,1,-407924829.429572,-224483968.660442,-343885051.762595,-69167.399056,21147283.803641,-106084.868549,-254587194.108028,286431.305241,20096,102046868.956089,112541089.215387,236287897.705094,249541597.291389,-155608344.585233,-147967774.276305,0.3728,0.8475,0.0908,0.188,0.004,0.1364,1.8882,0.272,0.0072,0.4455,0.6794,0.5512,945,9058,26744,,,
1100,0.000142585323,9222.25,3.580544593920658e-08,1.1106762695312504e-16,1.3932373046875006e-17,72,19,20,19,19/17/16/13/12/11/6/6/3/1/2/4/5/8/9/10/14/6/15/18,0,142,3,0.129639/0.291016/0.298828/0.369141/0.235352/1.00952/0.695801/0.31958/0.245361/0.968018/1.12842/1.31812/1.30029/1.07227/0.886475/1.6499/1.05835/0.218506/0.737793/0/0/0/0/0/0/0/0/0/0/0/0/0/0/0/0/0/0/0/0/0/0/0/0/0/0/0/0/0/0/0/0/0/0/0/0/0/0/0/0/0/0/0/0/0/0/0/0/0/0/0/0/0,390.026/248.886/256.091/251.764/246.653/4225.67/4756.18/252.551/336.967/4494.07/4758.27/5005.78/5257.43/4327.53/4439.55/5497.68/5785.73/4205.22/8220.67/0/0/0/0/0/0/0/0/0/0/0/0/0/0/0/0/0/0/0/0/0/0/0/0/0/0/0/0/0/0/0/0/0/0/0/0/0/0/0/0/0/0/0/0/0/0/0/0/0/0/0/0/0,1-2:0.357654/1-3:0.351151/2-4:1.29336/2-16:0.0364747/2-17:0.0633087/3-6:1.37823/3-19:0.317043/4-5:1.3961/4-13:0.026105/4-16:0.118295/4-17:0.00477532/5-8:0.916784/5-13:0.0862764/6-7:1.28323/6-10:0.484106/6-14:0.254733/6-15:0.45571/6-19:0.0365649/7-11:0.16505/7-12:0.222305/7-14:0.111472/7-15:0.18674/7-16:0.00345662/8-9:1.37964/8-11:0.0182825/8-12:0.168596/8-13:0.00518499/9-10:0.937933/9-11:0.0996933/9-12:0.0103699/10-11:0.798684/10-14:1.03331/10-16:0.252193/11-12:1.80783/11-16:0.763087/11-17:0.455863/12-13:1.51335/12-16:0.245919/13-16:1.32893/13-17:0.415295/13-19:0.00172837/14-15:0.387732/15-18:1.138/16-17:1.43512/16-19:0.589396,1-2:-28.498/1-3:-33.911/2-4:-24.551/2-16:-24.36/2-17:-25.442/3-6:-37.882/3-19:-37.514/4-5:-20.556/4-13:-20.337/4-16:-21.584/4-17:-22.731/5-8:-16.623/5-13:-18.661/6-7:-35.158/6-10:-31.222/6-14:-4.6319/6-15:-11.243/6-19:-38.356/7-11:-72.203/7-12:-72.995/7-14:-2.2529/7-15:2.1988/7-16:-0.32296/8-9:-12.616/8-11:-12.458/8-12:-13.932/8-13:-15.342/9-10:-8.6375/9-11:-10.257/9-12:-11.309/10-11:-6.5207/10-14:-4.8968/10-16:-0.14046/11-12:-51.52/11-16:-18.765/11-17:-16.702/12-13:-56.906/12-16:-21.079/13-16:-58.196/13-17:-19.181/13-19:0.15743/14-15:-3.5425/15-18:-8.3255/16-17:-50.658/16-19:-30.908,11022,2.4335050958673723e-11,4.305468750000002e-11,-1.7109191216715032e-06,3.4360598946692567,0,0.0,49226,1.0900548804302729e-10,1.9228906250000008e-10,1.645874591109216e-06,4.327534944241523e-06,1.2816310409006172e-06,4.053367484175331e-06,1,1,nan,0.25355640008778296,35,19/17/16/13/12/11/7/10/14/15/6/15/18/17/16/13/7/6/3/16/12/16/19/1/16/2/4/5/8/9/10/14/15/18/19,34,4524.8,1.0,,,3.7293326206212594e-09,2,19/1,1/1,1,1,1/0/0,1.0,19/1,8221/195,8401/409,6983/354,19/1,35/1,1,56943,55,442593985.0712442,219149046.35158062,2.019602605804595,1,-412505018.822548,-224986311.928579,-338705796.530039,-94514.929437,20419451.676577,-87487.581927,-249412369.330046,448242.599391,20362,94337465.761275,112294413.408213,277504668.628858,273054414.374594,-162882766.914909,-147781324.159185,0.3421,0.8272,0.0904,0.1859,0.004,0.1358,1.8657,0.2698,0.0072,0.4399,0.6771,0.5534,957,8875,26867,2719.2,618.7,441.8
1120,0.000152769989,9419.8,3.449643283398588e-08,1.1023535156250005e-16,1.4764648437500006e-17,72,20,19,17,17/16/13/12/11/6/6/3/1/2/4/5/8/9/10/6/15/18/49,0,142,3,0.129639/0.292969/0.299561/0.368896/0.235107/1.00903/0.701904/0.319092/0.245117/0.973877/1.13354/1.32764/1.30664/1.08154/0.89209/1.66479/1.05786/0.210205/0.741455/0/0/0/0/0/0/0/0/0/0/0/0/0/0/0/0/0/0/0/0/0/0/0/0/0/0/0/0/0/0.773682/0/0/0/0/0/0/0/0/0/0/0/0/0/0/0/0/0/0/0/0/0/0/0,390.026/269.296/256.091/251.764/246.653/4225.67/4756.18/252.551/336.967/4494.07/4758.27/5005.78/5257.43/4327.53/4439.55/5497.68/5785.73/4205.22/8220.67/0/0/0/0/0/0/0/0/0/0/0/0/0/0/0/0/0/0/0/0/0/0/0/0/0/0/0/0/0/5392.9/0/0/0/0/0/0/0/0/0/0/0/0/0/0/0/0/0/0/0/0/0/0/0,,,11040,2.435824853224962e-11,4.312500000000002e-11,-1.7090195529696444e-06,3.4664529938989967,30,5.3168219128180223e-14,52432,1.16065666998237e-10,2.048125000000001e-10,1.6459611873791278e-06,4.383542107120259e-06,1.8561553006146873e-06,4.079776765412014e-06,1,1,nan,0.23980289415667674,35,19/17/16/13/12/11/7/10/14/15/6/49/16/13/49/7/6/3/16/12/16/19/49/16/2/4/5/8/9/10/14/15/18/49/19,26,4438.4,1.0,,,3.822164901001303e-09,,,,,,,,,,,,,,1,60353,49,434470455.45029336,248666740.00496832,1.7471997076955796,1,-297206889.578722,-227530992.523783,-298009977.764255,31391.643175,28405281.553971,-1576.512006,-244595104.41687,9064016.470547,21507,107821987.878486,121265428.318521,308898099.806467,316160857.5054,-159481497.557258,-149205754.02213,0.5169,0.9232,0.1072,0.1865,0.0047,0.1385,1.8656,0.2646,0.0068,0.4918,0.6932,0.5798,1041,9357,28547,,,
1140,0.000152769989,9557.09,3.449643283398588e-08,1.1014916992187505e-16,1.4850830078125008e-17,72,20,19,17,17/16/13/12/11/6/6/3/1/2/4/5/8/9/10/6/15/18/49,0,142,6,0.129639/0.294189/0.300781/0.368408/0.234375/1.00952/0.705811/0.318604/0.244629/0.977783/1.13892/1.33643/1.31763/1.09106/0.895508/1.67651/1.05908/0.203369/0.744385/0/0/0/0/0/0/0/0/0/0/0/0/0/0/0/0/0/0/0/0/0/0/0/0/0/0/0/0/0/0.804199/0/0/0/0/0/0/0/0/0/0/0/0/0/0/0/0/0/0/0/0/0/0/0,390.026/275.85/256.091/252.551/250.321/4223.44/4756.18/252.551/336.967/4494.07/4758.27/5005.78/5257.43/4327.53/4439.55/5504.23/5785.73/4205.22/8220.67/0/0/0/0/0/0/0/0/0/0/0/0/0/0/0/0/0/0/0/0/0/0/0/0/0/0/0/0/0/5408.9/0/0/0/0/0/0/0/0/0/0/0/0/0/0/0/0/0/0/0/0/0/0/0,,,11039,2.4343332203817527e-11,4.3121093750000015e-11,-1.707657811292249e-06,3.4882408607373243,31,5.4896591636091977e-14,52624,1.1659004407447384e-10,2.0556250000000009e-10,1.6455249165943411e-06,4.383542107120259e-06,1.8561553006146875e-06,4.095116402112747e-06,1,1,nan,0.23964741104210013,35,19/17/16/13/12/11/7/10/14/15/6/49/16/13/49/7/6/3/16/12/16/19/49/16/2/4/5/8/9/10/14/15/18/49/19,26,4434.3,1.0,,,3.824017221361638e-09,,,,,,,,,,,,,,1,60697,51,434188754.0144433,238298146.87310514,1.8220399936456526,1,-284594194.297766,-227496536.162877,-294632057.994475,73987.797697,28523212.412167,25.343582,-239990634.059854,15405886.478962,22011,109412587.30434,121420246.217611,255653863.954588,311295057.57461,-157697026.115825,-149189505.626522,0.4693,0.8727,0.1079,0.1852,0.0046,0.1354,1.728,0.2635,0.0068,0.5019,0.691,0.581,1050,9164,28589,,,
1160,0.000152769989,9679.3,3.449643283398588e-08,1.1007788085937505e-16,1.4922119140625007e-17,72,20,20,18,17/16/13/12/11/6/7/6/3/1/2/4/5/8/9/10/6/15/18/49,0,142,6,0.129639/0.29541/0.301025/0.367432/0.233887/1.00854/0.709717/0.318848/0.244385/0.982178/1.14136/1.34448/1.32837/1.10059/0.901123/1.68848/1.05835/0.196289/0.744873/0/0/0/0/0/0/0/0/0/0/0/0/0/0/0/0/0/0/0/0/0/0/0/0/0/0/0/0/0/0.827148/0/0/0/0/0/0/0/0/0/0/0/0/0/0/0/0/0/0/0/0/0/0/0,390.026/275.85/256.091/252.551/250.321/4223.44/4756.18/252.551/336.967/4494.07/4758.27/5005.78/5257.43/4327.53/4439.55/5504.23/5785.73/4205.22/8220.67/0/0/0/0/0/0/0/0/0/0/0/0/0/0/0/0/0/0/0/0/0/0/0/0/0/0/0/0/0/5408.9/0/0/0/0/0/0/0/0/0/0/0/0/0/0/0/0/0/0/0/0/0/0/0,,,11064,2.4382583480325615e-11,4.3218750000000016e-11,-1.7091117119996197e-06,3.4649784494193923,32,5.6624964144003723e-14,52792,1.1707821784782996e-10,2.0621875000000008e-10,1.645181115402006e-06,4.383542107120259e-06,1.8782523875267667e-06,4.095116402112747e-06,1,1,nan,0.23949944279754207,36,19/17/16/13/12/11/7/10/14/15/6/15/49/16/13/49/7/6/3/16/12/16/17/49/16/2/4/5/8/9/10/14/15/18/49/19,27,4431.0,1.0,,,3.8255302378186345e-09,,,,,,,,,,,,,,1,60987,53,433920667.8813239,235548454.21561232,1.8421715792035256,1,-283259705.127905,-227597814.614039,-291274754.093793,42754.549672,27966561.796295,6784.704344,-236110174.379225,20858956.10913,22365,108028948.456871,120639136.741031,291282957.109669,345750952.867257,-160423456.633038,-149217091.595631,0.4704,0.9013,0.1053,0.1827,0.0045,0.1332,1.7895,0.2616,0.0068,0.5005,0.6865,0.5825,1039,9036,28669,,,
1180,0.000152769989,9808.13,3.449643283398588e-08,1.1001391601562505e-16,1.4986083984375007e-17,72,20,20,18,17/16/13/12/11/6/7/6/3/1/2/4/5/8/9/10/6/15/18/49,0,142,3,0.129639/0.296143/0.301514/0.366943/0.233643/1.0083/0.713379/0.318848/0.243408/0.985107/1.14551/1.35669/1.3374/1.11011/0.905029/1.6958/1.05786/0.189697/0.745117/0/0/0/0/0/0/0/0/0/0/0/0/0/0/0/0/0/0/0/0/0/0/0/0/0/0/0/0/0/0.845947/0/0/0/0/0/0/0/0/0/0/0/0/0/0/0/0/0/0/0/0/0/0/0,390.026/275.85/256.091/252.551/250.321/4212.57/4774.4/254.771/336.967/4494.07/4758.27/5005.78/5257.43/4327.53/4439.55/5504.23/5785.73/4201.56/8220.67/0/0/0/0/0/0/0/0/0/0/0/0/0/0/0/0/0/0/0/0/0/0/0/0/0/0/0/0/0/5408.9/0/0/0/0/0/0/0/0/0/0/0/0/0/0/0/0/0/0/0/0/0/0/0,,,11061,2.436289234009543e-11,4.3207031250000015e-11,-1.7088682672497066e-06,3.468873565418001,41,7.745501321144948e-14,52956,1.175383749978808e-10,2.0685937500000008e-10,1.6436996649019216e-06,4.383542107120259e-06,1.8782523875267667e-06,4.095116402112747e-06,1,1,nan,0.23937985047638952,36,19/17/16/13/12/11/7/10/14/15/6/15/49/16/13/49/7/6/3/16/12/16/17/49/16/2/4/5/8/9/10/14/15/18/49/19,27,4428.9,1.0,,,3.826965580921147e-09,,,,,,,,,,,,,,1,61236,57,433703992.7222427,234192304.0287518,1.8519139410703986,1,-280896995.470211,-227683999.574496,-288654678.618233,63196.341364,27515069.524244,11652.233602,-233105894.9912,25387235.681075,22703,107580334.70825,120895446.021587,302820453.959821,321139170.585754,-159288197.885076,-149044760.818631,0.4825,0.922,0.1057,0.1809,0.0045,0.1314,1.8361,0.2608,0.0069,0.499,0.6815,0.583,1050,8897,28731,,,
1200,0.000152769989,9948.64,3.449643283398588e-08,1.0995068359375005e-16,1.5049316406250008e-17,72,20,20,18,17/16/13/12/11/6/7/6/3/1/2/4/5/8/9/10/6/15/18/49,0,142,3,0.129639/0.296631/0.302734/0.367188/0.23291/1.00562/0.717041/0.318359/0.243164/0.988281/1.14868/1.36523/1.34814/1.11987/0.90918/1.70654/1.05859/0.183838/0.746338/0/0/0/0/0/0/0/0/0/0/0/0/0/0/0/0/0/0/0/0/0/0/0/0/0/0/0/0/0/0.861328/0/0/0/0/0/0/0/0/0/0/0/0/0/0/0/0/0/0/0/0/0/0/0,390.026/275.85/256.091/252.551/250.321/4212.57/4774.4/254.771/336.967/4494.07/4758.27/5005.78/5279.98/4327.53/4439.55/5504.23/5785.73/4201.56/8220.67/0/0/0/0/0/0/0/0/0/0/0/0/0/0/0/0/0/0/0/0/0/0/0/0/0/0/0/0/0/5408.9/0/0/0/0/0/0/0/0/0/0/0/0/0/0/0/0/0/0/0/0/0/0/0,1-2:0.357654/1-3:0.349423/2-4:1.29031/2-16:0.0364747/2-17:0.0667653/3-6:1.37518/3-19:0.313587/4-5:1.37395/4-13:0.0291521/4-16:0.11352/4-17:0.00477532/5-8:0.913328/5-13:0.0862764/6-7:1.27195/6-10:0.477193/6-14:0.238679/6-15:0.450116/6-19:0.0365649/7-10:0.00864161/7-11:0.161593/7-12:0.222305/7-14:0.0906423/7-15:0.190197/7-16:0.0553059/8-9:1.36267/8-11:0.0182825/8-12:0.166868/8-13:0.00345662/9-10:0.937933/9-11:0.0996933/9-12:0.0103699/10-11:0.81342/10-14:0.963907/10-16:0.263472/11-12:1.80306/11-16:0.770909/11-17:0.536365/12-13:1.50552/12-16:0.266659/13-16:1.28727/13-17:0.483199/13-19:0.0155547/14-15:0.460002/15-18:1.09766/16-17:1.39378/16-19:0.585939,1-2:-28.498/1-3:-33.911/2-4:-24.551/2-16:-24.36/2-17:-25.371/3-6:-37.887/3-19:-37.514/4-5:-20.56/4-13:-20.344/4-16:-21.638/4-17:-22.731/5-8:-16.618/5-13:-18.661/6-7:-35.433/6-10:-31.426/6-14:-4.7091/6-15:-10.009/6-19:-38.356/7-10:0.48286/7-11:-72.203/7-12:-72.995/7-14:-2.264/7-15:2.2272/7-16:-12.706/8-9:-12.614/8-11:-12.458/8-12:-13.899/8-13:-15.082/9-10:-8.6375/9-11:-10.257/9-12:-11.309/10-11:-6.6824/10-14:-4.8984/10-16:-0.13964/11-12:-51.625/11-16:-18.832/11-17:-17.783/12-13:-57.034/12-16:-22.69/13-16:-58.677/13-17:-19.056/13-19:-26.27/14-15:-5.5533/15-18:-8.0467/16-17:-50.661/16-19:-30.917,11069,2.4359574990243425e-11,4.323828125000002e-11,-1.7069772533533098e-06,3.49912978776035,42,7.918338571936125e-14,53066,1.179104781812593e-10,2.0728906250000008e-10,1.642918997831112e-06,4.383542107120259e-06,1.8782523875267667e-06,4.095116402112747e-06,1,1,nan,0.23925521885328932,36,19/17/16/13/12/11/7/10/14/15/6/15/49/16/13/49/7/6/3/16/12/16/17/49/16/2/4/5/8/9/10/14/15/18/49/19,27,4426.6,1.0,,,3.828318197527311e-09,3,19/1/1,1/3/1,2,2,0.942766/0/0.0572337,0.979316,19/1/1,8221/4239/229,8401/4581/409,6983/4198/354,19/1/1,35/3/1,1,61494,54,433478187.44894826,231417848.72615895,1.8731406839836762,1,-283973195.592646,-228118291.396091,-285187490.969963,36603.509603,26236146.072628,22024.266119,-230333636.278414,29208481.724241,23068,109860159.83805,121138881.280701,322619117.146902,317958988.607335,-156542736.37272,-148520922.789139,0.4539,0.9023,0.1047,0.1787,0.0045,0.1292,1.8312,0.2597,0.0069,0.4895,0.6754,0.5844,1050,8732,28778,2665.0,618.7,749.8
1220,0.000162954655,10104.73,3.3279756535161225e-08,1.0937792968750005e-16,1.5622070312500008e-17,72,20,20,18,17/16/13/12/11/6/7/6/3/1/2/4/5/8/9/10/6/15/18/49,0,142,4,0.129639/0.298584/0.304199/0.367188/0.231689/1.00708/0.718018/0.318115/0.24292/0.992676/1.05151/1.37256/2.13208/1.12695/0.914307/1.71777/0.900879/0.176514/0.746094/0/0/0/0/0/0/0/0/0/0/0/0/0/0/0/0/0/0/0/0/0/0/0/0/0/0/0/0/0/0.873291/0/0/0/0/0/0/0/0/0/0/0/0/0/0/0/0/0/0/0/0/0/0/0,390.026/275.85/256.091/252.551/250.321/4212.57/4774.4/254.771/336.967/4494.07/4758.27/5005.78/5279.99/4327.53/4439.55/5504.23/5785.73/4200.11/8220.67/0/0/0/0/0/0/0/0/0/0/0/0/0/0/0/0/0/0/0/0/0/0/0/0/0/0/0/0/0/5408.9/0/0/0/0/0/0/0/0/0/0/0/0/0/0/0/0/0/0/0/0/0/0/0,,,11467,2.5090961406424253e-11,4.479296875000002e-11,-1.6474188072761163e-06,4.452064924995447,128,2.621056881588672e-13,54860,1.2202124313850892e-10,2.142968750000001e-10,1.6452710205476316e-06,4.383542107120259e-06,1.878252387526767e-06,4.095116402112747e-06,1,1,nan,0.2262884703538516,34,19/17/16/13/12/11/7/10/14/13/49/16/13/49/7/6/3/16/12/16/17/49/16/2/4/5/8/9/10/14/15/18/49/19,25,4399.6,1.0,,,3.909458686565109e-09,,,,,,,,,,,,,,1,63834,54,424973944.2105931,252154008.94178498,1.68537452961419,1,-272398090.298171,-222754604.880893,-270167660.740602,116052.327395,24776103.329082,132857.960334,-230079188.737755,30351575.10069,23600,116034239.133026,130719286.470245,270770426.494392,308043981.895036,-156259902.720463,-147580455.078854,0.5375,0.9564,0.1181,0.1773,0.0055,0.133,1.922,0.2695,0.007,0.4948,0.6453,0.5908,1150,9327,29884,,,
1240,0.000162954655,10235.03,3.3279756535161225e-08,1.0929467773437505e-16,1.5705322265625007e-17,72,20,20,18,17/16/13/12/11/6/7/6/3/1/2/4/5/8/9/10/6/15/18/49,0,142,4,0.129639/0.299561/0.305664/0.366943/0.230957/1.00635/0.721191/0.317871/0.242676/0.997803/1.05542/1.38013/2.15991/1.1355/0.916504/1.72827/0.900879/0.171387/0.74707/0/0/0/0/0/0/0/0/0/0/0/0/0/0/0/0/0/0/0/0/0/0/0/0/0/0/0/0/0/0.891602/0/0/0/0/0/0/0/0/0/0/0/0/0/0/0/0/0/0/0/0/0/0/0,390.026/275.85/256.091/252.551/250.321/4212.57/4756.18/254.771/336.967/4494.07/4758.27/5005.78/5280/4339.19/4439.55/5504.23/5756.64/4200.11/8220.67/0/0/0/0/0/0/0/0/0/0/0/0/0/0/0/0/0/0/0/0/0/0/0/0/0/0/0/0/0/5436.55/0/0/0/0/0/0/0/0/0/0/0/0/0/0/0/0/0/0/0/0/0/0/0,,,11490,2.5125437615411394e-11,4.4882812500000015e-11,-1.6507414146946801e-06,4.398903206298425,136,2.8252581508495877e-13,55040,1.2253542785902903e-10,2.1500000000000008e-10,1.6445797752789607e-06,4.38936786333885e-06,1.9003494744388466e-06,4.095116402112747e-06,1,1,nan,0.22586898230141209,34,19/17/16/13/12/11/7/10/14/13/49/16/13/49/7/6/3/16/12/16/17/49/16/2/4/5/8/9/10/14/15/18/49/19,25,4396.3,1.0,,,3.913678342880998e-09,,,,,,,,,,,,,,1,64172,56,424186137.86802655,238194797.8155395,1.780837120534096,1,-271382435.258942,-224013927.70737,-267164730.105599,196534.066937,22388496.241503,167824.792432,-227230266.70321,34649294.936527,24026,121317598.954742,131422620.138485,329821212.896815,308858233.376675,-153440272.185503,-147006605.630893,0.585,0.9443,0.1167,0.1749,0.0051,0.1306,1.8727,0.2684,0.007,0.5,0.6392,0.5912,1150,9161,29977,,,
1260,0.000162954655,10367.31,3.3279756535161225e-08,1.0921289062500005e-16,1.578710937500001e-17,72,20,20,18,17/16/13/12/11/6/7/6/3/1/2/4/5/8/9/10/6/15/18/49,0,142,4,0.129639/0.300781/0.306641/0.367432/0.230713/1.00488/0.724854/0.317871/0.242188/1.00024/1.05762/1.39063/2.18433/1.14282/0.921387/1.73828/0.903076/0.168457/0.746582/0/0/0/0/0/0/0/0/0/0/0/0/0/0/0/0/0/0/0/0/0/0/0/0/0/0/0/0/0/0.908691/0/0/0/0/0/0/0/0/0/0/0/0/0/0/0/0/0/0/0/0/0/0/0,390.026/275.85/256.091/252.551/250.321/4212.57/4756.18/254.771/336.967/4494.07/4758.27/5005.78/5280/4339.19/4439.55/5504.23/5756.64/4200.11/8220.67/0/0/0/0/0/0/0/0/0/0/0/0/0/0/0/0/0/0/0/0/0/0/0/0/0/0/0/0/0/5436.55/0/0/0/0/0/0/0/0/0/0/0/0/0/0/0/0/0/0/0/0/0/0/0,,,11503,2.5132080322742646e-11,4.4933593750000015e-11,-1.6526292461714088e-06,4.368697902670766,141,2.9512341230848e-13,55278,1.231920578027608e-10,2.1592968750000008e-10,1.6443065369868432e-06,4.38936786333885e-06,1.9003494744388466e-06,4.095116402112747e-06,1,1,nan,0.22595050900727445,34,19/17/16/13/12/11/7/10/12/13/49/16/13/49/7/6/3/16/12/16/17/49/16/2/4/5/8/9/10/14/15/18/49/19,25,4393.2,1.0,,,3.917757384880718e-09,,,,,,,,,,,,,,1,64499,59,424339246.5336808,236025207.49968296,1.7978556232568963,1,-272038449.589575,-224973611.141496,-264783046.936441,167896.876969,19347986.953987,194822.926828,-224773314.39166,38522142.238968,24426,120545892.629215,129927445.052096,357787278.81689,289946169.240662,-153147222.13078,-148173834.577556,0.5896,0.9372,0.1133,0.1724,0.005,0.13,1.8637,0.2672,0.0071,0.5,0.6318,0.5929,1162,8982,30073,,,
1280,0.000162954655,10522.41,3.3279756535161225e-08,1.0913281250000005e-16,1.5867187500000007e-17,72,20,20,18,17/16/13/12/11/6/6/3/1/2/4/5/8/9/10/14/6/15/18/49,0,142,3,0.12915/0.301758/0.307129/0.367676/0.230469/1.00708/0.726807/0.317383/0.241699/1.00317/1.0603/1.40015/2.20728/1.15234/0.924072/1.74878/0.90625/0.163818/0.748779/0/0/0/0/0/0/0/0/0/0/0/0/0/0/0/0/0/0/0/0/0/0/0/0/0/0/0/0/0/0.923096/0/0/0/0/0/0/0/0/0/0/0/0/0/0/0/0/0/0/0/0/0/0/0,390.026/275.85/256.091/252.551/250.321/4212.57/4756.18/254.771/336.967/4494.07/4785.91/5005.78/5280/4339.19/4439.55/5504.23/5756.64/4200.11/8220.67/0/0/0/0/0/0/0/0/0/0/0/0/0/0/0/0/0/0/0/0/0/0/0/0/0/0/0/0/0/5436.55/0/0/0/0/0/0/0/0/0/0/0/0/0/0/0/0/0/0/0/0/0/0/0,,,11519,2.5155776502402393e-11,4.4996093750000015e-11,-1.6553403186308595e-06,4.325320743319555,143,3.0121731378027855e-13,55412,1.2358981540747327e-10,2.1645312500000008e-10,1.6438605303051985e-06,4.38936786333885e-06,1.9003494744388466e-06,4.095116402112747e-06,1,1,nan,0.22574571857073542,33,19/17/16/13/12/11/7/10/12/13/49/13/49/7/6/3/16/12/16/17/49/16/2/4/5/8/9/10/14/15/18/49/19,24,4390.7,1.0,,,3.921649363806863e-09,,,,,,,,,,,,,,1,64830,52,423954646.2956903,235241562.9987386,1.802209783387486,1,-272734935.939017,-226191673.510419,-262863634.103668,146794.166569,16577939.508027,228942.221277,-222929293.65839,42148055.852038,24859,124488539.724426,128817457.328054,351008346.480999,342499805.178804,-151232250.544817,-149305956.455977,0.5626,0.8996,0.1099,0.1685,0.0051,0.1306,1.8098,0.2634,0.0071,0.494,0.6259,0.5944,1176,8771,30168,,,
1300,0.000162954655,10700.95,3.3279756535161225e-08,1.0904882812500006e-16,1.5951171875000007e-17,72,20,19,17,17/16/13/12/11/6/6/3/1/2/4/5/8/9/10/6/15/18/49,0,142,3,0.129639/0.302979/0.30835/0.367676/0.22998/1.00732/0.730713/0.317383/0.241211/1.00781/1.06348/1.40918/2.23145/1.1604/0.929199/1.75928/0.909424/0.158691/0.747559/0/0/0/0/0/0/0/0/0/0/0/0/0/0/0/0/0/0/0/0/0/0/0/0/0/0/0/0/0/0.939453/0/0/0/0/0/0/0/0/0/0/0/0/0/0/0/0/0/0/0/0/0/0/0,390.026/275.85/261.204/252.551/250.321/4212.57/4756.18/254.771/336.967/4494.07/4785.91/5016/5280/4339.19/4439.55/5504.23/5771.96/4200.11/8220.67/0/0/0/0/0/0/0/0/0/0/0/0/0/0/0/0/0/0/0/0/0/0/0/0/0/0/0/0/0/5436.55/0/0/0/0/0/0/0/0/0/0/0/0/0/0/0/0/0/0/0/0/0/0/0,1-2:0.355926/1-3:0.349423/2-4:1.29163/2-16:0.0364747/2-17:0.0602616/3-6:1.35303/3-19:0.303626/4-5:1.35699/4-13:0.0291521/4-16:0.119614/4-17:0.00477532/5-8:0.904686/5-13:0.0862764/6-7:1.25762/6-10:0.473327/6-14:0.229128/6-15:0.488139/6-19:0.0365649/7-10:0.0120982/7-11:0.161593/7-12:0.219258/7-14:0.0741783/7-15:0.18674/7-16:0.120982/8-9:1.35617/8-11:0.0182825/8-12:0.166868/8-13:0.00345662/9-10:0.925336/9-11:0.0996933/9-12:0.0103699/10-11:0.830294/10-14:0.914425/10-16:0.255649/11-12:1.78659/11-13:0.443718/11-16:0.764406/11-17:0.402466/12-13:1.50075/12-16:0.315961/13-16:1.26166/13-17:1.03147/13-19:0.0553055/14-15:0.481241/15-18:1.06505/16-17:1.36859/16-19:0.579435,1-2:-28.498/1-3:-33.911/2-4:-24.554/2-16:-24.36/2-17:-25.442/3-6:-37.894/3-19:-37.564/4-5:-20.56/4-13:-20.344/4-16:-21.654/4-17:-22.731/5-8:-16.623/5-13:-18.661/6-7:-35.737/6-10:-31.429/6-14:-4.7724/6-15:-16.656/6-19:-38.356/7-10:0.52071/7-11:-72.203/7-12:-72.995/7-14:-2.2663/7-15:2.2131/7-16:-14.704/8-9:-12.615/8-11:-12.458/8-12:-13.909/8-13:-15.082/9-10:-8.6377/9-11:-10.257/9-12:-11.309/10-11:-6.562/10-14:-4.898/10-16:-0.14229/11-12:-51.619/11-13:-1.8059/11-16:-18.767/11-17:-26.501/12-13:-57.166/12-16:-25.999/13-16:-58.366/13-17:-10.136/13-19:-29.559/14-15:-6.1857/15-18:-8.2606/16-17:-50.904/16-19:-30.947,11521,2.5148682831534297e-11,4.500390625000002e-11,-1.6546450037117263e-06,4.336445782025686,150,3.1595320565306586e-13,55584,1.2407171254129254e-10,2.171250000000001e-10,1.644857029532662e-06,4.38936786333885e-06,1.9224465613509264e-06,4.095116402112747e-06,1,1,nan,0.22554646373615492,33,19/17/16/13/12/11/7/10/12/13/49/13/49/7/6/3/16/12/16/17/49/16/2/4/5/8/9/10/14/15/18/49/19,24,4386.4,1.0,,,3.925422749114333e-09,3,19/1/1,1/3/1,2,2,0.941104/0/0.0588956,0.978747,19/1/1,8221/4241/236,8401/4612/440,6983/4287/354,19/1/1,34/3/1,1,65165,55,423580442.0208446,234545248.68748674,1.8059647099704523,1,-272142758.68314,-227062193.212619,-260920503.082931,157409.313337,14103950.986632,277705.263796,-221206809.99814,45058564.068854,25223,125361616.642389,128019032.347057,379847634.192016,314844129.040001,-146671422.447785,-149647338.585617,0.5941,0.9371,0.1081,0.1668,0.0051,0.1284,1.8682,0.2634,0.0071,0.4979,0.6197,0.5956,1201,8595,30295,2684.0,640.8,530.8
1320,0.000173139321,10896.84,3.21459798355071e-08,1.0829589843750005e-16,1.670410156250001e-17,72,21,19,17,17/16/13/12/11/6/6/3/1/2/4/5/8/9/10/6/15/18/49,0,142,3,0.129639/0.304443/0.308594/0.367432/0.229492/1.00903/0.733887/0.317383/0.240967/1.00903/1.0686/1.41797/2.25/1.16797/0.934082/1.75366/0.912598/0.155518/0.657227/0/0/0/0/0/0/0/0/0/0/0/0/0/0/0/0/0/0/0/0/0/0/0/0/0/0/0/0/0/0.959473/0.7771/0/0/0/0/0/0/0/0/0/0/0/0/0/0/0/0/0/0/0/0/0/0,390.026/275.85/261.204/252.551/250.321/4212.57/4756.18/254.771/336.967/4494.07/4785.91/5016/5257.45/4339.19/4439.55/5504.23/5771.96/4195.01/6110.98/0/0/0/0/0/0/0/0/0/0/0/0/0/0/0/0/0/0/0/0/0/0/0/0/0/0/0/0/0/5464.2/8220.67/0/0/0/0/0/0/0/0/0/0/0/0/0/0/0/0/0/0/0/0/0/0,,,11498,2.509706280407758e-11,4.491406250000002e-11,-1.6577075639028025e-06,4.287444818968467,543,1.1639809751376355e-12,58120,1.2965478087057118e-10,2.2703125000000008e-10,1.6444893321163859e-06,4.439549269998995e-06,2.4748737341529166e-06,4.136865320050163e-06,1,1,nan,0.20736554734952747,32,50/17/16/13/12/11/7/10/13/49/13/49/7/6/3/16/12/16/17/49/16/2/4/5/8/9/10/14/15/18/49/50,23,4398.4,1.0,,,4.010115594360517e-09,,,,,,,,,,,,,,1,68240,56,403171618.2136721,293034052.6615121,1.3758524463345614,1,-270379120.323252,-227780509.079841,-254115590.739488,330979.035559,26551401.422091,6390239.849744,-222338671.529308,53343121.52226,26471,136659992.982178,134227998.745448,347932253.866246,324381895.562119,-147647604.836932,-152898807.78598,0.7006,1.0026,0.1232,0.174,0.0096,0.1397,1.9287,0.266,0.0071,0.5111,0.6365,0.6098,1256,9047,31628,,,
1340,0.000173139321,11065.28,3.21459798355071e-08,1.0817407226562505e-16,1.6825927734375007e-17,72,21,19,17,17/16/13/12/11/6/6/3/1/2/4/5/8/9/10/6/15/18/49,0,142,3,0.129395/0.304932/0.310059/0.367432/0.229248/1.01099/0.73584/0.317383/0.240723/1.01416/1.07178/1.42627/2.27466/1.17749/0.941895/1.76245/0.916748/0.151367/0.657959/0/0/0/0/0/0/0/0/0/0/0/0/0/0/0/0/0/0/0/0/0/0/0/0/0/0/0/0/0/0.97583/0.809326/0/0/0/0/0/0/0/0/0/0/0/0/0/0/0/0/0/0/0/0/0/0,390.026/275.85/261.204/252.551/250.321/4214.01/4754.74/254.771/336.967/4494.07/4785.91/5016/5257.45/4339.19/4439.55/5504.23/5771.96/4195.01/6110.98/0/0/0/0/0/0/0/0/0/0/0/0/0/0/0/0/0/0/0/0/0/0/0/0/0/0/0/0/0/5464.21/8220.67/0/0/0/0/0/0/0/0/0/0/0/0/0/0/0/0/0/0/0/0/0/0,,,11506,2.5104294975079485e-11,4.4945312500000015e-11,-1.6575998957444608e-06,4.289167509501934,568,1.2190573640258867e-12,58356,1.302446510625379e-10,2.279531250000001e-10,1.6445970389259234e-06,4.439549269998995e-06,2.4748737341529166e-06,4.136865320050163e-06,1,1,nan,0.20664087966442352,32,50/17/16/13/12/11/7/10/13/49/13/49/7/6/3/16/12/16/17/49/16/2/4/5/8/9/10/14/15/18/49/50,23,4395.9,1.0,,,4.017353476524128e-09,,,,,,,,,,,,,,1,68738,55,401762679.03836125,283865773.8139111,1.4153262425421451,1,-265645833.294558,-227303992.476748,-252205853.969507,369080.053669,26515787.892391,9767222.992266,-220994398.72437,55279284.973804,26959,143131687.537383,134336408.543483,315718558.765576,316648040.296986,-138283813.973436,-152403031.850929,0.7347,1.0181,0.1227,0.1736,0.008,0.1373,1.9628,0.2662,0.0071,0.5118,0.6365,0.6121,1276,8968,31689,,,
1360,0.000173139321,11225.85,3.21459798355071e-08,1.0807714843750006e-16,1.6922851562500007e-17,72,21,19,17,17/16/13/12/11/6/6/3/1/2/4/5/8/9/10/6/15/18/49,0,142,3,0.12915/0.305664/0.312256/0.36792/0.229004/1.01147/0.736816/0.317383/0.240479/1.01758/1.07617/1.43433/2.2959/1.18555/0.946533/1.76831/0.91748/0.148438/0.656738/0/0/0/0/0/0/0/0/0/0/0/0/0/0/0/0/0/0/0/0/0/0/0/0/0/0/0/0/0/0.987793/0.837891/0/0/0/0/0/0/0/0/0/0/0/0/0/0/0/0/0/0/0/0/0/0,390.026/275.85/261.204/256.091/250.321/4214.01/4754.74/254.771/336.967/4494.07/4785.91/5016/5257.45/4339.19/4439.55/5504.23/5771.96/4182.68/6110.98/0/0/0/0/0/0/0/0/0/0/0/0/0/0/0/0/0/0/0/0/0/0/0/0/0/0/0/0/0/5464.21/8220.67/0/0/0/0/0/0/0/0/0/0/0/0/0/0/0/0/0/0/0/0/0/0,,,11519,2.5117531596442115e-11,4.4996093750000015e-11,-1.6596018138857105e-06,4.25713681924194,609,1.3123367224489162e-12,58564,1.3080195334313896e-10,2.2876562500000008e-10,1.6439217303280469e-06,4.439549269998995e-06,2.4748737341529166e-06,4.136865320050163e-06,1,1,nan,0.2039009386648999,32,50/17/16/13/12/11/7/10/13/49/13/49/7/6/3/16/12/16/17/49/16/2/4/5/8/9/10/14/15/18/49/50,23,4393.9,1.0,,,4.0237896121552835e-09,,,,,,,,,,,,,,1,69121,57,396435533.51825255,281613904.00618404,1.4077271323561749,2,-269667878.482874,-226601692.168656,-250215117.742267,362389.248999,26631508.375762,12726089.02783,-220199662.351902,57036235.997376,27404,142823047.033486,134875286.61658,342562411.755013,323791200.402625,-138140382.905128,-151007141.976565,0.725,1.0325,0.1225,0.1724,0.0073,0.1365,1.9707,0.2657,0.0071,0.5161,0.6331,0.6129,1273,8886,31733,,,
1380,0.000173139321,11376.82,3.21459798355071e-08,1.0798339843750005e-16,1.7016601562500008e-17,72,21,19,17,17/16/13/12/11/6/6/3/1/2/4/5/8/9/10/6/15/18/49,0,144,3,0.129883/0.306152/0.3125/0.367676/0.22876/1.01172/0.737793/0.316895/0.239502/1.02075/1.07788/1.44385/2.31665/1.19531/0.95166/1.77686/0.920654/0.145996/0.657959/0/0/0/0/0/0/0/0/0/0/0/0/0/0/0/0/0/0/0/0/0/0/0/0/0/0/0/0/0/1.00049/0.857666/0/0/0/0/0/0/0/0/0/0/0/0/0/0/0/0/0/0/0/0/0/0,390.026/275.85/269.196/256.091/250.321/4214.01/4754.74/254.771/336.967/4494.07/4785.91/5016/5257.45/4339.19/4439.55/5504.23/5771.96/4182.68/6110.98/0/0/0/0/0/0/0/0/0/0/0/0/0/0/0/0/0/0/0/0/0/0/0/0/0/0/0/0/0/5464.21/8220.67/0/0/0/0/0/0/0/0/0/0/0/0/0/0/0/0/0/0/0/0/0/0,,,11527,2.5118169981274075e-11,4.502734375000002e-11,-1.662001135850544e-06,4.218747667804603,633,1.365684738829256e-12,58800,1.314392995115533e-10,2.296875000000001e-10,1.644947739246476e-06,4.439549269998995e-06,2.4748737341529166e-06,4.136865320050163e-06,1,1,nan,0.2304995844781356,32,50/17/16/13/12/11/7/10/13/49/13/49/7/6/3/16/12/16/17/49/16/2/4/5/8/9/10/14/15/18/49/50,23,4391.3,1.0,,,4.030248495048004e-09,,,,,,,,,,,,,,1,69500,60,448150098.50690466,280236404.304606,1.5991858717248706,1,-267285249.434074,-227165273.920032,-248604570.936823,332129.802847,25576884.663929,15215442.558199,-219243377.961255,58496037.704339,27836,141186576.159137,135030034.893286,414614340.624254,334525611.026876,-143253673.103139,-151459783.390686,0.7273,1.0032,0.1206,0.172,0.0071,0.1338,1.9218,0.2659,0.0071,0.5126,0.6303,0.6146,1266,8739,31832,,,
1400,0.000173139321,11534.9,3.21459798355071e-08,1.0789477539062505e-16,1.7105224609375008e-17,72,21,19,17,17/16/13/12/11/6/6/3/1/2/4/5/8/9/10/6/15/18/49,0,144,3,0.129395/0.306641/0.312988/0.36792/0.22876/1.01221/0.738525/0.316406/0.239502/1.02466/1.08008/1.45288/2.33862/1.20386/0.953369/1.78784/0.923584/0.143311/0.658447/0/0/0/0/0/0/0/0/0/0/0/0/0/0/0/0/0/0/0/0/0/0/0/0/0/0/0/0/0/1.0166/0.869629/0/0/0/0/0/0/0/0/0/0/0/0/0/0/0/0/0/0/0/0/0/0,390.026/275.85/269.196/256.091/250.321/4214.01/4754.74/254.771/336.967/4494.07/4785.91/5016/5257.45/4339.19/4439.55/5510.79/5771.96/4182.68/6110.98/0/0/0/0/0/0/0/0/0/0/0/0/0/0/0/0/0/0/0/0/0/0/0/0/0/0/0/0/0/5464.21/8220.67/0/0/0/0/0/0/0/0/0/0/0/0/0/0/0/0/0/0/0/0/0/0,1-2:0.354198/1-3:0.347694/2-4:1.28249/2-16:0.0316994/2-17:0.0602616/3-6:1.34867/3-19:0.303626/4-5:1.35394/4-13:0.0326087/4-16:0.119614/4-17:0.00172824/5-8:0.898182/5-13:0.0862764/6-7:1.24461/6-10:0.488062/6-14:0.226081/6-15:0.511426/6-19:0.0365649/7-10:0.0276532/7-11:0.158137/7-12:0.216211/7-14:0.0676746/7-15:0.177189/7-16:0.146087/8-9:1.3453/8-11:0.0182825/8-12:0.166868/8-13:0.00345662/9-10:0.917513/9-11:0.097965/9-12:0.0103699/10-11:0.840663/10-13:0.00172824/10-14:0.88882/10-16:0.259106/11-12:1.7805/11-13:0.45195/11-16:0.794377/11-17:0.40938/12-13:1.4977/12-16:0.334562/13-16:1.24561/13-17:1.08037/13-19:0.0898717/14-15:0.501981/15-18:1.03335/16-17:1.34339/16-19:0.500252,1-2:-28.498/1-3:-33.911/2-4:-24.551/2-16:-24.326/2-17:-25.442/3-6:-37.899/3-19:-37.514/4-5:-20.559/4-13:-20.32/4-16:-21.598/4-17:-22.731/5-8:-16.624/5-13:-18.661/6-7:-35.739/6-10:-31.784/6-14:-4.8037/6-15:-20.569/6-19:-38.356/7-10:0.58823/7-11:-72.203/7-12:-72.995/7-14:-2.2783/7-15:2.196/7-16:-16.368/8-9:-12.615/8-11:-12.458/8-12:-13.909/8-13:-15.082/9-10:-8.6313/9-11:-10.241/9-12:-11.309/10-11:-6.4989/10-13:-62.665/10-14:-4.8942/10-16:-0.14144/11-12:-51.674/11-13:-2.2408/11-16:-19.071/11-17:-26.823/12-13:-57.106/12-16:-27.752/13-16:-58.784/13-17:-10.235/13-19:-25.864/14-15:-7.045/15-18:-8.1592/16-17:-51.169/16-19:-34.118,11540,2.513404452626126e-11,4.507812500000002e-11,-1.6644861264321073e-06,4.178987818499591,641,1.3834671978536525e-12,59020,1.3203316903682807e-10,2.3054687500000008e-10,1.6440888514189048e-06,4.439549269998995e-06,2.4748737341529166e-06,4.136865320050163e-06,1,1,nan,0.25389209866679424,31,50/17/16/13/12/11/7/10/13/49/13/49/7/6/3/12/16/17/49/16/2/4/5/8/9/10/14/15/18/49/50,22,4389.3,1.0,,,4.036295243855315e-09,4,19/1/1/1,1/3/3/1,2,2,0.889728/0/0.110272,0.96206,19/1/1/1,6588/4253/8221/257,8127/4612/8401/440,6983/4331/6983/354,18/1/1/1,30/3/6/1,1,69854,66,493631124.2610572,278259812.5495786,1.7739935915938456,1,-265964964.787513,-227256869.417427,-247680009.823933,376119.016427,24534215.142764,17093824.026513,-218321280.244519,59701783.326127,28274,138009760.884653,135553471.31478,328475201.745403,294642522.759629,-145296917.909676,-150731183.206598,0.7135,0.9885,0.1197,0.1714,0.0066,0.1339,1.8834,0.2671,0.0071,0.5148,0.626,0.6162,1280,8574,31926,2819.9,662.9,446.1
