step,t_s,wall_s,dt,V0,Vt,M,nreg_used,nslab_n,nf3_col,runs,ncomp_min,ncomp_max,ncompbig_max,vols,ths,f3_pairs,f3_pairs_pos,nf3,f3_area_m2,f3_area_stair,f3_pos_m,f3_pos_dx,nf2,f2_area_m2,nf1,f1_area_m2,f1_area_stair,f3_std_m,n_lath,w_lath,a_lath,box_touch,finite,psi_mean,cfl_used,nslab_n1,runs1,nf3_col1,r_col_nm,col_cover_min,nslab_nu,nslab_nu1,E_el_J,nblk_sig,blk_laths,blk_vars,n_var_sig,n_habit,f_var,r_selfac,blk_nlath,blk_span_nm,blk_alen_nm,blk_wlen_nm,blk_nprof,blk_nruns,box_touch_core,core_vox,ncomp_all,dG_max_Jm3,dG_p999,dG_ratio,dG_near_max,ed_tip,ed_side,ed_wide,dG_tip,dG_side,dG_wide,ed_obl,dG_obl,n_obl,dG_tip_p90,dG_side_p90,dG_tip_max,dG_side_max,ed_tip_p90,ed_side_p90,v_tip_nsgn,v_tip_nabs,v_side_nsgn,v_side_nabs,v_wide_nabs,v_obl_nabs,v_tip_f1,v_side_f1,v_wide_f1,f1_tip,f1_side,f1_wide,n_tip,n_side,n_wide,tip_sep_nm,side_sep_nm,wide_sep_nm
0,0.0,4.09,7.638473182236092e-08,1.2475048828125007e-16,2.495117187500001e-19,72,1,1,0,1,0,1,1,0.249512/0/0/0/0/0/0/0/0/0/0/0/0/0/0/0/0/0/0/0/0/0/0/0/0/0/0/0/0/0/0/0/0/0/0/0/0/0/0/0/0/0/0/0/0/0/0/0/0/0/0/0/0/0/0/0/0/0/0/0/0/0/0/0/0/0/0/0/0/0/0/0,507.199/0/0/0/0/0/0/0/0/0/0/0/0/0/0/0/0/0/0/0/0/0/0/0/0/0/0/0/0/0/0/0/0/0/0/0/0/0/0/0/0/0/0/0/0/0/0/0/0/0/0/0/0/0/0/0/0/0/0/0/0/0/0/0/0/0/0/0/0/0/0/0,,,0,0.0,0.0,nan,nan,0,0.0,940,1.95694010763834e-12,3.671875000000001e-12,nan,5.071986094432838e-07,4.419417382415928e-07,1.042953646404103e-06,0,1,nan,nan,1,1,0,597.6,1.0,1,1,0.0,1,1,1,1,1,1/0/0,1.0,1,507,1043,442,1,1,0,1022,1,nan,nan,nan,-1,,,,,,,,,,,,,,,,,,,,,,,,,,,,0,0,0,1075.7,530.3,559.6
20,-0.0,78.92,7.638473182236092e-08,1.2439477539062505e-16,6.052246093750003e-19,72,3,3,2,3/1/2,0,7,1,0.172363/0.217529/0.215332/0/0/0/0/0/0/0/0/0/0/0/0/0/0/0/0/0/0/0/0/0/0/0/0/0/0/0/0/0/0/0/0/0/0/0/0/0/0/0/0/0/0/0/0/0/0/0/0/0/0/0/0/0/0/0/0/0/0/0/0/0/0/0/0/0/0/0/0/0,380.599/310.744/310.744/0/0/0/0/0/0/0/0/0/0/0/0/0/0/0/0/0/0/0/0/0/0/0/0/0/0/0/0/0/0/0/0/0/0/0/0/0/0/0/0/0/0/0/0/0/0/0/0/0/0/0/0/0/0/0/0/0/0/0/0/0/0/0/0/0/0/0/0/0,,,404,9.488029690126632e-13,1.5781250000000006e-12,-1.924638618275876e-06,0.0,0,0.0,2060,4.430703882312764e-12,8.046875000000003e-12,1.9470985553217161e-07,3.1074413252261684e-07,6.187184335382292e-07,1.1861708053595179e-06,0,1,nan,0.4870878887838088,3,3/1/2,2,728.1,1.0,,,1.2672573791711184e-10,,,,,,,,,,,,,,0,2467,13,398548143.36176205,138098063.1577496,2.8859792400310496,2,-331998607.757819,-364239298.126814,-406830161.199577,-180642037.877468,-236110232.212746,-613447.34048,-343806320.167196,-153994586.063178,717,-224688.008127,-127629758.174479,-82536.516094,-127129.269091,-252004766.623928,-281932969.362735,-9.5261,9.5261,-1.6535,1.6535,0.0142,1.1411,11.3878,1.7883,0.0314,0.8364,0.9241,0.4528,110,395,1272,,,
40,-0.0,136.18,7.638473182236092e-08,1.2445825195312506e-16,5.417480468750003e-19,72,3,3,2,3/1/2,0,7,1,0.163574/0.188477/0.189697/0/0/0/0/0/0/0/0/0/0/0/0/0/0/0/0/0/0/0/0/0/0/0/0/0/0/0/0/0/0/0/0/0/0/0/0/0/0/0/0/0/0/0/0/0/0/0/0/0/0/0/0/0/0/0/0/0/0/0/0/0/0/0/0/0/0/0/0/0,380.599/310.742/310.742/0/0/0/0/0/0/0/0/0/0/0/0/0/0/0/0/0/0/0/0/0/0/0/0/0/0/0/0/0/0/0/0/0/0/0/0/0/0/0/0/0/0/0/0/0/0/0/0/0/0/0/0/0/0/0/0/0/0/0/0/0/0/0/0/0/0/0/0/0,,,374,8.916786316162305e-13,1.4609375000000006e-12,-1.9279063980982113e-06,-0.05228447715736498,0,0.0,1856,3.943614518372542e-12,7.2500000000000024e-12,1.94209407553937e-07,3.107420867397374e-07,6.187184335382292e-07,1.153427360498524e-06,0,1,nan,0.4798087140513816,3,3/1/2,2,675.1,1.0,,,1.196809423209752e-10,,,,,,,,,,,,,,0,2213,7,392592130.81942934,137825863.38779473,2.8484648756729327,2,-382595796.667216,-330055626.039258,-410831198.374681,-170028002.008516,-190037792.921758,-526107.641335,-349812999.711066,-141468629.716381,610,-202729.894772,-11584635.209317,-59830.075702,-122011.35678,-256244238.087348,-253919918.792111,-8.4054,8.4054,-1.5036,1.5036,0.0137,0.9726,11.6551,1.6725,0.0315,0.7209,0.8981,0.4339,86,373,1157,,,
60,-0.0,187.49,7.638473182236092e-08,1.2449218750000005e-16,5.078125000000003e-19,72,3,3,2,3/1/2,0,1,1,0.161377/0.172852/0.173584/0/0/0/0/0/0/0/0/0/0/0/0/0/0/0/0/0/0/0/0/0/0/0/0/0/0/0/0/0/0/0/0/0/0/0/0/0/0/0/0/0/0/0/0/0/0/0/0/0/0/0/0/0/0/0/0/0/0/0/0/0/0/0/0/0/0/0/0/0,380.599/305.633/305.633/0/0/0/0/0/0/0/0/0/0/0/0/0/0/0/0/0/0/0/0/0/0/0/0/0/0/0/0/0/0/0/0/0/0/0/0/0/0/0/0/0/0/0/0/0/0/0/0/0/0/0/0/0/0/0/0/0/0/0/0/0/0/0/0/0/0/0/0/0,,,367,8.756241615154558e-13,1.4335937500000005e-12,-1.9274175682144647e-06,-0.04446319901741941,0,0.0,1714,3.653356264003238e-12,6.695312500000003e-12,1.9383473007238875e-07,3.0563296230118333e-07,6.187184335382292e-07,1.1084405361260903e-06,0,1,nan,0.4777841991560451,3,3/1/2,2,637.7,1.0,,,1.144086748729216e-10,,,,,,,,,,,,,,0,2080,1,390935619.39443946,137582245.5762237,2.841468517664601,2,-342225572.311817,-350874230.028543,-415869522.262224,-140533458.670753,-192374232.85218,-507402.519768,-351740627.603833,-130263008.854083,599,-219666.247284,-352661.924379,-33066.80001,-126876.813214,-245040654.820601,-235500076.217828,-6.9358,6.9358,-1.4274,1.4274,0.0136,0.8529,9.1393,1.6124,0.0321,0.7586,0.8842,0.4216,87,354,1046,,,
80,-0.0,242.28,7.638473182236092e-08,1.2451977539062505e-16,4.802246093750001e-19,72,3,3,2,3/1/2,0,1,1,0.160889/0.157959/0.161377/0/0/0/0/0/0/0/0/0/0/0/0/0/0/0/0/0/0/0/0/0/0/0/0/0/0/0/0/0/0/0/0/0/0/0/0/0/0/0/0/0/0/0/0/0/0/0/0/0/0/0/0/0/0/0/0/0/0/0/0/0/0/0/0/0/0/0/0/0,380.599/305.633/305.633/0/0/0/0/0/0/0/0/0/0/0/0/0/0/0/0/0/0/0/0/0/0/0/0/0/0/0/0/0/0/0/0/0/0/0/0/0/0/0/0/0/0/0/0/0/0/0/0/0/0/0/0/0/0/0/0/0/0/0/0/0/0/0/0/0/0/0/0/0,,,355,8.443342984280348e-13,1.3867187500000005e-12,-1.927562489012186e-06,-0.04678193178096089,0,0.0,1682,3.5690375769514577e-12,6.570312500000002e-12,1.9303319991036265e-07,3.0563296230118333e-07,6.187184335382292e-07,1.0470819893231584e-06,0,1,nan,0.4800773815229675,3,3/1/2,2,603.4,1.0,,,1.0971315263339657e-10,,,,,,,,,,,,,,0,1967,1,392811961.6229618,137516270.38024664,2.8564762594040425,3,-374431797.334247,-331580884.286581,-428234142.020369,-133130597.335877,-187936734.223961,-458048.373307,-337336614.043824,-135919817.979127,595,-161733.130421,-305663.8057,75295.69091,-122557.183407,-240686790.804843,-221195247.129649,-8.2349,8.2351,-1.3187,1.3187,0.0132,0.7961,12.096,1.4997,0.0329,0.6806,0.8782,0.3998,72,353,953,,,
100,-0.0,308.1,7.638473182236092e-08,1.2455224609375006e-16,4.477539062500002e-19,72,3,3,2,3/1/2,0,3,1,0.159424/0.143555/0.144775/0/0/0/0/0/0/0/0/0/0/0/0/0/0/0/0/0/0/0/0/0/0/0/0/0/0/0/0/0/0/0/0/0/0/0/0/0/0/0/0/0/0/0/0/0/0/0/0/0/0/0/0/0/0/0/0/0/0/0/0/0/0/0/0/0/0/0/0/0,380.599/305.633/305.633/0/0/0/0/0/0/0/0/0/0/0/0/0/0/0/0/0/0/0/0/0/0/0/0/0/0/0/0/0/0/0/0/0/0/0/0/0/0/0/0/0/0/0/0/0/0/0/0/0/0/0/0/0/0/0/0/0/0/0/0/0/0/0/0/0/0/0/0/0,1-2:0.405408/1-3:0.39322,1-2:-28.519/1-3:-33.869,340,7.986281194680961e-13,1.3281250000000005e-12,-1.9202788087856424e-06,0.06975695184373709,0,0.0,1650,3.5269195305439153e-12,6.445312500000003e-12,1.9125768206322496e-07,3.0563296230118333e-07,5.30330085889911e-07,1.0307102668926623e-06,0,1,nan,0.4836773948278736,3,3/1/2,2,592.6,1.0,,,1.0618150003536169e-10,1,3,1,1,1,1/0/0,1.0,3,995,1053,530,3,3,0,1834,1,395757587.3545529,137434552.75954226,2.8796076343841777,4,-390444601.617767,-345151668.296581,-428821292.378617,-127846016.876373,-177599027.526819,-444534.662423,-342564684.140896,-130861130.817038,573,-189936.292708,-238551.067716,115128.024157,-117458.635373,-224720164.070114,-240706659.514163,-9.5983,9.5987,-1.2814,1.2814,0.0133,0.7731,14.2617,1.5348,0.0341,0.6727,0.8333,0.3891,55,324,884,1401.9,795.5,395.9
120,1.0184666e-05,387.26,7.066431797835207e-08,1.2403955078125005e-16,9.604492187500005e-19,72,6,6,5,6/3/1/2/4/5,0,6,1,0.157715/0.101807/0.0979004/0.169434/0.2229/0.210693/0/0/0/0/0/0/0/0/0/0/0/0/0/0/0/0/0/0/0/0/0/0/0/0/0/0/0/0/0/0/0/0/0/0/0/0/0/0/0/0/0/0/0/0/0/0/0/0/0/0/0/0/0/0/0/0/0/0/0/0/0/0/0/0/0/0,382.04/242.333/242.333/247.444/310.746/310.746/0/0/0/0/0/0/0/0/0/0/0/0/0/0/0/0/0/0/0/0/0/0/0/0/0/0/0/0/0/0/0/0/0/0/0/0/0/0/0/0/0/0/0/0/0/0/0/0/0/0/0/0/0/0/0/0/0/0/0/0/0/0/0/0/0/0,,,1038,2.4362252390040422e-12,4.054687500000001e-12,-1.7253196420340146e-06,3.1891036198697806,0,0.0,2924,6.166616432438002e-12,1.1421875000000004e-11,4.263981068537452e-07,2.7909518637659705e-07,5.745242597140701e-07,1.1074084503963258e-06,0,1,nan,0.45740064032025574,6,6/3/1/2/4/5,5,790.1,1.0,,,2.5664742222058587e-10,,,,,,,,,,,,,,0,3932,3,404554106.4837524,140698118.63404408,2.8753341580636054,2,-394852720.314439,-405152851.686849,-439475155.971791,-137789749.859403,-251214938.945029,-549345.790523,-407859505.050051,-144919348.162944,1085,-187687.425618,-313143.623167,132000.340616,330274.458104,-257566108.014165,-311811324.781491,-7.1883,7.1886,-1.4734,1.4735,0.0102,0.8715,11.7435,1.7484,0.032,0.6115,0.8414,0.3163,157,473,2229,,,
140,1.0184666e-05,451.48,7.066431797835207e-08,1.2409912109375004e-16,9.008789062500005e-19,72,6,6,5,6/3/1/2/4/5,0,5,1,0.156494/0.101318/0.0939941/0.165771/0.202881/0.18042/0/0/0/0/0/0/0/0/0/0/0/0/0/0/0/0/0/0/0/0/0/0/0/0/0/0/0/0/0/0/0/0/0/0/0/0/0/0/0/0/0/0/0/0/0/0/0/0/0/0/0/0/0/0/0/0/0/0/0/0/0/0/0/0/0/0,382.04/242.333/242.331/247.444/310.746/310.744/0/0/0/0/0/0/0/0/0/0/0/0/0/0/0/0/0/0/0/0/0/0/0/0/0/0/0/0/0/0/0/0/0/0/0/0/0/0/0/0/0/0/0/0/0/0/0/0/0/0/0/0/0/0/0/0/0/0/0/0/0/0/0/0/0/0,,,995,2.3381701737529114e-12,3.8867187500000015e-12,-1.726327417619695e-06,3.172979210498896,0,0.0,2798,5.896098367321621e-12,1.0929687500000003e-11,4.230986065398847e-07,2.790941634851576e-07,5.745242597140701e-07,1.0624216260238915e-06,0,1,nan,0.46239406898123603,6,6/3/1/2/4/5,5,748.3,1.0,,,2.4364838146564364e-10,,,,,,,,,,,,,,0,3687,4,408970611.1673026,140503090.39270428,2.91075883117044,2,-392891766.375403,-388763949.778429,-444518121.482092,-142836716.381117,-196856683.614828,-544984.652978,-415501033.222491,-134614448.504722,1103,-83132.946952,-256872.024918,212670.878854,280594.680343,-283742419.223373,-279671701.306567,-6.0758,6.0771,-1.2234,1.2235,0.0095,0.6903,10.6223,1.5511,0.033,0.5714,0.7864,0.2873,154,412,2036,,,
160,1.0184666e-05,513.88,7.066431797835207e-08,1.2414038085937505e-16,8.596191406250004e-19,72,6,6,5,6/3/1/2/4/5,0,7,1,0.155518/0.0981445/0.0910645/0.161377/0.192139/0.161377/0/0/0/0/0/0/0/0/0/0/0/0/0/0/0/0/0/0/0/0/0/0/0/0/0/0/0/0/0/0/0/0/0/0/0/0/0/0/0/0/0/0/0/0/0/0/0/0/0/0/0/0/0/0/0/0/0/0/0/0/0/0/0/0/0/0,383.482/242.331/242.331/247.444/310.746/310.744/0/0/0/0/0/0/0/0/0/0/0/0/0/0/0/0/0/0/0/0/0/0/0/0/0/0/0/0/0/0/0/0/0/0/0/0/0/0/0/0/0/0/0/0/0/0/0/0/0/0/0/0/0/0/0/0/0/0/0/0/0/0/0/0/0/0,,,974,2.2900067634505876e-12,3.804687500000001e-12,-1.723898982750492e-06,3.211834168406143,0,0.0,2754,5.835877774443694e-12,1.0757812500000004e-11,4.2244550868653237e-07,2.790941634851576e-07,5.745242597140701e-07,1.015370630191929e-06,0,1,nan,0.4694410820312085,6,6/3/1/2/4/5,5,749.0,1.0,,,2.3606150626960865e-10,,,,,,,,,,,,,,0,3521,1,415203435.9963515,140426965.9009868,2.9567215479760915,2,-401655049.75409,-388508596.872329,-447511316.498405,-692878.736103,-187307999.816792,-505121.487638,-409511130.489999,-116488814.794644,1104,120992.684027,-238551.096127,623554.015308,347506.427286,-281265714.0297,-253776362.139625,-5.1472,5.1496,-1.1077,1.1078,0.0094,0.6678,10.5282,1.4425,0.0355,0.4884,0.765,0.2632,129,383,1911,,,
180,1.0184666e-05,576.32,7.066431797835207e-08,1.2417260742187506e-16,8.273925781250003e-19,72,6,6,5,6/3/1/2/4/5,0,10,1,0.154785/0.0974121/0.0898438/0.159912/0.178223/0.147217/0/0/0/0/0/0/0/0/0/0/0/0/0/0/0/0/0/0/0/0/0/0/0/0/0/0/0/0/0/0/0/0/0/0/0/0/0/0/0/0/0/0/0/0/0/0/0/0/0/0/0/0/0/0/0/0/0/0/0/0/0/0/0/0/0/0,383.482/242.331/242.331/247.444/305.635/304.194/0/0/0/0/0/0/0/0/0/0/0/0/0/0/0/0/0/0/0/0/0/0/0/0/0/0/0/0/0/0/0/0/0/0/0/0/0/0/0/0/0/0/0/0/0/0/0/0/0/0/0/0/0/0/0/0/0/0/0/0/0/0/0/0/0/0,,,965,2.2678581361551543e-12,3.769531250000001e-12,-1.7279740112593148e-06,3.1466337122649786,0,0.0,2734,5.7986744464437834e-12,1.0679687500000004e-11,4.228496441548205e-07,2.7581887792008323e-07,5.745242597140701e-07,1.0061526832469167e-06,0,1,nan,0.4740268461420523,6,6/3/1/2/4/5,5,751.2,1.0,,,2.3039328758109535e-10,,,,,,,,,,,,,,0,3387,3,419259376.3227768,140421820.69418558,2.9857138602115914,1,-414254875.079614,-382693248.949487,-450792519.642993,-536219.981118,-166772411.593278,-503289.12542,-408380268.86403,-116771855.975826,1109,174797.992814,-228272.271348,861453.482348,444584.133182,-296378236.729809,-230566294.969297,-4.2003,4.2038,-1.0217,1.0221,0.009,0.5291,10.6314,1.3643,0.0361,0.3945,0.7459,0.2497,109,366,1810,,,
200,1.0184666e-05,637.63,7.066431797835207e-08,1.2420312500000006e-16,7.968750000000004e-19,72,6,6,5,6/3/1/2/4/5,0,10,1,0.154053/0.0976563/0.0883789/0.158936/0.16333/0.134521/0/0/0/0/0/0/0/0/0/0/0/0/0/0/0/0/0/0/0/0/0/0/0/0/0/0/0/0/0/0/0/0/0/0/0/0/0/0/0/0/0/0/0/0/0/0/0/0/0/0/0/0/0/0/0/0/0/0/0/0/0/0/0/0/0/0,383.482/242.331/243.77/247.444/305.635/304.192/0/0/0/0/0/0/0/0/0/0/0/0/0/0/0/0/0/0/0/0/0/0/0/0/0/0/0/0/0/0/0/0/0/0/0/0/0/0/0/0/0/0/0/0/0/0/0/0/0/0/0/0/0/0/0/0/0/0/0/0/0/0/0/0/0/0,1-2:0.389763/1-3:0.374528/2-4:0.417187/3-6:0.40359/4-5:0.661461,1-2:-28.507/1-3:-33.887/2-4:-24.613/3-6:-37.811/4-5:-20.653,958,2.2465285859738495e-12,3.742187500000002e-12,-1.725161393170487e-06,3.1916356016862224,0,0.0,2682,5.727265564295697e-12,1.0476562500000003e-11,4.211482353719486e-07,2.758178550286432e-07,5.30330085889911e-07,9.785696670347428e-07,0,1,nan,0.47741563943395626,6,6/3/1/2/4/5,5,752.0,1.0,,,2.261038841107514e-10,1,6,1,1,1,1/0/0,1.0,6,1730,1245,619,6,6,0,3264,1,422256639.81874484,140437734.67884076,3.006717822559443,1,-420929542.018181,-393132409.313799,-452083719.766893,-640008.726545,-177885614.580096,-500611.776431,-404819071.815157,-107095543.185479,1099,153195.877985,-224425.532814,1033560.321666,473880.007995,-313272683.383932,-259383979.332125,-5.3392,5.3425,-1.0522,1.053,0.0092,0.4814,12.2217,1.4824,0.0377,0.4364,0.7068,0.244,110,307,1758,1342.6,795.5,387.1
220,2.0369332e-05,713.52,6.574100727035609e-08,1.2367944335937506e-16,1.3205566406250006e-18,72,9,9,8,7/6/3/1/2/4/5/8/9,0,16,1,0.154297/0.097168/0.088623/0.157227/0.118164/0.095459/0.209229/0.174072/0.226318/0/0/0/0/0/0/0/0/0/0/0/0/0/0/0/0/0/0/0/0/0/0/0/0/0/0/0/0/0/0/0/0/0/0/0/0/0/0/0/0/0/0/0/0/0/0/0/0/0/0/0/0/0/0/0/0/0/0/0/0/0/0/0,383.482/242.331/243.77/247.444/242.337/240.892/310.744/247.446/310.746/0/0/0/0/0/0/0/0/0/0/0/0/0/0/0/0/0/0/0/0/0/0/0/0/0/0/0/0/0/0/0/0/0/0/0/0/0/0/0/0/0/0/0/0/0/0/0/0/0/0/0/0/0/0/0/0/0/0/0/0/0/0/0,,,1668,3.900909034445044e-12,6.5156250000000025e-12,-1.5625627474610063e-06,5.793213933037913,0,0.0,4008,8.488484481241475e-12,1.5656250000000007e-11,6.374190398635112e-07,2.4744419444769775e-07,6.187184335382292e-07,1.10844053612609e-06,0,1,nan,0.42846969064092055,9,7/6/3/1/2/4/5/8/9,8,799.8,1.0,,,3.801233324561024e-10,,,,,,,,,,,,,,0,5409,1,407346293.8425781,147639948.22802633,2.7590519959641386,1,-394379493.867556,-416873012.232013,-455972821.380075,-108440889.039272,-237804928.936939,-547161.240726,-431951888.013519,-39511285.496744,1520,-85385.309431,-243285.171425,1209076.880215,1125939.004133,-274431086.397798,-313895147.023542,-4.9327,4.935,-1.2412,1.242,0.0084,0.5483,8.3692,1.6048,0.0324,0.589,0.7714,0.2575,236,525,3142,,,
240,2.0369332e-05,784.39,6.574100727035609e-08,1.2373413085937505e-16,1.2658691406250005e-18,72,9,9,8,7/6/3/1/2/4/5/8/9,0,15,1,0.154297/0.0969238/0.0883789/0.157227/0.114746/0.0895996/0.185547/0.167725/0.211426/0/0/0/0/0/0/0/0/0/0/0/0/0/0/0/0/0/0/0/0/0/0/0/0/0/0/0/0/0/0/0/0/0/0/0/0/0/0/0/0/0/0/0/0/0/0/0/0/0/0/0/0/0/0/0/0/0/0/0/0/0/0/0,383.482/242.331/243.77/247.444/242.337/240.892/310.744/247.446/310.742/0/0/0/0/0/0/0/0/0/0/0/0/0/0/0/0/0/0/0/0/0/0/0/0/0/0/0/0/0/0/0/0/0/0/0/0/0/0/0/0/0/0/0/0/0/0/0/0/0/0/0/0/0/0/0/0/0/0/0/0/0/0/0,,,1635,3.8240934289569934e-12,6.3867187500000026e-12,-1.549707777672894e-06,5.998893449647709,0,0.0,3950,8.348679738882947e-12,1.5429687500000006e-11,6.283527288688942e-07,2.4744419444769775e-07,6.187184335382292e-07,1.10844053612609e-06,0,1,nan,0.42794430434331326,9,7/6/3/1/2/4/5/8/9,8,777.9,1.0,,,3.676723032961934e-10,,,,,,,,,,,,,,0,5184,2,406846808.8945393,147613480.86768067,2.756162963592959,1,-412370452.697146,-404734577.779481,-458612746.633442,-594965.128837,-184764735.863457,-537846.673175,-427325949.275856,-1007206.077244,1558,-73569.279473,-225397.53578,1203578.731266,1075197.975329,-295083451.60097,-287340063.729458,-4.5409,4.5436,-1.0186,1.0198,0.0079,0.5476,9.3735,1.4143,0.0322,0.484,0.7174,0.2434,188,453,2995,,,
260,2.0369332e-05,1052.54,6.574100727035609e-08,1.2377124023437505e-16,1.2287597656250007e-18,72,9,9,8,7/6/3/1/2/4/5/8/9,0,15,1,0.153809/0.0966797/0.0883789/0.156982/0.114258/0.0883789/0.163818/0.164795/0.20166/0/0/0/0/0/0/0/0/0/0/0/0/0/0/0/0/0/0/0/0/0/0/0/0/0/0/0/0/0/0/0/0/0/0/0/0/0/0/0/0/0/0/0/0/0/0/0/0/0/0/0/0/0/0/0/0/0/0/0/0/0/0/0,383.482/242.331/245.216/247.444/242.337/240.892/310.744/247.446/307.079/0/0/0/0/0/0/0/0/0/0/0/0/0/0/0/0/0/0/0/0/0/0/0/0/0/0/0/0/0/0/0/0/0/0/0/0/0/0/0/0/0/0/0/0/0/0/0/0/0/0/0/0/0/0/0/0/0/0/0/0/0/0/0,,,1629,3.812404743542966e-12,6.363281250000003e-12,-1.5478921160984632e-06,6.027944034838604,0,0.0,3860,8.169393595127135e-12,1.5078125000000004e-11,6.264004827405803e-07,2.4744419444769775e-07,6.187184335382292e-07,1.1084405361260899e-06,0,1,nan,0.42925818189234194,9,7/6/3/1/2/4/5/8/9,8,775.7,1.0,,,3.5914145873780635e-10,,,,,,,,,,,,,,0,5032,2,408095912.7678126,147566415.56253555,2.765506712432614,1,-409591448.396961,-404507467.796154,-459584628.702711,-677708.462481,-171604888.514764,-528189.016601,-431494003.771934,-913482.753713,1470,-17093.625515,-227757.792442,1106124.513772,823425.261936,-278182342.728937,-265387135.804774,-4.4253,4.4282,-0.934,0.9346,0.008,0.3997,9.2357,1.3113,0.0339,0.4787,0.7088,0.2349,188,443,2942,,,
280,2.0369332e-05,1175.84,6.574100727035609e-08,1.2380151367187505e-16,1.1984863281250006e-18,72,9,9,8,7/6/3/1/2/4/5/8/9,0,16,1,0.153564/0.0966797/0.0881348/0.15625/0.114014/0.0874023/0.154053/0.163086/0.185303/0/0/0/0/0/0/0/0/0/0/0/0/0/0/0/0/0/0/0/0/0/0/0/0/0/0/0/0/0/0/0/0/0/0/0/0/0/0/0/0/0/0/0/0/0/0/0/0/0/0/0/0/0/0/0/0/0/0/0/0/0/0/0,383.482/242.331/245.216/247.444/242.337/240.892/310.744/247.446/307.076/0/0/0/0/0/0/0/0/0/0/0/0/0/0/0/0/0/0/0/0/0/0/0/0/0/0/0/0/0/0/0/0/0/0/0/0/0/0/0/0/0/0/0/0/0/0/0/0/0/0/0/0/0/0/0/0/0/0/0/0/0/0/0,,,1619,3.785890203699356e-12,6.324218750000003e-12,-1.5465598170209153e-06,6.049260820079369,0,0.0,3830,8.128094625833722e-12,1.4960937500000007e-11,6.251655825683659e-07,2.4744419444769775e-07,5.30330085889911e-07,1.0777612627246244e-06,0,1,nan,0.4292700274299419,9,7/6/3/1/2/4/5/8/9,8,779.0,1.0,,,3.527706772329858e-10,,,,,,,,,,,,,,0,4905,5,408107174.3248033,147554445.47294033,2.765807380568857,1,-420586328.821792,-404323536.947498,-462273010.746927,-357574.52033,-164861258.474382,-524772.036494,-424124939.158925,-1023529.417864,1506,136234.55702,-221980.567773,1096486.12062,409651.706704,-334113274.111309,-276055598.632716,-3.891,3.8942,-0.9304,0.931,0.0074,0.3521,10.3637,1.3078,0.0342,0.375,0.708,0.2139,168,435,2810,,,
300,2.0369332e-05,1765.14,6.574100727035609e-08,1.2382958984375006e-16,1.1704101562500006e-18,72,9,9,8,7/6/3/1/2/4/5/8/9,0,18,1,0.153564/0.0957031/0.0869141/0.155762/0.113281/0.0859375/0.139404/0.161377/0.178467/0/0/0/0/0/0/0/0/0/0/0/0/0/0/0/0/0/0/0/0/0/0/0/0/0/0/0/0/0/0/0/0/0/0/0/0/0/0/0/0/0/0/0/0/0/0/0/0/0/0/0/0/0/0/0/0/0/0/0/0/0/0/0,383.482/242.331/245.216/247.444/242.337/240.892/305.633/247.446/307.076/0/0/0/0/0/0/0/0/0/0/0/0/0/0/0/0/0/0/0/0/0/0/0/0/0/0/0/0/0/0/0/0/0/0/0/0/0/0/0/0/0/0/0/0/0/0/0/0/0/0/0/0/0/0/0/0/0/0/0/0/0/0/0,1-2:0.389763/1-3:0.375847/2-4:0.404589/3-6:0.377075/4-5:0.63058/5-8:0.488728/6-7:0.390582/8-9:0.689613,1-2:-28.507/1-3:-33.872/2-4:-24.617/3-6:-37.805/4-5:-20.659/5-8:-16.721/6-7:-41.658/8-9:-12.762,1604,3.746777810909365e-12,6.265625000000003e-12,-1.5449672822935237e-06,6.074741375717634,0,0.0,3774,8.020758929626784e-12,1.4742187500000005e-11,6.252841777283581e-07,2.4744419444769775e-07,5.30330085889911e-07,1.016402715921693e-06,0,1,nan,0.43040555018574517,9,7/6/3/1/2/4/5/8/9,8,777.9,1.0,,,3.474356555199509e-10,1,9,1,1,1,1/0/0,1.0,9,2468,1327,619,9,9,0,4790,5,409186716.22999257,147540568.9793627,2.7733844261318237,1,-417713593.862194,-412185156.969792,-463271086.77353,-280006.755363,-135679006.692877,-522356.783063,-424976591.152435,-1039196.560316,1487,192519.553335,-210509.276085,1096170.80244,506208.435262,-354199745.925634,-248833367.675479,-3.0714,3.0747,-0.8819,0.8825,0.0072,0.3651,9.8478,1.3235,0.0348,0.3114,0.6627,0.2056,167,418,2724,1302.7,751.3,374.0
320,3.0553998e-05,1852.27,6.145904459109765e-08,1.2330126953125004e-16,1.6987304687500007e-18,72,12,12,11,12/7/6/3/1/2/4/5/8/9/10/11,0,16,1,0.153564/0.0947266/0.0869141/0.155029/0.112061/0.0849609/0.0961914/0.157715/0.13208/0.176514/0.230225/0.21875/0/0/0/0/0/0/0/0/0/0/0/0/0/0/0/0/0/0/0/0/0/0/0/0/0/0/0/0/0/0/0/0/0/0/0/0/0/0/0/0/0/0/0/0/0/0/0/0/0/0/0/0/0/0/0/0/0/0/0/0,383.482/242.331/245.216/247.444/242.337/240.892/242.335/247.446/243.779/243.779/310.746/312.177/0/0/0/0/0/0/0/0/0/0/0/0/0/0/0/0/0/0/0/0/0/0/0/0/0/0/0/0/0/0/0/0/0/0/0/0/0/0/0/0/0/0/0/0/0/0/0/0/0/0/0/0/0/0/0/0/0/0/0/0,,,2321,5.439632011615732e-12,9.066406250000004e-12,-1.386516627445249e-06,8.60995185329003,0,0.0,5052,1.0662093474303408e-11,1.9734375000000008e-11,8.461271359864331e-07,2.4449724004653567e-07,5.745242597140701e-07,1.1462735850130398e-06,0,1,nan,0.3837407605836173,12,12/7/6/3/1/2/4/5/8/9/10/11,11,884.3,1.0,,,5.036126955655312e-10,,,,,,,,,,,,,,0,6958,1,390240325.01719266,153552069.81667826,2.541420154629568,1,-399607824.33315,-428689289.237054,-464028865.193305,-484611.923474,-223129214.67848,-523584.733018,-434703694.346979,-1077085.024593,1987,3567.933839,-217308.324061,1103234.397168,502247.642929,-255143584.664591,-315893969.223726,-3.0801,3.0823,-1.0472,1.0477,0.0069,0.4503,6.9978,1.4531,0.0302,0.4396,0.7182,0.227,298,589,4102,,,
340,3.0553998e-05,1929.14,6.145904459109765e-08,1.2334912109375006e-16,1.6508789062500007e-18,72,12,12,11,12/7/6/3/1/2/4/5/8/9/10/11,0,18,1,0.15332/0.0942383/0.0869141/0.155029/0.111084/0.0847168/0.095459/0.156982/0.128906/0.172119/0.213623/0.198486/0/0/0/0/0/0/0/0/0/0/0/0/0/0/0/0/0/0/0/0/0/0/0/0/0/0/0/0/0/0/0/0/0/0/0/0/0/0/0/0/0/0/0/0/0/0/0/0/0/0/0/0/0/0/0/0/0/0/0/0,383.482/242.331/245.216/247.444/242.337/240.892/242.335/248.875/243.777/243.779/310.744/312.177/0/0/0/0/0/0/0/0/0/0/0/0/0/0/0/0/0/0/0/0/0/0/0/0/0/0/0/0/0/0/0/0/0/0/0/0/0/0/0/0/0/0/0/0/0/0/0/0/0/0/0/0/0/0/0/0/0/0/0/0,,,2293,5.3727767190337985e-12,8.957031250000004e-12,-1.384913425666847e-06,8.635603081744462,0,0.0,4964,1.0486264587009138e-11,1.939062500000001e-11,8.40961640771997e-07,2.4449724004653567e-07,5.745242597140701e-07,1.1462735850130398e-06,0,1,nan,0.38465594720086943,12,12/7/6/3/1/2/4/5/8/9/10/11,11,828.6,1.0,,,4.920361794254601e-10,,,,,,,,,,,,,,0,6762,1,391171012.50117195,153541446.68239835,2.547657462875885,1,-399083706.947524,-423268414.695848,-464764712.754466,-414901.208303,-186937396.029925,-514797.94904,-435540461.227947,-878403.068546,1967,46354.969473,-207397.90563,1425471.615521,831080.955333,-282370399.318104,-296450583.920784,-2.9945,2.9985,-0.9339,0.9346,0.0067,0.419,7.1488,1.3469,0.0305,0.4184,0.6905,0.2193,239,559,4008,,,
360,3.0553998e-05,2009.94,6.145904459109765e-08,1.2338256835937506e-16,1.6174316406250008e-18,72,12,12,11,12/7/6/3/1/2/4/5/8/9/10/11,0,18,1,0.153564/0.0942383/0.0864258/0.155029/0.11084/0.0837402/0.0932617/0.156494/0.12793/0.167969/0.207764/0.180176/0/0/0/0/0/0/0/0/0/0/0/0/0/0/0/0/0/0/0/0/0/0/0/0/0/0/0/0/0/0/0/0/0/0/0/0/0/0/0/0/0/0/0/0/0/0/0/0/0/0/0/0/0/0/0/0/0/0/0/0,383.482/242.331/245.216/247.444/242.335/240.887/242.335/248.875/243.777/243.779/310.744/312.177/0/0/0/0/0/0/0/0/0/0/0/0/0/0/0/0/0/0/0/0/0/0/0/0/0/0/0/0/0/0/0/0/0/0/0/0/0/0/0/0/0/0/0/0/0/0/0/0/0/0/0/0/0/0/0/0/0/0/0/0,,,2262,5.292823944530193e-12,8.835937500000003e-12,-1.379079091869757e-06,8.728952422497901,0,0.0,4946,1.0460429984838698e-11,1.9320312500000007e-11,8.357991309223136e-07,2.4449724004653567e-07,5.745242597140701e-07,1.1309339483123071e-06,0,1,nan,0.38484756680828397,12,12/7/6/3/1/2/4/5/8/9/10/11,11,827.1,1.0,,,4.834663192910418e-10,,,,,,,,,,,,,,0,6622,4,391365877.6433669,153555982.41592887,2.5486853164945087,1,-412425205.929551,-422718070.930646,-465964191.960018,-317329.002992,-166429727.791344,-502037.602871,-431989790.896135,-871974.062,1974,243670.236095,-200057.029573,1412604.121169,678741.522811,-284076385.538556,-278576662.449994,-2.5682,2.5727,-0.8645,0.8651,0.0064,0.3969,7.7614,1.2889,0.031,0.3303,0.6673,0.2065,218,520,3923,,,
380,3.0553998e-05,2099.69,6.145904459109765e-08,1.2341601562500007e-16,1.5839843750000007e-18,72,12,12,11,12/7/6/3/1/2/4/5/8/9/10/11,0,17,1,0.152588/0.0942383/0.0861816/0.154297/0.109375/0.083252/0.0908203/0.155518/0.126953/0.165527/0.195801/0.169434/0/0/0/0/0/0/0/0/0/0/0/0/0/0/0/0/0/0/0/0/0/0/0/0/0/0/0/0/0/0/0/0/0/0/0/0/0/0/0/0/0/0/0/0/0/0/0/0/0/0/0/0/0/0/0/0/0/0/0/0,383.482/242.331/245.216/247.444/242.335/240.887/242.335/248.875/243.777/243.779/310.744/312.177/0/0/0/0/0/0/0/0/0/0/0/0/0/0/0/0/0/0/0/0/0/0/0/0/0/0/0/0/0/0/0/0/0/0/0/0/0/0/0/0/0/0/0/0/0/0/0/0/0/0/0/0/0/0/0/0/0/0/0/0,,,2248,5.2580774642883785e-12,8.781250000000004e-12,-1.3792370661245033e-06,8.72642483442196,0,0.0,4932,1.0473159353183082e-11,1.9265625000000006e-11,8.35728804170749e-07,2.4449724004653567e-07,5.745242597140701e-07,1.1166263973413384e-06,0,1,nan,0.383307731825142,12,12/7/6/3/1/2/4/5/8/9/10/11,11,830.1,1.0,,,4.769605960863837e-10,,,,,,,,,,,,,,0,6486,3,389799961.88456064,153551267.81622353,2.5385655711491046,2,-413610772.748264,-415241442.52415,-466887650.122699,-273958.639028,-151333892.560439,-499199.376617,-432123748.455329,-748814.61176,1894,252397.746298,-198092.787502,1409353.520517,853375.447823,-305495940.647222,-288968366.901272,-2.336,2.3403,-0.7898,0.7908,0.0064,0.3397,7.8539,1.2033,0.032,0.2968,0.6528,0.1992,219,527,3851,,,
400,3.0553998e-05,2191.99,6.145904459109765e-08,1.2344799804687507e-16,1.5520019531250007e-18,72,12,12,11,12/7/6/3/1/2/4/5/8/9/10/11,0,17,1,0.152588/0.0942383/0.0859375/0.153076/0.108887/0.0820313/0.0891113/0.155029/0.125977/0.164307/0.183594/0.157227/0/0/0/0/0/0/0/0/0/0/0/0/0/0/0/0/0/0/0/0/0/0/0/0/0/0/0/0/0/0/0/0/0/0/0/0/0/0/0/0/0/0/0/0/0/0/0/0/0/0/0/0/0/0/0/0/0/0/0/0,383.482/242.331/245.216/247.444/242.335/240.887/242.335/248.875/243.777/243.779/309.305/307.066/0/0/0/0/0/0/0/0/0/0/0/0/0/0/0/0/0/0/0/0/0/0/0/0/0/0/0/0/0/0/0/0/0/0/0/0/0/0/0/0/0/0/0/0/0/0/0/0/0/0/0/0/0/0/0/0/0/0/0/0,1-2:0.389763/1-3:0.375847/2-4:0.392401/3-6:0.362749/4-5:0.62103/5-8:0.453162/6-7:0.353608/7-12:0.408455/8-9:0.666556/9-10:0.509238/10-11:0.691342,1-2:-28.507/1-3:-33.872/2-4:-24.609/3-6:-37.814/4-5:-20.662/5-8:-16.722/6-7:-41.669/7-12:-45.559/8-9:-12.758/9-10:-8.7933/10-11:-4.8372,2236,5.2241501890221224e-12,8.734375000000004e-12,-1.3762800110222616e-06,8.773737716057829,0,0.0,4926,1.0475977201921225e-11,1.924218750000001e-11,8.346359223924907e-07,2.4449724004653567e-07,5.745242597140701e-07,1.1002546749108416e-06,0,1,nan,0.3843221379564364,12,12/7/6/3/1/2/4/5/8/9/10/11,11,831.0,1.0,,,4.71588368978498e-10,1,12,1,1,1,1/0/0,1.0,12,3208,1501,619,12,12,0,6355,3,390831549.401544,153567714.71661338,2.545011170627668,2,-415608093.947271,-413599932.2391,-467978840.294151,-271382.817267,-134782690.745697,-489351.924903,-430227715.643738,-762200.183489,1888,259315.57421,-202485.732291,1397501.10754,377722.371147,-320111915.192252,-273524925.011085,-2.6,2.6048,-0.7544,0.755,0.0062,0.315,9.1529,1.1826,0.0327,0.2837,0.6337,0.1891,208,505,3760,1214.8,740.3,348.9
420,4.0738664e-05,2299.55,5.7700773049183284e-08,1.2291259765625006e-16,2.087402343750001e-18,72,15,15,14,15/13/12/7/6/3/1/2/4/5/8/9/10/11/14,0,17,1,0.1521/0.0944824/0.0847168/0.1521/0.109131/0.081543/0.0881348/0.154297/0.125732/0.162354/0.135254/0.112793/0.17627/0.226318/0.232178/0/0/0/0/0/0/0/0/0/0/0/0/0/0/0/0/0/0/0/0/0/0/0/0/0/0/0/0/0/0/0/0/0/0/0/0/0/0/0/0/0/0/0/0/0/0/0/0/0/0/0/0/0/0/0/0/0,383.482/243.766/245.216/247.444/242.335/240.887/242.335/248.875/243.777/243.779/242.335/243.768/243.779/308.52/310.748/0/0/0/0/0/0/0/0/0/0/0/0/0/0/0/0/0/0/0/0/0/0/0/0/0/0/0/0/0/0/0/0/0/0/0/0/0/0/0/0/0/0/0/0/0/0/0/0/0/0/0/0/0/0/0/0/0,,,2979,6.98040344874032e-12,1.1636718750000004e-11,-1.5953365039719474e-06,5.2688338288628564,0,0.0,6214,1.3113496174246288e-11,2.427343750000001e-11,1.1068312168774299e-06,2.437785624836182e-07,6.187184335382292e-07,1.1841066338999895e-06,0,1,nan,0.34769980783782534,15,15/13/12/7/6/3/1/2/4/5/8/9/10/11/14,14,923.3,1.0,,,6.303372790484924e-10,,,,,,,,,,,,,,0,8550,1,376619529.36645585,160138557.1539438,2.3518354109086004,2,-408065022.433354,-433220087.559672,-469705240.305841,-539016.217254,-206276904.029883,-506570.755272,-435469273.003451,-759438.647009,2446,226989.146559,-209515.59804,918538.245585,401585.890701,-272062126.62081,-320453707.384119,-2.8506,2.8538,-0.9018,0.9024,0.0058,0.3564,6.6283,1.3113,0.0283,0.4296,0.6846,0.2029,291,669,5154,,,
440,4.0738664e-05,2393.95,5.7700773049183284e-08,1.2295483398437506e-16,2.045166015625001e-18,72,15,15,14,15/13/12/7/6/3/1/2/4/5/8/9/10/11/14,0,17,1,0.1521/0.0944824/0.0842285/0.150879/0.108643/0.0810547/0.0876465/0.153809/0.125244/0.161865/0.128906/0.111816/0.172852/0.212891/0.21875/0/0/0/0/0/0/0/0/0/0/0/0/0/0/0/0/0/0/0/0/0/0/0/0/0/0/0/0/0/0/0/0/0/0/0/0/0/0/0/0/0/0/0/0/0/0/0/0/0/0/0/0/0/0/0/0/0,383.482/243.766/245.216/247.444/242.335/240.887/242.335/248.875/243.777/243.779/242.335/243.768/243.779/308.52/310.746/0/0/0/0/0/0/0/0/0/0/0/0/0/0/0/0/0/0/0/0/0/0/0/0/0/0/0/0/0/0/0/0/0/0/0/0/0/0/0/0/0/0/0/0/0/0/0/0/0/0/0/0/0/0/0/0/0,,,2958,6.92432729045577e-12,1.1554687500000005e-11,-1.5938866852795674e-06,5.292030927940935,0,0.0,6172,1.3035632261784925e-11,2.410937500000001e-11,1.103545170458864e-06,2.437785624836182e-07,6.187184335382292e-07,1.1841066338999895e-06,0,1,nan,0.34692653284414904,15,15/13/12/7/6/3/1/2/4/5/8/9/10/11/14,14,922.3,1.0,,,6.206191168561054e-10,,,,,,,,,,,,,,0,8377,1,375781937.6921888,160092796.96028346,2.347275735243819,2,-415345008.725329,-421983492.852673,-469718670.796297,-393874.786505,-169707388.770075,-511239.208078,-437199524.054941,-698081.84352,2376,258346.497412,-213378.251481,840554.61726,411827.81962,-297290504.536476,-303826162.850275,-2.5406,2.5447,-0.7898,0.7904,0.0059,0.3281,6.937,1.2009,0.029,0.3658,0.6537,0.2029,257,644,5106,,,
460,4.0738664e-05,2484.59,5.7700773049183284e-08,1.2298291015625005e-16,2.017089843750001e-18,72,15,15,14,15/13/12/7/6/3/1/2/4/5/8/9/10/11/14,0,18,1,0.1521/0.0944824/0.0834961/0.150391/0.108154/0.079834/0.0869141/0.152832/0.125488/0.161621/0.125244/0.112305/0.171875/0.203613/0.20874/0/0/0/0/0/0/0/0/0/0/0/0/0/0/0/0/0/0/0/0/0/0/0/0/0/0/0/0/0/0/0/0/0/0/0/0/0/0/0/0/0/0/0/0/0/0/0/0/0/0/0/0/0/0/0/0/0,383.482/243.766/245.216/250.323/243.779/240.885/243.777/248.875/243.777/243.779/242.335/243.768/243.779/308.52/310.744/0/0/0/0/0/0/0/0/0/0/0/0/0/0/0/0/0/0/0/0/0/0/0/0/0/0/0/0/0/0/0/0/0/0/0/0/0/0/0/0/0/0/0/0/0/0/0/0/0/0/0/0/0/0/0/0/0,,,2929,6.850468033839675e-12,1.1441406250000004e-11,-1.5909123331567022e-06,5.339620561906779,0,0.0,6124,1.2950036293623503e-11,2.392187500000001e-11,1.1009032766769281e-06,2.437785624836182e-07,6.187184335382292e-07,1.1841066338999895e-06,0,1,nan,0.3471586257866463,15,15/13/12/7/6/3/1/2/4/5/8/9/10/11/14,14,879.9,1.0,,,6.128082205254346e-10,,,,,,,,,,,,,,0,8262,1,376033334.8250091,160091120.41759974,2.3488706546879135,2,-415764196.878335,-422147404.82559,-470178042.227258,-338728.773841,-128921062.817906,-509909.681986,-435563273.525175,-650938.012671,2405,273494.89203,-194894.066244,1209729.005561,526184.151452,-316840862.881856,-285262365.965191,-2.2302,2.2351,-0.701,0.7018,0.0057,0.3029,7.0749,1.1333,0.0287,0.3147,0.6144,0.1958,251,599,5015,,,
480,4.0738664e-05,2575.6,5.7700773049183284e-08,1.2301586914062507e-16,1.9841308593750007e-18,72,15,15,14,15/13/12/7/6/3/1/2/4/5/8/9/10/11/14,0,19,1,0.152344/0.0947266/0.0834961/0.149658/0.107666/0.0800781/0.0871582/0.152344/0.125/0.161133/0.121338/0.11084/0.17041/0.188721/0.199219/0/0/0/0/0/0/0/0/0/0/0/0/0/0/0/0/0/0/0/0/0/0/0/0/0/0/0/0/0/0/0/0/0/0/0/0/0/0/0/0/0/0/0/0/0/0/0/0/0/0/0/0/0/0/0/0/0,383.482/243.777/245.216/250.323/243.779/240.885/243.777/248.875/243.777/243.779/242.335/243.768/243.779/308.52/310.744/0/0/0/0/0/0/0/0/0/0/0/0/0/0/0/0/0/0/0/0/0/0/0/0/0/0/0/0/0/0/0/0/0/0/0/0/0/0/0/0/0/0/0/0/0/0/0/0/0/0/0/0/0/0/0/0/0,,,2915,6.809127639566483e-12,1.1386718750000005e-11,-1.5984897096761966e-06,5.218382537594868,0,0.0,6148,1.30469036567375e-11,2.401562500000001e-11,1.0979370124159196e-06,2.437785624836182e-07,6.187184335382292e-07,1.155491531958052e-06,0,1,nan,0.3466859360473087,15,15/13/12/7/6/3/1/2/4/5/8/9/10/11/14,14,867.6,1.0,,,6.065393135789582e-10,,,,,,,,,,,,,,0,8127,1,375521329.40207624,160082982.03985944,2.345791692639598,2,-416964337.714441,-427953794.277011,-469534574.437474,-274578.916005,-137571924.950832,-508473.308383,-436342492.537621,-598762.664603,2357,286754.203375,-195231.698434,1213137.942212,540463.672768,-349849972.471188,-296818401.766889,-2.238,2.2445,-0.673,0.6737,0.0056,0.2668,8.1598,1.0969,0.0287,0.2739,0.609,0.1922,230,578,4969,,,
500,4.0738664e-05,2731.63,5.7700773049183284e-08,1.2303271484375005e-16,1.967285156250001e-18,72,15,15,14,15/13/12/7/6/3/1/2/4/5/8/9/10/11/14,0,19,1,0.152344/0.0947266/0.0830078/0.149658/0.107666/0.0795898/0.0866699/0.152344/0.124512/0.161377/0.121826/0.11084/0.167725/0.182129/0.192871/0/0/0/0/0/0/0/0/0/0/0/0/0/0/0/0/0/0/0/0/0/0/0/0/0/0/0/0/0/0/0/0/0/0/0/0/0/0/0/0/0/0/0/0/0/0/0/0/0/0/0/0/0/0/0/0/0,383.482/243.777/245.216/250.323/243.779/240.885/243.777/248.875/243.777/243.779/242.335/243.768/243.779/308.52/310.744/0/0/0/0/0/0/0/0/0/0/0/0/0/0/0/0/0/0/0/0/0/0/0/0/0/0/0/0/0/0/0/0/0/0/0/0/0/0/0/0/0/0/0/0/0/0/0/0/0/0/0/0/0/0/0/0/0,1-2:0.395857/1-3:0.350651/2-4:0.389354/3-6:0.353198/4-5:0.617982/5-8:0.448387/6-7:0.34101/7-12:0.385807/8-9:0.659642/9-10:0.499687/10-11:0.666965/11-14:0.48609/12-13:0.520837/13-15:0.664508,1-2:-28.524/1-3:-33.883/2-4:-24.609/3-6:-37.814/4-5:-20.657/5-8:-16.715/6-7:-41.659/7-12:-45.568/8-9:-12.76/9-10:-8.7977/10-11:-4.8372/11-14:-0.94865/12-13:-49.471/13-15:-53.454,2905,6.7799756875440376e-12,1.1347656250000004e-11,-1.5984527206538608e-06,5.218974361952242,0,0.0,6118,1.2995054271560169e-11,2.389843750000001e-11,1.0974877237732665e-06,2.437785624836182e-07,6.187184335382292e-07,1.1534273604985238e-06,0,1,nan,0.3467085122469375,15,15/13/12/7/6/3/1/2/4/5/8/9/10/11/14,14,868.9,1.0,,,6.017919183782688e-10,1,15,1,1,1,1/0/0,1.0,15,3952,1615,619,15,15,0,8058,1,375545783.36347455,160038631.6081238,2.346594566510973,2,-417638194.112952,-425645949.834904,-469457304.382406,-264903.347687,-125574026.751561,-506506.101659,-435179277.000799,-605689.61397,2366,285905.405823,-196703.204525,1223423.520173,549366.854801,-349375569.048772,-287367215.636395,-2.0397,2.046,-0.6721,0.6728,0.0055,0.2666,8.1098,1.1128,0.029,0.2511,0.5993,0.1878,235,559,4900,1258.7,751.3,346.4
520,5.092333e-05,2941.73,5.437565655933996e-08,1.2248510742187505e-16,2.5148925781250013e-18,72,18,18,17,18/15/13/12/7/6/3/1/2/4/5/8/9/10/11/14/16/17,0,19,1,0.1521/0.0947266/0.0825195/0.150146/0.106689/0.0786133/0.0866699/0.151855/0.124512/0.160645/0.121582/0.110596/0.166504/0.131836/0.141357/0.178467/0.24292/0.233154/0/0/0/0/0/0/0/0/0/0/0/0/0/0/0/0/0/0/0/0/0/0/0/0/0/0/0/0/0/0/0/0/0/0/0/0/0/0/0/0/0/0/0/0/0/0/0/0/0/0/0/0/0/0,383.482/243.777/245.216/250.323/243.779/240.885/243.777/248.875/243.777/243.779/242.335/243.768/245.22/245.222/247.446/247.44/310.746/310.746/0/0/0/0/0/0/0/0/0/0/0/0/0/0/0/0/0/0/0/0/0/0/0/0/0/0/0/0/0/0/0/0/0/0/0/0/0/0/0/0/0/0/0/0/0/0/0/0/0/0/0/0/0/0,,,3692,8.646562289459478e-12,1.4421875000000005e-11,-1.432995740794235e-06,7.866286039706255,0,0.0,7398,1.558445760399134e-11,2.889843750000001e-11,1.3319080173706644e-06,2.452179633923332e-07,6.187184335382292e-07,1.1616132217137727e-06,1,1,nan,0.31545493834620664,18,18/15/13/12/7/6/3/1/2/4/5/8/9/10/11/14/16/17,17,984.2,1.0,,,7.597161227142319e-10,,,,,,,,,,,,,,1,10301,1,362587505.0376998,174693347.62988117,2.075565612297417,2,-394292400.207258,-430637766.674411,-469640343.796171,-717541.936695,-185226949.97605,-523982.15482,-436593968.169281,-696295.02273,2875,228479.485431,-210539.289149,1243588.737419,1076470.107974,-263671794.876443,-315798235.437994,-2.5648,2.5684,-0.7846,0.7852,0.005,0.3045,5.6069,1.1723,0.0262,0.4569,0.6658,0.1878,394,787,6261,,,
540,5.092333e-05,3062.92,5.437565655933996e-08,1.2254125976562505e-16,2.458740234375001e-18,72,18,18,17,18/15/13/12/7/6/3/1/2/4/5/8/9/10/11/14/16/17,0,19,1,0.1521/0.0947266/0.0817871/0.150146/0.106445/0.0786133/0.0861816/0.151855/0.124512/0.160156/0.12085/0.109375/0.166016/0.128418/0.135742/0.174072/0.224365/0.213379/0/0/0/0/0/0/0/0/0/0/0/0/0/0/0/0/0/0/0/0/0/0/0/0/0/0/0/0/0/0/0/0/0/0/0/0/0/0/0/0/0/0/0/0/0/0/0/0/0/0/0/0/0/0,383.482/243.777/245.216/250.323/243.779/240.885/243.777/248.875/243.777/243.779/242.335/243.768/245.22/245.222/247.446/247.44/310.746/307.076/0/0/0/0/0/0/0/0/0/0/0/0/0/0/0/0/0/0/0/0/0/0/0/0/0/0/0/0/0/0/0/0/0/0/0/0/0/0/0/0/0/0/0/0/0/0/0/0/0/0/0/0/0/0,,,3649,8.541913182315539e-12,1.4253906250000005e-11,-1.4348700078935509e-06,7.8362977661172,0,0.0,7334,1.5447470198925236e-11,2.8648437500000012e-11,1.3252658015500551e-06,2.452179633923332e-07,6.187184335382292e-07,1.1616132217137727e-06,1,1,nan,0.31607754928726667,18,18/15/13/12/7/6/3/1/2/4/5/8/9/10/11/14/16/17,17,983.9,1.0,,,7.508235807844129e-10,,,,,,,,,,,,,,1,10071,1,363303141.15648013,173305670.59498447,2.0963142170086284,2,-406067980.07018,-423818386.466624,-469703998.05753,-422414.182016,-147947081.070888,-514366.256629,-437233745.066813,-649149.636678,2840,258112.640025,-204941.498379,8364887.044329,1081055.149367,-257315470.399902,-308287196.158079,-1.8087,1.8148,-0.6934,0.6942,0.0049,0.2732,4.8087,1.1074,0.0264,0.3758,0.6219,0.1828,330,722,6187,,,
560,5.092333e-05,3199.8,5.437565655933996e-08,1.2256787109375005e-16,2.4321289062500013e-18,72,18,18,17,18/15/13/12/7/6/3/1/2/4/5/8/9/10/11/14/16/17,0,19,1,0.151123/0.0942383/0.0817871/0.150146/0.106201/0.0783691/0.0861816/0.151855/0.124023/0.160156/0.120361/0.108643/0.163574/0.128418/0.132568/0.173584/0.21875/0.202148/0/0/0/0/0/0/0/0/0/0/0/0/0/0/0/0/0/0/0/0/0/0/0/0/0/0/0/0/0/0/0/0/0/0/0/0/0/0/0/0/0/0/0/0/0/0/0/0/0/0/0/0/0/0,383.482/243.777/245.216/250.323/243.779/240.885/243.777/248.875/243.777/243.779/242.335/242.333/245.22/245.222/247.446/247.44/310.746/307.076/0/0/0/0/0/0/0/0/0/0/0/0/0/0/0/0/0/0/0/0/0/0/0/0/0/0/0/0/0/0/0/0/0/0/0/0/0/0/0/0/0/0/0/0/0/0/0/0/0/0/0/0/0/0,,,3627,8.488065025514193e-12,1.4167968750000005e-11,-1.4307923897402741e-06,7.901539656569628,0,0.0,7316,1.544801099715745e-11,2.857812500000001e-11,1.3237445197933448e-06,2.452179633923332e-07,6.187184335382292e-07,1.1616132217137727e-06,1,1,nan,0.31537652098776536,18,18/15/13/12/7/6/3/1/2/4/5/8/9/10/11/14/16/17,17,983.0,1.0,,,7.444762523531554e-10,,,,,,,,,,,,,,1,9962,1,362497371.2312743,172706640.60786536,2.098919705434682,2,-410743470.215713,-425800662.986871,-470034864.591009,-266405.160743,-121875513.991021,-510546.098218,-435611888.780859,-665525.214739,2887,277606.928071,-204750.181714,7411934.488216,647397.17651,-266657637.71924,-296654847.877296,-1.6862,1.6932,-0.6388,0.6395,0.0048,0.2602,5.4026,1.0689,0.0267,0.3119,0.5931,0.1787,311,698,6073,,,
580,5.092333e-05,3344.45,5.437565655933996e-08,1.2259423828125006e-16,2.405761718750001e-18,72,18,18,17,18/15/13/12/7/6/3/1/2/4/5/8/9/10/11/14/16/17,0,21,1,0.150879/0.0942383/0.081543/0.150635/0.105713/0.0783691/0.0854492/0.151123/0.123535/0.159912/0.118164/0.108154/0.163574/0.127197/0.130859/0.172119/0.213135/0.191162/0/0/0/0/0/0/0/0/0/0/0/0/0/0/0/0/0/0/0/0/0/0/0/0/0/0/0/0/0/0/0/0/0/0/0/0/0/0/0/0/0/0/0/0/0/0/0/0/0/0/0/0/0/0,383.482/243.777/245.216/250.325/243.779/240.885/243.777/248.875/243.777/243.779/242.335/242.333/245.22/245.222/247.446/247.44/310.746/307.076/0/0/0/0/0/0/0/0/0/0/0/0/0/0/0/0/0/0/0/0/0/0/0/0/0/0/0/0/0/0/0/0/0/0/0/0/0/0/0/0/0/0/0/0/0/0/0/0/0/0/0/0/0/0,,,3603,8.42548542720078e-12,1.4074218750000005e-11,-1.4295698872117108e-06,7.921099697026642,0,0.0,7282,1.5426173682512177e-11,2.844531250000001e-11,1.3213751096082742e-06,2.452179633923332e-07,6.187184335382292e-07,1.130933948312307e-06,1,1,nan,0.3156078649443127,18,18/15/13/12/7/6/3/1/2/4/5/8/9/10/11/14/16/17,17,942.2,1.0,,,7.397405564032244e-10,,,,,,,,,,,,,,1,9853,2,362763280.61424303,172537623.94697586,2.1025169601601053,2,-411068011.11371,-428500154.155935,-470104963.964041,-253839.931829,-102250237.419126,-508052.698191,-434013694.563282,-657737.972736,2893,276216.706196,-196120.63811,4043550.809916,496230.489263,-277497369.421897,-300324221.994336,-1.6497,1.6571,-0.5863,0.5871,0.0048,0.2477,5.7687,1.0262,0.0271,0.2857,0.5666,0.1747,301,653,6011,,,
600,5.092333e-05,3529.07,5.437565655933996e-08,1.2261669921875006e-16,2.383300781250001e-18,72,18,18,17,18/15/13/12/7/6/3/1/2/4/5/8/9/10/11/14/16/17,0,21,1,0.150391/0.0944824/0.081543/0.150391/0.105225/0.078125/0.0854492/0.151367/0.123047/0.159424/0.11792/0.106201/0.162598/0.126953/0.128662/0.171631/0.20752/0.182373/0/0/0/0/0/0/0/0/0/0/0/0/0/0/0/0/0/0/0/0/0/0/0/0/0/0/0/0/0/0/0/0/0/0/0/0/0/0/0/0/0/0/0/0/0/0/0/0/0/0/0/0/0/0,383.482/245.214/245.216/250.325/243.779/240.885/243.777/248.875/243.777/243.779/242.335/242.333/245.22/245.222/247.446/247.44/310.746/307.076/0/0/0/0/0/0/0/0/0/0/0/0/0/0/0/0/0/0/0/0/0/0/0/0/0/0/0/0/0/0/0/0/0/0/0/0/0/0/0/0/0/0/0/0/0/0/0/0/0/0/0/0/0/0,1-2:0.389763/1-3:0.350651/2-4:0.39281/3-6:0.346695/4-5:0.608841/5-8:0.427557/6-7:0.337553/7-12:0.365477/8-9:0.652729/9-10:0.487499/10-11:0.653958/11-14:0.470036/12-13:0.498278/13-15:0.634946/14-16:0.562587/15-18:0.53812/16-17:0.673649,1-2:-28.524/1-3:-33.883/2-4:-24.599/3-6:-37.808/4-5:-20.64/5-8:-16.726/6-7:-41.655/7-12:-45.566/8-9:-12.76/9-10:-8.7977/10-11:-4.8406/11-14:-0.94437/12-13:-49.47/13-15:-53.456/14-16:3.084/15-18:-57.419/16-17:7.0419,3590,8.391148613377458e-12,1.4023437500000006e-11,-1.4260780683057188e-06,7.976968799522513,0,0.0,7318,1.5543781004275393e-11,2.8585937500000012e-11,1.3189883260261977e-06,2.452179633923332e-07,6.187184335382292e-07,1.130933948312307e-06,1,1,nan,0.315591930917546,18,18/15/13/12/7/6/3/1/2/4/5/8/9/10/11/14/16/17,17,940.9,1.0,,,7.358494874842144e-10,1,18,1,1,1,1/0/0,1.0,18,4695,1724,619,18,18,1,9758,5,362744965.86209226,172387370.87549356,2.1042432750139457,2,-411682591.955615,-425376072.059778,-469825855.432661,-280332.987919,-114729463.870122,-507401.599711,-434771366.902446,-598060.239716,2853,279172.15966,-196060.768333,2719288.082571,705687.311874,-304062950.108848,-294007441.371202,-1.6326,1.6389,-0.5839,0.5849,0.0048,0.2257,5.7855,1.0145,0.0274,0.2817,0.5708,0.1727,284,657,5970,1253.1,718.2,341.3
620,6.1107996e-05,3751.98,5.141289118816265e-08,1.2206738281250006e-16,2.9326171875000012e-18,72,21,21,20,20/19/18/15/13/12/7/6/3/1/2/4/5/8/9/10/11/14/16/17/21,0,21,1,0.150391/0.0944824/0.0812988/0.149902/0.104736/0.0778809/0.0847168/0.151123/0.123047/0.159424/0.117432/0.105713/0.162598/0.126953/0.126953/0.169189/0.151611/0.137207/0.179688/0.239746/0.238525/0/0/0/0/0/0/0/0/0/0/0/0/0/0/0/0/0/0/0/0/0/0/0/0/0/0/0/0/0/0/0/0/0/0/0/0/0/0/0/0/0/0/0/0/0/0/0/0/0/0/0,383.482/245.214/245.216/250.325/243.779/240.885/243.777/248.875/243.777/243.779/242.335/242.333/245.22/245.222/247.446/247.44/247.448/243.779/247.446/310.746/4097.51/0/0/0/0/0/0/0/0/0/0/0/0/0/0/0/0/0/0/0/0/0/0/0/0/0/0/0/0/0/0/0/0/0/0/0/0/0/0/0/0/0/0/0/0/0/0/0/0/0/0/0,,,4389,1.028902495051889e-11,1.7144531250000005e-11,-1.6240536285898822e-06,4.8093598349759,0,0.0,8526,1.7969182890682993e-11,3.330468750000001e-11,1.5745392719114311e-06,2.4522000917521327e-07,6.187184335382292e-07,1.1841066338999895e-06,1,1,nan,0.29024087103471774,21,20/19/18/15/13/12/7/6/3/1/2/4/5/8/9/10/11/14/16/17/21,20,2912.7,1.0,,,8.994581573540327e-10,,,,,,,,,,,,,,1,12009,4,352830856.62855,178581912.17374215,1.9757368052218034,2,-400094239.481114,-438145329.479113,-470534210.666069,-659765.819497,-171986157.554051,-510338.28057,-439982556.209472,-595598.179167,3258,253631.743362,-203490.813869,4860423.113772,705564.155319,-277575216.35912,-322746148.176267,-2.4021,2.4069,-0.717,0.7178,0.0044,0.2565,5.4831,1.0884,0.0251,0.4377,0.6554,0.1736,409,914,7441,,,
640,6.1107996e-05,3936.17,5.141289118816265e-08,1.2211181640625004e-16,2.888183593750001e-18,72,21,21,20,20/19/18/15/13/12/7/6/3/1/2/4/5/8/9/10/11/14/16/17/21,0,21,1,0.150879/0.0944824/0.0808105/0.149658/0.104492/0.0778809/0.0844727/0.150879/0.122803/0.160156/0.116943/0.105713/0.162354/0.125732/0.126465/0.168457/0.145264/0.131592/0.176025/0.230713/0.222412/0/0/0/0/0/0/0/0/0/0/0/0/0/0/0/0/0/0/0/0/0/0/0/0/0/0/0/0/0/0/0/0/0/0/0/0/0/0/0/0/0/0/0/0/0/0/0/0/0/0/0,383.482/248.886/245.216/250.325/243.779/240.885/243.777/248.875/243.777/243.779/242.335/242.331/245.22/245.22/247.446/247.44/247.448/243.779/247.446/310.746/4097.51/0/0/0/0/0/0/0/0/0/0/0/0/0/0/0/0/0/0/0/0/0/0/0/0/0/0/0/0/0/0/0/0/0/0/0/0/0/0/0/0/0/0/0/0/0/0/0/0/0/0/0,,,4366,1.0226854762901113e-11,1.7054687500000007e-11,-1.6210403818478004e-06,4.857571782849208,0,0.0,8524,1.8005289374132575e-11,3.3296875000000016e-11,1.5716781332640588e-06,2.4522000917521337e-07,6.187184335382292e-07,1.1841066338999895e-06,1,1,nan,0.28958604943844074,21,20/19/18/15/13/12/7/6/3/1/2/4/5/8/9/10/11/14/16/17/21,20,2918.5,1.0,,,8.926443163480066e-10,,,,,,,,,,,,,,1,11828,3,352034823.78889644,178456923.69010565,1.9726599366926925,2,-402135909.839945,-437983501.445033,-470909449.415444,-465156.372216,-148271817.686327,-508707.051319,-439723686.84673,-580078.282958,3295,255938.386715,-197184.775252,1281436.615887,718503.799137,-277011491.580263,-322376371.368129,-1.9324,1.9365,-0.6644,0.6653,0.0043,0.2245,5.0365,1.0724,0.0255,0.383,0.6157,0.1679,376,843,7322,,,
660,6.1107996e-05,4098.92,5.141289118816265e-08,1.2213549804687506e-16,2.8645019531250012e-18,72,21,21,20,20/19/18/15/13/12/7/6/3/1/2/4/5/8/9/10/11/14/16/17/21,0,21,1,0.150391/0.0944824/0.0812988/0.149414/0.104004/0.0771484/0.0844727/0.150635/0.122314/0.159912/0.116211/0.105469/0.161621/0.125488/0.125244/0.167725/0.141602/0.131592/0.175293/0.224609/0.215576/0/0/0/0/0/0/0/0/0/0/0/0/0/0/0/0/0/0/0/0/0/0/0/0/0/0/0/0/0/0/0/0/0/0/0/0/0/0/0/0/0/0/0/0/0/0/0/0/0/0/0,383.482/248.886/245.216/250.325/243.779/240.885/243.777/248.875/243.777/243.779/242.335/242.331/245.22/245.22/247.446/247.44/247.446/243.779/247.446/310.746/4069.86/0/0/0/0/0/0/0/0/0/0/0/0/0/0/0/0/0/0/0/0/0/0/0/0/0/0/0/0/0/0/0/0/0/0/0/0/0/0/0/0/0/0/0/0/0/0/0/0/0/0/0,,,4361,1.0215575616044149e-11,1.7035156250000007e-11,-1.6227441977782402e-06,4.830310727962171,0,0.0,8456,1.785875106685599e-11,3.303125000000001e-11,1.5710102514590737e-06,2.4522000917521337e-07,6.187184335382292e-07,1.1554915319580524e-06,1,1,nan,0.2900982539438462,21,20/19/18/15/13/12/7/6/3/1/2/4/5/8/9/10/11/14/16/17/21,20,2921.3,1.0,,,8.877930265228838e-10,,,,,,,,,,,,,,1,11731,3,352657484.387202,178396984.74160296,1.9768130324512192,2,-403899216.894027,-437069650.332216,-471046455.122051,-387106.07428,-116059837.321876,-507070.563712,-439501592.451547,-591030.165376,3292,272520.352662,-196490.039371,1294740.448115,726154.819962,-293694919.907578,-310970636.435017,-1.6788,1.6832,-0.5735,0.5745,0.0044,0.236,4.9727,0.9956,0.0258,0.3369,0.5714,0.1676,377,812,7257,,,
680,6.1107996e-05,4247.88,5.141289118816265e-08,1.2215307617187505e-16,2.8469238281250013e-18,72,21,21,20,20/19/18/15/13/12/7/6/3/1/2/4/5/8/9/10/11/14/16/17/21,0,22,1,0.149902/0.0947266/0.0810547/0.149658/0.10376/0.0769043/0.0839844/0.150391/0.121826/0.159668/0.115967/0.105469/0.161377/0.124756/0.124023/0.167236/0.140381/0.13208/0.173096/0.219727/0.210938/0/0/0/0/0/0/0/0/0/0/0/0/0/0/0/0/0/0/0/0/0/0/0/0/0/0/0/0/0/0/0/0/0/0/0/0/0/0/0/0/0/0/0/0/0/0/0/0/0/0/0,383.482/248.886/245.216/250.327/243.779/240.885/243.777/248.875/243.777/243.779/242.335/242.331/245.22/245.22/247.446/247.44/247.446/243.779/247.446/310.746/4069.86/0/0/0/0/0/0/0/0/0/0/0/0/0/0/0/0/0/0/0/0/0/0/0/0/0/0/0/0/0/0/0/0/0/0/0/0/0/0/0/0/0/0/0/0/0/0/0/0/0/0/0,,,4342,1.0170868822896218e-11,1.6960937500000007e-11,-1.6225296828980275e-06,4.833742966045574,0,0.0,8426,1.77963515215176e-11,3.2914062500000015e-11,1.5703573554343143e-06,2.4522000917521337e-07,6.187184335382292e-07,1.1534273604985242e-06,1,1,nan,0.2902409092327572,21,20/19/18/15/13/12/7/6/3/1/2/4/5/8/9/10/11/14/16/17/21,20,2922.8,1.0,,,8.836899905743037e-10,,,,,,,,,,,,,,1,11659,3,352830903.0639364,178326573.4561268,1.9785660444529454,2,-404317460.52155,-434370216.159256,-471055701.521735,-373922.004136,-94069811.755652,-505712.601783,-438591687.708719,-585670.736297,3299,277993.838772,-188978.449112,1307137.61698,734912.376208,-285189238.65099,-302637218.96168,-1.477,1.4811,-0.5233,0.5242,0.0043,0.2371,4.4689,0.9333,0.0258,0.3296,0.5554,0.164,361,803,7200,,,
700,6.1107996e-05,4441.81,5.141289118816265e-08,1.2217187500000005e-16,2.8281250000000013e-18,72,21,21,20,20/19/18/15/13/12/7/6/3/1/2/4/5/8/9/10/11/14/16/17/21,0,22,1,0.149902/0.0947266/0.0810547/0.149658/0.10376/0.0761719/0.083252/0.150146/0.121338/0.159668/0.115967/0.10498/0.161621/0.124268/0.123535/0.166748/0.138916/0.131104/0.171143/0.215332/0.204834/0/0/0/0/0/0/0/0/0/0/0/0/0/0/0/0/0/0/0/0/0/0/0/0/0/0/0/0/0/0/0/0/0/0/0/0/0/0/0/0/0/0/0/0/0/0/0/0/0/0/0,383.482/248.886/245.216/250.327/243.779/240.885/243.768/248.875/243.777/243.779/242.335/242.331/245.22/245.22/247.446/243.779/247.446/243.779/247.446/310.746/4069.85/0/0/0/0/0/0/0/0/0/0/0/0/0/0/0/0/0/0/0/0/0/0/0/0/0/0/0/0/0/0/0/0/0/0/0/0/0/0/0/0/0/0/0/0/0/0/0/0/0/0/0,1-2:0.389763/1-3:0.345876/2-4:0.391082/3-6:0.338872/4-5:0.605794/5-8:0.414549/6-7:0.334097/7-12:0.352469/8-9:0.645816/9-10:0.481405/10-11:0.653958/11-14:0.447068/12-13:0.49655/13-15:0.625805/14-16:0.551308/15-18:0.522475/16-17:0.654957/17-21:0.589011/18-19:0.578551/19-20:0.694979,1-2:-28.524/1-3:-33.885/2-4:-24.594/3-6:-37.808/4-5:-20.634/5-8:-16.726/6-7:-41.655/7-12:-45.57/8-9:-12.762/9-10:-8.7966/10-11:-4.8406/11-14:-0.94332/12-13:-49.467/13-15:-53.456/14-16:3.0857/15-18:-57.415/16-17:7.0377/17-21:10.986/18-19:-61.364/19-20:-65.313,4320,1.0114383253916033e-11,1.6875000000000006e-11,-1.6251270025392434e-06,4.79218585178612,0,0.0,8442,1.7882029828192854e-11,3.2976562500000015e-11,1.5689326147503861e-06,2.4522000917521327e-07,6.187184335382292e-07,1.1534273604985242e-06,1,1,nan,0.2900770039743415,21,20/19/18/15/13/12/7/6/3/1/2/4/5/8/9/10/11/14/16/17/21,20,2889.4,1.0,,,8.804136463264542e-10,1,21,1,1,1,1/0/0,1.0,21,5442,3769,619,21,21,1,11582,3,352631651.89532405,178329296.59534714,1.977418509620952,2,-404142156.314799,-436941167.334319,-471024582.361144,-311772.222551,-77191454.778365,-505911.038159,-437223890.827753,-594592.317435,3287,290433.620975,-186267.120093,1317806.996748,8590654.919419,-284279555.496971,-308567511.109046,-1.4353,1.4402,-0.5202,0.5214,0.0043,0.2219,4.515,0.9467,0.0262,0.3172,0.5445,0.1633,372,775,7154,1251.6,707.1,342.7
720,7.1292662e-05,4676.28,4.875630719935003e-08,1.2164160156250005e-16,3.3583984375000016e-18,72,24,24,23,24/23/20/19/18/15/13/12/7/6/3/1/2/4/5/8/9/10/11/14/16/17/21/22,0,22,1,0.149658/0.0949707/0.0805664/0.149414/0.10376/0.0756836/0.083252/0.150146/0.121094/0.159668/0.115723/0.10498/0.161377/0.124023/0.12207/0.166748/0.137939/0.130127/0.169189/0.162598/0.154785/0.241943/0.184082/0.2146/0/0/0/0/0/0/0/0/0/0/0/0/0/0/0/0/0/0/0/0/0/0/0/0/0/0/0/0/0/0/0/0/0/0/0/0/0/0/0/0/0/0/0/0/0/0/0/0,383.482/248.886/245.216/250.327/243.779/240.885/243.768/248.875/243.774/243.779/242.335/242.331/245.22/245.22/247.446/243.779/247.446/243.779/247.434/302.74/3975.22/4203.01/3911.93/4162.26/0/0/0/0/0/0/0/0/0/0/0/0/0/0/0/0/0/0/0/0/0/0/0/0/0/0/0/0/0/0/0/0/0/0/0/0/0/0/0/0/0/0/0/0/0/0/0/0,,,5138,1.2043778556142638e-11,2.0070312500000007e-11,-1.8116950544723069e-06,1.8070970208571053,0,0.0,9668,2.035964222861927e-11,3.7765625000000017e-11,1.7883807028127978e-06,2.4632698735425595e-07,6.187184335382292e-07,1.169799082929021e-06,1,1,nan,0.267940174936833,25,24/23/20/19/18/15/13/12/7/22/6/3/1/2/4/5/8/9/10/11/14/16/17/21/22,24,3129.7,1.0,,,1.049972307840243e-09,,,,,,,,,,,,,,1,13754,3,343468607.3553845,190918202.4334763,1.7990354140017792,3,-406991452.15555,-451567475.550427,-475018192.739597,-440563.913891,-156786633.456701,-508155.224368,-441158371.924053,-573258.777522,3819,251922.001843,-196170.098914,1315814.321113,1074496.596832,-293964463.402563,-340248914.296969,-2.0474,2.0504,-0.6323,0.6331,0.004,0.2465,5.0955,1.0331,0.0243,0.4012,0.6082,0.1615,491,1003,8464,,,
740,7.1292662e-05,4836.93,4.875630719935003e-08,1.2169042968750006e-16,3.3095703125000016e-18,72,24,24,23,24/23/20/19/18/15/13/12/7/6/3/1/2/4/5/8/9/10/11/14/16/17/21/22,0,22,1,0.14917/0.095459/0.0805664/0.149658/0.10376/0.0754395/0.083252/0.149902/0.121094/0.159668/0.115967/0.104736/0.161621/0.124023/0.121338/0.166016/0.137451/0.130127/0.166748/0.157471/0.145752/0.229736/0.179199/0.201416/0/0/0/0/0/0/0/0/0/0/0/0/0/0/0/0/0/0/0/0/0/0/0/0/0/0/0/0/0/0/0/0/0/0/0/0/0/0/0/0/0/0/0/0/0/0/0/0,383.482/248.886/245.216/250.327/243.779/240.885/243.768/248.875/243.774/243.779/242.335/242.331/245.22/245.22/247.446/243.779/247.446/243.779/243.779/302.74/3947.58/4203.01/3911.93/4162.26/0/0/0/0/0/0/0/0/0/0/0/0/0/0/0/0/0/0/0/0/0/0/0/0/0/0/0/0/0/0/0/0/0/0/0/0/0/0/0/0/0/0/0/0/0/0/0/0,,,5107,1.1963825653777606e-11,1.994921875000001e-11,-1.8139095032824916e-06,1.7716658398941494,0,0.0,9584,2.0209189228054216e-11,3.743750000000001e-11,1.7843102015543793e-06,2.452200091752133e-07,6.187184335382292e-07,1.169799082929021e-06,1,1,nan,0.2673852905913269,26,24/23/20/19/18/15/13/12/7/22/7/6/3/1/2/4/5/8/9/10/11/14/16/17/21/22,25,3132.3,1.0,,,1.0435739637453516e-09,,,,,,,,,,,,,,1,13554,3,342757309.19549036,190840796.21074492,1.7960379331942449,2,-411103086.700833,-451889767.667647,-474709234.252091,-371967.31991,-123837190.23708,-507205.15683,-442927235.260087,-563839.491953,3708,251244.413523,-190746.054758,1296636.569223,1047810.456419,-307493098.886466,-341146494.411839,-1.7057,1.7086,-0.5509,0.5518,0.004,0.2345,4.635,0.9962,0.0243,0.3672,0.5484,0.1615,482,930,8438,,,
760,7.1292662e-05,5020.98,4.875630719935003e-08,1.2171362304687506e-16,3.2863769531250015e-18,72,24,24,23,24/23/20/19/18/15/13/12/7/6/3/1/2/4/5/8/9/10/11/14/16/17/21/22,0,22,1,0.149414/0.095459/0.0803223/0.149658/0.10376/0.0754395/0.0827637/0.149902/0.121094/0.158936/0.115234/0.104248/0.161621/0.123535/0.120361/0.166016/0.137695/0.130615/0.16626/0.153564/0.143066/0.223633/0.179443/0.194336/0/0/0/0/0/0/0/0/0/0/0/0/0/0/0/0/0/0/0/0/0/0/0/0/0/0/0/0/0/0/0/0/0/0/0/0/0/0/0/0/0/0/0/0/0/0/0/0,383.482/248.886/245.216/250.327/243.779/240.885/243.768/248.875/243.774/243.779/242.335/242.331/245.22/245.22/247.444/243.779/248.89/243.779/243.779/302.74/3947.58/4203.01/3911.93/4162.25/0/0/0/0/0/0/0/0/0/0/0/0/0/0/0/0/0/0/0/0/0/0/0/0/0/0/0/0/0/0/0/0/0/0/0/0/0/0/0/0/0/0/0/0/0/0/0/0,,,5096,1.1939538987555766e-11,1.990625000000001e-11,-1.8091732089853693e-06,1.8474465486481062,0,0.0,9558,2.016161592072969e-11,3.7335937500000014e-11,1.7868902756196294e-06,2.452200091752133e-07,6.187184335382292e-07,1.169799082929021e-06,1,1,nan,0.2672574788877584,26,24/23/20/19/18/15/13/12/7/22/7/6/3/1/2/4/5/8/9/10/11/14/16/17/21/22,25,3132.2,1.0,,,1.0386179218102952e-09,,,,,,,,,,,,,,1,13459,3,342593469.23442924,190768238.24374253,1.7958622063527223,2,-416014917.459687,-453772458.561008,-474806387.063069,-322390.809273,-97089278.014207,-505561.136871,-440988793.186397,-590001.062825,3775,271491.45424,-184810.675967,16758934.303474,1018529.243811,-309646633.660557,-331166883.577475,-1.5808,1.5859,-0.4958,0.4967,0.0039,0.2651,4.5977,0.9464,0.0247,0.3435,0.5187,0.1551,460,883,8347,,,
780,7.1292662e-05,5206.47,4.875630719935003e-08,1.2173974609375005e-16,3.2602539062500017e-18,72,24,24,23,24/23/20/19/18/15/13/12/7/6/3/1/2/4/5/8/9/10/11/14/16/17/21/22,0,22,1,0.150146/0.095459/0.0800781/0.149658/0.10376/0.0754395/0.0827637/0.149658/0.119873/0.158447/0.11377/0.104004/0.161377/0.123047/0.119385/0.166016/0.137451/0.130127/0.165771/0.151123/0.141846/0.215088/0.175781/0.190186/0/0/0/0/0/0/0/0/0/0/0/0/0/0/0/0/0/0/0/0/0/0/0/0/0/0/0/0/0/0/0/0/0/0/0/0/0/0/0/0/0/0/0/0/0/0/0/0,383.482/248.886/245.216/250.327/243.779/240.885/243.768/248.873/243.774/243.779/242.335/242.331/245.22/245.22/247.444/243.779/248.89/243.779/243.779/302.74/3947.58/4203.01/3911.93/4162.25/0/0/0/0/0/0/0/0/0/0/0/0/0/0/0/0/0/0/0/0/0/0/0/0/0/0/0/0/0/0/0/0/0/0/0/0/0/0/0/0/0/0/0/0/0/0/0/0,,,5062,1.1860995009559803e-11,1.9773437500000007e-11,-1.8063095863132675e-06,1.8932645114017346,0,0.0,9532,2.012195433849596e-11,3.7234375000000015e-11,1.7867916449069114e-06,2.452200091752133e-07,6.187184335382292e-07,1.169799082929021e-06,1,1,nan,0.26726815152508754,26,24/23/20/19/18/15/13/12/7/22/7/6/3/1/2/4/5/8/9/10/11/14/16/17/21/22,25,3135.8,1.0,,,1.034571081975909e-09,,,,,,,,,,,,,,1,13351,4,342607150.3327606,190725844.13620207,1.7963331182747122,2,-417085860.87303,-450106917.746176,-474665872.333493,-308667.462354,-84217260.507994,-504611.817025,-440618208.757094,-575890.727082,3758,271305.183754,-182825.42075,11141378.160129,891056.13631,-310720022.638714,-321948927.27907,-1.5254,1.5301,-0.4849,0.486,0.0038,0.2465,4.7541,0.927,0.0248,0.3204,0.5179,0.1527,437,865,8296,,,
800,7.1292662e-05,5394.6,4.875630719935003e-08,1.2175756835937506e-16,3.2424316406250014e-18,72,24,24,23,24/23/20/19/18/15/13/12/7/6/3/1/2/4/5/8/9/10/11/14/16/17/21/22,0,23,1,0.150391/0.095459/0.0800781/0.14917/0.103516/0.0754395/0.0827637/0.149658/0.119385/0.158447/0.11377/0.10376/0.1604/0.122314/0.119141/0.16626/0.137207/0.130371/0.165771/0.149658/0.141602/0.207764/0.173584/0.186523/0/0/0/0/0/0/0/0/0/0/0/0/0/0/0/0/0/0/0/0/0/0/0/0/0/0/0/0/0/0/0/0/0/0/0/0/0/0/0/0/0/0/0/0/0/0/0/0,383.482/248.886/245.216/250.327/243.779/240.885/243.768/248.873/243.774/243.779/242.335/242.331/245.22/245.22/247.444/243.779/248.89/243.779/243.779/302.74/3947.58/4203.01/243.779/4162.25/0/0/0/0/0/0/0/0/0/0/0/0/0/0/0/0/0/0/0/0/0/0/0/0/0/0/0/0/0/0/0/0/0/0/0/0/0/0/0/0/0/0/0/0/0/0/0/0,1-2:0.377165/1-3:0.345876/2-4:0.391082/3-6:0.332368/4-5:0.604066/5-8:0.414549/6-7:0.334097/7-12:0.347694/8-9:0.642769/9-10:0.459666/10-11:0.640541/11-14:0.442293/12-13:0.48659/13-15:0.607523/14-16:0.549579/15-18:0.515971/16-17:0.647134/17-21:0.565543/18-19:0.559449/19-20:0.674968/20-23:0.591738/21-22:0.598062/23-24:0.678424,1-2:-28.536/1-3:-33.885/2-4:-24.594/3-6:-37.805/4-5:-20.636/5-8:-16.717/6-7:-41.655/7-12:-45.574/8-9:-12.763/9-10:-8.803/10-11:-4.8406/11-14:-0.94332/12-13:-49.469/13-15:-53.462/14-16:3.0857/15-18:-57.412/16-17:7.0377/17-21:10.994/18-19:-61.366/19-20:-65.313/20-23:-69.333/21-22:10.434/23-24:-73.235,5040,1.1807146980619884e-11,1.9687500000000006e-11,-1.8079546099624129e-06,1.8669441330154086,0,0.0,9530,2.013959868097083e-11,3.722656250000001e-11,1.7864007406193694e-06,2.452179633923332e-07,6.187184335382292e-07,1.169799082929021e-06,1,1,nan,0.2671946561231892,26,24/23/20/19/18/15/13/12/7/22/7/6/3/1/2/4/5/8/9/10/11/14/16/17/21/22,25,3137.0,1.0,,,1.0311771400375793e-09,1,24,1,1,1,1/0/0,1.0,24,6145,5947,619,24,26,1,13279,3,342512937.647623,190686714.37753233,1.7962076632643453,2,-416868580.122686,-455714567.003983,-474427189.943308,-301240.82899,-47576704.25449,-504515.792836,-439239311.862875,-585305.568035,3748,259286.42722,-181874.772101,7979608.914094,899024.468656,-297663006.481735,-323646083.233763,-1.3943,1.3989,-0.4745,0.4755,0.0038,0.2375,4.5928,0.9334,0.0251,0.303,0.503,0.1509,429,827,8277,1257.7,729.2,338.7
820,8.1477328e-05,5647.97,4.6360773959283e-08,1.2177026367187504e-16,3.2297363281250014e-18,72,24,24,23,24/23/20/19/18/15/13/12/7/6/3/1/2/4/5/8/9/10/11/14/16/17/21/22,0,23,1,0.150391/0.0949707/0.0800781/0.14917/0.10376/0.0751953/0.0827637/0.149902/0.119385/0.158203/0.114014/0.103271/0.160889/0.122314/0.118896/0.16626/0.137207/0.130615/0.165039/0.148193/0.141357/0.205078/0.172852/0.179932/0/0/0/0/0/0/0/0/0/0/0/0/0/0/0/0/0/0/0/0/0/0/0/0/0/0/0/0/0/0/0/0/0/0/0/0/0/0/0/0/0/0/0/0/0/0/0/0,383.482/248.886/256.874/250.327/243.779/240.885/243.774/248.873/243.774/243.779/242.335/242.331/245.22/245.22/247.444/243.779/248.89/243.779/243.779/302.74/3947.58/4203.01/243.779/4162.25/0/0/0/0/0/0/0/0/0/0/0/0/0/0/0/0/0/0/0/0/0/0/0/0/0/0/0/0/0/0/0/0/0/0/0/0/0/0/0/0/0/0/0/0/0/0/0/0,,,5034,1.1791502176937607e-11,1.966406250000001e-11,-1.8069482177724992e-06,1.883046408054027,0,0.0,9540,2.0209632951132388e-11,3.726562500000001e-11,1.7860459712161723e-06,2.452200091752133e-07,6.187184335382292e-07,1.169799082929021e-06,1,1,nan,0.24629222892709352,26,24/23/20/19/18/15/13/12/7/22/7/6/3/1/2/4/5/8/9/10/11/14/16/17/21/22,25,3136.5,1.0,,,1.0307865953099666e-09,,,,,,,,,,,,,,1,13228,2,332032082.1533889,200535939.83505976,1.655723569682743,2,-415553666.751453,-457695895.06257,-474378695.356958,-292269.298531,-786488.558297,-499155.130064,-437561854.828968,-574917.590223,3737,300710.498232,-179380.188881,14569363.356023,10795222.823658,-287449429.595877,-323120489.989347,-1.179,1.1927,-0.4139,0.4149,0.0034,0.2131,3.8259,0.8332,0.0228,0.31,0.491,0.1483,442,831,8226,,,
840,8.1477328e-05,5827.91,4.6360773959283e-08,1.2178222656250005e-16,3.2177734375000016e-18,72,24,24,23,24/23/20/19/18/15/13/12/7/6/3/1/2/4/5/8/9/10/11/14/16/17/21/22,0,23,1,0.150879/0.0949707/0.0805664/0.149414/0.10376/0.0751953/0.0825195/0.149658/0.118896/0.157715/0.113525/0.103516/0.160889/0.122314/0.118652/0.16626/0.137207/0.130371/0.164307/0.147705/0.140869/0.197998/0.172607/0.177979/0/0/0/0/0/0/0/0/0/0/0/0/0/0/0/0/0/0/0/0/0/0/0/0/0/0/0/0/0/0/0/0/0/0/0/0/0/0/0/0/0/0/0/0/0/0/0/0,383.482/248.886/256.874/250.327/243.779/240.885/243.774/248.873/243.774/243.779/242.335/242.331/245.22/245.22/247.444/243.779/248.89/243.779/243.779/302.74/3947.58/4203.01/243.779/4162.25/0/0/0/0/0/0/0/0/0/0/0/0/0/0/0/0/0/0/0/0/0/0/0/0/0/0/0/0/0/0/0/0/0/0/0/0/0/0/0/0/0/0/0/0/0/0/0/0,,,5021,1.1758484197065133e-11,1.9613281250000006e-11,-1.8050073350714946e-06,1.9141005312701018,0,0.0,9522,2.0181160425337388e-11,3.7195312500000016e-11,1.7853458479908643e-06,2.452200091752133e-07,6.187184335382292e-07,1.169799082929021e-06,1,1,nan,0.24601005099261,26,24/23/20/19/18/15/13/12/7/22/7/6/3/1/2/4/5/8/9/10/11/14/16/17/21/22,25,3113.7,1.0,,,1.0296807554742186e-09,,,,,,,,,,,,,,1,13179,2,331651671.74607545,200483155.46601126,1.6542620300202813,1,-418544284.879316,-452931474.438881,-474213943.075765,-283684.370439,-10096597.076476,-501569.924425,-437884540.711087,-551481.44712,3701,289245.826865,-189965.611543,11906688.800781,10717145.822158,-286905062.151652,-314923242.38223,-1.1327,1.1417,-0.4088,0.4098,0.0034,0.1971,3.8526,0.8062,0.023,0.2945,0.5012,0.1471,438,840,8203,,,
860,8.1477328e-05,6014.53,4.6360773959283e-08,1.2179296875000006e-16,3.2070312500000017e-18,72,24,24,23,24/23/20/19/18/15/13/12/7/6/3/1/2/4/5/8/9/10/11/14/16/17/21/22,0,23,1,0.150879/0.0949707/0.0808105/0.149658/0.10376/0.0751953/0.0820313/0.149658/0.118896/0.156982/0.113037/0.103271/0.161133/0.122314/0.118408/0.166504/0.137207/0.129639/0.164063/0.147461/0.140381/0.193604/0.171143/0.176025/0/0/0/0/0/0/0/0/0/0/0/0/0/0/0/0/0/0/0/0/0/0/0/0/0/0/0/0/0/0/0/0/0/0/0/0/0/0/0/0/0/0/0/0/0/0/0/0,383.482/248.886/256.874/250.327/243.779/240.885/243.774/248.873/243.774/243.779/242.335/242.331/245.22/245.22/247.444/243.779/248.89/243.779/243.779/302.74/3947.58/4203.01/243.779/4162.25/0/0/0/0/0/0/0/0/0/0/0/0/0/0/0/0/0/0/0/0/0/0/0/0/0/0/0/0/0/0/0/0/0/0/0/0/0/0/0/0/0/0/0/0/0/0/0/0,,,5011,1.1737244609440624e-11,1.9574218750000007e-11,-1.8062014843899535e-06,1.8949941421747594,0,0.0,9502,2.0138681761534094e-11,3.711718750000001e-11,1.7856563951793391e-06,2.452200091752133e-07,6.187184335382292e-07,1.169799082929021e-06,1,1,nan,0.24527018105518203,26,24/23/20/19/18/15/13/12/7/22/7/6/3/1/2/4/5/8/9/10/11/14/16/17/21/22,25,3115.6,1.0,,,1.0288366432125491e-09,,,,,,,,,,,,,,1,13135,2,330654236.4761237,200446049.162982,1.6495921863107907,2,-419227884.756857,-454286254.654594,-473942394.755337,-292446.090267,-755369.642752,-502453.076087,-437506081.360421,-565077.691271,3734,284245.343527,-188594.360713,9192946.362342,10644652.030336,-295450084.345313,-328495654.930202,-1.1241,1.1306,-0.4055,0.4066,0.0034,0.1897,3.8821,0.8195,0.0232,0.2894,0.4889,0.1461,425,814,8168,,,
880,8.1477328e-05,6223.34,4.6360773959283e-08,1.2180493164062506e-16,3.1950683593750015e-18,72,24,24,23,24/23/20/19/18/15/13/12/7/6/3/1/2/4/5/8/9/10/11/14/16/17/21/22,0,23,1,0.151367/0.0944824/0.0808105/0.149902/0.103516/0.0749512/0.0820313/0.149658/0.118164/0.156738/0.112793/0.103027/0.161133/0.121826/0.118164/0.16626/0.136475/0.129395/0.163818/0.146973/0.140381/0.189941/0.170654/0.172607/0/0/0/0/0/0/0/0/0/0/0/0/0/0/0/0/0/0/0/0/0/0/0/0/0/0/0/0/0/0/0/0/0/0/0/0/0/0/0/0/0/0/0/0/0/0/0/0,383.482/248.886/256.874/250.327/243.779/240.885/243.774/248.873/243.774/243.779/247.446/242.331/245.22/245.22/247.444/243.779/248.89/243.779/243.779/302.75/3947.58/4203.01/243.779/4162.25/0/0/0/0/0/0/0/0/0/0/0/0/0/0/0/0/0/0/0/0/0/0/0/0/0/0/0/0/0/0/0/0/0/0/0/0/0/0/0/0/0/0/0/0/0/0/0/0,,,4999,1.1701998628084948e-11,1.952734375000001e-11,-1.8072885621195268e-06,1.8776008985015864,0,0.0,9534,2.023091345229096e-11,3.724218750000001e-11,1.7855137885478894e-06,2.4633210181145545e-07,6.187184335382292e-07,1.169799082929021e-06,1,1,nan,0.24502982505498289,26,24/23/20/19/18/15/13/12/7/22/7/6/3/1/2/4/5/8/9/10/11/14/16/17/21/22,25,3116.6,1.0,,,1.0279646345892656e-09,,,,,,,,,,,,,,1,13087,1,330330207.1571645,200388996.92099476,1.6484448359577362,2,-420469303.178702,-454095916.998821,-473882476.134529,-264392.032699,-660601.711723,-502801.155256,-436751178.566155,-551696.069581,3730,300280.784985,-185793.199328,7662082.184576,10444402.485857,-324965010.058735,-329680035.630058,-1.1335,1.1397,-0.4064,0.4075,0.0034,0.1806,4.0789,0.8363,0.0234,0.2776,0.4801,0.1452,407,806,8146,,,
900,8.1477328e-05,6410.62,4.6360773959283e-08,1.2181689453125007e-16,3.1831054687500014e-18,72,24,24,23,24/23/20/19/18/15/13/12/7/6/3/1/2/4/5/8/9/10/11/14/16/17/21/22,0,24,1,0.151367/0.0944824/0.0808105/0.149658/0.103027/0.0749512/0.0820313/0.150146/0.117432/0.156494/0.112549/0.102783/0.160645/0.121826/0.118164/0.165771/0.135742/0.129639/0.163818/0.145996/0.140381/0.187012/0.169189/0.169189/0/0/0/0/0/0/0/0/0/0/0/0/0/0/0/0/0/0/0/0/0/0/0/0/0/0/0/0/0/0/0/0/0/0/0/0/0/0/0/0/0/0/0/0/0/0/0/0,383.482/248.886/256.874/250.327/243.779/240.885/243.774/248.886/243.774/243.779/247.446/242.331/245.22/245.22/247.444/243.779/248.89/243.779/243.779/302.75/3952.69/4203.01/243.779/4162.25/0/0/0/0/0/0/0/0/0/0/0/0/0/0/0/0/0/0/0/0/0/0/0/0/0/0/0/0/0/0/0/0/0/0/0/0/0/0/0/0/0/0/0/0/0/0/0/0,1-2:0.377165/1-3:0.345876/2-4:0.385897/3-6:0.327593/4-5:0.601019/5-8:0.406317/6-7:0.334097/7-12:0.3416/8-9:0.636674/9-10:0.440974/10-11:0.630171/11-14:0.431423/12-13:0.483543/13-15:0.604475/14-16:0.543485/15-18:0.509877/16-17:0.647134/17-21:0.563815/18-19:0.547261/19-20:0.671511/20-23:0.591648/21-22:0.585054/23-24:0.667555,1-2:-28.536/1-3:-33.885/2-4:-24.602/3-6:-37.815/4-5:-20.636/5-8:-16.718/6-7:-41.655/7-12:-45.575/8-9:-12.759/9-10:-8.8047/10-11:-4.8406/11-14:-0.93607/12-13:-49.471/13-15:-53.462/14-16:3.0913/15-18:-57.413/16-17:7.0377/17-21:10.994/18-19:-61.367/19-20:-65.311/20-23:-69.349/21-22:10.447/23-24:-73.233,4989,1.1674165254290491e-11,1.9488281250000007e-11,-1.8079912309754171e-06,1.8663581968073406,0,0.0,9526,2.0235549380370948e-11,3.7210937500000014e-11,1.785502839826257e-06,2.4633210181145545e-07,6.187184335382292e-07,1.154459446228288e-06,1,1,nan,0.2452069083449245,24,24/23/20/19/18/15/13/12/7/6/3/1/2/4/5/8/9/10/11/14/16/17/21/22,23,3116.8,1.0,,,1.02708612346335e-09,1,24,1,1,1,1/0/0,1.0,24,6145,5916,619,24,24,1,13035,4,330568937.1151905,200357023.2166766,1.6498994235789575,1,-421393454.310112,-453669987.715351,-473763561.774462,-272646.188542,-613613.210063,-499473.762336,-436007222.960281,-555518.755158,3723,283870.427129,-178070.799272,6212056.785358,18784573.148787,-315446732.361161,-319938084.969609,-1.1108,1.1158,-0.388,0.3893,0.0034,0.1844,4.0688,0.8112,0.0235,0.2725,0.4723,0.143,400,813,8104,1228.1,751.3,346.4
920,9.1661994e-05,6612.05,4.4189615031262974e-08,1.2182568359375006e-16,3.1743164062500014e-18,72,24,24,23,24/23/20/19/18/15/13/12/7/6/3/1/2/4/5/8/9/10/11/14/16/17/21/22,0,24,1,0.151367/0.0947266/0.0805664/0.149658/0.103027/0.074707/0.081543/0.150391/0.117188/0.156738/0.112549/0.103027/0.160645/0.121826/0.11792/0.165771/0.13501/0.129639/0.163818/0.145264/0.140625/0.18335/0.168213/0.166748/0/0/0/0/0/0/0/0/0/0/0/0/0/0/0/0/0/0/0/0/0/0/0/0/0/0/0/0/0/0/0/0/0/0/0/0/0/0/0/0/0/0/0/0/0/0/0/0,383.482/248.886/256.874/250.327/243.779/240.885/243.774/248.886/243.774/243.779/247.446/242.331/245.22/245.22/247.444/243.779/248.89/243.779/243.779/302.748/3952.69/4203.01/243.779/4162.25/0/0/0/0/0/0/0/0/0/0/0/0/0/0/0/0/0/0/0/0/0/0/0/0/0/0/0/0/0/0/0/0/0/0/0/0/0/0/0/0/0/0/0/0/0/0/0/0,,,4972,1.1628958704305841e-11,1.942187500000001e-11,-1.8039705429492293e-06,1.930689205226347,0,0.0,9568,2.0345064029038356e-11,3.737500000000001e-11,1.7835749411006438e-06,2.4633210181145545e-07,6.187184335382292e-07,1.154459446228288e-06,1,1,nan,0.22571786441252514,24,24/23/20/19/18/15/13/12/7/6/3/1/2/4/5/8/9/10/11/14/16/17/21/22,23,3118.0,1.0,,,1.0277334107013766e-09,,,,,,,,,,,,,,1,13000,3,319246196.55098236,210199405.2882457,1.5187778296194567,2,-421549556.023175,-452406577.807865,-473793801.850684,-265894.022983,-617083.802418,-498259.649383,-435542633.132661,-543636.091037,3741,296795.225318,-175716.384246,14583413.709757,27760903.495825,-326748535.252844,-313921610.497564,-0.96,0.9708,-0.3657,0.3674,0.0031,0.1647,3.7768,0.7514,0.0217,0.2552,0.4814,0.142,384,808,8071,,,
940,9.1661994e-05,6826.58,4.4189615031262974e-08,1.2183178710937506e-16,3.1682128906250014e-18,72,24,24,23,24/23/20/19/18/15/13/12/7/6/3/1/2/4/5/8/9/10/11/14/16/17/21/22,0,24,1,0.151367/0.0957031/0.0810547/0.149658/0.103027/0.074707/0.0810547/0.150391/0.116943/0.156738/0.112549/0.103027/0.160645/0.122314/0.11792/0.166016/0.134766/0.129395/0.162842/0.144531/0.140381/0.180908/0.166992/0.165283/0/0/0/0/0/0/0/0/0/0/0/0/0/0/0/0/0/0/0/0/0/0/0/0/0/0/0/0/0/0/0/0/0/0/0/0/0/0/0/0/0/0/0/0/0/0/0/0,383.482/248.886/256.874/250.327/243.779/240.885/243.774/248.886/243.774/243.779/247.446/242.331/245.22/245.22/247.444/243.779/248.89/243.779/243.779/302.748/3952.69/4203.01/243.779/4162.25/0/0/0/0/0/0/0/0/0/0/0/0/0/0/0/0/0/0/0/0/0/0/0/0/0/0/0/0/0/0/0/0/0/0/0/0/0/0/0/0/0/0/0/0/0/0/0/0,,,4968,1.161940780209536e-11,1.9406250000000007e-11,-1.8037729006819297e-06,1.9338514815031405,0,0.0,9582,2.0379810381418737e-11,3.742968750000002e-11,1.7830129446120597e-06,2.4633210181145545e-07,6.187184335382292e-07,1.154459446228288e-06,1,1,nan,0.22545154882070667,24,24/23/20/19/18/15/13/12/7/6/3/1/2/4/5/8/9/10/11/14/16/17/21/22,23,3119.0,1.0,,,1.0282323355641937e-09,,,,,,,,,,,,,,1,12975,3,318869530.5746692,210152690.33242607,1.517323095270736,2,-420839241.287601,-453357448.641184,-473636940.038777,-265967.225317,-583186.224376,-496999.292424,-434733252.824908,-548235.384947,3766,293851.322085,-174514.492717,13976281.010084,26636713.504649,-329491489.300512,-309869668.248098,-0.9439,0.9527,-0.3462,0.3482,0.0031,0.1612,3.9494,0.7387,0.0216,0.2394,0.4632,0.1395,376,801,8034,,,
960,0.00010184666,7099.61,4.2212717110801314e-08,1.2183520507812506e-16,3.1647949218750016e-18,72,24,24,23,24/23/20/19/18/15/13/12/7/6/3/1/2/4/5/8/9/10/11/14/16/17/21/22,0,24,1,0.151367/0.0959473/0.0810547/0.149414/0.102783/0.074707/0.0810547/0.150391/0.116699/0.156982/0.112061/0.103027/0.160645/0.122314/0.11792/0.16626/0.134766/0.129395/0.163086/0.144043/0.140381/0.18042/0.166748/0.16333/0/0/0/0/0/0/0/0/0/0/0/0/0/0/0/0/0/0/0/0/0/0/0/0/0/0/0/0/0/0/0/0/0/0/0/0/0/0/0/0/0/0/0/0/0/0/0/0,383.482/248.886/256.874/250.327/243.779/240.885/243.774/248.886/243.774/243.779/247.446/242.331/245.22/245.22/247.444/243.779/248.89/243.779/243.779/302.748/3952.69/4203.01/243.779/4162.25/0/0/0/0/0/0/0/0/0/0/0/0/0/0/0/0/0/0/0/0/0/0/0/0/0/0/0/0/0/0/0/0/0/0/0/0/0/0/0/0/0/0/0/0/0/0/0/0,,,4966,1.1614632350990119e-11,1.9398437500000008e-11,-1.8036654007533113e-06,1.9355714803610335,0,0.0,9612,2.0460672579177554e-11,3.7546875000000014e-11,1.7831765205345713e-06,2.4633210181145545e-07,6.187184335382292e-07,1.154459446228288e-06,1,1,nan,0.20904325200545407,24,24/23/20/19/18/15/13/12/7/6/3/1/2/4/5/8/9/10/11/14/16/17/21/22,23,3118.5,1.0,,,1.0290342284518766e-09,,,,,,,,,,,,,,1,12961,3,309508701.2770798,220016625.39810425,1.4067514248845792,1,-420630380.813503,-454938870.295594,-473555379.957216,-250827.779043,-534780.083109,-496848.340415,-434127752.464814,-534414.950579,3796,306798.491255,-170510.618322,23314364.505446,35395964.584035,-325073456.286631,-308986352.735705,-0.8371,0.855,-0.3075,0.3105,0.0028,0.1484,3.3836,0.6727,0.0199,0.2507,0.453,0.1391,375,788,8004,,,
980,0.000162954655,7496.03,3.3279756535161225e-08,1.2127709960937506e-16,3.722900390625002e-18,72,26,24,23,24/23/20/19/18/15/13/12/7/6/3/1/2/4/5/8/9/10/11/14/16/17/21/22,0,24,1,0.152832/0.0983887/0.0827637/0.14917/0.102539/0.074707/0.0808105/0.150635/0.116699/0.157227/0.112061/0.103027/0.1604/0.122314/0.118408/0.165771/0.134766/0.12915/0.163086/0.143311/0.140137/0.182861/0.166748/0.164795/0/0/0/0/0/0/0/0/0/0/0/0/0/0/0/0/0/0/0/0/0/0/0/0/0.273682/0.276611/0/0/0/0/0/0/0/0/0/0/0/0/0/0/0/0/0/0/0/0/0/0,383.482/464.242/256.874/250.327/243.779/240.885/243.774/248.886/243.774/243.779/247.446/242.331/245.22/245.22/688.466/243.779/248.89/243.779/243.779/302.74/3952.69/4211.01/243.779/4162.25/0/0/0/0/0/0/0/0/0/0/0/0/0/0/0/0/0/0/0/0/0/0/0/0/1090.81/1111.91/0/0/0/0/0/0/0/0/0/0/0/0/0/0/0/0/0/0/0/0/0/0,,,4952,1.1589117324819947e-11,1.9343750000000008e-11,-1.801564584771844e-06,1.9691845360645102,0,0.0,12014,2.5754123596147462e-11,4.6929687500000016e-11,1.7831308292243401e-06,2.4816594068493463e-07,6.187184335382292e-07,1.1912604093854739e-06,1,1,nan,0.1880898600619204,30,24/23/20/19/18/15/13/12/7/22/7/6/49/3/49/1/2/4/5/8/9/50/9/10/11/14/16/17/21/22,23,3063.2,1.0,,,1.1132540519993914e-09,,,,,,,,,,,,,,1,12982,12,353236245.6272722,307727854.5604996,1.1478851861875428,1,-370391657.8475,-398512189.769415,-468160591.322466,-147041.695778,-410618.142071,-457729.362581,-423159426.405694,-440504.458671,4359,88553568.770279,52933347.683665,171314800.212929,125671697.603942,-191358089.719677,-226525272.952024,0.2551,0.9205,-0.1029,0.1759,0.0017,0.093,1.7248,0.2728,0.0066,0.5317,0.6334,0.2469,568,1154,9157,,,
1000,0.000162954655,7822.11,3.3279756535161225e-08,1.2124096679687506e-16,3.7590332031250015e-18,72,26,24,23,24/23/20/19/18/15/13/12/7/6/3/1/2/4/5/8/9/10/11/14/16/17/21/22,0,26,1,0.154297/0.0993652/0.0847168/0.14917/0.103516/0.074707/0.0808105/0.151123/0.116943/0.157959/0.112061/0.103027/0.160645/0.122314/0.118652/0.165771/0.134766/0.128906/0.163086/0.143311/0.139648/0.182861/0.166748/0.165527/0/0/0/0/0/0/0/0/0/0/0/0/0/0/0/0/0/0/0/0/0/0/0/0/0.289307/0.289795/0/0/0/0/0/0/0/0/0/0/0/0/0/0/0/0/0/0/0/0/0/0,383.482/464.242/256.874/250.327/476.68/240.885/243.774/248.886/243.774/243.779/247.446/242.331/245.22/245.22/688.466/243.779/248.89/243.777/243.779/302.74/3952.69/4211.01/243.779/4162.25/0/0/0/0/0/0/0/0/0/0/0/0/0/0/0/0/0/0/0/0/0/0/0/0/1118.46/1111.91/0/0/0/0/0/0/0/0/0/0/0/0/0/0/0/0/0/0/0/0/0/0,1-2:0.377165/1-3:0.345876/2-4:0.385897/3-6:0.322818/4-5:0.592377/5-8:0.406317/6-7:0.33105/7-12:0.3416/8-9:0.636674/9-10:0.43488/10-11:0.630171/11-14:0.429695/12-13:0.481814/13-15:0.604475/14-16:0.540438/15-18:0.50683/16-17:0.647134/17-21:0.563815/18-19:0.540757/19-20:0.668055/20-23:0.56909/21-22:0.565953/23-24:0.659732,1-2:-28.536/1-3:-33.885/2-4:-24.602/3-6:-37.816/4-5:-20.643/5-8:-16.718/6-7:-41.655/7-12:-45.575/8-9:-12.759/9-10:-8.8015/10-11:-4.8406/11-14:-0.93958/12-13:-49.471/13-15:-53.462/14-16:3.0927/15-18:-57.415/16-17:7.0377/17-21:10.994/18-19:-61.366/19-20:-65.311/20-23:-69.31/21-22:11.39/23-24:-73.233,4949,1.1582613756929654e-11,1.9332031250000007e-11,-1.8014400679097113e-06,1.9711768058586348,0,0.0,12156,2.6060207602204076e-11,4.748437500000002e-11,1.7837804675291554e-06,2.488876869221721e-07,6.187184335382297e-07,1.1984141848709585e-06,1,1,nan,0.18661790903627914,30,24/23/20/19/18/15/13/12/7/22/7/6/49/3/49/1/2/4/5/8/9/50/9/10/11/14/16/17/21/22,23,3060.7,1.0,,,1.1241751123649084e-09,3,24/1/1,1/3/3,2,2,0.845944/0/0.154056,0.949273,24/1/1,6153/312/312,5947/1456/1472,707/619/619,24/1/1,26/1/1,1,12999,20,350471894.3014029,304770575.74707144,1.1499531850878508,3,-371473106.859425,-394485761.770704,-468426849.689023,-169218.52576,-332139.050285,-447238.501513,-420153692.337307,-430846.403322,4484,73931535.609562,68063836.288594,169669281.359431,123115979.734755,-205763225.078778,-213088888.640482,0.1387,0.7812,-0.0884,0.1728,0.0016,0.096,1.4874,0.268,0.0065,0.5227,0.6331,0.2457,572,1202,9136,1259.8,751.3,352.6
1020,0.000162954655,8083.15,3.3279756535161225e-08,1.2122045898437505e-16,3.779541015625002e-18,72,26,24,23,24/23/20/19/18/15/13/12/7/6/3/1/2/4/5/8/9/10/11/14/16/17/21/22,0,27,1,0.154541/0.0998535/0.0849609/0.149414/0.103516/0.0749512/0.0808105/0.151367/0.117188/0.158203/0.112061/0.103271/0.1604/0.122559/0.118652/0.16626/0.135498/0.128906/0.163086/0.143555/0.139404/0.185791/0.166748/0.166992/0/0/0/0/0/0/0/0/0/0/0/0/0/0/0/0/0/0/0/0/0/0/0/0/0.298828/0.292725/0/0/0/0/0/0/0/0/0/0/0/0/0/0/0/0/0/0/0/0/0/0,383.482/464.242/256.874/250.327/476.68/240.885/243.774/248.886/308.53/243.779/247.446/461.306/245.22/245.22/688.466/243.779/250.331/243.777/243.779/302.74/3952.69/4211.01/243.779/4183.35/0/0/0/0/0/0/0/0/0/0/0/0/0/0/0/0/0/0/0/0/0/0/0/0/1118.46/1111.91/0/0/0/0/0/0/0/0/0/0/0/0/0/0/0/0/0/0/0/0/0/0,,,4945,1.157438156080859e-11,1.931640625000001e-11,-1.800130963010327e-06,1.9921224842487841,0,0.0,12262,2.6290884671418855e-11,4.7898437500000016e-11,1.7834963227295073e-06,2.5360237339596157e-07,6.187184335382297e-07,1.1984141848709587e-06,1,1,nan,0.18719756064853907,27,24/23/20/19/18/15/13/12/7/6/49/3/49/1/2/4/5/8/9/50/10/11/14/16/17/21/22,20,3078.9,1.0,,,1.1332566831636724e-09,,,,,,,,,,,,,,1,13025,25,351560490.7798047,304187549.00175476,1.1557359659641318,1,-385048557.628519,-395306082.629653,-468579331.858546,-193026.33445,-314128.845241,-441714.022616,-418036867.248811,-414397.811265,4564,61282449.526876,68030282.167971,142401960.614498,115972363.345246,-216471486.618193,-212891310.38781,0.0015,0.6212,-0.0836,0.1707,0.0016,0.0948,1.2575,0.2638,0.0065,0.491,0.6353,0.2463,554,1223,9137,,,
1040,0.000162954655,8313.3,3.3279756535161225e-08,1.2119799804687505e-16,3.8020019531250015e-18,72,26,24,23,24/23/20/19/18/15/13/12/7/6/3/1/2/4/5/8/9/10/11/14/16/17/21/22,0,27,1,0.155762/0.100098/0.0861816/0.149902/0.103516/0.0751953/0.0808105/0.151611/0.116943/0.158936/0.112061/0.103271/0.160156/0.122559/0.118896/0.16626/0.135254/0.128906/0.163086/0.143311/0.139648/0.186523/0.166748/0.168457/0/0/0/0/0/0/0/0/0/0/0/0/0/0/0/0/0/0/0/0/0/0/0/0/0.307129/0.300781/0/0/0/0/0/0/0/0/0/0/0/0/0/0/0/0/0/0/0/0/0/0,383.482/464.242/262.001/250.327/476.68/240.885/243.774/248.886/308.53/243.779/247.446/461.306/245.22/245.22/716.118/243.779/250.331/243.777/243.779/302.74/3952.69/4211.01/243.779/4183.35/0/0/0/0/0/0/0/0/0/0/0/0/0/0/0/0/0/0/0/0/0/0/0/0/1118.46/1111.91/0/0/0/0/0/0/0/0/0/0/0/0/0/0/0/0/0/0/0/0/0/0,,,4947,1.1579156884052402e-11,1.9324218750000008e-11,-1.800684216011138e-06,1.9832704362358078,0,0.0,12378,2.6567857511125653e-11,4.835156250000002e-11,1.7835678535358615e-06,2.561661416381976e-07,6.187184335382297e-07,1.1984141848709587e-06,1,1,nan,0.189887014314148,27,24/23/20/19/18/15/13/12/7/6/49/3/49/1/2/4/5/8/9/50/10/11/14/16/17/21/22,20,3076.5,1.0,,,1.1414944621852302e-09,,,,,,,,,,,,,,1,13046,28,356611334.64409095,304396374.80051416,1.171536076531121,1,-390076186.733687,-394490483.178321,-468614165.347447,-200973.9748,-252384.303807,-435934.761944,-416424419.001728,-406794.345824,4616,57359759.554372,68885665.682146,168122406.830872,139313353.6631,-219679386.896385,-212101501.666541,-0.0626,0.6107,-0.078,0.1793,0.0016,0.094,1.2563,0.273,0.0065,0.4831,0.6457,0.2467,561,1253,9138,,,
1060,0.000162954655,8565.49,3.3279756535161225e-08,1.2117724609375006e-16,3.8227539062500015e-18,72,26,24,23,24/23/20/19/18/15/13/12/7/6/3/1/2/4/5/8/9/10/11/14/16/17/21/22,0,27,1,0.15625/0.10083/0.0876465/0.150146/0.103516/0.0751953/0.0808105/0.151855/0.117432/0.158936/0.112061/0.103271/0.1604/0.122559/0.118896/0.16626/0.135254/0.128906/0.162842/0.142578/0.139648/0.187744/0.167236/0.169189/0/0/0/0/0/0/0/0/0/0/0/0/0/0/0/0/0/0/0/0/0/0/0/0/0.312012/0.311279/0/0/0/0/0/0/0/0/0/0/0/0/0/0/0/0/0/0/0/0/0/0,383.482/464.242/262.001/250.327/476.68/240.885/243.774/248.886/308.53/243.779/247.446/461.306/245.22/245.22/716.118/243.779/250.331/243.777/243.779/302.74/3952.69/4211.01/243.779/4183.35/0/0/0/0/0/0/0/0/0/0/0/0/0/0/0/0/0/0/0/0/0/0/0/0/1118.46/1139.56/0/0/0/0/0/0/0/0/0/0/0/0/0/0/0/0/0/0/0/0/0/0,,,4943,1.1569606109703348e-11,1.9308593750000006e-11,-1.8002201224657037e-06,1.9906959329627563,0,0.0,12480,2.6833821475230162e-11,4.875000000000002e-11,1.7828991747442028e-06,2.561661416381976e-07,6.40815520450309e-07,1.1984141848709587e-06,1,1,nan,0.19062995815078895,27,24/23/20/19/18/15/13/12/7/6/49/3/49/1/2/4/5/8/9/50/10/11/14/16/17/21/22,20,3077.1,1.0,,,1.14907563201499e-09,,,,,,,,,,,,,,1,13063,28,358006596.94839895,304688214.60745037,1.1749932546936288,1,-391466233.689966,-387261438.923307,-468548782.377661,-203130.644481,-235589.647289,-429369.504148,-415837570.467605,-406036.158992,4666,53390013.191708,73141185.577203,134669297.761085,146736302.501836,-223435324.504778,-207313438.438209,-0.0764,0.6059,-0.0613,0.179,0.0016,0.0922,1.2657,0.269,0.0065,0.4756,0.6544,0.2476,553,1305,9132,,,
1080,0.000173139321,8857.77,3.21459798355071e-08,1.2069946289062505e-16,4.300537109375002e-18,72,28,24,23,24/23/20/19/18/15/13/12/7/6/3/1/2/4/5/8/9/10/11/14/16/17/21/22,0,27,1,0.157471/0.101563/0.0891113/0.149902/0.103516/0.0754395/0.0805664/0.1521/0.117432/0.159424/0.111816/0.10376/0.160645/0.122803/0.118896/0.16626/0.135498/0.128906/0.162842/0.141357/0.139404/0.19043/0.167236/0.169922/0/0/0/0/0/0/0/0/0/0/0/0/0/0/0/0/0/0/0/0/0/0/0/0/0.317383/0.318359/0.204102/0.254395/0/0/0/0/0/0/0/0/0/0/0/0/0/0/0/0/0/0/0/0,383.482/464.242/263.398/250.327/476.68/240.885/243.774/248.886/308.53/245.208/247.444/461.306/245.22/245.22/716.118/243.779/250.331/243.777/243.779/302.74/3952.69/4211.01/243.779/4183.35/0/0/0/0/0/0/0/0/0/0/0/0/0/0/0/0/0/0/0/0/0/0/0/0/1118.46/1139.56/1042.06/1090.8/0/0/0/0/0/0/0/0/0/0/0/0/0/0/0/0/0/0/0/0,,,5248,1.2306425042533716e-11,2.0500000000000007e-11,-1.887676475671362e-06,0.5913942816722237,0,0.0,14000,3.007012238973187e-11,5.468750000000002e-11,1.7628419386265284e-06,2.830686916757912e-07,6.850096942744679e-07,1.1984141848709587e-06,1,1,nan,0.1855111172219861,31,24/23/20/19/18/15/52/15/13/12/7/22/7/6/49/3/49/1/2/4/5/8/9/50/10/11/14/16/17/21/22,22,3159.7,1.0,,,1.2563901100548335e-09,,,,,,,,,,,,,,1,13093,27,360681020.9458104,320320565.41898406,1.1260002006865661,3,-363777876.313338,-379288302.710634,-462092636.779821,-192582.14308,-277499.985086,-409345.539161,-411829283.835793,-388652.826853,5118,56524778.38712,79361503.031121,130300182.726861,147687171.492607,-231555725.40683,-211120382.202067,-0.0012,0.6893,-0.0636,0.1825,0.0016,0.0908,1.1954,0.2535,0.0058,0.5741,0.7105,0.2787,695,1582,10220,,,
1100,0.000173139321,9201.26,3.21459798355071e-08,1.2067333984375006e-16,4.326660156250002e-18,72,28,24,23,24/23/20/19/18/15/13/12/7/6/3/1/2/4/5/8/9/10/11/14/16/17/21/22,0,27,1,0.158203/0.101807/0.0895996/0.149902/0.10376/0.0754395/0.0808105/0.1521/0.117432/0.159668/0.112305/0.10376/0.160889/0.122803/0.119141/0.166016/0.135742/0.128906/0.162842/0.141357/0.13916/0.192139/0.167725/0.169922/0/0/0/0/0/0/0/0/0/0/0/0/0/0/0/0/0/0/0/0/0/0/0/0/0.323242/0.322266/0.211182/0.258545/0/0/0/0/0/0/0/0/0/0/0/0/0/0/0/0/0/0/0/0,383.482/464.242/263.398/250.327/476.68/240.885/243.774/248.886/308.53/245.22/435.917/461.306/245.22/245.22/716.118/243.779/250.331/243.777/243.779/302.74/3952.69/4211.01/243.779/4183.35/0/0/0/0/0/0/0/0/0/0/0/0/0/0/0/0/0/0/0/0/0/0/0/0/1118.46/1139.56/1042.06/1090.8/0/0/0/0/0/0/0/0/0/0/0/0/0/0/0/0/0/0/0/0,1-2:0.380622/1-3:0.3411/2-4:0.385897/3-6:0.322818/4-5:0.585464/5-8:0.404589/6-7:0.33105/7-12:0.3416/8-9:0.636674/9-10:0.437927/10-11:0.624077/11-14:0.429695/12-13:0.481814/13-15:0.604475/14-16:0.53871/15-18:0.503783/16-17:0.647134/17-21:0.563815/18-19:0.540757/19-20:0.650771/20-23:0.573865/21-22:0.562906/23-24:0.654957/51-52:0.751055,1-2:-28.534/1-3:-33.886/2-4:-24.602/3-6:-37.816/4-5:-20.648/5-8:-16.72/6-7:-41.655/7-12:-45.575/8-9:-12.759/9-10:-8.8037/10-11:-4.8299/11-14:-0.93958/12-13:-49.471/13-15:-53.462/14-16:3.0927/15-18:-57.415/16-17:7.0377/17-21:11.007/18-19:-61.366/19-20:-65.311/20-23:-69.312/21-22:11.39/23-24:-73.233/51-52:-52.053,5244,1.2295555434233817e-11,2.048437500000001e-11,-1.887642607592716e-06,0.5919361709305595,0,0.0,14156,3.0471616296956394e-11,5.5296875000000024e-11,1.7631560112838735e-06,3.0563500808406286e-07,7.071067811865475e-07,1.1984141848709587e-06,1,1,nan,0.18579440010749257,32,24/23/20/19/18/15/52/15/13/12/7/22/6/49/3/49/1/2/4/5/8/9/50/9/50/10/11/14/16/17/21/22,21,3164.7,1.0,,,1.2666964826700654e-09,4,24/2/1/1,1/3/3/3,2,2,0.742241/0/0.257759,0.924576,24/2/1/1,6174/559/316/312,5978/1382/1593/1609,707/619/751/707,24/2/1/1,25/2/1/1,1,13109,31,361231795.2707727,319482490.26213926,1.1306779128157465,2,-371377837.623288,-377621177.217576,-462284002.339228,-198038.39159,-247659.802542,-396900.780689,-409845368.45936,-369822.341108,5234,53288851.224175,79080837.356473,131619127.706818,155502011.889961,-236058182.397607,-211181679.019027,-0.0728,0.6231,-0.0581,0.1786,0.0016,0.0911,1.1283,0.2497,0.0057,0.5495,0.7059,0.2801,646,1615,10218,1282.3,751.3,353.7
1120,0.000173139321,9521.79,3.21459798355071e-08,1.2064672851562506e-16,4.353271484375002e-18,72,28,24,23,24/23/20/19/18/15/13/12/7/6/3/1/2/4/5/8/9/10/11/14/16/17/21/22,0,27,1,0.160156/0.102539/0.0910645/0.149902/0.10376/0.0754395/0.0805664/0.152588/0.117676/0.160156/0.112305/0.10376/0.161865/0.123047/0.119141/0.166016/0.135498/0.128906/0.162598/0.141357/0.138428/0.193604/0.167725/0.171387/0/0/0/0/0/0/0/0/0/0/0/0/0/0/0/0/0/0/0/0/0/0/0/0/0.327881/0.328369/0.21582/0.261719/0/0/0/0/0/0/0/0/0/0/0/0/0/0/0/0/0/0/0/0,419.126/464.242/268.509/250.327/489.785/240.885/243.774/248.886/408.261/245.22/435.917/461.306/245.22/245.22/716.118/243.779/250.331/243.777/243.779/302.74/3925.04/4211.01/243.779/4183.35/0/0/0/0/0/0/0/0/0/0/0/0/0/0/0/0/0/0/0/0/0/0/0/0/1118.46/1146.11/1042.06/1090.8/0/0/0/0/0/0/0/0/0/0/0/0/0/0/0/0/0/0/0/0,,,5236,1.2275135179446293e-11,2.045312500000001e-11,-1.8870649713895805e-06,0.601178350180727,0,0.0,14314,3.0842277266474706e-11,5.591406250000002e-11,1.7631383755127163e-06,3.555003582775729e-07,7.071067811865477e-07,1.1984141848709587e-06,1,1,nan,0.18603375191717447,32,24/23/20/19/18/15/52/15/13/12/7/22/6/49/3/49/1/2/4/5/8/9/50/9/50/10/11/14/16/17/21/22,21,3167.1,1.0,,,1.2756332150147176e-09,,,,,,,,,,,,,,1,13137,34,361697156.357343,319425138.8033365,1.1323377919232354,1,-372030895.147051,-371896959.104591,-462526413.653046,-198316.965015,-241279.637463,-402729.69934,-407704389.290533,-351846.333167,5319,53330498.557134,78980472.178891,169225661.066887,173631181.329541,-234677994.463387,-211129407.12328,-0.0841,0.6358,-0.0592,0.1829,0.0016,0.0903,1.1494,0.2525,0.0058,0.5504,0.7154,0.2812,645,1662,10203,,,
1140,0.000173139321,9760.12,3.21459798355071e-08,1.2062207031250005e-16,4.377929687500002e-18,72,28,24,23,24/23/20/19/18/15/13/12/7/6/3/1/2/4/5/8/9/10/11/14/16/17/21/22,0,27,1,0.162109/0.103271/0.0915527/0.150146/0.104004/0.0759277/0.0805664/0.152588/0.11792/0.160889/0.112549/0.104004/0.162109/0.123291/0.119629/0.166016/0.135498/0.128906/0.162598/0.140869/0.138428/0.194336/0.167725/0.172607/0/0/0/0/0/0/0/0/0/0/0/0/0/0/0/0/0/0/0/0/0/0/0/0/0.332031/0.335938/0.217285/0.265137/0/0/0/0/0/0/0/0/0/0/0/0/0/0/0/0/0/0/0/0,419.126/495.578/268.509/250.327/489.785/240.885/243.774/248.886/414.813/245.22/435.917/461.306/245.22/245.22/716.118/243.779/250.331/243.777/243.779/302.74/3925.04/4211.01/243.779/4183.35/0/0/0/0/0/0/0/0/0/0/0/0/0/0/0/0/0/0/0/0/0/0/0/0/1118.46/1146.12/1063.16/1090.8/0/0/0/0/0/0/0/0/0/0/0/0/0/0/0/0/0/0/0/0,,,5234,1.226772231616222e-11,2.044531250000001e-11,-1.8867035869827727e-06,0.6069605006896521,0,0.0,14468,3.121130136037906e-11,5.651562500000002e-11,1.7630172712189705e-06,3.5877666673408705e-07,7.071067811865477e-07,1.1984141848709587e-06,1,1,nan,0.18635007780053645,32,24/23/20/19/18/15/52/15/13/12/7/22/6/49/3/49/1/2/4/5/8/9/50/9/50/10/11/14/16/17/21/22,21,3168.1,1.0,,,1.2840802667780942e-09,,,,,,,,,,,,,,1,13165,36,362312174.71457744,319506707.91056025,1.1339736091425028,1,-373068484.707,-366739947.279119,-462768516.693256,-196209.022543,-234255.847031,-396240.223487,-406323957.533627,-338329.926613,5363,49682920.018291,86816553.96486,133222706.740893,170300296.474569,-238116577.911059,-203443599.020432,-0.117,0.6543,-0.0494,0.1836,0.0016,0.0909,1.1776,0.2514,0.0058,0.553,0.7211,0.2819,651,1707,10208,,,
1160,0.000173139321,9925.41,3.21459798355071e-08,1.2060107421875006e-16,4.398925781250002e-18,72,28,24,23,24/23/20/19/18/15/13/12/7/6/3/1/2/4/5/8/9/10/11/14/16/17/21/22,0,27,1,0.163574/0.103271/0.0917969/0.150879/0.104004/0.0761719/0.0805664/0.152344/0.11792/0.160645/0.112549/0.104004/0.162109/0.123535/0.120117/0.16626/0.135498/0.128662/0.162842/0.140381/0.138184/0.194824/0.16748/0.174072/0/0/0/0/0/0/0/0/0/0/0/0/0/0/0/0/0/0/0/0/0/0/0/0/0.339355/0.342041/0.218994/0.266846/0/0/0/0/0/0/0/0/0/0/0/0/0/0/0/0/0/0/0/0,419.126/495.578/268.509/250.327/489.785/240.885/243.774/248.886/414.813/245.22/435.917/461.306/245.22/245.22/716.118/243.779/250.331/243.777/243.779/302.74/3925.04/4211.01/243.779/4183.35/0/0/0/0/0/0/0/0/0/0/0/0/0/0/0/0/0/0/0/0/0/0/0/0/1118.46/1146.12/1069.71/1090.8/0/0/0/0/0/0/0/0/0/0/0/0/0/0/0/0/0/0/0/0,,,5227,1.2249030178159749e-11,2.0417968750000007e-11,-1.885709149313579e-06,0.6228715033967502,0,0.0,14572,3.1488633794590186e-11,5.6921875000000025e-11,1.7631862336735818e-06,3.5877666673408705e-07,7.071067811865477e-07,1.1984141848709587e-06,1,1,nan,0.18674266693730227,29,24/23/20/19/18/15/52/15/13/12/7/22/6/49/1/2/4/5/8/50/9/50/10/11/14/16/17/21/22,20,3169.9,1.0,,,1.2922788147498846e-09,,,,,,,,,,,,,,1,13179,38,363075468.3262023,319424841.5286307,1.136653826260595,2,-379559666.066127,-364568280.849283,-462910401.650547,-197286.601673,-232578.633601,-387062.99634,-404564799.221775,-330324.916819,5434,48680894.287405,90516114.347437,158348456.594849,165505408.932044,-237783705.070767,-199773799.367068,-0.1079,0.6467,-0.0417,0.1823,0.0017,0.09,1.1908,0.2503,0.0057,0.5404,0.7193,0.2832,644,1728,10207,,,
1180,0.000183323987,10083.49,3.108690918802771e-08,1.2036157226562505e-16,4.638427734375002e-18,72,29,24,23,24/23/20/19/18/15/13/12/7/6/3/1/2/4/5/8/9/10/11/14/16/17/21/22,0,27,1,0.165771/0.10498/0.0932617/0.151611/0.104004/0.0761719/0.0808105/0.152588/0.11792/0.160645/0.112793/0.104004/0.162109/0.123535/0.120361/0.166016/0.135254/0.128418/0.162842/0.140381/0.137695/0.195068/0.16748/0.175781/0/0/0/0/0/0/0/0/0/0/0/0/0/0/0/0/0/0/0/0/0/0/0/0/0.343994/0.294434/0.222168/0.269531/0.268799/0/0/0/0/0/0/0/0/0/0/0/0/0/0/0/0/0/0/0,419.126/495.578/268.509/250.327/489.785/240.885/435.886/248.886/414.813/245.22/435.917/461.306/245.22/245.22/716.118/243.779/250.331/243.777/243.779/302.74/3925.04/4211.01/243.779/4183.35/0/0/0/0/0/0/0/0/0/0/0/0/0/0/0/0/0/0/0/0/0/0/0/0/1139.56/1167.22/1090.81/1090.81/1118.46/0/0/0/0/0/0/0/0/0/0/0/0/0/0/0/0/0/0/0,,,5611,1.3128978315797882e-11,2.191796875000001e-11,-1.786698905841242e-06,2.2070353989541442,0,0.0,15084,3.254760670738671e-11,5.892187500000002e-11,1.7406986084778197e-06,4.191255588420866e-07,7.071067811865479e-07,1.1984141848709587e-06,1,1,nan,0.18728443137520398,29,24/23/20/19/18/15/52/15/13/12/7/22/6/49/1/2/4/5/8/9/50/10/53/11/14/16/17/21/22,20,3121.8,1.0,,,1.3622458256229742e-09,,,,,,,,,,,,,,1,13202,40,376533958.0770617,333070176.65774584,1.1304943656482884,1,-373839283.415352,-373972734.284549,-458498439.901736,-210669.281725,-372070.839091,-442743.894831,-403932226.118491,-360206.74096,5668,46698989.531676,69133427.551751,141256719.47859,172369160.188795,-250117936.672255,-230507863.196637,-0.1306,0.6311,-0.0623,0.1655,0.0015,0.0873,1.0878,0.2225,0.0054,0.5775,0.7346,0.2691,729,1839,10759,,,
1200,0.000183323987,10252.51,3.108690918802771e-08,1.2033129882812505e-16,4.668701171875002e-18,72,29,24,23,24/23/20/19/18/15/13/12/7/6/3/1/2/4/5/8/9/10/11/14/16/17/21/22,0,27,1,0.168457/0.106445/0.0944824/0.1521/0.104004/0.0766602/0.0810547/0.15332/0.118408/0.160889/0.113281/0.104248/0.162109/0.123535/0.120605/0.166016/0.13501/0.128174/0.162842/0.140381/0.138184/0.196045/0.16748/0.17627/0/0/0/0/0/0/0/0/0/0/0/0/0/0/0/0/0/0/0/0/0/0/0/0/0.351318/0.298096/0.224854/0.273682/0.270752/0/0/0/0/0/0/0/0/0/0/0/0/0/0/0/0/0/0/0,419.126/495.578/268.509/250.327/489.785/240.885/435.886/248.886/422.814/245.22/463.571/461.306/245.22/245.22/716.118/243.779/250.331/243.777/243.779/302.74/3925.04/4211.01/243.779/4183.35/0/0/0/0/0/0/0/0/0/0/0/0/0/0/0/0/0/0/0/0/0/0/0/0/1167.22/1173.77/1090.81/1090.81/1139.56/0/0/0/0/0/0/0/0/0/0/0/0/0/0/0/0/0/0/0,1-2:0.384079/1-3:0.345876/2-4:0.390673/3-6:0.324546/4-5:0.582007/5-8:0.399404/6-7:0.334506/7-12:0.339872/8-9:0.633627/9-10:0.439655/10-11:0.624077/11-14:0.424919/12-13:0.481814/13-15:0.604475/14-16:0.535663/15-18:0.500326/16-17:0.64104/17-21:0.560768/18-19:0.539029/19-20:0.650771/20-23:0.570818/21-22:0.546851/23-24:0.654957/50-53:0.867031/51-52:0.718856,1-2:-28.532/1-3:-33.901/2-4:-24.6/3-6:-37.82/4-5:-20.65/5-8:-16.72/6-7:-41.653/7-12:-45.585/8-9:-12.759/9-10:-8.8018/10-11:-4.8299/11-14:-0.9285/12-13:-49.471/13-15:-53.462/14-16:3.0927/15-18:-57.415/16-17:7.0377/17-21:11.007/18-19:-61.363/19-20:-65.311/20-23:-69.312/21-22:12.364/23-24:-73.233/50-53:-7.8514/51-52:-52.204,5594,1.3095640887786571e-11,2.1851562500000008e-11,-1.7901132835729126e-06,2.1524053552474136,0,0.0,15302,3.309845498056595e-11,5.977343750000003e-11,1.7408323384983327e-06,4.2281369441784264e-07,7.071067811865479e-07,1.1984141848709587e-06,1,1,nan,0.18762964189703565,29,24/23/20/19/18/15/52/15/13/12/7/22/6/49/1/2/4/5/8/9/50/10/53/11/14/16/17/21/22,20,3124.5,1.0,,,1.3718669276362209e-09,4,24/2/2/1,1/3/3/3,2,2,0.696125/0/0.303875,0.916243,24/2/2/1,6174/564/559/317,5978/1654/1477/1654,707/840/663/840,24/2/2/1,25/2/2/1,1,13238,45,377228001.2668809,333483867.36558723,1.1311731636281477,1,-379901324.190137,-371362558.173834,-458765100.74563,-213158.1804,-346404.768535,-439228.186701,-401164507.127147,-346149.179314,5813,45602246.59471,70948871.090163,163980405.879374,174499327.916059,-252115087.793115,-229028031.989287,-0.1681,0.6285,-0.0585,0.1643,0.0015,0.0883,1.0832,0.2207,0.0054,0.5776,0.7349,0.2702,715,1856,10734,1312.9,751.3,345.0
1220,0.000183323987,10432.98,3.108690918802771e-08,1.2030908203125004e-16,4.690917968750002e-18,72,29,24,23,24/23/20/19/18/15/13/12/7/6/3/1/2/4/5/8/9/10/11/14/16/17/21/22,0,27,1,0.169678/0.107422/0.0952148/0.152588/0.104248/0.0766602/0.081543/0.15332/0.118408/0.160889/0.11377/0.10498/0.162354/0.123291/0.121338/0.16626/0.13501/0.128174/0.162598/0.140137/0.138184/0.196289/0.16748/0.17749/0/0/0/0/0/0/0/0/0/0/0/0/0/0/0/0/0/0/0/0/0/0/0/0/0.357666/0.301514/0.227539/0.27417/0.272705/0/0/0/0/0/0/0/0/0/0/0/0/0/0/0/0/0/0/0,419.126/495.578/268.509/250.327/489.785/240.885/463.538/248.886/422.814/245.22/463.571/461.306/245.22/245.22/716.118/243.779/250.331/243.777/243.779/302.74/3925.04/4211.01/243.779/4183.35/0/0/0/0/0/0/0/0/0/0/0/0/0/0/0/0/0/0/0/0/0/0/0/0/2992.24/1173.77/1090.81/1090.81/1139.56/0/0/0/0/0/0/0/0/0/0/0/0/0/0/0/0/0/0/0,,,5584,1.3071764143706085e-11,2.181250000000001e-11,-1.793988208252263e-06,2.0904065603778066,0,0.0,15450,3.3470296667485574e-11,6.035156250000002e-11,1.7403346899935176e-06,4.2281369441784264e-07,7.071067811865479e-07,1.1984141848709587e-06,1,1,nan,0.18786271291610482,29,24/23/20/19/18/15/52/15/13/12/7/22/6/49/1/2/4/5/8/9/50/10/53/11/14/16/17/21/22,20,3126.5,1.0,,,1.3809133759747717e-09,,,,,,,,,,,,,,1,13260,48,377696588.81940067,333933424.08861107,1.131053562099183,1,-378176166.542493,-370135650.662466,-458886353.953727,-218623.327698,-331979.975798,-439217.659225,-400141175.72182,-333036.843588,5888,50747892.030664,69813908.192076,197091317.803493,177988402.448345,-246552452.70845,-229867469.871398,-0.1291,0.6298,-0.0599,0.1644,0.0015,0.0843,1.0849,0.2193,0.0054,0.5778,0.7404,0.2721,720,1880,10721,,,
1240,0.000183323987,10588.91,3.108690918802771e-08,1.2028320312500004e-16,4.716796875000002e-18,72,29,24,23,24/23/20/19/18/15/13/12/7/6/3/1/2/4/5/8/9/10/11/14/16/17/21/22,0,28,1,0.17041/0.10791/0.0957031/0.152588/0.104248/0.0766602/0.0820313/0.15332/0.118408/0.161133/0.114014/0.104736/0.162354/0.123535/0.122559/0.16626/0.135254/0.128174/0.162842/0.140137/0.138184/0.197266/0.167725/0.178467/0/0/0/0/0/0/0/0/0/0/0/0/0/0/0/0/0/0/0/0/0/0/0/0/0.36499/0.30542/0.230225/0.275879/0.276367/0/0/0/0/0/0/0/0/0/0/0/0/0/0/0/0/0/0/0,419.126/495.578/273.618/250.327/538.539/240.885/463.538/248.886/422.814/245.22/463.571/461.306/245.22/245.22/716.118/243.779/424.253/243.777/243.779/302.74/3925.04/4216.11/243.779/4183.35/0/0/0/0/0/0/0/0/0/0/0/0/0/0/0/0/0/0/0/0/0/0/0/0/2992.24/1194.87/1090.81/1090.81/1139.56/0/0/0/0/0/0/0/0/0/0/0/0/0/0/0/0/0/0/0,,,5583,1.307135460514902e-11,2.1808593750000007e-11,-1.79389517790008e-06,2.091895046012736,0,0.0,15592,3.378165473073128e-11,6.090625000000002e-11,1.7401212913148463e-06,4.242530953265579e-07,7.071067811865483e-07,1.1984141848709587e-06,1,1,nan,0.18806373305860502,29,24/23/20/19/18/15/52/15/13/12/7/22/6/49/1/2/4/5/8/9/50/10/53/11/14/16/17/21/22,20,3128.3,1.0,,,1.389790112776394e-09,,,,,,,,,,,,,,1,13278,50,378100738.32266176,334248976.817963,1.1311949012444729,1,-378716240.469703,-371340356.305884,-458916888.485792,-215822.463478,-308639.586825,-433826.768216,-396973784.429479,-323095.010876,6009,48682070.33229,68144724.295442,183320278.381701,170462905.802527,-249570236.639928,-231680423.042418,-0.1394,0.6193,-0.0577,0.1577,0.0015,0.0839,1.078,0.2123,0.0054,0.5716,0.7331,0.2743,712,1866,10730,,,
1260,0.000183323987,10743.25,3.108690918802771e-08,1.2026538085937506e-16,4.734619140625002e-18,72,29,24,23,24/23/20/19/18/15/13/12/7/6/3/1/2/4/5/8/9/10/11/14/16/17/21/22,0,28,1,0.171387/0.10791/0.0961914/0.152588/0.104492/0.0769043/0.0822754/0.153564/0.118408/0.161621/0.114014/0.104492/0.162354/0.123779/0.123047/0.16626/0.135254/0.128174/0.163086/0.139893/0.137939/0.198486/0.167725/0.179199/0/0/0/0/0/0/0/0/0/0/0/0/0/0/0/0/0/0/0/0/0/0/0/0/0.370605/0.308105/0.232178/0.278076/0.276611/0/0/0/0/0/0/0/0/0/0/0/0/0/0/0/0/0/0/0,419.126/495.578/273.618/250.325/538.539/240.885/463.538/248.886/422.814/245.22/463.571/461.306/245.22/245.22/716.118/243.779/424.253/243.777/243.779/302.74/3925.04/4216.12/243.779/4183.35/0/0/0/0/0/0/0/0/0/0/0/0/0/0/0/0/0/0/0/0/0/0/0/0/2992.24/1194.87/1090.81/1090.81/1139.56/0/0/0/0/0/0/0/0/0/0/0/0/0/0/0/0/0/0/0,,,5578,1.3058756752202639e-11,2.1789062500000008e-11,-1.795091904921974e-06,2.0727474136624306,0,0.0,15716,3.407772886341333e-11,6.139062500000003e-11,1.739587779315253e-06,4.242530953265579e-07,8.396893026590257e-07,1.1984141848709587e-06,1,1,nan,0.18820693342448996,29,24/23/20/19/18/15/52/15/13/12/7/22/6/49/1/2/4/5/8/9/50/10/53/11/14/16/17/21/22,20,3131.1,1.0,,,1.3981072438070478e-09,,,,,,,,,,,,,,1,13294,53,378388641.5945398,334459117.993704,1.131344972337285,1,-373217721.486546,-371429543.17125,-458862037.835161,-224225.697928,-289302.157642,-432204.172158,-395317985.384881,-320196.820875,6047,50461780.489451,66954212.62396,144372335.261734,187515007.209156,-246514594.92384,-232532123.582549,-0.113,0.5983,-0.0618,0.1603,0.0015,0.0853,1.0411,0.2154,0.0054,0.5716,0.7347,0.2775,719,1866,10757,,,
1280,0.000193508653,10948.64,3.009539637407289e-08,1.2002661132812506e-16,4.973388671875002e-18,72,30,24,23,24/23/20/19/18/15/13/12/7/6/3/1/2/4/5/8/9/10/11/14/16/17/21/22,0,30,1,0.172607/0.109863/0.0961914/0.152588/0.10498/0.0771484/0.0822754/0.154785/0.119385/0.161865/0.114502/0.10498/0.162598/0.124512/0.124023/0.166504/0.135254/0.128418/0.163574/0.139893/0.138184/0.198486/0.168701/0.180908/0/0/0/0/0/0/0/0/0/0/0/0/0/0/0/0/0/0/0/0/0/0/0/0/0.374512/0.311523/0.234131/0.279297/0.223389/0.268311/0/0/0/0/0/0/0/0/0/0/0/0/0/0/0/0/0/0,419.126/788.841/273.618/250.325/538.539/240.885/463.538/248.886/470.123/245.22/463.571/461.306/245.22/580.713/716.118/243.779/424.253/243.777/243.779/302.74/3925.04/4216.12/243.779/4183.35/0/0/0/0/0/0/0/0/0/0/0/0/0/0/0/0/0/0/0/0/0/0/0/0/3019.89/1194.87/1090.81/4100.38/1139.56/4183.34/0/0/0/0/0/0/0/0/0/0/0/0/0/0/0/0/0/0,,,5932,1.3884218987514614e-11,2.317187500000001e-11,-1.7078959726293095e-06,3.467882330345063,0,0.0,16296,3.5296425865766315e-11,6.365625000000002e-11,1.7265704472835146e-06,4.635544763245689e-07,8.838834764831846e-07,1.2004783563304867e-06,1,1,nan,0.18864895571976414,30,24/23/20/19/18/15/52/15/13/12/7/22/6/49/1/2/4/5/8/9/50/10/54/11/54/14/16/17/21/22,19,3078.9,1.0,,,1.4755586632259711e-09,,,,,,,,,,,,,,1,13335,63,391772867.3825608,347205460.26564217,1.1283603290190791,1,-380060768.220096,-388582162.821049,-460791130.62561,-219594.896993,-382655.208393,-424305.237265,-401191435.633036,-298407.84268,6395,49378756.428734,67863897.536914,159544400.790663,200993964.814738,-256958512.956598,-241750692.897776,-0.1212,0.6079,-0.0719,0.1699,0.0014,0.0856,1.0129,0.2261,0.0053,0.5974,0.7431,0.2675,765,1962,11242,,,
1300,0.000193508653,11140.1,3.009539637407289e-08,1.2000488281250006e-16,4.995117187500002e-18,72,30,24,23,24/23/20/19/18/15/13/12/7/6/3/1/2/4/5/8/9/10/11/14/16/17/21/22,0,29,1,0.173828/0.111572/0.0964355/0.152832/0.105225/0.0771484/0.0825195/0.155029/0.119629/0.162354/0.114746/0.10498/0.163086/0.124512/0.124512/0.166504/0.135254/0.128662/0.163818/0.140137/0.138184/0.199219/0.168945/0.182861/0/0/0/0/0/0/0/0/0/0/0/0/0/0/0/0/0/0/0/0/0/0/0/0/0.381104/0.316406/0.236084/0.280762/0.222412/0.266357/0/0/0/0/0/0/0/0/0/0/0/0/0/0/0/0/0/0,419.126/788.841/385.716/250.325/538.539/240.885/463.538/248.886/497.777/245.22/463.571/461.306/245.22/580.713/716.118/243.779/424.253/243.777/243.779/354.366/3925.04/4216.12/243.779/4183.35/0/0/0/0/0/0/0/0/0/0/0/0/0/0/0/0/0/0/0/0/0/0/0/0/3019.89/1222.53/1090.81/4100.38/1139.56/4183.34/0/0/0/0/0/0/0/0/0/0/0/0/0/0/0/0/0/0,1-2:0.387535/1-3:0.336325/2-4:0.392401/3-6:0.326274/4-5:0.57896/5-8:0.399404/6-7:0.334506/7-12:0.336415/8-9:0.63058/9-10:0.439655/10-11:0.624077/11-14:0.424919/12-13:0.483543/13-15:0.604475/14-16:0.532615/15-18:0.503783/16-17:0.64104/17-21:0.557721/18-19:0.539029/19-20:0.649043/20-23:0.570818/21-22:0.534663/23-24:0.648863/50-53:0.84802/51-52:0.731044/53-54:0.820687,1-2:-28.533/1-3:-33.911/2-4:-24.6/3-6:-37.82/4-5:-20.65/5-8:-16.72/6-7:-41.653/7-12:-45.6/8-9:-12.759/9-10:-8.8018/10-11:-4.8299/11-14:-0.9285/12-13:-49.471/13-15:-53.462/14-16:3.0866/15-18:-57.418/16-17:7.0377/17-21:11.007/18-19:-61.363/19-20:-65.311/20-23:-69.312/21-22:12.364/23-24:-73.233/50-53:-7.788/51-52:-52.052/53-54:-5.0517,5929,1.3876396713534905e-11,2.316015625000001e-11,-1.708984771353152e-06,3.4504615507635834,0,0.0,16452,3.568472989914521e-11,6.426562500000003e-11,1.7264551972048868e-06,4.635544763245689e-07,9.280776503073437e-07,1.2015104420602503e-06,1,1,nan,0.1889944807832896,30,24/23/20/19/18/15/52/15/13/12/7/22/6/49/1/2/4/5/8/9/50/10/54/11/54/14/16/17/21/22,19,3081.4,1.0,,,1.4854523542136096e-09,4,24/3/2/1,1/3/3/3,2,2,0.659042/0/0.340958,0.910774,24/3/2/1,6179/3912/3990/2352,5978/3804/3572/2636,795/884/707/3668,24/3/2/1,25/4/3/2,1,13366,64,392490429.5040866,347660057.54244775,1.1289488711430857,1,-384192543.729308,-386968257.370419,-461006156.433814,-213837.978058,-310042.137822,-418318.717869,-398008985.844975,-290678.669961,6489,48050835.024601,68203252.574479,212459910.987933,191501698.171372,-258036493.036566,-240905467.961961,-0.175,0.6435,-0.0666,0.1634,0.0014,0.0817,1.0567,0.2206,0.0053,0.6064,0.7318,0.2686,785,1965,11216,1353.9,762.3,345.3
1320,0.000193508653,11318.81,3.009539637407289e-08,1.1997607421875005e-16,5.023925781250002e-18,72,30,24,23,24/23/20/19/18/15/13/12/7/6/3/1/2/4/5/8/9/10/11/14/16/17/21/22,0,29,1,0.175049/0.112061/0.097168/0.152588/0.105469/0.0776367/0.083252/0.155273/0.12085/0.161865/0.114746/0.105469/0.16333/0.125/0.125488/0.166992/0.135254/0.128662/0.163818/0.140381/0.138428/0.200684/0.169189/0.185303/0/0/0/0/0/0/0/0/0/0/0/0/0/0/0/0/0/0/0/0/0/0/0/0/0.387451/0.320068/0.239502/0.281982/0.221191/0.269775/0/0/0/0/0/0/0/0/0/0/0/0/0/0/0/0/0/0,419.126/788.841/385.716/250.325/566.193/240.885/516.636/248.886/497.777/245.22/463.571/488.96/245.22/580.713/732.746/243.779/424.253/243.777/243.779/382.02/3925.04/4216.12/243.779/4183.35/0/0/0/0/0/0/0/0/0/0/0/0/0/0/0/0/0/0/0/0/0/0/0/0/3019.89/1229.08/1090.81/4100.38/1139.56/4183.34/0/0/0/0/0/0/0/0/0/0/0/0/0/0/0/0/0/0,,,5932,1.388158170319721e-11,2.317187500000001e-11,-1.7083608815653603e-06,3.46044378736825,0,0.0,16682,3.624049186784063e-11,6.516406250000003e-11,1.7261981236363699e-06,4.933685607056698e-07,9.280776503073439e-07,1.2372793194876725e-06,1,1,nan,0.18938795681501677,30,24/23/20/19/18/15/52/15/13/12/7/22/6/49/1/2/4/5/8/9/50/10/54/11/54/14/16/17/21/22,19,3083.5,1.0,,,1.4950812965070278e-09,,,,,,,,,,,,,,1,13397,68,393307572.81987077,347943683.14376754,1.1303771037491697,1,-381114140.223854,-388685708.840643,-461164137.565175,-211319.932915,-315404.791977,-420238.034806,-395978060.409089,-281649.066167,6640,51772165.793252,67715750.462123,211733173.980312,188487477.638475,-254767529.127342,-241140839.180133,-0.1319,0.6584,-0.069,0.1655,0.0014,0.0826,1.0912,0.2229,0.0053,0.6008,0.7333,0.2705,779,1935,11221,,,
1340,0.000193508653,11497.74,3.009539637407289e-08,1.1995678710937505e-16,5.0432128906250026e-18,72,30,24,23,24/23/20/19/18/15/13/12/7/6/3/1/2/4/5/8/9/10/11/14/16/17/21/22,0,30,1,0.175781/0.113525/0.0983887/0.15332/0.105713/0.078125/0.0834961/0.155518/0.121094/0.161865/0.11499/0.105469/0.164307/0.125/0.125732/0.166748/0.135498/0.128662/0.163818/0.140381/0.138428/0.202393/0.169434/0.186035/0/0/0/0/0/0/0/0/0/0/0/0/0/0/0/0/0/0/0/0/0/0/0/0/0.391846/0.323486/0.240479/0.283447/0.219727/0.270508/0/0/0/0/0/0/0/0/0/0/0/0/0/0/0/0/0/0,419.126/788.841/385.716/250.325/566.193/240.885/516.636/248.886/497.777/245.22/463.571/488.96/245.22/580.713/732.746/243.779/424.253/243.777/243.779/382.02/3925.04/4216.12/243.779/4183.35/0/0/0/0/0/0/0/0/0/0/0/0/0/0/0/0/0/0/0/0/0/0/0/0/3047.54/1229.08/1090.81/4100.38/1139.56/4183.34/0/0/0/0/0/0/0/0/0/0/0/0/0/0/0/0/0/0,,,5937,1.3891542016103324e-11,2.3191406250000008e-11,-1.7093316753709258e-06,3.444911086479202,0,0.0,16850,3.664953739420589e-11,6.582031250000002e-11,1.7252085734773364e-06,4.933685607056698e-07,9.280776503073439e-07,1.2372793194876725e-06,1,1,nan,0.18987335543910744,30,24/23/20/19/18/15/52/15/13/12/7/22/6/49/1/2/4/5/8/9/50/10/54/11/54/14/16/17/21/22,19,3085.0,1.0,,,1.5043107035073752e-09,,,,,,,,,,,,,,1,13428,71,394315614.50267786,348232917.21546054,1.1323329731597567,1,-383107424.375243,-388535425.597608,-460841233.019177,-217613.090245,-282770.247166,-416492.554614,-394392153.289453,-277548.87306,6737,47747413.157909,68069239.104421,209566370.196304,210815280.889755,-257487032.365826,-240935879.901046,-0.1248,0.6271,-0.0684,0.1625,0.0015,0.0809,1.0758,0.2197,0.0053,0.5801,0.7304,0.2733,755,1918,11242,,,
1360,0.000193508653,11669.45,3.009539637407289e-08,1.1993286132812505e-16,5.067138671875002e-18,72,30,24,23,24/23/20/19/18/15/13/12/7/6/3/1/2/4/5/8/9/10/11/14/16/17/21/22,0,30,1,0.176758/0.11499/0.0993652/0.153564/0.105469/0.078125/0.0844727/0.155762/0.121094/0.161621/0.11499/0.105469/0.164795/0.124756/0.126465/0.166992/0.135498/0.128906/0.163574/0.140381/0.138672/0.20459/0.169189/0.187988/0/0/0/0/0/0/0/0/0/0/0/0/0/0/0/0/0/0/0/0/0/0/0/0/0.396484/0.326904/0.242188/0.285889/0.218506/0.273682/0/0/0/0/0/0/0/0/0/0/0/0/0/0/0/0/0/0,419.126/837.594/385.716/250.325/566.193/240.885/516.636/248.886/497.777/245.22/463.571/488.96/245.22/580.713/732.746/258.317/424.253/243.777/243.779/382.02/3925.04/4216.12/243.779/4183.35/0/0/0/0/0/0/0/0/0/0/0/0/0/0/0/0/0/0/0/0/0/0/0/0/3047.54/1250.18/1090.81/4100.38/1139.56/4183.34/0/0/0/0/0/0/0/0/0/0/0/0/0/0/0/0/0/0,,,5936,1.3888494681783137e-11,2.318750000000001e-11,-1.7095845852877123e-06,3.440864527810618,0,0.0,17042,3.708687347546969e-11,6.657031250000003e-11,1.7252888532638905e-06,4.933685607056698e-07,9.280776503073439e-07,1.2372793194876725e-06,1,1,nan,0.19193528145612404,31,24/23/20/19/18/15/52/15/13/12/7/22/6/49/1/2/4/5/8/50/9/50/10/54/11/54/14/16/17/21/22,18,3087.0,1.0,,,1.513476264384647e-09,,,,,,,,,,,,,,1,13455,77,398597677.26276696,348527165.7176491,1.1436631530343355,2,-381951442.228131,-388192271.92477,-460916700.114473,-229862.545787,-286257.102256,-415860.20088,-391968255.665722,-270190.854374,6846,47481444.58531,66163055.642058,209106197.949169,204095110.924428,-259672792.404138,-243142153.263641,-0.1513,0.607,-0.071,0.1624,0.0015,0.0823,1.0399,0.219,0.0053,0.5808,0.7325,0.2746,749,1929,11228,,,
1380,0.000203693319,11863.39,2.916517695292748e-08,1.1962597656250004e-16,5.374023437500003e-18,72,31,24,23,24/23/20/19/18/15/13/12/7/6/3/1/2/4/5/8/9/10/11/14/16/17/21/22,0,30,1,0.17749/0.117432/0.100342/0.154785/0.105957/0.0783691/0.0849609/0.15625/0.121582/0.162354/0.115479/0.105713/0.165039/0.125732/0.127686/0.167236/0.13623/0.12915/0.163818/0.140381/0.138672/0.206055/0.169922/0.190918/0/0/0/0/0/0/0/0/0/0/0/0/0/0/0/0/0/0/0/0/0/0/0/0/0.401367/0.329834/0.243896/0.287109/0.217529/0.274902/0.277832/0/0/0/0/0/0/0/0/0/0/0/0/0/0/0/0/0,419.126/837.597/385.716/250.325/566.193/240.885/516.636/248.886/497.777/245.22/463.571/488.96/245.22/622.907/732.746/258.317/424.253/243.777/243.779/382.02/3925.04/4216.12/243.779/4183.35/0/0/0/0/0/0/0/0/0/0/0/0/0/0/0/0/0/0/0/0/0/0/0/0/3047.54/1250.18/1090.81/4128.03/1139.56/4183.34/4238.66/0/0/0/0/0/0/0/0/0/0/0/0/0/0/0/0/0,,,5932,1.3880262869246362e-11,2.317187500000001e-11,-1.7097091768467358e-06,3.438871062866242,0,0.0,18456,4.0229650170018985e-11,7.209375000000003e-11,1.7254676612803587e-06,4.97777419627224e-07,9.280776503073439e-07,1.2597727316738897e-06,1,1,nan,0.18870781751803453,31,24/23/20/19/18/15/52/15/13/12/7/22/6/49/1/2/4/5/8/50/9/50/10/54/11/54/14/16/17/21/22,18,3094.7,1.0,,,1.5806355002456566e-09,,,,,,,,,,,,,,1,13507,85,404394549.4969233,359298982.9852306,1.1255098640608912,1,-371745692.86278,-384431439.091192,-458553858.143326,-127432.008498,-295457.700876,-438034.556195,-387787681.512348,-251049.480789,7258,74367369.396332,76887208.102789,175661092.324083,200652322.809931,-243968528.487448,-242088320.598195,0.0937,0.7241,-0.0497,0.1548,0.0015,0.0806,1.1299,0.2031,0.0049,0.6387,0.7534,0.3102,869,2109,11765,,,
1400,0.000203693319,12078.73,2.916517695292748e-08,1.1959521484375006e-16,5.4047851562500026e-18,72,31,24,23,24/23/20/19/18/15/13/12/7/6/3/1/2/4/5/8/9/10/11/14/16/17/21/22,0,30,1,0.178467/0.118164/0.101074/0.155029/0.105713/0.0783691/0.0854492/0.156738/0.12207/0.162842/0.116211/0.105713/0.165283/0.125977/0.128174/0.167969/0.13623/0.12915/0.164063/0.140381/0.139404/0.20874/0.169922/0.19165/0/0/0/0/0/0/0/0/0/0/0/0/0/0/0/0/0/0/0/0/0/0/0/0/0.405762/0.33252/0.245605/0.287109/0.216064/0.2771/0.287842/0/0/0/0/0/0/0/0/0/0/0/0/0/0/0/0/0,419.128/837.597/385.716/250.325/566.193/240.885/516.636/248.886/497.777/245.22/463.571/488.96/245.22/684.762/732.746/258.317/424.253/243.777/243.779/382.02/4297.64/4238.66/243.779/4183.35/0/0/0/0/0/0/0/0/0/0/0/0/0/0/0/0/0/0/0/0/0/0/0/0/3068.64/1277.83/1090.81/4128.03/1139.56/4183.34/4238.66/0/0/0/0/0/0/0/0/0/0/0/0/0/0/0/0/0,1-2:0.390582/1-3:0.339372/2-4:0.398905/3-6:0.332778/4-5:0.57896/5-8:0.399404/6-7:0.337963/7-12:0.336415/8-9:0.627533/9-10:0.44484/10-11:0.624077/11-14:0.424919/12-13:0.483543/13-15:0.604475/14-16:0.531297/15-18:0.502054/16-17:0.647134/17-21:0.557721/18-19:0.539029/19-20:0.649043/20-23:0.567362/21-22:0.536391/23-24:0.645816/50-53:0.849339/51-52:0.727997/53-54:0.810726,1-2:-28.533/1-3:-33.932/2-4:-24.599/3-6:-37.819/4-5:-20.65/5-8:-16.72/6-7:-41.657/7-12:-45.6/8-9:-12.759/9-10:-8.7984/10-11:-4.8299/11-14:-0.9285/12-13:-49.471/13-15:-53.462/14-16:3.0796/15-18:-57.416/16-17:7.0329/17-21:11.007/18-19:-61.363/19-20:-65.311/20-23:-69.302/21-22:12.387/23-24:-73.233/50-53:-7.8215/51-52:-52.052/53-54:-5.0865,5934,1.3887675860391868e-11,2.3179687500000008e-11,-1.7080441072721417e-06,3.4655121760597467,0,0.0,18620,4.062650789344066e-11,7.273437500000003e-11,1.7248933119452212e-06,4.97777419627224e-07,9.280776503073439e-07,1.2597727316738897e-06,1,1,nan,0.18962196521910163,32,24/23/20/19/18/15/52/15/13/12/7/22/6/49/1/2/4/5/8/50/9/50/10/54/11/54/14/16/17/21/22/21,19,3095.0,1.0,,,1.5924057491391804e-09,5,24/3/2/1/1,1/3/3/3/3,2,2,0.620336/0/0.379664,0.906258,24/3/2/1/1,6202/4017/3990/2407/4203,5978/3804/3572/2667/3830,795/884/751/3757/619,24/3/2/1/1,25/4/3/2/2,1,13543,89,406353537.4848552,359451339.7244605,1.1304827457211533,1,-372225342.034966,-381578586.276723,-458791023.047282,-127476.345854,-263226.319471,-433894.753008,-385103959.671002,-248693.591472,7416,71233873.703072,74398762.949088,221756454.853803,182444162.09099,-246483008.332895,-245141667.360567,0.0683,0.6784,-0.0509,0.1545,0.0015,0.083,1.0682,0.2018,0.0048,0.6327,0.7573,0.3102,863,2101,11756,1349.7,795.5,347.8
