step,t_s,wall_s,dt,V0,Vt,M,nreg_used,nslab_n,nf3_col,runs,ncomp_min,ncomp_max,ncompbig_max,vols,ths,f3_pairs,f3_pairs_pos,nf3,f3_area_m2,f3_area_stair,f3_pos_m,f3_pos_dx,nf2,f2_area_m2,nf1,f1_area_m2,f1_area_stair,f3_std_m,n_lath,w_lath,a_lath,box_touch,finite,psi_mean,cfl_used,nslab_n1,runs1,nf3_col1,r_col_nm,col_cover_min,nslab_nu,nslab_nu1,E_el_J,nblk_sig,blk_laths,blk_vars,n_var_sig,n_habit,f_var,r_selfac,blk_nlath,blk_span_nm,blk_alen_nm,blk_wlen_nm,blk_nprof,blk_nruns,box_touch_core,core_vox,ncomp_all,dG_max_Jm3,dG_p999,dG_ratio,dG_near_max,ed_tip,ed_side,ed_wide,dG_tip,dG_side,dG_wide,ed_obl,dG_obl,n_obl,dG_tip_p90,dG_side_p90,dG_tip_max,dG_side_max,ed_tip_p90,ed_side_p90,v_tip_nsgn,v_tip_nabs,v_side_nsgn,v_side_nabs,v_wide_nabs,v_obl_nabs,v_tip_f1,v_side_f1,v_wide_f1,f1_tip,f1_side,f1_wide,n_tip,n_side,n_wide,tip_sep_nm,side_sep_nm,wide_sep_nm
0,0.0,1.27,7.638473182236092e-08,1.2475048828125007e-16,2.495117187500001e-19,23,1,1,0,1,0,1,1,0.249512/0/0/0/0/0/0/0/0/0/0/0/0/0/0/0/0/0/0/0/0/0/0,507.199/0/0/0/0/0/0/0/0/0/0/0/0/0/0/0/0/0/0/0/0/0/0,,,0,0.0,0.0,nan,nan,0,0.0,940,1.95694010763834e-12,3.671875000000001e-12,nan,5.071986094432838e-07,4.419417382415928e-07,1.042953646404103e-06,0,1,nan,nan,1,1,0,597.6,1.0,1,1,0.0,1,1,1,1,1,1,1.0,1,507,1043,442,1,1,0,1022,1,nan,nan,nan,-1,,,,,,,,,,,,,,,,,,,,,,,,,,,,0,0,0,1075.7,530.3,559.6
20,-0.0,18.1,7.638473182236092e-08,1.2477758789062506e-16,2.224121093750001e-19,23,1,1,0,1,0,1,1,0.222412/0/0/0/0/0/0/0/0/0/0/0/0/0/0/0/0/0/0/0/0/0/0,507.195/0/0/0/0/0/0/0/0/0/0/0/0/0/0/0/0/0/0/0/0/0/0,,,0,0.0,0.0,nan,nan,0,0.0,896,1.8967197704832726e-12,3.5000000000000012e-12,nan,5.071945178775239e-07,4.419417382415928e-07,9.815950996011714e-07,0,1,nan,0.32525137063949106,1,1,0,548.4,1.0,1,1,3.276828217618952e-11,,,,,,,,,,,,,,0,911,1,266129240.49066696,139549643.1535702,1.9070578360261352,1,-285164943.470266,-313791312.042777,-280725303.928456,-161698925.773822,-191233418.592382,-160351900.190529,-276967070.153262,-159497315.103723,340,-81463336.404963,-104069006.405295,-49064996.979231,-79589897.345158,-205916696.71611,-226488047.743313,-6.8841,6.8841,-1.4109,1.4109,0.0268,1.6396,6.8841,1.4109,0.0268,1.0,1.0,1.0,88,285,203,,,
40,-0.0,34.08,7.638473182236092e-08,1.2480493164062506e-16,1.950683593750001e-19,23,1,1,0,1,0,1,1,0.195068/0/0/0/0/0/0/0/0/0/0/0/0/0/0/0/0/0/0/0/0/0/0,507.195/0/0/0/0/0/0/0/0/0/0/0/0/0/0/0/0/0/0/0/0/0/0,,,0,0.0,0.0,nan,nan,0,0.0,788,1.681049631564538e-12,3.078125000000001e-12,nan,5.071945178775239e-07,4.419417382415928e-07,8.957497937753586e-07,0,1,nan,0.4097311321107902,1,1,0,511.2,1.0,1,1,2.9342048954419026e-11,,,,,,,,,,,,,,0,799,1,335252807.02010435,128649561.10408121,2.605938210305087,1,-251560327.612286,-284894820.846669,-265399959.166938,-131865006.069191,-162638945.071495,-148080331.756616,-261723066.95731,-142316101.217621,358,-84248365.018864,-82290358.685446,-42457536.441983,-59101228.425222,-204443515.180133,-204364570.731802,-5.9399,5.9399,-1.2814,1.2814,0.0249,1.1527,5.9399,1.2814,0.0249,1.0,1.0,1.0,66,229,150,,,
60,-0.0,50.35,7.638473182236092e-08,1.2483715820312505e-16,1.6284179687500007e-19,23,1,1,0,1,0,1,1,0.162842/0/0/0/0/0/0/0/0/0/0/0/0/0/0/0/0/0/0/0/0/0/0,507.195/0/0/0/0/0/0/0/0/0/0/0/0/0/0/0/0/0/0/0/0/0/0,,,0,0.0,0.0,nan,nan,0,0.0,748,1.6171923685571975e-12,2.9218750000000012e-12,nan,5.071945178775239e-07,4.419417382415928e-07,8.302629040533716e-07,0,1,nan,0.34836294618977215,1,1,0,467.6,1.0,1,1,2.649550389812488e-11,,,,,,,,,,,,,,0,667,1,285039740.50069267,128192865.79298377,2.2235226487642294,1,-247649667.900567,-265785666.893372,-245027423.830171,-126067356.952087,-142719374.86771,-127065952.627522,-265476879.304606,-148508497.470049,310,-95863634.134514,-114730127.035509,-71292947.758826,-83219482.447556,-218473049.751154,-234946337.68536,-6.8366,6.8366,-1.0996,1.0996,0.0239,1.2199,6.8366,1.0996,0.0239,1.0,1.0,1.0,59,171,130,,,
80,-0.0,66.15,7.638473182236092e-08,1.2485961914062505e-16,1.4038085937500007e-19,23,1,1,0,1,0,1,1,0.140381/0/0/0/0/0/0/0/0/0/0/0/0/0/0/0/0/0/0/0/0/0/0,494.089/0/0/0/0/0/0/0/0/0/0/0/0/0/0/0/0/0/0/0/0/0/0,,,0,0.0,0.0,nan,nan,0,0.0,714,1.5241416006862032e-12,2.789062500000001e-12,nan,4.940892840514669e-07,4.419417382415928e-07,7.730327001694967e-07,0,1,nan,0.2733572886000127,1,1,0,472.3,1.0,1,1,2.473356002327399e-11,,,,,,,,,,,,,,0,575,1,223668135.37073082,127880994.32214554,1.7490334396938414,1,,-265377942.554924,-247247890.48749,,-145841405.933845,-131398234.175633,-256020322.37153,-137294681.997898,295,,-100419212.031014,,-67113335.039804,,-219954742.970524,,,-0.9778,0.9778,0.0244,0.9304,,0.9778,0.0244,,1.0,1.0,0,167,100,,,
100,-0.0,83.34,7.638473182236092e-08,1.2487402343750006e-16,1.2597656250000005e-19,23,1,1,0,1,0,1,1,0.125977/0/0/0/0/0/0/0/0/0/0/0/0/0/0/0/0/0/0/0/0/0/0,494.089/0/0/0/0/0/0/0/0/0/0/0/0/0/0/0/0/0/0/0/0/0/0,,,0,0.0,0.0,nan,nan,0,0.0,698,1.501763743531585e-12,2.726562500000001e-12,nan,4.940892840514669e-07,4.419417382415928e-07,7.689043572504407e-07,0,1,nan,0.2954850493893693,1,1,0,463.0,1.0,1,1,2.333346898266592e-11,1,1,1,1,1,1,1.0,1,494,769,442,1,1,0,516,1,241773652.22390294,127782764.34113254,1.8920677876278922,1,-268791493.9861,-262709094.160467,-248411711.790087,-149602198.875881,-141329677.331852,-131373758.267021,-239584011.537302,-120094502.227079,275,-97881821.855666,-76421046.753068,-81256964.943367,-47995513.686501,-217295846.304843,-195175656.338497,-5.5143,5.5143,-0.9168,0.9168,0.0266,0.8303,5.5143,0.9168,0.0266,1.0,1.0,1.0,32,136,77,1108.4,618.7,601.8
120,1.0184666e-05,102.7,7.066431797835207e-08,1.2417846679687505e-16,8.215332031250004e-19,23,2,2,1,1/2,0,9,1,0.0871582/0.734375/0/0/0/0/0/0/0/0/0/0/0/0/0/0/0/0/0/0/0/0/0,430.791/311.523/0/0/0/0/0/0/0/0/0/0/0/0/0/0/0/0/0/0/0/0/0,,,109,2.5564290594120356e-13,4.2578125000000015e-13,-1.7378784052481805e-06,0.0,0,0.0,3348,7.260762126824299e-12,1.3078125000000005e-11,2.7587723908311145e-08,3.711570856485865e-07,5.303300858899112e-07,2.6023653366071633e-06,0,1,nan,0.2284018358324107,2,1/2,1,2277.8,1.0,,,1.2100522542855835e-10,,,,,,,,,,,,,,0,3359,7,202013054.79094604,145369901.97645238,1.3896484213332478,1,-244770772.277534,-239371386.18418,-249954812.512184,-99320337.176352,-107257587.533861,-103140898.221559,-254932628.683776,-121325169.363784,927,-15710977.278187,-36278909.596921,9132916.970007,3771247.717589,-154509014.08379,-168134973.336712,-4.2056,4.2161,-0.7207,0.7208,0.0145,0.5034,4.3978,0.7208,0.0167,0.9583,1.0,0.8632,48,766,1630,,,
140,1.0184666e-05,121.73,7.066431797835207e-08,1.2420312500000006e-16,7.968750000000003e-19,23,2,2,1,1/2,0,10,1,0.0759277/0.720947/0/0/0/0/0/0/0/0/0/0/0/0/0/0/0/0/0/0/0/0/0,430.789/311.399/0/0/0/0/0/0/0/0/0/0/0/0/0/0/0/0/0/0/0/0/0,,,103,2.426355144377581e-13,4.023437500000002e-13,-1.738591015188238e-06,-0.011401759040919033,0,0.0,3294,7.146333015472125e-12,1.2867187500000005e-11,2.775358271287882e-08,3.7109404752205535e-07,5.303300858899112e-07,2.595211561121679e-06,0,1,nan,0.25018397971934436,2,1/2,1,2266.2,1.0,,,1.1744954034323998e-10,,,,,,,,,,,,,,0,3257,8,221278562.9268968,143356541.9539581,1.5435539941941747,1,-270841117.720006,-225294094.602218,-246933909.699308,-121162370.913961,-93050535.753127,-99370597.708659,-244896174.284532,-110278164.519339,915,-9577585.423498,-29204198.859861,-623583.883848,7666470.192742,-162692134.049459,-161699620.429176,-4.1115,4.1115,-0.6355,0.6361,0.0142,0.424,4.6422,0.6376,0.0166,0.8846,0.9975,0.8589,26,816,1510,,,
160,1.0184666e-05,139.65,7.066431797835207e-08,1.2422705078125006e-16,7.729492187500004e-19,23,2,2,1,1/2,0,7,1,0.0661621/0.706787/0/0/0/0/0/0/0/0/0/0/0/0/0/0/0/0/0/0/0/0/0,430.789/310.742/0/0/0/0/0/0/0/0/0/0/0/0/0/0/0/0/0/0/0/0/0,,,101,2.3917889728336455e-13,3.9453125000000015e-13,-1.7386415671340918e-06,-0.012210590174580422,0,0.0,3216,6.995699834070618e-12,1.2562500000000005e-11,2.753475239598412e-08,3.707657163581423e-07,5.30330085889911e-07,2.5706539774759343e-06,0,1,nan,0.19994919791053264,2,1/2,1,2270.4,1.0,,,1.1451620091415386e-10,,,,,,,,,,,,,,0,3154,7,176847739.09848925,143428916.31796187,1.232999200150425,2,-267597319.826022,-213593937.766019,-242797694.491363,-124666825.241303,-81418790.983781,-96210415.145502,-236403003.562355,-101963697.044858,894,-1026203.962181,-23474595.08238,-617068.1628,10399476.516333,-166635747.172724,-155405950.167363,-3.5947,3.5947,-0.5709,0.5719,0.0139,0.3506,4.2229,0.5738,0.0161,0.85,0.9965,0.8633,20,851,1405,,,
180,1.0184666e-05,157.74,7.066431797835207e-08,1.2424218750000005e-16,7.578125000000003e-19,23,2,2,1,1/2,0,4,1,0.0585938/0.699219/0/0/0/0/0/0/0/0/0/0/0/0/0/0/0/0/0/0/0/0/0,416.243/310.742/0/0/0/0/0/0/0/0/0/0/0/0/0/0/0/0/0/0/0/0/0,,,97,2.2962812293431254e-13,3.7890625000000016e-13,-1.7394983695582205e-06,-0.025919428960640176,0,0.0,3162,6.883907879174418e-12,1.2351562500000005e-11,2.7516643585606736e-08,3.634923760993164e-07,5.30330085889911e-07,2.534885100048512e-06,0,1,nan,0.20051483930447567,2,1/2,1,2272.8,1.0,,,1.1227415466357835e-10,,,,,,,,,,,,,,0,3097,4,177348028.18544075,143192064.89854798,1.2385325144315251,2,-246942831.287574,-203772681.447694,-241218712.366772,-106009289.574488,-71278548.665376,-93254711.173463,-228745343.465003,-94499308.865932,909,-3678356.44616,-17835589.910769,1596020.405507,8002571.106818,-137650839.692423,-150242829.140283,-3.6925,3.6975,-0.5063,0.5073,0.0137,0.3169,3.9597,0.5096,0.0159,0.9333,0.9953,0.8624,30,844,1323,,,
200,1.0184666e-05,178.43,7.066431797835207e-08,1.2425610351562504e-16,7.438964843750003e-19,23,2,2,1,1/2,0,3,1,0.0541992/0.689697/0/0/0/0/0/0/0/0/0/0/0/0/0/0/0/0/0/0/0/0/0,416.243/309.961/0/0/0/0/0/0/0/0/0/0/0/0/0/0/0/0/0/0/0/0/0,1-2:0.236132,1-2:-28.624,100,2.3613181868603534e-13,3.9062500000000017e-13,-1.7396867600232046e-06,-0.0289336764003853,0,0.0,3106,6.784485442395424e-12,1.2132812500000004e-11,2.7349004724029728e-08,3.631020297003116e-07,5.30330085889911e-07,2.534885100048512e-06,0,1,nan,0.20338605080468575,2,1/2,1,2272.4,1.0,,,1.1039922609764963e-10,1,2,1,1,1,1,1.0,2,728,4462,619,2,2,0,3041,3,179887509.55166727,143168924.26005307,1.2564703582246544,1,-219202448.518139,-196143686.080075,-238586582.744367,-61783703.45622,-63947375.077199,-91112425.922369,-222702388.844352,-87658514.320928,931,-6629579.590826,-13822932.889192,1947702.085765,8561861.90583,-138993629.758609,-146065622.901407,-3.2862,3.2961,-0.455,0.4562,0.0136,0.3133,3.4483,0.4577,0.0157,0.9556,0.9964,0.8621,45,834,1240,2907.1,662.9,455.5
220,2.0369332e-05,202.58,6.574100727035609e-08,1.2354516601562505e-16,1.4548339843750006e-18,23,3,3,2,3/1/2,0,5,1,0.0407715/0.683105/0.730957/0/0/0/0/0/0/0/0/0/0/0/0/0/0/0/0/0/0/0/0,352.943/309.957/311.525/0/0/0/0/0/0/0/0/0/0/0/0/0/0/0/0/0/0/0/0,,,131,3.0685339484085715e-13,5.117187500000002e-13,-1.8475758638277919e-06,-1.755159337273782,0,0.0,5934,1.2967174386339392e-11,2.3179687500000008e-11,1.682322967298777e-07,3.1152482532062575e-07,6.187184335382297e-07,4.462377246446296e-06,0,1,nan,0.2992588666528363,3,3/1/2,2,2318.6,1.0,,,2.3189185343925425e-10,,,,,,,,,,,,,,0,5959,1,284505515.5435096,151470752.9603235,1.8782867978350475,1,-214193089.515134,-234326584.188902,-272105359.977848,-58908466.396072,-92160959.055924,-118776053.15896,-244976577.055314,-97850632.729214,1610,-11803573.56591,-29511690.485854,-521182.092075,1837292.547364,-158292659.71822,-171720733.48964,-2.9702,2.9702,-0.5891,0.5891,0.0161,0.3305,3.1756,0.5931,0.0179,0.9344,0.9929,0.9005,61,1560,2735,,,
240,2.0369332e-05,223.92,6.574100727035609e-08,1.2358032226562506e-16,1.4196777343750006e-18,23,3,3,2,3/1/2,0,6,1,0.0388184/0.672607/0.708252/0/0/0/0/0/0/0/0/0/0/0/0/0/0/0/0/0/0/0/0,352.943/309.957/311.397/0/0/0/0/0/0/0/0/0/0/0/0/0/0/0/0/0/0/0/0,,,127,2.9994016053207015e-13,4.960937500000002e-13,-1.8508488634138934e-06,-1.8075273306514061,0,0.0,5832,1.2738136238521452e-11,2.278125000000001e-11,1.695350901441454e-07,3.113967032846832e-07,6.187184335382292e-07,4.462377246446296e-06,0,1,nan,0.24045791289288654,3,3/1/2,2,2318.6,1.0,,,2.271764073258839e-10,,,,,,,,,,,,,,0,5815,1,228603426.99041831,151090654.25193003,1.5130216234899794,1,-208521312.863962,-226864364.708668,-268782674.955988,-65755947.047301,-84297932.534315,-115039916.978649,-242549006.308528,-96136039.709923,1584,-12598091.769462,-25385631.111472,-523224.702163,2425979.627856,-155388046.951025,-167945677.66315,-3.1195,3.1195,-0.5476,0.5476,0.0159,0.3023,3.1746,0.5521,0.0176,0.9825,0.9913,0.8993,57,1614,2563,,,
260,2.0369332e-05,244.44,6.574100727035609e-08,1.2360644531250005e-16,1.3935546875000007e-18,23,3,3,2,3/1/2,0,8,1,0.0368652/0.660645/0.696045/0/0/0/0/0/0/0/0/0/0/0/0/0/0/0/0/0/0/0/0,352.943/309.957/310.74/0/0/0/0/0/0/0/0/0/0/0/0/0/0/0/0/0/0/0/0,,,125,2.938460033374116e-13,4.882812500000002e-13,-1.8478597492597665e-06,-1.759701504185376,0,0.0,5744,1.2572857511388245e-11,2.243750000000001e-11,1.6896249282907065e-07,3.1074004095685694e-07,6.187184335382292e-07,4.462377246446296e-06,0,1,nan,0.21433181943624918,3,3/1/2,2,2316.1,1.0,,,2.2314782044423984e-10,,,,,,,,,,,,,,0,5708,1,203765340.24914426,151131316.7270079,1.3482668229326054,1,-203741079.539821,-220413394.375103,-266909717.227432,-49847619.859863,-76883461.625128,-111919620.43566,-239985801.220248,-94701585.173075,1650,-4671417.505527,-21664958.236078,-530711.718242,2778534.742799,-148061775.964605,-164294715.646428,-2.8922,2.8922,-0.5032,0.5032,0.0158,0.2868,2.9543,0.5081,0.0175,0.9787,0.9896,0.8987,47,1635,2380,,,
280,2.0369332e-05,266.83,6.574100727035609e-08,1.2362646484375007e-16,1.3735351562500007e-18,23,3,3,2,3/1/2,0,11,1,0.0358887/0.649658/0.687988/0/0/0/0/0/0/0/0/0/0/0/0/0/0/0/0/0/0/0/0,352.943/309.957/310.74/0/0/0/0/0/0/0/0/0/0/0/0/0/0/0/0/0/0/0/0,,,118,2.751539931963719e-13,4.609375000000002e-13,-1.8546789358586309e-06,-1.8688084897672061,0,0.0,5712,1.2520189560542503e-11,2.2312500000000007e-11,1.7167645915369284e-07,3.1074004095685694e-07,6.187184335382292e-07,4.462377246446296e-06,0,1,nan,0.19777959642739742,3,3/1/2,2,2303.9,1.0,,,2.19601366405929e-10,,,,,,,,,,,,,,0,2830,2,188029135.69421774,151176400.1248283,1.2437730726420237,1,-227806289.124052,-214147976.038424,-264374490.687016,-72116361.887177,-71020770.335378,-110281398.086499,-235186151.558346,-89224559.31189,1727,-4644107.005941,-19884809.676778,-368838.002018,2841982.535224,-168960407.056298,-162468718.397296,-2.4618,2.4618,-0.4681,0.4681,0.0157,0.2844,2.6495,0.4734,0.0174,0.9286,0.9877,0.8986,42,1632,2229,,,
300,2.0369332e-05,289.45,6.574100727035609e-08,1.2365380859375005e-16,1.3461914062500006e-18,23,3,3,2,3/1/2,0,13,1,0.0349121/0.63916/0.672119/0/0/0/0/0/0/0/0/0/0/0/0/0/0/0/0/0/0/0/0,352.943/309.299/309.955/0/0/0/0/0/0/0/0/0/0/0/0/0/0/0/0/0/0/0/0,1-2:0.204023/1-3:0.065037,1-2:-28.615/1-3:-33.73,116,2.690598360017134e-13,4.5312500000000015e-13,-1.8476707519263241e-06,-1.7566775468502982,0,0.0,5688,1.2491897471306813e-11,2.2218750000000007e-11,1.6980195932958244e-07,3.099552565930877e-07,6.187184335382292e-07,4.4480696954753275e-06,0,1,nan,0.21378558126680247,3,3/1/2,2,2301.2,1.0,,,2.1622962222114662e-10,2,2/2,1/1,1,1,1,1.0,2/2,331/540,4462/4448,619/619,1/2,1/2,0,2760,8,203246031.41881222,151112952.46229705,1.3449941127285066,1,-199662436.313248,-209899831.874171,-261641218.394902,-54841617.880889,-64941439.809701,-108125532.223181,-230960194.199947,-85345678.219283,1751,-5266598.927772,-17224757.177901,37843.714699,2733588.796199,-162627033.894806,-160781550.113451,-2.5247,2.5248,-0.4331,0.4332,0.0156,0.294,2.7433,0.4416,0.0173,0.92,0.9793,0.8978,50,1640,2075,4523.7,618.7,371.5
320,3.0553998e-05,311.02,6.145904459109765e-08,1.2309790039062506e-16,1.902099609375001e-18,23,4,4,3,3/1/2/4,0,14,1,0.0336914/0.493164/0.660156/0.715088/0/0/0/0/0/0/0/0/0/0/0/0/0/0/0/0/0/0/0,352.943/246.661/309.955/311.403/0/0/0/0/0/0/0/0/0/0/0/0/0/0/0/0/0/0/0,,,1024,2.4173041268652472e-12,4.0000000000000015e-12,-1.5359482212590037e-06,3.2308829438268276,0,0.0,6654,1.4285407427325617e-11,2.599218750000001e-11,1.325748522161301e-07,3.106790486132051e-07,6.187184335382292e-07,4.454191385231048e-06,0,1,nan,0.29828668189294955,4,3/1/2/4,3,2322.0,1.0,,,3.755606142270911e-10,,,,,,,,,,,,,,0,5073,9,303338877.8225455,165872299.15956137,1.8287494618420148,1,-301343274.874454,-281170700.591047,-338123277.733291,-129376618.053078,-127116798.228153,-109629534.455211,-310238706.995405,-117337937.814847,2279,-2123551.493801,-37170976.843077,165252.236953,-521903.215708,-179845132.676249,-194153679.11067,-4.5895,4.5899,-0.7272,0.7272,0.0124,0.4053,5.2826,0.7391,0.0195,0.8676,0.9828,0.6345,68,2033,3420,,,
340,3.0553998e-05,331.97,6.145904459109765e-08,1.2316040039062505e-16,1.8395996093750007e-18,23,4,4,3,3/1/2/4,0,14,1,0.0327148/0.469238/0.65332/0.684326/0/0/0/0/0/0/0/0/0/0/0/0/0/0/0/0/0/0/0,352.943/246.661/309.955/310.744/0/0/0/0/0/0/0/0/0/0/0/0/0/0/0/0/0/0/0,,,971,2.2808655276585997e-12,3.792968750000002e-12,-1.5364373020708478e-06,3.223057650837323,0,0.0,6624,1.4307409674721421e-11,2.587500000000001e-11,1.349678668747135e-07,3.103496945578524e-07,6.187184335382292e-07,4.4316979730448305e-06,0,1,nan,0.2758763347150892,4,3/1/2/4,3,2326.5,1.0,,,3.682380135038372e-10,,,,,,,,,,,,,,0,4843,11,280548957.99975747,165782211.6422578,1.6922741904611294,1,-280943961.268933,-274662936.047812,-340266871.124556,-87736770.664459,-120184295.440095,-106628920.164782,-306942064.83901,-109459495.40069,2335,-1714503.511033,-30454950.327925,209976.001398,539382.384507,-171096974.302325,-189338172.665606,-4.3015,4.3022,-0.6813,0.6813,0.0124,0.3564,5.1171,0.697,0.0195,0.8393,0.976,0.6302,56,1958,3196,,,
360,3.0553998e-05,352.12,6.145904459109765e-08,1.2321777343750006e-16,1.7822265625000006e-18,23,4,4,3,3/1/2/4,0,11,1,0.0322266/0.447021/0.639648/0.66333/0/0/0/0/0/0/0/0/0/0/0/0/0/0/0/0/0/0/0,352.941/246.661/309.955/310.744/0/0/0/0/0/0/0/0/0/0/0/0/0/0/0/0/0/0/0,,,927,2.17448843159104e-12,3.6210937500000012e-12,-1.5357870015432735e-06,3.2334624592785106,0,0.0,6568,1.4226449378917135e-11,2.5656250000000008e-11,1.3196987971948143e-07,3.103496945578524e-07,6.187184335382292e-07,4.416358336344097e-06,0,1,nan,0.2930307568113751,4,3/1/2/4,3,2328.3,1.0,,,3.6211886362707875e-10,,,,,,,,,,,,,,0,4668,10,297993931.1221215,165497604.61611348,1.8005936207556907,1,-297661072.988352,-267725287.647055,-339870079.83912,-107169019.544146,-109129808.927621,-104623929.804741,-304086993.042298,-105088962.977638,2392,-2718212.146609,-20761415.288286,240818.852762,455566.412866,-188995441.241431,-185643951.586938,-4.3183,4.3193,-0.6168,0.6168,0.0122,0.3422,4.8658,0.6448,0.0194,0.8868,0.9536,0.6296,53,1853,3013,,,
380,3.0553998e-05,375.62,6.145904459109765e-08,1.2328222656250005e-16,1.7177734375000008e-18,23,4,4,3,3/1/2/4,0,12,1,0.0319824/0.431152/0.624268/0.630371/0/0/0/0/0/0/0/0/0/0/0/0/0/0/0/0/0/0/0,352.941/246.661/309.955/309.961/0/0/0/0/0/0/0/0/0/0/0/0/0/0/0/0/0/0/0,,,884,2.0764332384784797e-12,3.4531250000000014e-12,-1.5372406018989617e-06,3.2102048535875007,0,0.0,6494,1.4122292404566962e-11,2.536718750000001e-11,1.340127579504111e-07,3.099583252674078e-07,5.966213466261497e-07,4.402050785373129e-06,0,1,nan,0.2928883669557657,4,3/1/2/4,3,2327.4,1.0,,,3.5671999279995425e-10,,,,,,,,,,,,,,0,4465,10,297849129.5549185,165399931.9162426,1.8007814519884282,1,-283305673.008879,-263148210.839668,-343215424.213993,-104898944.646249,-100941815.352614,-101051893.71689,-298247068.693839,-99624704.28558,2353,-1547992.852411,-17654869.522885,255609.010838,322994.865469,-185102754.980631,-183404131.873274,-3.4997,3.5008,-0.5863,0.5863,0.0122,0.3418,4.2418,0.6207,0.0196,0.8235,0.9409,0.621,51,1776,2863,,,
400,3.0553998e-05,398.59,6.145904459109765e-08,1.2333178710937506e-16,1.6682128906250007e-18,23,4,4,3,3/1/2/4,0,11,1,0.0314941/0.41748/0.617676/0.601563/0/0/0/0/0/0/0/0/0/0/0/0/0/0/0/0/0/0/0,354.38/246.661/388.711/315.849/0/0/0/0/0/0/0/0/0/0/0/0/0/0/0/0/0/0/0,1-2:0.187968/1-3:0.0437976/2-4:1.83644,1-2:-28.61/1-3:-33.698/2-4:-24.671,880,2.0682011702188455e-12,3.4375000000000015e-12,-1.5332383115981752e-06,3.274241498400083,0,0.0,6406,1.3901624953003896e-11,2.5023437500000008e-11,1.230785522367329e-07,3.3511462395261166e-07,5.524271728019906e-07,4.401018699643365e-06,1,1,nan,0.2844094947877274,4,3/1/2/4,3,3765.1,1.0,,,3.520536563601394e-10,2,3/2,1/1,1,1,1,1.0,3/2,781/331,4403/4462,619/575,3/1,3/1,0,4290,10,289226647.47716826,165124356.391816,1.7515686589013897,1,-324003530.474301,-262815927.097403,-343171069.683212,-101352404.661544,-99162494.484511,-99950767.769401,-295237165.060978,-95391639.010407,2339,-217868.888952,-13285289.290228,882279.159689,931665.865646,-179082299.140313,-180583497.182244,-3.7832,3.7856,-0.5679,0.5681,0.0123,0.3223,4.7253,0.6078,0.0196,0.8,0.9301,0.6227,45,1731,2727,4562.6,618.7,377.3
420,4.0738664e-05,422.46,5.7700773049183284e-08,1.2265234375000005e-16,2.347656250000001e-18,23,5,5,4,5/3/1/2/4,0,11,1,0.0317383/0.410889/0.594482/0.58252/0.728027/0/0/0/0/0/0/0/0/0/0/0/0/0/0/0/0/0/0,354.38/246.661/388.711/315.849/320.3/0/0/0/0/0/0/0/0/0/0/0/0/0/0/0/0/0/0,,,1213,2.9219884006733206e-12,4.738281250000002e-12,-1.818106498109921e-06,-1.2836494857878487,0,0.0,8654,1.8562299150657252e-11,3.380468750000001e-11,4.243974382474132e-07,3.2029958172325834e-07,5.303300858899115e-07,4.4480696954753275e-06,1,1,nan,0.2767415350725545,5,5/3/1/2/4,4,3886.0,1.0,,,5.265076615013752e-10,,,,,,,,,,,,,,0,5407,10,299759345.1181583,171903862.6302165,1.7437615451548782,1,-346750203.331321,-314269600.502227,-376365846.426109,-146487886.193135,-143029380.845228,-168108405.96423,-337278340.702542,-140112581.368556,3041,-488799.631139,-65779281.985121,940637.362878,45885109.889863,-240869474.17971,-238826793.601856,-4.2465,4.2499,-0.7384,0.7387,0.0175,0.3692,5.4716,0.7778,0.0227,0.7753,0.9474,0.7679,89,2338,4162,,,
440,4.0738664e-05,444.98,5.7700773049183284e-08,1.2273168945312505e-16,2.2683105468750013e-18,23,5,5,4,5/3/1/2/4,0,10,1,0.0307617/0.403564/0.565674/0.562012/0.706299/0/0/0/0/0/0/0/0/0/0/0/0/0/0/0/0/0/0,354.38/246.661/388.711/315.188/320.174/0/0/0/0/0/0/0/0/0/0/0/0/0/0/0/0/0/0,,,1199,2.8859230864806587e-12,4.683593750000002e-12,-1.814544128055764e-06,-1.226651564921335,0,0.0,8494,1.8272582205965875e-11,3.317968750000001e-11,4.2386270494266906e-07,3.2017350547019503e-07,5.30330085889911e-07,4.433762144504359e-06,1,1,nan,0.25408531058172973,5,5/3/1/2/4,4,3918.5,1.0,,,5.175438423499677e-10,,,,,,,,,,,,,,0,5193,14,275218702.838209,172139346.8708539,1.5988134487618888,1,-326270765.661784,-310638466.663973,-375155554.817006,-120204617.226296,-141478236.275237,-165148764.947938,-337682342.28238,-137995234.67459,3089,-877518.999457,-67896502.719974,996828.712219,4914481.324507,-233627964.368854,-242129899.634158,-4.1772,4.1804,-0.7333,0.7335,0.0173,0.3519,5.1725,0.7702,0.0225,0.8068,0.95,0.7682,88,2260,3870,,,
460,4.0738664e-05,465.07,5.7700773049183284e-08,1.2280493164062505e-16,2.195068359375001e-18,23,5,5,4,5/3/1/2/4,0,10,1,0.0305176/0.398926/0.542969/0.540527/0.682129/0/0/0/0/0/0/0/0/0/0/0/0/0/0/0/0/0/0,354.38/246.661/388.711/315.186/319.517/0/0/0/0/0/0/0/0/0/0/0/0/0/0/0/0/0/0,,,1162,2.7995565787821265e-12,4.539062500000002e-12,-1.8032352966466507e-06,-1.0457102623755228,0,0.0,8412,1.812822310687262e-11,3.285937500000001e-11,4.1948316244476215e-07,3.195168431423696e-07,5.30330085889911e-07,4.433762144504359e-06,1,1,nan,0.23288702476857143,5,5/3/1/2/4,4,3943.2,1.0,,,5.092786189318556e-10,,,,,,,,,,,,,,0,4989,16,252257262.40493998,172357246.9154018,1.4635721266118598,1,-342225376.488039,-306831136.460516,-374222185.533138,-157486600.15833,-136624715.074618,-162149214.765668,-333441352.635547,-135726364.988464,3179,-947026.942125,-66238934.657082,1039208.949058,125399948.147198,-229151080.645607,-239959252.453892,-5.0844,5.0877,-0.7097,0.7108,0.0171,0.3601,6.0144,0.7515,0.0225,0.8451,0.9431,0.7594,71,2162,3603,,,
480,4.0738664e-05,488.33,5.7700773049183284e-08,1.2288598632812506e-16,2.114013671875001e-18,23,5,5,4,5/3/1/2/4,0,10,1,0.0302734/0.388916/0.516357/0.521973/0.656494/0/0/0/0/0/0/0/0/0/0/0/0/0/0/0/0/0/0,354.38/246.661/388.709/314.406/333.285/0/0/0/0/0/0/0/0/0/0/0/0/0/0/0/0/0/0,,,1140,2.7377959297214132e-12,4.4531250000000016e-12,-1.8014075062038916e-06,-1.0164656152913774,0,0.0,8234,1.7762558682830053e-11,3.216406250000001e-11,4.178771397743029e-07,3.3328487664489196e-07,5.30330085889911e-07,4.433762144504359e-06,1,1,nan,0.22321513506948784,5,5/3/1/2/4,4,3936.1,1.0,,,5.013545208164535e-10,,,,,,,,,,,,,,0,4753,16,241780919.1213333,172587624.42531323,1.4009168961356395,2,-338698488.341399,-302364442.559819,-373511701.449745,-161083007.227485,-131659497.42524,-158652104.623662,-333090073.943723,-135654235.834894,3158,-1498635.536491,-61737493.883114,440529.476313,126378319.078967,-221596480.849009,-236472049.808356,-4.6246,4.6259,-0.6867,0.6885,0.0169,0.3674,5.3797,0.7323,0.0226,0.859,0.937,0.7472,78,2081,3362,,,
500,4.0738664e-05,521.07,5.7700773049183284e-08,1.2295483398437506e-16,2.045166015625001e-18,23,5,5,4,5/3/1/2/4,0,13,1,0.0302734/0.382324/0.493164/0.50293/0.636475/0/0/0/0/0/0/0/0/0/0/0/0/0/0/0/0/0/0,359.489/247.444/388.709/314.406/332.494/0/0/0/0/0/0/0/0/0/0/0/0/0/0/0/0/0/0,1-2:0.18624/1-3:0.0256054/2-4:1.73738/3-5:0.751186,1-2:-28.592/1-3:-33.698/2-4:-24.67/3-5:-38.602,1126,2.7004117815779034e-12,4.398437500000002e-12,-1.802180723916121e-06,-1.0288370986870468,0,0.0,8176,1.764649141724962e-11,3.193750000000001e-11,4.184433059035847e-07,3.324939549324834e-07,5.30330085889911e-07,4.384646977212868e-06,1,1,nan,0.21134469519501917,5,5/3/1/2/4,4,3928.9,1.0,,,4.937499554031596e-10,2,3/3,1/1,1,1,1,1.0,3/3,658/780,4458/4307,619/530,3/3,3/3,0,4566,22,228923162.57928655,172627666.09379387,1.3261093529174264,1,-343506896.124169,-300609323.168016,-372901173.762496,-151777121.352904,-128643034.122515,-155845529.066514,-331659298.868392,-133387195.716267,3205,-992726.737718,-59132862.786777,1375360.92461,75409731.633304,-262282727.798172,-233362768.480259,-4.5783,4.5807,-0.667,0.6683,0.0168,0.362,5.7729,0.7131,0.0227,0.7922,0.9335,0.7365,77,1985,3123,4547.3,618.7,388.5
520,5.092333e-05,550.15,5.437565655933996e-08,1.2244628906250005e-16,2.5537109375000012e-18,23,6,6,5,6/5/3/1/2/4,0,13,2,0.0300293/0.37793/0.462158/0.48877/0.478271/0.716553/0/0/0/0/0/0/0/0/0/0/0/0/0/0/0/0/0,346.386/248.223/395.257/314.406/267.761/311.527/0/0/0/0/0/0/0/0/0/0/0/0/0/0/0/0/0,,,1948,4.634083161657322e-12,7.609375000000003e-12,-2.1565549163521063e-06,-6.698824177662812,0,0.0,9072,1.932165705718206e-11,3.5437500000000013e-11,5.373857732349592e-07,3.1296627201222137e-07,5.30330085889911e-07,4.354999789541167e-06,1,1,nan,0.2663229613206113,6,6/5/3/1/2/4,5,3944.8,1.0,,,6.695020813571229e-10,,,,,,,,,,,,,,0,6719,25,306114650.1168841,183546012.92249283,1.6677815292351195,1,-367495339.247805,-355437067.426957,-404249781.190692,-163503757.41082,-172318253.813612,-116060671.645005,-361304329.160027,-141126768.745259,3746,-883901.652676,-71955139.443099,124882005.560723,38913985.858125,-272379089.508959,-266861299.826955,-4.5107,4.5386,-0.8249,0.8255,0.013,0.382,6.0018,0.8805,0.0235,0.7542,0.9349,0.5519,118,2257,4356,,,
540,5.092333e-05,574.79,5.437565655933996e-08,1.2255200195312506e-16,2.447998046875001e-18,23,6,6,5,6/5/3/1/2/4,0,24,2,0.0290527/0.371582/0.428955/0.474365/0.457764/0.686279/0/0/0/0/0/0/0/0/0/0/0/0/0/0/0/0/0,346.386/248.223/422.909/314.402/267.102/310.744/0/0/0/0/0/0/0/0/0/0/0/0/0/0/0/0/0,,,1873,4.4530279875823975e-12,7.316406250000003e-12,-2.1452067200309146e-06,-6.517253036523745,0,0.0,8960,1.909116195886375e-11,3.5000000000000015e-11,5.412376870378307e-07,3.1257285693889683e-07,5.303300858899112e-07,4.354999789541167e-06,1,1,nan,0.25448837113114925,6,6/5/3/1/2/4,5,3944.1,1.0,,,6.584883744757396e-10,,,,,,,,,,,,,,0,6359,33,292511837.13688475,183406959.04975232,1.5948786166698061,1,-377760301.743023,-349709711.332613,-405008000.324731,-170922190.947852,-164738362.115037,-112271224.281202,-360002414.533123,-138939868.424727,3765,-547995.416482,-55330088.658196,2529371.537745,179743178.425068,-294848419.058891,-264839402.993576,-4.6457,4.6524,-0.7751,0.7759,0.0128,0.3812,6.5314,0.8464,0.0235,0.7103,0.9133,0.5452,107,2075,4103,,,
560,5.092333e-05,598.05,5.437565655933996e-08,1.2265893554687506e-16,2.341064453125001e-18,23,6,6,5,6/5/3/1/2/4,0,20,2,0.0288086/0.367432/0.392334/0.452393/0.438477/0.661621/0/0/0/0/0/0/0/0/0/0/0/0/0/0/0/0/0,346.386/248.223/422.909/312.964/267.102/310.742/0/0/0/0/0/0/0/0/0/0/0/0/0/0/0/0/0,,,1815,4.318497941720112e-12,7.0898437500000026e-12,-2.1397232150647566e-06,-6.429516957065217,0,0.0,8910,1.9007383558598456e-11,3.480468750000001e-11,5.452281812958629e-07,3.118531564845393e-07,5.303300858899112e-07,4.347846014055682e-06,1,1,nan,0.27602877446053986,6,6/5/3/1/2/4,5,3945.4,1.0,,,6.486083435007041e-10,,,,,,,,,,,,,,0,6032,29,317270622.4697612,183220924.51597396,1.7316287607865457,1,-366259408.44379,-343277693.332929,-405251278.673331,-146149705.558403,-155909919.481058,-109990625.508719,-361014624.413092,-137782948.560748,3796,-696196.315566,-1252034.936565,2415213.5526,4158029.447723,-290982795.019534,-261413823.898635,-4.2692,4.2733,-0.723,0.7232,0.0128,0.3735,6.1849,0.8005,0.0237,0.6887,0.8994,0.5364,106,1839,3883,,,
580,5.092333e-05,621.63,5.437565655933996e-08,1.2275463867187506e-16,2.2453613281250012e-18,23,6,6,5,6/5/3/1/2/4,0,23,2,0.0285645/0.364502/0.361084/0.430908/0.420166/0.640137/0/0/0/0/0/0/0/0/0/0/0/0/0/0/0/0/0,346.386/251.771/422.913/312.962/269.322/310.742/0/0/0/0/0/0/0/0/0/0/0/0/0/0/0/0/0,,,1790,4.2528711369479394e-12,6.9921875000000025e-12,-2.1387678179391505e-06,-6.41423060305552,0,0.0,8688,1.8541934290321124e-11,3.393750000000001e-11,5.461328706954865e-07,3.118521335930996e-07,5.30330085889911e-07,4.339660152840433e-06,1,1,nan,0.2654475468809356,6,6/5/3/1/2/4,5,3942.3,1.0,,,6.396800025887705e-10,,,,,,,,,,,,,,0,5738,31,305108438.77265835,183099949.79397252,1.6663491121432423,1,-365600862.274513,-342232855.903533,-406443100.957555,-115631608.933103,-148827223.366482,-107065573.712409,-359986057.331106,-135251696.617497,3707,-497387.195902,-1072534.45512,106569690.651491,2122394.964681,-280662998.625892,-258642403.270944,-3.2654,3.3168,-0.6815,0.6818,0.0125,0.3668,5.3755,0.767,0.0237,0.614,0.8843,0.5266,114,1738,3663,,,
600,5.092333e-05,650.18,5.437565655933996e-08,1.2283691406250005e-16,2.163085937500001e-18,23,6,6,5,6/5/3/1/2/4,0,22,2,0.0280762/0.363037/0.332764/0.414795/0.408203/0.616211/0/0/0/0/0/0/0/0/0/0/0/0/0/0/0/0/0,346.386/251.771/416.363/312.962/272.211/310.083/0/0/0/0/0/0/0/0/0/0/0/0/0/0/0/0/0,1-2:0.181465/1-3:0.0130074/2-4:1.65447/3-5:0.452704/5-6:1.85044,1-2:-28.594/1-3:-33.628/2-4:-24.665/3-5:-38.549/5-6:-42.74,1750,4.152088569099749e-12,6.835937500000002e-12,-2.1334464569450276e-06,-6.329088827149553,0,0.0,8608,1.8395757111886016e-11,3.362500000000001e-11,5.488347421745896e-07,3.1152277953774686e-07,5.30330085889911e-07,4.333538463084713e-06,1,1,nan,0.2693529550773713,6,6/5/3/1/2/4,5,3945.6,1.0,,,6.313718096346915e-10,3,4/3/1,1/1/1,1,1,1,1.0,4/3/1,906/751/285,4372/4203/303,619/530/221,3/3/1,3/3/1,0,5474,30,309597359.50892305,183061489.9162037,1.6912205819511306,1,-369527565.033613,-339987974.958594,-406797031.619761,-104526566.21731,-146027439.020739,-97152986.166995,-357322925.634371,-131775160.030986,3608,-473260.985906,-1036136.026031,73368359.540658,3072867.755149,-306918484.115949,-252445478.530766,-3.1304,3.1616,-0.6745,0.6749,0.0125,0.3395,5.7224,0.7662,0.024,0.5496,0.8759,0.5183,131,1588,3544,4554.4,618.7,386.0
620,6.1107996e-05,677.93,5.141289118816265e-08,1.2232592773437506e-16,2.6740722656250014e-18,23,7,7,6,7/6/5/3/1/2/4,0,24,3,0.027832/0.360352/0.309082/0.404785/0.400146/0.459473/0.712402/0/0/0/0/0/0/0/0/0/0/0/0/0/0/0/0,346.386/252.553/437.462/312.962/272.205/247.444/311.403/0/0/0/0/0/0/0/0/0/0/0/0/0/0/0/0,,,2535,5.999393057896346e-12,9.902343750000003e-12,-2.375612532423924e-06,-10.203746034811891,0,0.0,9564,2.0198361044734092e-11,3.7359375000000015e-11,5.846408001759495e-07,3.1140284063332296e-07,5.30330085889911e-07,4.311045050898496e-06,1,1,nan,0.27015497823099277,7,7/6/5/3/1/2/4,6,3969.9,1.0,,,8.173397151648249e-10,,,,,,,,,,,,,,0,7617,30,328413472.75417554,193210864.470216,1.699767110170978,1,-390584132.545518,-385259576.538117,-434835396.329115,-135578871.438697,-178906881.115049,-1515313.705075,-389172717.467475,-123509329.627447,4124,-495747.784264,-1079327.379585,68850907.848814,2442784.169593,-304005514.328978,-281114149.810944,-3.6102,3.6369,-0.7903,0.7907,0.0095,0.3662,5.7492,0.8876,0.0225,0.6304,0.8873,0.422,138,1908,4806,,,
640,6.1107996e-05,702.12,5.141289118816265e-08,1.2241992187500006e-16,2.580078125000001e-18,23,7,7,6,7/6/5/3/1/2/4,0,23,3,0.0275879/0.358398/0.281982/0.391846/0.394775/0.4375/0.687988/0/0/0/0/0/0/0/0/0/0/0/0/0/0/0/0,346.386/252.553/437.462/312.962/268.543/248.095/310.742/0/0/0/0/0/0/0/0/0/0/0/0/0/0/0/0,,,2477,5.849038155376759e-12,9.675781250000003e-12,-2.3719266986634874e-06,-10.14477269464491,0,0.0,9496,2.0130947915774015e-11,3.709375000000002e-11,5.856956198233455e-07,3.107420867397374e-07,5.30330085889911e-07,4.311045050898496e-06,1,1,nan,0.28854217173517754,7,7/6/5/3/1/2/4,6,4014.6,1.0,,,8.054822533278726e-10,,,,,,,,,,,,,,0,7287,28,350765835.5070437,192826805.7264249,1.8190719603823988,1,-397739113.698593,-370971515.638839,-436242329.016879,-50241086.501969,-160121535.130338,-1508679.375135,-388731270.468215,-119067695.236764,4064,-204079.114728,-738777.348294,176280332.1339,1657867.204533,-295150823.552547,-275858572.262674,-2.7599,2.9021,-0.7197,0.7201,0.0094,0.3348,5.4669,0.8437,0.0225,0.5282,0.8489,0.4158,142,1774,4608,,,
660,6.1107996e-05,726.62,5.141289118816265e-08,1.2250781250000007e-16,2.4921875000000012e-18,23,7,7,6,7/6/5/3/1/2/4,0,26,3,0.027832/0.356689/0.250977/0.377441/0.389893/0.424316/0.665039/0/0/0/0/0/0/0/0/0/0/0/0/0/0/0/0,346.386/256.093/465.116/312.962/268.543/248.095/310.742/0/0/0/0/0/0/0/0/0/0/0/0/0/0/0/0,,,2433,5.740023135684645e-12,9.503906250000004e-12,-2.3688157884775506e-06,-10.09499813166992,0,0.0,9390,1.9947747845898312e-11,3.667968750000001e-11,5.885861488126661e-07,3.107420867397374e-07,5.30330085889911e-07,4.308980879438968e-06,1,1,nan,0.27061274831556675,7,7/6/5/3/1/2/4,6,4018.6,1.0,,,7.951487516036104e-10,,,,,,,,,,,,,,0,6987,27,328969960.2347408,192612982.31587565,1.7079324367411877,1,-397495687.829855,-368974463.19506,-439571873.588458,-70785916.359564,-152384021.064145,-1499954.408187,-384617480.299696,-117246904.246787,4033,-101512.603912,-659574.602678,176056588.202478,1617013.114731,-289264795.789413,-274040757.888339,-3.0253,3.1631,-0.6697,0.6702,0.0093,0.3332,5.9013,0.8022,0.0225,0.5338,0.8298,0.4094,148,1616,4428,,,
680,6.1107996e-05,750.88,5.141289118816265e-08,1.2259130859375005e-16,2.408691406250001e-18,23,7,7,6,7/6/5/3/1/2/4,0,30,4,0.027832/0.355469/0.222412/0.363037/0.386475/0.414795/0.638672/0/0/0/0/0/0/0/0/0/0/0/0/0/0/0/0,367.487/256.093/465.116/312.962/268.543/248.095/310.742/0/0/0/0/0/0/0/0/0/0/0/0/0/0/0/0,,,2411,5.6729874065434015e-12,9.417968750000003e-12,-2.3665080394269878e-06,-10.058074146860916,0,0.0,9274,1.9741989993754395e-11,3.6226562500000016e-11,5.902884655010259e-07,3.107420867397374e-07,5.30330085889911e-07,4.308980879438968e-06,1,1,nan,0.2714538152990403,7,7/6/5/3/1/2/4,6,4017.4,1.0,,,7.861795621357969e-10,,,,,,,,,,,,,,0,6712,29,329992401.98528755,192408950.18491074,1.7150574423287221,1,-400299931.59547,-365766372.035611,-442427432.154173,-1582157.556787,-147239934.56731,-1502042.795709,-381006575.369136,-112169159.720015,3868,191064.002352,-581503.500829,175647994.040655,1566571.455747,-289737700.662694,-269418450.393348,-2.8354,2.9753,-0.6405,0.6413,0.0095,0.3234,6.2221,0.7754,0.0231,0.4759,0.821,0.4082,145,1525,4348,,,
700,6.1107996e-05,778.75,5.141289118816265e-08,1.2266821289062507e-16,2.331787109375001e-18,23,7,7,6,7/6/5/3/1/2/4,0,36,4,0.0273438/0.353271/0.198486/0.351074/0.385498/0.40918/0.606934/0/0/0/0/0/0/0/0/0/0/0/0/0/0/0/0,367.487/256.093/465.116/311.519/274.311/248.103/309.961/0/0/0/0/0/0/0/0/0/0/0/0/0/0/0/0,1-2:0.187968/1-3:0.00823194/2-4:1.58802/3-5:0.303077/5-6:1.74825/6-7:1.75321,1-2:-28.586/1-3:-33.867/2-4:-24.651/3-5:-38.527/5-6:-42.74/6-7:-46.704,2376,5.588758682048415e-12,9.281250000000003e-12,-2.363265877377912e-06,-10.006199554075701,0,0.0,9212,1.9642746459197554e-11,3.598437500000001e-11,5.923180631445106e-07,3.0996139394172787e-07,5.30330085889911e-07,4.308980879438968e-06,1,1,nan,0.2697021483630549,7,7/6/5/3/1/2/4,6,4012.8,1.0,,,7.78001873691941e-10,4,5/3/1/1,1/1/1/1,1,1,1,1.0,5/3/1/1,1154/750/285/333,4321/4174/348/303,619/530/221/221,4/3/1/1,4/3/1/1,0,6452,39,327862990.84016424,192240068.580046,1.7054872756854371,1,-399951207.921785,-362800979.192119,-444445138.242574,-1112311.69169,-140388719.202458,-1504683.793431,-379828172.040496,-108043856.251261,3776,48666.237846,-552475.303345,175057047.660315,1440201.998535,-323908792.568985,-262266992.158688,-2.2965,2.4424,-0.6218,0.6225,0.0095,0.3052,6.3132,0.7609,0.0233,0.3841,0.8115,0.4046,138,1422,4231,4585.1,618.7,377.7
720,7.1292662e-05,806.56,4.875630719935003e-08,1.2214038085937507e-16,2.8596191406250014e-18,23,8,8,7,8/7/6/5/3/1/2/4,0,40,4,0.0270996/0.350586/0.181396/0.339111/0.382324/0.402588/0.455811/0.720703/0/0/0/0/0/0/0/0/0/0/0/0/0/0/0,367.487/256.093/465.116/311.519/269.985/248.103/247.444/3976.8/0/0/0/0/0/0/0/0/0/0/0/0/0/0/0,,,3168,7.445524110498698e-12,1.2375000000000004e-11,-2.5696272840999908e-06,-13.307982061628962,0,0.0,10250,2.162399559374088e-11,4.0039062500000016e-11,6.223324469255698e-07,2.907518132709792e-07,5.30330085889911e-07,4.294673328468e-06,1,1,nan,0.26322438704516127,9,8/7/6/5/3/1/2/4/8,8,4027.3,1.0,,,9.713466368277143e-10,,,,,,,,,,,,,,1,8670,40,337423507.5486171,199348168.15163893,1.692634101819024,1,-415663935.392512,-409712365.518202,-465548096.582207,-1131267.737989,-180740150.672541,-1425622.418069,-410583247.011134,-92038976.550642,4216,280503.940966,-606076.230162,179480035.008249,1460505.802761,-312642010.224753,-288908382.729468,-2.1288,2.2372,-0.7395,0.74,0.0078,0.3138,5.1774,0.8849,0.0218,0.4293,0.8316,0.3534,184,1764,5568,,,
740,7.1292662e-05,832.2,4.875630719935003e-08,1.2222900390625005e-16,2.7709960937500012e-18,23,8,8,7,8/7/6/5/3/1/2/4,0,45,5,0.0270996/0.348633/0.165527/0.327148/0.37793/0.401611/0.430908/0.692139/0/0/0/0/0/0/0/0/0/0/0/0/0/0/0,367.487/256.093/465.116/311.519/269.2/248.103/247.444/3976.02/0/0/0/0/0/0/0/0/0/0/0/0/0/0/0,,,3118,7.324820533253985e-12,1.2179687500000004e-11,-2.567702649148775e-06,-13.277187902409512,0,0.0,10208,2.1590969478379735e-11,3.987500000000002e-11,6.225252136863535e-07,2.9035942108909503e-07,5.30330085889911e-07,4.294673328468e-06,1,1,nan,0.28085830544236356,9,8/7/6/5/3/1/2/4/8,8,4030.6,1.0,,,9.599754943654765e-10,,,,,,,,,,,,,,1,8350,50,360028170.6810998,199113620.76768976,1.8081544059768395,1,-434753278.316111,-400545689.620804,-468522342.951288,-870537.787597,-159924721.588225,-1433903.539448,-409290323.674661,-85420388.00147,4132,290588.520779,-546822.985142,179259897.100769,1415212.431631,-324818071.620285,-285305509.491593,-1.9815,2.0992,-0.663,0.6636,0.0078,0.2877,5.5354,0.8255,0.022,0.3765,0.798,0.3525,170,1639,5427,,,
760,7.1292662e-05,857.1,4.875630719935003e-08,1.2230371093750006e-16,2.6962890625000012e-18,23,8,8,7,8/7/6/5/3/1/2/4,0,49,5,0.0263672/0.347168/0.149414/0.315918/0.375244/0.399658/0.419922/0.662598/0/0/0/0/0/0/0/0/0/0/0/0/0/0/0,367.487/256.093/465.116/311.519/268.543/248.103/247.444/3976.01/0/0/0/0/0/0/0/0/0/0/0/0/0/0/0,,,3072,7.21630539826002e-12,1.2000000000000004e-11,-2.5651305304313268e-06,-13.236034002930339,0,0.0,10102,2.1391944168262435e-11,3.946093750000001e-11,6.242011792321773e-07,2.900310899251821e-07,5.30330085889911e-07,4.257872365310814e-06,1,1,nan,0.26885326638465185,9,8/7/6/5/3/1/2/4/8,8,4033.4,1.0,,,9.50332884511701e-10,,,,,,,,,,,,,,1,8083,54,344639085.9819824,198879797.41306362,1.7329014332520858,1,-435996401.91124,-394331683.729859,-470202665.934667,-739546.791711,-152067063.503454,-1418277.494249,-407996947.305905,-85119312.759273,4011,393763.340485,-533187.225104,182159249.45265,1313087.200366,-321138995.64433,-281322761.471411,-1.7751,1.8868,-0.6305,0.6312,0.0078,0.2736,5.4668,0.8015,0.0222,0.3424,0.7811,0.3476,184,1544,5314,,,
780,7.1292662e-05,882.36,4.875630719935003e-08,1.2236914062500006e-16,2.630859375000001e-18,23,8,8,7,8/7/6/5/3/1/2/4,0,50,5,0.0258789/0.345703/0.132568/0.305908/0.373047/0.395996/0.407715/0.644043/0/0/0/0/0/0/0/0/0/0/0/0/0/0/0,367.487/256.093/465.116/311.519/268.543/248.103/247.444/3976.01/0/0/0/0/0/0/0/0/0/0/0/0/0/0/0,,,3027,7.102924977465449e-12,1.1824218750000005e-11,-2.5658035138738555e-06,-13.246801738010799,0,0.0,10046,2.1358459593182914e-11,3.924218750000002e-11,6.257107344924686e-07,2.900310899251821e-07,5.30330085889911e-07,4.257872365310814e-06,1,1,nan,0.27357001382754137,9,8/7/6/5/3/1/2/4/8,8,4036.2,1.0,,,9.421023656794573e-10,,,,,,,,,,,,,,1,7866,57,350685415.8234788,198673808.6955173,1.765131589946669,1,-433103910.276139,-393050709.171173,-472289210.280377,-806199.547948,-146198815.839426,-1355705.109068,-403645030.20519,-80332978.239732,3991,256654.90134,-516586.286736,181538990.45321,1337416.922031,-315847717.766524,-276014170.084986,-1.5702,1.6886,-0.6087,0.6094,0.0077,0.2729,5.5084,0.7819,0.0225,0.3036,0.7726,0.3409,168,1460,5177,,,
800,7.1292662e-05,910.78,4.875630719935003e-08,1.2242138671875005e-16,2.5786132812500014e-18,23,8,8,7,8/7/6/5/3/1/2/4,0,54,5,0.0256348/0.34375/0.116211/0.298828/0.371338/0.394531/0.404785/0.623535/0/0/0/0/0/0/0/0/0/0/0/0/0/0/0,367.487/256.093/465.116/311.519/267.759/248.103/247.444/3975.35/0/0/0/0/0/0/0/0/0/0/0/0/0/0/0,1-2:0.176689/1-3:0.00172824/2-4:1.53409/3-5:0.124979/5-6:1.71655/6-7:1.69713/7-8:1.77567,1-2:-28.586/1-3:-34.036/2-4:-24.649/3-5:-38.684/5-6:-42.742/6-7:-46.704/7-8:-50.682,2999,7.0268379750890124e-12,1.1714843750000005e-11,-2.5638818566487302e-06,-13.216055222408794,0,0.0,9970,2.12508453623712e-11,3.8945312500000017e-11,6.272842246002583e-07,2.896386977432975e-07,5.30330085889911e-07,4.257872365310814e-06,1,1,nan,0.2775982911799739,9,8/7/6/5/3/1/2/4/8,8,4036.3,1.0,,,9.34779242198221e-10,4,5/3/1/1,1/1/1/1,1,1,1,1.0,5/3/1/1,3975/750/306/354,4391/4174/348/348,619/530/221/221,5/3/1/1,6/3/1/1,1,7694,61,355849205.88447815,198523320.3433685,1.7924806278123737,1,-428084547.088207,-387805610.265727,-473940638.221796,-775195.398716,-138773602.308044,-1356306.648291,-405233637.406418,-69926933.575215,3932,151539.467503,-517672.50483,182806771.981353,1248570.892778,-318859708.32145,-270280624.428471,-1.6786,1.8021,-0.5812,0.5819,0.0078,0.2502,5.751,0.7578,0.0227,0.3106,0.7605,0.3412,161,1411,5062,4547.3,618.7,370.0
820,8.1477328e-05,940.38,4.6360773959283e-08,1.2185766601562506e-16,3.1423339843750014e-18,23,9,9,8,8/7/6/5/3/1/2/4/9,0,57,6,0.0251465/0.342041/0.104736/0.29126/0.369141/0.392578/0.39502/0.463135/0.759277/0/0/0/0/0/0/0/0/0/0/0/0/0/0,367.487/256.093/465.116/311.519/267.759/248.103/247.444/310.085/4211.79/0/0/0/0/0/0/0/0/0/0/0/0/0/0,,,3133,7.292719472818253e-12,1.2238281250000004e-11,-2.6055920467762822e-06,-13.883418264449626,0,0.0,12218,2.616208624743402e-11,4.7726562500000015e-11,6.377180027622848e-07,3.100854244119107e-07,5.30330085889911e-07,4.233314781665068e-06,1,1,nan,0.26643472049503014,9,8/7/6/5/3/1/2/4/9,8,4107.4,1.0,,,1.0604358389281373e-09,,,,,,,,,,,,,,1,9985,66,359186627.1595118,197619288.7146816,1.8175686669842113,1,-410533810.42823,-364434090.607953,-444594962.436181,-614033.038231,-62356220.912525,-1525019.308813,-393611919.772811,-46457423.072726,4445,1453029.909528,6276.326899,192538225.600514,80389858.176787,-198015044.986588,-216156267.072258,-0.9787,1.1461,-0.3805,0.4091,0.0064,0.2108,3.078,0.5503,0.014,0.3678,0.7345,0.4498,261,1842,6331,,,
840,8.1477328e-05,970.24,4.6360773959283e-08,1.2189721679687506e-16,3.1027832031250016e-18,23,9,9,8,8/7/6/5/3/1/2/4/9,0,57,5,0.0251465/0.341309/0.092041/0.284912/0.366943/0.390869/0.392578/0.454102/0.754883/0/0/0/0/0/0/0/0/0/0/0/0/0/0,367.487/256.093/465.116/307.851/267.759/248.103/247.444/310.742/4211.79/0/0/0/0/0/0/0/0/0/0/0/0/0/0,,,3110,7.2410991896386745e-12,1.2148437500000004e-11,-2.6029150786818738e-06,-13.84058677493909,0,0.0,12062,2.5810707263173118e-11,4.7117187500000016e-11,6.375660696994065e-07,3.078510102250283e-07,5.30330085889911e-07,4.233314781665068e-06,1,1,nan,0.2181134783383862,9,8/7/6/5/3/1/2/4/9,8,4105.2,1.0,,,1.0546975216515364e-09,,,,,,,,,,,,,,1,9875,66,294043675.97749156,197595518.04522458,1.488109036512622,1,-416317295.012885,-354029683.470171,-446033207.47594,-632316.236822,-57909581.634492,-1518531.609106,-394843285.328542,-38355464.696698,4412,834084.985947,412959.82868,193925280.169661,77624469.596601,-198462293.304254,-205866461.891687,-1.0637,1.2011,-0.3741,0.4049,0.0063,0.2034,3.3358,0.5322,0.0139,0.3556,0.7519,0.4492,239,1834,6233,,,
860,8.1477328e-05,997.1,4.6360773959283e-08,1.2193701171875006e-16,3.0629882812500015e-18,23,9,9,8,8/7/6/5/3/1/2/4/9,0,58,4,0.0249023/0.339111/0.0822754/0.274414/0.365234/0.389648/0.390381/0.44458/0.752441/0/0/0/0/0/0/0/0/0/0/0/0/0/0,201.57/256.089/458.561/307.851/267.759/248.095/247.444/310.742/4211.79/0/0/0/0/0/0/0/0/0/0/0/0/0/0,,,3083,7.1838847618240175e-12,1.2042968750000004e-11,-2.6026583195392866e-06,-13.836478628657696,0,0.0,11928,2.556064959920974e-11,4.659375000000002e-11,6.374890311727336e-07,2.677587075146081e-07,5.30330085889911e-07,4.233314781665068e-06,1,1,nan,0.2206980608949491,9,8/7/6/5/3/1/2/4/9,8,4105.5,1.0,,,1.0496058828904155e-09,,,,,,,,,,,,,,1,9741,65,297528009.7361784,197593230.32308137,1.505760137883749,1,-417324084.51118,-353595232.663926,-447090801.935303,-601212.731826,-53585011.332178,-1515664.241592,-391368163.905438,-33537696.441162,4350,1075383.501352,2424861.39658,192946552.093627,74879826.756149,-198879772.887675,-198554050.698385,-0.9187,1.0486,-0.3698,0.4015,0.0062,0.1914,3.3235,0.5208,0.0138,0.3106,0.7622,0.4472,235,1800,6169,,,
880,8.1477328e-05,1024.14,4.6360773959283e-08,1.2197045898437507e-16,3.0295410156250014e-18,23,9,9,8,8/7/6/5/3/1/2/4/9,0,58,4,0.0249023/0.339355/0.0756836/0.269531/0.364014/0.386475/0.38623/0.43335/0.75/0/0/0/0/0/0/0/0/0/0/0/0/0/0,201.57/257.656/458.561/307.851/261.987/248.095/247.444/310.742/4211.79/0/0/0/0/0/0/0/0/0/0/0/0/0/0,,,3049,7.098746614073818e-12,1.1910156250000005e-11,-2.6029495452150673e-06,-13.841138239470187,0,0.0,11864,2.5455312930349674e-11,4.634375000000002e-11,6.397813526158063e-07,2.619867833995893e-07,5.30330085889911e-07,4.2026355082636024e-06,1,1,nan,0.213212633389233,9,8/7/6/5/3/1/2/4/9,8,4103.2,1.0,,,1.0449435248973781e-09,,,,,,,,,,,,,,1,9628,71,287436736.89595056,197594272.60923436,1.4546815203717474,1,-418487510.881347,-348914229.022296,-448479688.487806,-591168.71994,-45910568.378883,-1507202.6198,-389771086.071227,-32512170.664567,4359,626737.979205,8600578.500264,191226678.142712,134774687.518301,-246407675.827891,-192786314.398373,-0.8748,0.991,-0.3457,0.3813,0.0061,0.1824,3.6724,0.4991,0.0136,0.2648,0.7545,0.4417,219,1788,6045,,,
900,8.1477328e-05,1055.51,4.6360773959283e-08,1.2199975585937507e-16,3.0002441406250013e-18,23,9,9,8,8/7/6/5/3/1/2/4/9,0,59,4,0.0249023/0.339111/0.0712891/0.261719/0.360596/0.385254/0.384766/0.422119/0.750488/0/0/0/0/0/0/0/0/0/0/0/0/0/0,201.57/257.656/458.561/307.851/261.987/248.095/247.444/310.742/4211.79/0/0/0/0/0/0/0/0/0/0/0/0/0/0,1-2:0.17537/2-4:1.4837/3-5:0.0217391/5-6:1.69308/6-7:1.66889/7-8:1.2904/7-9:0.414959/8-9:0.292896,1-2:-28.571/2-4:-24.643/3-5:-38.536/5-6:-42.742/6-7:-46.704/7-8:-50.672/7-9:-50.503/8-9:-54.296,3024,7.041032685145303e-12,1.1812500000000004e-11,-2.6034372990405917e-06,-13.848942300678578,0,0.0,11812,2.5405004368523708e-11,4.614062500000002e-11,6.393540539706824e-07,2.619867833995893e-07,5.30330085889911e-07,4.2026355082636024e-06,1,1,nan,0.21492893029244065,9,8/7/6/5/3/1/2/4/9,8,4100.7,1.0,,,1.0406646184389862e-09,5,6/3/1/1/1,1/1/1/1/1,1,1,1,1.0,6/3/1/1/1,4225/746/306/354/229,4604/4160/348/348/196,707/530/221/221/265,6/3/1/1/1,6/3/1/1/1,1,9511,72,289750515.275593,197610610.32741538,1.4662700286969086,1,-417765428.989938,-341816473.809669,-450142397.165376,-620545.325839,-37517045.399271,-1500041.568389,-388010666.119113,-29461535.192393,4359,313583.555397,20228792.540777,108861532.325631,100757267.456349,-267430497.396812,-181206022.503656,-0.7961,0.8339,-0.3266,0.372,0.006,0.1817,3.1766,0.4827,0.0135,0.2566,0.7612,0.4385,226,1771,5947,4441.9,618.7,382.0
920,9.1661994e-05,1085.15,4.4189615031262974e-08,1.2141870117187506e-16,3.581298828125002e-18,23,10,10,9,10/8/7/6/5/3/1/2/4/9,0,62,4,0.0246582/0.3396/0.0688477/0.253906/0.359131/0.384033/0.382324/0.318359/0.725586/0.724854/0/0/0/0/0/0/0/0/0/0/0/0/0,201.57/257.656/458.561/307.851/261.987/248.095/247.444/302.746/4163.04/4203.79/0/0/0/0/0/0/0/0/0/0/0/0/0,,,3810,8.897978294432035e-12,1.4882812500000006e-11,-2.7260736807887442e-06,-15.811124408649018,0,0.0,12826,2.7302574735184375e-11,5.010156250000002e-11,7.327271482340044e-07,2.8236638037591137e-07,5.303300858899112e-07,4.181174181807149e-06,1,1,nan,0.22642773055918022,11,10/8/7/6/5/3/1/2/4/10/9,10,4095.9,1.0,,,1.2512374654643396e-09,,,,,,,,,,,,,,1,11971,77,320250202.4499827,203484613.96614704,1.5738300611920542,1,-430864685.934698,-396213002.999045,-462654051.629919,-712870.383375,-97502251.028355,-1406511.056163,-422170775.065499,-5541896.825946,4866,330813.865489,26713974.109106,105773952.238479,113062688.949492,-266432685.839019,-184344222.82953,-1.0199,1.1037,-0.4496,0.5083,0.0056,0.2135,3.4776,0.6161,0.0134,0.3125,0.8195,0.4135,240,2233,7340,,,
940,9.1661994e-05,1115.73,4.4189615031262974e-08,1.2146337890625006e-16,3.536621093750002e-18,23,10,10,9,10/8/7/6/5/3/1/2/4/9,0,61,4,0.0249023/0.339111/0.065918/0.246582/0.358154/0.383057/0.380127/0.310791/0.729492/0.698486/0/0/0/0/0/0/0/0/0/0/0/0/0,201.57/448.843/458.561/307.851/261.987/248.225/247.444/302.746/4163.04/4203.79/0/0/0/0/0/0/0/0/0/0/0/0/0,,,3758,8.777774346162611e-12,1.4679687500000005e-11,-2.7197675667341024e-06,-15.710226583774748,0,0.0,12746,2.717749813279425e-11,4.978906250000002e-11,7.331178795440039e-07,3.0529849378863087e-07,5.303300858899112e-07,4.181174181807149e-06,1,1,nan,0.2256019135866034,11,10/8/7/6/5/3/1/2/4/10/9,10,4099.9,1.0,,,1.2430802924592918e-09,,,,,,,,,,,,,,1,11826,74,319082200.4035848,203569814.82635322,1.5674337606278446,1,-453101286.005292,-388656794.072493,-464632221.725019,-680219.075519,-77891236.4359,-1364820.481264,-420540226.703061,-2520303.873072,4836,315500.718015,33780824.895841,98402801.100488,112277144.6849,-265213764.386436,-176909668.568094,-0.9256,0.9673,-0.39,0.4585,0.0057,0.2001,3.1845,0.5642,0.0135,0.2986,0.8056,0.4154,221,2197,7239,,,
960,9.1661994e-05,1143.78,4.4189615031262974e-08,1.2149609375000006e-16,3.5039062500000015e-18,23,10,10,9,10/8/7/6/5/3/1/2/4/9,0,63,4,0.0249023/0.340576/0.0632324/0.242188/0.356934/0.382813/0.378174/0.302002/0.731445/0.681641/0/0/0/0/0/0/0/0/0/0/0/0/0,201.57/448.843/449.784/307.851/266.313/251.764/247.444/302.746/4163.04/4203/0/0/0/0/0/0/0/0/0/0/0/0/0,,,3732,8.713056708922793e-12,1.4578125000000006e-11,-2.7199127835863534e-06,-15.712550053410764,0,0.0,12736,2.7215602876422127e-11,4.975000000000002e-11,7.327679394256071e-07,3.0529849378863087e-07,5.303300858899112e-07,4.181174181807149e-06,1,1,nan,0.24069522772616128,11,10/8/7/6/5/3/1/2/4/10/9,10,4101.4,1.0,,,1.2365313024155656e-09,,,,,,,,,,,,,,1,11709,73,340429572.0214408,203600867.58740678,1.6720438181595314,1,-458401787.382843,-376168196.815141,-466824575.738149,-625710.570464,-70793690.188038,-1349630.016108,-417453654.301444,-2384632.73486,4829,831783.197734,37145204.445157,90951287.926353,103692256.057172,-256409303.67896,-173496232.162817,-0.9065,0.9574,-0.3636,0.4359,0.0056,0.1977,3.1804,0.5364,0.0135,0.2961,0.8054,0.4128,206,2194,7124,,,
980,9.1661994e-05,1171.63,4.4189615031262974e-08,1.2153076171875006e-16,3.4692382812500016e-18,23,10,10,9,10/8/7/6/5/3/1/2/4/9,0,64,4,0.0249023/0.343018/0.0622559/0.237061/0.355225/0.381104/0.376221/0.294922/0.734619/0.659912/0/0/0/0/0/0/0/0/0/0/0/0/0,201.57/878.063/500.76/307.851/266.313/251.764/247.442/302.746/4163.04/4203/0/0/0/0/0/0/0/0/0/0/0/0/0,,,3706,8.649658033495253e-12,1.4476562500000006e-11,-2.718916023269185e-06,-15.69660188833607,0,0.0,12816,2.744618184759143e-11,5.006250000000002e-11,7.331172194932514e-07,3.0529849378863087e-07,5.303300858899112e-07,4.181174181807149e-06,1,1,nan,0.21483837557998123,12,10/8/7/6/5/3/2/1/2/4/10/9,11,4105.0,1.0,,,1.2304963228715682e-09,,,,,,,,,,,,,,1,11579,75,303858688.6138135,203709130.3734929,1.4916301888712609,1,-455486185.625437,-368575478.419047,-469126593.937621,-651324.58323,-49411351.511039,-1326957.660213,-414612279.378581,-2048298.779962,4865,763726.439484,40055786.231803,118566422.031756,118700623.312815,-258927047.182098,-171119109.772709,-1.068,1.1345,-0.3406,0.4141,0.0055,0.1884,3.6889,0.518,0.0134,0.3033,0.7914,0.4105,211,2152,6986,,,
1000,9.1661994e-05,1204.21,4.4189615031262974e-08,1.2156762695312507e-16,3.4323730468750017e-18,23,10,10,9,10/8/7/6/5/3/1/2/4/9,0,64,4,0.0249023/0.343506/0.0593262/0.232666/0.352539/0.37915/0.374756/0.288818/0.737305/0.639404/0/0/0/0/0/0/0/0/0/0/0/0/0,201.57/878.063/500.76/307.851/263.428/251.764/247.442/302.746/4163.04/4203/0/0/0/0/0/0/0/0/0/0/0/0/0,1-2:0.178827/2-4:1.42202/3-5:0.00914124/5-6:1.66311/6-7:1.62632/7-8:1.26694/7-9:0.399724/8-9:0.139854/8-10:1.2914/9-10:0.575004,1-2:-28.556/2-4:-24.618/3-5:-38.522/5-6:-42.75/6-7:-46.71/7-8:-50.675/7-9:-50.511/8-9:-53.288/8-10:-54.646/9-10:-44.711,3675,8.572342415447621e-12,1.4355468750000006e-11,-2.719380862049283e-06,-15.704039308817636,0,0.0,12818,2.7497112778994866e-11,5.007031250000002e-11,7.330882413524522e-07,3.0529849378863087e-07,5.303300858899112e-07,4.181174181807149e-06,1,1,nan,0.18885434245647126,12,10/8/7/6/5/3/2/1/2/4/10/9,11,4106.4,1.0,,,1.2251339006752307e-09,5,7/3/1/1/1,1/1/1/1/1,1,1,1,1.0,7/3/1/1/1,4474/746/306/354/208,4534/4160/348/348/182,795/530/221/221/265,7/3/1/1/1,8/3/1/1/1,1,11406,79,267107925.58792078,203783984.41245326,1.3107405194674258,1,-456819879.761478,-361620074.927652,-471531171.829894,-659064.538302,-44339315.30919,-1299389.019014,-412027616.103164,-1867084.548239,4912,733247.064264,40371940.938632,106993272.553537,117276465.009385,-276212970.450118,-170514623.25052,-0.9233,0.9795,-0.3383,0.4122,0.0054,0.1877,3.4861,0.5109,0.0132,0.2763,0.7989,0.4065,228,2084,6843,4411.3,618.7,372.1
1020,0.00010184666,1242.14,4.2212717110801314e-08,1.2100732421875006e-16,3.9926757812500016e-18,23,11,11,10,11/10/8/7/6/5/3/1/2/4/9,0,62,4,0.0244141/0.344727/0.0571289/0.228027/0.351563/0.378662/0.373779/0.285156/0.741211/0.480957/0.727051/0/0/0/0/0/0/0/0/0/0/0/0,201.568/878.063/500.76/307.851/262.645/251.764/247.442/302.089/4163.04/4140.49/4210.34/0/0/0/0/0/0/0/0/0/0/0/0,,,4494,1.0503466345905e-11,1.7554687500000008e-11,-2.84924414401669e-06,-17.78185182029615,0,0.0,13858,2.946599495264959e-11,5.413281250000002e-11,8.268651728330344e-07,3.078510102250283e-07,5.303300858899115e-07,4.159712855350696e-06,1,1,nan,0.1966233746339328,14,11/10/8/7/6/5/3/2/1/2/4/11/10/9,13,4071.5,1.0,,,1.438129248559928e-09,,,,,,,,,,,,,,1,13722,71,291119874.66630816,210751993.2678363,1.3813386538002301,2,-459662836.290689,-409510585.687941,-491110171.16266,-832745.810998,-85524328.323395,-1197961.087684,-444542459.169495,-1611035.933554,5497,688977.611073,44640988.044261,72021761.86344,130223104.447666,-263427116.504075,-175762488.223432,-1.0101,1.0865,-0.4139,0.49,0.0047,0.2116,3.1244,0.5969,0.0129,0.3435,0.8149,0.3648,262,2426,8187,,,
1040,0.00010184666,1275.65,4.2212717110801314e-08,1.2106372070312505e-16,3.936279296875002e-18,23,11,11,10,11/10/8/7/6/5/3/1/2/4/9,0,63,4,0.0244141/0.343994/0.0522461/0.224854/0.349365/0.378174/0.372314/0.282715/0.746338/0.462891/0.698975/0/0/0/0/0/0/0/0/0/0/0/0,229.222/878.063/500.76/307.851/262.645/251.764/247.44/302.089/4163.04/4140.49/4209.56/0/0/0/0/0/0/0/0/0/0/0/0,,,4454,1.0407958730275913e-11,1.7398437500000005e-11,-2.8477805305398852e-06,-17.758434004667272,0,0.0,13772,2.933054760376627e-11,5.379687500000002e-11,8.252266444207756e-07,3.078510102250283e-07,5.30330085889911e-07,4.159712855350696e-06,1,1,nan,0.21716309497649594,14,11/10/8/7/6/5/3/2/1/2/4/11/10/9,13,4075.0,1.0,,,1.429726460413272e-09,,,,,,,,,,,,,,1,13471,66,321530912.1278535,210723738.69896886,1.5258409617873152,1,-476589711.736585,-398614010.688975,-493198195.554802,-638578.304121,-73091275.700234,-1187769.20013,-443470913.687908,-1488557.105762,5448,830706.470822,44714040.305318,87508649.253047,137933371.733772,-261032502.720093,-175771812.955523,-0.9527,1.0766,-0.3738,0.4531,0.0048,0.1914,3.5184,0.562,0.013,0.302,0.7991,0.3658,255,2335,8094,,,
1060,0.00010184666,1304.17,4.2212717110801314e-08,1.2109960937500006e-16,3.900390625000001e-18,23,11,11,10,11/10/8/7/6/5/3/1/2/4/9,0,66,3,0.0246582/0.34375/0.0505371/0.222168/0.347656/0.376465/0.37085/0.280273/0.756104/0.44873/0.679199/0/0/0/0/0/0/0/0/0/0/0/0,229.222/878.063/500.76/306.41/262.645/251.764/248.884/302.089/4164.47/4140.49/4209.56/0/0/0/0/0/0/0/0/0/0/0/0,,,4440,1.0370574326409543e-11,1.7343750000000008e-11,-2.8519653802066004e-06,-17.825391599334715,0,0.0,13784,2.9438326255882804e-11,5.384375000000002e-11,8.184384067260721e-07,3.064095635334332e-07,5.30330085889911e-07,4.159712855350696e-06,1,1,nan,0.23855382684121113,14,11/10/8/7/6/5/3/2/1/2/4/11/10/9,13,4077.6,1.0,,,1.4229566331458494e-09,,,,,,,,,,,,,,1,13342,71,353201954.24616843,210860575.82967168,1.6750497472390327,1,-468905474.090586,-391712546.634268,-494242907.395506,-712419.108144,-69652530.352226,-1180284.032565,-440649412.709808,-1392462.51395,5447,901461.95934,44718262.904852,89608123.947605,146440408.463673,-260008393.445951,-176566453.345198,-1.1321,1.214,-0.3443,0.4247,0.0048,0.1884,3.7144,0.5315,0.0129,0.3232,0.7915,0.3657,263,2273,7998,,,
1080,0.00010184666,1332.97,4.2212717110801314e-08,1.2113232421875006e-16,3.867675781250002e-18,23,11,11,10,11/10/8/7/6/5/3/1/2/4/9,0,67,3,0.0249023/0.343262/0.0490723/0.217285/0.344971/0.375244/0.369629/0.279053/0.763184/0.437744/0.66333/0/0/0/0/0/0/0/0/0/0/0/0,229.222/878.063/500.76/306.41/262.645/251.764/248.884/302.089/4164.48/4140.49/4209.56/0/0/0/0/0/0/0/0/0/0/0/0,,,4422,1.0322320569966135e-11,1.7273437500000006e-11,-2.8533994618576252e-06,-17.848336905751115,0,0.0,13834,2.9601231368801765e-11,5.403906250000002e-11,8.163785934723246e-07,3.064095635334332e-07,5.30330085889911e-07,4.159712855350696e-06,1,1,nan,0.21869692256685552,14,11/10/8/7/6/5/3/2/1/2/4/11/10/9,13,4080.7,1.0,,,1.4171142967361852e-09,,,,,,,,,,,,,,1,13236,69,323801891.8457866,210974247.9666461,1.5347934402732315,1,-463990779.358944,-385033028.126229,-495143631.327239,-620093.352917,-57526715.91328,-1172019.927669,-436882313.342957,-1353488.368062,5444,934887.047927,45027123.595739,58538031.517646,141654951.45666,-258804309.894234,-175761814.187002,-1.0962,1.1669,-0.3258,0.406,0.0048,0.1836,3.6391,0.516,0.0128,0.317,0.7783,0.3659,265,2233,7913,,,
1100,0.00010184666,1366.85,4.2212717110801314e-08,1.2116357421875005e-16,3.836425781250002e-18,23,11,11,10,11/10/8/7/6/5/3/1/2/4/9,0,68,3,0.0249023/0.343994/0.0473633/0.213135/0.342041/0.373291/0.368652/0.277832/0.769287/0.431152/0.644775/0/0/0/0/0/0/0/0/0/0/0/0,229.222/878.063/500.76/306.41/262.645/251.764/248.884/302.089/4164.48/4140.49/4209.56/0/0/0/0/0/0/0/0/0/0/0/0,1-2:0.170595/2-4:1.37377/5-6:1.62796/6-7:1.6059/7-8:1.23087/7-9:0.399724/8-9:0.139854/8-10:1.22232/9-10:0.545852/10-11:1.92544,1-2:-28.552/2-4:-24.605/5-6:-42.753/6-7:-46.709/7-8:-50.68/7-9:-50.511/8-9:-53.288/8-10:-54.645/9-10:-44.711/10-11:-55.709,4394,1.0242277960767164e-11,1.7164062500000008e-11,-2.8540969548793245e-06,-17.859496794098302,0,0.0,13832,2.965052542459125e-11,5.4031250000000023e-11,8.140170148577191e-07,3.064095635334332e-07,5.30330085889911e-07,4.159712855350696e-06,1,1,nan,0.21243425854995335,14,11/10/8/7/6/5/3/2/1/2/4/11/10/9,13,4084.5,1.0,,,1.4122460151082257e-09,5,7/3/1/1/1,1/1/1/1/1,1,1,1,1.0,7/3/1/1/1,4724/772/306/354/132,4534/4160/348/348/364,795/530/221/221/265,7/3/1/1/1,9/3/1/1/1,1,13128,73,314529413.60116225,210974853.91338632,1.4908383997757821,1,-457893756.231012,-379582553.538938,-495441873.281443,-611658.833967,-40227418.20149,-1163558.868069,-431048581.461951,-1328965.050033,5420,1286228.771231,43246285.770106,106738548.116032,134683944.982658,-226095480.163489,-177058484.593146,-0.9696,1.1199,-0.3051,0.3847,0.0047,0.178,3.4458,0.4952,0.0128,0.321,0.7677,0.3646,271,2161,7869,4372.4,618.7,364.5
1120,0.000112031326,1398.27,4.040512482501092e-08,1.2058544921875006e-16,4.414550781250002e-18,23,12,12,11,12/11/10/8/7/6/5/3/1/2/4/9,0,69,2,0.0249023/0.344971/0.0466309/0.208496/0.340088/0.372314/0.368896/0.275879/0.778076/0.428223/0.494385/0.731689/0/0/0/0/0/0/0/0/0/0/0,229.222/878.063/500.76/306.41/239.32/251.764/248.884/302.089/4164.48/4140.49/4147.04/4210.35/0/0/0/0/0/0/0/0/0/0/0,,,5225,1.2203373176083977e-11,2.0410156250000008e-11,-2.9489139617853384e-06,-19.376568904594524,0,0.0,14854,3.1583023091637326e-11,5.802343750000002e-11,9.330416587417904e-07,4.0358467880973633e-07,5.303300858899115e-07,4.137219443164479e-06,1,1,nan,0.20599668543862323,16,12/11/10/8/7/6/5/3/2/1/2/4/12/11/10/9,15,4030.3,1.0,,,1.6316085098786887e-09,,,,,,,,,,,,,,1,15515,69,318642570.60640013,217841688.27571312,1.462725399938636,1,-465853981.255725,-433347042.1774,-514300648.70738,-631172.384273,-102483304.589241,-1129365.963666,-452319983.94543,-1255372.048656,6074,1347213.891497,44112720.824221,67517582.675365,144561431.79389,-235545724.508512,-186539962.430954,-1.0358,1.1792,-0.4102,0.4807,0.0042,0.1977,3.3271,0.6029,0.0125,0.3508,0.7909,0.3338,325,2458,9241,,,
1140,0.000112031326,1434.62,4.040512482501092e-08,1.2064160156250006e-16,4.358398437500002e-18,23,12,12,11,12/11/10/8/7/6/5/3/1/2/4/9,0,70,2,0.0249023/0.346436/0.0446777/0.206543/0.338623/0.371826/0.36792/0.273193/0.783447/0.425049/0.474854/0.700928/0/0/0/0/0/0/0/0/0/0/0,229.222/905.717/500.76/306.41/239.32/251.764/248.884/302.089/4164.48/4140.49/4147.04/4210.34/0/0/0/0/0/0/0/0/0/0/0,,,5179,1.2093539207139163e-11,2.0230468750000008e-11,-2.944322863443451e-06,-19.303111331124324,0,0.0,14872,3.1690620795748833e-11,5.809375000000002e-11,9.319190599366482e-07,4.0358467880973633e-07,5.303300858899115e-07,4.137219443164479e-06,1,1,nan,0.2053897699838374,16,12/11/10/8/7/6/5/3/2/1/2/4/12/11/10/9,15,4036.1,1.0,,,1.6246568637836363e-09,,,,,,,,,,,,,,1,15296,70,317703773.4590483,217597218.36397916,1.460054387862711,1,-476892446.291762,-421827125.983068,-515450925.195144,-552073.849759,-85408473.537968,-1127328.622249,-452169059.118605,-1210034.416284,6090,1381272.166417,43958106.963096,73585828.161282,136565657.414649,-227684939.929849,-186115475.511592,-0.8664,1.0376,-0.3758,0.4471,0.0043,0.1836,3.3314,0.5726,0.0127,0.3074,0.7735,0.3354,309,2318,9150,,,
1160,0.000112031326,1464.77,4.040512482501092e-08,1.2067626953125005e-16,4.323730468750002e-18,23,12,12,11,12/11/10/8/7/6/5/3/1/2/4/9,0,70,2,0.0249023/0.345947/0.043457/0.204346/0.335449/0.371338/0.367676/0.27002/0.78833/0.426758/0.460205/0.685303/0/0/0/0/0/0/0/0/0/0/0,229.222/905.717/500.76/306.41/239.32/251.764/252.545/302.089/4164.48/4140.49/4147.04/4209.56/0/0/0/0/0/0/0/0/0/0/0,,,5144,1.2010629572317883e-11,2.0093750000000008e-11,-2.9463012455055823e-06,-19.33476544411843,0,0.0,14884,3.1782574207623773e-11,5.8140625000000024e-11,9.277537705922351e-07,4.0358467880973633e-07,5.303300858899115e-07,4.137219443164479e-06,1,1,nan,0.20430954677229987,16,12/11/10/8/7/6/5/3/2/1/2/4/12/11/10/9,15,4040.9,1.0,,,1.6192857267056758e-09,,,,,,,,,,,,,,1,15171,66,316032848.02536905,217523810.3886956,1.4528655389984508,1,-475713275.172366,-415506643.096979,-515567734.857831,-520115.486159,-75767550.984896,-1106940.592085,-451456773.293516,-1136446.438037,6062,1534562.08069,41797066.698012,73110001.827399,152420163.625949,-226362295.538386,-188230968.514908,-0.7429,0.9181,-0.3431,0.4121,0.0044,0.1725,3.0739,0.5376,0.0128,0.2945,0.758,0.3357,309,2273,9070,,,
1180,0.000112031326,1500.29,4.040512482501092e-08,1.2069775390625005e-16,4.302246093750002e-18,23,12,12,11,12/11/10/8/7/6/5/3/1/2/4/9,0,71,2,0.0249023/0.347412/0.0412598/0.201416/0.335449/0.37085/0.366943/0.269531/0.795166/0.424805/0.453857/0.670654/0/0/0/0/0/0/0/0/0/0/0,229.222/905.717/500.76/306.41/236.549/251.764/252.545/302.089/4164.48/4140.49/4147.04/4209.56/0/0/0/0/0/0/0/0/0/0/0,,,5122,1.19541440033377e-11,2.0007812500000008e-11,-2.9522152107259045e-06,-19.42938888764358,0,0.0,14862,3.177883969517175e-11,5.8054687500000023e-11,9.214576870444806e-07,4.0358467880973633e-07,5.303300858899115e-07,4.137219443164479e-06,1,1,nan,0.20327969552995695,16,12/11/10/8/7/6/5/3/2/1/2/4/12/11/10/9,15,4044.6,1.0,,,1.6151285098372276e-09,,,,,,,,,,,,,,1,15098,66,314439839.64028937,217506743.87097555,1.44565558770359,1,-474750846.81804,-408149194.705487,-515995384.180425,-535669.24942,-65530411.02471,-1091363.02794,-449979192.608794,-1101014.381487,6099,1390440.320823,41690856.674573,72715231.926358,142672064.803062,-226936956.946596,-187922301.629093,-0.7219,0.8762,-0.3264,0.3954,0.0043,0.1674,3.1065,0.5215,0.0127,0.2776,0.7489,0.3335,299,2234,8995,,,
1200,0.000112031326,1536.07,4.040512482501092e-08,1.2071435546875005e-16,4.285644531250002e-18,23,12,12,11,12/11/10/8/7/6/5/3/1/2/4/9,0,74,2,0.0244141/0.347656/0.0393066/0.198975/0.334961/0.370117/0.366211/0.267334/0.803223/0.422363/0.450439/0.660645/0/0/0/0/0/0/0/0/0/0/0,229.222/905.717/500.76/306.41/232.883/251.764/252.545/302.089/4173.25/4141.27/4147.04/4209.56/0/0/0/0/0/0/0/0/0/0/0,1-2:0.170595/2-4:1.33902/5-6:1.60713/6-7:1.57675/7-8:1.19744/7-9:0.39322/8-9:0.139854/8-10:1.16065/9-10:0.536711/10-11:1.83948/11-12:1.93813,1-2:-28.552/2-4:-24.599/5-6:-42.755/6-7:-46.716/7-8:-50.687/7-9:-50.529/8-9:-53.288/8-10:-54.65/9-10:-44.632/10-11:-56.258/11-12:-56.307,5100,1.1898977140446933e-11,1.9921875000000007e-11,-2.9533415139935128e-06,-19.447409739925313,0,0.0,14890,3.189580812065729e-11,5.8164062500000025e-11,9.179611503645578e-07,4.0358467880973633e-07,5.303300858899115e-07,4.137219443164479e-06,1,1,nan,0.20824872215812124,16,12/11/10/8/7/6/5/3/2/1/2/4/12/11/10/9,15,4048.2,1.0,,,1.611419259873577e-09,4,8/3/1/1,1/1/1/1,1,1,1,1.0,8/3/1/1,4982/772/306/354,4658/4162/348/348,6718/530/221/221,8/3/1/1,12/3/1/1,1,15049,69,322126096.41106486,217632923.56727678,1.4801349498550762,1,-465570083.35168,-405430167.817872,-516753603.283471,-579322.979594,-52711335.902449,-1097046.819531,-447995398.3538,-1082100.372915,6123,1297627.158528,43073905.435063,72181435.036758,136285593.603634,-227054551.088389,-187070902.60676,-0.7202,0.8699,-0.3144,0.3847,0.0043,0.1593,2.9669,0.5123,0.0127,0.2885,0.7414,0.3334,305,2204,8927,4343.8,618.7,361.3
1220,0.000122215992,1569.98,3.874598173989343e-08,1.2018237304687507e-16,4.8176269531250025e-18,23,13,13,12,12/11/10/8/7/6/5/3/1/2/4/9/13,0,75,2,0.0241699/0.349609/0.0388184/0.195313/0.334473/0.358887/0.292725/0.266602/0.689941/0.419189/0.448486/0.6521/0.747314/0/0/0/0/0/0/0/0/0/0,229.222/933.371/500.76/306.41/232.098/250.439/252.549/302.089/4173.25/4141.27/4147.04/4209.56/4459.34/0/0/0/0/0/0/0/0/0/0,,,5919,1.3786581724170655e-11,2.312109375000001e-11,-2.4973499187501097e-06,-12.151544216030866,0,0.0,15638,3.3251883385921105e-11,6.108593750000003e-11,1.4812006319664834e-06,5.007597940860395e-07,5.303300858899119e-07,4.114726030978262e-06,1,1,nan,0.2747336982634806,17,12/11/10/8/7/6/5/3/2/1/2/4/12/11/10/9/13,16,4140.1,1.0,,,1.8203144261435504e-09,,,,,,,,,,,,,,1,17237,71,443164823.045074,221283522.6776416,2.002701410762796,1,-470657022.121134,-403383771.146084,-507585510.389053,-651215.920712,-89722755.198629,-1463787.590614,-445631120.546471,-2132332.770006,6477,699839.059309,-448273.203289,64110408.445621,112418406.979294,-282459230.471521,-269518473.345353,-0.9003,0.9226,-0.3917,0.4013,0.0042,0.1502,3.2328,0.5149,0.0134,0.281,0.7703,0.3088,363,2673,10225,,,
1240,0.000122215992,1601.22,3.874598173989343e-08,1.2021313476562505e-16,4.786865234375002e-18,23,13,13,12,12/11/10/8/7/6/5/3/1/2/4/9/13,0,76,2,0.0241699/0.35376/0.0388184/0.191895/0.333252/0.358154/0.291992/0.265869/0.693359/0.416748/0.445801/0.641113/0.731934/0/0/0/0/0/0/0/0/0/0,229.222/933.371/500.76/306.41/232.098/249.662/252.549/302.089/4173.25/4141.27/4147.04/4208.9/4460.12/0/0/0/0/0/0/0/0/0/0,,,5884,1.3693121673465457e-11,2.298437500000001e-11,-2.497265616918156e-06,-12.15019538671961,0,0.0,15744,3.3569597869988896e-11,6.150000000000002e-11,1.480419415714245e-06,5.007597940860395e-07,5.303300858899119e-07,4.114726030978262e-06,1,1,nan,0.2842193274280125,17,12/11/10/8/7/6/5/3/2/1/2/4/12/11/10/9/13,16,4135.5,1.0,,,1.814228953749868e-09,,,,,,,,,,,,,,1,17107,72,458465811.59049606,221446397.0966934,2.0703240946851325,1,-473969402.712192,-398077964.359622,-507412252.475028,-597659.354045,-82608472.929638,-1464299.411524,-444402886.569534,-2200761.713926,6512,803768.145524,-442042.907033,85758487.826722,107495063.975861,-278862339.673158,-267343985.546803,-0.8574,0.8963,-0.3697,0.3788,0.0041,0.1536,3.1794,0.4904,0.0133,0.2773,0.7623,0.3076,357,2625,10118,,,
1260,0.000122215992,1634.66,3.874598173989343e-08,1.2023974609375005e-16,4.760253906250002e-18,23,13,13,12,12/11/10/8/7/6/5/3/1/2/4/9/13,0,74,2,0.0241699/0.355469/0.0380859/0.188232/0.333008/0.357422/0.291992/0.264648/0.697021/0.414795/0.444336/0.632568/0.718506/0/0/0/0/0/0/0/0/0/0,229.222/954.47/500.76/306.41/232.098/249.662/252.549/302.089/4173.25/4141.27/4147.04/4208.9/4460.12/0/0/0/0/0/0/0/0/0/0,,,5869,1.3660603322568273e-11,2.2925781250000008e-11,-2.4970155986432267e-06,-12.146195094320737,0,0.0,15742,3.3618892692946954e-11,6.149218750000002e-11,1.4807805797896558e-06,5.007597940860395e-07,5.303300858899119e-07,4.114726030978262e-06,1,1,nan,0.20281857124403038,18,12/11/10/8/7/6/5/3/2/1/2/4/2/12/11/10/9/13,17,4132.8,1.0,,,1.8086996994741663e-09,,,,,,,,,,,,,,1,17009,70,327160653.4026815,221547622.9805652,1.4767057709817135,1,-468456219.842081,-393695609.671207,-508415396.750836,-542038.46442,-80563386.482507,-1468403.630406,-439492898.355346,-2041744.451995,6534,812114.199797,-446342.603885,60702722.72593,140533035.426074,-282251341.953735,-264395738.333726,-0.7803,0.8205,-0.3634,0.3726,0.0041,0.1485,3.1781,0.4806,0.0132,0.2535,0.765,0.3053,355,2609,10007,,,
1280,0.000122215992,1667.76,3.874598173989343e-08,1.2026416015625005e-16,4.735839843750002e-18,23,13,13,12,12/11/10/8/7/6/5/3/1/2/4/9/13,0,72,2,0.0241699/0.355957/0.0375977/0.186523/0.332031/0.356689/0.29126/0.26416/0.701904/0.41333/0.443359/0.620361/0.708496/0/0/0/0/0/0/0/0/0/0,229.222/954.47/500.76/306.41/232.098/249.662/252.549/302.089/4173.25/4141.27/4147.04/4208.9/4460.12/0/0/0/0/0/0/0/0/0/0,,,5858,1.3632360410216751e-11,2.2882812500000007e-11,-2.49630259012823e-06,-12.134786958080793,0,0.0,15776,3.3722493365256145e-11,6.162500000000002e-11,1.4809924485227216e-06,5.007597940860395e-07,5.303300858899119e-07,4.114726030978262e-06,1,1,nan,0.205341324888444,18,12/11/10/8/7/6/5/3/2/1/2/4/2/12/11/10/9/13,17,4132.8,1.0,,,1.803532332979062e-09,,,,,,,,,,,,,,1,16917,68,331230032.87625694,221573623.15487486,1.4948983013412873,1,-468079373.291332,-388026442.590214,-509306871.878544,-540119.51903,-78727327.652943,-1467017.251744,-435644111.13885,-1978454.253562,6595,729157.784079,-418474.554873,58348041.193492,129108738.160151,-295481663.291684,-261048510.459123,-0.8354,0.8551,-0.3659,0.3757,0.0041,0.1424,3.2654,0.482,0.0132,0.2573,0.7694,0.3028,342,2576,9893,,,
1300,0.000122215992,1706.19,3.874598173989343e-08,1.2029028320312506e-16,4.709716796875002e-18,23,13,13,12,12/11/10/8/7/6/5/3/1/2/4/9/13,0,74,2,0.0241699/0.357666/0.0373535/0.184326/0.330078/0.356201/0.290283/0.263428/0.706055/0.410889/0.441162/0.610107/0.697998/0/0/0/0/0/0/0/0/0/0,229.222/954.47/473.106/306.41/232.098/249.662/252.549/302.089/4173.25/4141.27/4148.49/4208.9/4460.12/0/0/0/0/0/0/0/0/0/0,1-2:0.16582/2-4:1.29514/5-6:1.58366/6-7:1.19612/6-13:0.346875/7-8:1.16747/7-9:0.00914124/7-13:0.119114/8-9:0.129484/8-10:1.14328/8-13:0.0120982/9-10:0.536711/9-13:2.18691/10-11:1.79255/11-12:1.88073,1-2:-28.552/2-4:-24.586/5-6:-42.76/6-7:-46.711/6-13:-46.35/7-8:-50.691/7-9:-50.859/7-13:-49.281/8-9:-53.382/8-10:-54.65/8-13:-51.568/9-10:-44.638/9-13:-1.477/10-11:-56.218/11-12:-56.404,5829,1.35650949397706e-11,2.2769531250000008e-11,-2.4946496078544477e-06,-12.108339241700275,0,0.0,15812,3.3824276213946355e-11,6.176562500000002e-11,1.4825876659690934e-06,4.731058339594512e-07,5.303300858899119e-07,4.114726030978262e-06,1,1,nan,0.20772090039701324,18,12/11/10/8/7/6/5/3/2/1/2/4/2/12/11/10/9/13,17,4130.5,1.0,,,1.7988877946706367e-09,5,9/3/1/1/1,1/1/1/1/1,1,1,1,1.0,9/3/1/1/1,5231/772/306/354/236,5851/4162/348/348/258,6983/530/221/221/177,9/3/1/1/1,13/3/1/1/1,1,16813,68,335068455.9231674,221668999.59007102,1.5115711107227632,1,-468187765.082358,-383506530.488,-509394697.945048,-527716.725931,-70670983.871455,-1459062.474982,-432064221.378468,-2118218.789033,6679,836295.476543,-398381.777013,63155606.323834,132210553.679516,-286316934.780486,-258352082.187423,-0.8351,0.8571,-0.3428,0.3522,0.004,0.1452,3.1723,0.4572,0.0132,0.2655,0.7594,0.2995,339,2519,9764,3384.6,618.7,352.3
1320,0.000132400657,1742.92,3.721772198705095e-08,1.1953759765625005e-16,5.462402343750002e-18,23,14,14,13,12/11/10/8/7/6/5/3/1/2/4/14/9/13,0,74,2,0.0241699/0.361328/0.0380859/0.182373/0.328125/0.355957/0.289551/0.263428/0.709229/0.409424/0.438477/0.602783/0.689209/0.770264/0/0/0/0/0/0/0/0/0,229.222/954.47/473.106/306.41/231.442/249.662/252.549/302.089/4173.25/4141.27/4148.49/4208.9/4466.67/4238.65/0/0/0/0/0/0/0/0/0,,,5809,1.3517341195886772e-11,2.269140625000001e-11,-2.49355763736357e-06,-12.09086771384623,0,0.0,18978,4.070454691154564e-11,7.413281250000002e-11,1.4835546236413775e-06,7.137878392857277e-07,5.303300858899119e-07,4.0615533453905794e-06,1,1,nan,0.1983117939421823,19,12/11/10/8/7/6/5/3/14/1/2/4/2/12/14/11/10/9/13,18,4132.0,1.0,,,1.9317281624869996e-09,,,,,,,,,,,,,,1,16729,71,333026484.6864827,246086649.57914415,1.3532895232472892,1,-430315454.266474,-349507564.170653,-474683289.611144,-518075.661362,-48776878.271639,-1492587.103183,-402866363.856097,-2607734.400491,7524,7216559.134574,7760800.591195,126751729.774134,134764345.516804,-239113196.143252,-242506660.796428,-0.6605,0.8801,-0.2482,0.2815,0.0035,0.1286,2.2687,0.3425,0.0085,0.3825,0.8105,0.4009,400,3150,11301,,,
1340,0.000132400657,1776.05,3.721772198705095e-08,1.1954663085937507e-16,5.453369140625002e-18,23,14,14,13,12/11/10/8/7/6/5/3/1/2/4/14/9/13,0,74,2,0.0241699/0.362305/0.0383301/0.181396/0.327393/0.354492/0.289307/0.261719/0.712646/0.407959/0.436035/0.596191/0.679688/0.781738/0/0/0/0/0/0/0/0/0,229.222/954.47/473.106/306.41/231.44/249.662/252.549/302.089/4173.25/4134.72/4148.49/4208.9/4466.67/4238.65/0/0/0/0/0/0/0/0/0,,,5785,1.3457399137613625e-11,2.2597656250000007e-11,-2.4927573065349204e-06,-12.078062420587836,0,0.0,19068,4.0965595645796795e-11,7.448437500000002e-11,1.484213750675518e-06,7.137878392857277e-07,5.303300858899119e-07,4.0615533453905794e-06,1,1,nan,0.1999465677125058,19,12/11/10/8/7/6/5/3/14/1/2/4/2/12/14/11/10/9/13,18,4131.3,1.0,,,1.9301522568771352e-09,,,,,,,,,,,,,,1,16644,72,335771772.5544712,239892789.27856377,1.399674302692661,1,-432743782.869428,-344373267.679515,-474389068.659901,-518565.745972,-42620573.124914,-1480979.05163,-399303911.759197,-2472991.789486,7618,2377214.459175,14642784.783007,114219318.352394,169719978.767512,-246346576.572146,-235212329.670879,-0.6877,0.8119,-0.2304,0.2703,0.0034,0.1257,2.274,0.3285,0.0084,0.351,0.8111,0.3998,396,3128,11195,,,
1360,0.000132400657,1811.12,3.721772198705095e-08,1.1955468750000006e-16,5.445312500000002e-18,23,14,14,13,12/11/10/8/7/6/5/3/1/2/4/14/9/13,0,75,2,0.0239258/0.362549/0.0378418/0.179199/0.327148/0.354004/0.289307/0.261475/0.716064/0.406006/0.434326/0.588135/0.670898/0.794434/0/0/0/0/0/0/0/0/0,229.222/954.47/473.106/306.41/231.446/249.662/252.549/302.089/4173.25/4134.72/4148.48/4208.12/4466.67/4238.65/0/0/0/0/0/0/0/0/0,,,5771,1.3423971235599799e-11,2.254296875000001e-11,-2.4920990909053987e-06,-12.06753097051549,0,0.0,19068,4.099988430562739e-11,7.448437500000002e-11,1.4851483210924035e-06,7.137878392857277e-07,5.303300858899119e-07,4.0615533453905794e-06,1,1,nan,0.24662801366426365,19,12/11/10/8/7/6/5/3/14/1/2/4/2/12/14/11/10/9/13,18,4130.8,1.0,,,1.9289457330015785e-09,,,,,,,,,,,,,,1,16571,70,414164275.2713214,236293841.90220422,1.7527510320930542,1,-441283321.869136,-337989248.925248,-474409976.309423,-535407.797216,-36599012.334672,-1473730.934726,-396436394.961904,-2310827.02414,7666,2297921.708766,21474693.485173,120686357.90158,164749125.652521,-245329970.032705,-229323440.985391,-0.7576,0.8943,-0.2139,0.2609,0.0034,0.1266,2.4951,0.3165,0.0085,0.3529,0.812,0.3989,391,3139,11109,,,
1380,0.000152769989,1850.96,3.449643283398588e-08,1.1808618164062505e-16,6.913818359375003e-18,23,16,14,13,12/11/10/8/7/6/5/3/1/2/4/16/9/13,0,76,2,0.0236816/0.364258/0.0388184/0.177734/0.325195/0.353516/0.288818/0.260986/0.717773/0.404541/0.395508/0.555908/0.665283/0.806152/0.779053/0.756592/0/0/0/0/0/0/0,229.222/954.47/473.106/306.41/231.446/249.662/249.544/302.089/4173.25/4134.72/4148.48/4208.12/4466.67/4238.65/4238.66/4170.37/0/0/0/0/0/0/0,,,6160,1.4149033881142491e-11,2.406250000000001e-11,-2.36277804815009e-06,-9.998394286430552,0,0.0,24270,5.253841035385377e-11,9.480468750000003e-11,1.5523491365655924e-06,2.544593651468312e-06,5.745242597140708e-07,4.0615533453905794e-06,1,1,nan,0.22099917266803154,19,12/11/10/8/7/6/5/3/15/1/2/4/2/12/16/11/10/9/13,18,4154.8,1.0,,,2.2064504446284584e-09,,,,,,,,,,,,,,1,25836,72,400402220.08531713,267151442.75364214,1.4987836710077374,1,-423299335.84314,-297347821.537835,-395180737.534146,-457139.954416,-588853.223879,-720233.411705,-383319471.737123,-1391330.425452,9088,62755849.569929,78627923.609009,157125561.754311,164971278.683544,-205104844.369358,-192297139.398101,-0.2476,0.934,-0.0728,0.2108,0.0037,0.1167,2.04,0.2523,0.0068,0.4522,0.8233,0.5331,502,4477,14255,,,
1400,0.000152769989,1892.79,3.449643283398588e-08,1.1806103515625005e-16,6.938964843750003e-18,23,16,14,13,12/11/10/8/7/6/5/3/1/2/4/16/9/13,0,75,2,0.0236816/0.365479/0.0397949/0.177002/0.324463/0.353516/0.288818/0.260498/0.718506/0.403809/0.395508/0.552734/0.657227/0.822021/0.80249/0.753418/0/0/0/0/0/0/0,229.222/954.47/500.76/306.41/231.446/249.662/249.544/253.997/4173.25/4134.72/4148.48/4208.12/4466.67/4238.66/4238.66/4170.37/0/0/0/0/0/0/0,1-2:0.16582/2-4:1.28254/5-6:1.56151/6-7:1.18616/6-13:0.335596/7-8:1.16138/7-9:0.00914124/7-13:0.120843/8-9:0.129484/8-10:1.13027/8-13:0.0103699/9-10:0.531935/9-13:2.13306/10-11:1.75475/10-16:0.0065037/11-12:1.59989/11-16:0.314586/12-16:0.225082/14-16:0.191842/15-16:0.290356,1-2:-28.552/2-4:-24.574/5-6:-42.763/6-7:-46.709/6-13:-46.352/7-8:-50.694/7-9:-50.859/7-13:-49.344/8-9:-53.382/8-10:-54.651/8-13:-51.647/9-10:-44.567/9-13:-1.3177/10-11:-56.347/10-16:2.9181/11-12:-62.263/11-16:-41.585/12-16:-15.402/14-16:-0.30013/15-16:-0.046627,6160,1.4141121261021697e-11,2.406250000000001e-11,-2.3588478184067315e-06,-9.935510610536815,0,0.0,24392,5.288641569878125e-11,9.528125000000004e-11,1.5532519892043012e-06,2.544593651468312e-06,5.745242597140708e-07,4.0615533453905794e-06,1,1,nan,0.20013040182437894,19,12/11/10/8/7/6/5/3/15/1/2/4/2/12/16/11/10/9/13,18,4154.9,1.0,,,2.207356258977813e-09,5,12/3/1/1/1,1/1/1/1/1,1,1,1,1.0,12/3/1/1/1,5237/772/306/354/236,5820/4266/348/348/288,6983/530/221/221/177,11/3/1/1/1,15/3/1/1/1,1,25933,72,362592566.43198943,263147154.06121743,1.3779079911601,1,-429607331.017951,-290886910.220328,-394546507.346746,-520131.934416,-556806.551885,-702114.051063,-380654504.802796,-1331295.91117,9253,47101677.557811,83210850.085594,159796341.898415,168823736.130603,-220707338.208086,-187559801.153584,-0.4194,0.872,-0.0592,0.2097,0.0037,0.1145,1.9329,0.2496,0.0068,0.4451,0.8279,0.532,492,4498,14174,3126.9,618.7,366.8
1420,0.000152769989,1934.54,3.449643283398588e-08,1.1805273437500007e-16,6.947265625000003e-18,23,16,14,13,12/11/10/8/7/6/5/3/1/2/4/16/9/13,0,76,2,0.0231934/0.367188/0.0397949/0.174561/0.323975/0.352539/0.287842/0.260498/0.720703/0.402588/0.394531/0.549072/0.651123/0.830566/0.816895/0.752197/0/0/0/0/0/0/0,229.222/982.124/473.106/304.966/225.558/249.662/249.544/253.997/4173.25/4134.72/4148.48/4208.12/4466.67/4238.66/4238.66/4170.37/0/0/0/0/0/0/0,,,6139,1.408372639664773e-11,2.3980468750000008e-11,-2.357123753764694e-06,-9.907925576264216,0,0.0,24440,5.3074875600651586e-11,9.546875000000004e-11,1.5541056670461233e-06,2.5584196086401662e-06,5.745242597140708e-07,4.0615533453905794e-06,1,1,nan,0.24650774740520515,21,12/11/10/8/7/6/5/3/15/1/2/4/2/12/16/14/16/11/10/9/13,20,4155.7,1.0,,,2.208108517577707e-09,,,,,,,,,,,,,,1,25970,73,446618184.7546455,261426223.10813692,1.708390915971369,1,-430873289.936999,-285520046.436294,-393968131.374951,-543369.474733,-516546.767814,-688620.013263,-377160412.688419,-1290496.12215,9360,36663627.898626,86357791.105423,137982016.707691,177852554.720917,-232179854.908693,-184242676.763281,-0.4157,0.8339,-0.049,0.209,0.0037,0.1111,1.9072,0.2485,0.0068,0.4307,0.8284,0.5321,476,4492,14128,,,
1440,0.000173139321,1984.85,3.21459798355071e-08,1.1802539062500006e-16,6.974609375000003e-18,23,16,14,13,12/11/10/8/7/6/5/3/1/2/4/16/9/13,0,75,2,0.0234375/0.372314/0.0412598/0.174805/0.322998/0.352295/0.286621/0.260498/0.722656/0.401855/0.394531/0.547607/0.64624/0.842041/0.830566/0.754883/0/0/0/0/0/0/0,229.222/982.124/473.106/304.966/225.558/249.662/249.544/254.775/4173.25/4134.59/4148.48/4208.12/4466.67/4238.66/4238.66/4170.37/0/0/0/0/0/0/0,,,6139,1.4071857402535821e-11,2.3980468750000008e-11,-2.3491212452017463e-06,-9.77988543925705,0,0.0,24538,5.337085291390246e-11,9.585156250000004e-11,1.5579844639563108e-06,2.5583565705136346e-06,5.745242597140708e-07,4.046213708689846e-06,1,1,nan,0.18805509356575775,21,12/11/10/8/7/6/5/3/15/1/2/4/2/12/16/14/16/11/10/9/13,20,4156.1,1.0,,,2.211940932877895e-09,,,,,,,,,,,,,,1,26051,77,365627161.0945734,280143343.84377366,1.3051431316478863,1,-434686014.945332,-282973870.304373,-393319984.798407,-462593.370535,343297.179315,-639108.644843,-373337184.308124,-900104.517227,9484,43812308.536538,108541274.524335,142176439.993643,200981180.676866,-242890974.63223,-182244618.017704,-0.2813,0.7273,0.0062,0.2032,0.0036,0.1012,1.7494,0.2418,0.0066,0.4087,0.8283,0.5338,460,4490,14133,,,
1460,0.000173139321,2031.29,3.21459798355071e-08,1.1799316406250004e-16,7.006835937500003e-18,23,16,14,13,12/11/10/8/7/6/5/3/1/2/4/16/9/13,0,77,2,0.0234375/0.377441/0.041748/0.173828/0.322266/0.352295/0.286377/0.26001/0.724854/0.400635/0.394775/0.547119/0.643799/0.857422/0.844238/0.756592/0/0/0/0/0/0/0,229.222/982.124/473.106/293.304/225.558/249.662/249.544/254.775/4173.25/4134.59/4148.48/4208.12/4487.77/4238.66/4238.66/4170.37/0/0/0/0/0/0/0,,,6144,1.4069948849191462e-11,2.4000000000000008e-11,-2.3404242651967182e-06,-9.640733759176602,0,0.0,24658,5.371540202525984e-11,9.632031250000003e-11,1.5618932650144039e-06,2.5583565705136346e-06,5.966213466261501e-07,4.046213708689846e-06,1,1,nan,0.1899044198473141,21,12/11/10/8/7/6/5/3/15/1/2/4/2/12/16/14/16/11/10/9/13,20,4157.6,1.0,,,2.215391734940479e-09,,,,,,,,,,,,,,1,26164,77,369222723.99819976,277877385.4010437,1.3287253421696148,1,-432680358.983101,-282104119.313006,-392566219.602549,-455944.988054,738066.788324,-609541.482061,-369870733.496288,-866055.34625,9642,42734517.458924,110185691.974565,135133010.132953,210213491.361002,-244247023.634601,-180097141.167931,-0.2641,0.7143,0.007,0.2056,0.0036,0.0966,1.6926,0.2431,0.0066,0.4149,0.8338,0.5352,470,4465,14116,,,
1480,0.000173139321,2072.67,3.21459798355071e-08,1.1796777343750005e-16,7.032226562500003e-18,23,16,14,13,12/11/10/8/7/6/5/3/1/2/4/16/9/13,0,77,2,0.0234375/0.380371/0.0422363/0.174561/0.320313/0.352295/0.285645/0.259277/0.72583/0.399414/0.394043/0.544678/0.640869/0.868896/0.862061/0.758301/0/0/0/0/0/0/0,229.222/982.122/473.106/293.304/225.558/249.662/249.544/254.775/4173.25/4134.59/4148.48/4208.12/4487.77/4241.67/4238.66/4171.8/0/0/0/0/0/0/0,,,6138,1.4046391297526956e-11,2.397656250000001e-11,-2.3350945996793207e-06,-9.555459110898243,0,0.0,24718,5.3924601630056525e-11,9.655468750000004e-11,1.5643453922129048e-06,2.558355547622195e-06,5.966213466261501e-07,4.046213708689846e-06,1,1,nan,0.19121936725989633,21,12/11/10/8/7/6/5/3/15/1/2/4/2/13/12/14/16/11/10/9/13,20,4157.9,1.0,,,2.21840615731772e-09,,,,,,,,,,,,,,1,26252,78,371779317.8151228,277129719.1826672,1.3415353608108276,1,-434189258.777442,-281732890.00158,-391823229.284168,-468758.106248,750111.588907,-571015.354338,-367085158.59774,-825581.361648,9761,45781143.042212,112038419.152976,119059193.924983,205343368.824023,-244086276.892934,-178424372.985088,-0.2234,0.6734,0.0115,0.2012,0.0036,0.0964,1.6104,0.2389,0.0066,0.4104,0.8297,0.5366,480,4438,14117,,,
1500,0.000173139321,2120.45,3.21459798355071e-08,1.1795043945312506e-16,7.049560546875002e-18,23,16,14,13,12/11/10/8/7/6/5/3/1/2/4/16/9/13,0,79,2,0.0234375/0.383057/0.0429688/0.174072/0.319092/0.351318/0.284912/0.259277/0.726318/0.398926/0.393311/0.543457/0.637695/0.878174/0.875/0.758545/0/0/0/0/0/0/0,229.222/1076.74/473.106/293.304/225.556/249.662/249.544/254.775/4173.25/4134.59/4148.48/4207.46/4515.42/4241.67/4238.66/4171.8/0/0/0/0/0/0/0,1-2:0.16582/2-4:1.2417/5-6:1.55633/6-7:1.17488/6-13:0.315585/7-8:1.13791/7-9:0.00914124/7-13:0.113929/8-9:0.129484/8-10:1.10721/8-13:0.0103699/9-10:0.522385/9-13:2.1105/10-11:1.74175/10-16:0.00477545/11-12:1.5938/11-16:0.290709/12-16:0.197748/14-16:0.274801/15-16:0.331835,1-2:-28.552/2-4:-24.561/5-6:-42.761/6-7:-46.709/6-13:-46.352/7-8:-50.697/7-9:-50.859/7-13:-49.42/8-9:-53.382/8-10:-54.657/8-13:-51.647/9-10:-44.567/9-13:-1.3633/10-11:-56.323/10-16:2.9181/11-12:-62.264/11-16:-41.55/12-16:-17.037/14-16:-0.29657/15-16:-0.093227,6135,1.403065614770359e-11,2.396484375000001e-11,-2.329860821062578e-06,-9.471718653030358,0,0.0,24810,5.421284484182447e-11,9.691406250000003e-11,1.567184706549613e-06,2.6056622440306687e-06,5.966213466261501e-07,4.061553345390579e-06,1,1,nan,0.19182098557078675,22,12/11/10/8/7/6/5/3/15/1/2/4/2/2/13/12/14/16/11/10/9/13,21,4158.5,1.0,,,2.2214891463224047e-09,5,12/3/1/1/1,1/1/1/1/1,1,1,1,1.0,12/3/1/1/1,5237/759/263/306/354,5851/4266/319/348/348,6983/619/221/221/221,12/3/1/1/1,16/3/1/1/1,1,26312,81,372949017.56056714,275000454.2508872,1.3561760055142307,1,-437544293.394238,-283409086.59628,-391233902.591206,-460127.248265,350928.152388,-553543.460219,-361754470.386688,-767511.404494,9949,43477635.454857,112717835.414799,151735154.283816,210322718.7735,-244049487.385429,-177858195.427514,-0.2197,0.6649,0.006,0.2022,0.0036,0.0944,1.6471,0.2404,0.0066,0.3958,0.8286,0.5373,480,4352,14091,3080.9,618.7,366.8
1520,0.000173139321,2165.28,3.21459798355071e-08,1.1792895507812505e-16,7.071044921875003e-18,23,16,14,13,12/11/10/8/7/6/5/3/1/2/4/16/9/13,0,78,2,0.0234375/0.386475/0.0441895/0.173828/0.318359/0.351563/0.284668/0.257568/0.727295/0.397949/0.393066/0.541992/0.635742/0.888184/0.88623/0.760498/0/0/0/0/0/0/0,229.222/1076.74/473.106/293.304/225.556/249.662/249.544/254.775/4173.25/4134.59/4148.48/4207.46/4515.42/4241.67/4238.66/4171.8/0/0/0/0/0/0/0,,,6130,1.4014101920766096e-11,2.394531250000001e-11,-2.323513762934642e-06,-9.370165722983383,0,0.0,24868,5.440012479346205e-11,9.714062500000003e-11,1.5707710804120868e-06,2.6056622440306687e-06,5.966213466261501e-07,4.061553345390579e-06,1,1,nan,0.19216016744744513,22,12/11/10/8/7/6/5/3/15/1/2/4/2/2/13/12/14/16/11/10/9/13,21,4159.5,1.0,,,2.2245761229975924e-09,,,,,,,,,,,,,,1,26382,84,373608473.80982834,273027336.34621453,1.368392186693244,1,-437597438.299705,-286289510.896047,-390300859.307316,-445758.501798,-81039.362844,-515793.426119,-357286397.400023,-715222.404716,10128,43723080.34502,111670648.760724,139482063.952148,211188871.955319,-244977234.881451,-179071940.785418,-0.1789,0.6294,0.0008,0.2012,0.0036,0.0937,1.5411,0.2402,0.0066,0.3996,0.825,0.5386,488,4268,14079,,,
1540,0.000183323987,2211.26,3.108690918802771e-08,1.1789892578125005e-16,7.101074218750003e-18,23,16,14,13,12/11/10/8/7/6/5/3/1/2/4/16/9/13,0,79,2,0.0229492/0.390381/0.045166/0.174072/0.318115/0.35083/0.284668/0.257568/0.727539/0.396729/0.393066/0.543213/0.633301/0.900879/0.901123/0.761475/0/0/0/0/0/0/0,229.222/1076.74/473.106/293.304/225.556/249.662/253.989/254.775/4173.25/4134.59/4148.48/4208.9/4515.42/4241.67/4266.31/4171.8/0/0/0/0/0/0/0,,,6145,1.4040026357631904e-11,2.400390625000001e-11,-2.316932231314011e-06,-9.264861217053289,0,0.0,24992,5.4756862474931615e-11,9.762500000000004e-11,1.573428902761148e-06,2.6056622440306687e-06,6.187184335382292e-07,4.076892982091312e-06,1,1,nan,0.1908718119613086,22,12/11/10/8/7/6/5/3/15/1/2/4/2/2/13/12/14/16/11/10/9/13,21,4160.3,1.0,,,2.22891890424133e-09,,,,,,,,,,,,,,1,26487,87,383746360.0973271,280626937.57175493,1.3674608838975233,1,-434579470.644041,-292741158.583154,-389061681.372077,-400679.778342,195040.275822,-429235.045499,-351814433.266831,-555589.025592,10381,46049903.760894,118906271.761824,166449709.747068,226052587.625646,-251754033.205381,-181459553.391974,-0.1106,0.6049,0.018,0.1917,0.0036,0.0926,1.4527,0.2319,0.0066,0.4073,0.8127,0.5413,496,4110,14089,,,
1560,0.000183323987,2254.15,3.108690918802771e-08,1.1786352539062505e-16,7.136474609375004e-18,23,16,14,13,12/11/10/8/7/6/5/3/1/2/4/16/9/13,0,79,2,0.0227051/0.396729/0.046875/0.175049/0.317627/0.35083/0.28418/0.256836/0.729004/0.39624/0.393555/0.545166/0.629395/0.914551/0.914063/0.763672/0/0/0/0/0/0/0,229.222/1104.39/473.106/293.304/225.556/249.662/253.989/254.775/4173.25/4134.59/4148.48/4208.9/4515.42/4269.31/4266.31/4171.8/0/0/0/0/0/0/0,,,6152,1.4046849501522466e-11,2.403125000000001e-11,-2.310657899201061e-06,-9.164471903246088,0,0.0,25206,5.5335084895018346e-11,9.846093750000004e-11,1.5759001658139143e-06,2.6194882012025226e-06,6.187184335382295e-07,4.076892982091312e-06,1,1,nan,0.20214043632275575,22,12/11/10/8/7/6/5/3/15/1/2/4/2/2/13/12/14/16/11/10/9/13,21,4159.0,1.0,,,2.2334048417779546e-09,,,,,,,,,,,,,,1,26596,85,406401845.669424,280355784.2221452,1.4495932259681998,1,-429848705.125882,-296621652.782321,-388233173.772662,-382389.965304,-67049.708265,-400263.39236,-346333603.251366,-517357.36217,10653,41827557.354076,119250544.135317,159216283.480565,229386847.421621,-255843236.198377,-180787177.643178,-0.1147,0.5887,0.0124,0.1929,0.0036,0.0931,1.3731,0.2332,0.0066,0.4198,0.8133,0.5431,505,3959,14101,,,
1580,0.000183323987,2299.0,3.108690918802771e-08,1.1783032226562506e-16,7.169677734375004e-18,23,16,14,13,12/11/10/8/7/6/5/3/1/2/4/16/9/13,0,80,2,0.0224609/0.401611/0.048584/0.175049/0.317383/0.350586/0.28418/0.25708/0.730469/0.395752/0.394287/0.545166/0.628418/0.928711/0.926025/0.763916/0/0/0/0/0/0/0,229.222/1132.04/530.498/293.304/224.897/249.662/253.991/254.775/4179.8/4134.59/4148.48/4208.9/4536.52/4269.31/4266.31/4171.8/0/0/0/0/0/0/0,,,6163,1.4061904330088373e-11,2.4074218750000008e-11,-2.3030974216204634e-06,-9.043504261956524,0,0.0,25342,5.5691463237706455e-11,9.899218750000004e-11,1.5791952073528635e-06,2.6333151812658165e-06,6.187184335382297e-07,4.076892982091312e-06,1,1,nan,0.20036209371080654,22,12/11/10/8/7/6/5/3/15/1/2/4/2/2/13/12/14/16/11/10/9/13,21,4158.6,1.0,,,2.237691728684437e-09,,,,,,,,,,,,,,1,26706,88,402826501.058142,278062329.07339567,1.4486913865697153,1,-427710024.061257,-300486791.216966,-387621604.60571,-367752.74468,-255773.491486,-380229.115892,-340543439.945061,-445864.1819,10920,41658500.66886,116518077.976913,163014269.258749,222082231.40356,-254705249.344975,-183148151.671877,-0.1156,0.6137,0.0059,0.1911,0.0036,0.0915,1.3941,0.2321,0.0066,0.4319,0.8092,0.5442,521,3811,14109,,,
1600,0.000183323987,2352.97,3.108690918802771e-08,1.1780468750000005e-16,7.195312500000003e-18,23,16,14,13,12/11/10/8/7/6/5/3/1/2/4/16/9/13,0,79,2,0.0222168/0.406494/0.048584/0.175537/0.317627/0.350342/0.28418/0.25708/0.731445/0.395752/0.39502/0.546387/0.625977/0.937012/0.936523/0.765137/0/0/0/0/0/0/0,229.222/1132.04/530.498/293.304/224.897/249.662/253.991/254.775/4179.8/4134.59/4148.48/4208.9/4536.52/4293.96/4266.31/4171.8/0/0/0/0/0/0/0,1-2:0.162773/2-4:1.24129/5-6:1.55287/6-7:1.17143/6-13:0.307763/7-8:1.12236/7-9:0.00914124/7-13:0.112201/8-9:0.124299/8-10:1.10721/8-13:0.0103699/9-10:0.505421/9-13:2.09526/10-11:1.73524/11-12:1.60335/11-16:0.273336/12-16:0.19602/14-16:0.37768/15-16:0.362945,1-2:-28.552/2-4:-24.555/5-6:-42.759/6-7:-46.707/6-13:-46.384/7-8:-50.698/7-9:-50.859/7-13:-49.356/8-9:-53.407/8-10:-54.66/8-13:-51.647/9-10:-44.493/9-13:-1.2554/10-11:-56.641/11-12:-62.268/11-16:-42.286/12-16:-15.997/14-16:-0.15652/15-16:-0.07625,6169,1.4070955475462137e-11,2.409765625000001e-11,-2.297649541558462e-06,-8.956338180964499,0,0.0,25412,5.589948340371611e-11,9.926562500000004e-11,1.5814020061762054e-06,2.6333151812658165e-06,6.187184335382299e-07,4.076892982091312e-06,1,1,nan,0.1928718733309743,22,12/11/10/8/7/6/5/3/15/1/2/4/2/13/2/13/12/14/11/10/9/13,21,4159.0,1.0,,,2.2420122583477646e-09,5,12/3/1/1/1,1/1/1/1/1,1,1,1,1.0,12/3/1/1/1,5238/751/291/306/382,5851/4266/319/348/348,6983/619/221/221/221,11/3/1/1/1,15/3/1/1/1,1,26789,90,387767468.62400717,277318094.39546883,1.3982768397039116,2,-421017286.439207,-306260442.556358,-386792705.384269,-251022.686791,-404552.430776,-371586.029344,-336484961.539214,-382369.087354,11159,63018744.850778,110889606.597686,169887079.769011,231348334.10867,-230774598.253991,-188166993.677523,-0.0709,0.611,-0.0014,0.1854,0.0037,0.091,1.2965,0.2273,0.0066,0.463,0.8004,0.5463,540,3667,14100,3037.0,618.7,366.9
1620,0.000183323987,2399.68,3.108690918802771e-08,1.1777319335937504e-16,7.226806640625004e-18,23,16,14,13,12/11/10/8/7/6/5/3/1/2/4/16/9/13,0,79,2,0.0222168/0.411865/0.0500488/0.175293/0.317139/0.349854/0.283447/0.256836/0.733643/0.395752/0.39502/0.545654/0.626709/0.94751/0.947998/0.767822/0/0/0/0/0/0/0,229.222/1132.04/530.498/293.304/221.23/249.662/253.991/254.775/4179.8/4134.59/4148.48/4208.9/4536.52/4293.96/4266.31/4171.8/0/0/0/0/0/0/0,,,6173,1.4072593629690394e-11,2.411328125000001e-11,-2.2946552915697173e-06,-8.908430181144587,0,0.0,25572,5.6310527190259675e-11,9.989062500000003e-11,1.582818378672559e-06,2.6333151812658165e-06,6.187184335382299e-07,4.076892982091312e-06,1,1,nan,0.19339738420550143,20,12/11/10/8/7/6/5/3/15/1/2/4/2/13/12/14/11/10/9/13,19,4159.0,1.0,,,2.2469863473173925e-09,,,,,,,,,,,,,,1,26891,88,388824004.33359754,276505133.9686678,1.4062089869827052,1,-407015447.097487,-310659843.037932,-386357696.260809,-147419.248162,-445436.371812,-367750.669326,-332800008.370761,-337704.136785,11392,75388083.548824,107026644.165401,173162871.966174,233307548.19177,-223083687.43424,-193031828.092614,0.0287,0.6054,-0.0066,0.1852,0.0037,0.0918,1.2709,0.2279,0.0066,0.468,0.7968,0.5469,562,3538,14106,,,
1640,0.000193508653,2447.22,3.009539637407289e-08,1.1694165039062504e-16,8.058349609375003e-18,23,17,14,13,12/11/10/8/7/6/5/3/1/2/4/16/9/13,0,78,2,0.0219727/0.418213/0.0512695/0.177734/0.316162/0.349609/0.283203/0.256836/0.737793/0.39502/0.395264/0.544922/0.626953/0.958496/0.963623/0.768066/0.793213/0/0/0/0/0/0,229.222/1180.79/624.981/293.304/221.23/249.662/253.991/254.775/4179.8/4134.59/4148.48/4208.9/4545.18/4293.96/4293.95/4171.8/2533.76/0/0/0/0/0/0,,,6184,1.4085011173938895e-11,2.415625000000001e-11,-2.2887766295340177e-06,-8.814371588573394,0,0.0,28902,6.357447034044647e-11,1.1289843750000004e-10,1.58517836328632e-06,2.5337640080926896e-06,6.187184335382301e-07,4.069739206605828e-06,1,1,nan,0.19084050134071628,20,12/11/10/8/7/6/5/3/17/1/2/4/2/13/12/14/11/10/9/13,19,4088.4,1.0,,,2.3329989279859435e-09,,,,,,,,,,,,,,1,27007,90,396324115.0088426,312391846.83531183,1.2686762443508282,1,-387806311.450195,-279534124.90263,-357242966.158962,435336.122864,20309070.659392,-5189.472918,-312017852.325162,703017.089723,12424,102085036.958107,140783698.986511,225953300.159395,296122964.16506,-205402098.954939,-168822445.471277,0.2897,0.7109,0.065,0.2082,0.004,0.1057,1.3762,0.2483,0.0067,0.5095,0.8266,0.5972,630,4128,15810,,,
1660,0.000193508653,2496.28,3.009539637407289e-08,1.1687597656250005e-16,8.124023437500004e-18,23,17,14,13,12/11/10/8/7/6/5/3/1/2/4/16/9/13,0,79,2,0.0219727/0.425537/0.0532227/0.177734/0.315918/0.350098/0.281982/0.256592/0.740723/0.39502/0.396484/0.546143/0.625488/0.967041/0.975342/0.77002/0.824707/0/0/0/0/0/0,229.222/1208.45/624.981/293.304/221.23/249.662/253.991/254.775/4179.8/4140.48/4148.48/4208.9/4545.18/4293.96/4293.95/4176.91/2535.2/0/0/0/0/0/0,,,6204,1.4114302265402299e-11,2.423437500000001e-11,-2.2763329191177886e-06,-8.61527222191373,0,0.0,29140,6.41836212390563e-11,1.1382812500000004e-10,1.590468445611901e-06,2.5351993174356454e-06,6.629126073623884e-07,4.069739206605828e-06,1,1,nan,0.19138315973709483,21,12/11/10/8/7/6/5/3/17/1/2/4/2/13/12/15/14/11/10/9/13,20,4086.3,1.0,,,2.3418480053285097e-09,,,,,,,,,,,,,,1,27108,96,397451069.75474775,308628958.5930272,1.2877957777087459,2,-399205006.428705,-280013198.074229,-355564771.493776,66746.823258,18696096.18782,-4198.702161,-307443127.412297,1037761.368721,12711,95823403.679568,144692263.334809,213202127.533658,299517483.759137,-210139632.958612,-164930913.284641,0.171,0.6676,0.0683,0.2111,0.0041,0.1045,1.3377,0.2528,0.0068,0.4919,0.8233,0.5986,616,4069,15863,,,
1680,0.000193508653,2543.75,3.009539637407289e-08,1.1681494140625004e-16,8.185058593750004e-18,23,17,14,13,12/11/10/8/7/6/5/3/1/2/4/16/9/13,0,81,2,0.0219727/0.429932/0.0551758/0.179199/0.316162/0.350098/0.280762/0.256348/0.742676/0.394531/0.397705/0.547852/0.624512/0.975586/0.988281/0.769531/0.854736/0/0/0/0/0/0,229.222/1208.45/652.633/293.304/221.23/249.662/253.991/254.775/4179.8/4140.48/4148.48/4208.9/4572.84/4293.96/4293.95/4176.91/2546.87/0/0/0/0/0/0,,,6198,1.4097338244184882e-11,2.421093750000001e-11,-2.2737892322276804e-06,-8.574573231671998,0,0.0,29388,6.481533043138005e-11,1.1479687500000004e-10,1.5917868119139596e-06,2.5468733334845065e-06,7.07106781186547e-07,4.069739206605828e-06,1,1,nan,0.19204883731017994,21,12/11/10/8/7/6/5/3/17/1/2/4/2/13/12/15/14/11/10/9/13,20,4084.1,1.0,,,2.3495864596577874e-09,,,,,,,,,,,,,,1,27205,97,398833502.0643505,307969479.09352565,1.2950422984715015,1,-399791166.836401,-278366292.994775,-353106789.996285,13071.494396,20595390.549729,-1677.825601,-306084938.110436,1463364.527331,12919,96920569.279955,148591120.948787,267796462.370691,300660110.330885,-210668640.000402,-161130565.105591,0.1923,0.7073,0.0753,0.2131,0.0041,0.101,1.4062,0.2556,0.0068,0.4961,0.8217,0.6006,639,4055,15893,,,
1700,0.000193508653,2599.29,3.009539637407289e-08,1.1675219726562506e-16,8.247802734375004e-18,23,17,14,13,12/11/10/8/7/6/5/3/1/2/4/16/9/13,0,81,2,0.0217285/0.435791/0.0571289/0.179199/0.316406/0.35083/0.280273/0.255615/0.744629/0.393799/0.397461/0.548584/0.625/0.985107/1.00269/0.771973/0.881592/0/0/0/0/0/0,229.222/1242.66/652.633/293.304/221.23/249.662/253.991/254.775/4179.8/4140.48/4148.48/4208.9/4572.84/4293.96/4293.95/4176.91/2546.87/0/0/0/0/0/0,1-2:0.162773/2-4:1.23388/5-6:1.55287/6-7:1.1697/6-13:0.289071/7-8:1.10062/7-9:0.00914124/7-13:0.105288/8-9:0.119114/8-10:1.10721/8-13:0.00864148/9-10:0.497598/9-13:2.09435/10-11:1.73047/11-12:1.60071/11-16:0.260328/12-16:0.189516/14-16:0.442537/15-16:0.409609,1-2:-28.552/2-4:-24.549/5-6:-42.759/6-7:-46.708/6-13:-46.433/7-8:-50.696/7-9:-50.859/7-13:-49.444/8-9:-53.485/8-10:-54.66/8-13:-51.623/9-10:-44.852/9-13:-1.1774/10-11:-56.637/11-12:-62.271/11-16:-42.716/12-16:-16.294/14-16:-0.12138/15-16:-0.0051005,6193,1.4083421429426224e-11,2.4191406250000008e-11,-2.2714967283131474e-06,-8.537893169039469,0,0.0,29586,6.535271362050604e-11,1.1557031250000004e-10,1.592828771739433e-06,2.5468733334845065e-06,7.07106781186547e-07,4.069739206605828e-06,1,1,nan,0.19267784496547566,20,12/11/10/8/7/6/5/3/17/1/2/4/2/12/15/14/11/10/9/13,19,4082.9,1.0,,,2.357084344340601e-09,5,12/1/3/1/1,1/1/1/1/1,1,1,1,1.0,12/1/3/1/1,5247/2547/751/431/382,5851/3362/4266/395/348,6983/4243/663/265/530,11/1/3/1/1,16/2/3/1/1,1,27321,98,400139780.87082773,306890053.50720364,1.3038538600321083,1,-399760212.045615,-279744357.105884,-349997242.364472,-51028.263804,19511791.933399,-302.280509,-304397079.249449,2236562.370683,13171,90237551.91436,153574827.26277,251819192.184198,331928355.942922,-216638945.84675,-155705474.847106,0.1401,0.6541,0.0764,0.2168,0.0042,0.1025,1.3194,0.2605,0.0068,0.4883,0.8206,0.6028,639,4002,15959,3096.3,618.7,365.3
1720,0.000193508653,2649.64,3.009539637407289e-08,1.1669580078125004e-16,8.304199218750004e-18,23,17,13,12,12/11/10/8/7/6/5/1/2/4/16/9/13,0,81,2,0.0217285/0.440918/0.0578613/0.178955/0.31543/0.35083/0.280029/0.255859/0.746582/0.394287/0.398438/0.550049/0.625244/0.992676/1.01855/0.77417/0.902588/0/0/0/0/0/0,229.222/1291.41/629.324/293.304/221.228/249.662/253.991/254.775/4179.8/4140.48/4148.48/4212.57/4572.84/4293.96/4293.95/4176.91/2558.55/0/0/0/0/0/0,,,6210,1.4112802611307854e-11,2.425781250000001e-11,-2.2676342310860796e-06,-8.476093213406385,0,0.0,29756,6.577840423139562e-11,1.1623437500000005e-10,1.594581695182567e-06,2.558547349533367e-06,7.071067811865475e-07,4.084046757576796e-06,1,1,nan,0.1931595910666983,19,12/11/10/8/7/6/5/3/17/1/2/4/2/12/14/15/10/9/13,18,4081.9,1.0,,,2.3645271436262915e-09,,,,,,,,,,,,,,1,27443,100,401140237.2513376,306528288.4563269,1.308656500421137,1,-399221793.387891,-281138262.699628,-348235503.531695,-62243.727531,18222458.380303,657.550106,-301751861.337504,3903655.028482,13444,89376206.365468,156708321.8493,253018863.440486,344198965.54252,-216985217.553921,-153491675.935986,0.1591,0.668,0.0796,0.2186,0.0042,0.1033,1.3734,0.2639,0.0069,0.4789,0.8165,0.6039,639,3930,15994,,,
1740,0.000203693319,2697.57,2.916517695292748e-08,1.1583886718750006e-16,9.161132812500005e-18,23,18,13,12,12/11/10/8/7/6/5/1/2/4/16/9/13,0,80,2,0.0217285/0.44873/0.0593262/0.181152/0.314697/0.351074/0.280029/0.255371/0.749756/0.393799/0.398193/0.552734/0.625732/1.00488/1.02881/0.776367/0.92334/0.79541/0/0/0/0/0,229.222/1291.41/629.324/293.304/220.447/249.662/253.991/254.775/4152.15/4140.49/4148.48/4212.57/4572.84/4293.96/4293.95/4176.91/2558.55/4238.66/0/0/0/0/0,,,6220,1.413536064929892e-11,2.4296875000000008e-11,-2.268104455736378e-06,-8.483616807811158,0,0.0,33170,7.321653632458842e-11,1.2957031250000005e-10,1.5922814704661613e-06,3.3495193888779428e-06,1.8340582137026082e-06,4.092232618792044e-06,1,1,nan,0.1965273885823216,19,12/11/10/8/7/6/5/3/17/1/2/4/2/12/14/15/10/9/13,18,4014.3,1.0,,,2.4789829511260196e-09,,,,,,,,,,,,,,1,27562,101,421151629.0890252,320090023.551263,1.3157286953730285,1,-377984523.982548,-268989154.920757,-287941620.739177,495774.476463,45851842.330362,28179187.581228,-292846906.107209,22956329.527083,14508,109544625.658707,162415827.063574,228324558.803017,343100846.713168,-207971546.999517,-158076389.360356,0.3274,0.7579,0.1161,0.2195,0.0043,0.1079,1.4205,0.2582,0.0066,0.5272,0.8399,0.6428,717,4541,17747,,,
1760,0.000203693319,2750.54,2.916517695292748e-08,1.1574902343750006e-16,9.250976562500004e-18,23,18,13,12,12/11/10/8/7/6/5/1/2/4/16/9/13,0,80,2,0.0217285/0.456055/0.0605469/0.183594/0.315186/0.350586/0.280029/0.254883/0.753906/0.393311/0.398682/0.555176/0.625977/1.01563/1.03906/0.777588/0.949219/0.819824/0/0/0/0/0,229.222/1291.41/629.324/293.304/220.447/249.662/253.991/254.775/4152.15/4140.49/4148.48/4212.57/4572.84/4293.96/4293.95/4183.46/2558.55/4238.66/0/0/0/0/0,,,6218,1.4129266492104263e-11,2.428906250000001e-11,-2.2691666607207323e-06,-8.500612087560828,0,0.0,33482,7.399051030356452e-11,1.3078906250000006e-10,1.591533606012777e-06,3.3495193888779428e-06,1.8340582137026082e-06,4.092232618792044e-06,1,1,nan,0.18683416437587574,20,12/11/10/8/7/6/5/3/17/2/1/2/4/2/12/14/15/10/9/13,19,4011.5,1.0,,,2.4898336674257356e-09,,,,,,,,,,,,,,1,27678,103,400379373.39928025,316567037.5170897,1.2647538307827326,1,-377646731.85802,-267609403.239823,-280316582.481752,555345.011322,47414324.45244,35165119.993775,-290420502.071095,25483177.301843,14875,106443788.055954,159948973.547899,338019440.32471,336348332.186521,-210309537.373142,-160509642.868692,0.3257,0.7802,0.1153,0.2236,0.0043,0.1068,1.4515,0.2631,0.0066,0.5315,0.8395,0.6456,715,4468,17811,,,
1780,0.000203693319,2806.38,2.916517695292748e-08,1.1567041015625006e-16,9.329589843750005e-18,23,18,13,12,12/11/10/8/7/6/5/1/2/4/16/9/13,0,81,2,0.0217285/0.459961/0.060791/0.183594/0.314453/0.35083/0.280029/0.254639/0.756348/0.393066/0.398682/0.55542/0.624268/1.0271/1.05151/0.779297/0.973145/0.844727/0/0/0/0/0,459.195/1401.4/629.324/293.304/220.447/249.662/253.991/254.775/4152.15/4140.49/4148.48/4212.57/4572.84/4293.96/4293.95/4183.46/2558.55/4238.66/0/0/0/0/0,,,6209,1.4103161746540577e-11,2.4253906250000008e-11,-2.2680220369355005e-06,-8.482298106997119,0,0.0,33790,7.47707570862346e-11,1.3199218750000005e-10,1.5922398233493838e-06,3.3495193888779428e-06,2.1655145173838024e-06,4.099386394277528e-06,1,1,nan,0.19063872209345906,20,12/11/10/8/7/6/5/3/17/2/1/2/4/2/12/14/15/10/9/13,19,4008.3,1.0,,,2.5000255443910247e-09,,,,,,,,,,,,,,1,27783,105,408532413.503674,316639788.6281635,1.2902118690567401,1,-383182355.880611,-265548461.194251,-275561129.276169,360716.385196,48943431.128534,39989640.789132,-287390720.292851,28767129.740871,15202,109736631.44357,161776868.763081,240928189.85699,377384464.355683,-208412586.073745,-158169887.98039,0.3104,0.7419,0.119,0.2247,0.0043,0.1083,1.4148,0.2652,0.0067,0.5179,0.837,0.6473,699,4422,17870,,,
1800,0.000203693319,2861.46,2.916517695292748e-08,1.1559497070312505e-16,9.405029296875004e-18,23,18,13,12,12/11/10/8/7/6/5/1/2/4/16/9/13,0,80,2,0.0222168/0.467773/0.0610352/0.184082/0.313721/0.350098/0.280029/0.254639/0.759033/0.393311/0.398682/0.554688/0.624023/1.03564/1.06421/0.780029/0.991211/0.870605/0/0/0/0/0,486.849/1401.4/629.324/304.966/220.447/249.662/253.991/254.775/4152.15/4140.49/4148.48/4212.57/4572.84/4293.96/4293.95/4183.46/2558.55/4238.66/0/0/0/0/0,1-2:0.156269/2-4:1.21305/3-18:0.0368844/5-6:1.55246/6-7:1.1697/6-13:0.280838/7-8:1.09411/7-9:0.00914124/7-13:0.103559/8-9:0.120843/8-10:1.10416/8-13:0.00864148/9-10:0.481544/9-13:2.07089/10-11:1.72915/10-16:0.00477532/11-12:1.60458/11-16:0.244274/12-16:0.181694/14-16:0.466733/15-16:0.462368,1-2:-28.551/2-4:-24.537/3-18:-38.297/5-6:-42.756/6-7:-46.708/6-13:-46.467/7-8:-50.696/7-9:-50.859/7-13:-49.444/8-9:-53.449/8-10:-54.66/8-13:-51.623/9-10:-46.658/9-13:-1.099/10-11:-56.486/10-16:2.9181/11-12:-62.278/11-16:-44.669/12-16:-16.592/14-16:-0.085654/15-16:-0.02808,6210,1.4095658537115418e-11,2.425781250000001e-11,-2.263933421291595e-06,-8.41688025669463,0,0.0,34018,7.537317979010643e-11,1.3288281250000005e-10,1.5942955441766403e-06,3.3495193888779428e-06,2.1655145173838024e-06,4.099386394277528e-06,1,1,nan,0.194475062696299,20,12/11/10/8/7/6/5/3/17/2/1/2/4/2/12/14/15/10/9/13,19,4005.1,1.0,,,2.5111651191982766e-09,6,12/1/2/3/1/1,1/1/1/1/1/1,1,1,1,1.0,12/1/2/3/1/1,5250/2559/4239/771/472/382,5851/3499/4687/4266/470/348,6983/4375/4198/663/398/530,11/1/2/3/1/1,16/2/4/3/1/1,1,27875,105,416753563.2695227,315716081.162144,1.3200264038989145,1,-381881368.416088,-264203703.527579,-270631286.81969,354696.283109,50005692.119769,44861619.454963,-285323464.408632,30878113.020667,15477,107094250.336951,164279921.194858,249661210.507941,354930290.40902,-210875615.791219,-155702142.544007,0.3336,0.7517,0.1193,0.2281,0.0044,0.108,1.4341,0.2696,0.0067,0.5178,0.8359,0.6498,703,4356,17968,3158.4,618.7,364.6
1820,0.000203693319,2911.64,2.916517695292748e-08,1.1551904296875005e-16,9.480957031250004e-18,23,18,13,12,12/11/10/8/7/6/5/1/2/4/16/9/13,0,80,2,0.0222168/0.473145/0.0612793/0.184082/0.313477/0.350586/0.280029/0.25415/0.762695/0.393066/0.399414/0.55542/0.623535/1.04419/1.07666/0.781982/1.01123/0.893799/0/0/0/0/0,486.849/1401.4/629.324/304.966/220.447/249.662/253.991/254.775/4152.15/4140.49/4148.48/4212.57/4572.84/4293.96/4293.95/4183.46/2558.55/4238.66/0/0/0/0/0,,,6214,1.4098615525294521e-11,2.427343750000001e-11,-2.2589001085098567e-06,-8.336347252186819,0,0.0,34232,7.592502911129626e-11,1.3371875000000005e-10,1.5964659335739246e-06,3.3495193888779428e-06,2.1655145173838024e-06,4.099386394277528e-06,1,1,nan,0.20376286052240303,20,12/11/10/8/7/6/5/3/17/2/1/2/4/2/12/14/15/10/9/13,19,4002.2,1.0,,,2.52124351485074e-09,,,,,,,,,,,,,,1,32129,103,436657003.768732,315747641.8107122,1.3829303720675254,1,-376923575.090228,-263691051.694459,-267902000.314515,331746.620633,50020970.27688,48131417.589941,-282763001.95771,33389954.198704,15759,116380551.031009,166472176.495477,274032313.064683,388585596.178597,-201878029.560032,-153683151.435253,0.3604,0.7737,0.1184,0.2269,0.0044,0.1097,1.444,0.2693,0.0068,0.5297,0.8321,0.6518,725,4282,18050,,,
1840,0.000213877985,2966.93,2.829073777332103e-08,1.1481274414062505e-16,1.0187255859375005e-17,23,19,14,13,19/12/11/10/8/7/6/5/1/2/4/16/9/13,0,80,2,0.0222168/0.476074/0.0637207/0.185303/0.313965/0.351074/0.279785/0.254395/0.763184/0.39209/0.399414/0.450195/0.623535/1.04956/1.08765/0.783936/1.02808/0.911621/0.751465/0/0/0/0,486.849/1401.4/629.324/304.966/220.447/253.21/253.991/254.775/4152.15/4140.49/4148.48/4206.02/4572.84/4293.96/4293.95/4183.46/2558.55/4238.66/4211.79/0/0/0/0,,,7092,1.6104011783402256e-11,2.770312500000001e-11,-2.4189032107809693e-06,-10.896396888524619,0,0.0,35758,7.906620760953492e-11,1.3967968750000006e-10,1.6340400040278335e-06,4.140491428222518e-06,1.3700193885489354e-06,4.084046757576796e-06,1,1,nan,0.18483468768215586,22,19/12/11/10/8/7/6/5/3/17/2/1/2/4/2/19/12/14/15/10/9/13,21,3963.3,1.0,,,2.782404200425938e-09,,,,,,,,,,,,,,1,34923,108,408337459.1605301,323889526.2645218,1.2607306690956082,1,-389636237.040098,-302759867.10997,-342478195.162275,100860.529154,19239358.331333,1120270.574142,-292975947.247888,31746902.221654,16473,122842650.473826,171786105.399779,448622772.564014,384420162.25896,-204512990.234992,-158029157.392437,0.4047,0.889,0.0671,0.2486,0.0045,0.1219,1.628,0.291,0.0071,0.5401,0.8453,0.6388,798,4829,19617,,,
1860,0.000213877985,3018.01,2.829073777332103e-08,1.1474218750000004e-16,1.0257812500000005e-17,23,19,14,13,19/12/11/10/8/7/6/5/1/2/4/16/9/13,0,80,2,0.0222168/0.481934/0.0651855/0.187012/0.314453/0.351074/0.280029/0.254639/0.767334/0.392334/0.398926/0.447021/0.62207/1.05762/1.09961/0.785889/1.04688/0.932861/0.750732/0/0/0/0,486.849/1401.4/669.29/304.966/347.813/253.21/253.991/254.775/4156.48/4140.49/4148.48/4199.46/4572.84/4293.96/4293.95/4183.46/2558.55/4238.66/4212.56/0/0/0/0,,,7098,1.610646939832893e-11,2.772656250000001e-11,-2.4110916913019555e-06,-10.7714125768604,0,0.0,35978,7.963897579159613e-11,1.4053906250000005e-10,1.6361913318433302e-06,4.140491428222518e-06,1.3700193885489354e-06,4.084046757576796e-06,1,1,nan,0.1832344934516539,22,19/12/11/10/8/7/6/5/3/17/2/1/2/4/2/19/12/14/15/10/9/13,21,3962.7,1.0,,,2.7915339718421203e-09,,,,,,,,,,,,,,1,35085,114,404802304.2908438,323011271.7755187,1.253214174433414,1,-380781690.218224,-308599341.668321,-337478264.819241,293388.085826,12118878.049374,1657050.22404,-288921030.561732,35889524.742387,16815,132162202.716007,173011368.615414,372127429.192791,356887213.419257,-196463327.646629,-156423456.694823,0.5029,0.9526,0.0647,0.2484,0.0046,0.1204,1.7347,0.2918,0.0071,0.5438,0.8421,0.6409,787,4744,19655,,,
1880,0.000213877985,3070.32,2.829073777332103e-08,1.1468725585937506e-16,1.0312744140625005e-17,23,19,14,13,19/12/11/10/8/7/6/5/1/2/4/16/9/13,0,80,2,0.0222168/0.489014/0.0666504/0.187012/0.313965/0.350586/0.279785/0.25415/0.769775/0.39209/0.396973/0.444336/0.621826/1.06372/1.10938/0.787109/1.06274/0.951416/0.75/0/0/0/0,486.849/1401.4/669.29/304.966/347.84/253.21/253.991/254.775/4156.48/4140.49/4148.48/4199.46/4572.84/4293.96/4293.95/4183.46/2558.55/4238.66/4212.56/0/0/0/0,,,7083,1.60726322134809e-11,2.766796875000001e-11,-2.4050077231632216e-06,-10.674069086640655,0,0.0,36256,8.030671117463851e-11,1.4162500000000007e-10,1.6374228701917913e-06,4.140491428222518e-06,1.3700193885489354e-06,4.084046757576796e-06,1,1,nan,0.2291846508683506,22,19/12/11/10/8/7/6/5/3/17/2/1/2/4/2/19/12/14/15/10/9/13,21,3961.8,1.0,,,2.8006181295278225e-09,,,,,,,,,,,,,,1,35198,121,506315557.9060187,322868349.03401893,1.5681795983435678,1,-378011371.720361,-312357866.411739,-331610196.630452,365313.193765,6255630.610766,2571043.585774,-285942636.177998,39094890.713185,17054,128842244.006178,173557368.423247,384093334.090775,352774227.582373,-198043418.029786,-155597685.662637,0.5095,0.9794,0.0611,0.2447,0.0046,0.1206,1.7923,0.287,0.0071,0.5413,0.8436,0.643,787,4674,19716,,,
1900,0.000213877985,3134.98,2.829073777332103e-08,1.1463500976562505e-16,1.0364990234375005e-17,23,19,14,13,19/12/11/10/8/7/6/5/1/2/4/16/9/13,0,80,2,0.0222168/0.494385/0.067627/0.187256/0.313477/0.350342/0.279297/0.25415/0.771729/0.391846/0.396973/0.441162/0.62207/1.07056/1.1189/0.789551/1.07764/0.967285/0.748535/0/0/0/0,486.849/1401.4/669.29/304.966/347.84/253.21/253.991/254.775/4156.48/4140.49/4148.48/4199.46/4572.84/4293.96/4293.95/4183.46/2558.55/4238.66/4219.11/0/0/0/0,1-2:0.153222/2-4:1.20177/3-18:0.0368844/5-6:1.55551/6-7:1.16838/6-13:0.277382/7-8:1.09107/7-9:0.00914124/7-13:0.101831/8-9:0.119114/8-10:1.10243/8-13:0.00691323/9-10:0.47504/9-13:2.06479/10-11:1.72265/10-16:0.00477532/11-12:1.59157/11-15:0.00345662/11-16:0.244683/12-16:0.163911/12-19:1.93131/14-16:0.49052/15-16:0.491749/15-17:0.0466643,1-2:-28.541/2-4:-24.536/3-18:-38.297/5-6:-42.756/6-7:-46.712/6-13:-46.493/7-8:-50.697/7-9:-50.859/7-13:-49.444/8-9:-53.502/8-10:-54.662/8-13:-51.587/9-10:-46.588/9-13:-1.0709/10-11:-56.475/10-16:2.9181/11-12:-62.275/11-15:-62.642/11-16:-43.947/12-16:-18.403/12-19:-59.019/14-16:-0.080979/15-16:-0.044648/15-17:-1.6899,7078,1.6054759408315417e-11,2.7648437500000012e-11,-2.4030866154915364e-06,-10.643331363893692,0,0.0,36470,8.084009579762503e-11,1.4246093750000006e-10,1.6386321950647003e-06,4.140491428222518e-06,1.3700193885489354e-06,4.084046757576796e-06,1,1,nan,0.19121413081915356,21,19/12/11/10/8/7/6/5/3/17/2/1/2/4/2/19/12/14/10/9/13,20,3961.7,1.0,,,2.8107121792982984e-09,5,14/2/3/1/1,1/1/1/1/1,1,1,1,1.0,14/2/3/1/1,5507/4239/771/493/382,5851/4718/4266/501/348,6983/4331/707/398/530,13/2/3/1/1,18/4/3/1/1,1,35318,126,422430947.96442956,322312513.2830941,1.3106253420369045,1,-385744677.705046,-318505133.613147,-322654029.171689,250605.136404,800824.336073,4525073.679792,-282899764.260186,42738321.16178,17367,126094220.46889,171627383.379462,445782732.478008,393459632.393377,-200949102.736058,-157867836.90253,0.4665,0.9492,0.0568,0.2403,0.0046,0.1199,1.7674,0.2823,0.0071,0.5317,0.8417,0.6445,773,4568,19740,3071.0,618.7,364.5
1920,0.000213877985,3194.62,2.829073777332103e-08,1.1457739257812504e-16,1.0422607421875005e-17,23,19,14,13,19/12/11/10/8/7/6/5/1/2/4/16/9/13,0,79,2,0.0222168/0.49707/0.0695801/0.187256/0.313721/0.349609/0.278809/0.254395/0.773438/0.391602/0.395996/0.438232/0.622803/1.0791/1.13135/0.790527/1.09448/0.983398/0.749023/0/0/0/0,486.849/1401.4/669.29/304.966/347.84/253.21/253.991/254.775/4156.48/4140.49/4148.48/4199.46/4572.84/4293.96/4293.95/4190.03/2573.09/4238.66/4219.11/0/0/0/0,,,7084,1.6055897933568386e-11,2.767187500000001e-11,-2.3941835129543078e-06,-10.500881723298034,0,0.0,36702,8.147053026606776e-11,1.4336718750000005e-10,1.6417190148625182e-06,4.140491428222518e-06,1.3700193885489354e-06,4.084046757576796e-06,1,1,nan,0.2277815724623774,22,19/12/11/10/8/7/6/5/3/17/2/1/2/4/2/19/12/14/15/10/9/13,21,3961.3,1.0,,,2.824824293505479e-09,,,,,,,,,,,,,,1,35467,131,503215872.02734137,322848233.73099977,1.5586762430505525,1,-395482450.254341,-323268537.970652,-316135734.758117,-9911.684088,315604.173029,9636953.916459,-279043634.366833,45848986.531415,17629,129601470.069262,171671716.710486,446674658.853325,418230827.094273,-199245474.446087,-157778514.631533,0.4073,0.9281,0.0554,0.2365,0.0047,0.1193,1.7624,0.2802,0.0072,0.5213,0.8336,0.6464,752,4478,19817,,,
1940,0.000224062651,3237.37,2.74672076250056e-08,1.1449560546875006e-16,1.0504394531250005e-17,23,19,14,13,19/12/11/10/8/7/6/5/1/2/4/16/9/13,0,80,2,0.0222168/0.500732/0.0744629/0.190186/0.314453/0.349365/0.278564/0.254395/0.778564/0.391113/0.395752/0.436768/0.625/1.09009/1.1438/0.792236/1.11133/1.00415/0.751221/0/0/0/0,486.849/1401.4/669.29/580.822/538.37/253.21/253.991/254.775/4156.48/4140.49/4148.48/4199.46/4572.84/4293.96/4293.95/4190.03/2579.65/4273.64/4219.11/0/0/0/0,,,7096,1.6071363067859937e-11,2.771875000000001e-11,-2.387874468244763e-06,-10.399937007945319,0,0.0,37038,8.2285982883728e-11,1.4467968750000007e-10,1.6441997120357061e-06,4.140491428222518e-06,1.4142135623730958e-06,4.145405304379727e-06,1,1,nan,0.3077542060244764,22,19/12/11/10/8/7/6/5/3/17/2/1/2/4/2/19/12/14/15/10/9/13,21,3961.6,1.0,,,2.844867323728492e-09,,,,,,,,,,,,,,1,35664,142,700276421.9475642,332342521.8637903,2.107092459972879,1,-395801168.424571,-327140783.726918,-309581444.330063,296646.505048,1031223.030976,25822556.912107,-275836077.3388,60015827.670624,17984,147238690.159129,178421624.804417,412940459.211489,335124031.855757,-191850070.076094,-160663567.187586,0.4847,0.969,0.0675,0.2276,0.0048,0.1246,1.8408,0.2701,0.0073,0.5215,0.832,0.6476,769,4381,19871,,,
1960,0.000224062651,3280.61,2.74672076250056e-08,1.1442578125000006e-16,1.0574218750000005e-17,23,19,14,13,19/12/11/10/8/7/6/5/1/2/4/16/9/13,0,79,2,0.0222168/0.506836/0.0766602/0.19165/0.314697/0.349121/0.27832/0.25415/0.782227/0.391113/0.396729/0.434326/0.624756/1.09863/1.15576/0.792725/1.12891/1.02222/0.753174/0/0/0/0,486.849/1401.4/844.054/580.822/538.37/253.21/253.991/254.775/4156.48/4315.85/4148.48/4199.46/4585.28/4293.96/4293.95/4190.03/2579.65/4273.64/4219.11/0/0/0/0,,,7104,1.6078595494584702e-11,2.775000000000001e-11,-2.381394227752079e-06,-10.296253160062374,0,0.0,37272,8.289349716244674e-11,1.4559375000000004e-10,1.6454862421909786e-06,4.148483446044262e-06,1.4142135623730958e-06,4.145405304379727e-06,1,1,nan,0.405862747690532,23,19/12/11/10/8/7/6/5/3/17/2/1/2/4/2/19/12/15/14/15/10/9/13,22,3959.8,1.0,,,2.865712863764958e-09,,,,,,,,,,,,,,1,35831,141,923516583.0095217,332295869.21981025,2.779199708915506,1,-392348129.523467,-332376107.565853,-303236215.17508,386553.209837,286002.825278,32163887.865027,-273686762.62638,62416515.389455,18278,145622874.030856,179632799.518003,416350577.484595,472746872.461784,-192818345.996012,-158780492.093046,0.4708,0.9353,0.0633,0.226,0.0048,0.1275,1.7412,0.2678,0.0073,0.5321,0.8333,0.6488,780,4343,19895,,,
1980,0.000224062651,3326.94,2.74672076250056e-08,1.1436206054687506e-16,1.0637939453125005e-17,23,19,14,13,19/12/11/10/8/7/6/5/1/2/4/16/9/13,0,79,2,0.0224609/0.512939/0.079834/0.193604/0.31543/0.348877/0.27832/0.254395/0.786133/0.391113/0.396729/0.432129/0.626221/1.1062/1.16333/0.794922/1.14282/1.0376/0.754883/0/0/0/0,577.807/1401.4/844.054/580.822/538.37/253.21/253.991/254.775/4156.48/4343.51/4148.48/4199.46/4585.28/4293.96/4293.95/4190.03/2579.65/4273.64/4219.11/0/0/0/0,,,7106,1.6078095354163696e-11,2.775781250000001e-11,-2.377136970249075e-06,-10.228137040014309,0,0.0,37542,8.356850818725368e-11,1.4664843750000005e-10,1.6465063942512386e-06,4.148483446044262e-06,1.4142135623730958e-06,4.145405304379727e-06,1,1,nan,0.3336973342581997,22,19/12/11/10/8/7/6/5/3/17/2/1/2/4/2/19/12/14/15/10/9/13,21,3959.6,1.0,,,2.880644100852142e-09,,,,,,,,,,,,,,1,35982,140,759308469.7896454,332008643.8604726,2.2870141601155014,2,-386444570.394144,-334943758.250327,-296104822.499194,491305.77135,-14472.626382,41178979.565618,-272681503.004666,63143575.251779,18498,147932472.052994,176569936.434456,428707134.636291,452391853.310329,-190341158.601291,-161563917.312208,0.5244,0.9986,0.061,0.2194,0.0048,0.1241,1.8239,0.2624,0.0074,0.5429,0.8239,0.6512,805,4292,19965,,,
2000,0.000224062651,3374.08,2.74672076250056e-08,1.1429931640625005e-16,1.0700683593750005e-17,23,19,14,13,19/12/11/10/8/7/6/5/1/2/4/16/9/13,0,80,2,0.0224609/0.518311/0.0825195/0.196045/0.316162/0.348389/0.277832/0.25415/0.787842/0.390869/0.396973/0.428223/0.628418/1.11377/1.17505/0.796631/1.15674/1.05347/0.756836/0/0/0/0,577.807/1401.4/844.054/580.822/538.37/253.21/253.991/254.775/4156.48/4343.51/4148.48/4199.46/4585.28/4293.96/4293.96/4190.03/2581.08/4273.64/4219.11/0/0/0/0,1-2:0.153222/2-4:1.19008/3-18:0.0386126/5-6:1.56547/6-7:1.16492/6-13:0.26915/7-8:1.08761/7-9:0.00914124/7-13:0.0983745/8-9:0.122571/8-10:1.09939/8-13:0.00691323/9-10:0.47504/9-13:2.04569/10-11:1.72092/11-12:1.57461/11-15:0.00691311/11-16:0.229038/12-15:0.00172824/12-16:0.166958/12-19:1.86059/14-16:0.517763/15-16:0.528044/15-17:0.134399,1-2:-28.541/2-4:-24.534/3-18:-38.297/5-6:-42.756/6-7:-46.709/6-13:-46.504/7-8:-50.695/7-9:-50.859/7-13:-49.374/8-9:-53.466/8-10:-54.671/8-13:-51.587/9-10:-46.588/9-13:-1.0692/10-11:-56.634/11-12:-62.273/11-15:-62.72/11-16:-44.669/12-15:-65.529/12-16:-18.023/12-19:-59.771/14-16:-0.092027/15-16:-0.29325/15-17:-3.4851,7105,1.6067135655445574e-11,2.7753906250000012e-11,-2.372535297245081e-06,-10.154510271950409,0,0.0,37884,8.439960586431907e-11,1.4798437500000007e-10,1.6484482113693701e-06,4.148483446044262e-06,3.0052038200428276e-06,4.145405304379727e-06,1,1,nan,0.34135462622725243,23,19/12/11/10/8/7/6/5/3/17/2/1/2/4/2/19/12/15/14/15/10/9/13,22,3959.3,1.0,,,2.8938180664182307e-09,5,14/2/3/1/1,1/1/1/1/1,1,1,1,1.0,14/2/3/1/1,5520/4274/772/514/382,5896/4810/4268/470/348,6983/4419/707/398/530,13/2/3/1/1,20/4/3/1/1,1,36126,148,776732182.9897491,331528905.473231,2.342879218573795,1,-378631578.547368,-338697677.501789,-291884218.574337,629923.702687,-186495.835261,45582151.290304,-270773940.168958,65405193.771553,18798,146534438.878847,175274256.913105,439387194.117041,381555429.259689,-192649021.621584,-163548669.902498,0.5356,1.028,0.0579,0.2163,0.0048,0.1233,1.8383,0.2599,0.0074,0.5547,0.8196,0.6522,813,4196,20010,2923.5,618.7,365.3
2020,0.000224062651,3417.73,2.74672076250056e-08,1.1423706054687506e-16,1.0762939453125005e-17,23,19,14,13,19/12/11/10/8/7/6/5/1/2/4/16/9/13,0,82,2,0.0224609/0.52417/0.0839844/0.196533/0.316406/0.348145/0.27832/0.253906/0.79126/0.390869/0.396729/0.42627/0.630371/1.11963/1.1875/0.797607/1.17261/1.06787/0.758301/0/0/0/0,577.807/1401.4/844.054/580.822/538.37/253.21/253.991/254.775/4156.48/4343.51/4151.37/4199.46/4585.28/4293.96/4293.96/4190.03/2581.08/4273.64/4219.11/0/0/0/0,,,7112,1.6076596083653542e-11,2.778125000000001e-11,-2.3655286030026086e-06,-10.042403164070848,0,0.0,38118,8.496755870463241e-11,1.4889843750000007e-10,1.649763389624563e-06,4.1513683852103316e-06,3.0052038200428276e-06,4.145405304379727e-06,1,1,nan,0.3400366914227533,24,19/12/11/10/8/7/6/5/3/17/2/1/2/4/2/19/12/14/15/14/15/10/9/13,23,3958.8,1.0,,,2.9039553379735976e-09,,,,,,,,,,,,,,1,36286,153,773733300.5985806,331337246.39378005,2.3351835901932736,1,-370454834.148493,-339936303.710154,-286579501.565887,766106.408182,-229597.507474,50182750.267303,-269652353.497295,66449365.560988,19031,147957190.97098,173011260.931965,438202140.775289,336103788.061121,-190356010.272866,-165829641.949917,0.5973,1.0906,0.0537,0.2126,0.0049,0.1224,1.9002,0.2555,0.0074,0.5699,0.8192,0.654,837,4120,20085,,,
2040,0.000234246553,3458.39,2.6690323071058325e-08,1.1416113281250006e-16,1.0838867187500005e-17,23,19,14,13,19/12/11/10/8/7/6/5/1/2/4/16/9/13,0,87,2,0.0224609/0.530762/0.088623/0.199707/0.316895/0.348145/0.278076/0.253906/0.795898/0.391113/0.397705/0.424561/0.63208/1.13037/1.19556/0.798584/1.19116/1.08325/0.76001/0/0/0/0,577.807/1401.4/844.054/580.822/536.928/253.21/253.991/254.775/4156.48/4343.51/4151.37/4199.46/4585.28/4293.96/4293.96/4190.03/2583.95/4281.64/4219.11/0/0/0/0,,,7114,1.6073458786776554e-11,2.778906250000001e-11,-2.359868655841912e-06,-9.951844009499705,0,0.0,38454,8.575135905174948e-11,1.5021093750000006e-10,1.6512020022885005e-06,4.1513683852103316e-06,3.0052038200428276e-06,4.145405304379727e-06,1,1,nan,0.3341711176237988,24,19/12/11/10/8/7/6/5/3/17/2/1/2/4/2/19/12/14/15/14/15/10/9/13,23,3983.8,1.0,,,2.9157097637867284e-09,,,,,,,,,,,,,,1,36469,159,782519372.1291013,340780504.188173,2.2962562779031743,1,-346269150.637394,-341707987.788231,-282331888.97875,1478760.136262,972157.660633,64576801.73295,-268683959.773092,77506818.754004,19250,166449764.738027,182268567.111782,477665537.947049,320687644.591887,-177845665.26581,-166222204.705359,0.6799,1.0934,0.0689,0.2093,0.005,0.1244,1.8619,0.2524,0.0076,0.5834,0.8163,0.6555,869,4083,20183,,,
2060,0.000234246553,3498.63,2.6690323071058325e-08,1.1408911132812505e-16,1.0910888671875005e-17,23,19,14,13,19/12/11/10/8/7/6/5/1/2/4/16/9/13,0,92,2,0.0224609/0.535645/0.0917969/0.201904/0.318359/0.348389/0.277832/0.253906/0.799072/0.391113/0.397705/0.423584/0.632813/1.13916/1.20483/0.800293/1.20752/1.10034/0.76416/0/0/0/0,577.807/1401.4/844.054/580.822/536.928/253.21/253.991/254.775/4156.48/4371.16/4151.37/4199.46/4585.28/4293.96/4293.96/4190.03/2583.95/4283.09/4219.11/0/0/0/0,,,7120,1.6079872647832913e-11,2.781250000000001e-11,-2.3597434078615617e-06,-9.949840041814099,0,0.0,38798,8.656481289778572e-11,1.5155468750000006e-10,1.6509760592561991e-06,4.1513683852103316e-06,3.0052038200428276e-06,4.145405304379727e-06,1,1,nan,0.333961103708506,23,19/12/11/10/8/7/6/5/3/17/2/1/2/4/2/19/12/15/14/15/10/9/13,22,3981.7,1.0,,,2.927044829587605e-09,,,,,,,,,,,,,,1,36648,166,782027588.2840406,340430715.1146948,2.29717106466309,1,-344379175.95549,-336827542.324235,-278828231.183147,1692179.152517,2395149.647683,68688165.511933,-268144839.863866,77983385.55459,19469,161092550.179952,182654162.419381,434169421.960774,491572713.118756,-185212814.653007,-165620603.129503,0.6563,1.0822,0.0727,0.2105,0.0051,0.1241,1.8264,0.2537,0.0076,0.5888,0.8168,0.6571,878,4073,20255,,,
2080,0.000234246553,3543.12,2.6690323071058325e-08,1.1402124023437506e-16,1.0978759765625005e-17,23,19,14,13,19/12/11/10/8/7/6/5/1/2/4/16/9/13,0,93,2,0.0224609/0.541504/0.0944824/0.203125/0.31958/0.348389/0.277588/0.253906/0.804443/0.390869/0.398438/0.420898/0.634521/1.14795/1.21411/0.802734/1.21948/1.11816/0.766113/0/0/0/0,577.807/1401.4/844.054/580.822/564.582/253.21/253.991/254.775/4156.48/4371.16/4151.37/4199.46/4585.28/4293.96/4293.96/4196.57/2583.95/4283.09/4219.11/0/0/0/0,,,7113,1.6058543609097326e-11,2.7785156250000012e-11,-2.356618921048495e-06,-9.899848252805032,0,0.0,39152,8.741664976633178e-11,1.5293750000000005e-10,1.6521722864770736e-06,4.1513683852103316e-06,3.0052038200428276e-06,4.159712855350696e-06,1,1,nan,0.3336179500145787,23,19/12/11/10/8/7/6/5/3/17/2/1/2/4/2/19/12/15/14/15/10/9/13,22,3983.4,1.0,,,2.937984289622877e-09,,,,,,,,,,,,,,1,36806,170,781224034.6585053,340013615.83020556,2.2976257369899837,1,-343132540.602399,-340003561.5163,-275881444.32457,2597973.111966,1006392.724039,70336465.14263,-266585871.03555,79042069.413374,19697,165627676.752707,181301480.335696,415148577.362494,365874181.528196,-179983709.998872,-167060121.581164,0.6991,1.0883,0.0707,0.2089,0.0051,0.1232,1.8046,0.2519,0.0077,0.5993,0.8162,0.6586,906,3998,20357,,,
2100,0.000234246553,3600.38,2.6690323071058325e-08,1.1395141601562506e-16,1.1048583984375004e-17,23,19,14,13,19/12/11/10/8/7/6/5/1/2/4/16/9/13,0,95,2,0.0224609/0.546143/0.0983887/0.205811/0.320068/0.348145/0.277588/0.253906/0.807617/0.390625/0.398926/0.419434/0.635986/1.15845/1.22607/0.804443/1.23193/1.1333/0.769287/0/0/0/0,577.807/1401.4/844.054/580.822/564.582/253.21/253.991/254.775/4157.93/4371.16/4151.37/4199.46/4585.28/4293.96/4293.96/4196.57/2583.95/4283.09/4219.11/0/0/0/0,1-2:0.153222/2-4:1.19222/3-18:0.0386126/5-6:1.55846/6-7:1.1697/6-13:0.264374/7-8:1.08761/7-9:0.00914124/7-13:0.10315/8-9:0.122571/8-10:1.09288/8-13:0.00691323/9-10:0.47504/9-13:2.03441/10-11:1.71309/11-12:1.56892/11-15:0.00691323/11-16:0.225991/12-15:0.00172824/12-16:0.157817/12-19:1.80155/14-16:0.516035/15-16:0.549284/15-17:0.194889,1-2:-28.541/2-4:-24.53/3-18:-38.297/5-6:-42.757/6-7:-46.712/6-13:-46.5/7-8:-50.695/7-9:-50.859/7-13:-49.35/8-9:-53.466/8-10:-54.67/8-13:-51.587/9-10:-46.588/9-13:-0.93415/10-11:-56.627/11-12:-62.278/11-15:-62.797/11-16:-44.669/12-15:-65.529/12-16:-18.803/12-19:-60.16/14-16:-0.041784/15-16:-0.69823/15-17:-5.0157,7111,1.6044536703920444e-11,2.777734375000001e-11,-2.354426818278184e-06,-9.864774608480058,0,0.0,39490,8.821973312159768e-11,1.5425781250000007e-10,1.6517119408549583e-06,4.1513683852103316e-06,3.0052038200428276e-06,4.159712855350696e-06,1,1,nan,0.33257857293693455,23,19/12/11/10/8/7/6/5/3/17/2/1/2/4/2/19/12/15/14/15/10/9/13,22,3982.4,1.0,,,2.9489912234137692e-09,6,14/2/3/1/1/1,1/1/1/1/1/1,1,1,1,1.0,14/2/3/1/1/1,5520/4283/772/514/382/319,5896/4841/4268/470/378/366,6983/4464/707/398/530/309,13/2/3/1/1/1,20/4/3/1/1/1,1,36980,176,778790153.7654262,339373497.7961646,2.2947877745986673,1,-342251258.231265,-337026826.574113,-271458083.392438,2416749.777207,1839195.34826,74715417.195722,-266471687.143861,79564484.396581,19908,169983565.091899,181837787.713272,434659978.9711,385636780.209286,-176508744.510136,-165907752.653182,0.7558,1.1373,0.071,0.2093,0.0051,0.1245,1.843,0.2531,0.0077,0.6135,0.8139,0.6598,934,3976,20422,2707.1,618.7,363.8
2120,0.000234246553,3646.59,2.6690323071058325e-08,1.1388354492187505e-16,1.1116455078125004e-17,23,19,14,13,19/12/11/10/8/7/6/5/1/2/4/16/9/13,0,97,2,0.0227051/0.552246/0.100098/0.208008/0.320313/0.348145/0.277832/0.253906/0.810791/0.390869/0.399414/0.418457/0.637695/1.16675/1.23462/0.804932/1.24292/1.15405/0.772705/0/0/0/0,577.807/1401.4/844.054/580.822/564.582/253.21/312.956/254.775/4157.93/4371.16/4151.37/4217.56/4585.28/4293.96/4334.7/4196.57/2587.64/4283.09/4222.65/0/0/0/0,,,7112,1.604494624247751e-11,2.778125000000001e-11,-2.359092107485877e-06,-9.939419235803143,0,0.0,39820,8.899052863443992e-11,1.5554687500000006e-10,1.64950274913215e-06,4.1513683852103316e-06,3.0052038200428276e-06,4.159712855350696e-06,1,1,nan,0.33176174956518156,25,19/12/11/10/8/7/6/5/3/17/15/2/1/2/4/2/19/12/14/15/14/15/10/9/13,24,3981.9,1.0,,,2.960280052023088e-09,,,,,,,,,,,,,,1,37129,182,776877420.8022976,339632461.1707794,2.2874062688950563,1,-340893610.230356,-336228105.342462,-269335126.858774,2890142.477952,2150327.485762,77014526.641626,-265912801.359148,80268827.414007,20133,170092125.688993,181700119.742086,435220104.331089,443407362.862483,-176733747.469453,-165658032.574996,0.7625,1.1387,0.0746,0.2096,0.0051,0.1255,1.8241,0.2544,0.0077,0.6208,0.8108,0.6609,960,3953,20474,,,
