step,t_s,wall_s,dt,V0,Vt,M,nreg_used,nslab_n,nf3_col,runs,ncomp_min,ncomp_max,ncompbig_max,vols,ths,f3_pairs,f3_pairs_pos,nf3,f3_area_m2,f3_area_stair,f3_pos_m,f3_pos_dx,nf2,f2_area_m2,nf1,f1_area_m2,f1_area_stair,f3_std_m,n_lath,w_lath,a_lath,box_touch,finite,psi_mean,cfl_used,nslab_n1,runs1,nf3_col1,r_col_nm,col_cover_min,nslab_nu,nslab_nu1,E_el_J,nblk_sig,blk_laths,blk_vars,n_var_sig,n_habit,f_var,r_selfac,blk_nlath,blk_span_nm,blk_alen_nm,blk_wlen_nm,blk_nprof,blk_nruns,box_touch_core,core_vox,ncomp_all,dG_max_Jm3,dG_p999,dG_ratio,dG_near_max,ed_tip,ed_side,ed_wide,dG_tip,dG_side,dG_wide,ed_obl,dG_obl,n_obl,dG_tip_p90,dG_side_p90,dG_tip_max,dG_side_max,ed_tip_p90,ed_side_p90,v_tip_nsgn,v_tip_nabs,v_side_nsgn,v_side_nabs,v_wide_nabs,v_obl_nabs,v_tip_f1,v_side_f1,v_wide_f1,f1_tip,f1_side,f1_wide,n_tip,n_side,n_wide,tip_sep_nm,side_sep_nm,wide_sep_nm
0,0.0,16.58,7.638473182236092e-08,9.997504882812504e-16,2.495117187500001e-19,72,1,1,0,1,0,1,1,0.249512/0/0/0/0/0/0/0/0/0/0/0/0/0/0/0/0/0/0/0/0/0/0/0/0/0/0/0/0/0/0/0/0/0/0/0/0/0/0/0/0/0/0/0/0/0/0/0/0/0/0/0/0/0/0/0/0/0/0/0/0/0/0/0/0/0/0/0/0/0/0/0,507.199/0/0/0/0/0/0/0/0/0/0/0/0/0/0/0/0/0/0/0/0/0/0/0/0/0/0/0/0/0/0/0/0/0/0/0/0/0/0/0/0/0/0/0/0/0/0/0/0/0/0/0/0/0/0/0/0/0/0/0/0/0/0/0/0/0/0/0/0/0/0/0,,,0,0.0,0.0,nan,nan,0,0.0,940,1.95694010763834e-12,3.671875000000001e-12,nan,5.071986094432832e-07,4.4194173824159365e-07,1.0429536464041031e-06,0,1,nan,nan,1,1,0,597.6,1.0,1,1,0.0,1,1,1,1,1,1/0/0,1.0,1,507,1043,442,1,1,0,1022,1,nan,nan,nan,-1,,,,,,,,,,,,,,,,,,,,,,,,,,,,0,0,0,1075.7,530.3,559.6
20,-0.0,336.28,7.638473182236092e-08,9.993937988281254e-16,6.062011718750003e-19,72,3,3,2,3/1/2,0,6,1,0.172119/0.218018/0.216064/0/0/0/0/0/0/0/0/0/0/0/0/0/0/0/0/0/0/0/0/0/0/0/0/0/0/0/0/0/0/0/0/0/0/0/0/0/0/0/0/0/0/0/0/0/0/0/0/0/0/0/0/0/0/0/0/0/0/0/0/0/0/0/0/0/0/0/0/0,380.599/310.744/310.744/0/0/0/0/0/0/0/0/0/0/0/0/0/0/0/0/0/0/0/0/0/0/0/0/0/0/0/0/0/0/0/0/0/0/0/0/0/0/0/0/0/0/0/0/0/0/0/0/0/0/0/0/0/0/0/0/0/0/0/0/0/0/0/0/0/0/0/0/0,,,406,9.522595861670566e-13,1.5859375000000006e-12,-3.875721336063858e-06,0.0,0,0.0,2058,4.429884805198636e-12,8.039062500000004e-12,1.947902136945634e-07,3.1074413252261747e-07,6.187184335382301e-07,1.1861708053595177e-06,0,1,nan,0.4851862734665826,3,3/1/2,2,727.5,1.0,,,1.261842842239992e-10,,,,,,,,,,,,,,0,2474,10,396992191.60947955,133565098.20321794,2.9722749202449577,2,-325678764.388622,-361315625.99734,-405984011.533426,-181223922.754173,-234639538.010874,-610952.004761,-344213579.3071,-153107002.814695,714,-227288.540117,-123969167.305255,-83997.571929,-127138.823154,-251403343.636705,-274136335.954915,-9.2071,9.2071,-1.635,1.635,0.014,1.0836,10.7705,1.7611,0.031,0.8547,0.9279,0.452,117,402,1270,,,
40,-0.0,568.35,7.638473182236092e-08,9.994560546875004e-16,5.439453125000003e-19,72,3,3,2,3/1/2,0,7,1,0.163818/0.189209/0.190918/0/0/0/0/0/0/0/0/0/0/0/0/0/0/0/0/0/0/0/0/0/0/0/0/0/0/0/0/0/0/0/0/0/0/0/0/0/0/0/0/0/0/0/0/0/0/0/0/0/0/0/0/0/0/0/0/0/0/0/0/0/0/0/0/0/0/0/0/0,380.599/310.742/310.742/0/0/0/0/0/0/0/0/0/0/0/0/0/0/0/0/0/0/0/0/0/0/0/0/0/0/0/0/0/0/0/0/0/0/0/0/0/0/0/0/0/0/0/0/0/0/0/0/0/0/0/0/0/0/0/0/0/0/0/0/0/0/0/0/0/0/0/0/0,,,374,8.916786316162305e-13,1.4609375000000006e-12,-3.877954869073737e-06,-0.035736528158065536,0,0.0,1880,3.99300641648463e-12,7.343750000000002e-12,1.94209407553937e-07,3.107420867397374e-07,6.187184335382301e-07,1.171863254388549e-06,0,1,nan,0.47750631291423606,3,3/1/2,2,675.3,1.0,,,1.1922141785444494e-10,,,,,,,,,,,,,,0,2220,9,390708245.55023384,133031438.72157858,2.9369617385552513,2,-365784119.980302,-327940941.59119,-408211065.102954,-179497397.562158,-187948173.109017,-539643.39854,-349556885.947892,-141787630.961084,599,-231070.859034,-428203.51149,-61106.896708,-122389.650795,-253443244.839921,-249809743.585321,-8.6248,8.6248,-1.472,1.472,0.0136,0.8379,11.4551,1.6387,0.0311,0.7527,0.8974,0.4363,93,380,1162,,,
60,-0.0,810.08,7.638473182236092e-08,9.994916992187505e-16,5.083007812500003e-19,72,3,3,2,3/1/2,0,1,1,0.162354/0.172852/0.173096/0/0/0/0/0/0/0/0/0/0/0/0/0/0/0/0/0/0/0/0/0/0/0/0/0/0/0/0/0/0/0/0/0/0/0/0/0/0/0/0/0/0/0/0/0/0/0/0/0/0/0/0/0/0/0/0/0/0/0/0/0/0/0/0/0/0/0/0/0,380.599/305.633/305.633/0/0/0/0/0/0/0/0/0/0/0/0/0/0/0/0/0/0/0/0/0/0/0/0/0/0/0/0/0/0/0/0/0/0/0/0/0/0/0/0/0/0/0/0/0/0/0/0/0/0/0/0/0/0/0/0/0/0/0/0/0/0/0/0/0/0/0/0/0,,,367,8.756241615154558e-13,1.4335937500000005e-12,-3.877466061246949e-06,-0.027915602929457543,0,0.0,1718,3.65763208613319e-12,6.710937500000003e-12,1.938347557485533e-07,3.056329623011829e-07,6.187184335382292e-07,1.0777612627246244e-06,0,1,nan,0.4742498753217473,3,3/1/2,2,653.6,1.0,,,1.1396707270369874e-10,,,,,,,,,,,,,,0,2082,1,388043742.51834697,132810314.76895893,2.921789193809233,2,-343748914.527144,-348856758.905166,-416307041.864261,-143586525.37823,-192456092.255697,-491812.75931,-349708057.977328,-131654508.474617,606,-178019.79938,-378618.707347,-26496.387364,-127159.0281,-247479219.129954,-234146382.766811,-6.555,6.555,-1.417,1.417,0.0133,0.8665,8.8358,1.5939,0.0317,0.7416,0.888,0.418,89,357,1036,,,
80,-0.0,1048.0,7.638473182236092e-08,9.995178222656254e-16,4.821777343750002e-19,72,3,3,2,3/1/2,0,1,1,0.160889/0.15918/0.162109/0/0/0/0/0/0/0/0/0/0/0/0/0/0/0/0/0/0/0/0/0/0/0/0/0/0/0/0/0/0/0/0/0/0/0/0/0/0/0/0/0/0/0/0/0/0/0/0/0/0/0/0/0/0/0/0/0/0/0/0/0/0/0/0/0/0/0/0/0,380.599/305.633/305.633/0/0/0/0/0/0/0/0/0/0/0/0/0/0/0/0/0/0/0/0/0/0/0/0/0/0/0/0/0/0/0/0/0/0/0/0/0/0/0/0/0/0/0/0/0/0/0/0/0/0/0/0/0/0/0/0/0/0/0/0/0/0/0/0/0/0/0/0/0,,,355,8.443342984280348e-13,1.3867187500000005e-12,-3.877610959987712e-06,-0.030233982781661447,0,0.0,1690,3.5881391256495605e-12,6.601562500000002e-12,1.9303319991036262e-07,3.056329623011829e-07,6.187184335382292e-07,1.047081989323159e-06,0,1,nan,0.4769377753519615,3,3/1/2,2,640.5,1.0,,,1.0946014734896933e-10,,,,,,,,,,,,,,0,1975,1,390243053.13815874,132646495.276019,2.941977866253586,2,-370460254.37121,-330702530.939468,-427570868.444965,-133647548.811729,-181084790.375847,-463368.427881,-338074465.688114,-134442976.64859,609,-174758.093672,-274695.160263,57876.989383,-120328.434181,-239765954.598645,-221397468.019565,-7.8562,7.8564,-1.2743,1.2743,0.0129,0.7654,11.5576,1.4669,0.032,0.6795,0.8674,0.4019,78,347,948,,,
100,-0.0,1294.56,7.638473182236092e-08,9.995517578125005e-16,4.482421875000002e-19,72,3,3,2,3/1/2,0,2,1,0.158691/0.144531/0.14502/0/0/0/0/0/0/0/0/0/0/0/0/0/0/0/0/0/0/0/0/0/0/0/0/0/0/0/0/0/0/0/0/0/0/0/0/0/0/0/0/0/0/0/0/0/0/0/0/0/0/0/0/0/0/0/0/0/0/0/0/0/0/0/0/0/0/0/0/0,380.599/305.633/305.633/0/0/0/0/0/0/0/0/0/0/0/0/0/0/0/0/0/0/0/0/0/0/0/0/0/0/0/0/0/0/0/0/0/0/0/0/0/0/0/0/0/0/0/0/0/0/0/0/0/0/0/0/0/0/0/0/0/0/0/0/0/0/0/0/0/0/0/0/0,1-2:0.405408/1-3:0.39322,1-2:-59.72/1-3:-65.073,340,7.986281194680961e-13,1.3281250000000005e-12,-3.870886790628454e-06,0.0773527269664698,0,0.0,1656,3.5425643342261963e-12,6.468750000000003e-12,1.9125966704429187e-07,3.056329623011829e-07,5.30330085889911e-07,1.030710266892662e-06,0,1,nan,0.4797330963000545,3,3/1/2,2,592.1,1.0,,,1.0584805084449078e-10,1,3,1,1,1,1/0/0,1.0,3,995,1053,530,3,3,0,1836,1,392530258.3830774,132540844.38366358,2.961579581059761,2,-387988000.196087,-345383819.894666,-427398945.023917,-127082701.655744,-175905526.203071,-429824.345741,-331654950.157802,-131235280.727887,577,-209319.904326,-234255.547637,-97719.095163,-117818.041517,-232633631.605876,-240533166.207009,-9.4863,9.4863,-1.2394,1.2394,0.013,0.7848,14.2228,1.5118,0.0336,0.6667,0.8182,0.3844,51,330,882,1387.6,795.5,396.6
120,1.0184666e-05,1651.47,7.066431797835207e-08,9.990397949218756e-16,9.602050781250005e-19,72,6,6,5,6/3/1/2/4/5,0,7,1,0.157715/0.101563/0.098877/0.169434/0.22168/0.210938/0/0/0/0/0/0/0/0/0/0/0/0/0/0/0/0/0/0/0/0/0/0/0/0/0/0/0/0/0/0/0/0/0/0/0/0/0/0/0/0/0/0/0/0/0/0/0/0/0/0/0/0/0/0/0/0/0/0/0/0/0/0/0/0/0/0,382.04/242.333/242.331/247.444/310.746/310.746/0/0/0/0/0/0/0/0/0/0/0/0/0/0/0/0/0/0/0/0/0/0/0/0/0/0/0/0/0/0/0/0/0/0/0/0/0/0/0/0/0/0/0/0/0/0/0/0/0/0/0/0/0/0/0/0/0/0/0/0/0/0/0/0/0/0,,,1039,2.435315815748829e-12,4.058593750000002e-12,-3.6793829387408616e-06,3.141414357167944,0,0.0,2936,6.2005434519813986e-12,1.1468750000000004e-11,4.268499852347712e-07,2.7909518637659647e-07,5.745242597140706e-07,1.1227480870970589e-06,0,1,nan,0.44692613065936576,6,6/3/1/2/4/5,5,778.1,1.0,,,2.543188374114982e-10,,,,,,,,,,,,,,0,3931,3,395289786.4912185,141137956.70662782,2.8007333797022143,4,-384256158.660356,-402812142.744157,-435289302.15386,-148161861.772904,-248345274.973704,-549035.141997,-406431505.636218,-122900309.703777,1089,-205774.854139,-351589.9166,157322.293795,324726.316124,-241674129.216485,-309096192.86703,-6.9585,6.9587,-1.4571,1.4572,0.0101,0.8293,10.724,1.7215,0.0319,0.6481,0.8452,0.3171,162,478,2220,,,
140,1.0184666e-05,1923.1,7.066431797835207e-08,9.990932617187505e-16,9.067382812500004e-19,72,6,6,5,6/3/1/2/4/5,0,7,1,0.15625/0.101318/0.0944824/0.165771/0.206299/0.182617/0/0/0/0/0/0/0/0/0/0/0/0/0/0/0/0/0/0/0/0/0/0/0/0/0/0/0/0/0/0/0/0/0/0/0/0/0/0/0/0/0/0/0/0/0/0/0/0/0/0/0/0/0/0/0/0/0/0/0/0/0/0/0/0/0/0,382.04/242.333/242.331/247.444/310.746/310.744/0/0/0/0/0/0/0/0/0/0/0/0/0/0/0/0/0/0/0/0/0/0/0/0/0/0/0/0/0/0/0/0/0/0/0/0/0/0/0/0/0/0/0/0/0/0/0/0/0/0/0/0/0/0/0/0/0/0/0/0/0/0/0/0/0/0,,,1002,2.352905682041409e-12,3.914062500000002e-12,-3.6708161992307573e-06,3.2784821893296137,0,0.0,2830,5.9672297377563675e-12,1.1054687500000005e-11,4.2232062384356093e-07,2.790941634851573e-07,5.745242597140706e-07,1.0931008994253572e-06,0,1,nan,0.45115967399011153,6,6/3/1/2/4/5,5,747.9,1.0,,,2.427100666730631e-10,,,,,,,,,,,,,,0,3710,5,399034200.4435709,141000478.3805729,2.8300201887722816,2,-398544905.770126,-382391774.220922,-440200903.125589,-150304073.799347,-195045381.822742,-547693.171807,-410797696.973063,-121076727.908398,1144,-119631.261839,-247666.952311,684976.810857,290414.970648,-308823609.528133,-279182467.701961,-6.6217,6.623,-1.2148,1.215,0.0097,0.6679,11.5091,1.5414,0.0331,0.5748,0.7855,0.2933,127,415,2042,,,
160,1.0184666e-05,2200.54,7.066431797835207e-08,9.991342773437505e-16,8.657226562500004e-19,72,6,6,5,6/3/1/2/4/5,0,7,1,0.155273/0.098877/0.0917969/0.162109/0.193848/0.163818/0/0/0/0/0/0/0/0/0/0/0/0/0/0/0/0/0/0/0/0/0/0/0/0/0/0/0/0/0/0/0/0/0/0/0/0/0/0/0/0/0/0/0/0/0/0/0/0/0/0/0/0/0/0/0/0/0/0/0/0/0/0/0/0/0/0,383.482/242.333/242.331/247.444/310.746/310.744/0/0/0/0/0/0/0/0/0/0/0/0/0/0/0/0/0/0/0/0/0/0/0/0/0/0/0/0/0/0/0/0/0/0/0/0/0/0/0/0/0/0/0/0/0/0/0/0/0/0/0/0/0/0/0/0/0/0/0/0/0/0/0/0/0/0,,,979,2.299966820633844e-12,3.824218750000002e-12,-3.6726638441698574e-06,3.2489198703040123,0,0.0,2796,5.932205362216923e-12,1.0921875000000004e-11,4.2222947754004025e-07,2.790941634851573e-07,5.745242597140701e-07,1.031742352622426e-06,0,1,nan,0.4558639833158475,6,6/3/1/2/4/5,5,748.9,1.0,,,2.3528641107272386e-10,,,,,,,,,,,,,,0,3546,1,403194989.66888505,140914189.18058366,2.8612802728629734,2,-408887977.322686,-386994933.44885,-444080406.197457,-58448488.184276,-184940084.653385,-505145.647164,-403962497.35323,-109630530.362667,1124,34230.373512,-239171.875705,568315.798911,339340.000091,-275821655.839845,-255428620.204196,-5.356,5.358,-1.1043,1.1046,0.0095,0.6291,10.6128,1.4497,0.0354,0.5041,0.7589,0.2667,123,394,1912,,,
180,1.0184666e-05,2483.96,7.066431797835207e-08,9.991691894531255e-16,8.308105468750004e-19,72,6,6,5,6/3/1/2/4/5,0,10,1,0.154297/0.0976563/0.0900879/0.160889/0.179688/0.148193/0/0/0/0/0/0/0/0/0/0/0/0/0/0/0/0/0/0/0/0/0/0/0/0/0/0/0/0/0/0/0/0/0/0/0/0/0/0/0/0/0/0/0/0/0/0/0/0/0/0/0/0/0/0/0/0/0/0/0/0/0/0/0/0/0/0,383.482/242.333/242.331/247.444/305.635/304.194/0/0/0/0/0/0/0/0/0/0/0/0/0/0/0/0/0/0/0/0/0/0/0/0/0/0/0/0/0/0/0/0/0/0/0/0/0/0/0/0/0/0/0/0/0/0/0/0/0/0/0/0/0/0/0/0/0/0/0/0/0/0/0/0/0/0,,,971,2.2795466937077522e-12,3.792968750000002e-12,-3.6776604063985206e-06,3.168974874645399,0,0.0,2736,5.820594099602891e-12,1.0687500000000003e-11,4.2179796089430113e-07,2.758188779200829e-07,5.745242597140701e-07,1.0153706301919292e-06,0,1,nan,0.45826017858691653,6,6/3/1/2/4/5,5,751.0,1.0,,,2.3005031014940428e-10,,,,,,,,,,,,,,0,3401,3,405314336.5857788,140879336.6415371,2.8770318362379004,2,-406706610.727039,-378778295.641242,-447135307.566569,-665385.369405,-166126953.026063,-500775.406855,-403543103.327324,-111347444.137738,1113,-4184.298468,-227724.763177,761883.680622,434373.542148,-280368863.748122,-232987565.898466,-4.7584,4.7608,-1.031,1.0314,0.009,0.5209,10.1196,1.3742,0.0361,0.4696,0.7472,0.247,115,360,1822,,,
200,1.0184666e-05,2768.58,7.066431797835207e-08,9.991950683593755e-16,8.049316406250003e-19,72,6,6,5,6/3/1/2/4/5,0,9,1,0.153809/0.097168/0.0895996/0.158936/0.168457/0.136963/0/0/0/0/0/0/0/0/0/0/0/0/0/0/0/0/0/0/0/0/0/0/0/0/0/0/0/0/0/0/0/0/0/0/0/0/0/0/0/0/0/0/0/0/0/0/0/0/0/0/0/0/0/0/0/0/0/0/0/0/0/0/0/0/0/0,383.482/242.331/243.77/247.444/305.635/304.192/0/0/0/0/0/0/0/0/0/0/0/0/0/0/0/0/0/0/0/0/0/0/0/0/0/0/0/0/0/0/0/0/0/0/0/0/0/0/0/0/0/0/0/0/0/0/0/0/0/0/0/0/0/0/0/0/0/0/0/0/0/0/0/0/0/0,1-2:0.389763/1-3:0.374528/2-4:0.417187/3-6:0.40359/4-5:0.661461,1-2:-59.708/1-3:-65.088/2-4:-55.814/3-6:-69.012/4-5:-51.853,958,2.2465285859738495e-12,3.742187500000002e-12,-3.6752098641460126e-06,3.2081835506855287,0,0.0,2722,5.799035575285262e-12,1.0632812500000004e-11,4.211482353719486e-07,2.758178550286429e-07,5.30330085889911e-07,9.785696670347428e-07,0,1,nan,0.45949704241366,6,6/3/1/2/4/5,5,751.7,1.0,,,2.2582440197375449e-10,1,6,1,1,1,1/0/0,1.0,6,1730,1245,619,6,6,0,3296,2,406408297.3198956,140867728.08869472,2.885034797068696,2,-415427887.109001,-386858630.571788,-448327552.168901,-708582.377386,-173327127.658874,-503460.688527,-402521389.447722,-103436371.445431,1098,83114.002957,-218597.674225,833023.238209,453211.029895,-312745213.889095,-251810014.108382,-5.4127,5.4157,-1.0518,1.0526,0.0093,0.475,11.6148,1.4557,0.0375,0.4655,0.7197,0.2469,116,314,1774,1366.6,795.5,385.7
220,2.0369332e-05,3157.1,6.574100727035609e-08,9.986699218750004e-16,1.3300781250000006e-18,72,9,9,8,7/6/3/1/2/4/5/8/9,0,17,1,0.154297/0.0966797/0.088623/0.157959/0.122314/0.0969238/0.211182/0.174561/0.227539/0/0/0/0/0/0/0/0/0/0/0/0/0/0/0/0/0/0/0/0/0/0/0/0/0/0/0/0/0/0/0/0/0/0/0/0/0/0/0/0/0/0/0/0/0/0/0/0/0/0/0/0/0/0/0/0/0/0/0/0/0/0/0,383.482/242.331/243.77/247.444/242.337/240.892/310.744/247.446/310.748/0/0/0/0/0/0/0/0/0/0/0/0/0/0/0/0/0/0/0/0/0/0/0/0/0/0/0/0/0/0/0/0/0/0/0/0/0/0/0/0/0/0/0/0/0/0/0/0/0/0/0/0/0/0/0/0/0/0/0/0/0/0/0,,,1675,3.916963760268679e-12,6.542968750000003e-12,-3.513305149777098e-06,5.798658980588162,0,0.0,4024,8.505587769761284e-12,1.5718750000000007e-11,6.376596375712734e-07,2.474441944476971e-07,6.187184335382284e-07,1.1105047075856187e-06,0,1,nan,0.4095452059608065,9,7/6/3/1/2/4/5/8/9,8,841.8,1.0,,,3.77382202712662e-10,,,,,,,,,,,,,,0,5448,1,389354779.23673993,148047372.57106286,2.629933733203197,2,-389623825.008913,-416517898.489006,-451817319.023912,-129197381.087155,-230543358.026075,-541806.511644,-424717232.65325,-49257549.004714,1558,-92677.014168,-235282.082452,1101437.711541,1124771.597986,-270628066.750588,-308953525.385316,-5.3262,5.3282,-1.1682,1.1693,0.0082,0.525,8.8437,1.5455,0.0317,0.6019,0.7538,0.2566,216,528,3153,,,
240,2.0369332e-05,3471.83,6.574100727035609e-08,9.987265625000004e-16,1.2734375000000007e-18,72,9,9,8,7/6/3/1/2/4/5/8/9,0,14,1,0.154297/0.0964355/0.0883789/0.156982/0.117676/0.0895996/0.188965/0.168457/0.212646/0/0/0/0/0/0/0/0/0/0/0/0/0/0/0/0/0/0/0/0/0/0/0/0/0/0/0/0/0/0/0/0/0/0/0/0/0/0/0/0/0/0/0/0/0/0/0/0/0/0/0/0/0/0/0/0/0/0/0/0/0/0/0,383.482/242.331/243.77/247.444/242.337/240.892/310.744/247.446/310.744/0/0/0/0/0/0/0/0/0/0/0/0/0/0/0/0/0/0/0/0/0/0/0/0/0/0/0/0/0/0/0/0/0/0/0/0/0/0/0/0/0/0/0/0/0/0/0/0/0/0/0/0/0/0/0/0/0/0/0/0/0/0/0,,,1641,3.839738360500705e-12,6.4101562500000025e-12,-3.4999869411461203e-06,6.011750318683805,0,0.0,3966,8.405346000145301e-12,1.5492187500000005e-11,6.286517153948975e-07,2.474441944476971e-07,6.187184335382284e-07,1.1105047075856187e-06,0,1,nan,0.4113134085799461,9,7/6/3/1/2/4/5/8/9,8,779.5,1.0,,,3.656309401113058e-10,,,,,,,,,,,,,,0,5215,2,391035810.1227096,147940243.12624034,2.6432010780800934,2,-413568540.01017,-396795832.000725,-454046699.388642,-629474.859004,-185437492.594964,-539447.492645,-421127666.287367,-1143181.559903,1561,-82323.271576,-222300.723447,1042264.813716,1094653.634827,-290711030.558957,-284908385.623179,-4.4535,4.4556,-1.0291,1.0303,0.0078,0.4847,9.3123,1.4168,0.032,0.4778,0.7237,0.2428,180,456,3023,,,
260,2.0369332e-05,3778.73,6.574100727035609e-08,9.987590332031254e-16,1.2409667968750006e-18,72,9,9,8,7/6/3/1/2/4/5/8/9,0,14,1,0.153564/0.0964355/0.0883789/0.156738/0.116943/0.090332/0.168701/0.166504/0.203369/0/0/0/0/0/0/0/0/0/0/0/0/0/0/0/0/0/0/0/0/0/0/0/0/0/0/0/0/0/0/0/0/0/0/0/0/0/0/0/0/0/0/0/0/0/0/0/0/0/0/0/0/0/0/0/0/0/0/0/0/0/0/0,383.482/242.331/245.206/247.444/242.337/240.892/310.744/247.446/307.079/0/0/0/0/0/0/0/0/0/0/0/0/0/0/0/0/0/0/0/0/0/0/0/0/0/0/0/0/0/0/0/0/0/0/0/0/0/0/0/0/0/0/0/0/0/0/0/0/0/0/0/0/0/0/0/0/0/0/0/0/0/0/0,,,1634,3.825002724350777e-12,6.382812500000002e-12,-3.4990709306565495e-06,6.026406486516937,0,0.0,3890,8.226518827553577e-12,1.5195312500000005e-11,6.279164275524621e-07,2.474441944476971e-07,5.74524259714071e-07,1.1105047075856187e-06,0,1,nan,0.4134201558828632,9,7/6/3/1/2/4/5/8/9,8,776.4,1.0,,,3.5743222841348995e-10,,,,,,,,,,,,,,0,5082,2,393038695.5651371,147880193.19777882,2.6578183803119386,2,-413101325.534363,-399474845.274519,-454999647.368946,-616833.896128,-166687981.393357,-529387.812412,-424451981.465187,-1021335.936243,1499,-76079.665798,-223941.233713,1034732.421505,871968.719959,-291720785.014287,-264994549.674692,-4.5108,4.5131,-0.9193,0.9201,0.0076,0.4132,9.4032,1.2965,0.0323,0.4793,0.7058,0.2336,169,452,2967,,,
280,2.0369332e-05,4105.82,6.574100727035609e-08,9.987917480468755e-16,1.2082519531250005e-18,72,9,9,8,7/6/3/1/2/4/5/8/9,0,15,1,0.15332/0.0957031/0.0878906/0.15625/0.114746/0.0898438/0.157959/0.163818/0.188721/0/0/0/0/0/0/0/0/0/0/0/0/0/0/0/0/0/0/0/0/0/0/0/0/0/0/0/0/0/0/0/0/0/0/0/0/0/0/0/0/0/0/0/0/0/0/0/0/0/0/0/0/0/0/0/0/0/0/0/0/0/0/0,383.482/242.331/245.216/247.444/242.337/240.892/310.744/247.446/307.076/0/0/0/0/0/0/0/0/0/0/0/0/0/0/0/0/0/0/0/0/0/0/0/0/0/0/0/0/0/0/0/0/0/0/0/0/0/0/0/0/0/0/0/0/0/0/0/0/0/0/0/0/0/0/0/0/0/0/0/0/0/0/0,,,1621,3.7906656548045966e-12,6.332031250000003e-12,-3.497022313285394e-06,6.059184364455428,0,0.0,3838,8.134009369360511e-12,1.4992187500000007e-11,6.273440998410937e-07,2.474441944476971e-07,5.74524259714071e-07,1.1084405361260892e-06,0,1,nan,0.4139635657240443,9,7/6/3/1/2/4/5/8/9,8,778.6,1.0,,,3.5127038055445023e-10,,,,,,,,,,,,,,0,4949,1,393555315.5027378,147817352.03939766,2.6624432793102923,2,-412750356.738487,-398902921.442235,-456501305.950715,-327707.471088,-163033149.313344,-520977.97419,-419585159.441136,-1005418.525703,1507,-24015.791068,-220981.538904,1425249.524597,942938.413899,-334121689.708775,-257542573.985283,-4.212,4.2166,-0.9267,0.9274,0.0073,0.3499,10.1134,1.2905,0.0336,0.4161,0.7149,0.2171,161,442,2847,,,
300,2.0369332e-05,4444.32,6.574100727035609e-08,9.988198242187504e-16,1.1801757812500006e-18,72,9,9,8,7/6/3/1/2/4/5/8/9,0,14,1,0.15332/0.0959473/0.0871582/0.156006/0.114014/0.0874023/0.144531/0.161377/0.18042/0/0/0/0/0/0/0/0/0/0/0/0/0/0/0/0/0/0/0/0/0/0/0/0/0/0/0/0/0/0/0/0/0/0/0/0/0/0/0/0/0/0/0/0/0/0/0/0/0/0/0/0/0/0/0/0/0/0/0/0/0/0/0,383.482/242.331/245.216/247.444/242.337/240.892/305.635/247.446/307.076/0/0/0/0/0/0/0/0/0/0/0/0/0/0/0/0/0/0/0/0/0/0/0/0/0/0/0/0/0/0/0/0/0/0/0/0/0/0/0/0/0/0/0/0/0/0/0/0/0/0/0/0/0/0/0/0/0/0/0/0/0/0/0,1-2:0.389763/1-3:0.371071/2-4:0.412412/3-6:0.381851/4-5:0.631899/5-8:0.500007/6-7:0.390582/8-9:0.684838,1-2:-59.708/1-3:-65.075/2-4:-55.818/3-6:-69.004/4-5:-51.859/5-8:-47.919/6-7:-72.859/8-9:-43.965,1610,3.762422998175935e-12,6.2890625000000025e-12,-3.494847443135116e-06,6.093982286859874,0,0.0,3804,8.080521062786341e-12,1.4859375000000005e-11,6.246223286187796e-07,2.474441944476971e-07,5.30330085889911e-07,1.0164027159216933e-06,0,1,nan,0.4143291165548294,9,7/6/3/1/2/4/5/8/9,8,778.1,1.0,,,3.459955661944672e-10,1,9,1,1,1,1/0/0,1.0,9,2468,1327,619,9,9,0,4830,5,393902844.8131743,147774813.70533115,2.665561437273284,2,-404820130.606789,-402962027.542634,-457841690.192311,-298621.918342,-128103299.479895,-506456.521074,-417896734.614183,-1168010.485706,1505,39201.598073,-205957.907956,1401260.572312,1021873.648274,-334339555.68048,-239023505.378534,-3.3057,3.3096,-0.8248,0.8256,0.007,0.3631,9.5675,1.2289,0.0341,0.345,0.6675,0.2051,171,421,2745,1290.5,729.2,376.2
320,3.0553998e-05,4862.16,6.145904459109765e-08,9.982829589843755e-16,1.7170410156250007e-18,72,12,12,11,12/7/6/3/1/2/4/5/8/9/10/11,0,16,1,0.15332/0.095459/0.0869141/0.155029/0.113525/0.0861816/0.0983887/0.1604/0.134766/0.17627/0.233887/0.2229/0/0/0/0/0/0/0/0/0/0/0/0/0/0/0/0/0/0/0/0/0/0/0/0/0/0/0/0/0/0/0/0/0/0/0/0/0/0/0/0/0/0/0/0/0/0/0/0/0/0/0/0/0/0/0/0/0/0/0/0,383.482/242.331/245.216/250.317/242.337/240.892/242.335/247.446/243.779/243.779/310.746/310.744/0/0/0/0/0/0/0/0/0/0/0/0/0/0/0/0/0/0/0/0/0/0/0/0/0/0/0/0/0/0/0/0/0/0/0/0/0/0/0/0/0/0/0/0/0/0/0/0/0/0/0/0/0/0/0/0/0/0/0/0,,,2340,5.486976856249647e-12,9.140625000000004e-12,-3.3381188939740346e-06,8.601639073437175,0,0.0,5104,1.075196654320908e-11,1.993750000000001e-11,8.45617379387348e-07,2.4449724004653567e-07,5.745242597140693e-07,1.1473056707428043e-06,0,1,nan,0.36939148103018393,12,12/7/6/3/1/2/4/5/8/9/10/11,11,884.3,1.0,,,4.98709917354112e-10,,,,,,,,,,,,,,0,7033,1,375648006.21275276,157096497.58926812,2.391192750807799,3,-392108005.658091,-421760529.958329,-457482691.457882,-554834.821569,-219381286.255565,-513553.398864,-425335750.565338,-1080335.077149,1998,-34928.520329,-211093.850584,1087599.05708,1090865.252199,-247244961.507071,-309190854.704515,-2.9704,2.9722,-1.0438,1.0446,0.0066,0.3795,6.5383,1.4311,0.0296,0.4536,0.7271,0.2227,302,601,4145,,,
340,3.0553998e-05,5204.36,6.145904459109765e-08,9.983334960937505e-16,1.6665039062500008e-18,72,12,12,11,12/7/6/3/1/2/4/5/8/9/10/11,0,16,1,0.152832/0.0947266/0.0866699/0.155029/0.113037/0.0861816/0.0976563/0.158691/0.130127/0.173584/0.217041/0.200928/0/0/0/0/0/0/0/0/0/0/0/0/0/0/0/0/0/0/0/0/0/0/0/0/0/0/0/0/0/0/0/0/0/0/0/0/0/0/0/0/0/0/0/0/0/0/0/0/0/0/0/0/0/0/0/0/0/0/0/0,383.482/242.331/245.216/250.317/242.337/240.892/242.335/247.446/243.779/243.779/310.744/310.744/0/0/0/0/0/0/0/0/0/0/0/0/0/0/0/0/0/0/0/0/0/0/0/0/0/0/0/0/0/0/0/0/0/0/0/0/0/0/0/0/0/0/0/0/0/0/0/0/0/0/0/0/0/0/0/0/0/0/0/0,,,2318,5.435766111627134e-12,9.054687500000003e-12,-3.337262855092725e-06,8.61533569553813,0,0.0,5020,1.0604151210545716e-11,1.9609375000000008e-11,8.431861669996775e-07,2.4449724004653567e-07,5.745242597140693e-07,1.1473056707428043e-06,0,1,nan,0.36924248352175354,12,12/7/6/3/1/2/4/5/8/9/10/11,11,841.4,1.0,,,4.885334128884904e-10,,,,,,,,,,,,,,0,6826,1,375496485.0763788,157032278.70562363,2.391205732805376,2,-397890560.89415,-413138656.207461,-458311087.068767,-296451.71707,-180806723.303674,-512739.610647,-426659916.021983,-963542.08162,1967,181160.287313,-202536.901884,1099847.816191,1135711.438553,-290536464.972141,-290963403.304317,-2.6459,2.6487,-0.8941,0.8949,0.0064,0.3896,7.0259,1.2962,0.0293,0.376,0.6869,0.216,250,559,4060,,,
360,3.0553998e-05,5543.74,6.145904459109765e-08,9.983659667968755e-16,1.6340332031250007e-18,72,12,12,11,12/7/6/3/1/2/4/5/8/9/10/11,0,15,1,0.152588/0.0939941/0.0864258/0.155029/0.112061/0.0859375/0.0959473/0.157959/0.128662/0.169678/0.209961/0.185791/0/0/0/0/0/0/0/0/0/0/0/0/0/0/0/0/0/0/0/0/0/0/0/0/0/0/0/0/0/0/0/0/0/0/0/0/0/0/0/0/0/0/0/0/0/0/0/0/0/0/0/0/0/0/0/0/0/0/0/0,383.482/242.331/245.216/250.317/242.335/240.892/242.335/247.446/243.779/243.779/310.744/310.744/0/0/0/0/0/0/0/0/0/0/0/0/0/0/0/0/0/0/0/0/0/0/0/0/0/0/0/0/0/0/0/0/0/0/0/0/0/0/0/0/0/0/0/0/0/0/0/0/0/0/0/0/0/0/0/0/0/0/0/0,,,2291,5.364045149660303e-12,8.949218750000003e-12,-3.335319328495691e-06,8.64643212109067,0,0.0,4962,1.049072186858984e-11,1.9382812500000007e-11,8.401154641600308e-07,2.4449724004653567e-07,5.745242597140693e-07,1.1473056707428043e-06,0,1,nan,0.37065501412658297,12,12/7/6/3/1/2/4/5/8/9/10/11,11,827.5,1.0,,,4.812139287665204e-10,,,,,,,,,,,,,,0,6693,1,376932940.2537935,156977978.866577,2.4011835480068613,2,-417780167.562712,-410478104.380535,-459225109.840199,-267895.742607,-159471961.901148,-506754.464342,-425493214.198382,-909205.300395,1995,233520.770269,-207209.65577,909072.807422,1164338.209192,-307006838.931031,-272324002.035271,-2.6732,2.6764,-0.8285,0.8293,0.0062,0.3682,8.1642,1.2362,0.0296,0.3268,0.6667,0.2081,205,510,3984,,,
380,3.0553998e-05,5852.88,6.145904459109765e-08,9.983937988281254e-16,1.6062011718750007e-18,72,12,12,11,12/7/6/3/1/2/4/5/8/9/10/11,0,16,1,0.152832/0.0939941/0.0856934/0.153564/0.111572/0.0842285/0.0952148/0.157715/0.128418/0.167236/0.201172/0.174561/0/0/0/0/0/0/0/0/0/0/0/0/0/0/0/0/0/0/0/0/0/0/0/0/0/0/0/0/0/0/0/0/0/0/0/0/0/0/0/0/0/0/0/0/0/0/0/0/0/0/0/0/0/0/0/0/0/0/0/0,383.482/242.331/245.216/250.317/242.335/240.887/242.335/247.446/243.779/243.779/310.744/310.744/0/0/0/0/0/0/0/0/0/0/0/0/0/0/0/0/0/0/0/0/0/0/0/0/0/0/0/0/0/0/0/0/0/0/0/0/0/0/0/0/0/0/0/0/0/0/0/0/0/0/0/0/0/0/0/0/0/0/0/0,,,2272,5.316700816472108e-12,8.875000000000003e-12,-3.333220021158607e-06,8.680021038484014,0,0.0,4974,1.054838713207991e-11,1.9429687500000008e-11,8.391190521279975e-07,2.4449724004653567e-07,5.745242597140693e-07,1.1319660340420719e-06,0,1,nan,0.3706616520023327,12,12/7/6/3/1/2/4/5/8/9/10/11,11,828.7,1.0,,,4.756992821076493e-10,,,,,,,,,,,,,,0,6576,4,376939690.5577905,156937563.4676397,2.401844926281877,2,-416900420.288409,-410896395.344326,-459688687.320259,-268121.342084,-149607172.667624,-502191.252958,-424483516.057127,-794434.003871,1942,236320.017746,-209493.639401,877769.458041,1180441.680771,-293227620.374945,-286178431.934781,-2.3294,2.333,-0.8005,0.8012,0.0062,0.3147,7.6011,1.2052,0.0301,0.3058,0.6603,0.2032,206,527,3908,,,
400,3.0553998e-05,6176.22,6.145904459109765e-08,9.984145507812505e-16,1.5854492187500008e-18,72,12,12,11,12/7/6/3/1/2/4/5/8/9/10/11,0,16,1,0.152344/0.0939941/0.0852051/0.153076/0.11084/0.0834961/0.0935059/0.157471/0.128418/0.165283/0.196045/0.165771/0/0/0/0/0/0/0/0/0/0/0/0/0/0/0/0/0/0/0/0/0/0/0/0/0/0/0/0/0/0/0/0/0/0/0/0/0/0/0/0/0/0/0/0/0/0/0/0/0/0/0/0/0/0/0/0/0/0/0/0,383.482/242.331/245.216/250.317/242.335/240.887/242.335/247.446/243.779/243.779/309.305/310.744/0/0/0/0/0/0/0/0/0/0/0/0/0/0/0/0/0/0/0/0/0/0/0/0/0/0/0/0/0/0/0/0/0/0/0/0/0/0/0/0/0/0/0/0/0/0/0/0/0/0/0/0/0/0/0/0/0/0/0/0,1-2:0.389763/1-3:0.368024/2-4:0.398495/3-6:0.362749/4-5:0.624077/5-8:0.470945/6-7:0.353608/7-12:0.434061/8-9:0.669603/9-10:0.523155/10-11:0.691342,1-2:-59.708/1-3:-65.075/2-4:-55.81/3-6:-69.014/4-5:-51.857/5-8:-47.923/6-7:-72.87/7-12:-76.762/8-9:-43.965/9-10:-40.003/10-11:-36.038,2261,5.285820364080321e-12,8.832031250000003e-12,-3.3287610525980306e-06,8.751364535453238,0,0.0,5014,1.0667633375239967e-11,1.9585937500000007e-11,8.37364540355597e-07,2.4449724004653567e-07,5.745242597140693e-07,1.1319660340420719e-06,0,1,nan,0.3712723685443295,12,12/7/6/3/1/2/4/5/8/9/10/11,11,827.8,1.0,,,4.711879433588036e-10,1,12,1,1,1,1/0/0,1.0,12,3213,1501,619,12,12,0,6490,5,377560751.04008,156915346.62313977,2.4061429246105517,2,-414790377.943939,-402266189.436856,-460784979.643598,-275857.529236,-136493777.950702,-493633.506743,-424043995.64749,-760624.402897,1964,234553.736562,-201620.559139,387655.488867,1186808.134765,-305798131.304753,-270442832.961763,-2.2236,2.2273,-0.7817,0.7826,0.0061,0.3074,8.0016,1.1828,0.0315,0.2772,0.657,0.1936,202,519,3812,1237.3,751.3,345.7
420,4.0738664e-05,6601.44,5.7700773049183284e-08,9.978786621093754e-16,2.121337890625001e-18,72,15,15,14,15/13/12/7/6/3/1/2/4/5/8/9/10/11/14,0,16,1,0.151855/0.09375/0.0847168/0.152588/0.109863/0.0830078/0.0927734/0.156494/0.127686/0.163574/0.144531/0.117188/0.177979/0.227051/0.238281/0/0/0/0/0/0/0/0/0/0/0/0/0/0/0/0/0/0/0/0/0/0/0/0/0/0/0/0/0/0/0/0/0/0/0/0/0/0/0/0/0/0/0/0/0/0/0/0/0/0/0/0/0/0/0/0/0,383.482/242.331/245.216/250.317/242.335/240.887/242.335/247.446/243.779/243.779/243.779/247.444/247.446/308.52/308.522/0/0/0/0/0/0/0/0/0/0/0/0/0/0/0/0/0/0/0/0/0/0/0/0/0/0/0/0/0/0/0/0/0/0/0/0/0/0/0/0/0/0/0/0/0/0/0/0/0/0/0/0/0/0/0/0/0,,,3038,7.127211004380139e-12,1.1867187500000005e-11,-3.5534090691206792e-06,5.156996271090862,0,0.0,6242,1.3153976066425573e-11,2.438281250000001e-11,1.1157814568526717e-06,2.4521591760945273e-07,6.187184335382276e-07,1.18410663389999e-06,0,1,nan,0.33312722436177106,15,15/13/12/7/6/3/1/2/4/5/8/9/10/11/14,14,925.8,1.0,,,6.267401612964974e-10,,,,,,,,,,,,,,0,8689,1,360834880.06068224,166422661.95077884,2.1681835624489816,2,-399058694.627676,-425553915.789551,-462304636.711751,-460310.899909,-206714434.54673,-506625.177936,-428322299.651403,-707113.062351,2440,213361.291114,-211253.83064,1086177.567468,1186129.027007,-246145984.202486,-308391626.485174,-2.3116,2.3148,-0.9233,0.9239,0.0057,0.3298,5.7607,1.2776,0.028,0.4006,0.7197,0.2012,327,710,5224,,,
440,4.0738664e-05,6931.59,5.7700773049183284e-08,9.979250488281254e-16,2.074951171875001e-18,72,15,15,14,15/13/12/7/6/3/1/2/4/5/8/9/10/11/14,0,16,1,0.151855/0.09375/0.0842285/0.152344/0.109375/0.0825195/0.0913086/0.155273/0.127686/0.162598/0.137695/0.116211/0.172119/0.215332/0.222656/0/0/0/0/0/0/0/0/0/0/0/0/0/0/0/0/0/0/0/0/0/0/0/0/0/0/0/0/0/0/0/0/0/0/0/0/0/0/0/0/0/0/0/0/0/0/0/0/0/0/0/0/0/0/0/0/0,383.482/243.766/245.216/250.317/242.335/240.887/242.335/247.446/243.779/243.779/243.777/247.444/247.444/308.52/308.522/0/0/0/0/0/0/0/0/0/0/0/0/0/0/0/0/0/0/0/0/0/0/0/0/0/0/0/0/0/0/0/0/0/0/0/0/0/0/0/0/0/0/0/0/0/0/0/0/0/0/0/0/0/0/0/0/0,,,3001,7.022381844261181e-12,1.1722656250000004e-11,-3.5429868066102864e-06,5.323752471257147,0,0.0,6200,1.308138672259902e-11,2.421875000000001e-11,1.1079199416608297e-06,2.4521591760945273e-07,6.187184335382276e-07,1.18410663389999e-06,0,1,nan,0.33284089328222083,15,15/13/12/7/6/3/1/2/4/5/8/9/10/11/14,14,925.5,1.0,,,6.174993772326718e-10,,,,,,,,,,,,,,0,8499,1,360524733.56651586,166342229.90538,2.1673674434423065,2,-405093125.713331,-416306797.214371,-462670931.015757,-314670.067101,-169416223.568798,-506499.730822,-428596348.997226,-687328.655573,2470,255121.662111,-206191.855958,13385833.048591,685131.015778,-284311445.802207,-299854239.028575,-2.3038,2.3104,-0.7968,0.7974,0.0054,0.3158,6.2103,1.1857,0.0276,0.3708,0.6682,0.1942,267,648,5119,,,
460,4.0738664e-05,7257.83,5.7700773049183284e-08,9.979497070312504e-16,2.050292968750001e-18,72,15,15,14,15/13/12/7/6/3/1/2/4/5/8/9/10/11/14,0,15,1,0.1521/0.09375/0.0842285/0.152344/0.108643/0.0820313/0.0905762/0.155029/0.127441/0.162109/0.135742/0.116943/0.169189/0.205811/0.214355/0/0/0/0/0/0/0/0/0/0/0/0/0/0/0/0/0/0/0/0/0/0/0/0/0/0/0/0/0/0/0/0/0/0/0/0/0/0/0/0/0/0/0/0/0/0/0/0/0/0/0/0/0/0/0/0/0,383.482/245.2/245.216/250.315/242.335/240.887/242.335/248.888/243.779/243.779/243.777/247.444/243.779/308.52/307.079/0/0/0/0/0/0/0/0/0/0/0/0/0/0/0/0/0/0/0/0/0/0/0/0/0/0/0/0/0/0/0/0/0/0/0/0/0/0/0/0/0/0/0/0/0/0/0/0/0/0/0/0/0/0/0/0/0,,,2981,6.9706715985248085e-12,1.1644531250000005e-11,-3.540270906919703e-06,5.367206866306485,0,0.0,6196,1.309557380861235e-11,2.420312500000001e-11,1.1043319974482506e-06,2.451995513464157e-07,6.187184335382284e-07,1.18410663389999e-06,0,1,nan,0.3334882160768605,15,15/13/12/7/6/3/1/2/4/5/8/9/10/11/14,14,926.1,1.0,,,6.098858458967047e-10,,,,,,,,,,,,,,0,8398,1,361225897.0436585,166275330.08230397,2.172456352153123,2,-403339361.062441,-416380547.874115,-462813296.596276,-301979.49846,-149711931.96775,-506612.802622,-427749536.92298,-651854.45151,2454,250658.540761,-200263.783857,7956280.698788,504973.546201,-281781455.426921,-283333294.634851,-1.9515,1.9584,-0.7472,0.7476,0.0053,0.3161,6.2646,1.1342,0.0273,0.3112,0.6546,0.192,286,634,5032,,,
480,4.0738664e-05,7571.65,5.7700773049183284e-08,9.979816894531255e-16,2.018310546875001e-18,72,15,15,14,15/13/12/7/6/3/1/2/4/5/8/9/10/11/14,0,15,1,0.1521/0.09375/0.0839844/0.1521/0.107422/0.0812988/0.0898438/0.154785/0.126953/0.161865/0.133057/0.116699/0.166992/0.193115/0.204346/0/0/0/0/0/0/0/0/0/0/0/0/0/0/0/0/0/0/0/0/0/0/0/0/0/0/0/0/0/0/0/0/0/0/0/0/0/0/0/0/0/0/0/0/0/0/0/0/0/0/0/0/0/0/0/0/0,383.482/245.2/245.216/250.315/242.335/240.887/242.335/248.888/243.779/243.779/243.774/247.444/243.779/308.52/307.079/0/0/0/0/0/0/0/0/0/0/0/0/0/0/0/0/0/0/0/0/0/0/0/0/0/0/0/0/0/0/0/0/0/0/0/0/0/0/0/0/0/0/0/0/0/0/0/0/0/0/0/0/0/0/0/0/0,,,2944,6.880348972558024e-12,1.1500000000000004e-11,-3.5439384643721857e-06,5.308525947066759,0,0.0,6182,1.3124128161475466e-11,2.4148437500000008e-11,1.1006436644906712e-06,2.451995513464157e-07,6.187184335382284e-07,1.18410663389999e-06,0,1,nan,0.3335873581420206,15,15/13/12/7/6/3/1/2/4/5/8/9/10/11/14,14,903.4,1.0,,,6.044065902918209e-10,,,,,,,,,,,,,,0,8266,2,361333285.1902129,166223069.07992998,2.17378542695817,2,-408460751.285362,-422219541.194509,-462707914.511211,-304589.492172,-141159378.113911,-506379.514775,-426752786.610164,-624953.796395,2428,259721.057081,-196820.306166,5472191.167659,511687.957102,-310603722.293294,-293566711.761064,-1.7951,1.8018,-0.708,0.7086,0.0051,0.3001,6.2373,1.1007,0.0274,0.2874,0.6387,0.1856,261,595,4994,,,
500,4.0738664e-05,7935.83,5.7700773049183284e-08,9.980065917968755e-16,1.993408203125001e-18,72,15,15,14,15/13/12/7/6/3/1/2/4/5/8/9/10/11/14,0,16,1,0.151367/0.0939941/0.0837402/0.151123/0.107178/0.0810547/0.0893555/0.154053/0.126465/0.161377/0.131836/0.115723/0.16626/0.18335/0.196533/0/0/0/0/0/0/0/0/0/0/0/0/0/0/0/0/0/0/0/0/0/0/0/0/0/0/0/0/0/0/0/0/0/0/0/0/0/0/0/0/0/0/0/0/0/0/0/0/0/0/0/0/0/0/0/0/0,383.482/245.202/245.216/250.313/242.335/240.887/242.335/248.888/243.779/243.779/243.774/247.444/243.779/308.52/307.079/0/0/0/0/0/0/0/0/0/0/0/0/0/0/0/0/0/0/0/0/0/0/0/0/0/0/0/0/0/0/0/0/0/0/0/0/0/0/0/0/0/0/0/0/0/0/0/0/0/0/0/0/0/0/0/0/0,1-2:0.389763/1-3:0.355426/2-4:0.397586/3-6:0.356245/4-5:0.614936/5-8:0.453162/6-7:0.342738/7-12:0.399314/8-9:0.659642/9-10:0.50751/10-11:0.670012/11-14:0.512105/12-13:0.515652/13-15:0.664098,1-2:-59.716/1-3:-65.08/2-4:-55.796/3-6:-69.02/4-5:-51.852/5-8:-47.921/6-7:-72.865/7-12:-76.763/8-9:-43.961/9-10:-40.003/10-11:-36.038/11-14:-32.133/12-13:-80.705/13-15:-84.685,2928,6.838189501170703e-12,1.1437500000000004e-11,-3.5423787423922524e-06,5.333481498745691,0,0.0,6140,1.3059452077076857e-11,2.398437500000001e-11,1.0992120536150628e-06,2.452015971292953e-07,6.187184335382284e-07,1.18410663389999e-06,0,1,nan,0.3340211967167689,15,15/13/12/7/6/3/1/2/4/5/8/9/10/11/14,14,871.1,1.0,,,6.000546719932548e-10,1,15,1,1,1,1/0/0,1.0,15,3953,1615,619,15,15,0,8164,2,361803208.0264053,166185464.7297276,2.1771050110478476,2,-409414162.66556,-419893178.680043,-463130245.223041,-296214.649186,-126384374.630403,-499824.191063,-427066768.026891,-602452.725726,2412,263616.479233,-197703.095192,3752843.904642,1070872.880936,-322371560.732429,-281737112.342452,-1.8413,1.8473,-0.6877,0.6882,0.005,0.2386,6.7621,1.0934,0.0278,0.2717,0.6241,0.1796,254,580,4923,1289.4,751.3,339.8
520,5.092333e-05,8387.36,5.437565655933996e-08,9.974560546875004e-16,2.543945312500001e-18,72,18,18,17,18/15/13/12/7/6/3/1/2/4/5/8/9/10/11/14/16/17,0,16,1,0.151367/0.0942383/0.0834961/0.150879/0.107178/0.0808105/0.0893555/0.153809/0.126221/0.161377/0.130371/0.114746/0.165283/0.134521/0.142578/0.178955/0.244141/0.234619/0/0/0/0/0/0/0/0/0/0/0/0/0/0/0/0/0/0/0/0/0/0/0/0/0/0/0/0/0/0/0/0/0/0/0/0/0/0/0/0/0/0/0/0/0/0/0/0/0/0/0/0/0/0,383.482/245.212/245.216/250.313/242.335/240.885/243.777/248.888/243.779/243.779/243.774/247.442/243.779/245.222/243.781/247.44/310.746/310.748/0/0/0/0/0/0/0/0/0/0/0/0/0/0/0/0/0/0/0/0/0/0/0/0/0/0/0/0/0/0/0/0/0/0/0/0/0/0/0/0/0/0/0/0/0/0/0/0/0/0/0/0/0/0,,,3741,8.765537238473419e-12,1.4613281250000004e-11,-3.3889297711917437e-06,7.78866503795383,0,0.0,7406,1.5603558129798004e-11,2.892968750000001e-11,1.3342095084603254e-06,2.452138718265735e-07,6.187184335382284e-07,1.162645307443537e-06,0,1,nan,0.301008477624384,18,18/15/13/12/7/6/3/1/2/4/5/8/9/10/11/14/16/17,17,972.1,1.0,,,7.56533113211182e-10,,,,,,,,,,,,,,0,10420,1,345982578.2699912,175651273.43486005,1.9697128947846667,2,-390484965.616243,-423699858.256581,-462907276.757543,-631698.150475,-194156907.333603,-517610.973268,-428753548.874446,-654979.768238,2888,229531.424106,-210551.271287,28257245.205654,1177480.607174,-258657476.870892,-313130760.084879,-2.6869,2.7,-0.7983,0.7989,0.0047,0.2921,5.7721,1.1524,0.0253,0.4665,0.6894,0.1858,418,792,6330,,,
540,5.092333e-05,8736.47,5.437565655933996e-08,9.975063476562504e-16,2.493652343750001e-18,72,18,18,17,18/15/13/12/7/6/3/1/2/4/5/8/9/10/11/14/16/17,0,16,1,0.151123/0.0942383/0.083252/0.150391/0.106445/0.0805664/0.088623/0.153564/0.125977/0.160889/0.130127/0.11377/0.164795/0.131104/0.13916/0.175781/0.229004/0.214844/0/0/0/0/0/0/0/0/0/0/0/0/0/0/0/0/0/0/0/0/0/0/0/0/0/0/0/0/0/0/0/0/0/0/0/0/0/0/0/0/0/0/0/0/0/0/0/0/0/0/0/0/0/0,383.482/245.212/245.216/250.313/242.335/240.885/243.777/248.888/243.779/243.779/243.774/247.442/243.779/245.222/243.781/247.44/310.746/310.746/0/0/0/0/0/0/0/0/0/0/0/0/0/0/0/0/0/0/0/0/0/0/0/0/0/0/0/0/0/0/0/0/0/0/0/0/0/0/0/0/0/0/0/0/0/0/0/0/0/0/0/0/0/0,,,3702,8.669120455311977e-12,1.4460937500000006e-11,-3.388379909469551e-06,7.797462825508914,0,0.0,7336,1.5487851481613333e-11,2.865625000000001e-11,1.3295198292751368e-06,2.452138718265735e-07,6.187184335382284e-07,1.162645307443537e-06,0,1,nan,0.30079726968182563,18,18/15/13/12/7/6/3/1/2/4/5/8/9/10/11/14/16/17,17,957.7,1.0,,,7.487151219737177e-10,,,,,,,,,,,,,,0,10214,1,345739813.45122546,175544580.77826855,1.969527124781662,2,-399905433.614959,-420800344.050576,-462924899.228656,-464529.765943,-158889221.301363,-511542.064818,-429372672.872461,-638236.675192,2899,233582.541767,-205293.175453,1188132.871423,1166835.861195,-268205781.17535,-315001106.622935,-1.7238,1.7273,-0.687,0.6876,0.0046,0.2668,4.8416,1.0849,0.0254,0.355,0.6287,0.1801,369,719,6237,,,
560,5.092333e-05,9083.72,5.437565655933996e-08,9.975368652343755e-16,2.463134765625001e-18,72,18,18,17,18/15/13/12/7/6/3/1/2/4/5/8/9/10/11/14/16/17,0,16,1,0.150879/0.0942383/0.0830078/0.150146/0.106689/0.0800781/0.0876465/0.153076/0.125244/0.160889/0.129639/0.11377/0.16333/0.131836/0.13501/0.173096/0.219727/0.204834/0/0/0/0/0/0/0/0/0/0/0/0/0/0/0/0/0/0/0/0/0/0/0/0/0/0/0/0/0/0/0/0/0/0/0/0/0/0/0/0/0/0/0/0/0/0/0/0/0/0/0/0/0/0,383.482/245.212/245.216/250.313/243.779/240.885/243.777/248.888/243.779/243.779/243.774/247.442/243.779/245.222/243.781/247.44/310.746/310.744/0/0/0/0/0/0/0/0/0/0/0/0/0/0/0/0/0/0/0/0/0/0/0/0/0/0/0/0/0/0/0/0/0/0/0/0/0/0/0/0/0/0/0/0/0/0/0/0/0/0/0/0/0/0,,,3683,8.620457160311503e-12,1.4386718750000006e-11,-3.386859779841265e-06,7.821784899561488,0,0.0,7354,1.5542698896365258e-11,2.872656250000001e-11,1.3273078443924965e-06,2.452138718265735e-07,6.187184335382284e-07,1.14627358501304e-06,0,1,nan,0.30065751004011154,18,18/15/13/12/7/6/3/1/2/4/5/8/9/10/11/14/16/17,17,922.7,1.0,,,7.42359940846005e-10,,,,,,,,,,,,,,0,10089,1,345579172.124576,175480442.16766953,1.9693315554469544,2,-402185994.769757,-420113755.54121,-463058073.811784,-291386.33536,-135863191.311592,-516160.05275,-428421047.516642,-602657.130645,2874,251316.778085,-206147.146296,7036583.44076,1154131.799944,-264276025.789717,-293532864.626992,-1.4258,1.4321,-0.6608,0.6613,0.0047,0.2617,4.9037,1.0475,0.0259,0.2902,0.6262,0.1796,348,725,6146,,,
580,5.092333e-05,9426.0,5.437565655933996e-08,9.975620117187504e-16,2.437988281250001e-18,72,18,18,17,18/15/13/12/7/6/3/1/2/4/5/8/9/10/11/14/16/17,0,16,1,0.150879/0.0944824/0.0822754/0.149414/0.106445/0.079834/0.0876465/0.152832/0.125/0.161133/0.129395/0.112549/0.162842/0.130615/0.13208/0.172119/0.213867/0.19458/0/0/0/0/0/0/0/0/0/0/0/0/0/0/0/0/0/0/0/0/0/0/0/0/0/0/0/0/0/0/0/0/0/0/0/0/0/0/0/0/0/0/0/0/0/0/0/0/0/0/0/0/0/0,383.482/245.214/245.216/250.311/243.779/240.885/243.777/248.888/243.779/243.779/243.774/247.442/243.779/245.222/243.781/247.44/310.746/310.744/0/0/0/0/0/0/0/0/0/0/0/0/0/0/0/0/0/0/0/0/0/0/0/0/0/0/0/0/0/0/0/0/0/0/0/0/0/0/0/0/0/0/0/0/0/0/0/0/0/0/0/0/0/0,,,3664,8.567837747042776e-12,1.4312500000000006e-11,-3.3814512682152107e-06,7.908321085578358,0,0.0,7354,1.5590175639981467e-11,2.872656250000001e-11,1.3244677629064861e-06,2.4521489471801313e-07,6.187184335382284e-07,1.1319660340420706e-06,0,1,nan,0.3000247543755843,18,18/15/13/12/7/6/3/1/2/4/5/8/9/10/11/14/16/17,17,923.2,1.0,,,7.379361277837669e-10,,,,,,,,,,,,,,0,9985,2,344851875.54490536,175439890.95623475,1.965641187219685,2,-402550257.755618,-422299891.944528,-463161401.843313,-282898.770038,-133271346.189421,-517541.866137,-427605414.982486,-619170.726996,2857,251523.803988,-204260.782219,11399639.781969,1247425.92226,-267869418.911725,-302446261.303312,-1.3741,1.3806,-0.6216,0.6224,0.0047,0.2468,5.1311,1.0254,0.0265,0.2672,0.6015,0.1771,348,685,6103,,,
600,5.092333e-05,9775.57,5.437565655933996e-08,9.975844726562504e-16,2.4155273437500012e-18,72,18,18,17,18/15/13/12/7/6/3/1/2/4/5/8/9/10/11/14/16/17,0,16,1,0.150635/0.0944824/0.0817871/0.149414/0.105957/0.079834/0.0876465/0.152344/0.125/0.161377/0.129883/0.111328/0.162109/0.130615/0.130859/0.171143/0.205078/0.186035/0/0/0/0/0/0/0/0/0/0/0/0/0/0/0/0/0/0/0/0/0/0/0/0/0/0/0/0/0/0/0/0/0/0/0/0/0/0/0/0/0/0/0/0/0/0/0/0/0/0/0/0/0/0,383.482/245.214/245.216/250.311/243.779/240.885/243.777/248.888/243.779/243.779/243.774/247.442/243.779/245.222/243.781/247.44/310.746/310.744/0/0/0/0/0/0/0/0/0/0/0/0/0/0/0/0/0/0/0/0/0/0/0/0/0/0/0/0/0/0/0/0/0/0/0/0/0/0/0/0/0/0/0/0/0/0/0/0/0/0/0/0/0/0,1-2:0.39281/1-3:0.344147/2-4:0.394948/3-6:0.346695/4-5:0.614936/5-8:0.440974/6-7:0.339282/7-12:0.384079/8-9:0.652729/9-10:0.50751/10-11:0.663508/11-14:0.494322/12-13:0.50742/13-15:0.645816/14-16:0.576094/15-18:0.541576/16-17:0.671921,1-2:-59.725/1-3:-65.084/2-4:-55.786/3-6:-69.014/4-5:-51.852/5-8:-47.919/6-7:-72.858/7-12:-76.774/8-9:-43.961/9-10:-40.003/10-11:-36.041/11-14:-32.133/12-13:-80.708/13-15:-84.689/14-16:-28.126/15-18:-88.661/16-17:-24.161,3644,8.518765169208098e-12,1.4234375000000006e-11,-3.377188362872356e-06,7.976527571064036,0,0.0,7372,1.5684586283198798e-11,2.8796875000000012e-11,1.3210131366624777e-06,2.4521489471801313e-07,6.187184335382284e-07,1.130933948312307e-06,0,1,nan,0.3007022943626921,18,18/15/13/12/7/6/3/1/2/4/5/8/9/10/11/14/16/17,17,890.8,1.0,,,7.343517510276249e-10,1,18,1,1,1,1/0/0,1.0,18,4700,1670,619,18,18,0,9892,3,345630647.735877,175401106.84275788,1.9705157735733392,2,-403213118.188292,-423125388.771837,-463214678.557022,-290749.76132,-124306608.938192,-511620.095856,-428296251.241078,-583841.393502,2830,256514.80683,-194012.411102,8934455.483619,1141370.382513,-267287304.480262,-301736176.755173,-1.3821,1.389,-0.6161,0.6173,0.0046,0.2242,4.9418,1.0428,0.0265,0.2791,0.5863,0.1735,326,684,6056,1258.7,751.3,341.3
620,6.1107996e-05,10232.02,5.141289118816265e-08,9.970278320312505e-16,2.9721679687500014e-18,72,21,21,20,20/19/18/15/13/12/7/6/3/1/2/4/5/8/9/10/11/14/16/17/21,0,16,1,0.150635/0.0944824/0.0817871/0.149414/0.105957/0.0795898/0.0871582/0.152832/0.124756/0.161621/0.128906/0.11084/0.161133/0.129639/0.128174/0.170654/0.151123/0.13623/0.179199/0.246094/0.241943/0/0/0/0/0/0/0/0/0/0/0/0/0/0/0/0/0/0/0/0/0/0/0/0/0/0/0/0/0/0/0/0/0/0/0/0/0/0/0/0/0/0/0/0/0/0/0/0/0/0/0,383.482/245.214/245.216/250.311/243.779/240.885/243.777/248.888/243.779/243.779/243.774/247.442/243.779/245.222/243.781/247.44/247.448/247.446/245.222/308.52/310.748/0/0/0/0/0/0/0/0/0/0/0/0/0/0/0/0/0/0/0/0/0/0/0/0/0/0/0/0/0/0/0/0/0/0/0/0/0/0/0/0/0/0/0/0/0/0/0/0/0/0/0,,,4442,1.0396450353559761e-11,1.7351562500000007e-11,-3.5627646269246167e-06,5.0073073462278614,0,0.0,8610,1.8164474711239704e-11,3.3632812500000016e-11,1.5689407763221449e-06,2.452220549580929e-07,6.187184335382284e-07,1.1411839809870836e-06,0,1,nan,0.2730668458434946,21,20/19/18/15/13/12/7/6/3/1/2/4/5/8/9/10/11/14/16/17/21,20,1016.7,1.0,,,8.941046575748642e-10,,,,,,,,,,,,,,0,12170,5,331953280.0199313,184975653.3183763,1.7945782272685376,2,-392400353.526161,-432350567.295261,-463751835.699026,-565817.11495,-169196357.283333,-517384.610889,-430733904.987734,-582953.855655,3309,235086.499184,-204916.844135,6893861.146356,1144928.280796,-278027952.195158,-312955431.52402,-2.169,2.173,-0.7059,0.7067,0.0043,0.2615,5.309,1.0486,0.0241,0.4078,0.6698,0.176,434,960,7482,,,
640,6.1107996e-05,10645.93,5.141289118816265e-08,9.970725097656255e-16,2.9274902343750014e-18,72,21,21,20,20/19/18/15/13/12/7/6/3/1/2/4/5/8/9/10/11/14/16/17/21,0,16,1,0.151367/0.0944824/0.081543/0.149658/0.105957/0.0793457/0.0866699/0.152832/0.124268/0.161621/0.127441/0.109375/0.161133/0.12915/0.127441/0.169189/0.144287/0.129639/0.176025/0.236816/0.229248/0/0/0/0/0/0/0/0/0/0/0/0/0/0/0/0/0/0/0/0/0/0/0/0/0/0/0/0/0/0/0/0/0/0/0/0/0/0/0/0/0/0/0/0/0/0/0/0/0/0/0,383.482/245.214/245.216/250.311/243.779/240.885/243.777/248.888/243.779/243.779/243.774/247.442/243.779/245.222/243.781/247.44/247.448/247.446/245.222/308.52/312.188/0/0/0/0/0/0/0/0/0/0/0/0/0/0/0/0/0/0/0/0/0/0/0/0/0/0/0/0/0/0/0/0/0/0/0/0/0/0/0/0/0/0/0/0/0/0/0/0/0/0/0,,,4405,1.031008397372266e-11,1.7207031250000008e-11,-3.5591046145322496e-06,5.0658675445057355,0,0.0,8586,1.813618287772688e-11,3.353906250000001e-11,1.5652252684014238e-06,2.452220549580929e-07,6.187184335382284e-07,1.1411839809870836e-06,0,1,nan,0.27271150005304456,21,20/19/18/15/13/12/7/6/3/1/2/4/5/8/9/10/11/14/16/17/21,20,1015.0,1.0,,,8.874950207553764e-10,,,,,,,,,,,,,,0,11985,7,331521304.47080594,184891483.4360045,1.7930588165006187,2,-392307245.7771,-429278785.482763,-464139560.743817,-454988.110537,-143936806.127205,-514456.514681,-429393340.199064,-572315.502708,3350,246118.90092,-199747.907396,4651838.852038,1142001.365087,-270668711.867867,-309396251.739098,-1.6935,1.7,-0.6327,0.6335,0.0042,0.2378,4.607,0.996,0.0244,0.3672,0.631,0.1713,403,859,7383,,,
660,6.1107996e-05,11019.1,5.141289118816265e-08,9.970971679687505e-16,2.9028320312500012e-18,72,21,21,20,20/19/18/15/13/12/7/6/3/1/2/4/5/8/9/10/11/14/16/17/21,0,16,1,0.1521/0.0947266/0.0810547/0.149414/0.105225/0.0791016/0.0864258/0.152588/0.123535/0.161377/0.127441/0.108643/0.160889/0.128418/0.125732/0.168701/0.141113/0.130371/0.176514/0.230469/0.218994/0/0/0/0/0/0/0/0/0/0/0/0/0/0/0/0/0/0/0/0/0/0/0/0/0/0/0/0/0/0/0/0/0/0/0/0/0/0/0/0/0/0/0/0/0/0/0/0/0/0/0,383.482/245.218/245.216/250.311/243.779/240.885/243.777/248.888/243.779/243.779/243.774/247.442/243.779/245.22/243.779/247.44/247.448/247.446/245.222/308.52/312.188/0/0/0/0/0/0/0/0/0/0/0/0/0/0/0/0/0/0/0/0/0/0/0/0/0/0/0/0/0/0/0/0/0/0/0/0/0/0/0/0/0/0/0/0/0/0/0/0/0/0/0,,,4398,1.0292710541809608e-11,1.7179687500000006e-11,-3.56524951162009e-06,4.967549191100292,0,0.0,8532,1.8042854598142543e-11,3.332812500000001e-11,1.566294956777275e-06,2.4522000917521305e-07,6.187184335382284e-07,1.1411839809870836e-06,0,1,nan,0.27238628909856905,21,20/19/18/15/13/12/7/6/3/1/2/4/5/8/9/10/11/14/16/17/21,20,1001.5,1.0,,,8.82578494063433e-10,,,,,,,,,,,,,,0,11887,4,331125962.28745484,184823082.59085438,1.7915833760898434,2,-395352856.179233,-429639921.130752,-464447002.475786,-393713.769849,-114921391.162486,-511086.275487,-428549120.346205,-574091.403156,3361,254350.232498,-199827.666154,4299065.530267,3466958.901361,-270960738.41573,-295044477.573253,-1.5277,1.5354,-0.5671,0.5678,0.0042,0.2437,4.6179,0.9333,0.0244,0.3307,0.6026,0.1686,378,848,7308,,,
680,6.1107996e-05,11385.54,5.141289118816265e-08,9.971164550781254e-16,2.8835449218750013e-18,72,21,21,20,20/19/18/15/13/12/7/6/3/1/2/4/5/8/9/10/11/14/16/17/21,0,17,1,0.152588/0.0944824/0.0810547/0.14917/0.104736/0.0783691/0.0861816/0.152588/0.123535/0.161377/0.126953/0.108398/0.160889/0.127686/0.125/0.168457/0.140137/0.129395/0.173828/0.226563/0.212158/0/0/0/0/0/0/0/0/0/0/0/0/0/0/0/0/0/0/0/0/0/0/0/0/0/0/0/0/0/0/0/0/0/0/0/0/0/0/0/0/0/0/0/0/0/0/0/0/0/0/0,383.482/245.214/245.216/250.311/243.779/240.885/243.777/248.888/243.779/243.779/243.774/247.442/243.779/245.22/243.779/247.44/247.448/247.446/245.222/308.52/312.188/0/0/0/0/0/0/0/0/0/0/0/0/0/0/0/0/0/0/0/0/0/0/0/0/0/0/0/0/0/0/0/0/0/0/0/0/0/0/0/0/0/0/0/0/0/0/0/0/0/0/0,,,4386,1.0266695886664145e-11,1.7132812500000008e-11,-3.565983220954438e-06,4.955809841750723,0,0.0,8490,1.797026551003885e-11,3.3164062500000014e-11,1.5665891564450491e-06,2.4522000917521305e-07,6.187184335382276e-07,1.1411839809870836e-06,0,1,nan,0.2722922923261901,21,20/19/18/15/13/12/7/6/3/1/2/4/5/8/9/10/11/14/16/17/21,20,1001.2,1.0,,,8.787648574362177e-10,,,,,,,,,,,,,,0,11809,3,331011695.25951856,184762575.0012311,1.7915516454417946,2,-391959328.114367,-429146875.388608,-464235078.584588,-338145.244072,-101469990.345984,-507972.094064,-429043595.640847,-578009.903674,3341,266076.979117,-197649.255545,16125809.138603,9816381.913969,-249952683.003862,-284650745.492876,-1.3517,1.3687,-0.5356,0.5366,0.0042,0.2361,4.2362,0.8985,0.0247,0.3211,0.591,0.1669,383,824,7264,,,
700,6.1107996e-05,11763.65,5.141289118816265e-08,9.971315917968755e-16,2.8684082031250013e-18,72,21,21,20,20/19/18/15/13/12/7/6/3/1/2/4/5/8/9/10/11/14/16/17/21,0,17,1,0.152832/0.0947266/0.0808105/0.148926/0.104736/0.0778809/0.0859375/0.152588/0.123535/0.161377/0.126709/0.108643/0.161133/0.127197/0.124512/0.167969/0.138672/0.129395/0.171875/0.220703/0.208252/0/0/0/0/0/0/0/0/0/0/0/0/0/0/0/0/0/0/0/0/0/0/0/0/0/0/0/0/0/0/0/0/0/0/0/0/0/0/0/0/0/0/0/0/0/0/0/0/0/0/0,383.482/245.214/245.216/250.311/243.779/240.885/243.777/248.888/243.779/243.779/243.774/247.442/243.779/246.657/243.779/243.779/247.448/247.446/245.222/308.52/312.188/0/0/0/0/0/0/0/0/0/0/0/0/0/0/0/0/0/0/0/0/0/0/0/0/0/0/0/0/0/0/0/0/0/0/0/0/0/0/0/0/0/0/0/0/0/0/0/0/0/0/0,1-2:0.39281/1-3:0.344147/2-4:0.394948/3-6:0.343648/4-5:0.614936/5-8:0.42451/6-7:0.335825/7-12:0.367615/8-9:0.645816/9-10:0.501416/10-11:0.657005/11-14:0.489137/12-13:0.488728/13-15:0.639312/14-16:0.558221/15-18:0.524203/16-17:0.654957/17-21:0.576003/18-19:0.59033/19-20:0.694389,1-2:-59.725/1-3:-65.084/2-4:-55.786/3-6:-69.014/4-5:-51.852/5-8:-47.925/6-7:-72.855/7-12:-76.77/8-9:-43.963/9-10:-39.997/10-11:-36.041/11-14:-32.135/12-13:-80.71/13-15:-84.685/14-16:-28.111/15-18:-88.66/16-17:-24.163/17-21:-20.217/18-19:-92.599/19-20:-96.587,4377,1.0237953473198765e-11,1.7097656250000007e-11,-3.570913441079842e-06,4.876926319744256,0,0.0,8512,1.805576440304624e-11,3.3250000000000014e-11,1.5650087378501707e-06,2.4521591760945273e-07,6.187184335382276e-07,1.141183980987084e-06,0,1,nan,0.27274404598351903,21,20/19/18/15/13/12/7/6/3/1/2/4/5/8/9/10/11/14/16/17/21,20,1001.5,1.0,,,8.75865180625329e-10,1,21,1,1,1,1/0/0,1.0,21,5445,1822,619,21,21,0,11747,3,331560868.8798023,184726982.42143497,1.7948697290111166,2,-394651321.007282,-429480222.105297,-464229277.926595,-289060.387359,-94905197.642837,-506159.264573,-428099454.161565,-573971.318086,3352,299352.504913,-197427.254908,13576351.28465,11489487.867936,-267572073.840406,-294952398.338193,-1.236,1.2558,-0.5159,0.517,0.0041,0.2236,4.4173,0.8854,0.0248,0.2823,0.5775,0.1643,379,800,7219,1288.4,773.4,339.8
720,7.1292662e-05,12299.63,4.875630719935003e-08,9.965935058593755e-16,3.4064941406250014e-18,72,24,24,23,24/23/20/19/18/15/13/12/7/6/3/1/2/4/5/8/9/10/11/14/16/17/21/22,0,17,1,0.15332/0.0947266/0.0808105/0.148926/0.104736/0.0776367/0.0861816/0.152588/0.123535/0.161377/0.126709/0.108643/0.160889/0.127441/0.123291/0.167725/0.138916/0.130371/0.170898/0.164307/0.150635/0.247314/0.18335/0.222168/0/0/0/0/0/0/0/0/0/0/0/0/0/0/0/0/0/0/0/0/0/0/0/0/0/0/0/0/0/0/0/0/0/0/0/0/0/0/0/0/0/0/0/0/0/0/0/0,383.482/245.214/245.216/250.311/243.779/240.885/243.777/248.888/243.779/243.779/243.774/247.442/243.779/246.657/243.779/243.779/247.448/247.446/245.222/245.222/246.649/308.524/245.222/277.983/0/0/0/0/0/0/0/0/0/0/0/0/0/0/0/0/0/0/0/0/0/0/0/0/0/0/0/0/0/0/0/0/0/0/0/0/0/0/0/0/0/0/0/0/0/0/0/0,,,5237,1.225312594731468e-11,2.0457031250000007e-11,-3.7474173840121167e-06,2.052863232827863,0,0.0,9710,2.047443272453578e-11,3.7929687500000015e-11,1.8098695138180747e-06,2.452220549580929e-07,6.18718433538228e-07,1.1841066338999895e-06,0,1,nan,0.2485250894419417,24,24/23/20/19/18/15/13/12/7/6/3/1/2/4/5/8/9/10/11/14/16/17/21/22,23,1078.4,1.0,,,1.03305159722811e-09,,,,,,,,,,,,,,0,13951,3,318580692.06538326,193932358.11201814,1.6427412896272133,2,-386120204.00366,-440251946.900284,-464330882.811352,-449196.789444,-146859804.855494,-508473.593938,-429552370.995297,-550853.667088,3832,259662.277029,-207844.916605,7175912.672776,676905.220562,-263459780.404914,-316896067.183173,-1.8002,1.8121,-0.5896,0.5901,0.0037,0.2435,4.5454,0.9246,0.0224,0.3971,0.6331,0.1635,486,1033,8616,,,
740,7.1292662e-05,12700.78,4.875630719935003e-08,9.966350097656256e-16,3.3649902343750016e-18,72,24,24,23,24/23/20/19/18/15/13/12/7/6/3/1/2/4/5/8/9/10/11/14/16/17/21/22,0,17,1,0.153564/0.0947266/0.0805664/0.14917/0.104492/0.0776367/0.0861816/0.152344/0.123535/0.161377/0.125977/0.108398/0.160889/0.127441/0.123047/0.167969/0.137207/0.130615/0.169678/0.155273/0.14502/0.240234/0.177979/0.21167/0/0/0/0/0/0/0/0/0/0/0/0/0/0/0/0/0/0/0/0/0/0/0/0/0/0/0/0/0/0/0/0/0/0/0/0/0/0/0/0/0/0/0/0/0/0/0/0,383.482/245.214/245.216/250.311/243.779/240.885/243.777/248.888/243.779/243.779/243.774/247.442/243.779/246.657/243.779/243.779/247.448/247.446/245.222/245.222/246.649/308.524/245.222/277.983/0/0/0/0/0/0/0/0/0/0/0/0/0/0/0/0/0/0/0/0/0/0/0/0/0/0/0/0/0/0/0/0/0/0/0/0/0/0/0/0/0/0/0/0/0/0/0/0,,,5188,1.2135469320805869e-11,2.026562500000001e-11,-3.7386654818813555e-06,2.192893666920042,0,0.0,9652,2.0339902806534927e-11,3.770312500000002e-11,1.803598560885543e-06,2.452220549580929e-07,6.187184335382284e-07,1.1841066338999895e-06,0,1,nan,0.2484410893766395,24,24/23/20/19/18/15/13/12/7/6/3/1/2/4/5/8/9/10/11/14/16/17/21/22,23,1067.3,1.0,,,1.028257531976279e-09,,,,,,,,,,,,,,0,13781,3,318473013.60524225,193882416.0584027,1.642609062130263,2,-385429589.197371,-437596361.976666,-464345446.781816,-377043.599997,-119075338.43625,-507053.656959,-429266417.057505,-551519.5326,3836,249853.921697,-200456.368329,13604197.259619,676229.205232,-266197960.640645,-315664632.951376,-1.4813,1.494,-0.5397,0.5403,0.0036,0.2326,4.0734,0.8993,0.0225,0.365,0.5951,0.1585,463,988,8501,,,
760,7.1292662e-05,13104.66,4.875630719935003e-08,9.966555175781254e-16,3.3444824218750014e-18,72,24,24,23,24/23/20/19/18/15/13/12/7/6/3/1/2/4/5/8/9/10/11/14/16/17/21/22,0,18,1,0.15332/0.0949707/0.0808105/0.148682/0.104492/0.0776367/0.0859375/0.152588/0.123535/0.161377/0.125/0.107666/0.160889/0.126709/0.122559/0.16748/0.136963/0.131104/0.167725/0.151855/0.142334/0.235596/0.178711/0.206543/0/0/0/0/0/0/0/0/0/0/0/0/0/0/0/0/0/0/0/0/0/0/0/0/0/0/0/0/0/0/0/0/0/0/0/0/0/0/0/0/0/0/0/0/0/0/0/0,383.482/245.214/245.216/250.311/243.779/240.885/243.777/248.888/243.779/243.779/243.774/247.442/243.779/245.22/243.779/243.779/247.448/247.446/245.222/245.222/245.218/308.524/245.222/277.983/0/0/0/0/0/0/0/0/0/0/0/0/0/0/0/0/0/0/0/0/0/0/0/0/0/0/0/0/0/0/0/0/0/0/0/0/0/0/0/0/0/0/0/0/0/0/0/0,,,5180,1.2115049066018347e-11,2.023437500000001e-11,-3.7413651434772562e-06,2.1496990813856303,0,0.0,9678,2.0440226914664747e-11,3.7804687500000016e-11,1.8030157037004838e-06,2.4521898628377313e-07,6.187184335382284e-07,1.1411839809870836e-06,0,1,nan,0.24832563993404014,24,24/23/20/19/18/15/13/12/7/6/3/1/2/4/5/8/9/10/11/14/16/17/21/22,23,1051.6,1.0,,,1.0250242647850033e-09,,,,,,,,,,,,,,0,13697,3,318325020.646445,193845467.92922652,1.6421586950006295,2,-391028808.439538,-437201175.076732,-464210263.914317,-350971.579395,-95515664.790306,-505652.732356,-428302269.226911,-542167.120331,3812,244984.201257,-197292.926919,18096378.944516,4059305.999233,-236510593.775332,-302630011.891593,-1.3689,1.3795,-0.4914,0.4919,0.0035,0.2272,3.8403,0.847,0.0224,0.3573,0.5746,0.1558,473,959,8458,,,
780,7.1292662e-05,13527.16,4.875630719935003e-08,9.966708984375004e-16,3.3291015625000015e-18,72,24,24,23,24/23/20/19/18/15/13/12/7/6/3/1/2/4/5/8/9/10/11/14/16/17/21/22,0,18,1,0.153809/0.0949707/0.0812988/0.148926/0.104492/0.0773926/0.0854492/0.152344/0.123535/0.161133/0.124023/0.107178/0.161133/0.126709/0.12207/0.167725/0.13623/0.130859/0.166748/0.149658/0.140869/0.231934/0.177246/0.203369/0/0/0/0/0/0/0/0/0/0/0/0/0/0/0/0/0/0/0/0/0/0/0/0/0/0/0/0/0/0/0/0/0/0/0/0/0/0/0/0/0/0/0/0/0/0/0/0,383.482/245.214/245.216/250.311/243.779/240.885/243.777/248.886/243.779/243.779/243.774/247.442/243.779/245.22/243.779/243.779/247.448/247.446/245.222/245.222/245.218/308.524/245.222/277.983/0/0/0/0/0/0/0/0/0/0/0/0/0/0/0/0/0/0/0/0/0/0/0/0/0/0/0/0/0/0/0/0/0/0/0/0/0/0/0/0/0/0/0/0/0/0/0/0,,,5160,1.206070140810314e-11,2.0156250000000008e-11,-3.74056626097318e-06,2.162481201450848,0,0.0,9688,2.0489160353058462e-11,3.7843750000000015e-11,1.801663583129861e-06,2.4521898628377313e-07,6.187184335382284e-07,1.1411839809870836e-06,0,1,nan,0.2480153167809435,24,24/23/20/19/18/15/13/12/7/6/3/1/2/4/5/8/9/10/11/14/16/17/21/22,23,1047.6,1.0,,,1.022472607662609e-09,,,,,,,,,,,,,,0,13634,3,317927221.91674954,193812588.10986868,1.6403847913971543,2,-389054928.843955,-437387900.638218,-464174636.12722,-335774.207,-81495613.129334,-505977.62987,-427605339.261612,-545090.358284,3799,266774.921318,-189121.140212,10630337.827796,7453469.126797,-233869773.164502,-295109873.07033,-1.3435,1.3555,-0.457,0.4578,0.0035,0.2308,3.7837,0.8105,0.0227,0.3564,0.5581,0.1522,463,955,8423,,,
800,7.1292662e-05,13929.3,4.875630719935003e-08,9.966855468750005e-16,3.3144531250000015e-18,72,24,24,23,24/23/20/19/18/15/13/12/7/6/3/1/2/4/5/8/9/10/11/14/16/17/21/22,0,18,1,0.154541/0.0947266/0.0812988/0.149414/0.104492/0.0769043/0.0852051/0.1521/0.123047/0.160889/0.123291/0.107178/0.161133/0.126709/0.121826/0.167725/0.135986/0.131104/0.166504/0.147705/0.139404/0.226807/0.176025/0.200439/0/0/0/0/0/0/0/0/0/0/0/0/0/0/0/0/0/0/0/0/0/0/0/0/0/0/0/0/0/0/0/0/0/0/0/0/0/0/0/0/0/0/0/0/0/0/0/0,383.482/245.214/245.216/250.311/243.779/240.885/243.777/248.886/243.779/243.779/243.774/247.442/243.779/245.22/243.779/243.779/247.448/247.446/245.222/248.875/245.218/308.524/245.22/277.983/0/0/0/0/0/0/0/0/0/0/0/0/0/0/0/0/0/0/0/0/0/0/0/0/0/0/0/0/0/0/0/0/0/0/0/0/0/0/0/0/0/0/0/0/0/0/0/0,1-2:0.389354/1-3:0.344147/2-4:0.397995/3-6:0.337144/4-5:0.614936/5-8:0.418006/6-7:0.335825/7-12:0.357654/8-9:0.645816/9-10:0.492274/10-11:0.64095/11-14:0.483043/12-13:0.486999/13-15:0.636265/14-16:0.551717/15-18:0.515971/16-17:0.648863/17-21:0.545533/18-19:0.562496/19-20:0.685247/20-23:0.617573/21-22:0.618572/23-24:0.697436,1-2:-59.728/1-3:-65.084/2-4:-55.788/3-6:-69.014/4-5:-51.852/5-8:-47.92/6-7:-72.855/7-12:-76.769/8-9:-43.963/9-10:-39.997/10-11:-36.041/11-14:-32.135/12-13:-80.71/13-15:-84.685/14-16:-28.113/15-18:-88.656/16-17:-24.163/17-21:-20.208/18-19:-92.598/19-20:-96.587/20-23:-100.6/21-22:-16.241/23-24:-104.55,5144,1.2023817272519208e-11,2.0093750000000008e-11,-3.744160668872704e-06,2.104970675058464,0,0.0,9670,2.0460687827263468e-11,3.777343750000001e-11,1.800908864584715e-06,2.4521898628377313e-07,6.187184335382288e-07,1.148337756472568e-06,0,1,nan,0.3440537883472086,24,24/23/20/19/18/15/13/12/7/6/3/1/2/4/5/8/9/10/11/14/16/17/21/22,23,1047.7,1.0,,,1.0211972442945632e-09,1,24,1,1,1,1/0/0,1.0,24,6156,1965,619,24,24,0,13574,3,441037539.6926534,193810076.84825155,2.275617175664064,1,-388670640.459682,-438727995.958173,-463956305.357506,-313606.764832,-65695555.725635,-504361.756063,-426828624.003541,-539518.497554,3824,265088.300484,-187646.073726,7514694.828043,9769721.913093,-256435569.028745,-294933433.727131,-1.3845,1.3948,-0.451,0.4518,0.0034,0.2198,3.8768,0.816,0.0226,0.3579,0.547,0.1502,447,914,8391,1289.4,762.3,338.0
820,8.1477328e-05,14425.14,4.6360773959283e-08,9.966955566406254e-16,3.3044433593750014e-18,72,24,24,23,24/23/20/19/18/15/13/12/7/6/3/1/2/4/5/8/9/10/11/14/16/17/21/22,0,18,1,0.154297/0.0957031/0.0817871/0.149414/0.104492/0.0769043/0.0852051/0.1521/0.122559/0.160645/0.122314/0.107178/0.160889/0.126709/0.121582/0.167725/0.135986/0.130859/0.16626/0.146729/0.139404/0.221924/0.175049/0.19873/0/0/0/0/0/0/0/0/0/0/0/0/0/0/0/0/0/0/0/0/0/0/0/0/0/0/0/0/0/0/0/0/0/0/0/0/0/0/0/0/0/0/0/0/0/0/0/0,383.482/245.214/245.216/250.311/243.779/240.885/243.777/248.886/243.779/243.779/243.774/247.442/243.779/245.22/243.779/243.779/247.448/247.446/245.222/248.89/245.218/308.524/245.22/277.983/0/0/0/0/0/0/0/0/0/0/0/0/0/0/0/0/0/0/0/0/0/0/0/0/0/0/0/0/0/0/0/0/0/0/0/0/0/0/0/0/0/0/0/0/0/0/0/0,,,5125,1.1971197731389052e-11,2.0019531250000008e-11,-3.7450662401584285e-06,2.090481534486874,0,0.0,9706,2.0549282592168062e-11,3.791406250000002e-11,1.7989790268937464e-06,2.4521898628377313e-07,6.187184335382288e-07,1.148337756472568e-06,0,1,nan,0.22696898814794078,24,24/23/20/19/18/15/13/12/7/6/3/1/2/4/5/8/9/10/11/14/16/17/21/22,23,1048.5,1.0,,,1.0206008016537344e-09,,,,,,,,,,,,,,0,13529,7,305981987.52473307,203697833.1903426,1.502136683205719,2,-387465614.872788,-436203984.937564,-463722797.455041,-308336.796532,-48667663.189248,-500440.310073,-425196325.086595,-550423.747699,3817,437276.205942,-181776.522753,16617696.924435,29754695.777992,-258710730.225883,-297153204.94417,-1.1894,1.2256,-0.4052,0.4076,0.0031,0.1924,3.3838,0.7363,0.0205,0.3602,0.5464,0.1478,422,926,8371,,,
840,8.1477328e-05,14836.45,4.6360773959283e-08,9.967065429687504e-16,3.2934570312500014e-18,72,24,24,23,24/23/20/19/18/15/13/12/7/6/3/1/2/4/5/8/9/10/11/14/16/17/21/22,0,19,1,0.153564/0.0959473/0.0820313/0.14917/0.104004/0.0769043/0.0849609/0.1521/0.12207/0.160645/0.12207/0.106934/0.160889/0.126709/0.121094/0.167969/0.135498/0.130615/0.166504/0.146729/0.138916/0.219727/0.174072/0.194336/0/0/0/0/0/0/0/0/0/0/0/0/0/0/0/0/0/0/0/0/0/0/0/0/0/0/0/0/0/0/0/0/0/0/0/0/0/0/0/0/0/0/0/0/0/0/0/0,383.482/245.214/245.216/250.311/243.779/240.885/243.777/248.886/243.779/243.779/243.774/247.442/243.779/245.22/243.779/243.779/247.448/247.446/245.222/248.89/245.218/312.19/245.22/277.983/0/0/0/0/0/0/0/0/0/0/0/0/0/0/0/0/0/0/0/0/0/0/0/0/0/0/0/0/0/0/0/0/0/0/0/0/0/0/0/0/0/0/0/0/0/0/0/0,,,5117,1.1949458514789253e-11,1.9988281250000008e-11,-3.7453617468875466e-06,2.0857534268209834,0,0.0,9722,2.061913617004745e-11,3.7976562500000017e-11,1.798723938059528e-06,2.4521898628377313e-07,6.187184335382288e-07,1.148337756472568e-06,0,1,nan,0.22658399004222612,24,24/23/20/19/18/15/13/12/7/6/3/1/2/4/5/8/9/10/11/14/16/17/21/22,23,1038.4,1.0,,,1.0198628215193384e-09,,,,,,,,,,,,,,0,13485,6,305462962.93665564,203670279.07604074,1.4997915470160983,2,-389069330.988542,-435938110.437084,-463586683.009891,-263859.253745,-19050124.662402,-500460.170581,-424428214.680628,-558225.68982,3823,409350.746806,-176478.897082,10424730.193819,29427392.341984,-253232446.34515,-296636341.557362,-1.0564,1.0805,-0.3916,0.3942,0.0031,0.1906,3.13,0.7334,0.0207,0.343,0.5301,0.146,414,915,8342,,,
860,8.1477328e-05,15294.3,4.6360773959283e-08,9.967175292968755e-16,3.2824707031250015e-18,72,24,24,23,24/23/20/19/18/15/13/12/7/6/3/1/2/4/5/8/9/10/11/14/16/17/21/22,0,19,1,0.15332/0.0959473/0.0822754/0.149414/0.104004/0.0766602/0.0847168/0.151855/0.121338/0.160645/0.121094/0.106934/0.160889/0.126221/0.121094/0.167725/0.135254/0.130371/0.165527/0.145752/0.138916/0.216309/0.172607/0.193604/0/0/0/0/0/0/0/0/0/0/0/0/0/0/0/0/0/0/0/0/0/0/0/0/0/0/0/0/0/0/0/0/0/0/0/0/0/0/0/0/0/0/0/0/0/0/0/0,383.482/245.214/245.216/250.311/243.779/240.885/243.777/248.886/243.779/245.208/243.772/247.442/243.779/245.22/243.779/243.779/247.446/247.446/245.22/248.89/245.218/312.19/245.22/277.983/0/0/0/0/0/0/0/0/0/0/0/0/0/0/0/0/0/0/0/0/0/0/0/0/0/0/0/0/0/0/0/0/0/0/0/0/0/0/0/0/0/0/0/0/0/0/0/0,,,5101,1.1911255545254475e-11,1.9925781250000008e-11,-3.748879716615902e-06,2.029465911167296,0,0.0,9706,2.0599395980794526e-11,3.791406250000002e-11,1.797626564796589e-06,2.4521898628377303e-07,6.187184335382288e-07,1.148337756472568e-06,0,1,nan,0.22647956903768057,24,24/23/20/19/18/15/13/12/7/6/3/1/2/4/5/8/9/10/11/14/16/17/21/22,23,1038.5,1.0,,,1.0192432313364387e-09,,,,,,,,,,,,,,0,13442,4,305322190.6365679,203646354.7198703,1.4992764837679504,2,-391147888.914916,-439463905.666378,-463594572.654974,-277517.0623,-809112.632802,-499527.653711,-423338065.907524,-564389.807274,3839,291681.90976,-172687.686732,7345671.068215,28329100.305261,-251159633.613854,-297010926.860511,-1.0095,1.0262,-0.389,0.3918,0.003,0.189,3.1362,0.7402,0.0209,0.3249,0.5219,0.1439,397,912,8299,,,
880,8.1477328e-05,15782.9,4.6360773959283e-08,9.967263183593754e-16,3.2736816406250015e-18,72,24,24,23,24/23/20/19/18/15/13/12/7/6/3/1/2/4/5/8/9/10/11/14/16/17/21/22,0,19,1,0.152832/0.0961914/0.0822754/0.14917/0.10376/0.0766602/0.0842285/0.152344/0.12085/0.160889/0.12085/0.107422/0.160889/0.125977/0.121094/0.16748/0.135254/0.129395/0.165283/0.14502/0.138916/0.212646/0.172607/0.19165/0/0/0/0/0/0/0/0/0/0/0/0/0/0/0/0/0/0/0/0/0/0/0/0/0/0/0/0/0/0/0/0/0/0/0/0/0/0/0/0/0/0/0/0/0/0/0/0,383.482/245.214/245.216/250.311/243.779/240.885/243.777/248.886/243.777/245.208/243.772/247.442/243.779/245.22/243.779/243.779/247.446/247.446/245.22/245.222/245.218/312.19/245.22/277.983/0/0/0/0/0/0/0/0/0/0/0/0/0/0/0/0/0/0/0/0/0/0/0/0/0/0/0/0/0/0/0/0/0/0/0/0/0/0/0/0/0/0/0/0/0/0/0/0,,,5087,1.1875190358923243e-11,1.9871093750000008e-11,-3.747420951271574e-06,2.0528061566765428,0,0.0,9682,2.0560554242843498e-11,3.7820312500000014e-11,1.7969340131305144e-06,2.4521898628377303e-07,6.187184335382288e-07,1.1401518952573195e-06,0,1,nan,0.22640419297749279,24,24/23/20/19/18/15/13/12/7/6/3/1/2/4/5/8/9/10/11/14/16/17/21/22,23,1038.5,1.0,,,1.0188652062434128e-09,,,,,,,,,,,,,,0,13407,3,305220574.4779189,203629948.9135387,1.4988982519831384,2,-393374311.431011,-441097415.957917,-463564868.749395,-271342.281826,-632813.742082,-500523.32361,-421753346.311405,-573853.260495,3883,278114.407816,-173891.702343,7330904.981556,26694182.007211,-250382083.897356,-300546446.93716,-1.0057,1.018,-0.3727,0.3756,0.003,0.1832,3.145,0.7349,0.021,0.3215,0.5033,0.1426,395,914,8219,,,
900,8.1477328e-05,16265.41,4.6360773959283e-08,9.967329101562505e-16,3.2670898437500016e-18,72,24,24,23,24/23/20/19/18/15/13/12/7/6/3/1/2/4/5/8/9/10/11/14/16/17/21/22,0,19,1,0.153076/0.0961914/0.0827637/0.14917/0.103516/0.0761719/0.0834961/0.152344/0.12085/0.160889/0.120117/0.107422/0.161865/0.125977/0.12085/0.16748/0.13501/0.12915/0.165283/0.145264/0.138916/0.209961/0.171631/0.189697/0/0/0/0/0/0/0/0/0/0/0/0/0/0/0/0/0/0/0/0/0/0/0/0/0/0/0/0/0/0/0/0/0/0/0/0/0/0/0/0/0/0/0/0/0/0/0/0,383.482/245.214/245.216/250.311/243.779/240.885/243.766/248.886/243.777/245.208/243.772/247.442/243.779/245.22/243.779/243.779/247.446/247.446/245.22/245.222/245.218/312.19/245.22/277.983/0/0/0/0/0/0/0/0/0/0/0/0/0/0/0/0/0/0/0/0/0/0/0/0/0/0/0/0/0/0/0/0/0/0/0/0/0/0/0/0/0/0/0/0/0/0/0/0,1-2:0.380213/1-3:0.344147/2-4:0.402771/3-6:0.337144/4-5:0.614936/5-8:0.416278/6-7:0.335825/7-12:0.355926/8-9:0.645816/9-10:0.470535/10-11:0.617983/11-14:0.47522/12-13:0.485271/13-15:0.636265/14-16:0.54867/15-18:0.50683/16-17:0.645816/17-21:0.542076/18-19:0.540348/19-20:0.6822/20-23:0.594106/21-22:0.588102/23-24:0.679153,1-2:-59.737/1-3:-65.084/2-4:-55.788/3-6:-69.014/4-5:-51.852/5-8:-47.921/6-7:-72.855/7-12:-76.764/8-9:-43.963/9-10:-40.002/10-11:-36.036/11-14:-32.139/12-13:-80.71/13-15:-84.685/14-16:-28.11/15-18:-88.659/16-17:-24.163/17-21:-20.215/18-19:-92.604/19-20:-96.587/20-23:-100.59/21-22:-16.244/23-24:-104.55,5076,1.1845628868343735e-11,1.9828125000000007e-11,-3.7464345639859438e-06,2.06858835324663,0,0.0,9684,2.0566648144315297e-11,3.7828125000000016e-11,1.7962121670717266e-06,2.4521898628377303e-07,6.187184335382288e-07,1.1483377564725678e-06,0,1,nan,0.22664559068153184,24,24/23/20/19/18/15/13/12/7/6/3/1/2/4/5/8/9/10/11/14/16/17/21/22,23,1028.9,1.0,,,1.0185232769030282e-09,1,24,1,1,1,1/0/0,1.0,24,6160,1952,619,24,24,0,13380,3,305546008.141207,203608080.57798254,1.5006575734806453,2,-394583590.690911,-440404624.568095,-463375943.580594,-269438.559653,-616915.408687,-501257.917023,-420928927.306096,-582707.558151,3898,241756.957919,-174768.771307,5674635.891416,25194357.899321,-269333868.577313,-298344405.546129,-0.9507,0.9584,-0.3703,0.3732,0.003,0.1865,3.1243,0.731,0.0211,0.3046,0.5027,0.1406,394,919,8173,1269.5,773.4,340.6
920,9.1661994e-05,16814.11,4.4189615031262974e-08,9.967414550781255e-16,3.2585449218750016e-18,72,24,24,23,24/23/20/19/18/15/13/12/7/6/3/1/2/4/5/8/9/10/11/14/16/17/21/22,0,19,1,0.15332/0.0961914/0.0830078/0.14917/0.103271/0.0761719/0.0834961/0.151855/0.12085/0.160645/0.120117/0.107422/0.161865/0.125244/0.12085/0.167236/0.13501/0.12915/0.165039/0.145508/0.138916/0.20752/0.17041/0.186279/0/0/0/0/0/0/0/0/0/0/0/0/0/0/0/0/0/0/0/0/0/0/0/0/0/0/0/0/0/0/0/0/0/0/0/0/0/0/0/0/0/0/0/0/0/0/0/0,383.482/245.214/245.216/250.311/243.779/240.885/243.766/248.886/243.777/245.208/243.772/247.442/243.779/245.22/243.779/243.779/247.446/247.446/245.22/245.222/245.218/312.19/245.22/277.983/0/0/0/0/0/0/0/0/0/0/0/0/0/0/0/0/0/0/0/0/0/0/0/0/0/0/0/0/0/0/0/0/0/0/0/0/0/0/0/0/0/0/0/0/0/0/0/0,,,5066,1.1823070574629808e-11,1.978906250000001e-11,-3.7451892991906823e-06,2.0885125899708123,0,0.0,9702,2.0616220478986693e-11,3.789843750000001e-11,1.7954415932500573e-06,2.4521898628377303e-07,6.187184335382292e-07,1.1483377564725678e-06,0,1,nan,0.2078434113709534,24,24/23/20/19/18/15/13/12/7/6/3/1/2/4/5/8/9/10/11/14/16/17/21/22,23,1047.9,1.0,,,1.0197166178144578e-09,,,,,,,,,,,,,,0,13342,6,293965294.8208388,213516093.58075982,1.3767828452221569,2,-391354497.211793,-440438780.812933,-463463103.304511,-256704.987482,-610033.029373,-498370.129949,-420164599.823966,-559730.201806,3910,296124.191412,-174732.969608,10806146.884093,54831175.417224,-263257455.061676,-290268246.803186,-0.8782,0.9047,-0.3309,0.3364,0.0027,0.1606,2.8686,0.6597,0.0192,0.3132,0.5016,0.1397,380,917,8141,,,
940,0.000152769989,17543.95,3.449643283398588e-08,9.964838867187505e-16,3.5161132812500016e-18,72,24,24,23,24/23/20/19/18/15/13/12/7/6/3/1/2/4/5/8/9/10/11/14/16/17/21/22,0,20,2,0.40625/0.0996094/0.0849609/0.14917/0.103516/0.0761719/0.0830078/0.151855/0.120361/0.1604/0.119385/0.107422/0.161621/0.124756/0.121094/0.167236/0.13501/0.12915/0.164795/0.145508/0.138916/0.20874/0.170166/0.187012/0/0/0/0/0/0/0/0/0/0/0/0/0/0/0/0/0/0/0/0/0/0/0/0/0/0/0/0/0/0/0/0/0/0/0/0/0/0/0/0/0/0/0/0/0/0/0/0,997.545/464.242/640.314/250.311/509.443/240.885/242.335/248.886/243.777/245.208/243.772/247.442/243.779/245.22/358.07/243.779/247.446/247.446/245.22/245.222/245.218/312.192/245.22/363.149/0/0/0/0/0/0/0/0/0/0/0/0/0/0/0/0/0/0/0/0/0/0/0/0/0/0/0/0/0/0/0/0/0/0/0/0/0/0/0/0/0/0/0/0/0/0/0/0,,,5059,1.1807016104529031e-11,1.9761718750000006e-11,-3.7450183598944362e-06,2.0912476187107503,0,0.0,10930,2.3300379823945043e-11,4.2695312500000017e-11,1.7952232391069819e-06,2.463321018114558e-07,6.187184335382301e-07,1.191260409385474e-06,0,1,nan,0.18704108396364494,25,24/23/20/19/18/15/13/12/7/1/6/3/1/2/4/5/8/9/10/11/14/16/17/21/22,24,5786.8,1.0,,,1.0552106780325503e-09,,,,,,,,,,,,,,0,13347,18,338877582.0383016,281877234.22562426,1.2022169259935773,10,-382914929.554923,-416043226.479432,-459792610.884241,-223452.011018,-500922.631455,-463056.743429,-413385680.168954,-456754.096869,4179,53617188.022074,35764003.257488,127877079.261429,111350610.400485,-210876450.34136,-234630550.237943,-0.0203,0.7251,-0.1448,0.1846,0.0016,0.0902,1.7368,0.3175,0.008,0.415,0.5696,0.1971,441,1071,8703,,,
960,0.000152769989,18012.75,3.449643283398588e-08,9.964482421875004e-16,3.551757812500001e-18,72,24,24,23,24/23/20/19/18/15/13/12/7/6/3/1/2/4/5/8/9/10/11/14/16/17/21/22,0,21,2,0.429688/0.102295/0.0869141/0.14917/0.104248/0.0761719/0.0830078/0.152344/0.120361/0.160156/0.119629/0.107422/0.161621/0.125488/0.121582/0.167236/0.13501/0.12915/0.164795/0.145264/0.13916/0.21167/0.169922/0.189453/0/0/0/0/0/0/0/0/0/0/0/0/0/0/0/0/0/0/0/0/0/0/0/0/0/0/0/0/0/0/0/0/0/0/0/0/0/0/0/0/0/0/0/0/0/0/0/0,997.545/464.242/645.442/250.311/509.443/240.885/242.335/248.886/243.777/245.208/400.23/247.442/243.779/245.22/358.07/243.779/247.446/247.446/245.22/245.222/245.218/312.192/245.22/501.408/0/0/0/0/0/0/0/0/0/0/0/0/0/0/0/0/0/0/0/0/0/0/0/0/0/0/0/0/0/0/0/0/0/0/0/0/0/0/0/0/0/0/0/0/0/0/0/0,,,5058,1.1803969025931703e-11,1.975781250000001e-11,-3.745282081679072e-06,2.0870280701565798,0,0.0,11112,2.373098438607366e-11,4.3406250000000015e-11,1.7953043998976607e-06,2.474441944476971e-07,6.187184335382301e-07,1.191260409385474e-06,0,1,nan,0.18750921694391556,25,24/23/20/19/18/15/13/12/7/1/6/3/1/2/4/5/8/9/10/11/14/16/17/21/22,24,5813.3,1.0,,,1.0653369219432258e-09,,,,,,,,,,,,,,0,13389,26,339725736.72744644,278847151.3400265,1.2183224217814745,2,-374275027.57075,-414560301.945461,-459584729.274894,-194747.914184,-475084.703934,-452221.489702,-411696718.523369,-454721.850595,4219,71771623.968985,41203611.134462,157126416.01369,121810405.120847,-198259571.429709,-228563374.77581,0.1033,0.7672,-0.136,0.1807,0.0016,0.0899,1.542,0.3098,0.008,0.4951,0.5712,0.1949,509,1124,8692,,,
980,0.000152769989,18467.38,3.449643283398588e-08,9.964143066406255e-16,3.585693359375002e-18,72,24,24,23,24/23/20/19/18/15/13/12/7/6/3/1/2/4/5/8/9/10/11/14/16/17/21/22,0,21,2,0.453613/0.103271/0.0883789/0.149658/0.10498/0.0761719/0.0825195/0.152588/0.120361/0.160156/0.120117/0.108154/0.161621/0.125244/0.121582/0.167725/0.134766/0.129395/0.164795/0.145264/0.13916/0.214111/0.169922/0.192139/0/0/0/0/0/0/0/0/0/0/0/0/0/0/0/0/0/0/0/0/0/0/0/0/0/0/0/0/0/0/0/0/0/0/0/0/0/0/0/0/0/0/0/0/0/0/0/0,997.545/464.242/645.442/250.311/509.443/240.885/242.335/248.886/243.777/245.208/545.083/247.442/243.779/245.22/358.07/243.779/247.446/247.446/245.22/245.222/245.218/312.192/245.22/529.06/0/0/0/0/0/0/0/0/0/0/0/0/0/0/0/0/0/0/0/0/0/0/0/0/0/0/0/0/0/0/0/0/0/0/0/0/0/0/0/0/0/0/0/0/0/0/0/0,,,5060,1.181006318312636e-11,1.9765625000000008e-11,-3.745968157380397e-06,2.0760508589353814,0,0.0,11248,2.408208560289836e-11,4.3937500000000016e-11,1.7953334699509488e-06,2.474441944476971e-07,6.187184335382301e-07,1.194356666574766e-06,0,1,nan,0.19171508109858987,25,24/24/23/20/19/18/15/13/12/7/1/3/1/2/4/5/8/9/10/11/14/16/17/21/22,24,5785.4,1.0,,,1.0733509998286495e-09,,,,,,,,,,,,,,0,13421,28,347345843.7377042,278868442.42166,1.2455545013318634,1,-376940332.001473,-411377887.667644,-459460848.520704,-210238.354764,-473867.877433,-446569.050067,-408445213.36212,-443446.847512,4295,52279719.214575,45188648.036375,124304574.427314,121689077.519349,-215764940.421858,-225737698.191273,-0.0345,0.5939,-0.1291,0.1907,0.0016,0.0941,1.2741,0.3143,0.0079,0.4629,0.5954,0.1948,499,1179,8705,,,
1000,0.000152769989,18921.37,3.449643283398588e-08,9.963979492187504e-16,3.6020507812500014e-18,72,24,24,23,24/23/20/19/18/15/13/12/7/6/3/1/2/4/5/8/9/10/11/14/16/17/21/22,0,21,2,0.466553/0.104004/0.0888672/0.150146/0.10498/0.0761719/0.0825195/0.152344/0.120361/0.160889/0.120605/0.108154/0.161621/0.125488/0.121094/0.167725/0.134766/0.12915/0.164795/0.144531/0.13916/0.214844/0.169922/0.193359/0/0/0/0/0/0/0/0/0/0/0/0/0/0/0/0/0/0/0/0/0/0/0/0/0/0/0/0/0/0/0/0/0/0/0/0/0/0/0/0/0/0/0/0/0/0/0/0,997.545/464.242/645.442/250.311/509.443/240.885/242.335/248.886/243.777/245.208/545.083/247.442/258.317/245.22/358.07/243.779/247.446/247.446/245.22/245.222/974.386/312.192/245.22/556.712/0/0/0/0/0/0/0/0/0/0/0/0/0/0/0/0/0/0/0/0/0/0/0/0/0/0/0/0/0/0/0/0/0/0/0/0/0/0/0/0/0/0/0/0/0/0/0/0,1-2:0.381941/1-3:0.347194/2-4:0.401042/3-6:0.337144/4-5:0.614936/5-8:0.409364/6-7:0.335825/7-12:0.354198/8-9:0.645816/9-10:0.467488/10-11:0.617983/11-14:0.471764/12-13:0.491365/13-15:0.630171/14-16:0.54867/15-18:0.500736/16-17:0.645816/17-21:0.535982/18-19:0.540348/19-20:0.6822/20-23:0.592377/21-22:0.57896/23-24:0.671331,1-2:-59.736/1-3:-65.096/2-4:-55.791/3-6:-69.014/4-5:-51.852/5-8:-47.921/6-7:-72.855/7-12:-76.759/8-9:-43.963/9-10:-40.002/10-11:-36.036/11-14:-32.142/12-13:-80.707/13-15:-84.691/14-16:-28.11/15-18:-88.659/16-17:-24.163/17-21:-20.214/18-19:-92.604/19-20:-96.587/20-23:-100.59/21-22:-16.244/23-24:-104.55,5058,1.1802650191980853e-11,1.975781250000001e-11,-3.747896467610056e-06,2.0451978952608316,0,0.0,11366,2.4370427935603205e-11,4.4398437500000016e-11,1.7939458265332067e-06,2.481659406849348e-07,6.187184335382309e-07,1.1984141848709585e-06,0,1,nan,0.1931471703851282,26,24/23/20/19/18/15/13/12/7/1/6/3/1/2/4/5/8/9/10/11/14/16/17/21/22/21,25,5775.9,1.0,,,1.0805269585940468e-09,2,24/1,1/1,1,1,1/0/0,1.0,24/1,6160/312,1983/1548,707/663,24/1,24/1,0,13433,31,349940476.6621979,278944943.3116179,1.2545145020652648,1,-381374677.720732,-402607633.979986,-459234805.415621,-215516.570785,-422255.109467,-442422.822859,-407545090.112569,-432726.757383,4347,40827895.683253,48817041.271989,130529880.675027,126094732.721778,-225797273.946265,-221651623.075284,-0.1374,0.5538,-0.1092,0.1913,0.0016,0.0933,1.2679,0.3119,0.0079,0.4335,0.6023,0.1968,466,1232,8706,1297.1,751.3,345.7
1020,0.000152769989,19456.64,3.449643283398588e-08,9.963881835937505e-16,3.611816406250002e-18,72,24,24,23,24/23/20/19/18/15/13/12/7/6/3/1/2/4/5/8/9/10/11/14/16/17/21/22,0,23,2,0.472168/0.10498/0.0895996/0.150391/0.104492/0.0761719/0.0825195/0.152344/0.120605/0.160889/0.120361/0.108154/0.161621/0.125977/0.121094/0.16748/0.134766/0.128906/0.164795/0.144287/0.13916/0.215088/0.169922/0.196045/0/0/0/0/0/0/0/0/0/0/0/0/0/0/0/0/0/0/0/0/0/0/0/0/0/0/0/0/0/0/0/0/0/0/0/0/0/0/0/0/0/0/0/0/0/0/0/0,997.545/464.242/645.442/250.311/509.443/240.885/242.335/248.886/243.777/245.208/545.083/247.442/258.323/245.22/358.07/243.779/247.446/247.446/245.22/245.222/974.386/312.192/245.22/584.364/0/0/0/0/0/0/0/0/0/0/0/0/0/0/0/0/0/0/0/0/0/0/0/0/0/0/0/0/0/0/0/0/0/0/0/0/0/0/0/0/0/0/0/0/0/0/0/0,,,5052,1.1787005132575715e-11,1.9734375000000008e-11,-3.749633350959414e-06,2.0174077616711057,0,0.0,11430,2.4531152817447402e-11,4.4648437500000015e-11,1.7936647426550858e-06,2.481659406849348e-07,6.187184335382309e-07,1.1984141848709591e-06,0,1,nan,0.19428839463858216,26,24/24/23/20/19/18/15/13/12/7/1/3/1/2/4/5/8/9/10/11/14/16/17/21/22/21,25,5809.7,1.0,,,1.08735544124818e-09,,,,,,,,,,,,,,0,13452,30,352008125.6908419,279034199.15155095,1.2615232353639092,1,-382166899.411027,-400652508.308066,-459176140.305319,-214181.859322,-386425.557534,-437806.590905,-407016633.335752,-425962.090481,4368,33435782.616493,55551428.44511,112687066.944438,137319700.527566,-234426569.837334,-214617138.57317,-0.1915,0.5457,-0.1103,0.1962,0.0016,0.0935,1.2563,0.3153,0.0079,0.431,0.6114,0.1968,464,1261,8700,,,
1040,0.000162954655,19976.34,3.3279756535161225e-08,9.963752441406255e-16,3.624755859375002e-18,72,24,24,23,24/23/20/19/18/15/13/12/7/6/3/1/2/4/5/8/9/10/11/14/16/17/21/22,0,25,2,0.476074/0.105225/0.0913086/0.150635/0.105713/0.076416/0.0825195/0.152588/0.121338/0.161133/0.120605/0.108154/0.161621/0.125977/0.121338/0.16748/0.134766/0.128906/0.165039/0.143799/0.13916/0.217041/0.169922/0.197998/0/0/0/0/0/0/0/0/0/0/0/0/0/0/0/0/0/0/0/0/0/0/0/0/0/0/0/0/0/0/0/0/0/0/0/0/0/0/0/0/0/0/0/0/0/0/0/0,998.989/464.242/646.838/250.311/647.713/240.885/242.335/248.886/422.775/245.22/545.083/247.442/258.323/245.22/376.945/243.779/247.446/247.446/245.22/245.222/974.386/312.192/245.22/963.422/0/0/0/0/0/0/0/0/0/0/0/0/0/0/0/0/0/0/0/0/0/0/0/0/0/0/0/0/0/0/0/0/0/0/0/0/0/0/0/0/0/0/0/0/0/0/0/0,,,5051,1.1783957926116955e-11,1.9730468750000007e-11,-3.7504793931077015e-06,2.0038710872985055,0,0.0,11546,2.479493706192287e-11,4.510156250000002e-11,1.7932838289566609e-06,2.495981813535706e-07,6.408155204503101e-07,1.1984141848709591e-06,0,1,nan,0.1935607039875484,27,24/24/24/23/20/19/18/15/13/12/7/1/3/1/2/4/5/8/9/10/11/14/16/17/21/22/21,26,5806.7,1.0,,,1.0940040414333565e-09,,,,,,,,,,,,,,0,13481,39,363510591.98525983,289052287.26948214,1.2575945875368928,2,-382793667.671863,-397712837.919907,-458846965.222308,-207116.200188,-354523.137411,-420281.422112,-406379202.475886,-395389.329406,4405,35711584.448394,73422129.132064,110251203.889033,137846593.519079,-242150081.174535,-204808279.61074,-0.1392,0.4892,-0.0851,0.1852,0.0015,0.0887,1.1983,0.2947,0.0075,0.4048,0.6177,0.1969,457,1274,8706,,,
1060,0.000162954655,20451.22,3.3279756535161225e-08,9.963608398437504e-16,3.639160156250002e-18,72,24,24,23,24/23/20/19/18/15/13/12/7/6/3/1/2/4/5/8/9/10/11/14/16/17/21/22,0,25,2,0.480957/0.106445/0.0939941/0.150879/0.106201/0.076416/0.0827637/0.152588/0.121826/0.161377/0.120361/0.108154/0.161865/0.125977/0.121338/0.16748/0.134766/0.128906/0.165283/0.143555/0.13916/0.218506/0.169922/0.200439/0/0/0/0/0/0/0/0/0/0/0/0/0/0/0/0/0/0/0/0/0/0/0/0/0/0/0/0/0/0/0/0/0/0/0/0/0/0/0/0/0/0/0/0/0/0/0/0,998.989/543.642/646.838/250.311/647.713/240.885/242.335/248.886/422.775/245.22/545.083/247.442/258.323/245.22/376.945/243.779/247.446/247.446/245.22/245.222/974.386/312.192/245.22/963.422/0/0/0/0/0/0/0/0/0/0/0/0/0/0/0/0/0/0/0/0/0/0/0/0/0/0/0/0/0/0/0/0/0/0/0/0/0/0/0/0/0/0/0/0/0/0/0/0,,,5055,1.1790871160425742e-11,1.9746093750000008e-11,-3.7506762271075806e-06,2.0007217433004407,0,0.0,11682,2.5109112462460995e-11,4.563281250000002e-11,1.7926019002145027e-06,2.495981813535706e-07,6.629126073623892e-07,1.2066000460862076e-06,0,1,nan,0.1946215598085291,27,24/24/24/23/20/19/18/15/13/12/7/1/3/1/2/4/5/8/9/10/11/14/16/17/21/22/21,26,5804.6,1.0,,,1.1014260068684762e-09,,,,,,,,,,,,,,0,13516,46,365502898.8923504,289153553.6390398,1.2640442916659431,1,-384044574.816838,-398615410.808819,-458696022.675417,-211035.321508,-359780.962556,-417352.545151,-405450512.420301,-384644.475272,4459,40609253.995799,71809775.810466,101872587.727185,147259304.947493,-233632350.78974,-205915633.062394,-0.1145,0.4844,-0.0849,0.1824,0.0015,0.0864,1.2179,0.2915,0.0075,0.3943,0.6147,0.199,459,1277,8707,,,
1080,0.000162954655,20931.69,3.3279756535161225e-08,9.963464355468754e-16,3.653564453125001e-18,72,24,24,23,24/23/20/19/18/15/13/12/7/6/3/1/2/4/5/8/9/10/11/14/16/17/21/22,0,27,2,0.488037/0.107422/0.0949707/0.151367/0.106445/0.0769043/0.0827637/0.15332/0.121826/0.161621/0.121338/0.108398/0.161621/0.125977/0.121338/0.16748/0.134766/0.128906/0.165283/0.143555/0.13916/0.219238/0.170166/0.20166/0/0/0/0/0/0/0/0/0/0/0/0/0/0/0/0/0/0/0/0/0/0/0/0/0/0/0/0/0/0/0/0/0/0/0/0/0/0/0/0/0/0/0/0/0/0/0/0,998.989/543.642/646.838/250.311/647.713/240.885/242.335/248.886/422.775/245.22/545.083/247.442/258.323/245.22/404.599/243.779/247.446/247.446/245.22/245.222/974.386/312.192/245.22/963.422/0/0/0/0/0/0/0/0/0/0/0/0/0/0/0/0/0/0/0/0/0/0/0/0/0/0/0/0/0/0/0/0/0/0/0/0/0/0/0/0/0/0/0/0/0/0/0/0,,,5055,1.1790871160425742e-11,1.9746093750000008e-11,-3.7504748141419384e-06,2.0039443507507153,0,0.0,11792,2.5383628326548266e-11,4.6062500000000015e-11,1.7924579570664034e-06,2.495981813535706e-07,6.850096942744683e-07,1.2219396827869403e-06,0,1,nan,0.19519802780485992,27,24/24/24/23/20/19/18/15/13/12/7/1/3/1/2/4/5/8/9/10/11/14/16/17/21/22/21,26,5803.8,1.0,,,1.1084222132192526e-09,,,,,,,,,,,,,,0,13541,52,366585516.480992,289225187.45595115,1.2674743845980663,3,-384881110.104306,-395675001.59137,-458557499.767876,-207841.803524,-355974.824616,-410998.107022,-405199975.503676,-377018.627903,4507,37930171.873591,78824723.459675,96731569.899529,161210356.552533,-239388095.155233,-199298391.103766,-0.1477,0.4705,-0.0816,0.1887,0.0015,0.0847,1.1594,0.2952,0.0076,0.4022,0.6285,0.1997,450,1292,8715,,,
1100,0.000162954655,21423.93,3.3279756535161225e-08,9.963295898437506e-16,3.670410156250001e-18,72,24,24,23,24/23/20/19/18/15/13/12/7/6/3/1/2/4/5/8/9/10/11/14/16/17/21/22,0,28,2,0.498291/0.110107/0.0957031/0.1521/0.106201/0.0773926/0.0827637/0.15332/0.121826/0.161621/0.121338/0.108398/0.161621/0.125977/0.121338/0.16748/0.134766/0.128906/0.165527/0.143555/0.138916/0.219482/0.17041/0.203369/0/0/0/0/0/0/0/0/0/0/0/0/0/0/0/0/0/0/0/0/0/0/0/0/0/0/0/0/0/0/0/0/0/0/0/0/0/0/0/0/0/0/0/0/0/0/0/0,998.989/543.642/646.838/250.311/647.713/240.885/242.335/248.886/422.775/245.22/545.083/247.442/258.323/245.22/404.599/243.779/247.446/247.446/245.22/245.222/974.386/312.192/245.22/963.422/0/0/0/0/0/0/0/0/0/0/0/0/0/0/0/0/0/0/0/0/0/0/0/0/0/0/0/0/0/0/0/0/0/0/0/0/0/0/0/0/0/0/0/0/0/0/0/0,1-2:0.387126/1-3:0.348923/2-4:0.401042/3-6:0.3406/4-5:0.608841/5-8:0.409364/6-7:0.339282/7-12:0.354198/8-9:0.645816/9-10:0.462713/10-11:0.614935/11-14:0.471764/12-13:0.491365/13-15:0.630171/14-16:0.545623/15-18:0.499007/16-17:0.645816/17-21:0.535982/18-19:0.540348/19-20:0.6822/20-23:0.590649/21-22:0.566362/23-24:0.671331,1-2:-59.734/1-3:-65.099/2-4:-55.794/3-6:-69.014/4-5:-51.852/5-8:-47.921/6-7:-72.854/7-12:-76.759/8-9:-43.963/9-10:-40.006/10-11:-36.031/11-14:-32.142/12-13:-80.707/13-15:-84.696/14-16:-28.107/15-18:-88.655/16-17:-24.163/17-21:-20.214/18-19:-92.604/19-20:-96.587/20-23:-100.59/21-22:-16.246/23-24:-104.55,5053,1.1783458041418807e-11,1.973828125000001e-11,-3.7528259732663067e-06,1.9663258047608225,0,0.0,11904,2.5656325855570837e-11,4.650000000000002e-11,1.7913648507218202e-06,2.495981813535706e-07,7.071067811865475e-07,1.2219396827869403e-06,0,1,nan,0.19783520070332605,28,24/24/24/23/20/19/18/15/13/12/7/1/3/1/2/4/5/8/9/10/11/14/16/17/21/22/21/21,27,5793.4,1.0,,,1.1150693534739575e-09,2,24/1,1/1,1,1,1/0/0,1.0,24/1,6163/314,1995/1579,707/751,24/1,24/1,0,13573,55,371538176.0949526,289347660.96585155,1.2840545344474068,2,-386274726.101763,-393697657.325668,-458515778.145967,-211613.306999,-287521.234174,-405148.177138,-404240382.737597,-371887.5964,4567,33099593.882117,82795209.412344,94946462.021306,155789890.969036,-243497883.138745,-196246064.625003,-0.14,0.462,-0.0678,0.1838,0.0016,0.0849,1.1508,0.2911,0.0076,0.3978,0.62,0.1997,450,1308,8710,1328.3,751.3,347.5
1120,0.000162954655,21996.58,3.3279756535161225e-08,9.963146972656254e-16,3.685302734375002e-18,72,24,24,23,24/23/20/19/18/15/13/12/7/6/3/1/2/4/5/8/9/10/11/14/16/17/21/22,0,28,2,0.505371/0.111084/0.0974121/0.152588/0.106201/0.0776367/0.0827637/0.15332/0.12207/0.162354/0.121582/0.108643/0.161865/0.125977/0.121826/0.16748/0.134766/0.12915/0.165527/0.143555/0.138916/0.219727/0.17041/0.205078/0/0/0/0/0/0/0/0/0/0/0/0/0/0/0/0/0/0/0/0/0/0/0/0/0/0/0/0/0/0/0/0/0/0/0/0/0/0/0/0/0/0/0/0/0/0/0/0,998.989/543.642/651.994/250.311/647.713/240.885/242.335/248.886/456.983/245.22/545.083/440.208/258.323/245.22/404.599/243.779/247.446/247.446/245.22/245.222/974.386/312.192/245.22/963.422/0/0/0/0/0/0/0/0/0/0/0/0/0/0/0/0/0/0/0/0/0/0/0/0/0/0/0/0/0/0/0/0/0/0/0/0/0/0/0/0/0/0/0/0/0/0/0/0,,,5052,1.1780411090682909e-11,1.9734375000000008e-11,-3.7528112814031365e-06,1.9665608745715462,0,0.0,12014,2.5915015200802217e-11,4.6929687500000016e-11,1.7906896557798596e-06,2.5431695939311926e-07,7.071067811865475e-07,1.2362472337579086e-06,0,1,nan,0.1997207378743389,28,24/24/24/23/20/19/18/15/13/12/7/1/3/1/2/4/5/8/9/10/11/14/16/17/21/22/21/21,27,5798.8,1.0,,,1.1214220590136995e-09,,,,,,,,,,,,,,0,13599,57,375079249.87245435,289429165.0308015,1.2959276230249217,1,-383965839.569623,-393920435.59804,-458410714.125848,-206039.081017,-279832.527265,-403645.290075,-403784154.02402,-367361.832538,4645,34800744.433063,85231245.033604,99985187.854399,162121454.24086,-243181054.30411,-195045059.545996,-0.1217,0.4707,-0.0742,0.1942,0.0015,0.0845,1.1574,0.3027,0.0076,0.4031,0.6313,0.1997,454,1299,8697,,,
1140,0.000173139321,22529.62,3.21459798355071e-08,9.963002929687504e-16,3.6997070312500015e-18,72,24,24,23,24/23/20/19/18/15/13/12/7/6/3/1/2/4/5/8/9/10/11/14/16/17/21/22,0,29,2,0.513184/0.111328/0.0981445/0.153076/0.106201/0.0776367/0.0827637/0.15332/0.12207/0.162354/0.121582/0.108887/0.162842/0.126221/0.122314/0.16748/0.135254/0.128906/0.165771/0.143555/0.138916/0.220947/0.170654/0.206299/0/0/0/0/0/0/0/0/0/0/0/0/0/0/0/0/0/0/0/0/0/0/0/0/0/0/0/0/0/0/0/0/0/0/0/0/0/0/0/0/0/0/0/0/0/0/0/0,1002.65/543.642/651.994/250.311/647.713/240.885/242.335/248.886/456.983/245.22/545.083/440.241/258.323/245.22/404.599/243.779/382.057/247.446/245.22/245.22/974.386/312.192/245.22/963.422/0/0/0/0/0/0/0/0/0/0/0/0/0/0/0/0/0/0/0/0/0/0/0/0/0/0/0/0/0/0/0/0/0/0/0/0/0/0/0/0/0/0/0/0/0/0/0/0,,,5049,1.1773907522792615e-11,1.9722656250000007e-11,-3.752191648485895e-06,1.9764750012474102,0,0.0,12096,2.6117400180781306e-11,4.725000000000002e-11,1.7908592441231082e-06,2.852574568906205e-07,7.513009550107079e-07,1.304759556046324e-06,0,1,nan,0.19899887606741842,28,24/24/24/23/20/19/18/15/13/12/7/1/3/1/2/4/5/8/9/10/11/14/16/17/21/22/21/21,27,5792.5,1.0,,,1.1279084113988599e-09,,,,,,,,,,,,,,0,13627,59,386904671.06172293,299452747.1454404,1.2920391439047585,1,-385218243.969501,-394769354.638441,-458358363.679445,-197289.634877,-256582.251464,-393169.829111,-402931349.011001,-336385.791675,4707,41456147.696597,91003246.87525,164213726.941634,167575628.750051,-244723907.333828,-198379701.744737,-0.079,0.4957,-0.0542,0.1804,0.0015,0.0826,1.1783,0.2848,0.0074,0.4174,0.6225,0.1993,460,1298,8687,,,
1160,0.000173139321,23020.88,3.21459798355071e-08,9.962812500000005e-16,3.718750000000002e-18,72,24,24,23,24/23/20/19/18/15/13/12/7/6/3/1/2/4/5/8/9/10/11/14/16/17/21/22,0,29,2,0.522949/0.112793/0.0983887/0.153564/0.106445/0.0778809/0.0827637/0.154053/0.12207/0.162109/0.121826/0.108887/0.162842/0.126465/0.122803/0.167725/0.135254/0.128906/0.166016/0.143311/0.140381/0.222412/0.170898/0.208008/0/0/0/0/0/0/0/0/0/0/0/0/0/0/0/0/0/0/0/0/0/0/0/0/0/0/0/0/0/0/0/0/0/0/0/0/0/0/0/0/0/0/0/0/0/0/0/0,1002.65/543.642/651.994/250.311/647.713/240.885/242.335/248.886/456.983/245.22/545.083/440.241/258.323/245.22/553.746/243.779/382.057/247.446/245.22/245.22/974.386/459.901/245.22/1039.83/0/0/0/0/0/0/0/0/0/0/0/0/0/0/0/0/0/0/0/0/0/0/0/0/0/0/0/0/0/0/0/0/0/0/0/0/0/0/0/0/0/0/0/0/0/0/0/0,,,5048,1.1772179150284703e-11,1.9718750000000006e-11,-3.7522331032771036e-06,1.9758117245880722,0,0.0,12222,2.642748096291737e-11,4.774218750000002e-11,1.7909116105011914e-06,3.2018987173323356e-07,8.838834764831848e-07,1.304759556046324e-06,0,1,nan,0.19977060057361143,29,24/24/24/23/20/19/18/15/13/12/7/1/6/3/1/2/4/5/8/9/10/11/14/16/17/21/22/22/21,28,5791.6,1.0,,,1.1352385896035388e-09,,,,,,,,,,,,,,0,13660,63,388405100.7230328,299551389.29299027,1.2966225983453377,1,-385609910.153964,-395838589.16268,-458390772.811889,-192143.612532,-263230.932889,-398269.926021,-401659672.628117,-328628.8552,4780,41715129.032282,88920197.743307,187199450.812275,173055878.738351,-244999472.906867,-200559334.415069,-0.044,0.4631,-0.0641,0.1852,0.0015,0.0837,1.1055,0.2857,0.0074,0.4154,0.6378,0.1989,467,1306,8678,,,
1180,0.000173139321,23537.91,3.21459798355071e-08,9.962658691406255e-16,3.7341308593750014e-18,72,24,24,23,24/23/20/19/18/15/13/12/7/6/3/1/2/4/5/8/9/10/11/14/16/17/21/22,0,29,2,0.531738/0.114014/0.098877/0.154053/0.106689/0.0778809/0.0822754/0.154785/0.12207/0.162354/0.123047/0.109131/0.162598/0.126953/0.122803/0.167725/0.135498/0.12915/0.166016/0.143311/0.140869/0.222412/0.170898/0.208984/0/0/0/0/0/0/0/0/0/0/0/0/0/0/0/0/0/0/0/0/0/0/0/0/0/0/0/0/0/0/0/0/0/0/0/0/0/0/0/0/0/0/0/0/0/0/0/0,1002.65/543.642/651.994/250.311/751.77/240.885/242.335/248.886/456.981/245.22/566.184/440.241/258.323/245.22/553.746/243.779/382.057/247.446/245.22/245.22/974.386/459.901/245.22/1039.83/0/0/0/0/0/0/0/0/0/0/0/0/0/0/0/0/0/0/0/0/0/0/0/0/0/0/0/0/0/0/0/0/0/0/0/0/0/0/0/0/0/0/0/0/0/0/0/0,,,5047,1.1769132199548804e-11,1.9714843750000008e-11,-3.7515052541781465e-06,1.9874573101713862,0,0.0,12344,2.6714823014780202e-11,4.821875000000002e-11,1.7910969815137046e-06,3.2018987173323356e-07,8.838834764831848e-07,1.304759556046324e-06,0,1,nan,0.20005986463094788,29,24/24/24/23/20/19/18/15/13/12/7/1/6/3/1/2/4/5/8/9/10/11/14/16/17/21/22/22/21,28,5808.2,1.0,,,1.1418695232830536e-09,,,,,,,,,,,,,,0,13681,64,388967503.97457594,299629612.7853105,1.298161087479953,1,-382169841.877188,-395830585.0548,-458323328.492345,-182494.478509,-263576.866328,-392683.90348,-400668307.039995,-324285.149698,4833,45518012.129389,87832583.21268,140663296.942157,188206019.647998,-242724089.934332,-201962565.070984,-0.0325,0.4495,-0.0654,0.1802,0.0015,0.0828,1.023,0.2796,0.0075,0.4357,0.6337,0.1995,482,1305,8676,,,
1200,0.000173139321,24001.05,3.21459798355071e-08,9.962490234375004e-16,3.7509765625000014e-18,72,24,24,23,24/23/20/19/18/15/13/12/7/6/3/1/2/4/5/8/9/10/11/14/16/17/21/22,0,31,2,0.539307/0.114746/0.100098/0.154297/0.107178/0.078125/0.0822754/0.155029/0.12207/0.162354/0.123047/0.109375/0.16333/0.127686/0.123047/0.167969/0.135254/0.12915/0.16626/0.143555/0.141113/0.223389/0.171631/0.210693/0/0/0/0/0/0/0/0/0/0/0/0/0/0/0/0/0/0/0/0/0/0/0/0/0/0/0/0/0/0/0/0/0/0/0/0/0/0/0/0/0/0/0/0/0/0/0/0,1002.65/543.642/651.994/250.311/751.77/240.885/242.335/248.886/456.981/245.22/566.184/467.86/258.323/245.22/553.746/243.779/382.057/247.446/245.22/245.22/974.386/459.901/245.22/1039.83/0/0/0/0/0/0/0/0/0/0/0/0/0/0/0/0/0/0/0/0/0/0/0/0/0/0/0/0/0/0/0/0/0/0/0/0/0/0/0/0/0/0/0/0/0/0/0/0,1-2:0.388854/1-3:0.3411/2-4:0.404499/3-6:0.3406/4-5:0.605385/5-8:0.409364/6-7:0.334506/7-12:0.354198/8-9:0.639722/9-10:0.459256/10-11:0.614935/11-14:0.471764/12-13:0.491365/13-15:0.628442/14-16:0.551717/15-18:0.499007/16-17:0.645816/17-21:0.535982/18-19:0.540348/19-20:0.6822/20-23:0.593696/21-22:0.563315/23-24:0.67265,1-2:-59.734/1-3:-65.113/2-4:-55.794/3-6:-69.014/4-5:-51.854/5-8:-47.921/6-7:-72.854/7-12:-76.759/8-9:-43.957/9-10:-40.008/10-11:-36.031/11-14:-32.142/12-13:-80.707/13-15:-84.696/14-16:-28.11/15-18:-88.655/16-17:-24.163/17-21:-20.214/18-19:-92.604/19-20:-96.587/20-23:-100.59/21-22:-16.245/23-24:-104.54,5046,1.1768722660991739e-11,1.9710937500000007e-11,-3.7526834623308727e-06,1.9686059797277669,0,0.0,12468,2.7008258968114826e-11,4.870312500000002e-11,1.7920854731124359e-06,3.2018987173323356e-07,8.838834764831848e-07,1.3047595560463243e-06,0,1,nan,0.2003197026838622,29,24/24/24/23/20/19/18/15/13/12/7/1/6/3/1/2/4/5/8/9/10/11/14/16/17/21/22/22/21,28,5801.3,1.0,,,1.1486223868281094e-09,2,24/1,1/1,1,1,1/0/0,1.0,24/1,6170/319,2026/1685,707/840,24/1,24/1,0,13710,70,389472695.55343723,299716020.8352918,1.2994723954628737,1,-383140722.02237,-396563505.896496,-458087475.599329,-192314.917627,-270709.078725,-392176.890025,-399600433.249631,-322010.499728,4886,34131594.237836,87332878.563877,109983798.340592,184282692.231643,-253441154.142621,-202714122.669072,-0.0584,0.4529,-0.0679,0.1796,0.0015,0.0824,1.0296,0.2796,0.0075,0.4363,0.6313,0.2016,479,1291,8705,1349.7,773.4,347.1
1220,0.000173139321,24549.57,3.21459798355071e-08,9.962338867187505e-16,3.766113281250002e-18,72,24,24,23,24/23/20/19/18/15/13/12/7/6/3/1/2/4/5/8/9/10/11/14/16/17/21/22,0,34,2,0.546143/0.115723/0.101318/0.153809/0.107178/0.0783691/0.0822754/0.155273/0.121826/0.162598/0.123291/0.109375/0.163818/0.127686/0.123047/0.168213/0.135254/0.12915/0.16626/0.143799/0.141602/0.225342/0.171631/0.213135/0/0/0/0/0/0/0/0/0/0/0/0/0/0/0/0/0/0/0/0/0/0/0/0/0/0/0/0/0/0/0/0/0/0/0/0/0/0/0/0/0/0/0/0/0/0/0/0,1002.65/543.642/684.758/250.311/751.77/240.885/242.335/248.886/456.981/245.22/566.184/467.86/258.323/245.22/553.746/243.779/404.563/247.446/245.22/245.22/974.386/459.901/245.22/1039.83/0/0/0/0/0/0/0/0/0/0/0/0/0/0/0/0/0/0/0/0/0/0/0/0/0/0/0/0/0/0/0/0/0/0/0/0/0/0/0/0/0/0/0/0/0/0/0/0,,,5045,1.1765675710255839e-11,1.970703125000001e-11,-3.753492880539536e-06,1.9556552883891538,0,0.0,12590,2.7300877122949626e-11,4.917968750000002e-11,1.7922429368579318e-06,3.314428546398929e-07,9.059805633952639e-07,1.3650860171194914e-06,0,1,nan,0.2004895744722935,29,24/24/24/23/20/19/18/15/13/12/7/1/6/3/1/2/4/5/8/9/10/11/14/16/17/21/22/22/21,28,5830.0,1.0,,,1.1549947645767126e-09,,,,,,,,,,,,,,0,13743,74,389802969.7224402,299784444.0109949,1.3002775077553514,1,-383191352.843167,-396111984.405956,-457910455.115529,-192086.800469,-280036.09491,-390844.696041,-398227403.890728,-318600.631031,4934,45953070.775437,88555275.678764,156830268.279323,183259543.242948,-240474092.431893,-200614767.38726,-0.0313,0.4598,-0.0698,0.1787,0.0015,0.0824,1.0432,0.2789,0.0075,0.4371,0.6296,0.2029,485,1296,8710,,,
1240,0.000183323987,25071.07,3.108690918802771e-08,9.962150878906255e-16,3.7849121093750015e-18,72,24,24,23,24/23/20/19/18/15/13/12/7/6/3/1/2/4/5/8/9/10/11/14/16/17/21/22,0,33,2,0.553223/0.117676/0.102783/0.153809/0.107666/0.0788574/0.0825195/0.155518/0.122559/0.162842/0.123535/0.109863/0.164063/0.12793/0.123535/0.167969/0.135742/0.12915/0.16626/0.143799/0.141846/0.227295/0.171631/0.214844/0/0/0/0/0/0/0/0/0/0/0/0/0/0/0/0/0/0/0/0/0/0/0/0/0/0/0/0/0/0/0/0/0/0/0/0/0/0/0/0/0/0/0/0/0/0/0/0,1002.65/543.642/684.758/250.311/751.77/240.885/242.335/248.886/456.981/245.22/566.184/467.86/258.323/245.22/553.746/243.779/432.214/247.446/245.22/245.22/974.386/459.901/245.22/1039.83/0/0/0/0/0/0/0/0/0/0/0/0/0/0/0/0/0/0/0/0/0/0/0/0/0/0/0/0/0/0/0/0/0/0/0/0/0/0/0/0/0/0/0/0/0/0/0/0,,,5050,1.1776954857112803e-11,1.972656250000001e-11,-3.753430914797553e-06,1.9566467402608796,0,0.0,12744,2.7654075720889532e-11,4.978125000000002e-11,1.7913748935530109e-06,3.452688118117471e-07,9.059805633952647e-07,1.3650860171194914e-06,0,1,nan,0.19890365673758412,30,24/24/24/23/20/19/18/15/13/12/7/1/6/3/1/2/4/5/8/9/10/11/14/16/17/21/22/21/22/21,29,5823.0,1.0,,,1.1617578425390545e-09,,,,,,,,,,,,,,0,13772,82,399894324.357169,309797597.45353764,1.290824485548645,1,-386872665.972522,-398063390.530779,-457778606.44903,-174908.761799,-259161.14338,-384942.477548,-395446447.142367,-297771.687875,5018,44020329.339239,98719827.821414,201010949.705943,193574989.629144,-252961619.107829,-200523673.79996,0.0283,0.4343,-0.0471,0.1703,0.0015,0.0827,1.0359,0.2675,0.0073,0.4156,0.6252,0.2042,474,1286,8720,,,
1260,0.000183323987,25523.07,3.108690918802771e-08,9.961921386718755e-16,3.807861328125002e-18,72,24,22,21,24/23/20/19/18/15/13/12/7/6/3/1/2/4/5/8/9/10/11/14/16/22,0,32,2,0.561768/0.120117/0.103516/0.154053/0.108154/0.0793457/0.0827637/0.156494/0.122803/0.163086/0.123291/0.110352/0.164063/0.12793/0.124023/0.168213/0.135986/0.12915/0.167236/0.143799/0.142578/0.229492/0.171875/0.217773/0/0/0/0/0/0/0/0/0/0/0/0/0/0/0/0/0/0/0/0/0/0/0/0/0/0/0/0/0/0/0/0/0/0/0/0/0/0/0/0/0/0/0/0/0/0/0/0,1002.65/543.642/712.411/250.311/751.77/240.885/242.335/248.886/456.981/245.22/566.184/467.86/258.323/245.22/581.4/243.779/432.214/247.446/245.22/245.22/995.487/459.901/245.22/1039.83/0/0/0/0/0/0/0/0/0/0/0/0/0/0/0/0/0/0/0/0/0/0/0/0/0/0/0/0/0/0/0/0/0/0/0/0/0/0/0/0/0/0/0/0/0/0/0/0,,,5050,1.177827369106365e-11,1.972656250000001e-11,-3.7523896427039472e-06,1.973307093758574,0,0.0,12894,2.8010909710344553e-11,5.036718750000002e-11,1.7915943438213105e-06,3.452688118117471e-07,9.059805633952647e-07,1.3722397926049754e-06,0,1,nan,0.19920826609375103,29,24/24/23/20/19/18/15/13/12/7/1/6/3/1/2/4/5/8/9/10/11/14/16/17/21/22/21/22/21,28,5816.1,1.0,,,1.1695149898158054e-09,,,,,,,,,,,,,,0,13826,82,400506739.2050164,309871993.48611957,1.2924909240723514,1,-387909033.462969,-399176680.072776,-457752970.621033,-164792.412059,-263321.10502,-380493.738167,-393355502.74514,-290161.756617,5109,42826401.825436,95197266.020948,184267142.817744,207556975.543387,-254389831.38212,-202676614.61186,0.0058,0.4298,-0.0516,0.1687,0.0015,0.0831,1.0093,0.2673,0.0073,0.4221,0.6198,0.2049,488,1281,8713,,,
1280,0.000183323987,25997.61,3.108690918802771e-08,9.961752929687504e-16,3.824707031250002e-18,72,24,22,21,24/23/20/19/18/15/13/12/7/6/3/1/2/4/5/8/9/10/11/14/16/22,0,32,2,0.56958/0.121582/0.10376/0.154297/0.108643/0.0793457/0.0827637/0.156494/0.123291/0.163086/0.124268/0.110596/0.163818/0.127686/0.124023/0.168457/0.13623/0.129395/0.16748/0.144043/0.143555/0.230469/0.172363/0.219482/0/0/0/0/0/0/0/0/0/0/0/0/0/0/0/0/0/0/0/0/0/0/0/0/0/0/0/0/0/0/0/0/0/0/0/0/0/0/0/0/0/0/0/0/0/0/0/0,1002.65/543.642/712.411/250.311/751.77/240.885/242.335/248.886/456.981/245.22/587.284/467.86/258.323/245.22/581.4/243.779/432.214/247.446/251.762/245.22/995.487/459.901/245.22/1039.83/0/0/0/0/0/0/0/0/0/0/0/0/0/0/0/0/0/0/0/0/0/0/0/0/0/0/0/0/0/0/0/0/0/0/0/0/0/0/0/0/0/0/0/0/0/0/0/0,,,5048,1.1773498239958412e-11,1.9718750000000006e-11,-3.752517276933777e-06,1.971264946081301,0,0.0,13024,2.8306804429358725e-11,5.087500000000002e-11,1.7918731677951576e-06,3.452688118117471e-07,9.059805633952647e-07,1.3722397926049754e-06,0,1,nan,0.19933662733425384,29,24/24/23/20/19/18/15/13/12/7/1/6/3/1/2/4/5/8/9/10/11/14/16/17/21/22/21/22/21,28,5809.3,1.0,,,1.1769314742659866e-09,,,,,,,,,,,,,,0,13855,87,400764808.5255429,309960188.1078661,1.2929557533565466,1,-384481299.994776,-403295446.60673,-457637681.365832,-163764.015799,-276596.546146,-379451.504987,-392209818.426556,-285719.90724,5183,52492262.724782,82159082.168178,195039902.682645,199872814.023533,-243787863.913679,-215358839.414652,0.0575,0.481,-0.0622,0.1702,0.0015,0.0819,1.061,0.2701,0.0073,0.4501,0.6189,0.2056,511,1262,8707,,,
1300,0.000183323987,26499.95,3.108690918802771e-08,9.961550292968754e-16,3.844970703125001e-18,72,24,22,21,24/23/20/19/18/15/13/12/7/6/3/1/2/4/5/8/9/10/11/14/16/22,0,31,2,0.57666/0.125/0.104248/0.155029/0.108643/0.0795898/0.0827637/0.156494/0.123535/0.163086/0.124512/0.111084/0.164063/0.12793/0.124512/0.168457/0.136475/0.129395/0.167236/0.144043/0.144287/0.233154/0.172852/0.221924/0/0/0/0/0/0/0/0/0/0/0/0/0/0/0/0/0/0/0/0/0/0/0/0/0/0/0/0/0/0/0/0/0/0/0/0/0/0/0/0/0/0/0/0/0/0/0/0,1002.65/543.642/712.411/250.311/751.77/240.885/463.567/248.886/456.981/245.22/587.284/467.895/258.323/245.22/581.4/243.779/432.214/247.446/251.762/245.22/995.487/459.901/245.22/1039.83/0/0/0/0/0/0/0/0/0/0/0/0/0/0/0/0/0/0/0/0/0/0/0/0/0/0/0/0/0/0/0/0/0/0/0/0/0/0/0/0/0/0/0/0/0/0/0/0,1-2:0.394948/1-3:0.340691/2-4:0.409274/3-6:0.3406/4-5:0.601928/5-8:0.407636/6-7:0.337963/7-12:0.355517/8-9:0.636674/9-10:0.457938/10-11:0.608841/11-14:0.471764/12-13:0.491365/13-15:0.628442/14-16:0.551717/15-18:0.497279/16-17:0.65191/17-21:0.534254/18-19:0.540348/19-20:0.6822/20-23:0.593696/21-22:0.565453/23-24:0.675697,1-2:-59.734/1-3:-65.134/2-4:-55.788/3-6:-69.014/4-5:-51.856/5-8:-47.921/6-7:-72.858/7-12:-76.753/8-9:-43.957/9-10:-40.009/10-11:-36.031/11-14:-32.142/12-13:-80.707/13-15:-84.696/14-16:-28.11/15-18:-88.653/16-17:-24.169/17-21:-20.217/18-19:-92.604/19-20:-96.593/20-23:-100.59/21-22:-16.24/23-24:-104.54,5048,1.1776135779998677e-11,1.9718750000000006e-11,-3.7535954301060143e-06,1.954014495325501,0,0.0,13160,2.8623618009244265e-11,5.140625000000002e-11,1.791671288596972e-06,4.445979139939237e-07,9.501747372194234e-07,1.3722397926049754e-06,0,1,nan,0.1993902200001613,29,24/24/23/20/19/18/15/13/12/7/1/6/3/1/2/4/5/8/9/10/11/14/16/17/21/22/21/22/21,28,5822.2,1.0,,,1.184144323704149e-09,2,24/1,1/1,1,1,1/0/0,1.0,24/1,6177/319,2026/1716,795/928,24/1,24/1,0,13905,89,400872556.18224806,310044120.25341773,1.292953260505604,1,-380630221.256649,-403306012.100906,-457515937.561279,-160876.751588,-285018.460853,-375984.639723,-391368170.935216,-284638.574991,5244,56843604.322113,79964491.143055,211165123.81941,205198616.36411,-238429005.252411,-217283266.282939,0.0708,0.4904,-0.0618,0.1646,0.0015,0.0803,1.0507,0.2641,0.0073,0.4636,0.6113,0.2073,522,1258,8720,1343.6,795.5,346.4
1320,0.000183323987,27033.15,3.108690918802771e-08,9.961333007812504e-16,3.866699218750002e-18,72,24,21,20,24/23/20/19/18/15/13/12/7/6/3/1/2/4/5/8/9/10/11/16/22,0,34,2,0.584473/0.126953/0.10498/0.155518/0.109375/0.0800781/0.0825195/0.157471/0.123779/0.163818/0.125/0.111328/0.164063/0.128174/0.124512/0.168701/0.136475/0.129395/0.16748/0.145264/0.144775/0.236328/0.172852/0.223389/0/0/0/0/0/0/0/0/0/0/0/0/0/0/0/0/0/0/0/0/0/0/0/0/0/0/0/0/0/0/0/0/0/0/0/0/0/0/0/0/0/0/0/0/0/0/0/0,1002.65/543.642/712.411/250.311/751.77/240.885/463.567/248.886/456.981/245.22/587.284/467.895/258.323/245.22/581.4/243.779/432.214/247.446/251.762/432.251/995.487/459.901/245.22/1039.83/0/0/0/0/0/0/0/0/0/0/0/0/0/0/0/0/0/0/0/0/0/0/0/0/0/0/0/0/0/0/0/0/0/0/0/0/0/0/0/0/0/0/0/0/0/0/0/0,,,5051,1.1783958309701245e-11,1.9730468750000007e-11,-3.753812384538952e-06,1.950543224398501,0,0.0,13330,2.90150189374118e-11,5.207031250000002e-11,1.7916914848591014e-06,4.4461632603984134e-07,1.1269514325160611e-06,1.3722397926049754e-06,0,1,nan,0.19936875117615935,29,24/24/23/20/19/18/15/13/12/7/1/6/3/1/2/4/5/8/9/10/11/14/16/17/21/22/21/22/21,28,5816.4,1.0,,,1.1911477656529932e-09,,,,,,,,,,,,,,0,13952,96,400829393.2710688,310126796.92672807,1.292469393948471,1,-380033922.947815,-405877439.284295,-457435231.987781,-162985.548714,-323864.631455,-379383.640377,-389610464.624158,-275605.458277,5338,59055852.674217,71964919.929527,210557598.356516,210350303.681473,-236014513.783246,-226292972.149432,0.0527,0.4964,-0.072,0.1592,0.0016,0.0835,1.033,0.2571,0.0073,0.4774,0.6068,0.2084,532,1236,8728,,,
1340,0.000193508653,27529.67,3.009539637407289e-08,9.961140136718756e-16,3.885986328125002e-18,72,24,21,20,24/23/20/19/18/15/13/12/7/6/3/1/2/4/5/8/9/10/11/16/22,0,33,2,0.590088/0.128906/0.107422/0.156006/0.109375/0.079834/0.0827637/0.157959/0.123779/0.163818/0.125977/0.111328/0.164307/0.128174/0.124756/0.168945/0.136963/0.129395/0.168457/0.145752/0.145264/0.238525/0.172852/0.225342/0/0/0/0/0/0/0/0/0/0/0/0/0/0/0/0/0/0/0/0/0/0/0/0/0/0/0/0/0/0/0/0/0/0/0/0/0/0/0/0/0/0/0/0/0/0/0/0,1002.65/666.531/712.411/250.311/751.77/240.885/463.567/248.886/456.981/245.22/593.836/467.895/258.323/245.22/581.4/243.779/432.214/247.446/251.762/432.251/995.487/459.901/245.22/1039.83/0/0/0/0/0/0/0/0/0/0/0/0/0/0/0/0/0/0/0/0/0/0/0/0/0/0/0/0/0/0/0/0/0/0/0/0/0/0/0/0/0/0/0/0/0/0/0/0,,,5059,1.1804378692350196e-11,1.9761718750000006e-11,-3.752821617184595e-06,1.9663955020682098,0,0.0,13448,2.9274348713258024e-11,5.253125000000002e-11,1.7914783759200096e-06,4.4461632603984134e-07,1.1269514325160611e-06,1.387579429305708e-06,0,1,nan,0.1977987375448937,29,24/24/23/20/19/18/15/13/12/7/1/6/3/1/2/4/5/8/9/10/11/14/16/17/21/22/21/22/21,28,5814.8,1.0,,,1.1984241735730264e-09,,,,,,,,,,,,,,0,14006,99,410774489.988311,320139525.67853653,1.283110822125676,1,-377434894.576822,-404038050.442018,-457362172.244002,-116853.028225,-285914.488596,-372333.478452,-388926258.313063,-256997.925119,5406,69049425.548545,80701465.008338,202089103.654642,218344666.585202,-236307233.823302,-227430736.295613,0.141,0.4833,-0.0511,0.1517,0.0015,0.0806,0.9862,0.243,0.0073,0.487,0.6116,0.2093,538,1241,8726,,,
1360,0.000193508653,28000.93,3.009539637407289e-08,9.960908203125004e-16,3.909179687500002e-18,72,24,22,21,24/23/20/19/18/15/13/12/7/6/3/1/2/4/5/8/9/10/11/16/21/22,0,30,2,0.596924/0.130127/0.110352/0.157471/0.109375/0.0803223/0.0834961/0.159424/0.124512/0.163818/0.125977/0.111572/0.165527/0.128174/0.125/0.169434/0.137451/0.129395/0.168457/0.145996/0.145996/0.240479/0.172852/0.227051/0/0/0/0/0/0/0/0/0/0/0/0/0/0/0/0/0/0/0/0/0/0/0/0/0/0/0/0/0/0/0/0/0/0/0/0/0/0/0/0/0/0/0/0/0/0/0/0,1002.66/666.531/761.165/250.311/751.77/240.885/463.567/248.886/456.981/245.22/593.836/467.895/258.323/245.22/581.4/243.779/432.214/247.446/251.762/432.251/995.487/459.901/245.22/1039.83/0/0/0/0/0/0/0/0/0/0/0/0/0/0/0/0/0/0/0/0/0/0/0/0/0/0/0/0/0/0/0/0/0/0/0/0/0/0/0/0/0/0/0/0/0/0/0/0,,,5063,1.1813929338837817e-11,1.9777343750000008e-11,-3.752727637273456e-06,1.9678991806464343,0,0.0,13598,2.962063279827484e-11,5.311718750000002e-11,1.7906885303961539e-06,4.4461632603984134e-07,1.1269514325160611e-06,1.486771024995589e-06,0,1,nan,0.19628288546350703,29,24/24/23/20/19/18/15/13/12/7/1/6/3/1/2/4/5/8/9/10/11/14/16/17/21/22/21/22/21,28,5845.6,1.0,,,1.2067443498396927e-09,,,,,,,,,,,,,,0,14062,101,407626475.1255367,320229698.37842745,1.272919024030773,1,-376266663.09248,-400831409.260461,-457272949.673179,-92788.701417,-259584.967502,-372748.149496,-388483539.576057,-252000.3593,5461,70128149.386096,84174285.204305,218829352.208162,210359127.833561,-236592562.584357,-223626539.89622,0.1115,0.4809,-0.046,0.1506,0.0016,0.0818,0.9611,0.2403,0.0073,0.4973,0.6141,0.2101,549,1275,8721,,,
1380,0.000193508653,28505.06,3.009539637407289e-08,9.960686035156254e-16,3.931396484375002e-18,72,24,21,20,24/23/20/19/18/15/13/12/7/6/3/1/2/4/5/8/9/10/11/16/22,0,32,2,0.601807/0.131836/0.111572/0.157959/0.109619/0.0805664/0.0837402/0.159668/0.124512/0.164795/0.126221/0.111572/0.166016/0.128174/0.125244/0.169434/0.138672/0.130127/0.168701/0.146729/0.147705/0.243896/0.17334/0.229492/0/0/0/0/0/0/0/0/0/0/0/0/0/0/0/0/0/0/0/0/0/0/0/0/0/0/0/0/0/0/0/0/0/0/0/0/0/0/0/0/0/0/0/0/0/0/0/0,1002.66/666.531/761.165/250.311/751.77/240.885/463.567/248.886/456.981/245.22/593.836/467.895/258.323/245.22/581.4/243.779/432.216/248.877/251.76/459.903/995.487/553.732/245.22/1039.83/0/0/0/0/0/0/0/0/0/0/0/0/0/0/0/0/0/0/0/0/0/0/0/0/0/0/0/0/0/0/0/0/0/0/0/0/0/0/0/0/0/0/0/0/0/0/0/0,,,5069,1.1826936730341265e-11,1.980078125000001e-11,-3.754382117929494e-06,1.9414274901498263,0,0.0,13784,3.005287500318599e-11,5.384375000000002e-11,1.7910402134613504e-06,4.5844228321169565e-07,1.1490485194281411e-06,1.6156098083571714e-06,0,1,nan,0.1965159995727915,29,24/24/23/20/19/18/15/13/12/7/1/6/3/1/2/4/5/8/9/10/11/14/16/17/21/22/21/22/21,28,5842.4,1.0,,,1.214618923403092e-09,,,,,,,,,,,,,,0,14111,106,408110590.0927956,320331763.21149856,1.2740247361087986,1,-372288220.997266,-403411764.033601,-457361436.436746,-138080.98791,-269971.139948,-374463.031006,-386277769.042445,-243476.124778,5565,68816574.500785,82753411.970948,182657142.703459,243649462.991822,-236801564.746538,-225335232.107915,0.1095,0.4806,-0.0491,0.1516,0.0016,0.0827,0.9336,0.2432,0.0073,0.5116,0.6109,0.2112,559,1267,8711,,,
1400,0.000193508653,28980.06,3.009539637407289e-08,9.960466308593755e-16,3.953369140625002e-18,72,24,21,20,24/23/20/19/18/15/13/12/7/6/3/1/2/4/5/8/9/10/11/16/22,0,30,2,0.609375/0.134277/0.112793/0.158203/0.109863/0.0810547/0.0839844/0.1604/0.124512/0.165771/0.127441/0.111816/0.166016/0.128174/0.125488/0.169678/0.138916/0.130127/0.168701/0.146973/0.148193/0.246582/0.173828/0.231201/0/0/0/0/0/0/0/0/0/0/0/0/0/0/0/0/0/0/0/0/0/0/0/0/0/0/0/0/0/0/0/0/0/0/0/0/0/0/0/0/0/0/0/0/0/0/0/0,1002.66/666.531/761.165/250.311/751.77/240.885/463.567/248.886/456.981/245.22/593.836/467.895/258.323/245.22/581.4/243.779/432.216/248.877/251.769/459.903/995.487/553.732/245.22/1039.83/0/0/0/0/0/0/0/0/0/0/0/0/0/0/0/0/0/0/0/0/0/0/0/0/0/0/0/0/0/0/0/0/0/0/0/0/0/0/0/0/0/0/0/0/0/0/0/0,1-2:0.402771/1-3:0.353289/2-4:0.414459/3-6:0.343648/4-5:0.598472/5-8:0.411093/6-7:0.34142/7-12:0.350741/8-9:0.636674/9-10:0.457938/10-11:0.605794/11-14:0.471764/12-13:0.491365/13-15:0.628442/14-16:0.551717/15-18:0.500326/16-17:0.65191/17-21:0.540757/18-19:0.546851/19-20:0.681791/20-23:0.593696/21-22:0.569819/23-24:0.675697,1-2:-59.731/1-3:-65.136/2-4:-55.773/3-6:-69.012/4-5:-51.859/5-8:-47.921/6-7:-72.859/7-12:-76.759/8-9:-43.957/9-10:-40.009/10-11:-36.031/11-14:-32.142/12-13:-80.707/13-15:-84.696/14-16:-28.11/15-18:-88.661/16-17:-24.169/17-21:-20.216/18-19:-92.611/19-20:-96.593/20-23:-100.59/21-22:-16.242/23-24:-104.54,5066,1.1820433162450972e-11,1.978906250000001e-11,-3.7540982841500065e-06,1.9459688306216265,0,0.0,13912,3.036113796170307e-11,5.434375000000002e-11,1.790270066689301e-06,4.5844228321169565e-07,1.1490485194281411e-06,1.6156098083571714e-06,0,1,nan,0.19642526662120532,29,24/24/23/20/19/18/15/13/12/7/1/6/3/1/2/4/5/8/9/10/11/14/16/17/21/22/21/22/21,28,5837.0,1.0,,,1.2223341117175044e-09,2,24/1,1/1,1,1,1/0/0,1.0,24/1,6177/319,2026/1716,795/972,24/1,24/1,0,14160,111,407922162.2879696,320432401.1333785,1.2730365619866697,1,-370745638.608542,-402374580.101313,-457338308.902259,-144528.942829,-256941.453749,-376189.25666,-384559334.69437,-238390.27524,5632,70353687.665395,79526219.509995,183255788.410615,215021240.931823,-236151612.472412,-228767037.299836,0.1095,0.4701,-0.0451,0.1463,0.0016,0.0827,0.9011,0.2366,0.0073,0.5184,0.605,0.2116,571,1276,8708,1341.6,795.5,344.5
1420,0.000193508653,29497.63,3.009539637407289e-08,9.960209960937505e-16,3.979003906250002e-18,72,24,22,21,24/23/20/19/18/15/13/12/7/6/3/1/2/4/5/8/9/10/11/16/21/22,0,34,2,0.616211/0.138184/0.11499/0.158691/0.110107/0.0812988/0.0839844/0.160645/0.125/0.165527/0.12793/0.112305/0.16626/0.128174/0.125732/0.170166/0.13916/0.130127/0.168945/0.148193/0.149658/0.250244/0.174316/0.233154/0/0/0/0/0/0/0/0/0/0/0/0/0/0/0/0/0/0/0/0/0/0/0/0/0/0/0/0/0/0/0/0/0/0/0/0/0/0/0/0/0/0/0/0/0/0/0/0,1002.66/777.118/1066.14/250.311/751.77/240.885/463.567/248.886/456.981/245.22/593.836/467.895/258.323/245.22/581.4/243.779/432.216/248.877/251.769/459.903/995.487/553.732/245.22/1039.83/0/0/0/0/0/0/0/0/0/0/0/0/0/0/0/0/0/0/0/0/0/0/0/0/0/0/0/0/0/0/0/0/0/0/0/0/0/0/0/0/0/0/0/0/0/0/0/0,,,5068,1.1826527319645628e-11,1.9796875000000008e-11,-3.75268924066757e-06,1.9685135263406104,0,0.0,14128,3.086896651712394e-11,5.518750000000002e-11,1.7906740625505507e-06,4.5844228321169565e-07,1.1711456063402203e-06,1.6156098083571714e-06,0,1,nan,0.19627948598398784,29,24/24/23/20/19/18/15/13/12/7/1/6/3/1/2/4/5/8/9/10/11/14/16/17/21/22/21/22/21,28,5834.2,1.0,,,1.2298573760272145e-09,,,,,,,,,,,,,,0,14221,120,407619415.3258481,320530883.6789863,1.2717009064689115,1,-364365008.305481,-401209890.572554,-457306237.930654,-138004.899802,-257345.27187,-374023.275236,-382511202.27853,-229457.299262,5715,70764728.337399,79694967.078196,183561401.940103,232626083.082188,-235669506.967325,-227298686.903481,0.1542,0.4837,-0.045,0.1466,0.0016,0.0826,0.898,0.2363,0.0073,0.5354,0.6072,0.2117,594,1278,8706,,,
1440,0.000203693319,30016.23,2.916517695292748e-08,9.959970703125005e-16,4.002929687500002e-18,72,24,22,21,24/23/20/19/18/15/13/12/7/6/3/1/2/4/5/8/9/10/11/16/21/22,0,31,2,0.621582/0.140625/0.117188/0.159912/0.11084/0.081543/0.0854492/0.161133/0.126465/0.165283/0.128418/0.112305/0.166016/0.128906/0.126221/0.170654/0.139648/0.130127/0.168945/0.148926/0.149902/0.252686/0.175537/0.234619/0/0/0/0/0/0/0/0/0/0/0/0/0/0/0/0/0/0/0/0/0/0/0/0/0/0/0/0/0/0/0/0/0/0/0/0/0/0/0/0/0/0/0/0/0/0/0/0,1002.66/777.118/1066.14/250.311/751.77/240.885/565.385/248.886/563.96/245.22/593.836/467.895/258.323/245.22/581.4/243.779/432.216/248.877/251.769/459.903/995.487/553.732/272.86/1039.83/0/0/0/0/0/0/0/0/0/0/0/0/0/0/0/0/0/0/0/0/0/0/0/0/0/0/0/0/0/0/0/0/0/0/0/0/0/0/0/0/0/0/0/0/0/0/0/0,,,5070,1.1829983553215734e-11,1.9804687500000007e-11,-3.7512722908697436e-06,1.9911847231058317,0,0.0,14338,3.136378768104136e-11,5.600781250000002e-11,1.7907748018085339e-06,4.6389917375152044e-07,1.1711456063402203e-06,1.6156098083571714e-06,0,1,nan,0.19428480930648648,29,24/24/23/20/19/18/15/13/12/7/1/6/3/1/2/4/5/8/9/10/11/14/16/17/21/22/21/22/21,28,5831.5,1.0,,,1.2376122174500824e-09,,,,,,,,,,,,,,0,14275,126,416345856.61022574,330482488.28925365,1.259812157568302,2,-360862316.587177,-402199118.150626,-457113626.61588,34884.255994,-246867.390722,-365519.55774,-381181887.642206,-206210.94973,5762,82247042.735349,88850836.225406,204764893.24737,231777372.519184,-234660223.705149,-228877586.375843,0.2768,0.5378,-0.0255,0.1391,0.0016,0.0826,0.9779,0.2258,0.0073,0.5471,0.6023,0.2138,616,1285,8724,,,
1460,0.000203693319,30469.72,2.916517695292748e-08,9.959624023437504e-16,4.037597656250002e-18,72,24,22,21,24/23/20/19/18/15/13/12/7/6/3/1/2/4/5/8/9/10/11/16/21/22,0,35,2,0.630859/0.143311/0.119141/0.161133/0.11084/0.081543/0.0866699/0.161621/0.126465/0.165771/0.130127/0.113281/0.166748/0.128906/0.126465/0.171387/0.141357/0.130615/0.169678/0.149902/0.149902/0.256104/0.177246/0.238525/0/0/0/0/0/0/0/0/0/0/0/0/0/0/0/0/0/0/0/0/0/0/0/0/0/0/0/0/0/0/0/0/0/0/0/0/0/0/0/0/0/0/0/0/0/0/0/0,1002.66/825.871/1093.8/250.311/751.77/240.885/565.387/248.886/563.96/245.22/593.836/1033.25/258.323/245.22/581.4/243.779/432.216/248.877/251.769/459.903/995.487/553.732/272.86/1039.83/0/0/0/0/0/0/0/0/0/0/0/0/0/0/0/0/0/0/0/0/0/0/0/0/0/0/0/0/0/0/0/0/0/0/0/0/0/0/0/0/0/0/0/0/0/0/0/0,,,5077,1.1844719061504229e-11,1.983203125000001e-11,-3.7517821582492023e-06,1.9830268450344937,0,0.0,14580,3.193237839474094e-11,5.695312500000002e-11,1.790191694240933e-06,5.06817469067238e-07,1.1711456063402203e-06,1.698429681616556e-06,0,1,nan,0.1929567433433687,30,24/24/24/23/20/19/18/15/13/12/7/1/6/3/1/2/4/5/8/9/10/11/14/16/17/21/22/21/22/21,29,5829.6,1.0,,,1.2464492656839013e-09,,,,,,,,,,,,,,0,14370,139,413499855.6129121,330543438.69965476,1.2509697885385496,1,-357006833.111334,-399087066.782276,-456902537.08413,5625.375213,-238367.78087,-368147.917703,-378531572.479652,-202006.672837,5869,81607248.699661,91943739.775297,193892983.447045,221256184.413958,-235235711.080547,-225027125.166565,0.2656,0.5105,-0.0254,0.1448,0.0016,0.082,0.9282,0.2301,0.0073,0.547,0.6166,0.2162,638,1291,8728,,,
1480,0.000203693319,30942.61,2.916517695292748e-08,9.959262695312504e-16,4.0737304687500016e-18,72,24,21,20,24/23/20/19/18/15/13/12/7/6/3/1/2/4/5/8/9/10/11/16/22,0,38,2,0.642578/0.147217/0.122559/0.161865/0.111572/0.081543/0.0866699/0.161865/0.126709/0.16626/0.130859/0.113281/0.16748/0.129395/0.127441/0.172119/0.142334/0.131104/0.170166/0.150391/0.150391/0.259521/0.179688/0.240723/0/0/0/0/0/0/0/0/0/0/0/0/0/0/0/0/0/0/0/0/0/0/0/0/0/0/0/0/0/0/0/0/0/0/0/0/0/0/0/0/0/0/0/0/0/0/0/0,1002.66/853.523/1093.8/250.311/751.77/240.885/565.387/248.886/563.96/245.22/593.836/1033.25/258.323/245.22/581.4/243.779/459.868/248.877/251.769/459.903/995.487/553.732/272.86/1039.83/0/0/0/0/0/0/0/0/0/0/0/0/0/0/0/0/0/0/0/0/0/0/0/0/0/0/0/0/0/0/0/0/0/0/0/0/0/0/0/0/0/0/0/0/0/0/0/0,,,5086,1.1866867560938232e-11,1.9867187500000007e-11,-3.7531826120708496e-06,1.9606195838881364,0,0.0,14804,3.24593084988599e-11,5.7828125000000025e-11,1.7905830950787747e-06,5.06817469067238e-07,1.1711456063402203e-06,1.698429681616556e-06,0,1,nan,0.1930613250092398,30,24/24/24/23/20/19/18/15/13/12/7/1/6/3/1/2/4/5/8/9/10/11/14/16/17/21/22/21/22/21,29,5823.6,1.0,,,1.2550675442706352e-09,,,,,,,,,,,,,,0,14455,144,413723970.62951195,330632912.48480684,1.2513090953960104,2,-352817798.675669,-398163107.737622,-456781979.916885,-14399.628058,-238339.065248,-370111.774635,-375795539.286777,-192483.32295,5954,78808965.957747,92539756.255391,194202013.723001,231223612.408935,-238193744.789016,-224245730.496143,0.2227,0.487,-0.0225,0.1405,0.0016,0.084,0.8631,0.2244,0.0073,0.5611,0.6128,0.2171,663,1317,8743,,,
1500,0.000203693319,31389.47,2.916517695292748e-08,9.958974609375004e-16,4.102539062500002e-18,72,24,21,20,24/23/20/19/18/15/13/12/7/6/3/1/2/4/5/8/9/10/11/16/22,0,37,2,0.650391/0.149902/0.123779/0.162842/0.111816/0.0825195/0.0876465/0.162598/0.127441/0.16626/0.131592/0.113525/0.167725/0.130127/0.127197/0.172852/0.142334/0.13208/0.170654/0.150879/0.151367/0.261963/0.181396/0.243652/0/0/0/0/0/0/0/0/0/0/0/0/0/0/0/0/0/0/0/0/0/0/0/0/0/0/0/0/0/0/0/0/0/0/0/0/0/0/0/0/0/0/0/0/0/0/0/0,1023.75/873.903/1093.8/250.311/751.77/307.861/565.387/248.886/563.96/245.22/593.836/1039.8/258.323/245.22/581.4/243.779/459.868/248.877/251.769/459.903/1276.4/553.732/272.874/1039.83/0/0/0/0/0/0/0/0/0/0/0/0/0/0/0/0/0/0/0/0/0/0/0/0/0/0/0/0/0/0/0/0/0/0/0/0/0/0/0/0/0/0/0/0/0/0/0/0,1-2:0.411912/1-3:0.36243/2-4:0.416188/3-6:0.346695/4-5:0.595015/5-8:0.411093/6-7:0.34142/7-12:0.354198/8-9:0.639722/9-10:0.463122/10-11:0.605794/11-14:0.476949/12-13:0.491365/13-15:0.625395/14-16:0.556902/15-18:0.502054/16-17:0.658004/17-21:0.542486/18-19:0.545123/19-20:0.68311/20-23:0.593696/21-22:0.575913/23-24:0.683928,1-2:-59.737/1-3:-65.142/2-4:-55.765/3-6:-69.012/4-5:-51.861/5-8:-47.921/6-7:-72.859/7-12:-76.782/8-9:-43.957/9-10:-40.007/10-11:-36.031/11-14:-32.141/12-13:-80.707/13-15:-84.702/14-16:-28.109/15-18:-88.663/16-17:-24.172/17-21:-20.206/18-19:-92.611/19-20:-96.589/20-23:-100.59/21-22:-16.242/23-24:-104.54,5092,1.1882512876066233e-11,1.9890625000000007e-11,-3.7516605037225403e-06,1.9849733174610855,0,0.0,14998,3.2892188577157297e-11,5.858593750000002e-11,1.7901556313809712e-06,5.06817469067238e-07,1.2595339539885393e-06,1.698429681616556e-06,0,1,nan,0.1930921361322402,31,24/24/24/23/20/19/18/15/13/12/7/1/6/3/1/2/4/5/8/9/10/11/14/16/17/21/22/21/22/21/21,30,5822.3,1.0,,,1.2633928797754506e-09,2,24/1,1/1,1,1,1/0/0,1.0,24/1,6177/322,2026/1716,884/1016,24/1,24/1,0,14540,151,413789997.8369118,330706534.4574661,1.251230183630168,2,-354206957.551254,-397721237.054938,-456481367.293743,-36227.249711,-236326.383135,-369761.497552,-373703796.036777,-185897.399603,6041,75178320.79972,93025963.234669,194580930.847594,236743346.216381,-241456519.201339,-223923358.673401,0.1923,0.4733,-0.0259,0.142,0.0016,0.0843,0.8398,0.2247,0.0073,0.5602,0.619,0.2193,664,1336,8756,1397.3,795.5,342.0
1520,0.000203693319,31876.01,2.916517695292748e-08,9.958718261718754e-16,4.128173828125002e-18,72,24,21,20,24/23/20/19/18/15/13/12/7/6/3/1/2/4/5/8/9/10/11/16/22,0,37,2,0.657471/0.15332/0.125488/0.163818/0.112305/0.0825195/0.0878906/0.163574/0.12793/0.166504/0.13208/0.114014/0.167725/0.129883/0.127441/0.173584/0.142578/0.132813/0.171143/0.151123/0.152588/0.264648/0.182129/0.245605/0/0/0/0/0/0/0/0/0/0/0/0/0/0/0/0/0/0/0/0/0/0/0/0/0/0/0/0/0/0/0/0/0/0/0/0/0/0/0/0/0/0/0/0/0/0/0/0,1023.75/873.903/1093.8/250.311/751.77/307.861/565.387/248.886/563.96/245.22/593.836/1060.9/258.323/245.22/581.4/243.779/459.868/248.877/251.769/459.903/1276.4/553.732/272.874/1039.83/0/0/0/0/0/0/0/0/0/0/0/0/0/0/0/0/0/0/0/0/0/0/0/0/0/0/0/0/0/0/0/0/0/0/0/0/0/0/0/0/0/0/0/0/0/0/0/0,,,5097,1.1893791895061768e-11,1.9910156250000007e-11,-3.7516470139116183e-06,1.9851891544358367,0,0.0,15184,3.3321793881335334e-11,5.931250000000002e-11,1.790459429373704e-06,5.06817469067238e-07,1.2595339539885393e-06,1.698429681616556e-06,0,1,nan,0.19315906969527138,31,24/24/24/23/20/19/18/15/13/12/7/1/6/3/1/2/4/5/8/9/10/11/14/16/17/21/22/21/22/21/21,30,5819.0,1.0,,,1.2715779682959156e-09,,,,,,,,,,,,,,0,14607,156,413933434.22669274,330790503.24775416,1.2513461848590814,2,-354471064.508934,-396108151.30791,-456257873.24701,-44807.68303,-237030.446438,-367537.884286,-371816889.149255,-175942.637167,6101,71799467.859934,93357361.454137,212197350.26405,236679589.9071,-245100116.510201,-223548756.044337,0.1812,0.4765,-0.0259,0.1453,0.0016,0.0826,0.8418,0.2267,0.0073,0.5628,0.6283,0.2209,677,1356,8770,,,
1540,0.000213877985,32354.42,2.829073777332103e-08,9.958383789062504e-16,4.161621093750002e-18,72,24,22,21,24/23/20/19/18/15/13/12/7/6/3/1/2/4/5/8/9/10/11/16/17/22,0,36,2,0.663574/0.155762/0.127686/0.165283/0.112305/0.0827637/0.088623/0.164063/0.128906/0.167236/0.133545/0.11499/0.169189/0.130371/0.12793/0.173584/0.143066/0.132813/0.172363/0.152344/0.153809/0.268066/0.184814/0.248535/0/0/0/0/0/0/0/0/0/0/0/0/0/0/0/0/0/0/0/0/0/0/0/0/0/0/0/0/0/0/0/0/0/0/0/0/0/0/0/0/0/0/0/0/0/0/0/0,1023.75/873.903/1121.45/250.311/751.77/307.861/565.387/248.886/563.96/245.22/593.836/1060.9/258.323/245.22/581.4/243.779/459.868/248.877/251.769/764.735/1276.4/553.732/272.874/1039.83/0/0/0/0/0/0/0/0/0/0/0/0/0/0/0/0/0/0/0/0/0/0/0/0/0/0/0/0/0/0/0/0/0/0/0/0/0/0/0/0/0/0/0/0/0/0/0/0,,,5104,1.190720882512228e-11,1.993750000000001e-11,-3.752878148540307e-06,1.9654910003768162,0,0.0,15422,3.386500845258284e-11,6.024218750000003e-11,1.7901116571862704e-06,5.5884601218958e-07,1.2595339539885393e-06,1.8405439302193442e-06,0,1,nan,0.1918812374270175,31,24/24/24/23/20/19/18/15/13/12/7/1/6/3/1/2/4/5/8/9/10/11/14/16/17/21/22/21/22/21/21,30,5818.5,1.0,,,1.2801202557952836e-09,,,,,,,,,,,,,,0,14701,157,423904722.2903439,340795887.97721463,1.2438668928971521,2,-352598209.895064,-398114458.161085,-456091439.854737,107874.470151,-233305.022098,-363747.319777,-368122471.08459,-134340.43677,6228,80024103.245282,98483982.964847,207518081.347445,237215196.649449,-246766064.416832,-228015829.798201,0.2626,0.4963,-0.011,0.1362,0.0017,0.0883,0.8768,0.2131,0.0074,0.563,0.6263,0.2228,682,1346,8783,,,
1560,0.000213877985,32806.87,2.829073777332103e-08,9.958049316406254e-16,4.195068359375002e-18,72,24,22,21,24/23/20/19/18/15/13/12/7/6/3/1/2/4/5/8/9/10/11/16/17/22,0,39,2,0.67041/0.1604/0.129395/0.166016/0.112305/0.083252/0.0893555/0.164551/0.129395/0.167725/0.134033/0.11499/0.169434/0.131592/0.128906/0.174316/0.143799/0.133057/0.17334/0.152832/0.155518/0.271973/0.186768/0.251709/0/0/0/0/0/0/0/0/0/0/0/0/0/0/0/0/0/0/0/0/0/0/0/0/0/0/0/0/0/0/0/0/0/0/0/0/0/0/0/0/0/0/0/0/0/0/0/0,1023.75/873.903/1121.45/250.311/751.77/307.861/565.387/248.886/563.96/245.22/593.836/1060.9/258.323/245.22/609.048/243.779/459.868/523.195/251.769/764.735/1276.4/553.732/272.874/1039.83/0/0/0/0/0/0/0/0/0/0/0/0/0/0/0/0/0/0/0/0/0/0/0/0/0/0/0/0/0/0/0/0/0/0/0/0/0/0/0/0/0/0/0/0/0/0/0/0,,,5111,1.1921944589133636e-11,1.9964843750000007e-11,-3.7529666587889073e-06,1.9640748363992133,0,0.0,15692,3.4487267142247324e-11,6.129687500000002e-11,1.7900005797798273e-06,5.5884601218958e-07,1.2595339539885393e-06,1.8630373424055614e-06,0,1,nan,0.1926598699041126,31,24/24/24/23/20/19/18/15/13/12/7/1/6/3/1/2/4/5/8/9/10/11/14/16/17/21/22/21/22/21/21,30,5818.0,1.0,,,1.2897485790441036e-09,,,,,,,,,,,,,,0,14799,170,425624879.96909964,340887482.88590324,1.248578787246226,1,-331684366.020881,-397804772.318492,-456039666.992686,55475.937301,-232756.642955,-363582.990649,-364714284.562766,-111011.536821,6324,80341824.887353,98020562.295981,204804363.919844,227407146.36718,-246361027.080167,-227847592.860729,0.2397,0.4695,-0.0141,0.1345,0.0017,0.0896,0.81,0.2096,0.0074,0.5765,0.6286,0.2237,706,1357,8789,,,
1580,0.000213877985,33249.5,2.829073777332103e-08,9.957680664062504e-16,4.231933593750002e-18,72,24,22,21,24/23/20/19/18/15/13/12/7/6/3/1/2/4/5/8/9/10/11/16/17/22,0,37,2,0.678955/0.163086/0.131348/0.167236/0.112793/0.0842285/0.0900879/0.165283/0.130371/0.168945/0.135254/0.116699/0.169922/0.131592/0.130371/0.175293/0.14502/0.133057/0.174072/0.153564/0.156738/0.275879/0.187988/0.25415/0/0/0/0/0/0/0/0/0/0/0/0/0/0/0/0/0/0/0/0/0/0/0/0/0/0/0/0/0/0/0/0/0/0/0/0/0/0/0/0/0/0/0/0/0/0/0/0,1025.19/873.903/1128/250.311/751.77/307.861/565.387/248.886/591.616/245.22/593.836/1060.9/258.323/245.22/609.048/243.779/459.868/523.195/251.769/764.735/1286.59/553.732/272.874/1039.83/0/0/0/0/0/0/0/0/0/0/0/0/0/0/0/0/0/0/0/0/0/0/0/0/0/0/0/0/0/0/0/0/0/0/0/0/0/0/0/0/0/0/0/0/0/0/0/0,,,5125,1.195669106937545e-11,2.0019531250000008e-11,-3.7539044793684983e-06,1.949069707125757,0,0.0,15910,3.4972178320895665e-11,6.214843750000002e-11,1.7883937971542019e-06,5.595595752952982e-07,1.2595339539885393e-06,1.8630373424055614e-06,0,1,nan,0.19318776238963556,31,24/24/24/23/20/19/18/15/13/12/7/1/6/3/1/2/4/5/8/9/10/11/14/16/17/21/22/21/22/21/21,30,5816.3,1.0,,,1.298846062958519e-09,,,,,,,,,,,,,,0,14898,177,426791101.9534658,340976874.0566609,1.2516716951383189,1,-327673702.790686,-398031104.413331,-456040792.576258,56623.155255,-234001.49302,-362023.613983,-360530375.164836,-82625.227976,6447,81397909.431031,92261965.962802,205298541.536291,219489404.315915,-245767427.474315,-232872898.321413,0.238,0.441,-0.018,0.1316,0.0017,0.0892,0.7616,0.2047,0.0074,0.5755,0.6295,0.2246,728,1355,8795,,,
1600,0.000213877985,33695.71,2.829073777332103e-08,9.957353515625005e-16,4.264648437500002e-18,72,24,22,21,24/23/20/19/18/15/13/12/7/6/3/1/2/4/5/8/9/10/11/16/17/22,0,41,2,0.687744/0.165527/0.133789/0.168213/0.113037/0.0849609/0.0900879/0.165771/0.131592/0.169434/0.136963/0.117432/0.170898/0.13208/0.130615/0.175537/0.145996/0.133301/0.174316/0.155029/0.156982/0.279053/0.188477/0.257813/0/0/0/0/0/0/0/0/0/0/0/0/0/0/0/0/0/0/0/0/0/0/0/0/0/0/0/0/0/0/0/0/0/0/0/0/0/0/0/0/0/0/0/0/0/0/0/0,1025.19/873.903/1128/705.888/751.77/307.861/565.387/248.886/619.27/245.22/593.836/1060.9/258.323/245.22/609.048/243.779/459.868/523.195/251.769/771.288/1286.59/553.732/272.874/1039.83/0/0/0/0/0/0/0/0/0/0/0/0/0/0/0/0/0/0/0/0/0/0/0/0/0/0/0/0/0/0/0/0/0/0/0/0/0/0/0/0/0/0/0/0/0/0/0/0,1-2:0.431013/1-3:0.384578/2-4:0.422282/3-6:0.346695/4-5:0.595015/5-8:0.41414/6-7:0.344467/7-12:0.348104/8-9:0.639722/9-10:0.463122/10-11:0.605794/11-14:0.476949/12-13:0.501735/13-15:0.627124/14-16:0.55863/15-18:0.505511/16-17:0.658004/17-21:0.540757/18-19:0.552946/19-20:0.684838/20-23:0.598471/21-22:0.582417/23-24:0.691751,1-2:-59.726/1-3:-65.152/2-4:-55.75/3-6:-69.012/4-5:-51.861/5-8:-47.921/6-7:-72.859/7-12:-76.798/8-9:-43.956/9-10:-40.007/10-11:-36.031/11-14:-32.143/12-13:-80.716/13-15:-84.704/14-16:-28.109/15-18:-88.666/16-17:-24.172/17-21:-20.199/18-19:-92.61/19-20:-96.59/20-23:-100.59/21-22:-16.24/23-24:-104.55,5132,1.1974064373427074e-11,2.0046875000000007e-11,-3.755926262625088e-06,1.9167211750203226,0,0.0,16142,3.547600856589992e-11,6.305468750000003e-11,1.7878290773200516e-06,5.796118639991472e-07,1.2595339539885393e-06,1.8630373424055614e-06,0,1,nan,0.193821022841404,31,24/24/24/23/20/19/18/15/13/12/7/1/6/3/1/2/4/5/8/9/10/11/14/16/17/21/22/21/22/21/21,30,5812.7,1.0,,,1.3078797113744336e-09,2,24/1,1/1,1,1,1/0/0,1.0,24/1,6185/324,2026/1791,884/1105,24/1,24/1,0,14982,191,428190103.2291714,341078523.4697681,1.255400366089378,1,-327829176.537212,-397949707.969403,-455973177.716016,37712.383186,-233331.084149,-365282.642051,-356369578.227507,-72653.18811,6583,77463119.010464,90661803.767262,208049229.366968,260456028.638436,-250166386.306379,-235754665.667735,0.2395,0.4564,-0.0171,0.1329,0.0017,0.0885,0.777,0.2053,0.0074,0.5841,0.6344,0.2257,731,1354,8795,1411.1,806.5,335.8
1620,0.000213877985,34191.66,2.829073777332103e-08,9.956997070312504e-16,4.300292968750002e-18,72,24,22,21,24/23/20/19/18/15/13/12/7/6/3/1/2/4/5/8/9/10/11/16/17/22,0,42,2,0.697266/0.166504/0.137207/0.168945/0.114258/0.0856934/0.090332/0.166748/0.132813/0.169189/0.138184/0.119629/0.171631/0.13208/0.131592/0.17627/0.145996/0.133301/0.174561/0.156006/0.157959/0.283691/0.188721/0.261719/0/0/0/0/0/0/0/0/0/0/0/0/0/0/0/0/0/0/0/0/0/0/0/0/0/0/0/0/0/0/0/0/0/0/0/0/0/0/0/0/0/0/0/0/0/0/0/0,1025.19/873.903/1128/705.888/751.77/307.861/565.387/248.886/619.27/245.22/593.836/1060.9/258.323/245.22/609.048/243.779/459.868/523.195/251.769/771.288/1286.59/774.28/272.874/1039.83/0/0/0/0/0/0/0/0/0/0/0/0/0/0/0/0/0/0/0/0/0/0/0/0/0/0/0/0/0/0/0/0/0/0/0/0/0/0/0/0/0/0/0/0/0/0/0/0,,,5141,1.1994894166771659e-11,2.0082031250000008e-11,-3.7565162920770535e-06,1.907280703788874,0,0.0,16382,3.6006853619030214e-11,6.399218750000003e-11,1.7868231509952719e-06,6.014421136900236e-07,1.3700193885489375e-06,1.9642931095549703e-06,0,1,nan,0.1925181060039898,31,24/24/24/23/20/19/18/15/13/12/7/1/6/3/1/2/4/5/8/9/10/11/14/16/17/21/22/21/22/21/21,30,5811.0,1.0,,,1.3168309659497472e-09,,,,,,,,,,,,,,0,15080,199,425311694.64927286,341169317.01443243,1.2466293814788771,2,-327785036.139755,-396036176.859043,-456011791.263799,3539.001095,-234338.080218,-362986.687698,-351469797.649536,-39144.749628,6719,81695621.441002,89645437.357784,255260413.36017,212870170.415537,-244966490.918875,-236474084.227138,0.2724,0.4891,-0.0157,0.1312,0.0017,0.0887,0.8351,0.2028,0.0074,0.5826,0.6339,0.2271,726,1363,8799,,,
1640,0.000224062651,34658.24,2.74672076250056e-08,9.956599121093755e-16,4.340087890625002e-18,72,24,22,21,24/23/20/19/18/15/13/12/7/6/3/1/2/4/5/8/9/10/11/16/17/22,0,45,2,0.704346/0.171875/0.140137/0.171143/0.114258/0.0861816/0.0908203/0.167236/0.133301/0.169434/0.138916/0.121826/0.173096/0.132324/0.132568/0.176514/0.147461/0.133789/0.175049/0.157227/0.15918/0.287598/0.189941/0.265869/0/0/0/0/0/0/0/0/0/0/0/0/0/0/0/0/0/0/0/0/0/0/0/0/0/0/0/0/0/0/0/0/0/0/0/0/0/0/0/0/0/0/0/0/0/0/0/0,1025.19/873.903/1128/705.888/751.77/307.861/565.387/248.886/619.27/245.22/641.142/1060.9/258.323/245.22/609.048/243.779/459.868/523.195/251.769/771.288/1286.59/774.28/272.874/1039.83/0/0/0/0/0/0/0/0/0/0/0/0/0/0/0/0/0/0/0/0/0/0/0/0/0/0/0/0/0/0/0/0/0/0/0/0/0/0/0/0/0/0/0/0/0/0/0/0,,,5153,1.2024865068046801e-11,2.012890625000001e-11,-3.7569110687500704e-06,1.900964277020603,0,0.0,16658,3.661310714333952e-11,6.507031250000002e-11,1.7847677685115628e-06,6.14159046899955e-07,1.3921164754610167e-06,1.9642931095549703e-06,0,1,nan,0.19035645936297751,31,24/24/24/23/20/19/18/15/13/12/7/1/6/3/1/2/4/5/8/9/10/11/14/16/17/21/22/21/22/21/21,30,5812.0,1.0,,,1.3262163785080212e-09,,,,,,,,,,,,,,0,15187,206,433144820.27488846,351190372.29830104,1.2333618870023444,2,-330513368.544147,-395165380.614274,-455808855.027402,4874175.660799,-228683.202108,-359512.292552,-346759795.502994,186120.310261,6801,98756727.821561,96505027.547276,261897687.986567,271240557.498366,-238953327.898104,-239148999.313404,0.4027,0.5805,0.0011,0.1296,0.0017,0.0928,0.9575,0.1978,0.0074,0.6037,0.6428,0.2298,752,1394,8817,,,
1660,0.000224062651,35099.6,2.74672076250056e-08,9.956140136718754e-16,4.385986328125002e-18,72,24,22,21,24/23/20/19/18/15/13/12/7/6/3/1/2/4/5/8/9/10/11/16/17/22,0,45,2,0.711914/0.175781/0.143555/0.172607/0.115479/0.0876465/0.0913086/0.168457/0.134521/0.17041/0.140869/0.123291/0.174316/0.133545/0.134033/0.177246/0.148193/0.133789/0.176025/0.15918/0.161865/0.29126/0.190674/0.27002/0/0/0/0/0/0/0/0/0/0/0/0/0/0/0/0/0/0/0/0/0/0/0/0/0/0/0/0/0/0/0/0/0/0/0/0/0/0/0/0/0/0/0/0/0/0/0/0,1025.19/873.903/1143.99/705.888/751.77/550.822/565.387/248.886/619.27/245.22/641.142/1060.9/261.989/245.22/609.048/243.779/522.536/523.195/261.977/792.387/1286.59/774.28/272.874/1039.83/0/0/0/0/0/0/0/0/0/0/0/0/0/0/0/0/0/0/0/0/0/0/0/0/0/0/0/0/0/0/0/0/0/0/0/0/0/0/0/0/0/0/0/0/0/0/0/0,,,5161,1.20413293324275e-11,2.016015625000001e-11,-3.7590323716645314e-06,1.867023430389228,0,0.0,17032,3.743884586747339e-11,6.653125000000003e-11,1.7857522754926955e-06,6.14159046899955e-07,1.3921164754610167e-06,2.1422470602080436e-06,0,1,nan,0.1950127417726511,31,24/24/24/23/20/19/18/15/13/12/7/1/6/3/1/2/4/5/8/9/10/11/14/16/17/21/22/21/22/21/21,30,5812.1,1.0,,,1.336932819348361e-09,,,,,,,,,,,,,,0,15303,227,443739914.4168813,351283621.51210856,1.2631955697416022,1,-335174513.977433,-394231115.197129,-455767910.3827,543931.823589,-223970.133271,-359578.247907,-340380746.789658,275979.451991,6953,96100690.112487,94539650.817849,261728976.747929,271241426.193366,-239371397.239676,-241865391.98634,0.3422,0.5307,0.0007,0.1274,0.0017,0.0932,0.8569,0.1945,0.0074,0.6167,0.6422,0.2319,780,1406,8817,,,
1680,0.000224062651,35549.37,2.74672076250056e-08,9.955729980468754e-16,4.4270019531250016e-18,72,24,22,21,24/23/20/19/18/15/13/12/7/6/3/1/2/4/5/8/9/10/11/16/17/22,0,48,2,0.721191/0.180664/0.14624/0.17334/0.115723/0.0883789/0.0917969/0.168701/0.135742/0.171143/0.141602/0.124512/0.174805/0.133789/0.134277/0.177734/0.148682/0.134521/0.178223/0.159912/0.16626/0.294434/0.19165/0.273682/0/0/0/0/0/0/0/0/0/0/0/0/0/0/0/0/0/0/0/0/0/0/0/0/0/0/0/0/0/0/0/0/0/0/0/0/0/0/0/0/0/0/0/0/0/0/0/0,1025.19/873.903/1143.99/705.888/751.77/550.822/565.387/248.886/619.27/245.22/641.142/1060.9/261.989/245.22/609.048/243.779/522.536/553.726/261.977/792.387/1286.59/774.28/272.874/1039.83/0/0/0/0/0/0/0/0/0/0/0/0/0/0/0/0/0/0/0/0/0/0/0/0/0/0/0/0/0/0/0/0/0/0/0/0/0/0/0/0/0/0/0/0/0/0/0/0,,,5172,1.2072209529096428e-11,2.0203125000000006e-11,-3.759643727322662e-06,1.8572417398591405,0,0.0,17286,3.7999165261577865e-11,6.752343750000003e-11,1.785631870643347e-06,6.14159046899955e-07,1.3921164754610167e-06,2.1422470602080436e-06,0,1,nan,0.19147529344412265,31,24/24/24/23/20/19/18/15/13/12/7/1/6/3/1/2/4/5/8/9/10/11/14/16/17/21/22/21/22/21/21,30,5810.5,1.0,,,1.3471106689659942e-09,,,,,,,,,,,,,,0,15423,232,435690660.7922882,351398178.823133,1.2398774013327531,2,-335485513.557183,-393558771.413879,-455520324.802243,393080.584662,-226239.609558,-357971.982223,-337655046.806408,340612.996308,7081,96187751.958689,98226239.136127,257451831.39073,207158150.860459,-241762244.68032,-238270328.609963,0.3547,0.5414,-0.0009,0.1282,0.0018,0.0943,0.8705,0.1938,0.0074,0.6193,0.6486,0.2342,788,1406,8840,,,
1700,0.000224062651,36030.9,2.74672076250056e-08,9.955402832031255e-16,4.459716796875002e-18,72,24,22,21,24/23/20/19/18/15/13/12/7/6/3/1/2/4/5/8/9/10/11/16/17/22,0,49,2,0.730469/0.184326/0.148926/0.174316/0.116455/0.088623/0.092041/0.169678/0.136475/0.171387/0.142822/0.126221/0.175049/0.13501/0.134521/0.178711/0.149902/0.134521/0.178223/0.1604/0.16748/0.296387/0.192139/0.275635/0/0/0/0/0/0/0/0/0/0/0/0/0/0/0/0/0/0/0/0/0/0/0/0/0/0/0/0/0/0/0/0/0/0/0/0/0/0/0/0/0/0/0/0/0/0/0/0,1026.62/873.903/1143.99/708.779/751.77/745.841/565.387/248.886/619.27/245.22/826.717/1060.9/261.989/458.429/609.048/243.779/522.536/553.726/261.977/792.387/1286.59/774.28/272.874/1039.83/0/0/0/0/0/0/0/0/0/0/0/0/0/0/0/0/0/0/0/0/0/0/0/0/0/0/0/0/0/0/0/0/0/0/0/0/0/0/0/0/0/0/0/0/0/0/0/0,1-2:0.459256/1-3:0.406318/2-4:0.431833/3-6:0.348423/4-5:0.596743/5-8:0.415868/6-7:0.347514/7-12:0.348104/8-9:0.64145/9-10:0.472673/10-11:0.608841/11-14:0.47522/12-13:0.50692/13-15:0.625396/14-16:0.564724/15-18:0.503783/16-17:0.658004/17-21:0.53771/18-19:0.554674/19-20:0.686566/20-23:0.604975/21-22:0.590239/23-24:0.70303,1-2:-59.717/1-3:-65.175/2-4:-55.744/3-6:-69.018/4-5:-51.862/5-8:-47.921/6-7:-72.859/7-12:-76.798/8-9:-43.954/9-10:-40.009/10-11:-36.029/11-14:-32.143/12-13:-80.721/13-15:-84.709/14-16:-28.113/15-18:-88.657/16-17:-24.172/17-21:-20.198/18-19:-92.611/19-20:-96.594/20-23:-100.59/21-22:-16.239/23-24:-104.55,5179,1.2088263743474343e-11,2.0230468750000008e-11,-3.7594547782708627e-06,1.860264924687926,0,0.0,17470,3.842003720632239e-11,6.824218750000003e-11,1.7848220797952375e-06,6.640243970934656e-07,1.4584077361972545e-06,2.1985160029850185e-06,0,1,nan,0.19232505169103847,30,24/24/23/20/19/18/15/13/12/7/1/6/3/1/2/4/5/8/9/10/11/14/16/17/21/22/21/22/21/21,29,5807.6,1.0,,,1.3570539973493816e-09,3,24/1/1,1/1/1,1,1,1/0/0,1.0,24/1/1,6190/327/195,2026/1898/683,972/1105/221,24/1/1,24/1/1,0,15505,242,437624235.22611195,351516017.8901007,1.244962428320784,2,-335924933.156071,-392922887.322391,-455162155.053851,203656.381108,-225118.28218,-355223.946138,-336338328.983115,419502.527085,7170,95165237.046983,97084360.266936,227684656.465472,214759431.874374,-241502317.600607,-238344499.028357,0.3469,0.5263,-0.0032,0.1297,0.0018,0.0943,0.8442,0.1934,0.0075,0.6208,0.6581,0.2362,799,1436,8858,1421.8,839.7,329.6
1720,0.000224062651,36536.96,2.74672076250056e-08,9.954960937500004e-16,4.503906250000002e-18,72,24,23,22,24/23/20/19/18/15/13/12/7/6/3/1/2/4/5/8/9/10/11/14/16/17/22,0,50,2,0.743652/0.187988/0.151611/0.174805/0.117432/0.0895996/0.0930176/0.170898/0.138184/0.171631/0.143555/0.127441/0.175537/0.135986/0.13501/0.180176/0.150879/0.134766/0.178467/0.161865/0.168457/0.300537/0.192871/0.279541/0/0/0/0/0/0/0/0/0/0/0/0/0/0/0/0/0/0/0/0/0/0/0/0/0/0/0/0/0/0/0/0/0/0/0/0/0/0/0/0/0/0/0/0/0/0/0/0,1026.62/873.903/1158.54/708.779/751.77/745.841/565.387/248.886/619.27/245.22/826.717/1060.9/261.989/479.528/609.048/243.779/522.536/553.726/261.977/792.387/1286.59/774.28/272.874/1050.7/0/0/0/0/0/0/0/0/0/0/0/0/0/0/0/0/0/0/0/0/0/0/0/0/0/0/0/0/0/0/0/0/0/0/0/0/0/0/0/0/0/0/0/0/0/0/0/0,,,5196,1.2132151331646716e-11,2.029687500000001e-11,-3.760630776384145e-06,1.84144895487541,0,0.0,17768,3.909332466971291e-11,6.940625000000003e-11,1.7834872175864651e-06,6.640243970934656e-07,1.4584077361972545e-06,2.1985160029850185e-06,0,1,nan,0.1935103263235196,28,24/24/23/20/19/18/15/13/12/7/1/6/3/1/2/4/5/8/9/10/11/14/16/17/21/22/21/21,27,5835.3,1.0,,,1.36692016247703e-09,,,,,,,,,,,,,,0,15618,252,440321257.2729628,351610824.4671268,1.2522972179263208,1,-336402033.707067,-390643454.509638,-455090318.779443,151252.714463,-215562.542964,-350576.273404,-335749907.833134,478965.773051,7296,95409826.951727,100777020.381881,273142006.253092,271727528.965414,-240861927.686579,-236048101.315981,0.3762,0.539,0.008,0.1244,0.0018,0.0955,0.8663,0.1873,0.0075,0.6196,0.6511,0.2369,807,1476,8865,,,
1740,0.000234246553,36975.26,2.6690323071058325e-08,9.954543457031254e-16,4.5456542968750025e-18,72,24,23,22,24/23/20/19/18/15/13/12/7/6/3/1/2/4/5/8/9/10/11/14/16/17/22,0,55,2,0.753174/0.193848/0.154785/0.176025/0.117676/0.090332/0.09375/0.171875/0.139893/0.173096/0.145264/0.128418/0.176025/0.136475/0.135254/0.181152/0.151367/0.135254/0.180176/0.161865/0.170898/0.303223/0.193604/0.282227/0/0/0/0/0/0/0/0/0/0/0/0/0/0/0/0/0/0/0/0/0/0/0/0/0/0/0/0/0/0/0/0/0/0/0/0/0/0/0/0/0/0/0/0/0/0/0/0,1026.62/873.903/1158.54/708.779/751.77/766.941/565.387/248.886/627.268/245.22/937.331/1060.9/263.42/479.528/609.048/243.779/522.536/553.726/261.977/792.387/1286.59/774.28/272.874/1050.7/0/0/0/0/0/0/0/0/0/0/0/0/0/0/0/0/0/0/0/0/0/0/0/0/0/0/0/0/0/0/0/0/0/0/0/0/0/0/0/0/0/0/0/0/0/0/0/0,,,5210,1.216162298753086e-11,2.0351562500000006e-11,-3.7602201652965198e-06,1.8480187322774138,0,0.0,18080,3.9803998454891255e-11,7.062500000000003e-11,1.7824959452119644e-06,6.680234746786572e-07,1.4584077361972545e-06,2.2260990191971915e-06,0,1,nan,0.19294255012094774,28,24/24/23/20/19/18/15/13/12/7/1/6/3/1/2/4/5/8/9/10/11/14/16/17/21/22/21/21,27,5833.4,1.0,,,1.3773728310735993e-09,,,,,,,,,,,,,,0,15725,270,451808295.8551867,361645920.3464545,1.2493111920697384,1,-339063897.607827,-388679508.61492,-454893278.541475,5908227.655433,-206646.409307,-345307.153035,-336263768.151678,9510607.859209,7435,105105748.961675,108684995.65836,243615696.366842,238136524.90368,-241255966.792495,-237231562.242664,0.439,0.5907,0.0217,0.126,0.0018,0.1032,0.9434,0.1872,0.0076,0.6238,0.6601,0.2391,816,1480,8882,,,
1760,0.000234246553,37416.61,2.6690323071058325e-08,9.954025878906255e-16,4.597412109375002e-18,72,24,22,21,24/23/20/19/18/15/13/12/7/6/3/1/2/4/5/8/9/10/11/14/16/22,0,60,2,0.763916/0.19873/0.158936/0.177246/0.118408/0.0908203/0.0944824/0.173096/0.141602/0.175293/0.147217/0.129395/0.176514/0.137939/0.137695/0.183105/0.152588/0.135742/0.181396/0.163574/0.17334/0.30542/0.194336/0.286621/0/0/0/0/0/0/0/0/0/0/0/0/0/0/0/0/0/0/0/0/0/0/0/0/0/0/0/0/0/0/0/0/0/0/0/0/0/0/0/0/0/0/0/0/0/0/0/0,1031.74/873.903/1158.54/708.779/751.77/766.941/607.584/248.886/627.268/245.22/937.331/1060.9/263.42/479.528/609.048/248.877/522.536/553.726/261.977/792.387/1286.59/774.28/272.874/1050.7/0/0/0/0/0/0/0/0/0/0/0/0/0/0/0/0/0/0/0/0/0/0/0/0/0/0/0/0/0/0/0/0/0/0/0/0/0/0/0/0/0/0/0/0/0/0/0/0,,,5225,1.2195460300240319e-11,2.0410156250000008e-11,-3.759726444980674e-06,1.8559182573309465,0,0.0,18416,4.057197611899534e-11,7.193750000000003e-11,1.7814559389981193e-06,6.680234746786572e-07,1.480504823109334e-06,2.2260990191971915e-06,0,1,nan,0.1993107060268765,28,24/24/23/20/19/18/15/13/12/7/1/6/3/1/2/4/5/8/9/10/11/14/16/17/21/22/21/21,27,5829.9,1.0,,,1.3890719957832142e-09,,,,,,,,,,,,,,0,15863,283,466720432.477172,361735422.02199304,1.2902259609201225,1,-343776203.904714,-385973510.059377,-454704871.965449,954591.407967,-202025.500271,-346357.538689,-337708560.248777,7768142.529086,7587,104894306.07969,109709295.911996,226940940.078952,247818379.222725,-242286752.009832,-236068503.501308,0.3978,0.5578,0.0218,0.126,0.0019,0.1016,0.8749,0.1847,0.0076,0.635,0.67,0.2411,841,1494,8898,,,
1780,0.000234246553,37866.33,2.6690323071058325e-08,9.953459472656255e-16,4.654052734375002e-18,72,24,21,20,24/23/20/19/18/15/13/12/7/6/3/1/2/4/5/8/9/10/11/16/22,0,64,2,0.775391/0.205078/0.162598/0.178711/0.119141/0.0930176/0.0952148/0.174072/0.142334/0.17627/0.14917/0.130859/0.178223/0.138428/0.138428/0.18335/0.154053/0.13623/0.181885/0.165771/0.176514/0.311279/0.196533/0.291504/0/0/0/0/0/0/0/0/0/0/0/0/0/0/0/0/0/0/0/0/0/0/0/0/0/0/0/0/0/0/0/0/0/0/0/0/0/0/0/0/0/0/0/0/0/0/0/0,1031.74/873.903/1158.54/708.779/751.77/766.941/607.584/248.886/627.268/245.22/937.331/1060.9/263.42/479.528/609.048/248.877/522.536/553.726/261.977/792.387/1286.59/774.28/272.874/1050.7/0/0/0/0/0/0/0/0/0/0/0/0/0/0/0/0/0/0/0/0/0/0/0/0/0/0/0/0/0/0/0/0/0/0/0/0/0/0/0/0/0/0/0/0/0/0/0/0,,,5241,1.2234981848003085e-11,2.0472656250000008e-11,-3.759037189530642e-06,1.8669463445314571,0,0.0,18720,4.12292589284764e-11,7.312500000000003e-11,1.7814926081316705e-06,6.680234746786572e-07,1.480504823109334e-06,2.2260990191971915e-06,0,1,nan,0.21018481782178441,28,24/24/23/20/19/18/15/13/12/7/1/6/3/1/2/4/5/8/9/10/11/14/16/17/21/22/21/21,27,5860.1,1.0,,,1.400127008247583e-09,,,,,,,,,,,,,,0,16019,290,492184042.84158546,361831021.5275469,1.3602593850679952,1,-344625341.730387,-385345247.672051,-454542700.965312,743919.96426,-194678.291807,-337292.871298,-337732638.449314,7494162.654479,7756,100341580.535009,108222432.205025,262135288.037824,235802866.643875,-245674642.743641,-238067276.193922,0.3929,0.5441,0.0226,0.1241,0.0019,0.1018,0.8406,0.1819,0.0077,0.6448,0.6698,0.2438,867,1499,8934,,,
1800,0.000234246553,38327.71,2.6690323071058325e-08,9.952968750000004e-16,4.7031250000000025e-18,72,24,22,21,24/23/20/19/18/15/13/12/7/6/3/1/2/4/5/8/9/10/11/14/16/22,0,67,2,0.786865/0.208496/0.167725/0.179932/0.119629/0.09375/0.095459/0.174805/0.144775/0.177246/0.151123/0.131836/0.180176/0.138184/0.139648/0.184082/0.155273/0.13623/0.182861/0.16748/0.178223/0.315918/0.198242/0.295166/0/0/0/0/0/0/0/0/0/0/0/0/0/0/0/0/0/0/0/0/0/0/0/0/0/0/0/0/0/0/0/0/0/0/0/0/0/0/0/0/0/0/0/0/0/0/0/0,1031.74/873.903/1158.54/708.779/751.77/766.941/607.584/248.886/627.268/245.22/937.331/1060.9/383.455/479.528/609.048/248.877/522.536/553.726/261.977/792.387/1286.59/774.28/272.874/1050.7/0/0/0/0/0/0/0/0/0/0/0/0/0/0/0/0/0/0/0/0/0/0/0/0/0/0/0/0/0/0/0/0/0/0/0/0/0/0/0/0/0/0/0/0/0/0/0/0,1-2:0.512195/1-3:0.428056/2-4:0.442702/3-6:0.348423/4-5:0.596743/5-8:0.423691/6-7:0.353608/7-12:0.352879/8-9:0.646225/9-10:0.491365/10-11:0.604066/11-14:0.484771/12-13:0.512105/13-15:0.630171/14-16:0.564724/15-18:0.50683/16-17:0.658004/17-21:0.539848/18-19:0.556402/19-20:0.686566/20-23:0.604975/21-22:0.604975/23-24:0.73423,1-2:-59.715/1-3:-65.193/2-4:-55.75/3-6:-69.018/4-5:-51.862/5-8:-47.915/6-7:-72.868/7-12:-76.798/8-9:-43.957/9-10:-40.011/10-11:-36.03/11-14:-32.13/12-13:-80.714/13-15:-84.711/14-16:-28.113/15-18:-88.659/16-17:-24.169/17-21:-20.188/18-19:-92.619/19-20:-96.594/20-23:-100.59/21-22:-16.223/23-24:-104.56,5263,1.2283554541139615e-11,2.055859375000001e-11,-3.75937045587864e-06,1.8616140829634897,0,0.0,18972,4.180458243992546e-11,7.410937500000002e-11,1.7821944323678135e-06,6.680234746786572e-07,1.5246989969334936e-06,2.2260990191971915e-06,0,1,nan,0.1959070280222227,28,24/24/23/20/19/18/15/13/12/7/1/6/3/1/2/4/5/8/9/10/11/14/16/17/21/22/21/21,27,5856.1,1.0,,,1.4110117139902161e-09,3,24/1/1,1/1/1,1,1,1/0/0,1.0,24/1/1,6190/330/202,2132/1898/638,1016/1193/309,24/1/1,24/1/1,0,16144,300,458750132.72753966,361928960.4971743,1.267514299207679,2,-345295826.022702,-377676951.979717,-454282613.428236,726257.265189,-187207.355367,-342031.64472,-338150891.984938,7294194.7685,7917,101453122.258309,108344413.865793,272185675.611042,259426528.005536,-243883915.124159,-238133007.04359,0.4042,0.552,0.0267,0.1213,0.0019,0.1032,0.8474,0.1766,0.0077,0.649,0.6739,0.246,866,1524,8952,1487.8,839.7,324.2
1820,0.000234246553,38838.59,2.6690323071058325e-08,9.952421875000004e-16,4.757812500000002e-18,72,24,21,20,24/23/20/19/18/15/13/12/7/6/3/1/2/4/5/8/9/10/11/16/22,0,72,2,0.799805/0.213867/0.173584/0.180664/0.120605/0.095459/0.0961914/0.175293/0.145508/0.177734/0.152832/0.133789/0.181152/0.139404/0.139893/0.185791/0.15625/0.136475/0.18335/0.169434/0.179688/0.318848/0.200439/0.301758/0/0/0/0/0/0/0/0/0/0/0/0/0/0/0/0/0/0/0/0/0/0/0/0/0/0/0/0/0/0/0/0/0/0/0/0/0/0/0/0/0/0/0/0/0/0/0/0,1031.74/994.739/1158.54/383.463/751.77/766.941/607.584/248.886/627.268/245.22/937.331/1060.9/383.455/479.528/609.048/248.888/522.536/623.578/261.977/792.387/1286.59/774.28/272.874/1050.7/0/0/0/0/0/0/0/0/0/0/0/0/0/0/0/0/0/0/0/0/0/0/0/0/0/0/0/0/0/0/0/0/0/0/0/0/0/0/0/0/0/0/0/0/0/0/0/0,,,5280,1.2318210930963203e-11,2.0625000000000006e-11,-3.7543882932735796e-06,1.9413286846444568,0,0.0,19382,4.2711004459596e-11,7.571093750000003e-11,1.7822904562001373e-06,6.254232816124536e-07,1.480504823109334e-06,2.2260990191971915e-06,0,1,nan,0.19583549198396905,28,24/24/23/20/19/18/15/13/12/7/1/6/3/1/2/4/5/8/9/10/11/14/16/17/21/22/21/21,27,5852.5,1.0,,,1.4219385130297075e-09,,,,,,,,,,,,,,0,16286,316,458582618.74207944,362064814.5375327,1.2665760392316205,1,-345627471.429937,-373898478.200215,-453740619.206856,618298.245568,-179978.052632,-329364.488517,-337800391.051855,7121207.386411,8050,96779878.354366,110705652.281503,279222645.641389,282443839.797481,-248416815.179848,-237084162.882242,0.4242,0.566,0.0253,0.1255,0.002,0.1016,0.864,0.1782,0.0078,0.6527,0.692,0.2499,884,1552,8997,,,
