step,t_s,wall_s,dt,V0,Vt,M,nreg_used,nslab_n,nf3_col,runs,ncomp_min,ncomp_max,ncompbig_max,vols,ths,f3_pairs,f3_pairs_pos,nf3,f3_area_m2,f3_area_stair,f3_pos_m,f3_pos_dx,nf2,f2_area_m2,nf1,f1_area_m2,f1_area_stair,f3_std_m,n_lath,w_lath,a_lath,box_touch,finite,psi_mean,cfl_used,nslab_n1,runs1,nf3_col1,r_col_nm,col_cover_min,nslab_nu,nslab_nu1,E_el_J,nblk_sig,blk_laths,blk_vars,n_var_sig,n_habit,f_var,r_selfac,blk_nlath,blk_span_nm,blk_alen_nm,blk_wlen_nm,blk_nprof,blk_nruns,box_touch_core,core_vox,ncomp_all,dG_max_Jm3,dG_p999,dG_ratio,dG_near_max,ed_tip,ed_side,ed_wide,dG_tip,dG_side,dG_wide,ed_obl,dG_obl,n_obl,dG_tip_p90,dG_side_p90,dG_tip_max,dG_side_max,ed_tip_p90,ed_side_p90,v_tip_nsgn,v_tip_nabs,v_side_nsgn,v_side_nabs,v_wide_nabs,v_obl_nabs,v_tip_f1,v_side_f1,v_wide_f1,f1_tip,f1_side,f1_wide,n_tip,n_side,n_wide,tip_sep_nm,side_sep_nm,wide_sep_nm
0,0.0,8.35,7.638473182236092e-08,1.2475048828125007e-16,2.495117187500001e-19,72,1,1,0,1,0,1,1,0.249512/0/0/0/0/0/0/0/0/0/0/0/0/0/0/0/0/0/0/0/0/0/0/0/0/0/0/0/0/0/0/0/0/0/0/0/0/0/0/0/0/0/0/0/0/0/0/0/0/0/0/0/0/0/0/0/0/0/0/0/0/0/0/0/0/0/0/0/0/0/0/0,507.199/0/0/0/0/0/0/0/0/0/0/0/0/0/0/0/0/0/0/0/0/0/0/0/0/0/0/0/0/0/0/0/0/0/0/0/0/0/0/0/0/0/0/0/0/0/0/0/0/0/0/0/0/0/0/0/0/0/0/0/0/0/0/0/0/0/0/0/0/0/0/0,,,0,0.0,0.0,nan,nan,0,0.0,940,1.95694010763834e-12,3.671875000000001e-12,nan,5.071986094432838e-07,4.419417382415928e-07,1.042953646404103e-06,0,1,nan,nan,1,1,0,597.6,1.0,1,1,0.0,1,1,1,1,1,1/0/0,1.0,1,507,1043,442,1,1,0,1022,1,nan,nan,nan,-1,,,,,,,,,,,,,,,,,,,,,,,,,,,,0,0,0,1075.7,530.3,559.6
20,-0.0,200.08,7.638473182236092e-08,1.2437719726562506e-16,6.228027343750003e-19,72,3,3,2,3/1/2,0,5,1,0.173828/0.225342/0.223633/0/0/0/0/0/0/0/0/0/0/0/0/0/0/0/0/0/0/0/0/0/0/0/0/0/0/0/0/0/0/0/0/0/0/0/0/0/0/0/0/0/0/0/0/0/0/0/0/0/0/0/0/0/0/0/0/0/0/0/0/0/0/0/0/0/0/0/0/0,380.599/310.746/310.746/0/0/0/0/0/0/0/0/0/0/0/0/0/0/0/0/0/0/0/0/0/0/0/0/0/0/0/0/0/0/0/0/0/0/0/0/0/0/0/0/0/0/0/0/0/0/0/0/0/0/0/0/0/0/0/0/0/0/0/0/0/0/0/0/0/0/0/0/0,,,405,9.492125075697275e-13,1.5820312500000006e-12,-1.923081394117178e-06,0.0,0,0.0,2126,4.589610429092256e-12,8.304687500000003e-12,1.948564269401216e-07,3.107461783054967e-07,6.187184335382297e-07,1.2168500787609832e-06,0,1,nan,0.43833082122863876,3,3/1/2,2,726.6,1.0,,,1.2864053933606763e-10,,,,,,,,,,,,,,0,2543,9,358653826.14029276,137797424.9515275,2.602761454116106,1,-311082531.211766,-359949802.148152,-401917331.803839,-175207557.568259,-229571008.194351,-567837.486164,-360767428.933284,-169372874.002994,702,-18790909.514359,-112918127.678249,-37292.30376,-129530.485832,-239443703.96111,-268988208.485534,-6.8392,6.8392,-1.5826,1.5826,0.0098,0.6001,7.6359,1.7096,0.0217,0.8955,0.9257,0.4491,134,444,1296,,,
40,-0.0,362.71,7.638473182236092e-08,1.2442333984375005e-16,5.766601562500002e-19,72,3,3,2,3/1/2,0,5,1,0.162842/0.206299/0.20752/0/0/0/0/0/0/0/0/0/0/0/0/0/0/0/0/0/0/0/0/0/0/0/0/0/0/0/0/0/0/0/0/0/0/0/0/0/0/0/0/0/0/0/0/0/0/0/0/0/0/0/0/0/0/0/0/0/0/0/0/0/0/0/0/0/0/0/0/0,380.599/310.744/310.744/0/0/0/0/0/0/0/0/0/0/0/0/0/0/0/0/0/0/0/0/0/0/0/0/0/0/0/0/0/0/0/0/0/0/0/0/0/0/0/0/0/0/0/0/0/0/0/0/0/0/0/0/0/0/0/0/0/0/0/0/0/0/0/0/0/0/0/0/0,,,388,9.158749516969851e-13,1.5156250000000006e-12,-1.925135895339987e-06,-0.03287201956494425,0,0.0,2042,4.367943975301473e-12,7.976562500000002e-12,1.9477348959440335e-07,3.1074413252261684e-07,6.187184335382292e-07,1.1861708053595179e-06,0,1,nan,0.43549038737076584,3,3/1/2,2,726.1,1.0,,,1.2267272740337047e-10,,,,,,,,,,,,,,0,2354,9,356329708.3240529,137495730.61335495,2.5915692562561836,1,-342746483.540973,-324471920.154758,-413098465.390603,-157209402.431271,-191747155.195368,-479242.53296,-351533379.678277,-156860625.035328,692,-271250.313494,-65227540.884271,-20239.426339,-127239.709093,-247797433.910052,-258095515.113941,-7.0936,7.0936,-1.3965,1.3965,0.0093,0.5766,8.4917,1.5457,0.0216,0.8352,0.9034,0.4289,91,414,1168,,,
60,-0.0,491.87,7.638473182236092e-08,1.2446557617187505e-16,5.344238281250003e-19,72,3,3,2,3/1/2,0,3,1,0.163086/0.184814/0.186523/0/0/0/0/0/0/0/0/0/0/0/0/0/0/0/0/0/0/0/0/0/0/0/0/0/0/0/0/0/0/0/0/0/0/0/0/0/0/0/0/0/0/0/0/0/0/0/0/0/0/0/0/0/0/0/0/0/0/0/0/0/0/0/0/0/0/0/0/0,380.599/305.633/305.633/0/0/0/0/0/0/0/0/0/0/0/0/0/0/0/0/0/0/0/0/0/0/0/0/0/0/0/0/0/0/0/0/0/0/0/0/0/0/0/0/0/0/0/0/0/0/0/0/0/0/0/0/0/0/0/0/0/0/0/0/0/0/0/0/0/0/0/0/0,,,366,8.778521629986565e-13,1.4296875000000005e-12,-1.925672865088332e-06,-0.04146353553846637,0,0.0,1862,3.9592593220548225e-12,7.273437500000003e-12,1.940461834999519e-07,3.0563296230118333e-07,6.187184335382292e-07,1.1861708053595179e-06,0,1,nan,0.43378349067574784,3,3/1/2,2,727.5,1.0,,,1.1832533343114797e-10,,,,,,,,,,,,,,0,2187,3,354933080.4784944,137516485.69081494,2.5810220403429147,1,-326059149.429698,-350293763.287897,-414821569.327609,-145050442.89428,-183483681.092511,-462592.835787,-343124368.388678,-148708714.111821,676,-248754.282842,-244654.199337,-105741.29147,21226.477326,-222081742.784527,-242639901.477884,-6.1985,6.1985,-1.3801,1.3801,0.0088,0.4228,7.3775,1.5915,0.0213,0.84,0.8671,0.4108,100,346,1076,,,
80,-0.0,643.98,7.638473182236092e-08,1.2448144531250006e-16,5.185546875000002e-19,72,3,3,2,3/1/2,0,1,1,0.162354/0.177002/0.179199/0/0/0/0/0/0/0/0/0/0/0/0/0/0/0/0/0/0/0/0/0/0/0/0/0/0/0/0/0/0/0/0/0/0/0/0/0/0/0/0/0/0/0/0/0/0/0/0/0/0/0/0/0/0/0/0/0/0/0/0/0/0/0/0/0/0/0/0/0,380.599/305.633/305.633/0/0/0/0/0/0/0/0/0/0/0/0/0/0/0/0/0/0/0/0/0/0/0/0/0/0/0/0/0/0/0/0/0/0/0/0/0/0/0/0/0/0/0/0/0/0/0/0/0/0/0/0/0/0/0/0/0/0/0/0/0/0/0/0/0/0/0/0/0,,,366,8.778521629986565e-13,1.4296875000000005e-12,-1.925672865088332e-06,-0.04146353553846637,0,0.0,1816,3.8718445073829775e-12,7.093750000000003e-12,1.940461834999519e-07,3.0563296230118333e-07,6.187184335382292e-07,1.1105047075856179e-06,0,1,nan,0.43315821169348223,3,3/1/2,2,677.8,1.0,,,1.1503635414726958e-10,,,,,,,,,,,,,,0,2124,1,354421460.7416799,137527295.311793,2.57709904014442,1,-382991162.110083,-337109167.523661,-418740406.97151,-163528623.015169,-180569712.003103,-452306.24506,-337793683.091835,-137164946.091986,674,-181656.786429,-241051.815891,-103521.399138,155647.775998,-252026286.311614,-237084468.014608,-7.3581,7.3581,-1.2526,1.2526,0.0084,0.4979,10.2638,1.4535,0.021,0.7167,0.8616,0.4014,60,383,1009,,,
100,-0.0,814.94,7.638473182236092e-08,1.2450854492187505e-16,4.914550781250002e-19,72,3,3,2,3/1/2,0,1,1,0.158691/0.163574/0.169189/0/0/0/0/0/0/0/0/0/0/0/0/0/0/0/0/0/0/0/0/0/0/0/0/0/0/0/0/0/0/0/0/0/0/0/0/0/0/0/0/0/0/0/0/0/0/0/0/0/0/0/0/0/0/0/0/0/0/0/0/0/0/0/0/0/0/0/0/0,380.599/305.633/305.633/0/0/0/0/0/0/0/0/0/0/0/0/0/0/0/0/0/0/0/0/0/0/0/0/0/0/0/0/0/0/0/0/0/0/0/0/0/0/0/0/0/0/0/0/0/0/0/0/0/0/0/0/0/0/0/0/0/0/0/0/0/0/0/0/0/0/0/0/0,1-2:0.429785/1-3:0.435879,1-2:-28.519/1-3:-33.883,362,8.656638486093394e-13,1.4140625000000006e-12,-1.9269086461894863e-06,-0.06123603315693243,0,0.0,1734,3.695835183529398e-12,6.7734375000000025e-12,1.9364832901643823e-07,3.0563296230118333e-07,6.187184335382292e-07,1.0941329851551211e-06,0,1,nan,0.4329540793136872,3,3/1/2,2,641.9,1.0,,,1.118486422269929e-10,1,3,1,1,1,1/0/0,1.0,3,995,1117,619,3,3,0,2013,1,354254434.2504845,137536124.85934582,2.5757191764183425,1,-384236426.802564,-346204850.683326,-428880927.616947,-139872630.616013,-182961614.218745,-440684.953143,-332779880.918093,-134961550.267371,708,-176894.398782,-242208.392779,102076.647974,-116939.344007,-246052276.880375,-245841245.647029,-6.3544,6.3546,-1.2586,1.2586,0.0083,0.4374,9.317,1.4613,0.0212,0.6818,0.8611,0.3917,66,324,919,1409.0,795.5,390.0
120,1.0184666e-05,1018.91,7.066431797835207e-08,1.2399194335937505e-16,1.0080566406250005e-18,72,6,6,5,6/3/1/2/4/5,0,3,1,0.158203/0.113525/0.113525/0.174316/0.227051/0.221436/0/0/0/0/0/0/0/0/0/0/0/0/0/0/0/0/0/0/0/0/0/0/0/0/0/0/0/0/0/0/0/0/0/0/0/0/0/0/0/0/0/0/0/0/0/0/0/0/0/0/0/0/0/0/0/0/0/0/0/0/0/0/0/0/0/0,380.599/242.335/242.335/247.444/310.746/310.748/0/0/0/0/0/0/0/0/0/0/0/0/0/0/0/0/0/0/0/0/0/0/0/0/0/0/0/0/0/0/0/0/0/0/0/0/0/0/0/0/0/0/0/0/0/0/0/0/0/0/0/0/0/0/0/0/0/0/0/0/0/0/0/0/0/0,,,1094,2.568617373801353e-12,4.273437500000001e-12,-1.7375985786386248e-06,2.967725047656852,0,0.0,3074,6.491800708578421e-12,1.2007812500000005e-11,4.278457413129903e-07,2.7909518637659705e-07,6.187184335382292e-07,1.1534273604985242e-06,0,1,nan,0.3998699842553845,6,6/3/1/2/4/5,5,778.3,1.0,,,2.6489623397039657e-10,,,,,,,,,,,,,,0,4129,1,353670349.20817834,140751829.18016616,2.5127229341756596,1,-385264938.166307,-404936845.314802,-442940476.467496,-166405079.476346,-249345413.115422,-547373.403003,-407689744.864004,-113104584.048148,1093,-194894.22789,-245022.640536,204286.421497,74810.745299,-247476722.045735,-311141916.19386,-5.0385,5.0389,-1.4181,1.4181,0.0071,0.46,7.1584,1.6835,0.0232,0.7033,0.8422,0.3036,182,564,2299,,,
140,1.0184666e-05,1178.48,7.066431797835207e-08,1.2404296875000005e-16,9.570312500000005e-19,72,6,6,5,6/3/1/2/4/5,0,8,1,0.157959/0.110107/0.106689/0.169189/0.212158/0.200928/0/0/0/0/0/0/0/0/0/0/0/0/0/0/0/0/0/0/0/0/0/0/0/0/0/0/0/0/0/0/0/0/0/0/0/0/0/0/0/0/0/0/0/0/0/0/0/0/0/0/0/0/0/0/0/0/0/0/0/0/0/0/0/0/0/0,380.599/242.335/242.335/247.444/310.746/310.746/0/0/0/0/0/0/0/0/0/0/0/0/0/0/0/0/0/0/0/0/0/0/0/0/0/0/0/0/0/0/0/0/0/0/0/0/0/0/0/0/0/0/0/0/0/0/0/0/0/0/0/0/0/0/0/0/0/0/0/0/0/0/0/0/0/0,,,1072,2.5121319326825995e-12,4.187500000000002e-12,-1.733760465123099e-06,3.0291348639052647,0,0.0,2944,6.1985446803573825e-12,1.1500000000000004e-11,4.2554656162230236e-07,2.7909518637659705e-07,6.187184335382292e-07,1.1380877237977913e-06,0,1,nan,0.39661085310393096,6,6/3/1/2/4/5,5,760.1,1.0,,,2.54950122951465e-10,,,,,,,,,,,,,,0,3919,2,350787767.1244137,140571927.2346016,2.4954325804965403,1,-388037924.141632,-394263313.778344,-445669620.32031,-152576896.57177,-209266607.359947,-547957.527949,-413169745.175397,-119877051.885476,1087,-130481.972009,-238833.454813,214558.47311,306385.469503,-289068855.75154,-279145868.386131,-4.7524,4.7528,-1.2365,1.2366,0.0065,0.4393,7.9508,1.5291,0.0222,0.5972,0.8085,0.294,144,496,2201,,,
160,1.0184666e-05,1337.88,7.066431797835207e-08,1.2407861328125006e-16,9.213867187500004e-19,72,6,6,5,6/3/1/2/4/5,0,7,1,0.156982/0.109131/0.105225/0.16626/0.200928/0.182861/0/0/0/0/0/0/0/0/0/0/0/0/0/0/0/0/0/0/0/0/0/0/0/0/0/0/0/0/0/0/0/0/0/0/0/0/0/0/0/0/0/0/0/0/0/0/0/0/0/0/0/0/0/0/0/0/0/0/0/0/0/0/0/0/0/0,380.599/242.335/242.335/247.444/310.746/310.744/0/0/0/0/0/0/0/0/0/0/0/0/0/0/0/0/0/0/0/0/0/0/0/0/0/0/0/0/0/0/0/0/0/0/0/0/0/0/0/0/0/0/0/0/0/0/0/0/0/0/0/0/0/0/0/0/0/0/0/0/0/0/0/0/0/0,,,1048,2.457464826628552e-12,4.093750000000001e-12,-1.7300164263110259e-06,3.089039484898434,0,0.0,2904,6.1399622417077116e-12,1.1343750000000004e-11,4.237276116805508e-07,2.790941634851576e-07,6.187184335382292e-07,1.0992225891810775e-06,0,1,nan,0.39397422231369184,6,6/3/1/2/4/5,5,750.2,1.0,,,2.4808106554327715e-10,,,,,,,,,,,,,,0,3772,3,348455763.80075,140481368.07111803,2.4804411331212686,1,-393385267.45238,-412320213.721375,-447304669.558318,-132596448.908181,-217882949.672339,-508571.716171,-406094721.850238,-116446761.795588,1135,-117799.485325,-209538.025174,628999.839563,303193.008703,-282807013.956765,-298019661.185214,-4.8352,4.8369,-1.2021,1.2021,0.0064,0.3416,8.9033,1.5509,0.0233,0.5426,0.7749,0.2726,129,422,2095,,,
180,1.0184666e-05,1487.18,7.066431797835207e-08,1.2411035156250004e-16,8.896484375000004e-19,72,6,6,5,6/3/1/2/4/5,0,7,1,0.155762/0.107422/0.102295/0.165039/0.193604/0.165527/0/0/0/0/0/0/0/0/0/0/0/0/0/0/0/0/0/0/0/0/0/0/0/0/0/0/0/0/0/0/0/0/0/0/0/0/0/0/0/0/0/0/0/0/0/0/0/0/0/0/0/0/0/0/0/0/0/0/0/0/0/0/0/0/0/0,380.599/242.335/242.335/247.444/310.746/305.635/0/0/0/0/0/0/0/0/0/0/0/0/0/0/0/0/0/0/0/0/0/0/0/0/0/0/0/0/0/0/0/0/0/0/0/0/0/0/0/0/0/0/0/0/0/0/0/0/0/0/0/0/0/0/0/0/0/0/0/0/0/0/0/0/0/0,,,1033,2.431540261901316e-12,4.035156250000002e-12,-1.7309486575488841e-06,3.0741237850927012,0,0.0,2848,6.011526992347234e-12,1.1125000000000004e-11,4.2274517761124986e-07,2.765396012658808e-07,6.187184335382292e-07,1.0920688136955927e-06,0,1,nan,0.39247005071337104,6,6/3/1/2/4/5,5,749.6,1.0,,,2.42525773726714e-10,,,,,,,,,,,,,,0,3638,7,347125379.1354816,140426201.50193158,2.4719416705913453,1,-391809945.700046,-401143537.112652,-449525125.178133,-109233051.900759,-197627270.309455,-502600.315455,-404197946.588343,-119013838.651515,1131,-7608.740574,-204458.956456,490570.192975,613875.28217,-261641290.908926,-274667020.504364,-4.5431,4.5451,-1.1653,1.1654,0.0063,0.3159,7.9958,1.536,0.0248,0.568,0.7584,0.2514,125,385,2013,,,
200,1.0184666e-05,1659.26,7.066431797835207e-08,1.2412792968750006e-16,8.720703125000003e-19,72,6,6,5,6/3/1/2/4/5,0,8,1,0.155518/0.106689/0.100342/0.164551/0.187012/0.157959/0/0/0/0/0/0/0/0/0/0/0/0/0/0/0/0/0/0/0/0/0/0/0/0/0/0/0/0/0/0/0/0/0/0/0/0/0/0/0/0/0/0/0/0/0/0/0/0/0/0/0/0/0/0/0/0/0/0/0/0/0/0/0/0/0/0,380.599/242.335/242.335/247.444/310.746/305.635/0/0/0/0/0/0/0/0/0/0/0/0/0/0/0/0/0/0/0/0/0/0/0/0/0/0/0/0/0/0/0/0/0/0/0/0/0/0/0/0/0/0/0/0/0/0/0/0/0/0/0/0/0/0/0/0/0/0/0/0/0/0/0/0/0/0,1-2:0.399314/1-3:0.39322/2-4:0.484042/3-6:0.463532/4-5:0.684928,1-2:-28.519/1-3:-33.878/2-4:-24.622/3-6:-37.791/4-5:-20.653,1030,2.425036566149593e-12,4.0234375000000015e-12,-1.730664692086455e-06,3.078667232491568,0,0.0,2802,5.9293872577559185e-12,1.0945312500000003e-11,4.230437945455746e-07,2.765396012658808e-07,6.187184335382292e-07,1.0767291769948603e-06,0,1,nan,0.39154144680807906,6,6/3/1/2/4/5,5,750.6,1.0,,,2.3806580834251015e-10,1,6,1,1,1,1/0/0,1.0,6,1736,1260,619,6,6,0,3566,7,346304063.0067598,140396674.40919927,2.4666115808229487,1,-389137020.922532,-402147884.979293,-452325181.32228,-102211671.853653,-182223572.01254,-487339.093231,-400898134.533053,-111389030.844766,1184,2292.480694,-203889.92953,578899.705627,613036.21741,-240110087.757931,-248748002.790944,-3.9752,3.9772,-1.1158,1.1159,0.0058,0.3104,6.9544,1.4988,0.0242,0.5714,0.7442,0.2408,126,344,1923,1319.1,751.3,372.2
220,2.0369332e-05,1928.81,6.574100727035609e-08,1.2359179687500005e-16,1.4082031250000007e-18,72,9,9,8,7/6/3/1/2/4/5/8/9,0,10,1,0.154541/0.106689/0.100098/0.163574/0.139648/0.112793/0.218994/0.178711/0.233154/0/0/0/0/0/0/0/0/0/0/0/0/0/0/0/0/0/0/0/0/0/0/0/0/0/0/0/0/0/0/0/0/0/0/0/0/0/0/0/0/0/0/0/0/0/0/0/0/0/0/0/0/0/0/0/0/0/0/0/0/0/0/0,380.599/242.335/242.335/247.444/247.444/242.337/310.748/245.222/308.524/0/0/0/0/0/0/0/0/0/0/0/0/0/0/0/0/0/0/0/0/0/0/0/0/0/0/0/0/0/0/0/0/0/0/0/0/0/0/0/0/0/0/0/0/0/0/0/0/0/0/0/0/0/0/0/0/0/0/0/0/0/0/0,,,1795,4.220630681348387e-12,7.011718750000003e-12,-1.5728513317519397e-06,5.603680997843813,0,0.0,4150,8.718079442546115e-12,1.6210937500000006e-11,6.402960895041229e-07,2.474441944476971e-07,6.187184335382292e-07,1.1411839809870832e-06,0,1,nan,0.3515167846850226,9,7/6/3/1/2/4/5/8/9,8,844.6,1.0,,,3.9500040441850777e-10,,,,,,,,,,,,,,0,5761,8,334187137.6029331,147512426.15698582,2.265484653118539,1,-375789374.018981,-424408012.684291,-459378219.72127,-125385666.244586,-237199899.017941,-547603.781564,-422792104.280759,-53612108.243103,1613,-113697.205226,-215708.115493,624070.158417,570754.640887,-254602849.973687,-316092638.33325,-4.3789,4.3805,-1.2103,1.2104,0.0055,0.3157,6.8556,1.5825,0.0226,0.6385,0.7646,0.242,213,599,3363,,,
240,2.0369332e-05,2145.24,6.574100727035609e-08,1.2363647460937505e-16,1.3635253906250007e-18,72,9,9,8,7/6/3/1/2/4/5/8/9,0,10,1,0.154297/0.105713/0.100098/0.16333/0.133301/0.111084/0.20459/0.173584/0.217529/0/0/0/0/0/0/0/0/0/0/0/0/0/0/0/0/0/0/0/0/0/0/0/0/0/0/0/0/0/0/0/0/0/0/0/0/0/0/0/0/0/0/0/0/0/0/0/0/0/0/0/0/0/0/0/0/0/0/0/0/0/0/0,380.599/242.335/242.335/247.444/247.444/242.337/307.079/245.222/308.522/0/0/0/0/0/0/0/0/0/0/0/0/0/0/0/0/0/0/0/0/0/0/0/0/0/0/0/0/0/0/0/0/0/0/0/0/0/0/0/0/0/0/0/0/0/0/0/0/0/0/0/0/0/0/0/0/0/0/0/0/0/0/0,,,1770,4.158960250567328e-12,6.914062500000003e-12,-1.5768749748107483e-06,5.539302708902874,0,0.0,4042,8.473395979600175e-12,1.5789062500000006e-11,6.396117368046415e-07,2.474441944476971e-07,6.187184335382292e-07,1.1411839809870832e-06,0,1,nan,0.3502100383974697,9,7/6/3/1/2/4/5/8/9,8,802.7,1.0,,,3.845281210955611e-10,,,,,,,,,,,,,,0,5579,7,332944813.42259026,147458760.7606346,2.2578842498415512,1,-394145186.387498,-411881374.253855,-460338996.744783,-41347651.403838,-195016553.560143,-547476.683045,-426344854.118181,-1036890.185791,1579,-80064.352058,-214948.64901,903031.140653,566319.649659,-253695425.407814,-289097864.609675,-3.1244,3.1261,-1.052,1.0521,0.0054,0.2897,6.1081,1.4126,0.0222,0.511,0.7445,0.2416,182,544,3290,,,
260,2.0369332e-05,2304.25,6.574100727035609e-08,1.2367016601562505e-16,1.3298339843750007e-18,72,9,9,8,7/6/3/1/2/4/5/8/9,0,11,1,0.154297/0.105469/0.100098/0.162598/0.128662/0.108154/0.188477/0.170898/0.211182/0/0/0/0/0/0/0/0/0/0/0/0/0/0/0/0/0/0/0/0/0/0/0/0/0/0/0/0/0/0/0/0/0/0/0/0/0/0/0/0/0/0/0/0/0/0/0/0/0/0/0/0/0/0/0/0/0/0/0/0/0/0/0,380.599/242.335/242.335/247.444/247.444/242.337/307.076/245.222/308.52/0/0/0/0/0/0/0/0/0/0/0/0/0/0/0/0/0/0/0/0/0/0/0/0/0/0/0/0/0/0/0/0/0/0/0/0/0/0/0/0/0/0/0/0/0/0/0/0/0/0/0/0/0/0/0/0/0/0/0/0/0/0/0,,,1747,4.100746436940662e-12,6.824218750000003e-12,-1.5756772690206568e-06,5.558466001544338,0,0.0,4018,8.434554753094868e-12,1.5695312500000006e-11,6.377824420139268e-07,2.474441944476971e-07,6.187184335382292e-07,1.122748087097059e-06,0,1,nan,0.34926132912026986,9,7/6/3/1/2/4/5/8/9,8,776.1,1.0,,,3.7724042836302103e-10,,,,,,,,,,,,,,0,5441,7,332042875.16081184,147413265.06145656,2.2524626601438023,1,-400454803.992878,-421777249.29424,-461072766.893184,-589432.217526,-177513161.860167,-543130.113103,-423909299.03297,-1180061.580611,1572,-49160.998003,-190158.033357,572746.597456,607770.971004,-284426271.516905,-292509279.226709,-2.8894,2.8915,-0.9551,0.9552,0.0051,0.2578,6.4099,1.3639,0.0217,0.4503,0.7,0.2336,171,490,3223,,,
280,2.0369332e-05,2482.12,6.574100727035609e-08,1.2369677734375006e-16,1.3032226562500007e-18,72,9,9,8,7/6/3/1/2/4/5/8/9,0,13,1,0.154053/0.105469/0.0998535/0.161377/0.126465/0.106689/0.174316/0.170166/0.204834/0/0/0/0/0/0/0/0/0/0/0/0/0/0/0/0/0/0/0/0/0/0/0/0/0/0/0/0/0/0/0/0/0/0/0/0/0/0/0/0/0/0/0/0/0/0/0/0/0/0/0/0/0/0/0/0/0/0/0/0/0/0/0,380.599/242.335/242.335/247.444/247.444/242.337/305.635/245.222/308.514/0/0/0/0/0/0/0/0/0/0/0/0/0/0/0/0/0/0/0/0/0/0/0/0/0/0/0/0/0/0/0/0/0/0/0/0/0/0/0/0/0/0/0/0/0/0/0/0/0/0/0/0/0/0/0/0/0/0/0/0/0/0/0,,,1735,4.073412819982924e-12,6.777343750000003e-12,-1.5746229277061847e-06,5.575335462575892,0,0.0,3980,8.387341551720385e-12,1.5546875000000006e-11,6.359984215143448e-07,2.474441944476971e-07,6.187184335382292e-07,1.1227480870970587e-06,0,1,nan,0.34910726436505846,9,7/6/3/1/2/4/5/8/9,8,775.4,1.0,,,3.7167103448218616e-10,,,,,,,,,,,,,,0,5333,6,331896405.7408786,147397010.86025822,2.25171734354598,1,-410657649.432363,-416442778.375631,-461439499.3647,-493324.625291,-168308268.002847,-536333.591219,-425703516.982494,-1024207.179226,1580,151248.43764,-191471.895488,632627.708611,1257346.010481,-348180560.791626,-287922685.086331,-3.4591,3.462,-0.9387,0.9388,0.005,0.2263,8.1427,1.3517,0.0219,0.4245,0.6942,0.2297,139,448,3178,,,
300,2.0369332e-05,2667.08,6.574100727035609e-08,1.2371923828125006e-16,1.2807617187500005e-18,72,9,9,8,7/6/3/1/2/4/5/8/9,0,14,1,0.152832/0.104736/0.0993652/0.159668/0.125244/0.105713/0.165039/0.169189/0.198975/0/0/0/0/0/0/0/0/0/0/0/0/0/0/0/0/0/0/0/0/0/0/0/0/0/0/0/0/0/0/0/0/0/0/0/0/0/0/0/0/0/0/0/0/0/0/0/0/0/0/0/0/0/0/0/0/0/0/0/0/0/0/0,380.599/242.335/242.335/247.444/247.444/242.337/305.635/245.222/307.079/0/0/0/0/0/0/0/0/0/0/0/0/0/0/0/0/0/0/0/0/0/0/0/0/0/0/0/0/0/0/0/0/0/0/0/0/0/0/0/0/0/0/0/0/0/0/0/0/0/0/0/0/0/0/0/0/0/0/0/0/0/0/0,1-2:0.399314/1-3:0.390173/2-4:0.479267/3-6:0.451344/4-5:0.655367/5-8:0.504373/6-7:0.464032/8-9:0.706077,1-2:-28.519/1-3:-33.875/2-4:-24.624/3-6:-37.791/4-5:-20.66/5-8:-16.685/6-7:-41.72/8-9:-12.689,1726,4.049945486598073e-12,6.7421875000000026e-12,-1.5730122873917794e-06,5.601105707606377,0,0.0,3920,8.2730923654818e-12,1.5312500000000005e-11,6.347899942014947e-07,2.474441944476971e-07,6.187184335382292e-07,1.1084405361260899e-06,0,1,nan,0.34908980035809967,9,7/6/3/1/2/4/5/8/9,8,774.3,1.0,,,3.670458591153968e-10,1,9,1,1,1,1/0/0,1.0,9,2478,1388,619,9,9,0,5241,6,331879802.7029842,147377420.25056002,2.2519040036034497,1,-406434524.094867,-409576226.479781,-461767070.811284,-534658.388328,-173288568.198593,-527948.973085,-424754940.203393,-928898.268897,1592,109117.04474,-201910.278396,670762.602715,639159.543811,-348240739.542061,-264416661.986238,-3.0967,3.0996,-0.9322,0.9323,0.005,0.2199,7.6229,1.2975,0.0225,0.4058,0.7182,0.2213,138,440,3082,1291.5,707.1,363.2
320,3.0553998e-05,2860.5,6.145904459109765e-08,1.2317700195312505e-16,1.822998046875001e-18,72,12,12,11,12/7/6/3/1/2/4/5/8/9/10/11,0,17,1,0.152344/0.104492/0.0993652/0.159424/0.125244/0.104248/0.116699/0.167236/0.150879/0.179688/0.234619/0.22876/0/0/0/0/0/0/0/0/0/0/0/0/0/0/0/0/0/0/0/0/0/0/0/0/0/0/0/0/0/0/0/0/0/0/0/0/0/0/0/0/0/0/0/0/0/0/0/0/0/0/0/0/0/0/0/0/0/0/0/0,380.599/242.335/242.335/247.444/247.444/242.337/242.335/245.222/243.781/247.446/308.524/310.748/0/0/0/0/0/0/0/0/0/0/0/0/0/0/0/0/0/0/0/0/0/0/0/0/0/0/0/0/0/0/0/0/0/0/0/0/0/0/0/0/0/0/0/0/0/0/0/0/0/0/0/0/0/0/0/0/0/0/0/0,,,2515,5.916032075953934e-12,9.824218750000004e-12,-1.4150062029410873e-06,8.129203058817449,0,0.0,5234,1.0960821290141638e-11,2.044531250000001e-11,8.584247869525966e-07,2.463331247028949e-07,6.187184335382292e-07,1.1626453074435365e-06,0,1,nan,0.3160680671065913,12,12/7/6/3/1/2/4/5/8/9/10/11,11,886.8,1.0,,,5.25233525090191e-10,,,,,,,,,,,,,,0,7463,5,321421433.1770358,153394621.23377326,2.095389203296704,1,-384913902.593899,-427476321.61129,-469220131.836587,-101600737.939326,-234274375.633167,-522547.904295,-430840485.367557,-983267.474504,2122,-80222.938067,-213453.811613,692113.50821,642854.871153,-265436592.71761,-317569814.570017,-3.3531,3.3548,-1.1099,1.11,0.0045,0.2557,5.6711,1.4448,0.021,0.5909,0.768,0.2132,286,638,4437,,,
340,3.0553998e-05,2955.96,6.145904459109765e-08,1.2323144531250007e-16,1.768554687500001e-18,72,12,12,11,12/7/6/3/1/2/4/5/8/9/10/11,0,16,1,0.151855/0.104004/0.0991211/0.159424/0.123291/0.10376/0.111572/0.166016/0.146484/0.175537/0.217529/0.209961/0/0/0/0/0/0/0/0/0/0/0/0/0/0/0/0/0/0/0/0/0/0/0/0/0/0/0/0/0/0/0/0/0/0/0/0/0/0/0/0/0/0/0/0/0/0/0/0/0/0/0/0/0/0/0/0/0/0/0/0,380.599/242.335/242.335/247.444/247.444/242.335/242.335/245.222/243.781/247.446/307.079/310.748/0/0/0/0/0/0/0/0/0/0/0/0/0/0/0/0/0/0/0/0/0/0/0/0/0/0/0/0/0/0/0/0/0/0/0/0/0/0/0/0/0/0/0/0/0/0/0/0/0/0/0/0/0/0/0/0/0/0/0/0,,,2479,5.831394068624743e-12,9.683593750000004e-12,-1.413487553713032e-06,8.153501446466334,0,0.0,5122,1.0725049833128503e-11,2.0007812500000008e-11,8.523441682774213e-07,2.463331247028949e-07,6.187184335382292e-07,1.1626453074435365e-06,0,1,nan,0.31595100161475226,12,12/7/6/3/1/2/4/5/8/9/10/11,11,880.4,1.0,,,5.148580054788103e-10,,,,,,,,,,,,,,0,7240,5,321302384.9020648,153376707.7128963,2.094857750523021,1,-400821767.636127,-422581621.35099,-469055280.498488,-683438.513868,-185907963.845731,-512562.925086,-432238132.50888,-926530.442659,2043,74578.600127,-202267.31419,714084.528345,644318.635204,-265400113.568175,-293490412.265663,-2.6816,2.6838,-0.8968,0.8969,0.0044,0.252,5.6821,1.2683,0.0211,0.4715,0.7068,0.2084,263,590,4358,,,
360,3.0553998e-05,3061.58,6.145904459109765e-08,1.2325610351562505e-16,1.7438964843750007e-18,72,12,12,11,12/7/6/3/1/2/4/5/8/9/10/11,0,16,1,0.151855/0.104004/0.098877/0.159424/0.122803/0.10376/0.110352/0.165283/0.14502/0.171631/0.210205/0.200684/0/0/0/0/0/0/0/0/0/0/0/0/0/0/0/0/0/0/0/0/0/0/0/0/0/0/0/0/0/0/0/0/0/0/0/0/0/0/0/0/0/0/0/0/0/0/0/0/0/0/0/0/0/0/0/0/0/0/0/0,380.599/242.335/242.335/247.444/243.779/242.335/242.335/245.222/243.781/247.446/307.079/310.748/0/0/0/0/0/0/0/0/0/0/0/0/0/0/0/0/0/0/0/0/0/0/0/0/0/0/0/0/0/0/0/0/0/0/0/0/0/0/0/0/0/0/0/0/0/0/0/0/0/0/0/0/0/0/0/0/0/0/0/0,,,2460,5.785368569387395e-12,9.609375000000004e-12,-1.4107674982898502e-06,8.197022333237244,0,0.0,5078,1.0633179015490254e-11,1.9835937500000007e-11,8.488956782347131e-07,2.4450133161229546e-07,6.187184335382292e-07,1.1462735850130398e-06,0,1,nan,0.31569136959855515,12,12/7/6/3/1/2/4/5/8/9/10/11,11,859.3,1.0,,,5.075654057040618e-10,,,,,,,,,,,,,,0,7139,5,321038355.3988358,153335533.8886869,2.0936983571720034,3,-415320715.852156,-427843146.864392,-469017134.785325,-339734.625274,-166507092.293034,-510934.09726,-429747593.755869,-963833.320527,2058,197608.059658,-196318.849234,862871.46637,647004.721239,-288049354.208653,-290079563.70307,-2.1244,2.1275,-0.8313,0.8313,0.0043,0.2151,5.658,1.2329,0.0207,0.375,0.6739,0.2085,216,555,4317,,,
380,3.0553998e-05,3167.1,6.145904459109765e-08,1.2327880859375005e-16,1.7211914062500007e-18,72,12,12,11,12/7/6/3/1/2/4/5/8/9/10/11,0,16,1,0.152344/0.104248/0.098877/0.159424/0.12207/0.10376/0.110352/0.164795/0.143311/0.170166/0.202393/0.189453/0/0/0/0/0/0/0/0/0/0/0/0/0/0/0/0/0/0/0/0/0/0/0/0/0/0/0/0/0/0/0/0/0/0/0/0/0/0/0/0/0/0/0/0/0/0/0/0/0/0/0/0/0/0/0/0/0/0/0/0,380.599/242.335/242.335/247.444/243.779/242.335/242.335/245.222/243.779/247.446/307.079/310.748/0/0/0/0/0/0/0/0/0/0/0/0/0/0/0/0/0/0/0/0/0/0/0/0/0/0/0/0/0/0/0/0/0/0/0/0/0/0/0/0/0/0/0/0/0/0/0/0/0/0/0/0/0/0/0/0/0/0/0/0,,,2450,5.757535451315798e-12,9.570312500000003e-12,-1.409608172026008e-06,8.21557155345872,0,0.0,5120,1.079280730850698e-11,2.000000000000001e-11,8.482028832226876e-07,2.4450030872085554e-07,6.187184335382292e-07,1.1299018625825428e-06,0,1,nan,0.31550261939106244,12,12/7/6/3/1/2/4/5/8/9/10/11,11,826.6,1.0,,,5.020919660424935e-10,,,,,,,,,,,,,,0,7046,5,320846408.25668955,153346336.52140015,2.092299141505177,3,-420811688.348408,-435502098.459815,-469353011.490977,-283523.805129,-155411084.449147,-505669.807554,-427941218.671506,-995211.395866,2052,215679.174264,-194789.342112,764057.580416,529334.547078,-296957016.915504,-294738092.623497,-1.8825,1.8859,-0.7857,0.7857,0.0043,0.2048,5.6377,1.208,0.0206,0.3333,0.65,0.2053,219,520,4262,,,
400,3.0553998e-05,3285.96,6.145904459109765e-08,1.2329736328125006e-16,1.7026367187500008e-18,72,12,12,11,12/7/6/3/1/2/4/5/8/9/10/11,0,16,1,0.151611/0.10376/0.0983887/0.159424/0.121826/0.103271/0.109863/0.164063/0.140625/0.168701/0.197266/0.183838/0/0/0/0/0/0/0/0/0/0/0/0/0/0/0/0/0/0/0/0/0/0/0/0/0/0/0/0/0/0/0/0/0/0/0/0/0/0/0/0/0/0/0/0/0/0/0/0/0/0/0/0/0/0/0/0/0/0/0/0,380.599/242.335/242.335/247.444/243.779/242.335/242.335/245.222/243.779/247.446/307.079/310.748/0/0/0/0/0/0/0/0/0/0/0/0/0/0/0/0/0/0/0/0/0/0/0/0/0/0/0/0/0/0/0/0/0/0/0/0/0/0/0/0/0/0/0/0/0/0/0/0/0/0/0/0/0/0/0/0/0/0/0/0,1-2:0.399314/1-3:0.384079/2-4:0.473173/3-6:0.442202/4-5:0.649272/5-8:0.498278/6-7:0.427057/7-12:0.495322/8-9:0.691751/9-10:0.560039/10-11:0.704939,1-2:-28.519/1-3:-33.875/2-4:-24.617/3-6:-37.791/4-5:-20.663/5-8:-16.687/6-7:-41.711/7-12:-45.621/8-9:-12.689/9-10:-8.7814/10-11:-4.792,2436,5.725426638975678e-12,9.515625000000004e-12,-1.4089745735361947e-06,8.225709129295732,0,0.0,5088,1.0742776002671494e-11,1.987500000000001e-11,8.474935572179051e-07,2.4450030872085554e-07,6.187184335382292e-07,1.1237801728268223e-06,0,1,nan,0.3163234490335545,12,12/7/6/3/1/2/4/5/8/9/10/11,11,826.7,1.0,,,4.976995673616161e-10,1,12,1,1,1,1/0/0,1.0,12,3221,1501,619,12,12,0,6969,6,321681140.60563964,153342021.07200542,2.0978016225218954,3,-424596751.895559,-432593744.488816,-470086698.038932,-290535.012481,-149269539.678471,-504734.499888,-425887744.505481,-968227.424554,2088,192633.032009,-188911.495497,773979.617471,535012.086745,-326241902.084995,-282412784.288129,-1.9349,1.9382,-0.791,0.7911,0.0041,0.1831,5.9571,1.2114,0.0206,0.3242,0.6525,0.1987,219,495,4178,1276.1,707.1,345.3
420,4.0738664e-05,3423.4,5.7700773049183284e-08,1.2274853515625006e-16,2.251464843750001e-18,72,15,15,14,15/13/12/7/6/3/1/2/4/5/8/9/10/11/14,0,16,1,0.151855/0.10376/0.0983887/0.159424/0.121582/0.102295/0.109375/0.16333/0.138916/0.168213/0.151123/0.128906/0.179443/0.233154/0.241699/0/0/0/0/0/0/0/0/0/0/0/0/0/0/0/0/0/0/0/0/0/0/0/0/0/0/0/0/0/0/0/0/0/0/0/0/0/0/0/0/0/0/0/0/0/0/0/0/0/0/0/0/0/0/0/0/0,380.599/242.335/242.335/247.444/243.779/242.335/242.335/245.222/243.779/247.446/243.781/245.22/245.22/310.748/310.746/0/0/0/0/0/0/0/0/0/0/0/0/0/0/0/0/0/0/0/0/0/0/0/0/0/0/0/0/0/0/0/0/0/0/0/0/0/0/0/0/0/0/0/0/0/0/0/0/0/0/0/0/0/0/0/0/0,,,3247,7.64931750340114e-12,1.2683593750000005e-11,-1.6192626389445583e-06,4.861100082761915,0,0.0,6364,1.3312078017008266e-11,2.485937500000001e-11,1.109795830414379e-06,2.4522000917521327e-07,6.187184335382292e-07,1.1411839809870832e-06,0,1,nan,0.2873710037696699,15,15/13/12/7/6/3/1/2/4/5/8/9/10/11/14,14,929.7,1.0,,,6.578113747816285e-10,,,,,,,,,,,,,,0,9217,6,311272913.45464206,159734313.8389746,1.9486915865080243,2,-397780836.133445,-434730734.612423,-472137768.322995,-11015001.312344,-217696675.290555,-505906.70645,-433988396.768481,-829412.202078,2577,156693.7634,-205710.449835,776882.254211,539762.994467,-251073574.656714,-316716235.041959,-2.211,2.2134,-0.9269,0.927,0.0038,0.197,4.2802,1.2814,0.0194,0.516,0.723,0.1964,374,751,5535,,,
440,4.0738664e-05,3531.61,5.7700773049183284e-08,1.2279638671875005e-16,2.203613281250001e-18,72,15,15,14,15/13/12/7/6/3/1/2/4/5/8/9/10/11/14,0,16,1,0.151855/0.104248/0.0983887/0.159424/0.121338/0.101807/0.107666/0.16333/0.137695/0.167236/0.146973/0.12793/0.174561/0.218262/0.2229/0/0/0/0/0/0/0/0/0/0/0/0/0/0/0/0/0/0/0/0/0/0/0/0/0/0/0/0/0/0/0/0/0/0/0/0/0/0/0/0/0/0/0/0/0/0/0/0/0/0/0/0/0/0/0/0/0,380.599/242.335/242.335/247.444/243.779/242.335/242.335/245.222/243.779/247.446/243.781/245.22/245.22/310.748/310.746/0/0/0/0/0/0/0/0/0/0/0/0/0/0/0/0/0/0/0/0/0/0/0/0/0/0/0/0/0/0/0/0/0/0/0/0/0/0/0/0/0/0/0/0/0/0/0/0/0/0/0/0/0/0/0/0/0,,,3224,7.585828609693943e-12,1.2593750000000005e-11,-1.6153408288169907e-06,4.923849044802997,0,0.0,6270,1.3110054165870655e-11,2.449218750000001e-11,1.1051940397952283e-06,2.4522000917521327e-07,6.187184335382292e-07,1.1391198095275558e-06,0,1,nan,0.28870790743799174,15,15/13/12/7/6/3/1/2/4/5/8/9/10/11/14,14,930.2,1.0,,,6.485019080902082e-10,,,,,,,,,,,,,,0,9021,6,312721013.27817285,159697712.62310654,1.9582059638900895,2,-408970529.007576,-430783332.237513,-472410510.259735,-458213.532152,-178778285.117157,-505942.714119,-435203167.476229,-812219.238842,2555,196557.626441,-194824.044081,782568.429397,545843.964388,-275893624.904146,-302563637.938615,-1.6999,1.7028,-0.776,0.7761,0.0036,0.1947,4.4297,1.1586,0.0189,0.3831,0.6694,0.1879,308,720,5449,,,
460,4.0738664e-05,3643.27,5.7700773049183284e-08,1.2282617187500006e-16,2.173828125000001e-18,72,15,15,14,15/13/12/7/6/3/1/2/4/5/8/9/10/11/14,0,16,1,0.151611/0.104248/0.0979004/0.15918/0.121094/0.101563/0.107178/0.162842/0.137451/0.165283/0.142334/0.128174/0.171875/0.20752/0.215576/0/0/0/0/0/0/0/0/0/0/0/0/0/0/0/0/0/0/0/0/0/0/0/0/0/0/0/0/0/0/0/0/0/0/0/0/0/0/0/0/0/0/0/0/0/0/0/0/0/0/0/0/0/0/0/0/0,380.599/242.335/242.335/247.444/243.779/242.335/242.335/245.222/243.779/247.446/243.781/245.22/245.22/310.748/310.746/0/0/0/0/0/0/0/0/0/0/0/0/0/0/0/0/0/0/0/0/0/0/0/0/0/0/0/0/0/0/0/0/0/0/0/0/0/0/0/0/0/0/0/0/0/0/0/0/0/0/0/0/0/0/0/0/0,,,3208,7.541031726127789e-12,1.2531250000000005e-11,-1.6234785996125033e-06,4.793644712074795,0,0.0,6222,1.3019183373351568e-11,2.430468750000001e-11,1.1024231477477514e-06,2.4522000917521327e-07,6.187184335382292e-07,1.1391198095275558e-06,0,1,nan,0.2901668990337351,15,15/13/12/7/6/3/1/2/4/5/8/9/10/11/14,14,931.3,1.0,,,6.417807484386467e-10,,,,,,,,,,,,,,0,8899,6,314301355.6187553,159698009.42204452,1.9680981419632493,2,-409993244.880454,-433375446.748632,-472809285.7182,-489518.266248,-149026992.262432,-505708.40259,-435048359.043094,-751000.626639,2557,244078.683439,-190074.260703,791345.756588,548769.840602,-277413635.310072,-297056528.697515,-1.9259,1.9294,-0.6999,0.7,0.0036,0.1838,4.9537,1.1034,0.0189,0.3883,0.6339,0.1882,291,661,5399,,,
480,4.0738664e-05,3742.55,5.7700773049183284e-08,1.2284790039062506e-16,2.152099609375001e-18,72,15,15,14,15/13/12/7/6/3/1/2/4/5/8/9/10/11/14,0,16,1,0.151123/0.104248/0.0979004/0.158691/0.12085/0.101318/0.107178/0.162354/0.137207/0.165039/0.13916/0.125488/0.170166/0.199951/0.211426/0/0/0/0/0/0/0/0/0/0/0/0/0/0/0/0/0/0/0/0/0/0/0/0/0/0/0/0/0/0/0/0/0/0/0/0/0/0/0/0/0/0/0/0/0/0/0/0/0/0/0/0/0/0/0/0/0,380.599/243.768/242.335/247.444/243.779/242.335/242.335/245.222/243.779/247.446/243.781/245.22/245.22/310.748/310.746/0/0/0/0/0/0/0/0/0/0/0/0/0/0/0/0/0/0/0/0/0/0/0/0/0/0/0/0/0/0/0/0/0/0/0/0/0/0/0/0/0/0/0/0/0/0/0/0/0/0/0/0/0/0/0/0/0,,,3197,7.50619515546775e-12,1.2488281250000005e-11,-1.620563118342569e-06,4.840292412393744,0,0.0,6232,1.30707537124784e-11,2.434375000000001e-11,1.100105402413639e-06,2.4522000917521327e-07,6.187184335382292e-07,1.1391198095275558e-06,0,1,nan,0.29149743098766795,15,15/13/12/7/6/3/1/2/4/5/8/9/10/11/14,14,931.2,1.0,,,6.367333627675571e-10,,,,,,,,,,,,,,0,8810,6,315742553.7644009,159696020.62302324,1.9771472860287451,2,-411978214.103715,-442893957.890468,-472919525.500172,-414608.631251,-144188702.398271,-505746.701618,-434123816.988661,-707242.851437,2566,246642.129175,-187502.170497,3457546.471991,553296.751529,-290343834.515191,-301705668.052868,-1.8004,1.8041,-0.6915,0.6916,0.0036,0.1661,4.8829,1.1191,0.0192,0.3682,0.6174,0.1879,296,596,5360,,,
500,4.0738664e-05,3886.66,5.7700773049183284e-08,1.2286254882812506e-16,2.137451171875001e-18,72,15,15,14,15/13/12/7/6/3/1/2/4/5/8/9/10/11/14,0,17,1,0.151611/0.10376/0.0979004/0.158691/0.120605/0.100342/0.106689/0.161621/0.137207/0.164795/0.137939/0.125/0.169434/0.19458/0.207275/0/0/0/0/0/0/0/0/0/0/0/0/0/0/0/0/0/0/0/0/0/0/0/0/0/0/0/0/0/0/0/0/0/0/0/0/0/0/0/0/0/0/0/0/0/0/0/0/0/0/0/0/0/0/0/0/0,380.599/243.768/242.335/247.444/243.779/242.335/242.335/245.222/243.779/247.446/243.781/245.22/245.22/310.744/310.746/0/0/0/0/0/0/0/0/0/0/0/0/0/0/0/0/0/0/0/0/0/0/0/0/0/0/0/0/0/0/0/0/0/0/0/0/0/0/0/0/0/0/0/0/0/0/0/0/0/0/0/0/0/0/0/0/0,1-2:0.399314/1-3:0.384079/2-4:0.473582/3-6:0.442202/4-5:0.643178/5-8:0.495231/6-7:0.417916/7-12:0.471854/8-9:0.686976/9-10:0.553945/10-11:0.686656/11-14:0.550718/12-13:0.583007/13-15:0.695797,1-2:-28.519/1-3:-33.875/2-4:-24.606/3-6:-37.791/4-5:-20.663/5-8:-16.686/6-7:-41.719/7-12:-45.617/8-9:-12.689/9-10:-8.7859/10-11:-4.8024/11-14:-0.82534/12-13:-49.594/13-15:-53.57,3189,7.48445606672938e-12,1.2457031250000005e-11,-1.619888385389254e-06,4.851088139646783,0,0.0,6248,1.3143244958259481e-11,2.440625000000001e-11,1.099293270505326e-06,2.4522000917521327e-07,6.187184335382292e-07,1.1391198095275558e-06,0,1,nan,0.29287996221817936,15,15/13/12/7/6/3/1/2/4/5/8/9/10/11/14,14,886.7,1.0,,,6.32527031353718e-10,1,15,1,1,1,1/0/0,1.0,15,3965,1587,619,15,15,0,8750,6,317240076.19505036,159689966.1169926,1.9865999342916316,2,-415094462.459502,-439827243.493733,-473144116.458286,-429372.859845,-136379506.304827,-506040.497811,-432744414.061209,-696724.729267,2564,249099.750457,-190099.030268,742407.005121,557903.98033,-300115283.682168,-291716702.520357,-1.8229,1.8265,-0.6614,0.6615,0.0035,0.1532,4.9149,1.0755,0.0191,0.3704,0.6145,0.1834,270,607,5315,1245.5,707.1,342.7
520,5.092333e-05,4065.46,5.437565655933996e-08,1.2229223632812506e-16,2.707763671875001e-18,72,18,18,17,18/15/13/12/7/6/3/1/2/4/5/8/9/10/11/14/16/17,0,18,1,0.151123/0.104004/0.0979004/0.158691/0.120605/0.100098/0.106201/0.161621/0.136475/0.163574/0.135986/0.123779/0.167236/0.145996/0.15918/0.182129/0.249756/0.243408/0/0/0/0/0/0/0/0/0/0/0/0/0/0/0/0/0/0/0/0/0/0/0/0/0/0/0/0/0/0/0/0/0/0/0/0/0/0/0/0/0/0/0/0/0/0/0/0/0/0/0/0/0/0,380.599/243.768/242.335/247.444/243.779/242.335/242.335/245.222/243.779/247.446/243.781/245.22/245.22/247.446/247.448/243.781/308.522/310.748/0/0/0/0/0/0/0/0/0/0/0/0/0/0/0/0/0/0/0/0/0/0/0/0/0/0/0/0/0/0/0/0/0/0/0/0/0/0/0/0/0/0/0/0/0/0/0/0/0/0/0/0/0/0,,,4026,9.47306507984038e-12,1.5726562500000006e-11,-1.4660292404180838e-06,7.312834459185506,0,0.0,7554,1.5817147158578883e-11,2.950781250000001e-11,1.3280387016389929e-06,2.452200091752135e-07,6.187184335382292e-07,1.1401518952573195e-06,1,1,nan,0.26784410183079055,18,18/15/13/12/7/6/3/1/2/4/5/8/9/10/11/14/16/17,17,978.5,1.0,,,7.91803886573614e-10,,,,,,,,,,,,,,1,11086,6,307863066.373384,173761476.28216112,1.7717567378022454,2,-385027361.395657,-444038931.570524,-472280098.133062,-22770327.087357,-196874272.154582,-531220.773257,-433812326.681091,-746475.279333,3141,175622.592551,-203140.572061,4480122.615165,567002.634273,-257757291.545297,-309859640.473165,-2.3134,2.3168,-0.7771,0.7772,0.0033,0.1927,4.2382,1.1328,0.0179,0.5457,0.6857,0.1842,405,859,6709,,,
540,5.092333e-05,4190.93,5.437565655933996e-08,1.2234130859375007e-16,2.658691406250001e-18,72,18,18,17,18/15/13/12/7/6/3/1/2/4/5/8/9/10/11/14/16/17,0,18,1,0.151123/0.103271/0.0976563/0.158447/0.120605/0.100098/0.105957/0.161621/0.135986/0.163086/0.134521/0.122803/0.166748/0.138184/0.154785/0.178711/0.236084/0.229004/0/0/0/0/0/0/0/0/0/0/0/0/0/0/0/0/0/0/0/0/0/0/0/0/0/0/0/0/0/0/0/0/0/0/0/0/0/0/0/0/0/0/0/0/0/0/0/0/0/0/0/0/0/0,380.599/243.768/242.335/247.444/243.779/242.335/242.335/245.222/243.779/247.446/243.781/245.22/245.22/247.446/247.448/243.781/308.522/310.748/0/0/0/0/0/0/0/0/0/0/0/0/0/0/0/0/0/0/0/0/0/0/0/0/0/0/0/0/0/0/0/0/0/0/0/0/0/0/0/0/0/0/0/0/0/0/0/0/0/0/0/0/0/0,,,3990,9.384470314935786e-12,1.5585937500000005e-11,-1.4681327033718086e-06,7.279179051925909,0,0.0,7476,1.5632225573069643e-11,2.9203125000000014e-11,1.3239185367413756e-06,2.452200091752135e-07,6.187184335382292e-07,1.1391198095275558e-06,1,1,nan,0.2688575555163503,18,18/15/13/12/7/6/3/1/2/4/5/8/9/10/11/14/16/17,17,978.3,1.0,,,7.843821013919641e-10,,,,,,,,,,,,,,1,10885,6,309027941.60166484,173225069.68256253,1.7839677719164035,2,-400320373.520771,-444493026.310655,-472546267.420101,-496815.059378,-167319010.81594,-529344.732139,-433554907.250327,-695034.111316,3126,207834.260954,-205041.762942,16671964.400279,576209.283984,-264332805.483991,-306999448.108565,-1.7935,1.7977,-0.6759,0.676,0.0032,0.1626,4.0583,1.0407,0.0178,0.4417,0.649,0.1789,360,812,6600,,,
560,5.092333e-05,4319.54,5.437565655933996e-08,1.2237182617187506e-16,2.6281738281250013e-18,72,18,18,17,18/15/13/12/7/6/3/1/2/4/5/8/9/10/11/14/16/17,0,18,1,0.151123/0.103027/0.0974121/0.15918/0.120605/0.0998535/0.105225/0.161865/0.135742/0.16333/0.133301/0.122803/0.166748/0.136475/0.148682/0.174072/0.230713/0.218018/0/0/0/0/0/0/0/0/0/0/0/0/0/0/0/0/0/0/0/0/0/0/0/0/0/0/0/0/0/0/0/0/0/0/0/0/0/0/0/0/0/0/0/0/0/0/0/0/0/0/0/0/0/0,380.599/243.768/242.335/247.444/243.779/242.335/242.335/248.877/243.777/247.446/243.781/245.22/245.22/247.446/247.448/243.781/308.52/310.748/0/0/0/0/0/0/0/0/0/0/0/0/0/0/0/0/0/0/0/0/0/0/0/0/0/0/0/0/0/0/0/0/0/0/0/0/0/0/0/0/0/0/0/0/0/0/0/0/0/0/0/0/0/0,,,3960,9.314158405199461e-12,1.5468750000000005e-11,-1.467639676067222e-06,7.287067488799294,0,0.0,7468,1.5621037283799485e-11,2.917187500000001e-11,1.3206443740811294e-06,2.452200091752135e-07,6.187184335382292e-07,1.1391198095275558e-06,1,1,nan,0.2699537553051712,18,18/15/13/12/7/6/3/1/2/4/5/8/9/10/11/14/16/17,17,978.8,1.0,,,7.783678249931867e-10,,,,,,,,,,,,,,1,10759,7,310287926.1450522,172683128.55767328,1.79686300993453,2,-408324216.932575,-441672862.259063,-472884642.930388,-338863.39457,-124631099.998588,-529934.416569,-433967833.2081,-689651.096022,3143,258596.255199,-202752.390519,836727.358094,585239.553455,-285645727.349751,-292438477.755741,-1.4244,1.4279,-0.6034,0.6035,0.0031,0.1497,4.3049,0.9838,0.0174,0.3303,0.6128,0.1749,327,780,6518,,,
580,5.092333e-05,4453.06,5.437565655933996e-08,1.2238598632812505e-16,2.614013671875001e-18,72,18,18,17,18/15/13/12/7/6/3/1/2/4/5/8/9/10/11/14/16/17,0,18,1,0.151367/0.103027/0.0974121/0.158936/0.120361/0.0993652/0.10498/0.161865/0.135986/0.163086/0.132813/0.122559/0.166504/0.137207/0.145752/0.171387/0.228271/0.213135/0/0/0/0/0/0/0/0/0/0/0/0/0/0/0/0/0/0/0/0/0/0/0/0/0/0/0/0/0/0/0/0/0/0/0/0/0/0/0/0/0/0/0/0/0/0/0/0/0/0/0/0/0/0,380.599/243.768/242.335/247.444/243.779/242.335/242.335/248.877/243.777/247.446/243.781/245.22/245.22/247.446/247.448/243.781/308.52/310.748/0/0/0/0/0/0/0/0/0/0/0/0/0/0/0/0/0/0/0/0/0/0/0/0/0/0/0/0/0/0/0/0/0/0/0/0/0/0/0/0/0/0/0/0/0/0/0/0/0/0/0/0/0/0,,,3940,9.263766865552505e-12,1.5390625000000007e-11,-1.4619696049915118e-06,7.377788626010658,0,0.0,7468,1.5634224088970798e-11,2.917187500000001e-11,1.3176725612731393e-06,2.452200091752135e-07,6.187184335382292e-07,1.1391198095275558e-06,1,1,nan,0.27097586321827455,18,18/15/13/12/7/6/3/1/2/4/5/8/9/10/11/14/16/17,17,978.6,1.0,,,7.73930766397878e-10,,,,,,,,,,,,,,1,10701,7,311462748.6412044,172348880.74585623,1.8071643244407487,2,-412097869.15345,-447382451.170817,-472643160.419197,-319702.924806,-114834808.479075,-521389.516809,-432486899.415096,-709398.35018,3170,271373.777429,-197431.234729,2377986.972347,707641.307692,-281254762.844577,-294484623.384375,-1.4025,1.4068,-0.5588,0.5589,0.003,0.1453,4.3589,0.9553,0.0172,0.3213,0.5843,0.1716,333,741,6464,,,
600,5.092333e-05,4593.26,5.437565655933996e-08,1.2240454101562506e-16,2.595458984375001e-18,72,18,18,17,18/15/13/12/7/6/3/1/2/4/5/8/9/10/11/14/16/17,0,18,1,0.151367/0.103027/0.0974121/0.15918/0.120117/0.0993652/0.104736/0.160889/0.135986/0.163086/0.132324/0.121826/0.165039/0.13623/0.143555/0.170654/0.224854/0.205811/0/0/0/0/0/0/0/0/0/0/0/0/0/0/0/0/0/0/0/0/0/0/0/0/0/0/0/0/0/0/0/0/0/0/0/0/0/0/0/0/0/0/0/0/0/0/0/0/0/0/0/0/0/0,380.599/243.768/242.335/247.444/243.779/242.335/242.335/248.877/243.777/247.446/243.781/245.22/245.22/247.446/247.448/243.781/307.081/310.748/0/0/0/0/0/0/0/0/0/0/0/0/0/0/0/0/0/0/0/0/0/0/0/0/0/0/0/0/0/0/0/0/0/0/0/0/0/0/0/0/0/0/0/0/0/0/0/0/0/0/0/0/0/0,1-2:0.399314/1-3:0.384079/2-4:0.456619/3-6:0.442202/4-5:0.640131/5-8:0.487409/6-7:0.411822/7-12:0.471854/8-9:0.673149/9-10:0.552217/10-11:0.680153/11-14:0.532435/12-13:0.55863/13-15:0.674059/14-16:0.591239/15-18:0.576094/16-17:0.701073,1-2:-28.519/1-3:-33.875/2-4:-24.601/3-6:-37.791/4-5:-20.663/5-8:-16.684/6-7:-41.717/7-12:-45.617/8-9:-12.684/9-10:-8.7859/10-11:-4.8024/11-14:-0.82534/12-13:-49.599/13-15:-53.565/14-16:3.1117/15-18:-57.564/16-17:7.0708,3928,9.232477002465084e-12,1.5343750000000005e-11,-1.4619580084104782e-06,7.377974171307196,0,0.0,7476,1.570080186983939e-11,2.9203125000000014e-11,1.3170802601645101e-06,2.452200091752135e-07,6.187184335382292e-07,1.1391198095275558e-06,1,1,nan,0.2718016033261054,18,18/15/13/12/7/6/3/1/2/4/5/8/9/10/11/14/16/17,17,977.8,1.0,,,7.703218555798187e-10,1,18,1,1,1,1/0/0,1.0,18,4708,1756,619,18,18,1,10624,8,312411863.74169266,172140287.73968416,1.8148677909388156,2,-413239118.055027,-446143117.227058,-472565940.383113,-297263.572648,-104261554.027354,-522999.149225,-431786323.348498,-707005.382913,3146,285597.79221,-192794.283163,4700401.891555,1140600.881259,-271996591.601976,-294934871.056599,-1.3563,1.3611,-0.5295,0.5296,0.0029,0.1369,4.3895,0.9344,0.0169,0.3086,0.5661,0.1689,337,719,6435,1280.2,707.1,340.6
620,6.1107996e-05,4761.09,5.141289118816265e-08,1.2184521484375005e-16,3.1547851562500015e-18,72,21,21,20,20/19/18/15/13/12/7/6/3/1/2/4/5/8/9/10/11/14/16/17/21,0,18,1,0.150635/0.103027/0.0966797/0.15918/0.119873/0.0991211/0.104492/0.160156/0.135986/0.162598/0.131836/0.121582/0.165527/0.135254/0.142334/0.170654/0.164795/0.152832/0.184082/0.248535/0.245605/0/0/0/0/0/0/0/0/0/0/0/0/0/0/0/0/0/0/0/0/0/0/0/0/0/0/0/0/0/0/0/0/0/0/0/0/0/0/0/0/0/0/0/0/0/0/0/0/0/0/0,380.599/243.768/242.335/247.444/243.779/242.335/242.335/248.877/243.777/247.446/243.781/245.22/245.22/247.446/247.448/243.781/243.779/247.446/245.222/308.52/4098.95/0/0/0/0/0/0/0/0/0/0/0/0/0/0/0/0/0/0/0/0/0/0/0/0/0/0/0/0/0/0/0/0/0/0/0/0/0/0/0/0/0/0/0/0/0/0/0/0/0/0/0,,,4793,1.1272115940054997e-11,1.8722656250000008e-11,-1.6361426322956138e-06,4.591020189145026,0,0.0,8690,1.816031146807256e-11,3.3945312500000014e-11,1.5639425668646743e-06,2.452200091752137e-07,6.187184335382292e-07,1.18410663389999e-06,1,1,nan,0.2549842609555941,21,20/19/18/15/13/12/7/6/3/1/2/4/5/8/9/10/11/14/16/17/21,20,2918.9,1.0,,,9.349046261719813e-10,,,,,,,,,,,,,,1,12915,8,309971214.25051993,178295115.30440858,1.7385289199947895,1,-400127041.291558,-447366474.002926,-473418069.31901,-457951.408539,-181473212.460939,-525155.236839,-436265836.297384,-700906.377378,3636,238783.718064,-203551.274998,19340355.33079,1147141.920266,-278773035.491163,-322404004.135824,-1.692,1.6998,-0.6924,0.6925,0.0028,0.1652,4.0232,1.044,0.0164,0.4213,0.6629,0.1683,451,967,7877,,,
640,6.1107996e-05,4892.27,5.141289118816265e-08,1.2189086914062505e-16,3.1091308593750017e-18,72,21,21,20,20/19/18/15/13/12/7/6/3/1/2/4/5/8/9/10/11/14/16/17/21,0,18,1,0.151367/0.103027/0.0966797/0.159424/0.119629/0.0991211/0.104248/0.160156/0.135742/0.162598/0.131348/0.120605/0.165283/0.134766/0.141113/0.171143/0.156738/0.146973/0.178711/0.23877/0.231689/0/0/0/0/0/0/0/0/0/0/0/0/0/0/0/0/0/0/0/0/0/0/0/0/0/0/0/0/0/0/0/0/0/0/0/0/0/0/0/0/0/0/0/0/0/0/0/0/0/0/0,380.599/243.768/242.335/247.444/243.779/242.335/242.335/248.877/243.777/247.446/243.781/245.22/245.22/247.446/247.448/243.781/243.779/247.446/245.222/308.52/4098.95/0/0/0/0/0/0/0/0/0/0/0/0/0/0/0/0/0/0/0/0/0/0/0/0/0/0/0/0/0/0/0/0/0/0/0/0/0/0/0/0/0/0/0/0/0/0/0/0/0/0/0,,,4753,1.1176608196564477e-11,1.8566406250000008e-11,-1.6366572209351457e-06,4.582786770912516,0,0.0,8666,1.8116194394318143e-11,3.385156250000001e-11,1.5572969638190404e-06,2.452200091752137e-07,6.187184335382292e-07,1.1554915319580522e-06,1,1,nan,0.25561190696277125,21,20/19/18/15/13/12/7/6/3/1/2/4/5/8/9/10/11/14/16/17/21,20,2922.2,1.0,,,9.282745179110285e-10,,,,,,,,,,,,,,1,12728,8,310734211.1281902,178246477.99854535,1.7432838764462213,1,-405488332.141208,-445642684.030391,-473501249.260967,-375420.666637,-144314388.667791,-517620.428077,-435981758.440073,-689399.530711,3590,264871.787926,-196718.84531,16748421.889224,1149711.462163,-258911960.197422,-321309743.579709,-1.3592,1.3699,-0.6037,0.6038,0.0026,0.1563,3.6159,0.9859,0.0163,0.3773,0.6118,0.1604,432,930,7785,,,
660,6.1107996e-05,5044.84,5.141289118816265e-08,1.2192016601562505e-16,3.0798339843750016e-18,72,21,21,20,20/19/18/15/13/12/7/6/3/1/2/4/5/8/9/10/11/14/16/17/21,0,18,1,0.151123/0.103271/0.0964355/0.159424/0.119629/0.098877/0.104248/0.159668/0.135742/0.162354/0.131348/0.119385/0.165039/0.134277/0.140869/0.171387/0.152832/0.140869/0.176758/0.232178/0.224121/0/0/0/0/0/0/0/0/0/0/0/0/0/0/0/0/0/0/0/0/0/0/0/0/0/0/0/0/0/0/0/0/0/0/0/0/0/0/0/0/0/0/0/0/0/0/0/0/0/0/0,380.599/243.772/242.335/247.444/243.779/242.335/242.335/248.877/243.777/247.446/243.781/245.22/245.22/247.446/247.448/243.781/243.779/247.446/245.222/308.52/4098.95/0/0/0/0/0/0/0/0/0/0/0/0/0/0/0/0/0/0/0/0/0/0/0/0/0/0/0/0/0/0/0/0/0/0/0/0/0/0/0/0/0/0/0/0/0/0/0/0/0/0/0,,,4728,1.1107025145662625e-11,1.8468750000000007e-11,-1.6321287844713974e-06,4.65524175433249,0,0.0,8594,1.798648058523373e-11,3.3570312500000016e-11,1.5523098253885807e-06,2.452200091752137e-07,6.187184335382292e-07,1.1391198095275558e-06,1,1,nan,0.2564554849586863,21,20/19/18/15/13/12/7/6/3/1/2/4/5/8/9/10/11/14/16/17/21,20,2924.3,1.0,,,9.228785661303932e-10,,,,,,,,,,,,,,1,12608,8,311759705.387047,178202757.91393644,1.7494662205935796,1,-403686954.409221,-444714106.210748,-473502242.595234,-406587.19747,-123705476.114443,-515700.842263,-437330140.635694,-637132.073733,3579,291475.357757,-199530.983598,9793669.353465,1023707.800666,-262241582.454058,-310939918.01565,-1.5285,1.5391,-0.558,0.558,0.0026,0.1326,3.8389,0.9446,0.0163,0.3995,0.5901,0.1604,423,893,7723,,,
680,6.1107996e-05,5194.53,5.141289118816265e-08,1.2194628906250007e-16,3.0537109375000013e-18,72,21,21,20,20/19/18/15/13/12/7/6/3/1/2/4/5/8/9/10/11/14/16/17/21,0,18,1,0.151123/0.103271/0.0961914/0.159424/0.118896/0.098877/0.104248/0.159424/0.135498/0.161621/0.130615/0.118652/0.165039/0.134033/0.137207/0.171387/0.150146/0.136719/0.174561/0.227539/0.219238/0/0/0/0/0/0/0/0/0/0/0/0/0/0/0/0/0/0/0/0/0/0/0/0/0/0/0/0/0/0/0/0/0/0/0/0/0/0/0/0/0/0/0/0/0/0/0/0/0/0/0,380.599/243.772/242.335/247.444/243.779/242.335/242.335/248.877/243.777/247.446/243.781/245.22/245.22/247.446/247.448/243.781/243.779/247.446/245.222/308.52/4098.95/0/0/0/0/0/0/0/0/0/0/0/0/0/0/0/0/0/0/0/0/0/0/0/0/0/0/0/0/0/0/0/0/0/0/0/0/0/0/0/0/0/0/0/0/0/0/0/0/0/0/0,,,4702,1.1037032428342277e-11,1.836718750000001e-11,-1.6284978806209947e-06,4.7133362159389325,0,0.0,8544,1.7897427104887903e-11,3.3375000000000014e-11,1.5495483276196906e-06,2.452200091752137e-07,6.187184335382292e-07,1.1391198095275558e-06,1,1,nan,0.25732424840827967,21,20/19/18/15/13/12/7/6/3/1/2/4/5/8/9/10/11/14/16/17/21,20,2925.6,1.0,,,9.185092344369956e-10,,,,,,,,,,,,,,1,12501,8,312815816.302904,178171021.49495474,1.755705353643954,1,-411327419.301604,-448287705.256203,-473561226.061978,-351072.55438,-94162535.749138,-514327.834665,-436417899.06045,-639169.368164,3570,306887.081481,-196354.799256,5264131.699978,1208167.529519,-274628248.860477,-314448946.401728,-1.3189,1.3259,-0.492,0.4921,0.0025,0.1307,3.8229,0.8998,0.0158,0.3453,0.5461,0.1571,391,857,7696,,,
700,6.1107996e-05,5335.39,5.141289118816265e-08,1.2196606445312507e-16,3.0339355468750014e-18,72,21,21,20,20/19/18/15/13/12/7/6/3/1/2/4/5/8/9/10/11/14/16/17/21,0,18,1,0.151367/0.103271/0.0959473/0.159424/0.118896/0.098877/0.104004/0.15918/0.135254/0.161621/0.129883/0.117676/0.164795/0.133789/0.135498/0.171387/0.149414/0.135986/0.172363/0.223389/0.211914/0/0/0/0/0/0/0/0/0/0/0/0/0/0/0/0/0/0/0/0/0/0/0/0/0/0/0/0/0/0/0/0/0/0/0/0/0/0/0/0/0/0/0/0/0/0/0/0/0/0/0,380.599/243.772/242.335/247.444/243.779/242.335/242.335/248.877/243.777/247.446/243.781/245.22/245.22/247.446/247.448/243.781/243.779/247.446/245.222/308.52/4098.95/0/0/0/0/0/0/0/0/0/0/0/0/0/0/0/0/0/0/0/0/0/0/0/0/0/0/0/0/0/0/0/0/0/0/0/0/0/0/0/0/0/0/0/0/0/0/0/0/0/0/0,1-2:0.399314/1-3:0.384079/2-4:0.460075/3-6:0.440474/4-5:0.637084/5-8:0.479586/6-7:0.408775/7-12:0.462713/8-9:0.667055/9-10:0.550488/10-11:0.671921/11-14:0.522475/12-13:0.552536/13-15:0.66187/14-16:0.573866/15-18:0.542166/16-17:0.676696/17-21:0.632808/18-19:0.60029/19-20:0.681472,1-2:-28.519/1-3:-33.875/2-4:-24.592/3-6:-37.788/4-5:-20.663/5-8:-16.681/6-7:-41.721/7-12:-45.613/8-9:-12.684/9-10:-8.7859/10-11:-4.8024/11-14:-0.83011/12-13:-49.598/13-15:-53.561/14-16:3.1196/15-18:-57.565/16-17:7.0708/17-21:11.048/18-19:-61.521/19-20:-65.478,4690,1.1005742565254853e-11,1.8320312500000007e-11,-1.6264288060448117e-06,4.7464414091578595,0,0.0,8498,1.7804738488749828e-11,3.319531250000001e-11,1.5490225586533805e-06,2.452200091752137e-07,6.187184335382292e-07,1.1391198095275558e-06,1,1,nan,0.2580754984130008,21,20/19/18/15/13/12/7/6/3/1/2/4/5/8/9/10/11/14/16/17/21,20,2928.2,1.0,,,9.151007542767434e-10,1,21,1,1,1,1/0/0,1.0,21,5453,3799,619,21,21,1,12420,8,313729072.1850373,178139605.33352187,1.7611416147333327,1,-413022488.596604,-446227394.067777,-473353190.692472,-342708.690096,-77679772.262945,-515168.864718,-436899427.175851,-636382.854931,3547,292216.68173,-194600.231669,4615611.854458,1088458.158398,-286892656.00052,-307081063.57289,-1.3111,1.3161,-0.4662,0.4663,0.0025,0.1226,3.9402,0.8736,0.0158,0.3325,0.533,0.1573,382,818,7682,1268.0,707.1,333.3
720,7.1292662e-05,5501.72,4.875630719935003e-08,1.2142016601562507e-16,3.5798339843750016e-18,72,24,24,23,24/23/20/19/18/15/13/12/7/6/3/1/2/4/5/8/9/10/11/14/16/17/21/22,0,18,1,0.150635/0.103271/0.0957031/0.158691/0.118896/0.098877/0.104004/0.158936/0.135254/0.161377/0.129883/0.117188/0.164795/0.133789/0.134766/0.171387/0.147461/0.135498/0.171143/0.170166/0.162354/0.249023/0.187012/0.219727/0/0/0/0/0/0/0/0/0/0/0/0/0/0/0/0/0/0/0/0/0/0/0/0/0/0/0/0/0/0/0/0/0/0/0/0/0/0/0/0/0/0/0/0/0/0/0/0,380.599/243.772/242.335/247.444/243.779/242.335/242.335/248.877/243.777/247.446/243.781/245.22/245.22/247.446/247.448/243.781/243.779/247.446/245.222/269.989/4035.65/4209.57/243.779/4175.36/0/0/0/0/0/0/0/0/0/0/0/0/0/0/0/0/0/0/0/0/0/0/0/0/0/0/0/0/0/0/0/0/0/0/0/0/0/0/0/0/0/0/0/0/0/0/0/0,,,5542,1.3033463459710125e-11,2.1648437500000007e-11,-1.8126401540044063e-06,1.767059841804348,0,0.0,9788,2.0456262831914613e-11,3.823437500000001e-11,1.7735747939833843e-06,2.452210320666533e-07,6.187184335382292e-07,1.168766997199257e-06,1,1,nan,0.23962217180733975,25,24/23/20/19/18/15/13/12/7/22/6/3/1/2/4/5/8/9/10/11/14/16/17/21/22,24,3137.8,1.0,,,1.0854586565129524e-09,,,,,,,,,,,,,,1,14656,8,307168171.6321286,190708954.9518009,1.6106646471308133,1,-410899709.696318,-465439155.880951,-476213920.561953,-587637.799655,-154447216.508937,-516660.678225,-442588749.883722,-696419.512166,4138,217091.55481,-198732.392792,1425958.394913,1139264.642376,-298161009.415915,-347307162.883477,-1.6306,1.6333,-0.5861,0.5862,0.0025,0.1511,3.8828,0.9853,0.016,0.4193,0.5944,0.1563,508,996,9039,,,
740,7.1292662e-05,5634.97,4.875630719935003e-08,1.2146264648437506e-16,3.5373535156250016e-18,72,24,24,23,24/23/20/19/18/15/13/12/7/6/3/1/2/4/5/8/9/10/11/14/16/17/21/22,0,18,1,0.151611/0.103271/0.095459/0.158691/0.118896/0.0986328/0.104248/0.158447/0.135254/0.161377/0.129395/0.116455/0.165039/0.133301/0.134521/0.171387/0.147461/0.134521/0.169189/0.165039/0.157715/0.234863/0.184326/0.208252/0/0/0/0/0/0/0/0/0/0/0/0/0/0/0/0/0/0/0/0/0/0/0/0/0/0/0/0/0/0/0/0/0/0/0/0/0/0/0/0/0/0/0/0/0/0/0/0,380.599/243.772/242.335/247.444/243.779/242.335/242.335/248.877/243.777/247.446/243.781/245.22/245.22/247.446/247.448/243.781/243.779/247.446/245.222/269.989/4008/4209.57/243.779/4175.36/0/0/0/0/0/0/0/0/0/0/0/0/0/0/0/0/0/0/0/0/0/0/0/0/0/0/0/0/0/0/0/0/0/0/0/0/0/0/0/0/0/0/0/0/0/0/0/0,,,5506,1.2947506490568658e-11,2.150781250000001e-11,-1.8043559558750607e-06,1.8996070118738773,0,0.0,9744,2.0393404826857848e-11,3.806250000000002e-11,1.7701352234529102e-06,2.452210320666533e-07,6.187184335382292e-07,1.168766997199257e-06,1,1,nan,0.24026063760709335,24,24/23/20/19/18/15/13/12/7/6/3/1/2/4/5/8/9/10/11/14/16/17/21/22,23,3141.6,1.0,,,1.0798901800874014e-09,,,,,,,,,,,,,,1,14482,8,307986611.6407503,190640729.14865538,1.6155341674159902,1,-416917775.53809,-463667456.778317,-476284934.64851,-380298.824984,-123410760.736432,-524551.419325,-442684774.100583,-623199.749089,4077,248454.930345,-189140.473358,18096616.825064,1182768.828749,-294500146.325516,-342783233.448483,-1.372,1.3844,-0.5116,0.5117,0.0025,0.139,3.6988,0.9295,0.0157,0.3728,0.5498,0.1551,464,973,8980,,,
760,7.1292662e-05,5764.05,4.875630719935003e-08,1.2148266601562505e-16,3.517333984375001e-18,72,24,24,23,24/23/20/19/18/15/13/12/7/6/3/1/2/4/5/8/9/10/11/14/16/17/21/22,0,18,1,0.151367/0.103516/0.0952148/0.158203/0.118652/0.0986328/0.104492/0.158447/0.135254/0.161377/0.128906/0.116211/0.164795/0.132813/0.133545/0.171387/0.145752/0.134033/0.168945/0.165039/0.155273/0.229736/0.182373/0.203369/0/0/0/0/0/0/0/0/0/0/0/0/0/0/0/0/0/0/0/0/0/0/0/0/0/0/0/0/0/0/0/0/0/0/0/0/0/0/0/0/0/0/0/0/0/0/0/0,380.599/243.772/242.333/247.444/243.779/242.335/242.335/248.877/243.777/247.446/243.781/245.22/245.22/247.446/247.448/243.781/243.779/247.446/245.222/269.989/4008/4209.57/243.779/4175.36/0/0/0/0/0/0/0/0/0/0/0/0/0/0/0/0/0/0/0/0/0/0/0/0/0/0/0/0/0/0/0/0/0/0/0/0/0/0/0/0/0/0/0/0/0/0/0/0,,,5483,1.289061151089284e-11,2.1417968750000007e-11,-1.803896216502287e-06,1.9069628418382565,0,0.0,9678,2.024768610814111e-11,3.7804687500000016e-11,1.767672387593481e-06,2.452210320666533e-07,6.187184335382292e-07,1.168766997199257e-06,1,1,nan,0.24095991352250618,24,24/23/20/19/18/15/13/12/7/6/3/1/2/4/5/8/9/10/11/14/16/17/21/22,23,3141.7,1.0,,,1.0759325802389151e-09,,,,,,,,,,,,,,1,14401,7,308883003.2508574,190604893.46665964,1.620540782731199,1,-415792584.300845,-463082076.165677,-476530056.195638,-328459.853151,-102550479.303979,-518668.125605,-442017358.184812,-597345.470817,4081,273856.990811,-182567.335884,12903607.854089,961695.576106,-273742718.554329,-326181925.766703,-1.2675,1.281,-0.4787,0.4788,0.0024,0.13,3.5962,0.8878,0.0155,0.3547,0.5386,0.15,468,945,8919,,,
780,7.1292662e-05,5893.09,4.875630719935003e-08,1.2150537109375005e-16,3.4946289062500016e-18,72,24,24,23,24/23/20/19/18/15/13/12/7/6/3/1/2/4/5/8/9/10/11/14/16/17/21/22,0,18,1,0.151123/0.103516/0.0952148/0.157959/0.118652/0.0986328/0.104248/0.158447/0.134766/0.161621/0.12793/0.116211/0.164795/0.132813/0.133301/0.170898/0.145264/0.133301/0.168701/0.161133/0.15332/0.222168/0.181152/0.199463/0/0/0/0/0/0/0/0/0/0/0/0/0/0/0/0/0/0/0/0/0/0/0/0/0/0/0/0/0/0/0/0/0/0/0/0/0/0/0/0/0/0/0/0/0/0/0/0,380.599/243.772/242.333/247.444/243.779/242.335/242.335/248.877/243.777/247.446/243.781/245.22/245.22/247.446/247.448/243.781/243.779/247.446/245.222/269.989/4008/4209.57/243.779/4175.36/0/0/0/0/0/0/0/0/0/0/0/0/0/0/0/0/0/0/0/0/0/0/0/0/0/0/0/0/0/0/0/0/0/0/0/0/0/0/0/0/0/0/0/0/0/0/0/0,,,5462,1.2837173148371415e-11,2.1335937500000008e-11,-1.8031763982658486e-06,1.9184799336212708,0,0.0,9684,2.0273880560538737e-11,3.7828125000000016e-11,1.7663106902188002e-06,2.452210320666533e-07,6.187184335382292e-07,1.168766997199257e-06,1,1,nan,0.24120977018233983,24,24/23/20/19/18/15/13/12/7/6/3/1/2/4/5/8/9/10/11/14/16/17/21/22,23,3143.7,1.0,,,1.072413499758031e-09,,,,,,,,,,,,,,1,14308,7,309203290.8636119,190557211.22634187,1.622627078102772,1,-415714230.012272,-463937799.50206,-476253737.165334,-328395.501608,-69035640.590429,-515783.574067,-440294962.155184,-597188.489504,4050,267545.682326,-182580.972343,9040373.79831,953938.990557,-277527166.717251,-324324411.188453,-1.1674,1.1768,-0.453,0.4531,0.0023,0.1262,3.424,0.8844,0.0153,0.3421,0.5115,0.1472,456,913,8899,,,
800,7.1292662e-05,6035.29,4.875630719935003e-08,1.2152319335937505e-16,3.476806640625002e-18,72,24,24,23,24/23/20/19/18/15/13/12/7/6/3/1/2/4/5/8/9/10/11/14/16/17/21/22,0,18,1,0.151611/0.103516/0.0952148/0.157471/0.118652/0.0986328/0.10376/0.158447/0.134277/0.161621/0.127197/0.115967/0.164551/0.132568/0.132813/0.170898/0.144043/0.133057/0.168213/0.158203/0.152588/0.217041/0.179932/0.196533/0/0/0/0/0/0/0/0/0/0/0/0/0/0/0/0/0/0/0/0/0/0/0/0/0/0/0/0/0/0/0/0/0/0/0/0/0/0/0/0/0/0/0/0/0/0/0/0,380.599/243.772/242.333/247.444/243.779/242.335/242.335/248.877/243.777/247.446/243.781/245.22/245.22/247.446/247.448/243.781/243.779/247.446/245.222/269.989/3980.35/4209.57/243.779/4175.36/0/0/0/0/0/0/0/0/0/0/0/0/0/0/0/0/0/0/0/0/0/0/0/0/0/0/0/0/0/0/0/0/0/0/0/0/0/0/0/0/0/0/0/0/0/0/0/0,1-2:0.399314/1-3:0.381032/2-4:0.451843/3-6:0.438746/4-5:0.637084/5-8:0.474401/6-7:0.405728/7-12:0.453162/8-9:0.667055/9-10:0.550488/10-11:0.670192/11-14:0.508648/12-13:0.543395/13-15:0.657095/14-16:0.574685/15-18:0.516061/16-17:0.676696/17-21:0.626714/18-19:0.592467/19-20:0.679743/20-23:0.630761/21-22:0.594196/23-24:0.688156,1-2:-28.519/1-3:-33.872/2-4:-24.592/3-6:-37.784/4-5:-20.663/5-8:-16.681/6-7:-41.719/7-12:-45.608/8-9:-12.684/9-10:-8.7859/10-11:-4.8024/11-14:-0.84284/12-13:-49.597/13-15:-53.559/14-16:3.1262/15-18:-57.55/16-17:7.0708/17-21:11.048/18-19:-61.524/19-20:-65.478/20-23:-69.482/21-22:11.418/23-24:-73.425,5453,1.2817661805393387e-11,2.1300781250000007e-11,-1.8038323749430248e-06,1.9079843067864517,0,0.0,9682,2.0304711452462065e-11,3.7820312500000014e-11,1.765696868406652e-06,2.452210320666533e-07,6.187184335382292e-07,1.168766997199257e-06,1,1,nan,0.24194656208120954,24,24/23/20/19/18/15/13/12/7/6/3/1/2/4/5/8/9/10/11/14/16/17/21/22,23,3144.4,1.0,,,1.0693057304742035e-09,1,24,1,1,1,1/0/0,1.0,24,6165,6008,619,24,24,1,14235,7,310147773.6664434,190522463.43354216,1.6278803458502877,1,-416231652.424685,-467360240.345939,-476192032.687962,-300862.511054,-772408.135739,-510956.996567,-439725475.062221,-597996.906023,4073,276776.47635,-183572.411544,17568513.982782,978099.745833,-278105456.490594,-324053264.024872,-1.0649,1.0755,-0.4434,0.4435,0.0022,0.1249,3.2865,0.8966,0.0152,0.3255,0.4938,0.1455,427,891,8855,1276.1,707.1,330.7
820,8.1477328e-05,6204.91,4.6360773959283e-08,1.2153588867187506e-16,3.4641113281250017e-18,72,24,24,23,24/23/20/19/18/15/13/12/7/6/3/1/2/4/5/8/9/10/11/14/16/17/21/22,0,18,1,0.151855/0.103516/0.0952148/0.157227/0.118652/0.0986328/0.10376/0.157959/0.134033/0.161377/0.127441/0.115967/0.164551/0.13208/0.132813/0.170898/0.143066/0.132568/0.168213/0.158203/0.151611/0.211426/0.178955/0.194092/0/0/0/0/0/0/0/0/0/0/0/0/0/0/0/0/0/0/0/0/0/0/0/0/0/0/0/0/0/0/0/0/0/0/0/0/0/0/0/0/0/0/0/0/0/0/0/0,380.599/243.772/242.333/247.444/243.779/242.335/242.335/248.877/243.777/247.446/248.882/245.22/245.22/247.446/247.448/243.781/243.779/247.446/245.222/269.989/3980.35/4209.57/243.779/4175.36/0/0/0/0/0/0/0/0/0/0/0/0/0/0/0/0/0/0/0/0/0/0/0/0/0/0/0/0/0/0/0/0/0/0/0/0/0/0/0/0/0/0/0/0/0/0/0/0,,,5438,1.2779868246554242e-11,2.1242187500000008e-11,-1.8038281004227548e-06,1.9080526991107705,0,0.0,9684,2.0326631361344034e-11,3.7828125000000016e-11,1.7644386108130488e-06,2.463331247028953e-07,6.187184335382292e-07,1.168766997199257e-06,1,1,nan,0.22367582798862862,24,24/23/20/19/18/15/13/12/7/6/3/1/2/4/5/8/9/10/11/14/16/17/21/22,23,3146.0,1.0,,,1.068058330237728e-09,,,,,,,,,,,,,,1,14183,7,301542404.39487034,200394279.71875125,1.5047455686763023,1,-418049578.225501,-469325244.084985,-476076956.435463,-275448.399364,-772381.160338,-509707.397858,-439020270.855928,-576789.336502,4067,314936.431081,-179550.446106,20925773.683767,9588249.849623,-281059508.885546,-317617906.118714,-0.8411,0.8681,-0.3907,0.3909,0.002,0.1084,2.8913,0.7914,0.0137,0.2983,0.4931,0.1442,409,872,8842,,,
840,8.1477328e-05,6371.34,4.6360773959283e-08,1.2154565429687505e-16,3.4543457031250016e-18,72,24,24,23,24/23/20/19/18/15/13/12/7/6/3/1/2/4/5/8/9/10/11/14/16/17/21/22,0,18,1,0.151367/0.10376/0.0952148/0.156982/0.118652/0.0983887/0.10376/0.157471/0.133789/0.161377/0.127441/0.115967/0.165039/0.131836/0.131836/0.170898/0.142822/0.133057/0.167725/0.156982/0.151123/0.208008/0.178467/0.192383/0/0/0/0/0/0/0/0/0/0/0/0/0/0/0/0/0/0/0/0/0/0/0/0/0/0/0/0/0/0/0/0/0/0/0/0/0/0/0/0/0/0/0/0/0/0/0/0,380.599/243.772/242.333/247.444/243.779/242.335/242.335/248.877/243.777/247.446/248.882/245.22/245.22/247.446/247.448/243.781/243.779/247.446/245.222/269.989/3952.69/4209.57/243.779/4175.36/0/0/0/0/0/0/0/0/0/0/0/0/0/0/0/0/0/0/0/0/0/0/0/0/0/0/0/0/0/0/0/0/0/0/0/0/0/0/0/0/0/0/0/0/0/0/0/0,,,5426,1.2749897217417669e-11,2.1195312500000007e-11,-1.8034437106751764e-06,1.9142029350720249,0,0.0,9684,2.0337181265782235e-11,3.7828125000000016e-11,1.7637662041676348e-06,2.463331247028953e-07,6.187184335382292e-07,1.1687669971992568e-06,1,1,nan,0.22417650309491158,24,24/23/20/19/18/15/13/12/7/6/3/1/2/4/5/8/9/10/11/14/16/17/21/22,23,3147.7,1.0,,,1.0669829165413934e-09,,,,,,,,,,,,,,1,14143,7,302217375.7439287,200371941.39761522,1.5082819162999115,1,-418239927.792382,-471232321.068575,-475980033.567176,-268484.734183,-703455.321278,-508405.603623,-438441156.439387,-585872.769609,4029,354083.53242,-181592.971905,18114212.180633,14882648.765541,-281330921.838335,-317263199.093328,-0.9071,0.9279,-0.3652,0.3654,0.002,0.1021,2.966,0.7645,0.0137,0.311,0.4771,0.1439,418,851,8853,,,
860,8.1477328e-05,6536.46,4.6360773959283e-08,1.2155346679687505e-16,3.4465332031250015e-18,72,24,24,23,24/23/20/19/18/15/13/12/7/6/3/1/2/4/5/8/9/10/11/14/16/17/21/22,0,18,1,0.151611/0.104004/0.0949707/0.156738/0.118652/0.0983887/0.103516/0.157227/0.133789/0.161377/0.127686/0.115967/0.165039/0.131348/0.131836/0.170898/0.142578/0.133057/0.167236/0.155518/0.148926/0.206787/0.178711/0.190674/0/0/0/0/0/0/0/0/0/0/0/0/0/0/0/0/0/0/0/0/0/0/0/0/0/0/0/0/0/0/0/0/0/0/0/0/0/0/0/0/0/0/0/0/0/0/0/0,380.599/243.772/242.333/247.444/243.779/242.335/242.335/248.877/243.777/247.446/248.882/245.22/245.22/247.446/247.448/243.781/243.779/247.446/245.222/269.989/3952.69/4209.57/243.779/4175.36/0/0/0/0/0/0/0/0/0/0/0/0/0/0/0/0/0/0/0/0/0/0/0/0/0/0/0/0/0/0/0/0/0/0/0/0/0/0/0/0/0/0/0/0/0/0/0/0,,,5418,1.2726839294728454e-11,2.1164062500000007e-11,-1.8025707532538198e-06,1.9281702538137315,0,0.0,9676,2.0325992209343495e-11,3.7796875000000013e-11,1.763047282173872e-06,2.463331247028953e-07,6.187184335382292e-07,1.1687669971992568e-06,1,1,nan,0.2246021364402161,24,24/23/20/19/18/15/13/12/7/6/3/1/2/4/5/8/9/10/11/14/16/17/21/22,23,3148.2,1.0,,,1.0660285398223553e-09,,,,,,,,,,,,,,1,14111,7,302791181.6106059,200339635.85400897,1.5113892980780657,1,-417782489.875525,-469729368.17915,-476031637.880129,-295676.087975,-652717.707075,-506876.377792,-437425865.98742,-584762.680394,4053,302434.507485,-180268.581156,15434507.051508,13674333.151068,-306067658.003948,-321390636.70749,-0.9921,1.0074,-0.3555,0.3558,0.002,0.1009,3.2788,0.7508,0.0139,0.3056,0.473,0.1423,409,852,8805,,,
880,8.1477328e-05,6690.14,4.6360773959283e-08,1.2156323242187504e-16,3.4367675781250017e-18,72,24,24,23,24/23/20/19/18/15/13/12/7/6/3/1/2/4/5/8/9/10/11/14/16/17/21/22,0,18,1,0.151367/0.104004/0.0944824/0.156738/0.118652/0.0986328/0.103516/0.156982/0.133545/0.161133/0.127197/0.115234/0.164795/0.131348/0.131836/0.17041/0.142334/0.133301/0.167236/0.154053/0.147949/0.204834/0.177734/0.189453/0/0/0/0/0/0/0/0/0/0/0/0/0/0/0/0/0/0/0/0/0/0/0/0/0/0/0/0/0/0/0/0/0/0/0/0/0/0/0/0/0/0/0/0/0/0/0/0,380.599/243.772/242.333/247.444/243.779/242.335/242.335/248.877/243.777/247.446/248.882/245.22/245.22/247.446/247.448/243.781/243.779/247.446/245.222/269.989/3925.04/4209.57/243.779/4175.36/0/0/0/0/0/0/0/0/0/0/0/0/0/0/0/0/0/0/0/0/0/0/0/0/0/0/0/0/0/0/0/0/0/0/0/0/0/0/0/0/0/0/0/0/0/0/0/0,,,5408,1.2704281128875954e-11,2.1125000000000008e-11,-1.8028548777767627e-06,1.9236242614466448,0,0.0,9684,2.0347731425943294e-11,3.7828125000000016e-11,1.762337241170121e-06,2.463331247028953e-07,6.187184335382292e-07,1.1473056707428035e-06,1,1,nan,0.22514351095993004,24,24/23/20/19/18/15/13/12/7/6/3/1/2/4/5/8/9/10/11/14/16/17/21/22,23,3148.4,1.0,,,1.0650996896068136e-09,,,,,,,,,,,,,,1,14071,7,303521020.7524597,200314699.46406168,1.515220907724319,1,-417279575.437296,-471409942.244516,-476007433.706639,-301312.865803,-590242.429602,-506382.010702,-436704617.05773,-588728.383046,4024,297560.165095,-181881.050579,13188483.252272,12523255.260706,-296615550.270101,-327348780.603802,-0.9948,1.0073,-0.3414,0.3418,0.002,0.0986,3.2353,0.7392,0.0136,0.3098,0.4614,0.1411,410,843,8804,,,
900,0.000162954655,6972.75,3.3279756535161225e-08,1.2105883789062506e-16,3.941162109375002e-18,72,26,24,23,24/23/20/19/18/15/13/12/7/6/3/1/2/4/5/8/9/10/11/14/16/17/21/22,0,18,1,0.151855/0.104004/0.0947266/0.156494/0.118652/0.0986328/0.103516/0.156982/0.133545/0.160889/0.126953/0.11499/0.164795/0.131348/0.131836/0.17041/0.142578/0.133057/0.166992/0.153564/0.147949/0.204834/0.177734/0.189453/0/0/0/0/0/0/0/0/0/0/0/0/0/0/0/0/0/0/0/0/0/0/0/0/0.250244/0.255127/0/0/0/0/0/0/0/0/0/0/0/0/0/0/0/0/0/0/0/0/0/0,380.599/243.772/242.333/247.444/243.779/242.335/242.335/248.877/243.777/247.446/248.882/245.22/245.22/247.446/247.448/243.781/243.779/247.446/245.222/269.989/3925.04/4209.57/243.779/4175.36/0/0/0/0/0/0/0/0/0/0/0/0/0/0/0/0/0/0/0/0/0/0/0/0/1090.81/1111.91/0/0/0/0/0/0/0/0/0/0/0/0/0/0/0/0/0/0/0/0/0/0,1-2:0.399314/1-3:0.381032/2-4:0.447068/3-6:0.438746/4-5:0.637084/5-8:0.464851/6-7:0.402681/7-12:0.453162/8-9:0.660142/9-10:0.550488/10-11:0.670192/11-14:0.501735/12-13:0.543395/13-15:0.654048/14-16:0.564724/15-18:0.513014/16-17:0.664508/17-21:0.617163/18-19:0.586373/19-20:0.673649/20-23:0.612069/21-22:0.585054/23-24:0.674239,1-2:-28.519/1-3:-33.872/2-4:-24.592/3-6:-37.784/4-5:-20.663/5-8:-16.681/6-7:-41.719/7-12:-45.608/8-9:-12.684/9-10:-8.7859/10-11:-4.8024/11-14:-0.83866/12-13:-49.597/13-15:-53.559/14-16:3.1245/15-18:-57.55/16-17:7.0712/17-21:11.053/18-19:-61.526/19-20:-65.478/20-23:-69.485/21-22:11.418/23-24:-73.425,5404,1.2694730354526903e-11,2.110937500000001e-11,-1.8023690129347357e-06,1.9313980989190764,0,0.0,11920,2.5254057848321342e-11,4.656250000000002e-11,1.762018398444856e-06,2.474452173391373e-07,6.187184335382292e-07,1.1401518952573195e-06,1,1,nan,0.16210377170585683,27,24/23/20/19/18/15/13/12/7/6/49/3/49/1/2/4/5/8/9/50/10/11/14/16/17/21/22,20,3097.3,1.0,,,1.140895705740661e-09,3,24/1/1,1/3/3,2,2,0.871771/0/0.128229,0.956653,24/1/1,6165/312/312,6008/1272/1260,619/619/619,24/1/1,24/1/1,1,14067,9,304433889.7405029,282147299.33767235,1.0789892033528135,3,-396019369.05699,-427131576.937617,-470645445.070856,-226688.406785,-523041.748693,-488806.057549,-428773610.051693,-484692.745312,4457,67234640.590894,35420055.688612,124938399.545254,128088774.679484,-211032595.442677,-244759843.979597,-0.2777,0.387,-0.1099,0.1489,0.0043,0.0555,0.8433,0.2436,0.0175,0.4556,0.6096,0.2426,540,1168,9968,1259.8,707.1,336.6
920,0.000162954655,7142.13,3.3279756535161225e-08,1.2103491210937506e-16,3.965087890625002e-18,72,26,24,23,24/23/20/19/18/15/13/12/7/6/3/1/2/4/5/8/9/10/11/14/16/17/21/22,0,18,1,0.1521/0.104248/0.0952148/0.156494/0.118652/0.0991211/0.103516/0.156982/0.133545/0.160889/0.127197/0.114746/0.164551/0.131348/0.131836/0.17041/0.142334/0.132813/0.166992/0.153564/0.147949/0.206543/0.17749/0.189453/0/0/0/0/0/0/0/0/0/0/0/0/0/0/0/0/0/0/0/0/0/0/0/0/0.260742/0.266357/0/0/0/0/0/0/0/0/0/0/0/0/0/0/0/0/0/0/0/0/0/0,380.599/243.772/242.333/247.444/243.779/242.335/242.335/248.877/243.777/247.446/248.882/245.22/245.22/247.446/247.448/243.781/299.06/247.446/245.222/269.989/3925.04/4209.57/243.779/4175.36/0/0/0/0/0/0/0/0/0/0/0/0/0/0/0/0/0/0/0/0/0/0/0/0/1090.81/1111.91/0/0/0/0/0/0/0/0/0/0/0/0/0/0/0/0/0/0/0/0/0/0,,,5403,1.2691683275929575e-11,2.1105468750000008e-11,-1.8014425267427479e-06,1.9462218779908822,0,0.0,12020,2.5498101136375298e-11,4.695312500000002e-11,1.7620700277721604e-06,2.47446240230577e-07,6.187184335382292e-07,1.1401518952573195e-06,1,1,nan,0.16274996888622784,27,24/23/20/19/18/15/13/12/7/6/49/3/49/1/2/4/5/8/9/50/10/11/14/16/17/21/22,20,3095.3,1.0,,,1.1496772417662897e-09,,,,,,,,,,,,,,1,14073,11,305647460.0300126,282257564.5347547,1.0828672051139232,3,-391329445.505297,-424642726.012712,-471131268.679766,-197714.698262,-508401.802881,-482120.105914,-427488564.910752,-487995.449136,4504,73950725.764875,41959244.836713,148534928.096942,122806373.881456,-203668247.264434,-237926611.766972,-0.249,0.3705,-0.1078,0.1528,0.0045,0.0585,0.7654,0.2447,0.0187,0.4804,0.6226,0.2413,587,1219,9928,,,
940,0.000162954655,7292.46,3.3279756535161225e-08,1.2102319335937505e-16,3.976806640625002e-18,72,26,24,23,24/23/20/19/18/15/13/12/7/6/3/1/2/4/5/8/9/10/11/14/16/17/21/22,0,18,1,0.1521/0.104736/0.095459/0.15625/0.118652/0.0991211/0.103516/0.156982/0.133545/0.161377/0.126953/0.114502/0.164551/0.131348/0.131836/0.17041/0.142334/0.132813/0.166992/0.153809/0.148193/0.207275/0.17749/0.190674/0/0/0/0/0/0/0/0/0/0/0/0/0/0/0/0/0/0/0/0/0/0/0/0/0.266357/0.269531/0/0/0/0/0/0/0/0/0/0/0/0/0/0/0/0/0/0/0/0/0/0,380.599/243.772/242.333/247.444/243.779/242.335/242.335/248.877/243.777/247.446/243.781/245.22/245.22/247.446/247.448/243.781/299.06/247.446/245.222/269.989/3925.04/4209.57/243.779/4175.36/0/0/0/0/0/0/0/0/0/0/0/0/0/0/0/0/0/0/0/0/0/0/0/0/1090.81/1111.91/0/0/0/0/0/0/0/0/0/0/0/0/0/0/0/0/0/0/0/0/0/0,,,5401,1.2685589118734916e-11,2.109765625000001e-11,-1.8021473793728187e-06,1.934944235909749,0,0.0,12070,2.561616666213403e-11,4.714843750000002e-11,1.7623707917044666e-06,2.474452173391373e-07,6.187184335382292e-07,1.1401518952573195e-06,1,1,nan,0.165298579380927,27,24/23/20/19/18/15/13/12/7/6/49/3/49/1/2/4/5/8/9/50/10/11/14/16/17/21/22,20,3094.0,1.0,,,1.1571425812847311e-09,,,,,,,,,,,,,,1,14085,11,310433797.8071656,282307917.822912,1.0996283781239768,1,-389884015.977742,-422978952.692302,-471612884.281782,-197470.814056,-489628.645517,-479433.517732,-425906260.108181,-484079.239061,4549,81478748.881981,44225850.269044,166163177.727732,129906733.125604,-199056342.44524,-234986297.657483,-0.2585,0.367,-0.1057,0.154,0.0042,0.057,0.7412,0.2468,0.0177,0.4916,0.6223,0.2368,596,1271,9872,,,
960,0.000162954655,7416.0,3.3279756535161225e-08,1.2100732421875006e-16,3.9926757812500016e-18,72,26,24,23,24/23/20/19/18/15/13/12/7/6/3/1/2/4/5/8/9/10/11/14/16/17/21/22,0,18,1,0.1521/0.105225/0.0957031/0.156494/0.118652/0.0991211/0.103516/0.156982/0.133545/0.161377/0.126953/0.114502/0.164551/0.131348/0.131836/0.169922/0.142334/0.132813/0.16748/0.153809/0.148193/0.208496/0.17749/0.191895/0/0/0/0/0/0/0/0/0/0/0/0/0/0/0/0/0/0/0/0/0/0/0/0/0.274414/0.273926/0/0/0/0/0/0/0/0/0/0/0/0/0/0/0/0/0/0/0/0/0/0,380.599/243.772/242.333/247.444/243.779/242.335/242.335/248.877/243.777/247.446/243.781/245.22/245.22/247.446/247.448/243.781/299.06/247.446/245.222/269.989/3925.04/4209.57/243.779/4183.35/0/0/0/0/0/0/0/0/0/0/0/0/0/0/0/0/0/0/0/0/0/0/0/0/1090.81/1111.91/0/0/0/0/0/0/0/0/0/0/0/0/0/0/0/0/0/0/0/0/0/0,,,5401,1.2685589118734916e-11,2.109765625000001e-11,-1.8021473793728187e-06,1.934944235909749,0,0.0,12104,2.5701304170577078e-11,4.728125000000002e-11,1.7623707917044666e-06,2.474452173391373e-07,6.187184335382292e-07,1.1401518952573195e-06,1,1,nan,0.16243483921611546,27,24/23/20/19/18/15/13/12/7/6/49/3/49/1/2/4/5/8/9/50/10/11/14/16/17/21/22,20,3090.8,1.0,,,1.163966844584685e-09,,,,,,,,,,,,,,1,14098,11,305055640.6649516,282401139.2461166,1.0802209986805023,2,-387857457.578744,-422819263.522014,-471879436.709046,-202881.303946,-470628.185481,-476962.743431,-423904205.639613,-483872.939043,4614,80776551.74838,42977594.510016,167527409.482286,118087485.365405,-199242297.590895,-236138706.633283,-0.2741,0.3623,-0.1076,0.1507,0.0042,0.0614,0.7157,0.243,0.0176,0.5025,0.6185,0.2354,601,1295,9841,,,
980,0.000162954655,7554.37,3.3279756535161225e-08,1.2099218750000004e-16,4.007812500000002e-18,72,26,24,23,24/23/20/19/18/15/13/12/7/6/3/1/2/4/5/8/9/10/11/14/16/17/21/22,0,18,1,0.15332/0.105225/0.0964355/0.156738/0.118652/0.0996094/0.103516/0.156982/0.133545/0.161621/0.126953/0.114014/0.164551/0.131348/0.131592/0.169922/0.142334/0.132813/0.166748/0.153809/0.148193/0.209961/0.177979/0.193604/0/0/0/0/0/0/0/0/0/0/0/0/0/0/0/0/0/0/0/0/0/0/0/0/0.279541/0.278809/0/0/0/0/0/0/0/0/0/0/0/0/0/0/0/0/0/0/0/0/0/0,380.599/243.772/242.333/247.444/243.779/242.335/242.335/248.877/243.777/247.446/243.781/245.22/245.22/247.446/247.448/243.781/299.06/247.446/245.222/269.989/3925.04/4209.57/243.779/4183.35/0/0/0/0/0/0/0/0/0/0/0/0/0/0/0/0/0/0/0/0/0/0/0/0/1090.81/1111.91/0/0/0/0/0/0/0/0/0/0/0/0/0/0/0/0/0/0/0/0/0/0,,,5401,1.268295157869465e-11,2.109765625000001e-11,-1.8018215164280504e-06,1.9401580430260417,0,0.0,12166,2.585593515094948e-11,4.752343750000002e-11,1.7621861214685553e-06,2.474452173391373e-07,6.187184335382292e-07,1.1401518952573195e-06,1,1,nan,0.1646254228155135,27,24/23/20/19/18/15/13/12/7/6/49/3/49/1/2/4/5/8/9/50/10/11/14/16/17/21/22,20,3089.2,1.0,,,1.1703525104698088e-09,,,,,,,,,,,,,,1,14119,11,309169597.29254067,282471806.7420157,1.0945148857808251,1,-386882968.544185,-422424493.426139,-472036402.422457,-185098.801151,-448077.733135,-472274.669378,-422511051.607247,-482876.45383,4642,91744966.290979,41314571.77064,163553636.414006,118153368.191388,-187756566.481826,-237940212.35234,-0.2625,0.3529,-0.1058,0.1498,0.0041,0.0601,0.6839,0.2447,0.0175,0.5122,0.6109,0.234,615,1316,9841,,,
1000,0.000173139321,7690.68,3.21459798355071e-08,1.2050292968750005e-16,4.497070312500002e-18,72,28,24,23,24/23/20/19/18/15/13/12/7/6/3/1/2/4/5/8/9/10/11/14/16/17/21/22,0,18,1,0.153809/0.105713/0.097168/0.156494/0.118652/0.0996094/0.103516/0.156982/0.134277/0.161377/0.126709/0.11377/0.164551/0.131592/0.131348/0.169922/0.143066/0.132813/0.166748/0.153076/0.148193/0.210693/0.178955/0.193604/0/0/0/0/0/0/0/0/0/0/0/0/0/0/0/0/0/0/0/0/0/0/0/0/0.281982/0.283447/0.210205/0.268799/0/0/0/0/0/0/0/0/0/0/0/0/0/0/0/0/0/0/0/0,380.599/243.772/242.333/247.444/243.779/242.335/242.335/248.877/243.777/247.446/243.781/245.22/245.22/247.446/247.448/243.781/299.062/247.446/245.222/269.989/3925.04/4209.57/243.779/4183.35/0/0/0/0/0/0/0/0/0/0/0/0/0/0/0/0/0/0/0/0/0/0/0/0/1090.81/1111.91/1069.71/1139.56/0/0/0/0/0/0/0/0/0/0/0/0/0/0/0/0/0/0/0/0,1-2:0.396267/1-3:0.381032/2-4:0.44534/3-6:0.442202/4-5:0.637084/5-8:0.464851/6-7:0.405728/7-12:0.450115/8-9:0.660142/9-10:0.550488/10-11:0.670192/11-14:0.498688/12-13:0.540348/13-15:0.647544/14-16:0.567771/15-18:0.508239/16-17:0.664508/17-21:0.617163/18-19:0.586373/19-20:0.670602/20-23:0.612069/21-22:0.585054/23-24:0.674239/51-52:0.81732,1-2:-28.521/1-3:-33.872/2-4:-24.592/3-6:-37.787/4-5:-20.663/5-8:-16.681/6-7:-41.715/7-12:-45.604/8-9:-12.684/9-10:-8.7859/10-11:-4.8024/11-14:-0.84284/12-13:-49.598/13-15:-53.56/14-16:3.1233/15-18:-57.546/16-17:7.0712/17-21:11.053/18-19:-61.526/19-20:-65.478/20-23:-69.485/21-22:11.418/23-24:-73.425/51-52:-51.981,5744,1.3493358473995e-11,2.243750000000001e-11,-1.884757799792319e-06,0.6131775091977456,0,0.0,13732,2.921393800561647e-11,5.364062500000002e-11,1.74392411300983e-06,2.47446240230577e-07,6.187184335382292e-07,1.1391198095275558e-06,1,1,nan,0.16233034172718894,29,24/23/20/19/18/15/52/15/13/12/7/6/49/3/49/1/2/4/5/8/9/50/10/11/14/16/17/21/22,20,3172.2,1.0,,,1.2719866735924732e-09,4,24/2/1/1,1/3/3/3,2,2,0.767752/0/0.232248,0.929899,24/2/1/1,6173/559/328/327,6008/1303/1319/1319,663/619/707/663,24/2/1/1,24/2/1/1,1,14131,12,315611669.3242884,284349934.0473212,1.109941067444611,2,-363237878.339,-405790263.923511,-466763306.949643,-163132.732749,-496632.356136,-457213.637718,-417631568.980835,-463261.186486,5107,100178890.729173,42467134.06283,165931845.978661,116330880.785215,-187892832.6633,-246721142.843089,-0.1813,0.279,-0.0947,0.1389,0.0063,0.0642,0.4624,0.2063,0.0237,0.5989,0.6718,0.2633,748,1627,10936,1288.4,707.1,343.5
1020,0.000173139321,7819.17,3.21459798355071e-08,1.2049194335937504e-16,4.508056640625002e-18,72,28,24,23,24/23/20/19/18/15/13/12/7/6/3/1/2/4/5/8/9/10/11/14/16/17/21/22,0,18,1,0.154053/0.105957/0.0979004/0.156738/0.118652/0.0996094/0.103516/0.156982/0.134521/0.161621/0.126709/0.114014/0.164551/0.131836/0.131348/0.169678/0.143066/0.132813/0.166504/0.153076/0.148193/0.211914/0.178955/0.19458/0/0/0/0/0/0/0/0/0/0/0/0/0/0/0/0/0/0/0/0/0/0/0/0/0.284424/0.287109/0.210938/0.268799/0/0/0/0/0/0/0/0/0/0/0/0/0/0/0/0/0/0/0/0,380.599/243.772/250.305/247.444/243.779/242.335/242.335/248.877/243.777/247.446/243.781/245.22/245.22/247.446/247.448/243.781/299.062/247.446/245.222/269.989/3925.04/4211.01/243.779/4183.35/0/0/0/0/0/0/0/0/0/0/0/0/0/0/0/0/0/0/0/0/0/0/0/0/1090.81/1111.91/1069.71/1139.56/0/0/0/0/0/0/0/0/0/0/0/0/0/0/0/0/0/0/0/0,,,5740,1.3485126405735364e-11,2.2421875000000008e-11,-1.8837636937858824e-06,0.6290832053007293,0,0.0,13790,2.935638041587669e-11,5.386718750000002e-11,1.744435150417162e-06,2.474462402305772e-07,6.187184335382295e-07,1.1401518952573195e-06,1,1,nan,0.16771707446538262,29,24/23/20/19/18/15/52/15/13/12/7/6/49/3/49/1/2/4/5/8/9/50/10/11/14/16/17/21/22,20,3172.2,1.0,,,1.2794362330767134e-09,,,,,,,,,,,,,,1,14146,14,326084854.3962591,284278015.0381477,1.1470632168038084,1,-357905971.885864,-403280788.689344,-467106284.397113,-155739.795675,-479997.571018,-456301.64025,-416596361.390028,-451458.479284,5138,98463322.673931,42376382.845251,161909316.947276,125666659.615725,-189859128.647869,-246348111.132539,-0.1762,0.2745,-0.0952,0.1349,0.0061,0.0631,0.4489,0.1995,0.0232,0.6071,0.6747,0.2612,761,1663,10900,,,
1040,0.000193508653,7940.47,3.009539637407289e-08,1.2005175781250005e-16,4.948242187500002e-18,72,30,24,23,24/23/20/19/18/15/13/12/7/6/3/1/2/4/5/8/9/10/11/14/16/17/21/22,0,18,1,0.154541/0.106445/0.0983887/0.156738/0.118896/0.0996094/0.103516/0.156982/0.134521/0.161865/0.126709/0.114014/0.164551/0.131836/0.131104/0.169678/0.143066/0.132568/0.166504/0.153076/0.148193/0.212891/0.178955/0.195801/0/0/0/0/0/0/0/0/0/0/0/0/0/0/0/0/0/0/0/0/0/0/0/0/0.286133/0.246094/0.21167/0.266357/0.211182/0.266357/0/0/0/0/0/0/0/0/0/0/0/0/0/0/0/0/0/0,380.599/243.772/250.305/247.444/248.89/242.335/242.335/248.877/243.777/247.446/243.781/245.22/245.22/247.446/247.448/243.781/299.062/247.446/245.222/269.989/3925.04/4211.01/243.779/4183.35/0/0/0/0/0/0/0/0/0/0/0/0/0/0/0/0/0/0/0/0/0/0/0/0/1090.81/1063.15/1069.71/1139.56/1069.71/4238.65/0/0/0/0/0/0/0/0/0/0/0/0/0/0/0/0/0/0,,,6411,1.5073421078270298e-11,2.504296875000001e-11,-1.7177592171281098e-06,3.2851548318250914,0,0.0,14598,3.0979682956883046e-11,5.7023437500000024e-11,1.7158458002331552e-06,2.4816287201061466e-07,6.187184335382297e-07,1.1401518952573195e-06,1,1,nan,0.1678810212068034,32,24/23/20/19/18/15/52/15/13/12/7/6/49/3/49/1/2/4/5/8/9/50/10/54/11/54/11/14/16/17/21/22,19,3074.8,1.0,,,1.4076208573214072e-09,,,,,,,,,,,,,,1,14161,14,348643483.37556803,305040926.86018735,1.1429400210790912,1,-364106920.69309,-411594550.151441,-465730165.839284,-172300.043704,-2702591.715537,-462723.433887,-418875751.606892,-437393.145577,5592,96627094.69774,40534843.703991,168923935.535814,133637609.189957,-213664866.692562,-269204781.710643,-0.1102,0.2088,-0.0935,0.1285,0.0065,0.065,0.326,0.1812,0.0266,0.6354,0.7078,0.2428,853,1920,11902,,,
1060,0.000213877985,8050.44,2.829073777332103e-08,1.1982421875000005e-16,5.1757812500000024e-18,72,31,24,23,24/23/20/19/18/15/13/12/7/6/3/1/2/4/5/8/9/10/11/14/16/17/21/22,0,18,1,0.155518/0.106934/0.0991211/0.156738/0.118896/0.0996094/0.103516/0.157715/0.135254/0.162109/0.126709/0.114014/0.165039/0.131836/0.130859/0.170166/0.143066/0.132568/0.166504/0.153076/0.148193/0.214355/0.178955/0.199707/0/0/0/0/0/0/0/0/0/0/0/0/0/0/0/0/0/0/0/0/0/0/0/0/0.289307/0.24707/0.212402/0.214844/0.210205/0.26709/0.264404/0/0/0/0/0/0/0/0/0/0/0/0/0/0/0/0/0,380.599/243.772/250.305/247.444/248.89/242.335/242.335/248.877/243.777/247.446/243.781/245.22/250.319/247.446/247.448/243.781/299.062/247.446/245.222/269.989/3925.04/4211.01/243.779/4183.35/0/0/0/0/0/0/0/0/0/0/0/0/0/0/0/0/0/0/0/0/0/0/0/0/1090.81/1063.15/1069.71/1139.56/1069.71/4238.65/4238.65/0/0/0/0/0/0/0/0/0/0/0/0/0/0/0/0/0,,,6752,1.5881690318228532e-11,2.637500000000001e-11,-1.8058127767998707e-06,1.876297877076917,0,0.0,15054,3.189966841437515e-11,5.880468750000003e-11,1.7136081547029917e-06,2.4888973270505147e-07,6.187184335382297e-07,1.1411839809870832e-06,1,1,nan,0.1656528988818925,32,24/23/20/19/18/15/55/15/13/12/7/6/49/3/49/1/2/4/5/8/9/50/10/54/11/54/11/14/16/17/21/22,19,3092.8,1.0,,,1.4841162310559517e-09,,,,,,,,,,,,,,1,14202,14,365960982.1091956,322354932.9494684,1.1352734042589099,1,-366970673.608316,-420090452.740465,-469313185.277288,-129490.40401,-733636.496894,-447503.968758,-423855561.687441,-412373.298554,5783,108077662.975676,53054802.822744,182240119.140287,177523030.868563,-221242694.6381,-276318180.84432,-0.0495,0.1723,-0.0724,0.1198,0.0059,0.0583,0.2564,0.1662,0.0252,0.6663,0.7194,0.2327,935,2085,12391,,,
1080,0.000213877985,8140.31,2.829073777332103e-08,1.1980688476562505e-16,5.1931152343750024e-18,72,31,24,23,24/23/20/19/18/15/13/12/7/6/3/1/2/4/5/8/9/10/11/14/16/17/21/22,0,18,1,0.157715/0.108154/0.0993652/0.156494/0.118896/0.0998535/0.103516/0.158203/0.135498/0.162842/0.126709/0.114258/0.165771/0.131836/0.130859/0.170654/0.143066/0.133057/0.166504/0.15332/0.148193/0.216064/0.178955/0.202637/0/0/0/0/0/0/0/0/0/0/0/0/0/0/0/0/0/0/0/0/0/0/0/0/0.293701/0.250488/0.215332/0.213379/0.205322/0.265137/0.267334/0/0/0/0/0/0/0/0/0/0/0/0/0/0/0/0/0,380.599/243.772/250.305/247.444/248.89/242.335/242.335/248.877/243.777/247.446/243.781/245.22/250.319/247.446/247.448/243.781/299.062/247.446/245.222/269.989/3925.04/4211.01/243.779/4183.35/0/0/0/0/0/0/0/0/0/0/0/0/0/0/0/0/0/0/0/0/0/0/0/0/1090.81/1063.15/1069.71/1139.56/1069.71/4238.65/4238.65/0/0/0/0/0/0/0/0/0/0/0/0/0/0/0/0/0,,,6736,1.583557498429582e-11,2.631250000000001e-11,-1.8106109392282822e-06,1.7995272782223326,0,0.0,15214,3.2315986513830665e-11,5.942968750000002e-11,1.7143709286027108e-06,2.4888973270505147e-07,6.187184335382297e-07,1.1411839809870832e-06,1,1,nan,0.16330159528040222,32,24/23/20/19/18/15/55/15/13/12/7/6/49/3/49/1/2/4/5/8/9/50/10/54/11/54/11/14/16/17/21/22,19,3094.5,1.0,,,1.4960211413212497e-09,,,,,,,,,,,,,,1,14251,14,360766473.7061052,322272808.344401,1.1194443476613993,2,-363567194.959085,-420059118.598139,-469671805.985753,-112693.534781,-647085.218633,-446099.844056,-422652995.431995,-403800.568076,5823,110201694.332509,51435095.397256,176868487.666762,153849069.090369,-219826731.306513,-278535595.424007,-0.0499,0.1696,-0.0703,0.1155,0.0059,0.0553,0.2486,0.1606,0.0249,0.6766,0.7175,0.2335,971,2099,12378,,,
1100,0.000213877985,8254.35,2.829073777332103e-08,1.1978295898437504e-16,5.217041015625003e-18,72,31,24,23,24/23/20/19/18/15/13/12/7/6/3/1/2/4/5/8/9/10/11/14/16/17/21/22,0,18,1,0.1604/0.108398/0.10083/0.156494/0.119141/0.0998535/0.103516/0.158936/0.135498/0.163086/0.127197/0.114502/0.165771/0.131836/0.130859/0.170654/0.143066/0.133545/0.166504/0.153809/0.148682/0.218994/0.179199/0.203613/0/0/0/0/0/0/0/0/0/0/0/0/0/0/0/0/0/0/0/0/0/0/0/0/0.300537/0.25293/0.216553/0.211426/0.203613/0.265869/0.271729/0/0/0/0/0/0/0/0/0/0/0/0/0/0/0/0/0,380.599/243.772/250.305/247.444/248.89/242.335/242.335/248.877/243.777/247.446/411.154/245.22/250.319/247.446/247.448/243.781/299.062/247.446/245.222/269.989/3925.04/4211.01/243.779/4183.35/0/0/0/0/0/0/0/0/0/0/0/0/0/0/0/0/0/0/0/0/0/0/0/0/1090.81/1063.15/1090.81/1139.56/1069.71/4238.65/4238.65/0/0/0/0/0/0/0/0/0/0/0/0/0/0/0/0/0,1-2:0.396267/1-3:0.387126/2-4:0.44534/3-6:0.445659/4-5:0.637084/5-8:0.467898/6-7:0.405728/7-12:0.450115/8-9:0.660142/9-10:0.550488/10-11:0.670192/11-14:0.498688/12-13:0.540348/13-15:0.644497/14-16:0.570818/15-18:0.505192/16-17:0.664508/17-21:0.612388/18-19:0.586373/19-20:0.670602/20-23:0.612069/21-22:0.585054/23-24:0.691522/50-53:0.7974/51-52:0.752602/52-55:0.813135/53-54:0.750055,1-2:-28.521/1-3:-33.872/2-4:-24.591/3-6:-37.787/4-5:-20.663/5-8:-16.677/6-7:-41.715/7-12:-45.604/8-9:-12.684/9-10:-8.7859/10-11:-4.8024/11-14:-0.84284/12-13:-49.598/13-15:-53.565/14-16:3.122/15-18:-57.546/16-17:7.0712/17-21:11.053/18-19:-61.526/19-20:-65.478/20-23:-69.485/21-22:11.418/23-24:-73.425/50-53:-7.8972/51-52:-51.999/52-55:-54.516/53-54:-5.2627,6725,1.58112888295197e-11,2.626953125000001e-11,-1.8119281951837859e-06,1.7784511829342737,0,0.0,15356,3.268273381295195e-11,5.998437500000002e-11,1.7144539402898867e-06,2.5030458421920966e-07,6.187184335382297e-07,1.155491531958052e-06,1,1,nan,0.15956923365409875,32,24/23/20/19/18/15/55/15/13/12/7/6/49/3/49/1/2/4/5/8/9/50/10/54/11/54/11/14/16/17/21/22,19,3097.3,1.0,,,1.5073694079754171e-09,4,24/3/3/1,1/3/3/3,2,2,0.669802/0/0.330198,0.912246,24/3/3/1,6174/3954/4141/353,6008/3615/3830/1321,707/707/619/751,24/3/3/1,24/4/4/1,1,14298,16,352520926.92987555,322119165.849565,1.09438047872789,4,-361107460.645385,-418164773.454948,-470004681.693209,-109466.308518,-613719.473315,-444461.15211,-421621934.162074,-391425.121659,5907,109674798.452547,49919233.65236,171842880.877667,163243286.927237,-219918574.950347,-279508230.610852,-0.0535,0.1528,-0.0703,0.1107,0.0058,0.0575,0.224,0.1545,0.0247,0.676,0.715,0.2339,997,2109,12352,1378.4,707.1,341.3
1120,0.000213877985,8381.39,2.829073777332103e-08,1.1976464843750005e-16,5.2353515625000024e-18,72,31,24,23,24/23/20/19/18/15/13/12/7/6/3/1/2/4/5/8/9/10/11/14/16/17/21/22,0,18,1,0.163086/0.109375/0.101807/0.156982/0.119141/0.100586/0.103516/0.159424/0.135742/0.163574/0.127441/0.114746/0.166016/0.131592/0.130859/0.17041/0.143311/0.133545/0.16626/0.154053/0.149658/0.220703/0.179443/0.20459/0/0/0/0/0/0/0/0/0/0/0/0/0/0/0/0/0/0/0/0/0/0/0/0/0.30542/0.25415/0.217773/0.209473/0.202881/0.26709/0.272705/0/0/0/0/0/0/0/0/0/0/0/0/0/0/0/0/0,380.599/243.772/250.305/247.444/248.89/242.335/242.335/248.877/243.777/247.446/411.154/245.22/250.319/247.446/247.448/243.781/299.062/247.446/245.222/269.989/3925.04/4211.01/243.779/4183.35/0/0/0/0/0/0/0/0/0/0/0/0/0/0/0/0/0/0/0/0/0/0/0/0/1090.81/1063.15/1090.81/1139.56/1069.71/4238.65/4238.65/0/0/0/0/0/0/0/0/0/0/0/0/0/0/0/0/0,,,6720,1.579209719040337e-11,2.625000000000001e-11,-1.8114129631628165e-06,1.7866948952697839,0,0.0,15454,3.294178479847054e-11,6.036718750000003e-11,1.713789348229487e-06,2.5030458421920966e-07,6.187184335382297e-07,1.1656707400099652e-06,1,1,nan,0.16051487709619824,30,24/23/20/19/18/15/55/15/13/12/7/6/49/3/49/1/2/4/5/8/9/50/10/54/11/14/16/17/21/22,19,3099.5,1.0,,,1.5182793983509816e-09,,,,,,,,,,,,,,1,14343,16,354610045.83532006,322022191.75221324,1.101197541404793,3,-359846369.849987,-418882660.623936,-470343709.144661,-95447.522235,-596856.091843,-443675.943849,-421231321.824864,-389402.699269,5969,106696852.15071,46472032.370931,167295211.628797,148977108.553073,-222377146.78238,-282620807.356872,-0.0498,0.1582,-0.0715,0.1106,0.0057,0.0578,0.2308,0.1557,0.024,0.6793,0.7089,0.2351,1026,2113,12337,,,
1140,0.000213877985,8516.56,2.829073777332103e-08,1.1974658203125005e-16,5.253417968750002e-18,72,31,24,23,24/23/20/19/18/15/13/12/7/6/3/1/2/4/5/8/9/10/11/14/16/17/21/22,0,18,1,0.166016/0.111084/0.101807/0.157227/0.118896/0.10083/0.103516/0.15918/0.135742/0.164307/0.127686/0.11499/0.166748/0.131592/0.130859/0.170654/0.143311/0.133789/0.166016/0.153809/0.150146/0.223389/0.179443/0.205811/0/0/0/0/0/0/0/0/0/0/0/0/0/0/0/0/0/0/0/0/0/0/0/0/0.309814/0.255615/0.221924/0.208252/0.202637/0.266357/0.271973/0/0/0/0/0/0/0/0/0/0/0/0/0/0/0/0/0,380.599/243.772/250.305/248.882/248.89/242.335/242.335/248.877/243.777/247.446/411.154/245.22/250.329/247.446/247.448/243.781/299.062/247.446/245.222/269.989/3925.04/4211.01/243.779/4183.35/0/0/0/0/0/0/0/0/0/0/0/0/0/0/0/0/0/0/0/0/0/0/0/0/1090.81/1063.15/1090.81/1139.56/1069.71/4266.3/4238.65/0/0/0/0/0/0/0/0/0/0/0/0/0/0/0/0/0,,,6718,1.5783365365307018e-11,2.624218750000001e-11,-1.8113043406578545e-06,1.7884328553491764,0,0.0,15574,3.323885742193457e-11,6.083593750000002e-11,1.7135240143091417e-06,2.5030458421920966e-07,6.187184335382297e-07,1.179978290980934e-06,1,1,nan,0.16653864992438183,30,24/23/20/19/18/15/55/15/13/12/7/6/49/3/49/1/2/4/5/8/9/50/10/54/11/14/16/17/21/22,19,3101.3,1.0,,,1.5287328952077424e-09,,,,,,,,,,,,,,1,14386,16,367917786.5092487,322090417.73744094,1.1422810684457088,2,-356802533.715766,-418498263.022725,-470676260.69528,-66501.952998,-594402.747514,-444185.724365,-420790114.449345,-380676.531005,6036,103981670.292981,45339448.855526,178920804.45232,171382038.768194,-224497293.885457,-283912206.074564,-0.0531,0.1598,-0.0731,0.1108,0.0056,0.0569,0.2331,0.1564,0.0236,0.6795,0.7067,0.2353,1036,2121,12320,,,
1160,0.000224062651,8643.49,2.74672076250056e-08,1.1945898437500006e-16,5.5410156250000026e-18,72,31,25,23,24/23/20/19/18/15/13/12/7/6/3/1/2/4/5/8/9/10/11/14/16/17/21/22/52,0,18,2,0.167236/0.112305/0.102783/0.157227/0.118896/0.101318/0.103516/0.160156/0.135986/0.164551/0.127686/0.115479/0.167236/0.131836/0.130859/0.170898/0.143555/0.133789/0.16626/0.154297/0.150146/0.225586/0.179932/0.208252/0/0/0/0/0/0/0/0/0/0/0/0/0/0/0/0/0/0/0/0/0/0/0/0/0.314209/0.258057/0.223145/0.474365/0.201416/0.268066/0.271973/0/0/0/0/0/0/0/0/0/0/0/0/0/0/0/0/0,380.599/243.772/250.305/248.882/248.89/242.335/242.335/248.877/243.777/247.446/411.154/245.22/250.329/247.446/247.448/243.781/299.062/247.446/245.222/269.989/3925.04/4211.01/243.779/4183.35/0/0/0/0/0/0/0/0/0/0/0/0/0/0/0/0/0/0/0/0/0/0/0/0/1090.81/1063.15/1090.81/8220.67/1069.71/4266.3/4238.65/0/0/0/0/0/0/0/0/0/0/0/0/0/0/0/0/0,,,6716,1.5774633795933522e-11,2.623437500000001e-11,-1.8098861676381662e-06,1.8111236236641888,0,0.0,16848,3.603944413842339e-11,6.581250000000002e-11,1.7133802118929655e-06,2.5030458421920966e-07,6.187184335382297e-07,1.1841066338999897e-06,1,1,nan,0.19568169177527892,31,52/24/23/20/19/18/52/15/13/51/12/7/22/6/49/1/2/4/5/8/9/10/11/54/11/14/16/17/21/22/52,20,4484.1,1.0,,,1.559752157710907e-09,,,,,,,,,,,,,,1,14437,19,445262070.42687833,327684603.7950066,1.3588129111657197,2,-342531064.860708,-406915197.661286,-466908560.195291,686317.927598,-377330.79808,-387465.731647,-413489640.129272,-314819.106758,6429,127786682.586209,80738519.317307,246705068.913295,213416367.017908,-212198588.99493,-258810200.479951,0.0034,0.1622,-0.039,0.1085,0.0082,0.068,0.2284,0.149,0.0306,0.7051,0.7262,0.2679,1102,2294,12854,,,
1180,0.000224062651,8762.79,2.74672076250056e-08,1.1942456054687505e-16,5.5754394531250025e-18,72,31,25,23,24/23/20/19/18/15/13/12/7/6/3/1/2/4/5/8/9/10/11/14/16/17/21/22/52,0,17,2,0.168213/0.112793/0.104004/0.157959/0.118896/0.102051/0.104248/0.160889/0.136475/0.164795/0.128174/0.115479/0.167236/0.131836/0.132324/0.170898/0.143799/0.133789/0.166992/0.154541/0.150879/0.226318/0.18042/0.210693/0/0/0/0/0/0/0/0/0/0/0/0/0/0/0/0/0/0/0/0/0/0/0/0/0.320801/0.260742/0.224609/0.482666/0.201172/0.268799/0.272949/0/0/0/0/0/0/0/0/0/0/0/0/0/0/0/0/0,380.599/243.772/250.305/248.882/248.89/242.335/242.335/248.877/433.691/247.446/411.154/245.22/250.329/247.446/247.448/243.781/299.062/247.446/245.222/269.989/3925.04/4211.01/243.779/4183.35/0/0/0/0/0/0/0/0/0/0/0/0/0/0/0/0/0/0/0/0/0/0/0/0/1090.81/1063.15/1090.81/8220.67/1069.71/4266.3/4266.31/0/0/0/0/0/0/0/0/0/0/0/0/0/0/0/0/0,,,6721,1.5781956696660806e-11,2.625390625000001e-11,-1.809967715031432e-06,1.8098188653719354,0,0.0,16986,3.638608858511311e-11,6.635156250000003e-11,1.7129467505741688e-06,2.503291336137669e-07,7.071067811865475e-07,1.1861708053595177e-06,1,1,nan,0.18206547381810653,31,52/24/23/20/19/18/52/15/13/51/12/7/22/6/49/1/2/4/5/8/9/10/11/54/11/14/16/17/21/22/52,20,4486.0,1.0,,,1.5714181401804928e-09,,,,,,,,,,,,,,1,14491,20,414279174.97053325,327275193.42476916,1.2658434959133673,1,-335311133.965723,-404919345.036486,-467053155.821395,2570643.365274,-361841.455438,-384572.385788,-412898100.167832,-311887.056411,6518,136430137.427988,84628815.911929,241275348.807214,235432577.087538,-201986189.042474,-254512876.589258,0.0022,0.1631,-0.0389,0.1114,0.0084,0.0675,0.2281,0.1526,0.0309,0.7094,0.7281,0.2707,1108,2321,12880,,,
1200,0.000224062651,8880.41,2.74672076250056e-08,1.1939404296875006e-16,5.6059570312500024e-18,72,31,25,23,24/23/20/19/18/15/13/12/7/6/3/1/2/4/5/8/9/10/11/14/16/17/21/22/52,0,17,2,0.169189/0.114502/0.10498/0.158203/0.118896/0.102295/0.104248/0.161133/0.136963/0.165039/0.128174/0.115967/0.167236/0.131836/0.132324/0.170898/0.144287/0.133789/0.166992/0.154785/0.150879/0.229248/0.181396/0.212158/0/0/0/0/0/0/0/0/0/0/0/0/0/0/0/0/0/0/0/0/0/0/0/0/0.325439/0.262695/0.22583/0.488037/0.200439/0.272217/0.275879/0/0/0/0/0/0/0/0/0/0/0/0/0/0/0/0/0,380.599/243.772/250.305/248.882/248.89/242.335/242.335/248.877/433.691/247.446/411.154/245.22/250.329/247.446/247.448/243.781/299.062/247.446/245.222/269.989/3925.04/4211.01/243.779/4183.35/0/0/0/0/0/0/0/0/0/0/0/0/0/0/0/0/0/0/0/0/0/0/0/0/1090.81/1063.15/1090.81/8220.67/1069.71/4266.3/4293.96/0/0/0/0/0/0/0/0/0/0/0/0/0/0/0/0/0,1-2:0.408365/1-3:0.397086/2-4:0.450525/3-6:0.452163/4-5:0.637084/5-8:0.467898/6-7:0.407456/7-12:0.453572/8-9:0.655776/9-10:0.552217/10-11:0.671921/11-14:0.498688/12-13:0.540348/13-15:0.638403/14-16:0.567771/15-18:0.50692/16-17:0.664508/17-21:0.612388/18-19:0.586373/19-20:0.670602/20-23:0.615116/21-22:0.582007/23-24:0.691522/50-53:0.799128/51-52:0.727816/52-55:0.788348/53-54:0.741823,1-2:-28.518/1-3:-33.879/2-4:-24.581/3-6:-37.794/4-5:-20.658/5-8:-16.677/6-7:-41.716/7-12:-45.606/8-9:-12.684/9-10:-8.7854/10-11:-4.8024/11-14:-0.84284/12-13:-49.598/13-15:-53.57/14-16:3.1199/15-18:-57.547/16-17:7.0712/17-21:11.053/18-19:-61.526/19-20:-65.478/20-23:-69.483/21-22:11.418/23-24:-73.425/50-53:-7.7602/51-52:-51.999/52-55:-54.368/53-54:-5.3196,6724,1.5785822980233692e-11,2.626562500000001e-11,-1.8093702936286383e-06,1.8193776078166348,0,0.0,17098,3.666669783922646e-11,6.678906250000002e-11,1.7128776454824368e-06,2.503291336137669e-07,7.071067811865475e-07,1.1861708053595177e-06,1,1,nan,0.1790381730154544,32,52/24/23/20/19/18/52/15/55/13/51/12/7/22/6/49/1/2/4/5/8/9/10/11/54/11/14/16/17/21/22/52,19,4487.5,1.0,,,1.5826576600969968e-09,5,24/3/3/1/1,1/3/3/3/3,2,2,0.634222/0/0.365778,0.907737,24/3/3/1/1,6174/3972/4153/367/8221,6008/3677/3830/1366/8401,707/707/707/751/6983,24/3/3/1/1,24/4/4/1/6,1,14539,20,407390731.74947906,327018292.6126751,1.245773526901745,1,-336079829.148531,-401898583.234443,-467121031.32573,1500302.552207,-335353.895132,-379197.948837,-412890824.471454,-312347.183925,6575,131615794.968758,86156066.991445,236546052.787655,247504886.341005,-207227069.130261,-253654541.812848,-0.004,0.1661,-0.0372,0.1091,0.0081,0.0667,0.2325,0.1491,0.0295,0.7091,0.7304,0.2733,1131,2359,12892,1382.5,751.3,342.7
1220,0.000224062651,8985.46,2.74672076250056e-08,1.1936645507812506e-16,5.633544921875003e-18,72,31,25,23,24/23/20/19/18/15/13/12/7/6/3/1/2/4/5/8/9/10/11/14/16/17/21/22/52,0,17,2,0.171143/0.11499/0.105469/0.158691/0.118896/0.102539/0.104248/0.161377/0.136963/0.165039/0.128662/0.116211/0.16748/0.132324/0.132324/0.171143/0.144287/0.133545/0.166748/0.155762/0.151123/0.232666/0.181152/0.213623/0/0/0/0/0/0/0/0/0/0/0/0/0/0/0/0/0/0/0/0/0/0/0/0/0.330811/0.265381/0.227539/0.492432/0.200439/0.273438/0.2771/0/0/0/0/0/0/0/0/0/0/0/0/0/0/0/0/0,380.599/243.772/250.305/248.882/248.89/242.335/242.335/248.877/433.691/247.446/411.154/245.22/250.329/247.446/247.448/243.781/299.062/247.446/245.222/269.989/3925.04/4216.12/243.779/4183.35/0/0/0/0/0/0/0/0/0/0/0/0/0/0/0/0/0/0/0/0/0/0/0/0/1090.81/1063.15/1090.81/8220.67/1069.71/4266.3/4293.96/0/0/0/0/0/0/0/0/0/0/0/0/0/0/0/0/0,,,6727,1.5792326675985415e-11,2.627734375000001e-11,-1.8099457372337998e-06,1.810170510134052,0,0.0,17174,3.685079958045298e-11,6.708593750000002e-11,1.7129449706370673e-06,2.503291336137669e-07,7.071067811865475e-07,1.1861708053595177e-06,1,1,nan,0.17580186814022633,32,52/24/23/20/19/18/52/15/55/13/51/12/7/22/6/49/1/2/4/5/8/9/10/11/54/11/14/16/17/21/22/52,19,4490.0,1.0,,,1.5934374058632206e-09,,,,,,,,,,,,,,1,14584,19,400026712.1715437,327063545.03631324,1.223085599855311,2,-336215534.006625,-402873963.153303,-467257915.553954,1156110.04326,-319633.122344,-376771.502159,-411943672.789307,-309629.566103,6685,132659230.061241,83276459.304057,238636120.75505,223266811.950661,-206791976.241719,-256526330.881912,-0.0141,0.1678,-0.0412,0.1023,0.0079,0.0656,0.2333,0.1405,0.0286,0.7142,0.7263,0.2747,1144,2357,12885,,,
1240,0.000224062651,9095.37,2.74672076250056e-08,1.1934106445312505e-16,5.658935546875003e-18,72,31,25,23,24/23/20/19/18/15/13/12/7/6/3/1/2/4/5/8/9/10/11/14/16/17/21/22/52,0,17,2,0.172852/0.116211/0.106201/0.159668/0.118408/0.102539/0.104492/0.161133/0.137207/0.164795/0.129395/0.116211/0.16748/0.132324/0.132324/0.171143/0.144531/0.133789/0.166504/0.156006/0.151367/0.234863/0.180664/0.214844/0/0/0/0/0/0/0/0/0/0/0/0/0/0/0/0/0/0/0/0/0/0/0/0/0.334229/0.267334/0.22876/0.499268/0.201172/0.274658/0.278564/0/0/0/0/0/0/0/0/0/0/0/0/0/0/0/0/0,380.599/243.772/250.305/250.325/248.89/242.335/242.335/248.877/433.691/247.446/411.154/245.22/250.329/247.446/247.448/243.781/299.062/260.551/245.222/269.989/3925.04/4216.12/243.779/4183.35/0/0/0/0/0/0/0/0/0/0/0/0/0/0/0/0/0/0/0/0/0/0/0/0/1090.81/1063.15/1090.81/8220.67/1069.71/4266.3/4293.96/0/0/0/0/0/0/0/0/0/0/0/0/0/0/0/0/0,,,6735,1.5807471722830976e-11,2.630859375000001e-11,-1.8096540775839862e-06,1.8148370645310687,0,0.0,17252,3.7019895925720645e-11,6.739062500000003e-11,1.7124763418086439e-06,2.6055147405663393e-07,7.071067811865475e-07,1.1861708053595177e-06,1,1,nan,0.17233570139591953,32,52/24/23/20/19/18/52/15/55/13/51/12/7/22/6/49/1/2/4/5/8/9/10/11/54/11/14/16/17/21/22/52,19,4490.6,1.0,,,1.6039228293806776e-09,,,,,,,,,,,,,,1,14618,20,392139655.55928165,326910466.6885923,1.1995322741771532,1,-334910827.850957,-402364804.029405,-467179312.586741,1151695.959198,-299434.91079,-375505.934541,-411580800.070371,-309832.693096,6719,132846514.748519,82974080.690257,246034648.772498,233172407.145,-205282587.189878,-256669052.582016,-0.0044,0.1602,-0.0426,0.1033,0.0078,0.0663,0.2219,0.1416,0.028,0.7166,0.7278,0.2773,1161,2381,12913,,,
1260,0.000234246553,9204.64,2.6690323071058325e-08,1.1930712890625006e-16,5.692871093750003e-18,72,31,25,23,24/23/20/19/18/15/13/12/7/6/3/1/2/4/5/8/9/10/11/14/16/17/21/22/52,0,17,2,0.174072/0.116699/0.107422/0.160645/0.118408/0.103027/0.10498/0.161377/0.137451/0.165527/0.129883/0.116455/0.167236/0.132324/0.133057/0.171143/0.14502/0.133789/0.166504/0.156494/0.151367/0.238037/0.18042/0.217041/0/0/0/0/0/0/0/0/0/0/0/0/0/0/0/0/0/0/0/0/0/0/0/0/0.338623/0.27002/0.229004/0.509033/0.200928/0.276855/0.280029/0/0/0/0/0/0/0/0/0/0/0/0/0/0/0/0/0,380.599/243.772/250.305/250.325/248.89/242.335/242.335/248.877/433.691/247.446/411.154/245.22/250.329/247.446/247.448/243.781/403.117/260.551/245.222/269.989/3925.04/4216.12/243.779/4183.35/0/0/0/0/0/0/0/0/0/0/0/0/0/0/0/0/0/0/0/0/0/0/0/0/1090.81/1063.15/1090.81/8220.67/1069.71/4266.3/4293.96/0/0/0/0/0/0/0/0/0/0/0/0/0/0/0/0/0,,,6740,1.581875086968794e-11,2.632812500000001e-11,-1.8103082880085456e-06,1.8043696977381192,0,0.0,17392,3.736472178162279e-11,6.793750000000003e-11,1.712127492337328e-06,2.6055147405663393e-07,7.071067811865475e-07,1.1984141848709587e-06,1,1,nan,0.1692594978939014,32,52/24/23/20/19/18/52/15/55/13/51/12/7/22/6/49/1/2/4/5/8/9/10/11/54/11/14/16/17/21/22/52,19,4492.4,1.0,,,1.6144571157584197e-09,,,,,,,,,,,,,,1,14670,23,396350339.79187316,336836395.9158773,1.1766850156265747,4,-337345508.213711,-402007527.299204,-467296145.933421,8527152.653347,-241690.87208,-347586.896382,-409830185.62136,-282255.950946,6823,141785160.315552,93726352.771762,250152296.621098,260874137.791672,-207395143.390703,-255314288.735364,0.0259,0.1669,-0.0252,0.0971,0.0079,0.0695,0.2329,0.133,0.0282,0.7118,0.7283,0.2793,1159,2396,12929,,,
1280,0.000234246553,9313.4,2.6690323071058325e-08,1.1927270507812506e-16,5.727294921875003e-18,72,31,25,23,24/23/20/19/18/15/13/12/7/6/3/1/2/4/5/8/9/10/11/14/16/17/21/22/52,0,17,2,0.175293/0.118164/0.108154/0.162354/0.118896/0.10376/0.105469/0.161865/0.137939/0.166016/0.130615/0.116943/0.167236/0.132324/0.133301/0.171387/0.145508/0.133545/0.16626/0.156982/0.151611/0.23999/0.181641/0.219238/0/0/0/0/0/0/0/0/0/0/0/0/0/0/0/0/0/0/0/0/0/0/0/0/0.341309/0.27124/0.229736/0.517822/0.201904/0.278076/0.282715/0/0/0/0/0/0/0/0/0/0/0/0/0/0/0/0/0,380.599/597.506/250.305/250.325/383.465/242.335/242.335/248.877/433.691/247.446/411.154/245.22/250.329/247.446/301.321/248.877/411.099/260.551/245.222/269.989/3925.04/4216.12/243.779/4183.35/0/0/0/0/0/0/0/0/0/0/0/0/0/0/0/0/0/0/0/0/0/0/0/0/1090.81/1063.15/1090.81/8220.67/1069.71/4266.3/4293.96/0/0/0/0/0/0/0/0/0/0/0/0/0/0/0/0/0,,,6748,1.583917125233689e-11,2.635937500000001e-11,-1.8091761523318648e-06,1.8224838685650107,0,0.0,17494,3.759376069660931e-11,6.833593750000003e-11,1.7123693769803369e-06,3.80598733293445e-07,7.071067811865479e-07,1.1984141848709587e-06,1,1,nan,0.17729869574524412,30,52/24/23/20/19/18/52/15/55/13/51/12/7/22/6/49/1/2/4/5/8/9/10/11/14/16/17/21/22/52,19,4494.0,1.0,,,1.625709295495008e-09,,,,,,,,,,,,,,1,14733,26,415175509.66228783,336733540.3900638,1.2329496764158354,1,-338189202.774206,-401449028.287472,-467350639.58844,7156183.084787,-238997.828094,-335089.683743,-409271990.45829,-282267.613494,6889,141021273.104852,94816873.699852,258425038.764583,252456340.005227,-208714862.350619,-254080795.845276,0.0256,0.1685,-0.0241,0.0984,0.0078,0.0677,0.2325,0.1344,0.0276,0.7196,0.7305,0.2808,1184,2423,12954,,,
1300,0.000234246553,9430.71,2.6690323071058325e-08,1.1923730468750006e-16,5.7626953125000025e-18,72,31,25,23,24/23/20/19/18/15/13/12/7/6/3/1/2/4/5/8/9/10/11/14/16/17/21/22/52,0,18,2,0.176758/0.118408/0.109131/0.162842/0.119141/0.10376/0.106201/0.161865/0.138428/0.166504/0.130615/0.117432/0.167725/0.132324/0.134033/0.171631/0.145996/0.134277/0.16626/0.157715/0.151855/0.24292/0.181885/0.22168/0/0/0/0/0/0/0/0/0/0/0/0/0/0/0/0/0/0/0/0/0/0/0/0/0.346924/0.273682/0.231934/0.523438/0.202881/0.279297/0.285156/0/0/0/0/0/0/0/0/0/0/0/0/0/0/0/0/0,380.599/597.506/277.956/250.325/383.465/242.335/242.335/248.877/433.691/247.446/411.154/245.22/250.329/247.446/392.277/248.877/438.767/260.551/245.222/269.989/3925.04/4216.12/243.779/4183.35/0/0/0/0/0/0/0/0/0/0/0/0/0/0/0/0/0/0/0/0/0/0/0/0/1090.81/1063.15/1090.81/8220.67/1069.71/4266.3/4293.96/0/0/0/0/0/0/0/0/0/0/0/0/0/0/0/0/0,1-2:0.41314/1-3:0.409684/2-4:0.453981/3-6:0.455619/4-5:0.640131/5-8:0.469626/6-7:0.409184/7-12:0.460485/8-9:0.655776/9-10:0.560039/10-11:0.673649/11-14:0.498688/12-13:0.554674/13-15:0.634946/14-16:0.567771/15-18:0.511695/16-17:0.667964/17-21:0.612388/18-19:0.584645/19-20:0.673649/20-23:0.62121/21-22:0.591558/23-24:0.702392/50-53:0.802585/51-52:0.724769/52-55:0.788348/53-54:0.740095,1-2:-28.515/1-3:-33.887/2-4:-24.581/3-6:-37.793/4-5:-20.647/5-8:-16.677/6-7:-41.717/7-12:-45.612/8-9:-12.684/9-10:-8.7854/10-11:-4.8017/11-14:-0.84284/12-13:-49.596/13-15:-53.571/14-16:3.1199/15-18:-57.547/16-17:7.0766/17-21:11.053/18-19:-61.526/19-20:-65.478/20-23:-69.481/21-22:11.445/23-24:-73.421/50-53:-7.7206/51-52:-51.999/52-55:-54.373/53-54:-5.3754,6764,1.587869318368395e-11,2.642187500000001e-11,-1.8101583201713756e-06,1.806769183132839,0,0.0,17612,3.786891468980568e-11,6.879687500000002e-11,1.7124974577715423e-06,3.834652604135959e-07,7.071067811865479e-07,1.1984141848709587e-06,1,1,nan,0.16999741362816348,32,52/24/23/20/19/18/52/15/55/13/51/12/7/22/6/49/1/2/4/5/8/9/10/11/54/11/14/16/17/21/22/52,19,4496.9,1.0,,,1.6374369412677212e-09,5,24/3/3/1/1,1/3/3/3/3,2,2,0.628072/0/0.371928,0.907062,24/3/3/1/1,6179/3972/4180/410/8221,6008/3677/3836/1395/8401,751/751/707/840/6983,24/3/3/1/1,25/4/4/1/6,1,14789,27,398078296.89709795,336684124.20365286,1.182349473230015,1,-338807322.349856,-401767739.870453,-467427434.192845,6420020.362443,-239702.997332,-333268.689207,-407122446.298366,-274168.99552,7008,143242160.775964,90356741.223801,235633646.82901,261110088.327512,-206767911.09868,-258174954.319018,0.0162,0.1705,-0.0258,0.095,0.0076,0.0694,0.232,0.1302,0.0268,0.7302,0.7284,0.281,1197,2437,12954,1394.7,795.5,344.9
1320,0.000234246553,9560.37,2.6690323071058325e-08,1.1920385742187505e-16,5.796142578125003e-18,72,31,25,23,24/23/20/19/18/15/13/12/7/6/3/1/2/4/5/8/9/10/11/14/16/17/21/22/52,0,17,2,0.177734/0.120117/0.109619/0.16333/0.119385/0.10376/0.106689/0.162109/0.139404/0.166748/0.130615/0.117432/0.16748/0.132324/0.134277/0.172363/0.146484/0.134277/0.166992/0.157959/0.151855/0.245605/0.182617/0.223145/0/0/0/0/0/0/0/0/0/0/0/0/0/0/0/0/0/0/0/0/0/0/0/0/0.351807/0.276855/0.23291/0.532227/0.203369/0.280518/0.286133/0/0/0/0/0/0/0/0/0/0/0/0/0/0/0/0/0,380.599/618.607/277.956/250.325/383.465/242.335/242.335/248.877/461.345/247.446/411.154/245.22/250.329/247.446/392.277/248.877/438.767/260.551/245.222/269.989/3925.04/4216.12/243.779/4183.35/0/0/0/0/0/0/0/0/0/0/0/0/0/0/0/0/0/0/0/0/0/0/0/0/1090.81/1063.15/1090.81/8220.67/1069.71/4266.3/4293.96/0/0/0/0/0/0/0/0/0/0/0/0/0/0/0/0/0,,,6774,1.590520759566613e-11,2.646093750000001e-11,-1.8095130674844589e-06,1.8170932261235062,0,0.0,17734,3.8150979871527964e-11,6.927343750000003e-11,1.7127832024071433e-06,3.834652604135959e-07,7.071067811865479e-07,1.1984141848709587e-06,1,1,nan,0.16984845258024386,32,52/24/23/20/19/18/52/15/55/13/51/12/7/22/6/49/1/2/4/5/8/9/10/11/54/11/14/16/17/21/22/52,19,4498.0,1.0,,,1.6480843959908031e-09,,,,,,,,,,,,,,1,14838,30,397729478.8827865,336450864.43846816,1.1821324327598073,1,-340001781.594087,-399507052.368947,-467271899.16002,4863744.260103,-233571.940978,-329707.325461,-405787986.313383,-268612.192135,7116,141701240.897753,92476767.770307,232222877.358909,269971889.636949,-208757770.735215,-257758097.346315,0.0092,0.1627,-0.0227,0.0968,0.0077,0.0696,0.2226,0.1322,0.0268,0.7257,0.7302,0.2835,1181,2454,12982,,,
1340,0.000234246553,9652.77,2.6690323071058325e-08,1.1917089843750006e-16,5.829101562500003e-18,72,31,25,23,24/23/20/19/18/15/13/12/7/6/3/1/2/4/5/8/9/10/11/14/16/17/21/22/52,0,17,2,0.179199/0.121338/0.109619/0.16333/0.119385/0.10376/0.106934/0.162598/0.139404/0.166992/0.130615/0.117432/0.167725/0.132324/0.134277/0.172363/0.146973/0.134277/0.16748/0.157959/0.1521/0.248047/0.182129/0.225586/0/0/0/0/0/0/0/0/0/0/0/0/0/0/0/0/0/0/0/0/0/0/0/0/0.35791/0.279541/0.234375/0.54248/0.203125/0.282471/0.287354/0/0/0/0/0/0/0/0/0/0/0/0/0/0/0/0/0,380.599/618.607/277.956/250.325/383.465/242.335/242.335/248.877/461.345/247.446/411.154/245.22/250.329/247.446/392.277/248.877/438.767/260.551/245.222/269.989/3925.04/4216.12/243.779/4183.35/0/0/0/0/0/0/0/0/0/0/0/0/0/0/0/0/0/0/0/0/0/0/0/0/1090.81/1063.15/1090.81/8220.67/1069.71/4266.3/4293.96/0/0/0/0/0/0/0/0/0/0/0/0/0/0/0/0/0,,,6777,1.5910392585328433e-11,2.647265625000001e-11,-1.8093678145378578e-06,1.8194172732691234,0,0.0,17844,3.841494506400845e-11,6.970312500000003e-11,1.7131558256157094e-06,3.834652604135959e-07,7.071067811865479e-07,1.1984141848709587e-06,1,1,nan,0.17004956959032091,32,52/24/23/20/19/18/52/15/55/13/51/12/7/22/6/49/1/2/4/5/8/9/10/11/54/11/14/16/17/21/22/52,19,4500.9,1.0,,,1.6585059789358975e-09,,,,,,,,,,,,,,1,14877,29,398200429.0880857,336252409.7230386,1.1842307075689715,1,-339848228.888223,-399052523.403457,-467237046.587404,5965217.589183,-234146.559991,-330457.962729,-404693434.0788,-263070.699693,7222,144897136.152073,91852045.711354,261746709.318768,271090511.039308,-204555798.433334,-257504379.250216,0.0088,0.1609,-0.0265,0.0929,0.0075,0.0708,0.219,0.1268,0.0261,0.7298,0.7305,0.2849,1199,2456,12988,,,
