step,t_s,wall_s,dt,V0,Vt,M,nreg_used,nslab_n,nf3_col,runs,ncomp_min,ncomp_max,ncompbig_max,vols,ths,f3_pairs,f3_pairs_pos,nf3,f3_area_m2,f3_area_stair,f3_pos_m,f3_pos_dx,nf2,f2_area_m2,nf1,f1_area_m2,f1_area_stair,f3_std_m,n_lath,w_lath,a_lath,box_touch,finite,psi_mean,cfl_used,nslab_n1,runs1,nf3_col1,r_col_nm,col_cover_min,nslab_nu,nslab_nu1,E_el_J,nblk_sig,blk_laths,blk_vars,n_var_sig,n_habit,f_var,r_selfac,blk_nlath,blk_span_nm,blk_alen_nm,blk_wlen_nm,blk_nprof,blk_nruns,box_touch_core,core_vox,ncomp_all,dG_max_Jm3,dG_p999,dG_ratio,dG_near_max,ed_tip,ed_side,ed_wide,dG_tip,dG_side,dG_wide,ed_obl,dG_obl,n_obl,dG_tip_p90,dG_side_p90,dG_tip_max,dG_side_max,ed_tip_p90,ed_side_p90,v_tip_nsgn,v_tip_nabs,v_side_nsgn,v_side_nabs,v_wide_nabs,v_obl_nabs,v_tip_f1,v_side_f1,v_wide_f1,f1_tip,f1_side,f1_wide,n_tip,n_side,n_wide,tip_sep_nm,side_sep_nm,wide_sep_nm
0,0.0,21.92,7.638473182236092e-08,9.997504882812504e-16,2.495117187500001e-19,72,1,1,0,1,0,1,1,0.249512/0/0/0/0/0/0/0/0/0/0/0/0/0/0/0/0/0/0/0/0/0/0/0/0/0/0/0/0/0/0/0/0/0/0/0/0/0/0/0/0/0/0/0/0/0/0/0/0/0/0/0/0/0/0/0/0/0/0/0/0/0/0/0/0/0/0/0/0/0/0/0,507.199/0/0/0/0/0/0/0/0/0/0/0/0/0/0/0/0/0/0/0/0/0/0/0/0/0/0/0/0/0/0/0/0/0/0/0/0/0/0/0/0/0/0/0/0/0/0/0/0/0/0/0/0/0/0/0/0/0/0/0/0/0/0/0/0/0/0/0/0/0/0/0,,,0,0.0,0.0,nan,nan,0,0.0,940,1.95694010763834e-12,3.671875000000001e-12,nan,5.071986094432832e-07,4.4194173824159365e-07,1.0429536464041031e-06,0,1,nan,nan,1,1,0,597.6,1.0,1,1,0.0,1,1,1,1,1,1/0,1.0,1,507,1043,442,1,1,0,1022,1,nan,nan,nan,-1,,,,,,,,,,,,,,,,,,,,,,,,,,,,0,0,0,1075.7,530.3,559.6
20,-0.0,376.35,7.638473182236092e-08,9.993937988281254e-16,6.062011718750003e-19,72,3,3,2,3/1/2,0,6,1,0.172119/0.218018/0.216064/0/0/0/0/0/0/0/0/0/0/0/0/0/0/0/0/0/0/0/0/0/0/0/0/0/0/0/0/0/0/0/0/0/0/0/0/0/0/0/0/0/0/0/0/0/0/0/0/0/0/0/0/0/0/0/0/0/0/0/0/0/0/0/0/0/0/0/0/0,380.599/310.744/310.744/0/0/0/0/0/0/0/0/0/0/0/0/0/0/0/0/0/0/0/0/0/0/0/0/0/0/0/0/0/0/0/0/0/0/0/0/0/0/0/0/0/0/0/0/0/0/0/0/0/0/0/0/0/0/0/0/0/0/0/0/0/0/0/0/0/0/0/0/0,,,406,9.522595861670566e-13,1.5859375000000006e-12,-3.875721336063858e-06,0.0,0,0.0,2058,4.429884805198636e-12,8.039062500000004e-12,1.947902136945634e-07,3.1074413252261747e-07,6.187184335382301e-07,1.1861708053595177e-06,0,1,nan,0.4851862734665826,3,3/1/2,2,727.5,1.0,,,1.261842842239992e-10,,,,,,,,,,,,,,0,2474,10,396992191.60947955,133565098.20321794,2.9722749202449577,2,-325678764.388622,-361315625.99734,-405984011.533426,-181223922.754173,-234639538.010874,-610952.004761,-344213579.3071,-153107002.814695,714,-227288.540117,-123969167.305255,-83997.571929,-127138.823154,-251403343.636705,-274136335.954915,-9.2071,9.2071,-1.635,1.635,0.014,1.0836,10.7705,1.7611,0.031,0.8547,0.9279,0.452,117,402,1270,,,
40,-0.0,640.33,7.638473182236092e-08,9.994560546875004e-16,5.439453125000003e-19,72,3,3,2,3/1/2,0,7,1,0.163818/0.189209/0.190918/0/0/0/0/0/0/0/0/0/0/0/0/0/0/0/0/0/0/0/0/0/0/0/0/0/0/0/0/0/0/0/0/0/0/0/0/0/0/0/0/0/0/0/0/0/0/0/0/0/0/0/0/0/0/0/0/0/0/0/0/0/0/0/0/0/0/0/0/0,380.599/310.742/310.742/0/0/0/0/0/0/0/0/0/0/0/0/0/0/0/0/0/0/0/0/0/0/0/0/0/0/0/0/0/0/0/0/0/0/0/0/0/0/0/0/0/0/0/0/0/0/0/0/0/0/0/0/0/0/0/0/0/0/0/0/0/0/0/0/0/0/0/0/0,,,374,8.916786316162305e-13,1.4609375000000006e-12,-3.877954869073737e-06,-0.035736528158065536,0,0.0,1880,3.99300641648463e-12,7.343750000000002e-12,1.94209407553937e-07,3.107420867397374e-07,6.187184335382301e-07,1.171863254388549e-06,0,1,nan,0.47750631291423606,3,3/1/2,2,675.3,1.0,,,1.1922141785444494e-10,,,,,,,,,,,,,,0,2220,9,390708245.55023384,133031438.72157858,2.9369617385552513,2,-365784119.980302,-327940941.59119,-408211065.102954,-179497397.562158,-187948173.109017,-539643.39854,-349556885.947892,-141787630.961084,599,-231070.859034,-428203.51149,-61106.896708,-122389.650795,-253443244.839921,-249809743.585321,-8.6248,8.6248,-1.472,1.472,0.0136,0.8379,11.4551,1.6387,0.0311,0.7527,0.8974,0.4363,93,380,1162,,,
60,-0.0,931.73,7.638473182236092e-08,9.994916992187505e-16,5.083007812500003e-19,72,3,3,2,3/1/2,0,1,1,0.162354/0.172852/0.173096/0/0/0/0/0/0/0/0/0/0/0/0/0/0/0/0/0/0/0/0/0/0/0/0/0/0/0/0/0/0/0/0/0/0/0/0/0/0/0/0/0/0/0/0/0/0/0/0/0/0/0/0/0/0/0/0/0/0/0/0/0/0/0/0/0/0/0/0/0,380.599/305.633/305.633/0/0/0/0/0/0/0/0/0/0/0/0/0/0/0/0/0/0/0/0/0/0/0/0/0/0/0/0/0/0/0/0/0/0/0/0/0/0/0/0/0/0/0/0/0/0/0/0/0/0/0/0/0/0/0/0/0/0/0/0/0/0/0/0/0/0/0/0/0,,,367,8.756241615154558e-13,1.4335937500000005e-12,-3.877466061246949e-06,-0.027915602929457543,0,0.0,1718,3.65763208613319e-12,6.710937500000003e-12,1.938347557485533e-07,3.056329623011829e-07,6.187184335382292e-07,1.0777612627246244e-06,0,1,nan,0.4742498753217473,3,3/1/2,2,653.6,1.0,,,1.1396707270369874e-10,,,,,,,,,,,,,,0,2082,1,388043742.51834697,132810314.76895893,2.921789193809233,2,-343748914.527144,-348856758.905166,-416307041.864261,-143586525.37823,-192456092.255697,-491812.75931,-349708057.977328,-131654508.474617,606,-178019.79938,-378618.707347,-26496.387364,-127159.0281,-247479219.129954,-234146382.766811,-6.555,6.555,-1.417,1.417,0.0133,0.8665,8.8358,1.5939,0.0317,0.7416,0.888,0.418,89,357,1036,,,
80,-0.0,1205.41,7.638473182236092e-08,9.995178222656254e-16,4.821777343750002e-19,72,3,3,2,3/1/2,0,1,1,0.160889/0.15918/0.162109/0/0/0/0/0/0/0/0/0/0/0/0/0/0/0/0/0/0/0/0/0/0/0/0/0/0/0/0/0/0/0/0/0/0/0/0/0/0/0/0/0/0/0/0/0/0/0/0/0/0/0/0/0/0/0/0/0/0/0/0/0/0/0/0/0/0/0/0/0,380.599/305.633/305.633/0/0/0/0/0/0/0/0/0/0/0/0/0/0/0/0/0/0/0/0/0/0/0/0/0/0/0/0/0/0/0/0/0/0/0/0/0/0/0/0/0/0/0/0/0/0/0/0/0/0/0/0/0/0/0/0/0/0/0/0/0/0/0/0/0/0/0/0/0,,,355,8.443342984280348e-13,1.3867187500000005e-12,-3.877610959987712e-06,-0.030233982781661447,0,0.0,1690,3.5881391256495605e-12,6.601562500000002e-12,1.9303319991036262e-07,3.056329623011829e-07,6.187184335382292e-07,1.047081989323159e-06,0,1,nan,0.4769377753519615,3,3/1/2,2,640.5,1.0,,,1.0946014734896933e-10,,,,,,,,,,,,,,0,1975,1,390243053.13815874,132646495.276019,2.941977866253586,2,-370460254.37121,-330702530.939468,-427570868.444965,-133647548.811729,-181084790.375847,-463368.427881,-338074465.688114,-134442976.64859,609,-174758.093672,-274695.160263,57876.989383,-120328.434181,-239765954.598645,-221397468.019565,-7.8562,7.8564,-1.2743,1.2743,0.0129,0.7654,11.5576,1.4669,0.032,0.6795,0.8674,0.4019,78,347,948,,,
100,-0.0,1474.62,7.638473182236092e-08,9.995517578125005e-16,4.482421875000002e-19,72,3,3,2,3/1/2,0,2,1,0.158691/0.144531/0.14502/0/0/0/0/0/0/0/0/0/0/0/0/0/0/0/0/0/0/0/0/0/0/0/0/0/0/0/0/0/0/0/0/0/0/0/0/0/0/0/0/0/0/0/0/0/0/0/0/0/0/0/0/0/0/0/0/0/0/0/0/0/0/0/0/0/0/0/0/0,380.599/305.633/305.633/0/0/0/0/0/0/0/0/0/0/0/0/0/0/0/0/0/0/0/0/0/0/0/0/0/0/0/0/0/0/0/0/0/0/0/0/0/0/0/0/0/0/0/0/0/0/0/0/0/0/0/0/0/0/0/0/0/0/0/0/0/0/0/0/0/0/0/0/0,1-2:0.405408/1-3:0.39322,1-2:-59.72/1-3:-65.073,340,7.986281194680961e-13,1.3281250000000005e-12,-3.870886790628454e-06,0.0773527269664698,0,0.0,1656,3.5425643342261963e-12,6.468750000000003e-12,1.9125966704429187e-07,3.056329623011829e-07,5.30330085889911e-07,1.030710266892662e-06,0,1,nan,0.4797330963000545,3,3/1/2,2,592.1,1.0,,,1.0584805084449078e-10,1,3,1,1,1,1/0,1.0,3,995,1053,530,3,3,0,1836,1,392530258.3830774,132540844.38366358,2.961579581059761,2,-387988000.196087,-345383819.894666,-427398945.023917,-127082701.655744,-175905526.203071,-429824.345741,-331654950.157802,-131235280.727887,577,-209319.904326,-234255.547637,-97719.095163,-117818.041517,-232633631.605876,-240533166.207009,-9.4863,9.4863,-1.2394,1.2394,0.013,0.7848,14.2228,1.5118,0.0336,0.6667,0.8182,0.3844,51,330,882,1387.6,795.5,396.6
120,1.0184666e-05,1826.25,7.066431797835207e-08,9.990397949218756e-16,9.602050781250005e-19,72,6,6,5,6/3/1/2/4/5,0,7,1,0.157715/0.101563/0.098877/0.169434/0.22168/0.210938/0/0/0/0/0/0/0/0/0/0/0/0/0/0/0/0/0/0/0/0/0/0/0/0/0/0/0/0/0/0/0/0/0/0/0/0/0/0/0/0/0/0/0/0/0/0/0/0/0/0/0/0/0/0/0/0/0/0/0/0/0/0/0/0/0/0,382.04/242.333/242.331/247.444/310.746/310.746/0/0/0/0/0/0/0/0/0/0/0/0/0/0/0/0/0/0/0/0/0/0/0/0/0/0/0/0/0/0/0/0/0/0/0/0/0/0/0/0/0/0/0/0/0/0/0/0/0/0/0/0/0/0/0/0/0/0/0/0/0/0/0/0/0/0,,,1039,2.435315815748829e-12,4.058593750000002e-12,-3.6793829387408616e-06,3.141414357167944,0,0.0,2936,6.2005434519813986e-12,1.1468750000000004e-11,4.268499852347712e-07,2.7909518637659647e-07,5.745242597140706e-07,1.1227480870970589e-06,0,1,nan,0.44692613065936576,6,6/3/1/2/4/5,5,778.1,1.0,,,2.543188374114982e-10,,,,,,,,,,,,,,0,3931,3,395289786.4912185,141137956.70662782,2.8007333797022143,4,-384256158.660356,-402812142.744157,-435289302.15386,-148161861.772904,-248345274.973704,-549035.141997,-406431505.636218,-122900309.703777,1089,-205774.854139,-351589.9166,157322.293795,324726.316124,-241674129.216485,-309096192.86703,-6.9585,6.9587,-1.4571,1.4572,0.0101,0.8293,10.724,1.7215,0.0319,0.6481,0.8452,0.3171,162,478,2220,,,
140,1.0184666e-05,2142.98,7.066431797835207e-08,9.990932617187505e-16,9.067382812500004e-19,72,6,6,5,6/3/1/2/4/5,0,7,1,0.15625/0.101318/0.0944824/0.165771/0.206299/0.182617/0/0/0/0/0/0/0/0/0/0/0/0/0/0/0/0/0/0/0/0/0/0/0/0/0/0/0/0/0/0/0/0/0/0/0/0/0/0/0/0/0/0/0/0/0/0/0/0/0/0/0/0/0/0/0/0/0/0/0/0/0/0/0/0/0/0,382.04/242.333/242.331/247.444/310.746/310.744/0/0/0/0/0/0/0/0/0/0/0/0/0/0/0/0/0/0/0/0/0/0/0/0/0/0/0/0/0/0/0/0/0/0/0/0/0/0/0/0/0/0/0/0/0/0/0/0/0/0/0/0/0/0/0/0/0/0/0/0/0/0/0/0/0/0,,,1002,2.352905682041409e-12,3.914062500000002e-12,-3.6708161992307573e-06,3.2784821893296137,0,0.0,2830,5.9672297377563675e-12,1.1054687500000005e-11,4.2232062384356093e-07,2.790941634851573e-07,5.745242597140706e-07,1.0931008994253572e-06,0,1,nan,0.45115967399011153,6,6/3/1/2/4/5,5,747.9,1.0,,,2.427100666730631e-10,,,,,,,,,,,,,,0,3710,5,399034200.4435709,141000478.3805729,2.8300201887722816,2,-398544905.770126,-382391774.220922,-440200903.125589,-150304073.799347,-195045381.822742,-547693.171807,-410797696.973063,-121076727.908398,1144,-119631.261839,-247666.952311,684976.810857,290414.970648,-308823609.528133,-279182467.701961,-6.6217,6.623,-1.2148,1.215,0.0097,0.6679,11.5091,1.5414,0.0331,0.5748,0.7855,0.2933,127,415,2042,,,
160,1.0184666e-05,2485.38,7.066431797835207e-08,9.991342773437505e-16,8.657226562500004e-19,72,6,6,5,6/3/1/2/4/5,0,7,1,0.155273/0.098877/0.0917969/0.162109/0.193848/0.163818/0/0/0/0/0/0/0/0/0/0/0/0/0/0/0/0/0/0/0/0/0/0/0/0/0/0/0/0/0/0/0/0/0/0/0/0/0/0/0/0/0/0/0/0/0/0/0/0/0/0/0/0/0/0/0/0/0/0/0/0/0/0/0/0/0/0,383.482/242.333/242.331/247.444/310.746/310.744/0/0/0/0/0/0/0/0/0/0/0/0/0/0/0/0/0/0/0/0/0/0/0/0/0/0/0/0/0/0/0/0/0/0/0/0/0/0/0/0/0/0/0/0/0/0/0/0/0/0/0/0/0/0/0/0/0/0/0/0/0/0/0/0/0/0,,,979,2.299966820633844e-12,3.824218750000002e-12,-3.6726638441698574e-06,3.2489198703040123,0,0.0,2796,5.932205362216923e-12,1.0921875000000004e-11,4.2222947754004025e-07,2.790941634851573e-07,5.745242597140701e-07,1.031742352622426e-06,0,1,nan,0.4558639833158475,6,6/3/1/2/4/5,5,748.9,1.0,,,2.3528641107272386e-10,,,,,,,,,,,,,,0,3546,1,403194989.66888505,140914189.18058366,2.8612802728629734,2,-408887977.322686,-386994933.44885,-444080406.197457,-58448488.184276,-184940084.653385,-505145.647164,-403962497.35323,-109630530.362667,1124,34230.373512,-239171.875705,568315.798911,339340.000091,-275821655.839845,-255428620.204196,-5.356,5.358,-1.1043,1.1046,0.0095,0.6291,10.6128,1.4497,0.0354,0.5041,0.7589,0.2667,123,394,1912,,,
180,1.0184666e-05,2790.82,7.066431797835207e-08,9.991691894531255e-16,8.308105468750004e-19,72,6,6,5,6/3/1/2/4/5,0,10,1,0.154297/0.0976563/0.0900879/0.160889/0.179688/0.148193/0/0/0/0/0/0/0/0/0/0/0/0/0/0/0/0/0/0/0/0/0/0/0/0/0/0/0/0/0/0/0/0/0/0/0/0/0/0/0/0/0/0/0/0/0/0/0/0/0/0/0/0/0/0/0/0/0/0/0/0/0/0/0/0/0/0,383.482/242.333/242.331/247.444/305.635/304.194/0/0/0/0/0/0/0/0/0/0/0/0/0/0/0/0/0/0/0/0/0/0/0/0/0/0/0/0/0/0/0/0/0/0/0/0/0/0/0/0/0/0/0/0/0/0/0/0/0/0/0/0/0/0/0/0/0/0/0/0/0/0/0/0/0/0,,,971,2.2795466937077522e-12,3.792968750000002e-12,-3.6776604063985206e-06,3.168974874645399,0,0.0,2736,5.820594099602891e-12,1.0687500000000003e-11,4.2179796089430113e-07,2.758188779200829e-07,5.745242597140701e-07,1.0153706301919292e-06,0,1,nan,0.45826017858691653,6,6/3/1/2/4/5,5,751.0,1.0,,,2.3005031014940428e-10,,,,,,,,,,,,,,0,3401,3,405314336.5857788,140879336.6415371,2.8770318362379004,2,-406706610.727039,-378778295.641242,-447135307.566569,-665385.369405,-166126953.026063,-500775.406855,-403543103.327324,-111347444.137738,1113,-4184.298468,-227724.763177,761883.680622,434373.542148,-280368863.748122,-232987565.898466,-4.7584,4.7608,-1.031,1.0314,0.009,0.5209,10.1196,1.3742,0.0361,0.4696,0.7472,0.247,115,360,1822,,,
200,1.0184666e-05,3093.19,7.066431797835207e-08,9.991950683593755e-16,8.049316406250003e-19,72,6,6,5,6/3/1/2/4/5,0,9,1,0.153809/0.097168/0.0895996/0.158936/0.168457/0.136963/0/0/0/0/0/0/0/0/0/0/0/0/0/0/0/0/0/0/0/0/0/0/0/0/0/0/0/0/0/0/0/0/0/0/0/0/0/0/0/0/0/0/0/0/0/0/0/0/0/0/0/0/0/0/0/0/0/0/0/0/0/0/0/0/0/0,383.482/242.331/243.77/247.444/305.635/304.192/0/0/0/0/0/0/0/0/0/0/0/0/0/0/0/0/0/0/0/0/0/0/0/0/0/0/0/0/0/0/0/0/0/0/0/0/0/0/0/0/0/0/0/0/0/0/0/0/0/0/0/0/0/0/0/0/0/0/0/0/0/0/0/0/0/0,1-2:0.389763/1-3:0.374528/2-4:0.417187/3-6:0.40359/4-5:0.661461,1-2:-59.708/1-3:-65.088/2-4:-55.814/3-6:-69.012/4-5:-51.853,958,2.2465285859738495e-12,3.742187500000002e-12,-3.6752098641460126e-06,3.2081835506855287,0,0.0,2722,5.799035575285262e-12,1.0632812500000004e-11,4.211482353719486e-07,2.758178550286429e-07,5.30330085889911e-07,9.785696670347428e-07,0,1,nan,0.45949704241366,6,6/3/1/2/4/5,5,751.7,1.0,,,2.2582440197375449e-10,1,6,1,1,1,1/0,1.0,6,1730,1245,619,6,6,0,3296,2,406408297.3198956,140867728.08869472,2.885034797068696,2,-415427887.109001,-386858630.571788,-448327552.168901,-708582.377386,-173327127.658874,-503460.688527,-402521389.447722,-103436371.445431,1098,83114.002957,-218597.674225,833023.238209,453211.029895,-312745213.889095,-251810014.108382,-5.4127,5.4157,-1.0518,1.0526,0.0093,0.475,11.6148,1.4557,0.0375,0.4655,0.7197,0.2469,116,314,1774,1366.6,795.5,385.7
220,2.0369332e-05,3457.56,6.574100727035609e-08,9.986699218750004e-16,1.3300781250000006e-18,72,9,9,8,7/6/3/1/2/4/5/8/9,0,17,1,0.154297/0.0966797/0.088623/0.157959/0.122314/0.0969238/0.211182/0.174561/0.227539/0/0/0/0/0/0/0/0/0/0/0/0/0/0/0/0/0/0/0/0/0/0/0/0/0/0/0/0/0/0/0/0/0/0/0/0/0/0/0/0/0/0/0/0/0/0/0/0/0/0/0/0/0/0/0/0/0/0/0/0/0/0/0,383.482/242.331/243.77/247.444/242.337/240.892/310.744/247.446/310.748/0/0/0/0/0/0/0/0/0/0/0/0/0/0/0/0/0/0/0/0/0/0/0/0/0/0/0/0/0/0/0/0/0/0/0/0/0/0/0/0/0/0/0/0/0/0/0/0/0/0/0/0/0/0/0/0/0/0/0/0/0/0/0,,,1675,3.916963760268679e-12,6.542968750000003e-12,-3.513305149777098e-06,5.798658980588162,0,0.0,4024,8.505587769761284e-12,1.5718750000000007e-11,6.376596375712734e-07,2.474441944476971e-07,6.187184335382284e-07,1.1105047075856187e-06,0,1,nan,0.4095452059608065,9,7/6/3/1/2/4/5/8/9,8,841.8,1.0,,,3.77382202712662e-10,,,,,,,,,,,,,,0,5448,1,389354779.23673993,148047372.57106286,2.629933733203197,2,-389623825.008913,-416517898.489006,-451817319.023912,-129197381.087155,-230543358.026075,-541806.511644,-424717232.65325,-49257549.004714,1558,-92677.014168,-235282.082452,1101437.711541,1124771.597986,-270628066.750588,-308953525.385316,-5.3262,5.3282,-1.1682,1.1693,0.0082,0.525,8.8437,1.5455,0.0317,0.6019,0.7538,0.2566,216,528,3153,,,
240,2.0369332e-05,3786.47,6.574100727035609e-08,9.987265625000004e-16,1.2734375000000007e-18,72,9,9,8,7/6/3/1/2/4/5/8/9,0,14,1,0.154297/0.0964355/0.0883789/0.156982/0.117676/0.0895996/0.188965/0.168457/0.212646/0/0/0/0/0/0/0/0/0/0/0/0/0/0/0/0/0/0/0/0/0/0/0/0/0/0/0/0/0/0/0/0/0/0/0/0/0/0/0/0/0/0/0/0/0/0/0/0/0/0/0/0/0/0/0/0/0/0/0/0/0/0/0,383.482/242.331/243.77/247.444/242.337/240.892/310.744/247.446/310.744/0/0/0/0/0/0/0/0/0/0/0/0/0/0/0/0/0/0/0/0/0/0/0/0/0/0/0/0/0/0/0/0/0/0/0/0/0/0/0/0/0/0/0/0/0/0/0/0/0/0/0/0/0/0/0/0/0/0/0/0/0/0/0,,,1641,3.839738360500705e-12,6.4101562500000025e-12,-3.4999869411461203e-06,6.011750318683805,0,0.0,3966,8.405346000145301e-12,1.5492187500000005e-11,6.286517153948975e-07,2.474441944476971e-07,6.187184335382284e-07,1.1105047075856187e-06,0,1,nan,0.4113134085799461,9,7/6/3/1/2/4/5/8/9,8,779.5,1.0,,,3.656309401113058e-10,,,,,,,,,,,,,,0,5215,2,391035810.1227096,147940243.12624034,2.6432010780800934,2,-413568540.01017,-396795832.000725,-454046699.388642,-629474.859004,-185437492.594964,-539447.492645,-421127666.287367,-1143181.559903,1561,-82323.271576,-222300.723447,1042264.813716,1094653.634827,-290711030.558957,-284908385.623179,-4.4535,4.4556,-1.0291,1.0303,0.0078,0.4847,9.3123,1.4168,0.032,0.4778,0.7237,0.2428,180,456,3023,,,
260,2.0369332e-05,4138.32,6.574100727035609e-08,9.987590332031254e-16,1.2409667968750006e-18,72,9,9,8,7/6/3/1/2/4/5/8/9,0,14,1,0.153564/0.0964355/0.0883789/0.156738/0.116943/0.090332/0.168701/0.166504/0.203369/0/0/0/0/0/0/0/0/0/0/0/0/0/0/0/0/0/0/0/0/0/0/0/0/0/0/0/0/0/0/0/0/0/0/0/0/0/0/0/0/0/0/0/0/0/0/0/0/0/0/0/0/0/0/0/0/0/0/0/0/0/0/0,383.482/242.331/245.206/247.444/242.337/240.892/310.744/247.446/307.079/0/0/0/0/0/0/0/0/0/0/0/0/0/0/0/0/0/0/0/0/0/0/0/0/0/0/0/0/0/0/0/0/0/0/0/0/0/0/0/0/0/0/0/0/0/0/0/0/0/0/0/0/0/0/0/0/0/0/0/0/0/0/0,,,1634,3.825002724350777e-12,6.382812500000002e-12,-3.4990709306565495e-06,6.026406486516937,0,0.0,3890,8.226518827553577e-12,1.5195312500000005e-11,6.279164275524621e-07,2.474441944476971e-07,5.74524259714071e-07,1.1105047075856187e-06,0,1,nan,0.4134201558828632,9,7/6/3/1/2/4/5/8/9,8,776.4,1.0,,,3.5743222841348995e-10,,,,,,,,,,,,,,0,5082,2,393038695.5651371,147880193.19777882,2.6578183803119386,2,-413101325.534363,-399474845.274519,-454999647.368946,-616833.896128,-166687981.393357,-529387.812412,-424451981.465187,-1021335.936243,1499,-76079.665798,-223941.233713,1034732.421505,871968.719959,-291720785.014287,-264994549.674692,-4.5108,4.5131,-0.9193,0.9201,0.0076,0.4132,9.4032,1.2965,0.0323,0.4793,0.7058,0.2336,169,452,2967,,,
280,2.0369332e-05,4472.42,6.574100727035609e-08,9.987917480468755e-16,1.2082519531250005e-18,72,9,9,8,7/6/3/1/2/4/5/8/9,0,15,1,0.15332/0.0957031/0.0878906/0.15625/0.114746/0.0898438/0.157959/0.163818/0.188721/0/0/0/0/0/0/0/0/0/0/0/0/0/0/0/0/0/0/0/0/0/0/0/0/0/0/0/0/0/0/0/0/0/0/0/0/0/0/0/0/0/0/0/0/0/0/0/0/0/0/0/0/0/0/0/0/0/0/0/0/0/0/0,383.482/242.331/245.216/247.444/242.337/240.892/310.744/247.446/307.076/0/0/0/0/0/0/0/0/0/0/0/0/0/0/0/0/0/0/0/0/0/0/0/0/0/0/0/0/0/0/0/0/0/0/0/0/0/0/0/0/0/0/0/0/0/0/0/0/0/0/0/0/0/0/0/0/0/0/0/0/0/0/0,,,1621,3.7906656548045966e-12,6.332031250000003e-12,-3.497022313285394e-06,6.059184364455428,0,0.0,3838,8.134009369360511e-12,1.4992187500000007e-11,6.273440998410937e-07,2.474441944476971e-07,5.74524259714071e-07,1.1084405361260892e-06,0,1,nan,0.4139635657240443,9,7/6/3/1/2/4/5/8/9,8,778.6,1.0,,,3.5127038055445023e-10,,,,,,,,,,,,,,0,4949,1,393555315.5027378,147817352.03939766,2.6624432793102923,2,-412750356.738487,-398902921.442235,-456501305.950715,-327707.471088,-163033149.313344,-520977.97419,-419585159.441136,-1005418.525703,1507,-24015.791068,-220981.538904,1425249.524597,942938.413899,-334121689.708775,-257542573.985283,-4.212,4.2166,-0.9267,0.9274,0.0073,0.3499,10.1134,1.2905,0.0336,0.4161,0.7149,0.2171,161,442,2847,,,
300,2.0369332e-05,4814.31,6.574100727035609e-08,9.988198242187504e-16,1.1801757812500006e-18,72,9,9,8,7/6/3/1/2/4/5/8/9,0,14,1,0.15332/0.0959473/0.0871582/0.156006/0.114014/0.0874023/0.144531/0.161377/0.18042/0/0/0/0/0/0/0/0/0/0/0/0/0/0/0/0/0/0/0/0/0/0/0/0/0/0/0/0/0/0/0/0/0/0/0/0/0/0/0/0/0/0/0/0/0/0/0/0/0/0/0/0/0/0/0/0/0/0/0/0/0/0/0,383.482/242.331/245.216/247.444/242.337/240.892/305.635/247.446/307.076/0/0/0/0/0/0/0/0/0/0/0/0/0/0/0/0/0/0/0/0/0/0/0/0/0/0/0/0/0/0/0/0/0/0/0/0/0/0/0/0/0/0/0/0/0/0/0/0/0/0/0/0/0/0/0/0/0/0/0/0/0/0/0,1-2:0.389763/1-3:0.371071/2-4:0.412412/3-6:0.381851/4-5:0.631899/5-8:0.500007/6-7:0.390582/8-9:0.684838,1-2:-59.708/1-3:-65.075/2-4:-55.818/3-6:-69.004/4-5:-51.859/5-8:-47.919/6-7:-72.859/8-9:-43.965,1610,3.762422998175935e-12,6.2890625000000025e-12,-3.494847443135116e-06,6.093982286859874,0,0.0,3804,8.080521062786341e-12,1.4859375000000005e-11,6.246223286187796e-07,2.474441944476971e-07,5.30330085889911e-07,1.0164027159216933e-06,0,1,nan,0.4143291165548294,9,7/6/3/1/2/4/5/8/9,8,778.1,1.0,,,3.459955661944672e-10,1,9,1,1,1,1/0,1.0,9,2468,1327,619,9,9,0,4830,5,393902844.8131743,147774813.70533115,2.665561437273284,2,-404820130.606789,-402962027.542634,-457841690.192311,-298621.918342,-128103299.479895,-506456.521074,-417896734.614183,-1168010.485706,1505,39201.598073,-205957.907956,1401260.572312,1021873.648274,-334339555.68048,-239023505.378534,-3.3057,3.3096,-0.8248,0.8256,0.007,0.3631,9.5675,1.2289,0.0341,0.345,0.6675,0.2051,171,421,2745,1290.5,729.2,376.2
320,3.0553998e-05,5237.86,6.145904459109765e-08,9.982829589843755e-16,1.7170410156250007e-18,72,12,12,11,12/7/6/3/1/2/4/5/8/9/10/11,0,16,1,0.15332/0.095459/0.0869141/0.155029/0.113525/0.0861816/0.0983887/0.1604/0.134766/0.17627/0.233887/0.2229/0/0/0/0/0/0/0/0/0/0/0/0/0/0/0/0/0/0/0/0/0/0/0/0/0/0/0/0/0/0/0/0/0/0/0/0/0/0/0/0/0/0/0/0/0/0/0/0/0/0/0/0/0/0/0/0/0/0/0/0,383.482/242.331/245.216/250.317/242.337/240.892/242.335/247.446/243.779/243.779/310.746/310.744/0/0/0/0/0/0/0/0/0/0/0/0/0/0/0/0/0/0/0/0/0/0/0/0/0/0/0/0/0/0/0/0/0/0/0/0/0/0/0/0/0/0/0/0/0/0/0/0/0/0/0/0/0/0/0/0/0/0/0/0,,,2340,5.486976856249647e-12,9.140625000000004e-12,-3.3381188939740346e-06,8.601639073437175,0,0.0,5104,1.075196654320908e-11,1.993750000000001e-11,8.45617379387348e-07,2.4449724004653567e-07,5.745242597140693e-07,1.1473056707428043e-06,0,1,nan,0.36939148103018393,12,12/7/6/3/1/2/4/5/8/9/10/11,11,884.3,1.0,,,4.98709917354112e-10,,,,,,,,,,,,,,0,7033,1,375648006.21275276,157096497.58926812,2.391192750807799,3,-392108005.658091,-421760529.958329,-457482691.457882,-554834.821569,-219381286.255565,-513553.398864,-425335750.565338,-1080335.077149,1998,-34928.520329,-211093.850584,1087599.05708,1090865.252199,-247244961.507071,-309190854.704515,-2.9704,2.9722,-1.0438,1.0446,0.0066,0.3795,6.5383,1.4311,0.0296,0.4536,0.7271,0.2227,302,601,4145,,,
340,3.0553998e-05,5606.99,6.145904459109765e-08,9.983334960937505e-16,1.6665039062500008e-18,72,12,12,11,12/7/6/3/1/2/4/5/8/9/10/11,0,16,1,0.152832/0.0947266/0.0866699/0.155029/0.113037/0.0861816/0.0976563/0.158691/0.130127/0.173584/0.217041/0.200928/0/0/0/0/0/0/0/0/0/0/0/0/0/0/0/0/0/0/0/0/0/0/0/0/0/0/0/0/0/0/0/0/0/0/0/0/0/0/0/0/0/0/0/0/0/0/0/0/0/0/0/0/0/0/0/0/0/0/0/0,383.482/242.331/245.216/250.317/242.337/240.892/242.335/247.446/243.779/243.779/310.744/310.744/0/0/0/0/0/0/0/0/0/0/0/0/0/0/0/0/0/0/0/0/0/0/0/0/0/0/0/0/0/0/0/0/0/0/0/0/0/0/0/0/0/0/0/0/0/0/0/0/0/0/0/0/0/0/0/0/0/0/0/0,,,2318,5.435766111627134e-12,9.054687500000003e-12,-3.337262855092725e-06,8.61533569553813,0,0.0,5020,1.0604151210545716e-11,1.9609375000000008e-11,8.431861669996775e-07,2.4449724004653567e-07,5.745242597140693e-07,1.1473056707428043e-06,0,1,nan,0.36924248352175354,12,12/7/6/3/1/2/4/5/8/9/10/11,11,841.4,1.0,,,4.885334128884904e-10,,,,,,,,,,,,,,0,6826,1,375496485.0763788,157032278.70562363,2.391205732805376,2,-397890560.89415,-413138656.207461,-458311087.068767,-296451.71707,-180806723.303674,-512739.610647,-426659916.021983,-963542.08162,1967,181160.287313,-202536.901884,1099847.816191,1135711.438553,-290536464.972141,-290963403.304317,-2.6459,2.6487,-0.8941,0.8949,0.0064,0.3896,7.0259,1.2962,0.0293,0.376,0.6869,0.216,250,559,4060,,,
360,3.0553998e-05,5977.56,6.145904459109765e-08,9.983659667968755e-16,1.6340332031250007e-18,72,12,12,11,12/7/6/3/1/2/4/5/8/9/10/11,0,15,1,0.152588/0.0939941/0.0864258/0.155029/0.112061/0.0859375/0.0959473/0.157959/0.128662/0.169678/0.209961/0.185791/0/0/0/0/0/0/0/0/0/0/0/0/0/0/0/0/0/0/0/0/0/0/0/0/0/0/0/0/0/0/0/0/0/0/0/0/0/0/0/0/0/0/0/0/0/0/0/0/0/0/0/0/0/0/0/0/0/0/0/0,383.482/242.331/245.216/250.317/242.335/240.892/242.335/247.446/243.779/243.779/310.744/310.744/0/0/0/0/0/0/0/0/0/0/0/0/0/0/0/0/0/0/0/0/0/0/0/0/0/0/0/0/0/0/0/0/0/0/0/0/0/0/0/0/0/0/0/0/0/0/0/0/0/0/0/0/0/0/0/0/0/0/0/0,,,2291,5.364045149660303e-12,8.949218750000003e-12,-3.335319328495691e-06,8.64643212109067,0,0.0,4962,1.049072186858984e-11,1.9382812500000007e-11,8.401154641600308e-07,2.4449724004653567e-07,5.745242597140693e-07,1.1473056707428043e-06,0,1,nan,0.37065501412658297,12,12/7/6/3/1/2/4/5/8/9/10/11,11,827.5,1.0,,,4.812139287665204e-10,,,,,,,,,,,,,,0,6693,1,376932940.2537935,156977978.866577,2.4011835480068613,2,-417780167.562712,-410478104.380535,-459225109.840199,-267895.742607,-159471961.901148,-506754.464342,-425493214.198382,-909205.300395,1995,233520.770269,-207209.65577,909072.807422,1164338.209192,-307006838.931031,-272324002.035271,-2.6732,2.6764,-0.8285,0.8293,0.0062,0.3682,8.1642,1.2362,0.0296,0.3268,0.6667,0.2081,205,510,3984,,,
380,3.0553998e-05,6350.4,6.145904459109765e-08,9.983937988281254e-16,1.6062011718750007e-18,72,12,12,11,12/7/6/3/1/2/4/5/8/9/10/11,0,16,1,0.152832/0.0939941/0.0856934/0.153564/0.111572/0.0842285/0.0952148/0.157715/0.128418/0.167236/0.201172/0.174561/0/0/0/0/0/0/0/0/0/0/0/0/0/0/0/0/0/0/0/0/0/0/0/0/0/0/0/0/0/0/0/0/0/0/0/0/0/0/0/0/0/0/0/0/0/0/0/0/0/0/0/0/0/0/0/0/0/0/0/0,383.482/242.331/245.216/250.317/242.335/240.887/242.335/247.446/243.779/243.779/310.744/310.744/0/0/0/0/0/0/0/0/0/0/0/0/0/0/0/0/0/0/0/0/0/0/0/0/0/0/0/0/0/0/0/0/0/0/0/0/0/0/0/0/0/0/0/0/0/0/0/0/0/0/0/0/0/0/0/0/0/0/0/0,,,2272,5.316700816472108e-12,8.875000000000003e-12,-3.333220021158607e-06,8.680021038484014,0,0.0,4974,1.054838713207991e-11,1.9429687500000008e-11,8.391190521279975e-07,2.4449724004653567e-07,5.745242597140693e-07,1.1319660340420719e-06,0,1,nan,0.3706616520023327,12,12/7/6/3/1/2/4/5/8/9/10/11,11,828.7,1.0,,,4.756992821076493e-10,,,,,,,,,,,,,,0,6576,4,376939690.5577905,156937563.4676397,2.401844926281877,2,-416900420.288409,-410896395.344326,-459688687.320259,-268121.342084,-149607172.667624,-502191.252958,-424483516.057127,-794434.003871,1942,236320.017746,-209493.639401,877769.458041,1180441.680771,-293227620.374945,-286178431.934781,-2.3294,2.333,-0.8005,0.8012,0.0062,0.3147,7.6011,1.2052,0.0301,0.3058,0.6603,0.2032,206,527,3908,,,
400,3.0553998e-05,6768.09,6.145904459109765e-08,9.984145507812505e-16,1.5854492187500008e-18,72,12,12,11,12/7/6/3/1/2/4/5/8/9/10/11,0,16,1,0.152344/0.0939941/0.0852051/0.153076/0.11084/0.0834961/0.0935059/0.157471/0.128418/0.165283/0.196045/0.165771/0/0/0/0/0/0/0/0/0/0/0/0/0/0/0/0/0/0/0/0/0/0/0/0/0/0/0/0/0/0/0/0/0/0/0/0/0/0/0/0/0/0/0/0/0/0/0/0/0/0/0/0/0/0/0/0/0/0/0/0,383.482/242.331/245.216/250.317/242.335/240.887/242.335/247.446/243.779/243.779/309.305/310.744/0/0/0/0/0/0/0/0/0/0/0/0/0/0/0/0/0/0/0/0/0/0/0/0/0/0/0/0/0/0/0/0/0/0/0/0/0/0/0/0/0/0/0/0/0/0/0/0/0/0/0/0/0/0/0/0/0/0/0/0,1-2:0.389763/1-3:0.368024/2-4:0.398495/3-6:0.362749/4-5:0.624077/5-8:0.470945/6-7:0.353608/7-12:0.434061/8-9:0.669603/9-10:0.523155/10-11:0.691342,1-2:-59.708/1-3:-65.075/2-4:-55.81/3-6:-69.014/4-5:-51.857/5-8:-47.923/6-7:-72.87/7-12:-76.762/8-9:-43.965/9-10:-40.003/10-11:-36.038,2261,5.285820364080321e-12,8.832031250000003e-12,-3.3287610525980306e-06,8.751364535453238,0,0.0,5014,1.0667633375239967e-11,1.9585937500000007e-11,8.37364540355597e-07,2.4449724004653567e-07,5.745242597140693e-07,1.1319660340420719e-06,0,1,nan,0.3712723685443295,12,12/7/6/3/1/2/4/5/8/9/10/11,11,827.8,1.0,,,4.711879433588036e-10,1,12,1,1,1,1/0,1.0,12,3213,1501,619,12,12,0,6490,5,377560751.04008,156915346.62313977,2.4061429246105517,2,-414790377.943939,-402266189.436856,-460784979.643598,-275857.529236,-136493777.950702,-493633.506743,-424043995.64749,-760624.402897,1964,234553.736562,-201620.559139,387655.488867,1186808.134765,-305798131.304753,-270442832.961763,-2.2236,2.2273,-0.7817,0.7826,0.0061,0.3074,8.0016,1.1828,0.0315,0.2772,0.657,0.1936,202,519,3812,1237.3,751.3,345.7
420,4.0738664e-05,7239.83,5.7700773049183284e-08,9.978786621093754e-16,2.121337890625001e-18,72,15,15,14,15/13/12/7/6/3/1/2/4/5/8/9/10/11/14,0,16,1,0.151855/0.09375/0.0847168/0.152588/0.109863/0.0830078/0.0927734/0.156494/0.127686/0.163574/0.144531/0.117188/0.177979/0.227051/0.238281/0/0/0/0/0/0/0/0/0/0/0/0/0/0/0/0/0/0/0/0/0/0/0/0/0/0/0/0/0/0/0/0/0/0/0/0/0/0/0/0/0/0/0/0/0/0/0/0/0/0/0/0/0/0/0/0/0,383.482/242.331/245.216/250.317/242.335/240.887/242.335/247.446/243.779/243.779/243.779/247.444/247.446/308.52/308.522/0/0/0/0/0/0/0/0/0/0/0/0/0/0/0/0/0/0/0/0/0/0/0/0/0/0/0/0/0/0/0/0/0/0/0/0/0/0/0/0/0/0/0/0/0/0/0/0/0/0/0/0/0/0/0/0/0,,,3038,7.127211004380139e-12,1.1867187500000005e-11,-3.5534090691206792e-06,5.156996271090862,0,0.0,6242,1.3153976066425573e-11,2.438281250000001e-11,1.1157814568526717e-06,2.4521591760945273e-07,6.187184335382276e-07,1.18410663389999e-06,0,1,nan,0.33312722436177106,15,15/13/12/7/6/3/1/2/4/5/8/9/10/11/14,14,925.8,1.0,,,6.267401612964974e-10,,,,,,,,,,,,,,0,8689,1,360834880.06068224,166422661.95077884,2.1681835624489816,2,-399058694.627676,-425553915.789551,-462304636.711751,-460310.899909,-206714434.54673,-506625.177936,-428322299.651403,-707113.062351,2440,213361.291114,-211253.83064,1086177.567468,1186129.027007,-246145984.202486,-308391626.485174,-2.3116,2.3148,-0.9233,0.9239,0.0057,0.3298,5.7607,1.2776,0.028,0.4006,0.7197,0.2012,327,710,5224,,,
440,4.0738664e-05,7640.48,5.7700773049183284e-08,9.979250488281254e-16,2.074951171875001e-18,72,15,15,14,15/13/12/7/6/3/1/2/4/5/8/9/10/11/14,0,16,1,0.151855/0.09375/0.0842285/0.152344/0.109375/0.0825195/0.0913086/0.155273/0.127686/0.162598/0.137695/0.116211/0.172119/0.215332/0.222656/0/0/0/0/0/0/0/0/0/0/0/0/0/0/0/0/0/0/0/0/0/0/0/0/0/0/0/0/0/0/0/0/0/0/0/0/0/0/0/0/0/0/0/0/0/0/0/0/0/0/0/0/0/0/0/0/0,383.482/243.766/245.216/250.317/242.335/240.887/242.335/247.446/243.779/243.779/243.777/247.444/247.444/308.52/308.522/0/0/0/0/0/0/0/0/0/0/0/0/0/0/0/0/0/0/0/0/0/0/0/0/0/0/0/0/0/0/0/0/0/0/0/0/0/0/0/0/0/0/0/0/0/0/0/0/0/0/0/0/0/0/0/0/0,,,3001,7.022381844261181e-12,1.1722656250000004e-11,-3.5429868066102864e-06,5.323752471257147,0,0.0,6200,1.308138672259902e-11,2.421875000000001e-11,1.1079199416608297e-06,2.4521591760945273e-07,6.187184335382276e-07,1.18410663389999e-06,0,1,nan,0.33284089328222083,15,15/13/12/7/6/3/1/2/4/5/8/9/10/11/14,14,925.5,1.0,,,6.174993772326718e-10,,,,,,,,,,,,,,0,8499,1,360524733.56651586,166342229.90538,2.1673674434423065,2,-405093125.713331,-416306797.214371,-462670931.015757,-314670.067101,-169416223.568798,-506499.730822,-428596348.997226,-687328.655573,2470,255121.662111,-206191.855958,13385833.048591,685131.015778,-284311445.802207,-299854239.028575,-2.3038,2.3104,-0.7968,0.7974,0.0054,0.3158,6.2103,1.1857,0.0276,0.3708,0.6682,0.1942,267,648,5119,,,
460,4.0738664e-05,8021.34,5.7700773049183284e-08,9.979497070312504e-16,2.050292968750001e-18,72,15,15,14,15/13/12/7/6/3/1/2/4/5/8/9/10/11/14,0,15,1,0.1521/0.09375/0.0842285/0.152344/0.108643/0.0820313/0.0905762/0.155029/0.127441/0.162109/0.135742/0.116943/0.169189/0.205811/0.214355/0/0/0/0/0/0/0/0/0/0/0/0/0/0/0/0/0/0/0/0/0/0/0/0/0/0/0/0/0/0/0/0/0/0/0/0/0/0/0/0/0/0/0/0/0/0/0/0/0/0/0/0/0/0/0/0/0,383.482/245.2/245.216/250.315/242.335/240.887/242.335/248.888/243.779/243.779/243.777/247.444/243.779/308.52/307.079/0/0/0/0/0/0/0/0/0/0/0/0/0/0/0/0/0/0/0/0/0/0/0/0/0/0/0/0/0/0/0/0/0/0/0/0/0/0/0/0/0/0/0/0/0/0/0/0/0/0/0/0/0/0/0/0/0,,,2981,6.9706715985248085e-12,1.1644531250000005e-11,-3.540270906919703e-06,5.367206866306485,0,0.0,6196,1.309557380861235e-11,2.420312500000001e-11,1.1043319974482506e-06,2.451995513464157e-07,6.187184335382284e-07,1.18410663389999e-06,0,1,nan,0.3334882160768605,15,15/13/12/7/6/3/1/2/4/5/8/9/10/11/14,14,926.1,1.0,,,6.098858458967047e-10,,,,,,,,,,,,,,0,8398,1,361225897.0436585,166275330.08230397,2.172456352153123,2,-403339361.062441,-416380547.874115,-462813296.596276,-301979.49846,-149711931.96775,-506612.802622,-427749536.92298,-651854.45151,2454,250658.540761,-200263.783857,7956280.698788,504973.546201,-281781455.426921,-283333294.634851,-1.9515,1.9584,-0.7472,0.7476,0.0053,0.3161,6.2646,1.1342,0.0273,0.3112,0.6546,0.192,286,634,5032,,,
480,4.0738664e-05,8440.96,5.7700773049183284e-08,9.979816894531255e-16,2.018310546875001e-18,72,15,15,14,15/13/12/7/6/3/1/2/4/5/8/9/10/11/14,0,15,1,0.1521/0.09375/0.0839844/0.1521/0.107422/0.0812988/0.0898438/0.154785/0.126953/0.161865/0.133057/0.116699/0.166992/0.193115/0.204346/0/0/0/0/0/0/0/0/0/0/0/0/0/0/0/0/0/0/0/0/0/0/0/0/0/0/0/0/0/0/0/0/0/0/0/0/0/0/0/0/0/0/0/0/0/0/0/0/0/0/0/0/0/0/0/0/0,383.482/245.2/245.216/250.315/242.335/240.887/242.335/248.888/243.779/243.779/243.774/247.444/243.779/308.52/307.079/0/0/0/0/0/0/0/0/0/0/0/0/0/0/0/0/0/0/0/0/0/0/0/0/0/0/0/0/0/0/0/0/0/0/0/0/0/0/0/0/0/0/0/0/0/0/0/0/0/0/0/0/0/0/0/0/0,,,2944,6.880348972558024e-12,1.1500000000000004e-11,-3.5439384643721857e-06,5.308525947066759,0,0.0,6182,1.3124128161475466e-11,2.4148437500000008e-11,1.1006436644906712e-06,2.451995513464157e-07,6.187184335382284e-07,1.18410663389999e-06,0,1,nan,0.3335873581420206,15,15/13/12/7/6/3/1/2/4/5/8/9/10/11/14,14,903.4,1.0,,,6.044065902918209e-10,,,,,,,,,,,,,,0,8266,2,361333285.1902129,166223069.07992998,2.17378542695817,2,-408460751.285362,-422219541.194509,-462707914.511211,-304589.492172,-141159378.113911,-506379.514775,-426752786.610164,-624953.796395,2428,259721.057081,-196820.306166,5472191.167659,511687.957102,-310603722.293294,-293566711.761064,-1.7951,1.8018,-0.708,0.7086,0.0051,0.3001,6.2373,1.1007,0.0274,0.2874,0.6387,0.1856,261,595,4994,,,
500,4.0738664e-05,8822.35,5.7700773049183284e-08,9.980065917968755e-16,1.993408203125001e-18,72,15,15,14,15/13/12/7/6/3/1/2/4/5/8/9/10/11/14,0,16,1,0.151367/0.0939941/0.0837402/0.151123/0.107178/0.0810547/0.0893555/0.154053/0.126465/0.161377/0.131836/0.115723/0.16626/0.18335/0.196533/0/0/0/0/0/0/0/0/0/0/0/0/0/0/0/0/0/0/0/0/0/0/0/0/0/0/0/0/0/0/0/0/0/0/0/0/0/0/0/0/0/0/0/0/0/0/0/0/0/0/0/0/0/0/0/0/0,383.482/245.202/245.216/250.313/242.335/240.887/242.335/248.888/243.779/243.779/243.774/247.444/243.779/308.52/307.079/0/0/0/0/0/0/0/0/0/0/0/0/0/0/0/0/0/0/0/0/0/0/0/0/0/0/0/0/0/0/0/0/0/0/0/0/0/0/0/0/0/0/0/0/0/0/0/0/0/0/0/0/0/0/0/0/0,1-2:0.389763/1-3:0.355426/2-4:0.397586/3-6:0.356245/4-5:0.614936/5-8:0.453162/6-7:0.342738/7-12:0.399314/8-9:0.659642/9-10:0.50751/10-11:0.670012/11-14:0.512105/12-13:0.515652/13-15:0.664098,1-2:-59.716/1-3:-65.08/2-4:-55.796/3-6:-69.02/4-5:-51.852/5-8:-47.921/6-7:-72.865/7-12:-76.763/8-9:-43.961/9-10:-40.003/10-11:-36.038/11-14:-32.133/12-13:-80.705/13-15:-84.685,2928,6.838189501170703e-12,1.1437500000000004e-11,-3.5423787423922524e-06,5.333481498745691,0,0.0,6140,1.3059452077076857e-11,2.398437500000001e-11,1.0992120536150628e-06,2.452015971292953e-07,6.187184335382284e-07,1.18410663389999e-06,0,1,nan,0.3340211967167689,15,15/13/12/7/6/3/1/2/4/5/8/9/10/11/14,14,871.1,1.0,,,6.000546719932548e-10,1,15,1,1,1,1/0,1.0,15,3953,1615,619,15,15,0,8164,2,361803208.0264053,166185464.7297276,2.1771050110478476,2,-409414162.66556,-419893178.680043,-463130245.223041,-296214.649186,-126384374.630403,-499824.191063,-427066768.026891,-602452.725726,2412,263616.479233,-197703.095192,3752843.904642,1070872.880936,-322371560.732429,-281737112.342452,-1.8413,1.8473,-0.6877,0.6882,0.005,0.2386,6.7621,1.0934,0.0278,0.2717,0.6241,0.1796,254,580,4923,1289.4,751.3,339.8
520,5.092333e-05,9305.36,5.437565655933996e-08,9.974560546875004e-16,2.543945312500001e-18,72,18,18,17,18/15/13/12/7/6/3/1/2/4/5/8/9/10/11/14/16/17,0,16,1,0.151367/0.0942383/0.0834961/0.150879/0.107178/0.0808105/0.0893555/0.153809/0.126221/0.161377/0.130371/0.114746/0.165283/0.134521/0.142578/0.178955/0.244141/0.234619/0/0/0/0/0/0/0/0/0/0/0/0/0/0/0/0/0/0/0/0/0/0/0/0/0/0/0/0/0/0/0/0/0/0/0/0/0/0/0/0/0/0/0/0/0/0/0/0/0/0/0/0/0/0,383.482/245.212/245.216/250.313/242.335/240.885/243.777/248.888/243.779/243.779/243.774/247.442/243.779/245.222/243.781/247.44/310.746/310.748/0/0/0/0/0/0/0/0/0/0/0/0/0/0/0/0/0/0/0/0/0/0/0/0/0/0/0/0/0/0/0/0/0/0/0/0/0/0/0/0/0/0/0/0/0/0/0/0/0/0/0/0/0/0,,,3741,8.765537238473419e-12,1.4613281250000004e-11,-3.3889297711917437e-06,7.78866503795383,0,0.0,7406,1.5603558129798004e-11,2.892968750000001e-11,1.3342095084603254e-06,2.452138718265735e-07,6.187184335382284e-07,1.162645307443537e-06,0,1,nan,0.301008477624384,18,18/15/13/12/7/6/3/1/2/4/5/8/9/10/11/14/16/17,17,972.1,1.0,,,7.56533113211182e-10,,,,,,,,,,,,,,0,10420,1,345982578.2699912,175651273.43486005,1.9697128947846667,2,-390484965.616243,-423699858.256581,-462907276.757543,-631698.150475,-194156907.333603,-517610.973268,-428753548.874446,-654979.768238,2888,229531.424106,-210551.271287,28257245.205654,1177480.607174,-258657476.870892,-313130760.084879,-2.6869,2.7,-0.7983,0.7989,0.0047,0.2921,5.7721,1.1524,0.0253,0.4665,0.6894,0.1858,418,792,6330,,,
540,5.092333e-05,9709.97,5.437565655933996e-08,9.975063476562504e-16,2.493652343750001e-18,72,18,18,17,18/15/13/12/7/6/3/1/2/4/5/8/9/10/11/14/16/17,0,16,1,0.151123/0.0942383/0.083252/0.150391/0.106445/0.0805664/0.088623/0.153564/0.125977/0.160889/0.130127/0.11377/0.164795/0.131104/0.13916/0.175781/0.229004/0.214844/0/0/0/0/0/0/0/0/0/0/0/0/0/0/0/0/0/0/0/0/0/0/0/0/0/0/0/0/0/0/0/0/0/0/0/0/0/0/0/0/0/0/0/0/0/0/0/0/0/0/0/0/0/0,383.482/245.212/245.216/250.313/242.335/240.885/243.777/248.888/243.779/243.779/243.774/247.442/243.779/245.222/243.781/247.44/310.746/310.746/0/0/0/0/0/0/0/0/0/0/0/0/0/0/0/0/0/0/0/0/0/0/0/0/0/0/0/0/0/0/0/0/0/0/0/0/0/0/0/0/0/0/0/0/0/0/0/0/0/0/0/0/0/0,,,3702,8.669120455311977e-12,1.4460937500000006e-11,-3.388379909469551e-06,7.797462825508914,0,0.0,7336,1.5487851481613333e-11,2.865625000000001e-11,1.3295198292751368e-06,2.452138718265735e-07,6.187184335382284e-07,1.162645307443537e-06,0,1,nan,0.30079726968182563,18,18/15/13/12/7/6/3/1/2/4/5/8/9/10/11/14/16/17,17,957.7,1.0,,,7.487151219737177e-10,,,,,,,,,,,,,,0,10214,1,345739813.45122546,175544580.77826855,1.969527124781662,2,-399905433.614959,-420800344.050576,-462924899.228656,-464529.765943,-158889221.301363,-511542.064818,-429372672.872461,-638236.675192,2899,233582.541767,-205293.175453,1188132.871423,1166835.861195,-268205781.17535,-315001106.622935,-1.7238,1.7273,-0.687,0.6876,0.0046,0.2668,4.8416,1.0849,0.0254,0.355,0.6287,0.1801,369,719,6237,,,
560,5.092333e-05,10115.5,5.437565655933996e-08,9.975368652343755e-16,2.463134765625001e-18,72,18,18,17,18/15/13/12/7/6/3/1/2/4/5/8/9/10/11/14/16/17,0,16,1,0.150879/0.0942383/0.0830078/0.150146/0.106689/0.0800781/0.0876465/0.153076/0.125244/0.160889/0.129639/0.11377/0.16333/0.131836/0.13501/0.173096/0.219727/0.204834/0/0/0/0/0/0/0/0/0/0/0/0/0/0/0/0/0/0/0/0/0/0/0/0/0/0/0/0/0/0/0/0/0/0/0/0/0/0/0/0/0/0/0/0/0/0/0/0/0/0/0/0/0/0,383.482/245.212/245.216/250.313/243.779/240.885/243.777/248.888/243.779/243.779/243.774/247.442/243.779/245.222/243.781/247.44/310.746/310.744/0/0/0/0/0/0/0/0/0/0/0/0/0/0/0/0/0/0/0/0/0/0/0/0/0/0/0/0/0/0/0/0/0/0/0/0/0/0/0/0/0/0/0/0/0/0/0/0/0/0/0/0/0/0,,,3683,8.620457160311503e-12,1.4386718750000006e-11,-3.386859779841265e-06,7.821784899561488,0,0.0,7354,1.5542698896365258e-11,2.872656250000001e-11,1.3273078443924965e-06,2.452138718265735e-07,6.187184335382284e-07,1.14627358501304e-06,0,1,nan,0.30065751004011154,18,18/15/13/12/7/6/3/1/2/4/5/8/9/10/11/14/16/17,17,922.7,1.0,,,7.42359940846005e-10,,,,,,,,,,,,,,0,10089,1,345579172.124576,175480442.16766953,1.9693315554469544,2,-402185994.769757,-420113755.54121,-463058073.811784,-291386.33536,-135863191.311592,-516160.05275,-428421047.516642,-602657.130645,2874,251316.778085,-206147.146296,7036583.44076,1154131.799944,-264276025.789717,-293532864.626992,-1.4258,1.4321,-0.6608,0.6613,0.0047,0.2617,4.9037,1.0475,0.0259,0.2902,0.6262,0.1796,348,725,6146,,,
580,5.092333e-05,10498.96,5.437565655933996e-08,9.975620117187504e-16,2.437988281250001e-18,72,18,18,17,18/15/13/12/7/6/3/1/2/4/5/8/9/10/11/14/16/17,0,16,1,0.150879/0.0944824/0.0822754/0.149414/0.106445/0.079834/0.0876465/0.152832/0.125/0.161133/0.129395/0.112549/0.162842/0.130615/0.13208/0.172119/0.213867/0.19458/0/0/0/0/0/0/0/0/0/0/0/0/0/0/0/0/0/0/0/0/0/0/0/0/0/0/0/0/0/0/0/0/0/0/0/0/0/0/0/0/0/0/0/0/0/0/0/0/0/0/0/0/0/0,383.482/245.214/245.216/250.311/243.779/240.885/243.777/248.888/243.779/243.779/243.774/247.442/243.779/245.222/243.781/247.44/310.746/310.744/0/0/0/0/0/0/0/0/0/0/0/0/0/0/0/0/0/0/0/0/0/0/0/0/0/0/0/0/0/0/0/0/0/0/0/0/0/0/0/0/0/0/0/0/0/0/0/0/0/0/0/0/0/0,,,3664,8.567837747042776e-12,1.4312500000000006e-11,-3.3814512682152107e-06,7.908321085578358,0,0.0,7354,1.5590175639981467e-11,2.872656250000001e-11,1.3244677629064861e-06,2.4521489471801313e-07,6.187184335382284e-07,1.1319660340420706e-06,0,1,nan,0.3000247543755843,18,18/15/13/12/7/6/3/1/2/4/5/8/9/10/11/14/16/17,17,923.2,1.0,,,7.379361277837669e-10,,,,,,,,,,,,,,0,9985,2,344851875.54490536,175439890.95623475,1.965641187219685,2,-402550257.755618,-422299891.944528,-463161401.843313,-282898.770038,-133271346.189421,-517541.866137,-427605414.982486,-619170.726996,2857,251523.803988,-204260.782219,11399639.781969,1247425.92226,-267869418.911725,-302446261.303312,-1.3741,1.3806,-0.6216,0.6224,0.0047,0.2468,5.1311,1.0254,0.0265,0.2672,0.6015,0.1771,348,685,6103,,,
600,5.092333e-05,10896.79,5.437565655933996e-08,9.975844726562504e-16,2.4155273437500012e-18,72,18,18,17,18/15/13/12/7/6/3/1/2/4/5/8/9/10/11/14/16/17,0,16,1,0.150635/0.0944824/0.0817871/0.149414/0.105957/0.079834/0.0876465/0.152344/0.125/0.161377/0.129883/0.111328/0.162109/0.130615/0.130859/0.171143/0.205078/0.186035/0/0/0/0/0/0/0/0/0/0/0/0/0/0/0/0/0/0/0/0/0/0/0/0/0/0/0/0/0/0/0/0/0/0/0/0/0/0/0/0/0/0/0/0/0/0/0/0/0/0/0/0/0/0,383.482/245.214/245.216/250.311/243.779/240.885/243.777/248.888/243.779/243.779/243.774/247.442/243.779/245.222/243.781/247.44/310.746/310.744/0/0/0/0/0/0/0/0/0/0/0/0/0/0/0/0/0/0/0/0/0/0/0/0/0/0/0/0/0/0/0/0/0/0/0/0/0/0/0/0/0/0/0/0/0/0/0/0/0/0/0/0/0/0,1-2:0.39281/1-3:0.344147/2-4:0.394948/3-6:0.346695/4-5:0.614936/5-8:0.440974/6-7:0.339282/7-12:0.384079/8-9:0.652729/9-10:0.50751/10-11:0.663508/11-14:0.494322/12-13:0.50742/13-15:0.645816/14-16:0.576094/15-18:0.541576/16-17:0.671921,1-2:-59.725/1-3:-65.084/2-4:-55.786/3-6:-69.014/4-5:-51.852/5-8:-47.919/6-7:-72.858/7-12:-76.774/8-9:-43.961/9-10:-40.003/10-11:-36.041/11-14:-32.133/12-13:-80.708/13-15:-84.689/14-16:-28.126/15-18:-88.661/16-17:-24.161,3644,8.518765169208098e-12,1.4234375000000006e-11,-3.377188362872356e-06,7.976527571064036,0,0.0,7372,1.5684586283198798e-11,2.8796875000000012e-11,1.3210131366624777e-06,2.4521489471801313e-07,6.187184335382284e-07,1.130933948312307e-06,0,1,nan,0.3007022943626921,18,18/15/13/12/7/6/3/1/2/4/5/8/9/10/11/14/16/17,17,890.8,1.0,,,7.343517510276249e-10,1,18,1,1,1,1/0,1.0,18,4700,1670,619,18,18,0,9892,3,345630647.735877,175401106.84275788,1.9705157735733392,2,-403213118.188292,-423125388.771837,-463214678.557022,-290749.76132,-124306608.938192,-511620.095856,-428296251.241078,-583841.393502,2830,256514.80683,-194012.411102,8934455.483619,1141370.382513,-267287304.480262,-301736176.755173,-1.3821,1.389,-0.6161,0.6173,0.0046,0.2242,4.9418,1.0428,0.0265,0.2791,0.5863,0.1735,326,684,6056,1258.7,751.3,341.3
620,6.1107996e-05,11418.5,5.141289118816265e-08,9.970278320312505e-16,2.9721679687500014e-18,72,21,21,20,20/19/18/15/13/12/7/6/3/1/2/4/5/8/9/10/11/14/16/17/21,0,16,1,0.150635/0.0944824/0.0817871/0.149414/0.105957/0.0795898/0.0871582/0.152832/0.124756/0.161621/0.128906/0.11084/0.161133/0.129639/0.128174/0.170654/0.151123/0.13623/0.179199/0.246094/0.241943/0/0/0/0/0/0/0/0/0/0/0/0/0/0/0/0/0/0/0/0/0/0/0/0/0/0/0/0/0/0/0/0/0/0/0/0/0/0/0/0/0/0/0/0/0/0/0/0/0/0/0,383.482/245.214/245.216/250.311/243.779/240.885/243.777/248.888/243.779/243.779/243.774/247.442/243.779/245.222/243.781/247.44/247.448/247.446/245.222/308.52/310.748/0/0/0/0/0/0/0/0/0/0/0/0/0/0/0/0/0/0/0/0/0/0/0/0/0/0/0/0/0/0/0/0/0/0/0/0/0/0/0/0/0/0/0/0/0/0/0/0/0/0/0,,,4442,1.0396450353559761e-11,1.7351562500000007e-11,-3.5627646269246167e-06,5.0073073462278614,0,0.0,8610,1.8164474711239704e-11,3.3632812500000016e-11,1.5689407763221449e-06,2.452220549580929e-07,6.187184335382284e-07,1.1411839809870836e-06,0,1,nan,0.2730668458434946,21,20/19/18/15/13/12/7/6/3/1/2/4/5/8/9/10/11/14/16/17/21,20,1016.7,1.0,,,8.941046575748642e-10,,,,,,,,,,,,,,0,12170,5,331953280.0199313,184975653.3183763,1.7945782272685376,2,-392400353.526161,-432350567.295261,-463751835.699026,-565817.11495,-169196357.283333,-517384.610889,-430733904.987734,-582953.855655,3309,235086.499184,-204916.844135,6893861.146356,1144928.280796,-278027952.195158,-312955431.52402,-2.169,2.173,-0.7059,0.7067,0.0043,0.2615,5.309,1.0486,0.0241,0.4078,0.6698,0.176,434,960,7482,,,
640,6.1107996e-05,11856.71,5.141289118816265e-08,9.970725097656255e-16,2.9274902343750014e-18,72,21,21,20,20/19/18/15/13/12/7/6/3/1/2/4/5/8/9/10/11/14/16/17/21,0,16,1,0.151367/0.0944824/0.081543/0.149658/0.105957/0.0793457/0.0866699/0.152832/0.124268/0.161621/0.127441/0.109375/0.161133/0.12915/0.127441/0.169189/0.144287/0.129639/0.176025/0.236816/0.229248/0/0/0/0/0/0/0/0/0/0/0/0/0/0/0/0/0/0/0/0/0/0/0/0/0/0/0/0/0/0/0/0/0/0/0/0/0/0/0/0/0/0/0/0/0/0/0/0/0/0/0,383.482/245.214/245.216/250.311/243.779/240.885/243.777/248.888/243.779/243.779/243.774/247.442/243.779/245.222/243.781/247.44/247.448/247.446/245.222/308.52/312.188/0/0/0/0/0/0/0/0/0/0/0/0/0/0/0/0/0/0/0/0/0/0/0/0/0/0/0/0/0/0/0/0/0/0/0/0/0/0/0/0/0/0/0/0/0/0/0/0/0/0/0,,,4405,1.031008397372266e-11,1.7207031250000008e-11,-3.5591046145322496e-06,5.0658675445057355,0,0.0,8586,1.813618287772688e-11,3.353906250000001e-11,1.5652252684014238e-06,2.452220549580929e-07,6.187184335382284e-07,1.1411839809870836e-06,0,1,nan,0.27271150005304456,21,20/19/18/15/13/12/7/6/3/1/2/4/5/8/9/10/11/14/16/17/21,20,1015.0,1.0,,,8.874950207553764e-10,,,,,,,,,,,,,,0,11985,7,331521304.47080594,184891483.4360045,1.7930588165006187,2,-392307245.7771,-429278785.482763,-464139560.743817,-454988.110537,-143936806.127205,-514456.514681,-429393340.199064,-572315.502708,3350,246118.90092,-199747.907396,4651838.852038,1142001.365087,-270668711.867867,-309396251.739098,-1.6935,1.7,-0.6327,0.6335,0.0042,0.2378,4.607,0.996,0.0244,0.3672,0.631,0.1713,403,859,7383,,,
660,6.1107996e-05,12277.87,5.141289118816265e-08,9.970971679687505e-16,2.9028320312500012e-18,72,21,21,20,20/19/18/15/13/12/7/6/3/1/2/4/5/8/9/10/11/14/16/17/21,0,16,1,0.1521/0.0947266/0.0810547/0.149414/0.105225/0.0791016/0.0864258/0.152588/0.123535/0.161377/0.127441/0.108643/0.160889/0.128418/0.125732/0.168701/0.141113/0.130371/0.176514/0.230469/0.218994/0/0/0/0/0/0/0/0/0/0/0/0/0/0/0/0/0/0/0/0/0/0/0/0/0/0/0/0/0/0/0/0/0/0/0/0/0/0/0/0/0/0/0/0/0/0/0/0/0/0/0,383.482/245.218/245.216/250.311/243.779/240.885/243.777/248.888/243.779/243.779/243.774/247.442/243.779/245.22/243.779/247.44/247.448/247.446/245.222/308.52/312.188/0/0/0/0/0/0/0/0/0/0/0/0/0/0/0/0/0/0/0/0/0/0/0/0/0/0/0/0/0/0/0/0/0/0/0/0/0/0/0/0/0/0/0/0/0/0/0/0/0/0/0,,,4398,1.0292710541809608e-11,1.7179687500000006e-11,-3.56524951162009e-06,4.967549191100292,0,0.0,8532,1.8042854598142543e-11,3.332812500000001e-11,1.566294956777275e-06,2.4522000917521305e-07,6.187184335382284e-07,1.1411839809870836e-06,0,1,nan,0.27238628909856905,21,20/19/18/15/13/12/7/6/3/1/2/4/5/8/9/10/11/14/16/17/21,20,1001.5,1.0,,,8.82578494063433e-10,,,,,,,,,,,,,,0,11887,4,331125962.28745484,184823082.59085438,1.7915833760898434,2,-395352856.179233,-429639921.130752,-464447002.475786,-393713.769849,-114921391.162486,-511086.275487,-428549120.346205,-574091.403156,3361,254350.232498,-199827.666154,4299065.530267,3466958.901361,-270960738.41573,-295044477.573253,-1.5277,1.5354,-0.5671,0.5678,0.0042,0.2437,4.6179,0.9333,0.0244,0.3307,0.6026,0.1686,378,848,7308,,,
680,6.1107996e-05,12695.8,5.141289118816265e-08,9.971164550781254e-16,2.8835449218750013e-18,72,21,21,20,20/19/18/15/13/12/7/6/3/1/2/4/5/8/9/10/11/14/16/17/21,0,17,1,0.152588/0.0944824/0.0810547/0.14917/0.104736/0.0783691/0.0861816/0.152588/0.123535/0.161377/0.126953/0.108398/0.160889/0.127686/0.125/0.168457/0.140137/0.129395/0.173828/0.226563/0.212158/0/0/0/0/0/0/0/0/0/0/0/0/0/0/0/0/0/0/0/0/0/0/0/0/0/0/0/0/0/0/0/0/0/0/0/0/0/0/0/0/0/0/0/0/0/0/0/0/0/0/0,383.482/245.214/245.216/250.311/243.779/240.885/243.777/248.888/243.779/243.779/243.774/247.442/243.779/245.22/243.779/247.44/247.448/247.446/245.222/308.52/312.188/0/0/0/0/0/0/0/0/0/0/0/0/0/0/0/0/0/0/0/0/0/0/0/0/0/0/0/0/0/0/0/0/0/0/0/0/0/0/0/0/0/0/0/0/0/0/0/0/0/0/0,,,4386,1.0266695886664145e-11,1.7132812500000008e-11,-3.565983220954438e-06,4.955809841750723,0,0.0,8490,1.797026551003885e-11,3.3164062500000014e-11,1.5665891564450491e-06,2.4522000917521305e-07,6.187184335382276e-07,1.1411839809870836e-06,0,1,nan,0.2722922923261901,21,20/19/18/15/13/12/7/6/3/1/2/4/5/8/9/10/11/14/16/17/21,20,1001.2,1.0,,,8.787648574362177e-10,,,,,,,,,,,,,,0,11809,3,331011695.25951856,184762575.0012311,1.7915516454417946,2,-391959328.114367,-429146875.388608,-464235078.584588,-338145.244072,-101469990.345984,-507972.094064,-429043595.640847,-578009.903674,3341,266076.979117,-197649.255545,16125809.138603,9816381.913969,-249952683.003862,-284650745.492876,-1.3517,1.3687,-0.5356,0.5366,0.0042,0.2361,4.2362,0.8985,0.0247,0.3211,0.591,0.1669,383,824,7264,,,
700,6.1107996e-05,13134.46,5.141289118816265e-08,9.971315917968755e-16,2.8684082031250013e-18,72,21,21,20,20/19/18/15/13/12/7/6/3/1/2/4/5/8/9/10/11/14/16/17/21,0,17,1,0.152832/0.0947266/0.0808105/0.148926/0.104736/0.0778809/0.0859375/0.152588/0.123535/0.161377/0.126709/0.108643/0.161133/0.127197/0.124512/0.167969/0.138672/0.129395/0.171875/0.220703/0.208252/0/0/0/0/0/0/0/0/0/0/0/0/0/0/0/0/0/0/0/0/0/0/0/0/0/0/0/0/0/0/0/0/0/0/0/0/0/0/0/0/0/0/0/0/0/0/0/0/0/0/0,383.482/245.214/245.216/250.311/243.779/240.885/243.777/248.888/243.779/243.779/243.774/247.442/243.779/246.657/243.779/243.779/247.448/247.446/245.222/308.52/312.188/0/0/0/0/0/0/0/0/0/0/0/0/0/0/0/0/0/0/0/0/0/0/0/0/0/0/0/0/0/0/0/0/0/0/0/0/0/0/0/0/0/0/0/0/0/0/0/0/0/0/0,1-2:0.39281/1-3:0.344147/2-4:0.394948/3-6:0.343648/4-5:0.614936/5-8:0.42451/6-7:0.335825/7-12:0.367615/8-9:0.645816/9-10:0.501416/10-11:0.657005/11-14:0.489137/12-13:0.488728/13-15:0.639312/14-16:0.558221/15-18:0.524203/16-17:0.654957/17-21:0.576003/18-19:0.59033/19-20:0.694389,1-2:-59.725/1-3:-65.084/2-4:-55.786/3-6:-69.014/4-5:-51.852/5-8:-47.925/6-7:-72.855/7-12:-76.77/8-9:-43.963/9-10:-39.997/10-11:-36.041/11-14:-32.135/12-13:-80.71/13-15:-84.685/14-16:-28.111/15-18:-88.66/16-17:-24.163/17-21:-20.217/18-19:-92.599/19-20:-96.587,4377,1.0237953473198765e-11,1.7097656250000007e-11,-3.570913441079842e-06,4.876926319744256,0,0.0,8512,1.805576440304624e-11,3.3250000000000014e-11,1.5650087378501707e-06,2.4521591760945273e-07,6.187184335382276e-07,1.141183980987084e-06,0,1,nan,0.27274404598351903,21,20/19/18/15/13/12/7/6/3/1/2/4/5/8/9/10/11/14/16/17/21,20,1001.5,1.0,,,8.75865180625329e-10,1,21,1,1,1,1/0,1.0,21,5445,1822,619,21,21,0,11747,3,331560868.8798023,184726982.42143497,1.7948697290111166,2,-394651321.007282,-429480222.105297,-464229277.926595,-289060.387359,-94905197.642837,-506159.264573,-428099454.161565,-573971.318086,3352,299352.504913,-197427.254908,13576351.28465,11489487.867936,-267572073.840406,-294952398.338193,-1.236,1.2558,-0.5159,0.517,0.0041,0.2236,4.4173,0.8854,0.0248,0.2823,0.5775,0.1643,379,800,7219,1288.4,773.4,339.8
720,7.1292662e-05,13744.57,4.875630719935003e-08,9.965693359375005e-16,3.4306640625000016e-18,72,24,24,23,24/23/20/19/18/15/13/12/7/6/3/1/2/4/5/8/9/10/11/14/16/17/21/22,0,17,1,0.15332/0.0947266/0.0808105/0.148926/0.104736/0.0776367/0.0861816/0.152588/0.123535/0.161377/0.126709/0.108643/0.160889/0.127441/0.123291/0.167725/0.138916/0.130371/0.170898/0.164307/0.150635/0.247314/0.18335/0.246338/0/0/0/0/0/0/0/0/0/0/0/0/0/0/0/0/0/0/0/0/0/0/0/0/0/0/0/0/0/0/0/0/0/0/0/0/0/0/0/0/0/0/0/0/0/0/0/0,383.482/245.214/245.216/250.311/243.779/240.885/243.777/248.888/243.779/243.779/243.774/247.442/243.779/246.657/243.779/243.779/247.448/247.446/245.222/245.222/246.649/308.524/245.222/310.746/0/0/0/0/0/0/0/0/0/0/0/0/0/0/0/0/0/0/0/0/0/0/0/0/0/0/0/0/0/0/0/0/0/0/0/0/0/0/0/0/0/0/0/0/0/0/0/0,,,5237,1.225312594731468e-11,2.0457031250000007e-11,-3.7474173840121167e-06,2.052863232827863,0,0.0,9742,2.052973859900608e-11,3.8054687500000015e-11,1.8098695138180747e-06,2.452220549580929e-07,6.18718433538228e-07,1.1841066338999895e-06,0,1,nan,0.24852392611342777,24,24/23/20/19/18/15/13/12/7/6/3/1/2/4/5/8/9/10/11/14/16/17/21/22,23,1076.0,1.0,,,1.0373989953429517e-09,,,,,,,,,,,,,,0,14050,3,318579200.8115066,193887112.83629492,1.6431169465115159,2,-386223972.931072,-434027201.092879,-464291373.599893,-564628.059754,-145972564.00657,-510782.594793,-430148857.657715,-545991.685322,3844,225769.856738,-208813.462131,6022023.801632,676882.765836,-278376361.313375,-310380342.71094,-1.8464,1.8522,-0.5971,0.5976,0.0037,0.2462,4.5435,0.9158,0.0223,0.4061,0.6476,0.166,490,1067,8659,,,
740,7.1292662e-05,14199.71,4.875630719935003e-08,9.966125488281254e-16,3.3874511718750014e-18,72,24,24,23,24/23/20/19/18/15/13/12/7/6/3/1/2/4/5/8/9/10/11/14/16/17/21/22,0,17,1,0.153564/0.0947266/0.0805664/0.14917/0.104492/0.0776367/0.0861816/0.152344/0.123535/0.161377/0.125977/0.108398/0.160889/0.127441/0.123047/0.167969/0.137207/0.130615/0.169678/0.155029/0.14502/0.240234/0.17749/0.234863/0/0/0/0/0/0/0/0/0/0/0/0/0/0/0/0/0/0/0/0/0/0/0/0/0/0/0/0/0/0/0/0/0/0/0/0/0/0/0/0/0/0/0/0/0/0/0/0,383.482/245.214/245.216/250.311/243.779/240.885/243.777/248.888/243.779/243.779/243.774/247.442/243.779/246.657/243.779/243.779/247.448/247.446/245.222/245.222/246.649/308.524/245.222/310.746/0/0/0/0/0/0/0/0/0/0/0/0/0/0/0/0/0/0/0/0/0/0/0/0/0/0/0/0/0/0/0/0/0/0/0/0/0/0/0/0/0/0/0/0/0/0/0/0,,,5188,1.2135469320805869e-11,2.026562500000001e-11,-3.7386654818813555e-06,2.192893666920042,0,0.0,9674,2.0372650387291295e-11,3.778906250000002e-11,1.803598560885543e-06,2.452220549580929e-07,6.187184335382284e-07,1.1841066338999895e-06,0,1,nan,0.2484402320937155,24,24/23/20/19/18/15/13/12/7/6/3/1/2/4/5/8/9/10/11/14/16/17/21/22,23,1069.7,1.0,,,1.0324796402683074e-09,,,,,,,,,,,,,,0,13873,3,318471914.66674936,193844746.8379596,1.6429225958491886,2,-388208838.425447,-432982447.999781,-464263601.109257,-400412.833956,-122257898.962198,-508103.160923,-429441345.719476,-550805.161476,3852,233904.867603,-202190.513471,13612873.21833,676230.986482,-268272750.1551,-310236823.566794,-1.6217,1.6311,-0.5494,0.55,0.0037,0.2322,4.3998,0.8941,0.0224,0.3691,0.6096,0.1612,466,1022,8542,,,
760,7.1292662e-05,14677.01,4.875630719935003e-08,9.966311035156255e-16,3.3688964843750016e-18,72,24,24,23,24/23/20/19/18/15/13/12/7/6/3/1/2/4/5/8/9/10/11/14/16/17/21/22,0,18,1,0.15332/0.0949707/0.0808105/0.148682/0.104492/0.0776367/0.0859375/0.152588/0.123535/0.161377/0.125/0.107666/0.160889/0.126709/0.122559/0.16748/0.136963/0.131104/0.167725/0.151611/0.142334/0.235596/0.178711/0.231201/0/0/0/0/0/0/0/0/0/0/0/0/0/0/0/0/0/0/0/0/0/0/0/0/0/0/0/0/0/0/0/0/0/0/0/0/0/0/0/0/0/0/0/0/0/0/0/0,383.482/245.214/245.216/250.311/243.779/240.885/243.777/248.888/243.779/243.779/243.774/247.442/243.779/245.22/243.779/243.779/247.448/247.446/245.222/245.222/245.218/308.524/245.222/310.746/0/0/0/0/0/0/0/0/0/0/0/0/0/0/0/0/0/0/0/0/0/0/0/0/0/0/0/0/0/0/0/0/0/0/0/0/0/0/0/0/0/0/0/0/0/0/0/0,,,5177,1.2108545370266624e-11,2.022265625000001e-11,-3.7403813831805105e-06,2.165439246133562,0,0.0,9710,2.0487620041152818e-11,3.7929687500000015e-11,1.8026750125060491e-06,2.4521898628377313e-07,6.187184335382284e-07,1.1411839809870836e-06,0,1,nan,0.24832604871358738,24,24/23/20/19/18/15/13/12/7/6/3/1/2/4/5/8/9/10/11/14/16/17/21/22,23,1054.2,1.0,,,1.0290322560232438e-09,,,,,,,,,,,,,,0,13797,3,318325544.65499216,193803239.05149055,1.6425192180117174,2,-390365457.134116,-432832441.374066,-464230722.622165,-407566.372977,-95925614.0757,-506098.795475,-428917806.710401,-543801.248978,3828,228197.150998,-199979.869344,18063904.131304,5166281.742297,-242023987.428066,-291543329.176821,-1.5067,1.5143,-0.4944,0.495,0.0036,0.2226,4.0051,0.8243,0.0224,0.3763,0.5944,0.1574,489,1001,8484,,,
780,7.1292662e-05,15120.54,4.875630719935003e-08,9.966452636718756e-16,3.3547363281250015e-18,72,24,24,23,24/23/20/19/18/15/13/12/7/6/3/1/2/4/5/8/9/10/11/14/16/17/21/22,0,18,1,0.153809/0.0949707/0.0812988/0.148926/0.104492/0.0773926/0.0854492/0.152344/0.123535/0.161133/0.124023/0.107178/0.161133/0.126709/0.12207/0.167725/0.13623/0.130859/0.166748/0.149658/0.140869/0.231934/0.177246/0.229004/0/0/0/0/0/0/0/0/0/0/0/0/0/0/0/0/0/0/0/0/0/0/0/0/0/0/0/0/0/0/0/0/0/0/0/0/0/0/0/0/0/0/0/0/0/0/0/0,383.482/245.214/245.216/250.311/243.779/240.885/243.777/248.886/243.779/243.779/243.774/247.442/243.779/245.22/243.779/243.779/247.448/247.446/245.222/245.222/245.218/308.524/245.222/310.746/0/0/0/0/0/0/0/0/0/0/0/0/0/0/0/0/0/0/0/0/0/0/0/0/0/0/0/0/0/0/0/0/0/0/0/0/0/0/0/0/0/0/0/0/0/0/0/0,,,5160,1.206070140810314e-11,2.0156250000000008e-11,-3.74056626097318e-06,2.162481201450848,0,0.0,9736,2.0580031912746133e-11,3.8031250000000014e-11,1.801663583129861e-06,2.4521898628377313e-07,6.187184335382284e-07,1.1411839809870836e-06,0,1,nan,0.24801878885616832,24,24/23/20/19/18/15/13/12/7/6/3/1/2/4/5/8/9/10/11/14/16/17/21/22,23,1050.3,1.0,,,1.0262836980645122e-09,,,,,,,,,,,,,,0,13739,3,317931672.719405,193772112.006124,1.6407504125741121,2,-388532624.785137,-435019422.599501,-464373719.253944,-347551.475124,-74790141.115162,-505619.480747,-427242735.585233,-552244.724295,3863,262301.530235,-188840.358792,10610704.027951,8346655.973592,-234046897.010519,-287715906.086249,-1.2691,1.2801,-0.4543,0.4552,0.0035,0.2384,3.4786,0.7917,0.0226,0.366,0.5684,0.1528,470,980,8431,,,
800,7.1292662e-05,15539.98,4.875630719935003e-08,9.966601562500005e-16,3.3398437500000015e-18,72,24,24,23,24/23/20/19/18/15/13/12/7/6/3/1/2/4/5/8/9/10/11/14/16/17/21/22,0,18,1,0.154541/0.0947266/0.0812988/0.149414/0.104492/0.0769043/0.0852051/0.1521/0.123047/0.160889/0.123291/0.107178/0.161133/0.126709/0.121826/0.167725/0.135986/0.131104/0.166504/0.147949/0.139404/0.226807/0.175781/0.22583/0/0/0/0/0/0/0/0/0/0/0/0/0/0/0/0/0/0/0/0/0/0/0/0/0/0/0/0/0/0/0/0/0/0/0/0/0/0/0/0/0/0/0/0/0/0/0/0,383.482/245.214/245.216/250.311/243.779/240.885/243.777/248.886/243.779/243.779/243.774/247.442/243.779/245.22/243.779/243.779/247.448/247.446/245.222/248.89/245.218/308.524/245.22/310.746/0/0/0/0/0/0/0/0/0/0/0/0/0/0/0/0/0/0/0/0/0/0/0/0/0/0/0/0/0/0/0/0/0/0/0/0/0/0/0/0/0/0/0/0/0/0/0/0,1-2:0.389354/1-3:0.344147/2-4:0.397995/3-6:0.337144/4-5:0.614936/5-8:0.418006/6-7:0.335825/7-12:0.357654/8-9:0.645816/9-10:0.492274/10-11:0.64095/11-14:0.483043/12-13:0.486999/13-15:0.636265/14-16:0.551717/15-18:0.515971/16-17:0.648863/17-21:0.545533/18-19:0.562496/19-20:0.685247/20-23:0.62062/21-22:0.618572/23-24:0.694389,1-2:-59.728/1-3:-65.084/2-4:-55.788/3-6:-69.014/4-5:-51.852/5-8:-47.92/6-7:-72.855/7-12:-76.769/8-9:-43.963/9-10:-39.997/10-11:-36.041/11-14:-32.135/12-13:-80.71/13-15:-84.685/14-16:-28.113/15-18:-88.656/16-17:-24.163/17-21:-20.208/18-19:-92.598/19-20:-96.587/20-23:-100.6/21-22:-16.241/23-24:-104.55,5144,1.2023817272519208e-11,2.0093750000000008e-11,-3.744612972746496e-06,2.097733813077797,0,0.0,9720,2.05550158762441e-11,3.7968750000000014e-11,1.8010163714596812e-06,2.4521898628377313e-07,6.187184335382288e-07,1.148337756472568e-06,0,1,nan,0.2476923336602182,24,24/23/20/19/18/15/13/12/7/6/3/1/2/4/5/8/9/10/11/14/16/17/21/22,23,1049.9,1.0,,,1.0242709583557006e-09,1,24,1,1,1,1/0,1.0,24,6189,1965,619,24,24,0,13678,3,317513194.55895984,193760179.2377219,1.6386916847832131,2,-388925396.001756,-435974504.739254,-464182333.468118,-327229.325038,-61321102.773334,-503858.78645,-426161691.795292,-572640.840655,3893,262647.161606,-185750.918284,7091922.649218,19659740.358525,-251052126.110139,-288635742.437085,-1.3884,1.3991,-0.4439,0.4452,0.0034,0.2302,3.7726,0.7955,0.0227,0.369,0.5529,0.1493,458,935,8397,1289.4,762.3,338.0
820,8.1477328e-05,16093.31,4.6360773959283e-08,9.961000976562504e-16,3.8999023437500015e-18,72,27,27,26,25/24/23/20/19/18/15/13/12/7/6/3/1/2/4/5/8/9/10/11/14/16/17/21/22/26/27,0,18,1,0.154297/0.0957031/0.0817871/0.149414/0.104492/0.0769043/0.0852051/0.1521/0.122559/0.160645/0.122314/0.107178/0.160889/0.126709/0.121582/0.167725/0.135986/0.130859/0.16626/0.146729/0.13916/0.167236/0.174561/0.164307/0.250244/0.183105/0.251953/0/0/0/0/0/0/0/0/0/0/0/0/0/0/0/0/0/0/0/0/0/0/0/0/0/0/0/0/0/0/0/0/0/0/0/0/0/0/0/0/0/0/0/0/0,383.482/245.214/245.216/250.311/243.779/240.885/243.777/248.886/243.779/243.779/243.774/247.442/243.779/245.22/243.779/243.779/247.448/247.446/245.222/248.89/245.218/245.222/245.22/247.448/310.748/243.781/310.748/0/0/0/0/0/0/0/0/0/0/0/0/0/0/0/0/0/0/0/0/0/0/0/0/0/0/0/0/0/0/0/0/0/0/0/0/0/0/0/0/0/0/0/0/0,,,6023,1.4090289942368712e-11,2.3527343750000008e-11,-3.57837542080292e-06,4.757534644175009,0,0.0,10884,2.2877996784852394e-11,4.251562500000001e-11,2.0434305900832904e-06,2.4522000917521305e-07,6.187184335382292e-07,1.18410663389999e-06,0,1,nan,0.2253441400630826,27,25/24/23/20/19/18/15/13/12/7/6/3/1/2/4/5/8/9/10/11/14/16/17/21/22/26/27,26,1113.6,1.0,,,1.1885372943438493e-09,,,,,,,,,,,,,,0,15970,5,303791493.3497905,202980283.66095036,1.4966551818265803,2,-385497622.024441,-441828100.759315,-464273431.200528,-493171.614127,-133382689.816611,-503606.747394,-428506941.151167,-586455.59435,4391,257055.115751,-198032.729802,38282993.098367,851077.646295,-245147334.346316,-312600062.883205,-1.4702,1.5224,-0.5371,0.5375,0.0031,0.2399,3.4275,0.8455,0.0203,0.4425,0.6306,0.151,565,1202,9825,,,
840,8.1477328e-05,16535.41,4.6360773959283e-08,9.961347656250005e-16,3.8652343750000016e-18,72,27,27,26,25/24/23/20/19/18/15/13/12/7/6/3/1/2/4/5/8/9/10/11/14/16/17/21/22/26/27,0,19,1,0.153809/0.0959473/0.0820313/0.14917/0.104004/0.0769043/0.0849609/0.1521/0.12207/0.160645/0.12207/0.106934/0.160889/0.126709/0.121094/0.167969/0.135498/0.130371/0.166504/0.146484/0.138916/0.158936/0.172607/0.158203/0.243652/0.18042/0.246338/0/0/0/0/0/0/0/0/0/0/0/0/0/0/0/0/0/0/0/0/0/0/0/0/0/0/0/0/0/0/0/0/0/0/0/0/0/0/0/0/0/0/0/0/0,383.482/245.214/245.216/250.311/243.779/240.885/243.777/248.886/243.779/243.779/243.774/247.442/243.779/245.22/243.779/243.779/247.448/247.446/245.222/248.89/245.218/245.222/245.22/247.448/310.748/243.781/310.748/0/0/0/0/0/0/0/0/0/0/0/0/0/0/0/0/0/0/0/0/0/0/0/0/0/0/0/0/0/0/0/0/0/0/0/0/0/0/0/0/0/0/0/0/0,,,5983,1.3996100649244748e-11,2.337109375000001e-11,-3.581164215461904e-06,4.712913929631265,0,0.0,10900,2.293993838191814e-11,4.257812500000002e-11,2.0376979065813643e-06,2.4522000917521305e-07,6.187184335382292e-07,1.18410663389999e-06,0,1,nan,0.22491289796916947,27,25/24/23/20/19/18/15/13/12/7/6/3/1/2/4/5/8/9/10/11/14/16/17/21/22/26/27,26,1113.5,1.0,,,1.1842176027280091e-09,,,,,,,,,,,,,,0,15830,3,303210126.2032187,202933217.1124943,1.494137482850512,2,-389967581.672894,-437575568.816935,-464016546.844249,-264988.480112,-105700284.304103,-504307.477533,-427623816.740705,-597150.072803,4377,320899.817742,-196518.654465,35371395.248083,2991448.710161,-244210559.705009,-306983678.215829,-1.1669,1.2114,-0.49,0.4905,0.0031,0.2297,3.3311,0.8139,0.0203,0.3617,0.5969,0.1511,517,1161,9783,,,
860,8.1477328e-05,16991.73,4.6360773959283e-08,9.961589355468755e-16,3.841064453125002e-18,72,27,27,26,25/24/23/20/19/18/15/13/12/7/6/3/1/2/4/5/8/9/10/11/14/16/17/21/22/26/27,0,19,1,0.153564/0.0961914/0.0822754/0.149414/0.104004/0.0766602/0.0849609/0.151855/0.121582/0.160645/0.121094/0.106934/0.160889/0.126221/0.121094/0.167725/0.135254/0.130127/0.165527/0.145264/0.138916/0.154053/0.172119/0.157227/0.237305/0.179932/0.240234/0/0/0/0/0/0/0/0/0/0/0/0/0/0/0/0/0/0/0/0/0/0/0/0/0/0/0/0/0/0/0/0/0/0/0/0/0/0/0/0/0/0/0/0/0,383.482/245.214/245.216/250.311/243.779/240.885/243.777/248.886/243.779/245.208/243.772/247.442/243.779/245.22/243.779/243.779/247.446/247.446/245.22/248.89/245.218/245.222/245.22/247.448/310.748/243.781/310.748/0/0/0/0/0/0/0/0/0/0/0/0/0/0/0/0/0/0/0/0/0/0/0/0/0/0/0/0/0/0/0/0/0/0/0/0/0/0/0/0/0/0/0/0/0,,,5956,1.3930973729170727e-11,2.326562500000001e-11,-3.586835104868242e-06,4.6221796991298545,0,0.0,10892,2.294193715354215e-11,4.2546875000000016e-11,2.0364423088213766e-06,2.4522000917521284e-07,6.187184335382292e-07,1.18410663389999e-06,0,1,nan,0.22477448104293724,27,25/24/23/20/19/18/15/13/12/7/6/3/1/2/4/5/8/9/10/11/14/16/17/21/22/26/27,26,1113.5,1.0,,,1.1814862555764115e-09,,,,,,,,,,,,,,0,15731,3,303023523.2380242,202896500.6342738,1.493488169045517,2,-390624993.914683,-436555020.622922,-463815370.188311,-282510.973353,-89645522.315015,-506335.082369,-427567102.469183,-568624.137234,4328,274117.045892,-194757.826286,15203483.166548,6805863.13078,-264366333.852199,-295844135.334999,-1.2453,1.2701,-0.4578,0.4585,0.0031,0.2188,3.5577,0.7776,0.0204,0.3552,0.5833,0.1501,504,1140,9768,,,
880,8.1477328e-05,17446.39,4.6360773959283e-08,9.961767578125005e-16,3.8232421875000015e-18,72,27,27,26,25/24/23/20/19/18/15/13/12/7/6/3/1/2/4/5/8/9/10/11/14/16/17/21/22/26/27,0,19,1,0.153076/0.0961914/0.0825195/0.149414/0.10376/0.0766602/0.0842285/0.152344/0.12085/0.160889/0.12085/0.106934/0.161133/0.125977/0.121094/0.16748/0.135254/0.129395/0.165283/0.144775/0.138672/0.149902/0.171631/0.154785/0.234863/0.179688/0.235596/0/0/0/0/0/0/0/0/0/0/0/0/0/0/0/0/0/0/0/0/0/0/0/0/0/0/0/0/0/0/0/0/0/0/0/0/0/0/0/0/0/0/0/0/0,383.482/245.214/245.216/250.311/243.779/240.885/243.777/248.886/243.777/245.208/243.772/247.442/243.779/245.22/243.779/243.779/247.446/247.446/245.22/245.222/245.218/245.222/245.22/247.448/310.748/243.781/310.748/0/0/0/0/0/0/0/0/0/0/0/0/0/0/0/0/0/0/0/0/0/0/0/0/0/0/0/0/0/0/0/0/0/0/0/0/0/0/0/0/0/0/0/0/0,,,5941,1.3893180426054443e-11,2.320703125000001e-11,-3.586880810554779e-06,4.621448408145265,0,0.0,10882,2.2951029340311405e-11,4.250781250000002e-11,2.035414068630503e-06,2.4522000917521284e-07,6.187184335382292e-07,1.155491531958052e-06,0,1,nan,0.22465788089669259,27,25/24/23/20/19/18/15/13/12/7/6/3/1/2/4/5/8/9/10/11/14/16/17/21/22/26/27,26,1113.1,1.0,,,1.1796252659703973e-09,,,,,,,,,,,,,,0,15658,3,302866331.9636358,202873479.07483262,1.4928828220662567,2,-393047799.556391,-437714336.053637,-463926590.20374,-257937.470751,-72350552.970354,-505097.931222,-426655751.323967,-573926.295146,4339,287824.411307,-192756.896616,16883180.178342,14245441.36505,-255288197.104873,-296623389.63189,-1.2844,1.3034,-0.4326,0.4334,0.0031,0.2051,3.6713,0.7591,0.0206,0.3533,0.5644,0.1482,501,1134,9688,,,
900,8.1477328e-05,17919.95,4.6360773959283e-08,9.961918945312505e-16,3.808105468750002e-18,72,27,27,26,25/24/23/20/19/18/15/13/12/7/6/3/1/2/4/5/8/9/10/11/14/16/17/21/22/26/27,0,19,1,0.153076/0.0961914/0.0830078/0.14917/0.103516/0.076416/0.0834961/0.152344/0.12085/0.160889/0.120117/0.107178/0.161865/0.125977/0.12085/0.16748/0.13501/0.12915/0.165283/0.144775/0.138916/0.148682/0.171143/0.149902/0.231934/0.178711/0.232178/0/0/0/0/0/0/0/0/0/0/0/0/0/0/0/0/0/0/0/0/0/0/0/0/0/0/0/0/0/0/0/0/0/0/0/0/0/0/0/0/0/0/0/0/0,383.482/245.214/245.216/250.311/243.779/240.885/243.766/248.886/243.777/245.208/243.772/247.442/243.779/245.22/243.779/243.779/247.446/247.446/245.22/245.222/245.218/245.222/245.22/247.448/310.748/243.781/310.748/0/0/0/0/0/0/0/0/0/0/0/0/0/0/0/0/0/0/0/0/0/0/0/0/0/0/0/0/0/0/0/0/0/0/0/0/0/0/0/0/0/0/0/0/0,1-2:0.380213/1-3:0.344147/2-4:0.402771/3-6:0.337144/4-5:0.614936/5-8:0.416278/6-7:0.335825/7-12:0.355926/8-9:0.645816/9-10:0.470535/10-11:0.617983/11-14:0.47522/12-13:0.485271/13-15:0.636265/14-16:0.54867/15-18:0.50683/16-17:0.645816/17-21:0.542076/18-19:0.540348/19-20:0.6822/20-23:0.594106/21-22:0.585054/22-26:0.6515/23-24:0.676106/24-25:0.663689/26-27:0.688884,1-2:-59.737/1-3:-65.084/2-4:-55.788/3-6:-69.014/4-5:-51.852/5-8:-47.921/6-7:-72.855/7-12:-76.764/8-9:-43.963/9-10:-40.002/10-11:-36.036/11-14:-32.139/12-13:-80.71/13-15:-84.685/14-16:-28.11/15-18:-88.659/16-17:-24.163/17-21:-20.215/18-19:-92.604/19-20:-96.587/20-23:-100.59/21-22:-16.242/22-26:-12.228/23-24:-104.55/24-25:-108.5/26-27:-8.2775,5923,1.3843608091383046e-11,2.3136718750000008e-11,-3.586919429893302e-06,4.620830498728896,0,0.0,10910,2.3036347285313764e-11,4.261718750000002e-11,2.0341431172230053e-06,2.4522000917521284e-07,6.187184335382292e-07,1.155491531958052e-06,0,1,nan,0.22487566267534279,27,25/24/23/20/19/18/15/13/12/7/6/3/1/2/4/5/8/9/10/11/14/16/17/21/22/26/27,26,1113.0,1.0,,,1.1782878671155235e-09,1,27,1,1,1,1/0,1.0,27,6936,2108,619,27,27,0,15592,7,303159928.46781826,202856344.50074396,1.4944562331236648,2,-395256390.303782,-434939203.757264,-463899989.674758,-249618.993935,-55277466.688471,-505629.400504,-425314252.830911,-589019.280444,4370,288528.388245,-185428.168575,8893287.307998,20671078.061146,-269765293.646407,-292429990.205444,-1.1978,1.2123,-0.4084,0.4096,0.0031,0.2017,3.7113,0.7313,0.0208,0.3249,0.553,0.146,474,1114,9643,1335.4,751.3,339.8
920,9.1661994e-05,18462.67,4.4189615031262974e-08,9.956303710937504e-16,4.369628906250002e-18,72,30,30,29,29/28/25/24/23/20/19/18/15/13/12/7/6/3/1/2/4/5/8/9/10/11/14/16/17/21/22/26/27/30,0,19,1,0.153809/0.0964355/0.0830078/0.14917/0.103271/0.0761719/0.0830078/0.151855/0.12085/0.160645/0.120117/0.107178/0.161865/0.125488/0.12085/0.167236/0.13501/0.12915/0.165039/0.14502/0.138428/0.148682/0.169678/0.148193/0.174805/0.177246/0.170654/0.183838/0.250488/0.252441/0/0/0/0/0/0/0/0/0/0/0/0/0/0/0/0/0/0/0/0/0/0/0/0/0/0/0/0/0/0/0/0/0/0/0/0/0/0/0/0/0/0,383.482/245.214/245.216/250.311/243.779/240.885/242.335/248.886/243.777/245.208/243.772/247.442/243.779/245.22/243.779/243.779/247.446/247.446/245.22/245.222/245.218/245.222/245.22/247.448/275.1/243.781/247.446/245.222/308.52/310.748/0/0/0/0/0/0/0/0/0/0/0/0/0/0/0/0/0/0/0/0/0/0/0/0/0/0/0/0/0/0/0/0/0/0/0/0/0/0/0/0/0/0,,,6823,1.59767068239553e-11,2.665234375000001e-11,-3.7497626884330768e-06,2.0153383620925016,0,0.0,12022,2.526681924717471e-11,4.696093750000002e-11,2.2815420602161706e-06,2.4522000917521337e-07,6.187184335382297e-07,1.183074548170226e-06,0,1,nan,0.20547587909808238,30,29/28/25/24/23/20/19/18/15/13/12/7/6/3/1/2/4/5/8/9/10/11/14/16/17/21/22/26/27/30,29,1154.9,1.0,,,1.3439414213460778e-09,,,,,,,,,,,,,,0,17895,4,290616753.15669996,212455156.10523146,1.3678969175629427,2,-386650968.75016,-441301364.821004,-464423235.480587,-470313.116205,-107328263.683127,-516485.677056,-427575175.0638,-603001.268742,4897,197688.299312,-195255.112232,61816185.578844,20248583.6755,-271675583.414026,-314720650.106327,-1.5087,1.5586,-0.4621,0.4629,0.0028,0.2086,3.5428,0.7607,0.0187,0.4384,0.6028,0.1468,609,1357,11047,,,
940,9.1661994e-05,18936.59,4.4189615031262974e-08,9.956633300781255e-16,4.336669921875002e-18,72,30,30,29,29/28/25/24/23/20/19/18/15/13/12/7/6/3/1/2/4/5/8/9/10/11/14/16/17/21/22/26/27/30,0,19,1,0.154541/0.0966797/0.0830078/0.14917/0.103271/0.0761719/0.0827637/0.1521/0.120361/0.160889/0.119385/0.107178/0.161621/0.124512/0.120605/0.16748/0.134766/0.128906/0.164795/0.14502/0.138672/0.148438/0.169922/0.149414/0.171143/0.177002/0.165527/0.17627/0.240967/0.246094/0/0/0/0/0/0/0/0/0/0/0/0/0/0/0/0/0/0/0/0/0/0/0/0/0/0/0/0/0/0/0/0/0/0/0/0/0/0/0/0/0/0,383.482/245.214/245.216/250.311/243.779/240.885/242.335/248.886/243.777/245.208/243.772/247.442/243.779/245.22/243.779/243.779/247.446/247.446/245.22/245.222/245.218/245.222/245.22/247.448/275.1/243.781/247.446/245.222/308.52/310.748/0/0/0/0/0/0/0/0/0/0/0/0/0/0/0/0/0/0/0/0/0/0/0/0/0/0/0/0/0/0/0/0/0/0/0/0/0/0/0/0/0/0,,,6783,1.5871968009977425e-11,2.649609375000001e-11,-3.7422528594035705e-06,2.135495626564602,0,0.0,12062,2.5380789643085658e-11,4.7117187500000016e-11,2.274746938720841e-06,2.4522000917521337e-07,6.187184335382297e-07,1.183074548170226e-06,0,1,nan,0.20441539118044968,30,29/28/25/24/23/20/19/18/15/13/12/7/6/3/1/2/4/5/8/9/10/11/14/16/17/21/22/26/27/30,29,1155.6,1.0,,,1.3407673820585335e-09,,,,,,,,,,,,,,0,17760,4,289116842.0394578,212423721.58131218,1.3610383995122164,2,-388179063.901726,-440970923.170859,-464219749.070082,-340648.79001,-90794949.725318,-517998.091643,-426750100.029795,-592231.457029,4875,300021.694647,-194798.514254,51259171.434029,17085291.436738,-256430481.410136,-312825860.220689,-1.2402,1.2914,-0.4384,0.4393,0.0027,0.2018,3.2021,0.7461,0.0187,0.4014,0.5825,0.1443,578,1322,10995,,,
960,9.1661994e-05,19398.5,4.4189615031262974e-08,9.956789550781255e-16,4.321044921875002e-18,72,30,30,29,29/28/25/24/23/20/19/18/15/13/12/7/6/3/1/2/4/5/8/9/10/11/14/16/17/21/22/26/27/30,0,19,1,0.154541/0.0966797/0.0830078/0.14917/0.103271/0.0759277/0.0825195/0.1521/0.120361/0.1604/0.119385/0.106689/0.161621/0.124756/0.120361/0.167725/0.134766/0.128906/0.164795/0.144287/0.138184/0.147705/0.169434/0.149414/0.169678/0.176025/0.162354/0.176025/0.236572/0.244385/0/0/0/0/0/0/0/0/0/0/0/0/0/0/0/0/0/0/0/0/0/0/0/0/0/0/0/0/0/0/0/0/0/0/0/0/0/0/0/0/0/0,383.482/245.214/245.216/250.311/243.779/240.885/242.335/248.886/243.777/245.208/243.772/247.442/243.779/245.22/243.779/243.779/247.446/247.446/245.22/245.222/245.218/245.222/245.22/247.448/275.1/243.781/247.446/245.222/308.52/310.748/0/0/0/0/0/0/0/0/0/0/0/0/0/0/0/0/0/0/0/0/0/0/0/0/0/0/0/0/0/0/0/0/0/0/0/0/0/0/0/0/0/0,,,6770,1.5838949902243525e-11,2.644531250000001e-11,-3.740668769911774e-06,2.160841058433347,0,0.0,12086,2.5472382181841982e-11,4.721093750000002e-11,2.273682693060377e-06,2.4522000917521337e-07,6.187184335382297e-07,1.183074548170226e-06,0,1,nan,0.20459273865750227,30,29/28/25/24/23/20/19/18/15/13/12/7/6/3/1/2/4/5/8/9/10/11/14/16/17/21/22/26/27/30,29,1156.2,1.0,,,1.3390980973700833e-09,,,,,,,,,,,,,,0,17696,4,289367675.12112063,212413738.54990536,1.362283235992927,2,-392432374.466769,-439319966.36468,-464099338.061907,-296654.860656,-71549923.422938,-514744.134939,-426082611.318745,-582905.249107,4929,335935.774533,-196209.80551,24135326.953251,14618759.444061,-280468558.633104,-302612355.448765,-1.0348,1.0764,-0.4011,0.4018,0.0027,0.198,3.0288,0.7056,0.0187,0.3532,0.5623,0.1436,521,1293,10961,,,
980,9.1661994e-05,19855.99,4.4189615031262974e-08,9.956984863281255e-16,4.301513671875002e-18,72,30,30,29,29/28/25/24/23/20/19/18/15/13/12/7/6/3/1/2/4/5/8/9/10/11/14/16/17/21/22/26/27/30,0,21,1,0.155273/0.0966797/0.0827637/0.14917/0.102783/0.0759277/0.0825195/0.151855/0.120117/0.1604/0.118652/0.106934/0.161377/0.125/0.119873/0.167725/0.134766/0.128662/0.165039/0.143311/0.137939/0.145752/0.169434/0.147949/0.165039/0.175537/0.1604/0.175781/0.232422/0.242432/0/0/0/0/0/0/0/0/0/0/0/0/0/0/0/0/0/0/0/0/0/0/0/0/0/0/0/0/0/0/0/0/0/0/0/0/0/0/0/0/0/0,383.482/245.214/245.216/250.311/243.779/240.885/242.335/248.886/243.777/245.208/243.772/247.442/258.317/245.22/243.779/243.779/247.446/247.446/245.22/245.222/245.218/245.222/245.22/247.448/275.1/243.781/247.446/245.222/308.52/310.748/0/0/0/0/0/0/0/0/0/0/0/0/0/0/0/0/0/0/0/0/0/0/0/0/0/0/0/0/0/0/0/0/0/0/0/0/0/0/0/0/0/0,,,6757,1.580593166664819e-11,2.639453125000001e-11,-3.7424696213236233e-06,2.132027435843757,0,0.0,12110,2.5534961908016827e-11,4.7304687500000015e-11,2.2725288853505076e-06,2.452210320666535e-07,6.187184335382297e-07,1.183074548170226e-06,0,1,nan,0.2047348568228448,30,29/28/25/24/23/20/19/18/15/13/12/7/6/3/1/2/4/5/8/9/10/11/14/16/17/21/22/26/27/30,29,1156.8,1.0,,,1.3383133036341811e-09,,,,,,,,,,,,,,0,17616,4,289568681.29253954,212409136.1461196,1.3632590694843778,3,-394045463.305784,-438402579.029471,-464151965.713051,-258122.630073,-58301889.845507,-517369.836009,-426107461.58352,-600334.188156,4925,419912.164715,-189697.205692,38210685.124971,26494314.246845,-276945173.928129,-294655159.901828,-1.0712,1.1134,-0.3849,0.3863,0.0028,0.1962,3.2114,0.6861,0.0189,0.3446,0.5555,0.1437,502,1262,10934,,,
1000,9.1661994e-05,20347.95,4.4189615031262974e-08,9.957121582031255e-16,4.287841796875002e-18,72,30,30,29,29/28/25/24/23/20/19/18/15/13/12/7/6/3/1/2/4/5/8/9/10/11/14/16/17/21/22/26/27/30,0,21,1,0.155518/0.0966797/0.0827637/0.14917/0.102539/0.0756836/0.0820313/0.151855/0.120117/0.160156/0.118652/0.107178/0.161377/0.125/0.119629/0.16748/0.134766/0.128662/0.165283/0.143311/0.137695/0.144775/0.169434/0.147461/0.162109/0.175537/0.158447/0.175537/0.22876/0.240234/0/0/0/0/0/0/0/0/0/0/0/0/0/0/0/0/0/0/0/0/0/0/0/0/0/0/0/0/0/0/0/0/0/0/0/0/0/0/0/0/0/0,383.482/245.214/245.216/250.311/243.779/240.885/242.335/248.886/243.777/245.208/243.772/247.442/258.323/245.22/243.779/243.779/247.446/247.446/245.22/245.222/245.218/245.222/245.22/247.448/275.1/243.781/247.446/245.222/308.52/310.748/0/0/0/0/0/0/0/0/0/0/0/0/0/0/0/0/0/0/0/0/0/0/0/0/0/0/0/0/0/0/0/0/0/0/0/0/0/0/0/0/0/0,1-2:0.380213/1-3:0.344147/2-4:0.401042/3-6:0.331959/4-5:0.608841/5-8:0.409364/6-7:0.335825/7-12:0.350741/8-9:0.645816/9-10:0.467488/10-11:0.617983/11-14:0.471764/12-13:0.491365/13-15:0.630171/14-16:0.545623/15-18:0.503783/16-17:0.642769/17-21:0.535982/18-19:0.540348/19-20:0.6822/20-23:0.58933/21-22:0.566362/22-26:0.64195/23-24:0.669603/24-25:0.647634/25-28:0.648953/26-27:0.670602/27-30:0.717127/28-29:0.687885,1-2:-59.737/1-3:-65.084/2-4:-55.791/3-6:-69.01/4-5:-51.852/5-8:-47.921/6-7:-72.855/7-12:-76.76/8-9:-43.963/9-10:-40.002/10-11:-36.036/11-14:-32.142/12-13:-80.707/13-15:-84.696/14-16:-28.107/15-18:-88.659/16-17:-24.163/17-21:-20.214/18-19:-92.604/19-20:-96.587/20-23:-100.59/21-22:-16.247/22-26:-12.233/23-24:-104.55/24-25:-108.5/25-28:-112.5/26-27:-8.273/27-30:-4.3063/28-29:-116.47,6744,1.5776869932905402e-11,2.634375000000001e-11,-3.7413791565013224e-06,2.1494748730005706,0,0.0,12096,2.55107657157975e-11,4.725000000000002e-11,2.270390242631948e-06,2.452210320666535e-07,6.187184335382297e-07,1.183074548170226e-06,0,1,nan,0.2060686436331938,30,29/28/25/24/23/20/19/18/15/13/12/7/6/3/1/2/4/5/8/9/10/11/14/16/17/21/22/26/27/30,29,1156.7,1.0,,,1.3378246916332287e-09,1,30,1,1,1,1/0,1.0,30,7680,2175,619,30,30,0,17560,4,291455135.28377336,212408619.30016392,1.37214363637431,2,-397285931.348338,-434046823.666398,-464020152.071002,-245311.87646,-52207595.546182,-513590.727359,-425231446.730907,-597610.297055,4935,358872.129176,-187051.110883,13303958.874728,24923928.118468,-291689006.681588,-295421039.074307,-1.0875,1.1059,-0.3729,0.3747,0.0027,0.184,3.5055,0.6724,0.0189,0.3135,0.5494,0.1408,488,1254,10890,1286.9,751.3,338.8
1020,0.00010184666,20929.1,4.2212717110801314e-08,9.951254882812505e-16,4.874511718750002e-18,72,33,33,32,33/31/29/28/25/24/23/20/19/18/15/13/12/7/6/3/1/2/4/5/8/9/10/11/14/16/17/21/22/26/27/30/32,0,21,1,0.156006/0.097168/0.0842285/0.14917/0.102539/0.0754395/0.0820313/0.151855/0.120117/0.159668/0.119141/0.107422/0.161377/0.125/0.119629/0.167236/0.134277/0.128418/0.165283/0.143066/0.137695/0.143555/0.169678/0.146973/0.161377/0.175537/0.157227/0.175293/0.17041/0.181152/0.188965/0.255859/0.261719/0/0/0/0/0/0/0/0/0/0/0/0/0/0/0/0/0/0/0/0/0/0/0/0/0/0/0/0/0/0/0/0/0/0/0/0/0/0/0,383.482/245.214/640.314/250.311/243.779/240.885/242.335/248.886/243.777/245.208/545.083/247.442/258.323/245.22/243.779/243.779/247.446/247.446/245.22/245.222/245.218/245.222/245.22/247.448/275.1/243.781/247.446/245.222/263.436/585.848/247.446/308.522/310.748/0/0/0/0/0/0/0/0/0/0/0/0/0/0/0/0/0/0/0/0/0/0/0/0/0/0/0/0/0/0/0/0/0/0/0/0/0/0/0,,,7657,1.794430573502383e-11,2.9910156250000014e-11,-3.9056177231415345e-06,-0.4783421932428216,0,0.0,13370,2.8126724118022055e-11,5.222656250000002e-11,2.513513049592963e-06,2.474421486648179e-07,6.187184335382301e-07,1.1841066338999903e-06,0,1,nan,0.20563361697818355,33,33/31/29/28/25/24/23/20/19/18/15/13/12/7/6/3/1/2/4/5/8/9/10/11/14/16/17/21/22/26/27/30/32,32,1603.8,1.0,,,1.5060697242885391e-09,,,,,,,,,,,,,,0,19958,9,304460407.68713987,223361774.4996615,1.363081970355681,1,-381745619.011732,-438248156.093496,-464143384.040986,-361928.692676,-91690911.482151,-519962.277998,-427120101.219458,-606188.419818,5472,752790.031388,-195175.04368,79616194.059868,27939662.75623,-235202746.290092,-310293826.509327,-1.2249,1.351,-0.4133,0.4147,0.0025,0.1827,2.9659,0.6801,0.0173,0.4537,0.6034,0.1397,670,1523,12313,,,
1040,0.00010184666,21442.7,4.2212717110801314e-08,9.951562500000005e-16,4.8437500000000024e-18,72,33,33,32,33/31/29/28/25/24/23/20/19/18/15/13/12/7/6/3/1/2/4/5/8/9/10/11/14/16/17/21/22/26/27/30/32,0,21,1,0.156494/0.0976563/0.0842285/0.148926/0.102539/0.0754395/0.0817871/0.151855/0.119629/0.159668/0.119385/0.107666/0.161133/0.125244/0.119873/0.167236/0.134277/0.12793/0.165283/0.142578/0.137939/0.142822/0.169678/0.146973/0.15918/0.175537/0.15625/0.175049/0.164795/0.175537/0.185059/0.250488/0.255615/0/0/0/0/0/0/0/0/0/0/0/0/0/0/0/0/0/0/0/0/0/0/0/0/0/0/0/0/0/0/0/0/0/0/0/0/0/0/0,383.482/245.214/640.314/250.311/243.768/240.885/242.333/248.886/243.777/245.208/545.083/247.442/258.323/245.22/376.945/243.779/247.446/247.446/245.22/245.22/245.218/245.222/245.22/247.448/275.1/243.781/247.446/245.222/263.436/585.848/247.446/312.19/310.748/0/0/0/0/0/0/0/0/0/0/0/0/0/0/0/0/0/0/0/0/0/0/0/0/0/0/0/0/0/0/0/0/0/0/0/0/0/0/0,,,7634,1.7890048551111142e-11,2.982031250000001e-11,-3.902000429928598e-06,-0.4204655018358348,0,0.0,13336,2.8070599166437628e-11,5.209375000000002e-11,2.511435282697056e-06,2.474462402305763e-07,6.187184335382301e-07,1.1841066338999903e-06,0,1,nan,0.21022705941746034,33,33/31/29/28/25/24/23/20/19/18/15/13/12/7/6/3/1/2/4/5/8/9/10/11/14/16/17/21/22/26/27/30/32,32,1603.6,1.0,,,1.5049272504387776e-09,,,,,,,,,,,,,,0,19831,9,311261442.3540445,223377511.3003603,1.3934323134951252,1,-386114530.074743,-440334818.745189,-463929824.051522,-294242.436231,-80391930.414884,-520340.320472,-426103301.794401,-585044.374635,5493,4907767.344495,-192042.699451,48680689.521303,44586522.685297,-213539504.972426,-314276193.711968,-1.0724,1.1928,-0.3905,0.3924,0.0025,0.1805,2.7872,0.6738,0.0174,0.426,0.5753,0.1399,655,1441,12258,,,
1060,0.00010184666,21929.77,4.2212717110801314e-08,9.951757812500005e-16,4.824218750000002e-18,72,33,33,32,33/31/29/28/25/24/23/20/19/18/15/13/12/7/6/3/1/2/4/5/8/9/10/11/14/16/17/21/22/26/27/30/32,0,21,1,0.156738/0.0976563/0.0842285/0.148926/0.102051/0.0749512/0.0812988/0.1521/0.119141/0.160156/0.118896/0.107666/0.161133/0.125244/0.119873/0.167236/0.134277/0.12793/0.165283/0.142578/0.137695/0.142578/0.169922/0.14624/0.157959/0.175537/0.155029/0.174805/0.16333/0.172607/0.183594/0.24585/0.251709/0/0/0/0/0/0/0/0/0/0/0/0/0/0/0/0/0/0/0/0/0/0/0/0/0/0/0/0/0/0/0/0/0/0/0/0/0/0/0,383.482/245.214/640.314/250.311/243.768/240.885/242.333/248.886/243.777/245.22/545.083/247.442/258.323/245.22/376.945/243.779/248.89/247.446/245.22/245.22/245.218/245.222/245.22/247.448/275.1/243.781/247.446/245.222/263.436/585.848/247.446/312.19/310.748/0/0/0/0/0/0/0/0/0/0/0/0/0/0/0/0/0/0/0/0/0/0/0/0/0/0/0/0/0/0/0/0/0/0/0/0/0/0/0,,,7607,1.7815689537658324e-11,2.971484375000001e-11,-3.9038514631897115e-06,-0.4500820340136532,0,0.0,13358,2.8179836559114552e-11,5.217968750000002e-11,2.5083237129644578e-06,2.474462402305763e-07,6.187184335382301e-07,1.1841066338999903e-06,0,1,nan,0.20710058721480348,33,33/31/29/28/25/24/23/20/19/18/15/13/12/7/6/3/1/2/4/5/8/9/10/11/14/16/17/21/22/26/27/30/32,32,1603.5,1.0,,,1.504643657967019e-09,,,,,,,,,,,,,,0,19750,9,306632398.6430427,223389198.95262232,1.3726375316296069,1,-389317117.559883,-437020347.825605,-463867102.22733,-295235.483496,-53835343.559235,-521940.205052,-425779707.925244,-556771.055338,5454,503951.628781,-189789.211087,31483686.671583,35857314.164375,-246512836.096769,-305201533.876281,-0.9574,1.0279,-0.3544,0.3567,0.0025,0.173,2.8231,0.639,0.0173,0.3619,0.5502,0.1404,619,1423,12265,,,
1080,0.00010184666,22416.66,4.2212717110801314e-08,9.951892089843754e-16,4.810791015625002e-18,72,33,33,32,33/31/29/28/25/24/23/20/19/18/15/13/12/7/6/3/1/2/4/5/8/9/10/11/14/16/17/21/22/26/27/30/32,0,22,1,0.156982/0.0974121/0.0842285/0.148926/0.102539/0.0749512/0.0812988/0.151855/0.118896/0.160156/0.117676/0.107666/0.161133/0.125244/0.120117/0.167236/0.134033/0.12793/0.164795/0.14209/0.137451/0.141846/0.169922/0.145752/0.157227/0.174316/0.154297/0.174561/0.159912/0.168701/0.186279/0.245605/0.249756/0/0/0/0/0/0/0/0/0/0/0/0/0/0/0/0/0/0/0/0/0/0/0/0/0/0/0/0/0/0/0/0/0/0/0/0/0/0/0,383.482/245.214/640.304/250.311/481.791/240.885/242.333/248.886/243.777/245.22/545.083/247.442/258.323/245.22/404.599/243.779/248.89/247.446/245.22/245.22/245.218/245.222/245.22/390.801/275.1/243.781/248.89/245.222/263.436/585.848/247.446/312.19/310.748/0/0/0/0/0/0/0/0/0/0/0/0/0/0/0/0/0/0/0/0/0/0/0/0/0/0/0/0/0/0/0/0/0/0/0/0/0/0/0,,,7580,1.7740012073838955e-11,2.960937500000001e-11,-3.906026672254374e-06,-0.4848853790482518,0,0.0,13408,2.8305815088578366e-11,5.237500000000002e-11,2.5063156359814225e-06,2.4744624023057717e-07,6.187184335382309e-07,1.1984141848709583e-06,0,1,nan,0.21506834555606796,33,33/31/29/28/25/24/23/20/19/18/15/13/12/7/6/3/1/2/4/5/8/9/10/11/14/16/17/21/22/26/27/30/32,32,1603.5,1.0,,,1.504564266779728e-09,,,,,,,,,,,,,,0,19690,13,318429433.5276227,223396517.33777934,1.425400168822471,1,-391816282.054597,-434908945.195205,-463788090.106388,-292576.9276,-53243120.509876,-522590.712131,-425578589.478431,-565305.005184,5462,407823.141002,-189296.155733,67784183.672993,33986745.916399,-283310649.997453,-299470687.199923,-0.8936,0.9536,-0.3476,0.3502,0.0024,0.171,2.8321,0.6221,0.0173,0.3344,0.5548,0.1384,625,1406,12215,,,
1100,0.00010184666,22928.34,4.2212717110801314e-08,9.951984863281254e-16,4.801513671875002e-18,72,33,33,32,33/31/29/28/25/24/23/20/19/18/15/13/12/7/6/3/1/2/4/5/8/9/10/11/14/16/17/21/22/26/27/30/32,0,22,1,0.157227/0.0979004/0.0847168/0.148438/0.102539/0.0749512/0.0812988/0.151611/0.118652/0.1604/0.117432/0.107666/0.161377/0.124756/0.120117/0.167236/0.133545/0.12793/0.164795/0.14209/0.137451/0.141113/0.169922/0.145264/0.156494/0.174805/0.153564/0.174561/0.157959/0.167969/0.185791/0.244141/0.247803/0/0/0/0/0/0/0/0/0/0/0/0/0/0/0/0/0/0/0/0/0/0/0/0/0/0/0/0/0/0/0/0/0/0/0/0/0/0/0,383.482/245.214/645.442/250.311/481.791/240.885/242.333/248.886/243.777/245.22/545.083/247.442/258.323/245.22/404.599/243.779/248.89/247.446/245.22/245.22/245.218/245.222/245.22/390.801/275.098/243.781/248.89/245.222/263.436/585.848/247.446/312.19/310.748/0/0/0/0/0/0/0/0/0/0/0/0/0/0/0/0/0/0/0/0/0/0/0/0/0/0/0/0/0/0/0/0/0/0/0/0/0/0/0,1-2:0.377165/1-3:0.339372/2-4:0.401042/3-6:0.331959/4-5:0.605385/5-8:0.398085/6-7:0.332778/7-12:0.349013/8-9:0.642769/9-10:0.453162/10-11:0.604066/11-14:0.470036/12-13:0.491365/13-15:0.628442/14-16:0.545623/15-18:0.503783/16-17:0.639722/17-21:0.525112/18-19:0.537301/19-20:0.6822/20-23:0.582826/21-22:0.560268/22-26:0.635855/23-24:0.666555/24-25:0.624167/25-28:0.644178/26-27:0.661461/27-30:0.675787/28-29:0.655367/29-31:0.718855/30-32:0.730454/31-33:0.68279,1-2:-59.737/1-3:-65.089/2-4:-55.791/3-6:-69.01/4-5:-51.854/5-8:-47.925/6-7:-72.855/7-12:-76.756/8-9:-43.963/9-10:-40.005/10-11:-36.031/11-14:-32.142/12-13:-80.707/13-15:-84.696/14-16:-28.107/15-18:-88.659/16-17:-24.163/17-21:-20.202/18-19:-92.606/19-20:-96.587/20-23:-100.59/21-22:-16.247/22-26:-12.233/23-24:-104.55/24-25:-108.51/25-28:-112.5/26-27:-8.273/27-30:-4.3107/28-29:-116.47/29-31:-120.44/30-32:-0.3361/31-33:-124.38,7565,1.7696943434919278e-11,2.9550781250000014e-11,-3.9010766671378605e-06,-0.40568529718403784,0,0.0,13458,2.846608202214991e-11,5.257031250000002e-11,2.502501087249463e-06,2.4744624023057717e-07,6.187184335382309e-07,1.1984141848709583e-06,0,1,nan,0.20810928556463565,33,33/31/29/28/25/24/23/20/19/18/15/13/12/7/6/3/1/2/4/5/8/9/10/11/14/16/17/21/22/26/27/30/32,32,1603.3,1.0,,,1.5048665488178563e-09,1,33,1,1,1,1/0,1.0,33,8428,2304,619,33,33,0,19650,15,308125873.8604525,223412164.62187445,1.3791812741349878,1,-394193173.622519,-432379850.026272,-463547305.6544,-276974.369183,-35072913.135251,-522279.046351,-425353182.237444,-561162.995496,5434,428498.294417,-188627.167334,27887329.429749,32075847.897712,-280265956.605999,-297602356.380636,-0.7387,0.772,-0.3376,0.3404,0.0024,0.172,2.5092,0.611,0.0173,0.305,0.5486,0.1381,623,1409,12202,1320.1,751.3,336.2
1120,0.000122215992,23557.7,3.874598173989343e-08,9.945717773437505e-16,5.428222656250002e-18,72,36,36,35,36/35/33/31/29/28/25/24/23/20/19/18/15/13/12/7/6/3/1/2/4/5/8/9/10/11/14/16/17/21/22/26/27/30/32/34,0,22,1,0.158936/0.100098/0.0866699/0.148926/0.102539/0.0749512/0.0812988/0.151611/0.118652/0.160156/0.117432/0.10791/0.161621/0.124756/0.120361/0.167236/0.133545/0.12793/0.164795/0.142334/0.137695/0.141113/0.170166/0.14502/0.155518/0.174805/0.153564/0.175049/0.157959/0.167236/0.184326/0.233398/0.184814/0.263428/0.196777/0.235596/0/0/0/0/0/0/0/0/0/0/0/0/0/0/0/0/0/0/0/0/0/0/0/0/0/0/0/0/0/0/0/0/0/0/0/0,383.482/464.242/645.442/250.311/481.791/240.885/242.333/248.886/422.775/245.22/545.083/247.442/258.323/245.22/404.599/243.779/248.89/247.446/245.22/245.22/245.218/245.222/245.22/390.801/275.098/243.781/248.89/245.222/263.436/613.502/247.446/300.528/253.999/308.522/245.222/280.87/0/0/0/0/0/0/0/0/0/0/0/0/0/0/0/0/0/0/0/0/0/0/0/0/0/0/0/0/0/0/0/0/0/0/0/0,,,8484,1.98760681781746e-11,3.314062500000001e-11,-4.06337914487083e-06,-3.0025249409115493,0,0.0,14824,3.1275332961861444e-11,5.790625000000002e-11,2.7446960574309426e-06,2.4888973270505157e-07,6.187184335382309e-07,1.2137538215716916e-06,0,1,nan,0.20504921462650247,36,36/35/33/31/29/28/25/24/23/20/19/18/15/13/12/7/6/3/1/2/4/5/8/9/10/11/14/16/17/21/22/26/27/30/32/34,35,2041.3,1.0,,,1.6766805273213682e-09,,,,,,,,,,,,,,0,22201,28,330758838.4310134,245768273.49768117,1.3458158521593477,1,-388463109.1928,-435713151.159953,-463576434.263113,-372908.273351,-76268654.305489,-515775.229811,-425311745.65908,-580302.074382,6069,563277.456784,-188527.568388,79887349.08767,45727423.439818,-253548297.761861,-308980677.28378,-0.834,0.9504,-0.3283,0.3332,0.002,0.1501,2.1769,0.541,0.0144,0.4343,0.6086,0.1379,776,1740,13667,,,
1140,0.000122215992,24074.53,3.874598173989343e-08,9.945876464843754e-16,5.412353515625003e-18,72,36,36,35,36/35/33/31/29/28/25/24/23/20/19/18/15/13/12/7/6/3/1/2/4/5/8/9/10/11/14/16/17/21/22/26/27/30/32/34,0,23,1,0.160156/0.10083/0.0878906/0.148682/0.102783/0.0749512/0.0812988/0.152344/0.118408/0.160156/0.117432/0.10791/0.161621/0.125/0.120605/0.16748/0.133301/0.12793/0.164795/0.142334/0.137695/0.140869/0.170166/0.14502/0.154785/0.174805/0.154053/0.175293/0.158447/0.16626/0.181885/0.232666/0.178711/0.264404/0.188721/0.232666/0/0/0/0/0/0/0/0/0/0/0/0/0/0/0/0/0/0/0/0/0/0/0/0/0/0/0/0/0/0/0/0/0/0/0/0,419.126/464.242/645.442/250.311/481.791/240.885/242.333/248.886/422.773/245.22/545.083/247.442/258.323/245.22/404.599/243.779/248.89/247.446/245.22/245.22/245.218/245.222/245.22/390.801/275.098/243.781/248.89/245.222/263.436/613.502/247.446/300.528/253.999/308.522/245.222/280.87/0/0/0/0/0/0/0/0/0/0/0/0/0/0/0/0/0/0/0/0/0/0/0/0/0/0/0/0/0/0/0/0/0/0/0/0,,,8450,1.9790930158285832e-11,3.300781250000001e-11,-4.061796012644796e-06,-2.9771948252950113,0,0.0,14880,3.143278179097199e-11,5.8125000000000025e-11,2.739395028804592e-06,2.4888973270505157e-07,6.187184335382309e-07,1.2137538215716916e-06,0,1,nan,0.2055947056479782,36,36/35/33/31/29/28/25/24/23/20/19/18/15/13/12/7/6/3/1/2/4/5/8/9/10/11/14/16/17/21/22/26/27/30/32/34,35,2039.5,1.0,,,1.6798777516057936e-09,,,,,,,,,,,,,,0,22129,31,331638753.90382564,245784397.4567926,1.34930759370975,1,-388520877.535869,-433996540.100116,-463479740.86339,-323020.140357,-59750129.733717,-510166.393114,-424873356.763564,-565519.507174,6055,833265.256185,-180945.066584,92628986.58925,49095570.715606,-240335379.616114,-301714346.854022,-0.7006,0.8211,-0.3114,0.3175,0.002,0.1383,1.9556,0.5275,0.0145,0.4173,0.5939,0.1358,798,1699,13618,,,
1160,0.000162954655,24613.08,3.3279756535161225e-08,9.943212890625005e-16,5.678710937500002e-18,72,37,36,35,36/35/33/31/29/28/25/24/23/20/19/18/15/13/12/7/6/3/1/2/4/5/8/9/10/11/14/16/17/21/22/26/27/30/32/34,0,24,1,0.16333/0.104248/0.0917969/0.148926/0.103516/0.0751953/0.0812988/0.152344/0.11792/0.160889/0.117676/0.10791/0.161377/0.125/0.121094/0.16748/0.133545/0.12793/0.164551/0.141846/0.137939/0.140869/0.170166/0.145264/0.154785/0.174805/0.153809/0.175293/0.157715/0.165771/0.181641/0.230957/0.176758/0.26709/0.186279/0.231689/0/0/0/0/0/0/0/0/0/0/0/0/0/0/0/0/0/0/0/0/0/0/0/0/0/0/0/0/0/0.26001/0/0/0/0/0/0,419.126/464.242/646.838/250.311/509.443/240.885/242.333/248.886/422.773/245.22/545.083/247.442/258.323/245.22/404.599/243.779/382.057/247.446/245.22/245.22/974.386/245.222/245.22/418.453/275.098/243.781/248.89/245.222/263.436/613.502/247.446/300.528/253.999/308.522/245.222/280.87/0/0/0/0/0/0/0/0/0/0/0/0/0/0/0/0/0/0/0/0/0/0/0/0/0/0/0/0/0/414.023/0/0/0/0/0/0,,,8441,1.97661438630887e-11,3.297265625000001e-11,-4.063497064937715e-06,-3.004411661981711,0,0.0,16200,3.434452131035646e-11,6.328125000000002e-11,2.737436601749773e-06,2.5399885714360597e-07,6.187184335382309e-07,1.2147859073014552e-06,0,1,nan,0.1987669738490699,37,36/35/33/31/29/28/25/24/23/20/19/18/15/13/12/7/6/3/1/2/4/5/8/9/10/11/14/16/17/21/22/26/27/30/32/34/66,35,2424.8,1.0,,,1.7242964884837988e-09,,,,,,,,,,,,,,0,22120,42,373288063.3439011,292793030.4291951,1.2749212739002398,1,-381224280.601602,-423285777.536272,-461377283.917434,-233439.104815,-14410265.800945,-497985.287275,-421504744.657769,-514396.616312,6316,59863664.405263,20438087.298987,135636286.01218,88856101.407682,-218476554.05131,-260662236.753082,-0.0818,0.7182,-0.1743,0.2039,0.0014,0.0917,1.4942,0.3224,0.0081,0.478,0.6221,0.1729,887,1842,14210,,,
1180,0.000162954655,25058.92,3.3279756535161225e-08,9.942866210937504e-16,5.713378906250002e-18,72,37,36,35,36/35/33/31/29/28/25/24/23/20/19/18/15/13/12/7/6/3/1/2/4/5/8/9/10/11/14/16/17/21/22/26/27/30/32/34,0,26,1,0.165039/0.106445/0.0942383/0.149658/0.104492/0.0751953/0.0812988/0.1521/0.118164/0.160889/0.118652/0.108398/0.161377/0.125/0.12207/0.16748/0.133545/0.12793/0.164551/0.14209/0.138672/0.140869/0.170166/0.145752/0.154297/0.174561/0.153809/0.175293/0.158203/0.165527/0.181152/0.22876/0.175293/0.269287/0.186279/0.234131/0/0/0/0/0/0/0/0/0/0/0/0/0/0/0/0/0/0/0/0/0/0/0/0/0/0/0/0/0/0.282715/0/0/0/0/0/0,419.126/543.642/646.838/250.311/647.713/240.885/242.333/248.886/456.981/245.22/545.083/247.442/258.323/245.22/404.599/243.779/382.057/247.446/245.22/245.22/974.386/245.222/245.22/418.453/275.098/243.781/248.89/245.222/263.436/613.502/247.446/300.528/253.999/308.522/245.222/280.87/0/0/0/0/0/0/0/0/0/0/0/0/0/0/0/0/0/0/0/0/0/0/0/0/0/0/0/0/0/414.023/0/0/0/0/0/0,,,8435,1.9751817765495837e-11,3.2949218750000016e-11,-4.066420429937215e-06,-3.0511855019737073,0,0.0,16484,3.497515069627582e-11,6.439062500000003e-11,2.735911240900555e-06,2.5399885714360597e-07,6.187184335382309e-07,1.2168500787609834e-06,0,1,nan,0.1983407701730527,37,36/35/33/31/29/28/25/24/23/20/19/18/15/13/12/7/6/3/1/2/4/5/8/9/10/11/14/16/17/21/22/26/27/30/32/34/66,35,2445.2,1.0,,,1.7373053713506043e-09,,,,,,,,,,,,,,0,22146,52,372487644.93570364,289222904.7062795,1.287891238468764,2,-383980630.26046,-419981613.306369,-461244131.748719,-243406.10412,-950912.002689,-487252.214841,-419196216.07821,-504543.570454,6480,39010062.389453,31120037.633354,157896525.572327,151017494.906475,-238961883.006358,-249986648.055304,-0.1808,0.5986,-0.1627,0.1974,0.0014,0.0981,1.3187,0.3119,0.008,0.4507,0.6219,0.1727,872,1833,14202,,,
1200,0.000162954655,25520.97,3.3279756535161225e-08,9.942558593750004e-16,5.744140625000003e-18,72,37,36,35,36/35/33/31/29/28/25/24/23/20/19/18/15/13/12/7/6/3/1/2/4/5/8/9/10/11/14/16/17/21/22/26/27/30/32/34,0,27,1,0.167725/0.108154/0.0947266/0.150391/0.10498/0.0754395/0.0812988/0.1521/0.118652/0.161133/0.119141/0.108154/0.161865/0.125488/0.122559/0.16748/0.133545/0.128174/0.164795/0.14209/0.13916/0.140869/0.169922/0.145752/0.154297/0.174561/0.153564/0.174805/0.157959/0.16626/0.180664/0.226318/0.174072/0.272949/0.187988/0.233887/0/0/0/0/0/0/0/0/0/0/0/0/0/0/0/0/0/0/0/0/0/0/0/0/0/0/0/0/0/0.303223/0/0/0/0/0/0,419.126/543.642/646.838/250.311/647.713/240.885/242.333/248.886/456.981/245.22/553.079/247.442/258.323/245.22/553.746/243.779/404.563/247.446/245.22/245.22/974.386/245.222/245.22/418.453/275.098/243.781/248.89/245.222/263.436/613.502/247.446/300.528/253.999/308.522/245.222/280.87/0/0/0/0/0/0/0/0/0/0/0/0/0/0/0/0/0/0/0/0/0/0/0/0/0/0/0/0/0/414.023/0/0/0/0/0/0,1-2:0.385807/1-3:0.337644/2-4:0.401042/3-6:0.33064/4-5:0.601928/5-8:0.398085/6-7:0.332778/7-12:0.349013/8-9:0.636674/9-10:0.447068/10-11:0.602338/11-14:0.470036/12-13:0.491365/13-15:0.625395/14-16:0.545623/15-18:0.502054/16-17:0.639722/17-21:0.521656/18-19:0.537301/19-20:0.6822/20-23:0.581098/21-22:0.560268/22-26:0.629352/23-24:0.663508/24-25:0.618073/25-28:0.640721/26-27:0.661461/27-30:0.658413/28-29:0.650591/29-31:0.698845/30-32:0.727407/31-33:0.673649/32-34:0.679334/33-35:0.760605/35-36:0.701482,1-2:-59.734/1-3:-65.106/2-4:-55.795/3-6:-69.01/4-5:-51.856/5-8:-47.925/6-7:-72.855/7-12:-76.756/8-9:-43.957/9-10:-40.008/10-11:-36.031/11-14:-32.142/12-13:-80.707/13-15:-84.696/14-16:-28.107/15-18:-88.655/16-17:-24.163/17-21:-20.205/18-19:-92.606/19-20:-96.587/20-23:-100.59/21-22:-16.247/22-26:-12.233/23-24:-104.55/24-25:-108.51/25-28:-112.5/26-27:-8.273/27-30:-4.3077/28-29:-116.47/29-31:-120.44/30-32:-0.3328/31-33:-124.38/32-34:4.5518/33-35:-128.4/35-36:-132.34,8430,1.9743176158679142e-11,3.292968750000001e-11,-4.067068518843271e-06,-3.0615549244706086,0,0.0,16658,3.539456466762854e-11,6.507031250000002e-11,2.735445124498275e-06,2.5399885714360597e-07,6.187184335382309e-07,1.229093458272424e-06,0,1,nan,0.2000623171439395,37,36/35/33/31/29/28/25/24/23/20/19/18/15/13/12/7/6/3/1/2/4/5/8/9/10/11/14/16/17/21/22/26/27/30/32/34/66,35,2477.1,1.0,,,1.7485249875906247e-09,2,36/1,1/2,2,2,0.947212/0.0527882,0.999163,36/1,9198/312,2492/1520,707/663,36/1,36/1,0,22174,56,375720742.07590485,288638089.2329105,1.3017018754330958,1,-388346147.561003,-416935562.6436,-461057466.263961,-256598.737564,-663782.183252,-483148.628862,-417538318.718835,-489470.746312,6605,20874488.305388,40932112.753319,125713968.031255,144829132.131387,-256876069.053764,-239365058.503354,-0.2396,0.5252,-0.1473,0.1975,0.0014,0.1008,1.2744,0.3083,0.008,0.4086,0.6297,0.1741,815,1896,14206,1360.0,751.3,341.3
1220,0.000162954655,26056.22,3.3279756535161225e-08,9.942346191406255e-16,5.765380859375003e-18,72,37,36,35,36/35/33/31/29/28/25/24/23/20/19/18/15/13/12/7/6/3/1/2/4/5/8/9/10/11/14/16/17/21/22/26/27/30/32/34,0,29,1,0.170654/0.109863/0.0966797/0.150879/0.105225/0.0759277/0.0812988/0.152588/0.119141/0.161377/0.119141/0.108154/0.161621/0.125977/0.122803/0.168213/0.133545/0.128418/0.165039/0.14209/0.139404/0.140625/0.169922/0.145996/0.154053/0.174561/0.153564/0.174805/0.157959/0.166016/0.180664/0.224609/0.173096/0.275635/0.188477/0.235107/0/0/0/0/0/0/0/0/0/0/0/0/0/0/0/0/0/0/0/0/0/0/0/0/0/0/0/0/0/0.312256/0/0/0/0/0/0,419.126/543.642/646.838/250.311/647.713/240.885/242.333/248.886/456.981/245.22/553.079/440.208/258.323/245.22/553.746/243.779/404.563/248.877/245.218/245.22/974.386/245.222/245.22/418.453/275.098/243.781/248.89/245.222/263.436/613.502/247.446/300.528/253.999/308.522/245.222/280.87/0/0/0/0/0/0/0/0/0/0/0/0/0/0/0/0/0/0/0/0/0/0/0/0/0/0/0/0/0/414.023/0/0/0/0/0/0,,,8431,1.9739629706829385e-11,3.293359375000001e-11,-4.068862139998735e-06,-3.0902528629580286,0,0.0,16826,3.581152345342175e-11,6.572656250000003e-11,2.7341789957043326e-06,2.5832319721838955e-07,6.629126073623892e-07,1.2290934582724249e-06,0,1,nan,0.20236427258102443,37,36/35/33/31/29/28/25/24/23/20/19/18/15/13/12/7/6/3/1/2/4/5/8/9/10/11/14/16/17/21/22/26/27/30/32/34/66,35,2474.2,1.0,,,1.7589837846592676e-09,,,,,,,,,,,,,,0,22213,62,380043857.080241,288137804.985723,1.3189656147310203,1,-390517775.404962,-413754387.764182,-461099743.441789,-253457.33748,-555255.370493,-477987.158536,-416649058.559573,-483999.145034,6703,11603172.999284,43671583.892574,146987977.921941,139610567.112556,-264376032.872041,-236244146.342387,-0.2348,0.4771,-0.1351,0.1938,0.0014,0.098,1.1887,0.3015,0.008,0.3975,0.632,0.1728,805,1932,14173,,,
1240,0.000162954655,26573.27,3.3279756535161225e-08,9.942241210937504e-16,5.7758789062500025e-18,72,37,36,35,36/35/33/31/29/28/25/24/23/20/19/18/15/13/12/7/6/3/1/2/4/5/8/9/10/11/14/16/17/21/22/26/27/30/32/34,0,28,1,0.171143/0.111084/0.0976563/0.151855/0.105713/0.0761719/0.0812988/0.152832/0.119141/0.161865/0.119141/0.108398/0.162109/0.126221/0.122803/0.168457/0.133789/0.128418/0.165039/0.14209/0.139404/0.140625/0.169922/0.145996/0.154053/0.174561/0.153809/0.174316/0.157715/0.165771/0.180176/0.223633/0.173096/0.278564/0.187988/0.23584/0/0/0/0/0/0/0/0/0/0/0/0/0/0/0/0/0/0/0/0/0/0/0/0/0/0/0/0/0/0.315186/0/0/0/0/0/0,419.126/543.642/651.994/250.311/647.713/240.885/242.333/248.886/456.981/245.22/559.632/440.241/258.323/245.22/553.746/243.779/404.563/248.877/245.218/245.22/974.386/245.222/245.22/418.453/275.098/243.781/248.89/245.222/263.436/613.5/247.446/300.528/253.999/308.522/245.222/280.87/0/0/0/0/0/0/0/0/0/0/0/0/0/0/0/0/0/0/0/0/0/0/0/0/0/0/0/0/0/414.023/0/0/0/0/0/0,,,8426,1.9727031981744433e-11,3.2914062500000015e-11,-4.070396603410278e-06,-3.114804277542715,0,0.0,16926,3.605820389793168e-11,6.611718750000002e-11,2.7336036438726135e-06,2.5832319721838955e-07,6.629126073623892e-07,1.2290934582724249e-06,0,1,nan,0.2031033197800774,37,36/35/33/31/29/28/25/24/23/20/19/18/15/13/12/7/6/3/1/2/4/5/8/9/10/11/14/16/17/21/22/26/27/30/32/34/66,35,2473.8,1.0,,,1.7685154829368056e-09,,,,,,,,,,,,,,0,22236,64,381431801.42688936,287923495.1939451,1.3247678907549976,1,-391837300.978652,-411862537.998121,-460964627.437606,-254525.158282,-516135.9095,-473676.775646,-415907342.983459,-477664.666331,6717,8747680.101918,45412995.435254,138175934.919489,142693852.879185,-266221988.872182,-234330382.494339,-0.2553,0.4599,-0.1322,0.1944,0.0014,0.0924,1.1535,0.2993,0.008,0.3948,0.6388,0.1737,803,1963,14172,,,
1260,0.000173139321,27130.8,3.21459798355071e-08,9.942070312500004e-16,5.7929687500000025e-18,72,37,36,35,36/35/33/31/29/28/25/24/23/20/19/18/15/13/12/7/6/3/1/2/4/5/8/9/10/11/14/16/17/21/22/26/27/30/32/34,0,30,1,0.17334/0.112305/0.0991211/0.152344/0.105957/0.0766602/0.081543/0.153809/0.120361/0.162109/0.119629/0.108398/0.162598/0.125977/0.123047/0.168701/0.134521/0.128418/0.165039/0.14209/0.13916/0.140625/0.170166/0.14624/0.154053/0.174561/0.154053/0.174316/0.157227/0.165283/0.179932/0.223145/0.173096/0.282227/0.187744/0.237305/0/0/0/0/0/0/0/0/0/0/0/0/0/0/0/0/0/0/0/0/0/0/0/0/0/0/0/0/0/0.317871/0/0/0/0/0/0,419.126/543.642/684.758/250.311/647.713/240.885/261.983/248.886/456.981/245.22/559.632/440.241/258.323/245.22/553.746/243.779/432.214/248.877/245.218/245.22/995.487/245.222/245.22/418.453/275.098/243.781/250.319/245.222/263.436/613.5/247.446/300.528/253.999/308.522/245.222/280.87/0/0/0/0/0/0/0/0/0/0/0/0/0/0/0/0/0/0/0/0/0/0/0/0/0/0/0/0/0/414.023/0/0/0/0/0/0,,,8418,1.970793043304633e-11,3.288281250000001e-11,-4.069834024509427e-06,-3.1058030151291005,0,0.0,17092,3.645851657630916e-11,6.676562500000002e-11,2.7337560846523377e-06,2.619826918338296e-07,6.629126073623892e-07,1.2311576297319526e-06,0,1,nan,0.2017311835889571,37,36/35/33/31/29/28/25/24/23/20/19/18/15/13/12/7/6/3/1/2/4/5/8/9/10/11/14/16/17/21/22/26/27/30/32/34/66,35,2473.2,1.0,,,1.7788944841849294e-09,,,,,,,,,,,,,,0,22277,68,392216975.1498237,297701771.0087866,1.3174828413709623,2,-393575456.514969,-410507444.605648,-460956006.880622,-236511.687344,-466064.830206,-457481.291975,-414979589.997513,-449368.234628,6795,12346337.919693,55914729.427806,122267321.866136,159539150.887474,-275554370.658408,-234250346.714408,-0.2284,0.403,-0.11,0.1811,0.0013,0.0821,1.0163,0.2783,0.0076,0.3922,0.6399,0.1742,793,1977,14156,,,
1280,0.000173139321,27627.88,3.21459798355071e-08,9.941892089843755e-16,5.810791015625002e-18,72,37,36,35,36/35/33/31/29/28/25/24/23/20/19/18/15/13/12/7/6/3/1/2/4/5/8/9/10/11/14/16/17/21/22/26/27/30/32/34,0,31,1,0.174561/0.114014/0.100098/0.152588/0.106445/0.0769043/0.0817871/0.154785/0.120605/0.162109/0.120117/0.108398/0.163574/0.125732/0.122803/0.169189/0.134521/0.128418/0.165283/0.141846/0.139893/0.140869/0.169922/0.146729/0.153809/0.174072/0.153809/0.174316/0.157715/0.165283/0.179932/0.222168/0.174561/0.285645/0.188232/0.238281/0/0/0/0/0/0/0/0/0/0/0/0/0/0/0/0/0/0/0/0/0/0/0/0/0/0/0/0/0/0.321777/0/0/0/0/0/0,419.126/543.642/712.411/250.311/647.713/240.885/261.983/248.886/456.981/245.22/559.632/467.86/258.323/245.22/553.746/243.779/432.214/248.877/251.76/245.22/995.487/245.222/245.22/701.53/275.098/243.781/250.319/245.222/263.436/613.5/247.444/300.528/253.999/312.177/245.222/284.538/0/0/0/0/0/0/0/0/0/0/0/0/0/0/0/0/0/0/0/0/0/0/0/0/0/0/0/0/0/414.023/0/0/0/0/0/0,,,8414,1.9699698492648126e-11,3.2867187500000013e-11,-4.072527217074569e-06,-3.1488940961713716,0,0.0,17244,3.68319974403485e-11,6.735937500000002e-11,2.7332686499221324e-06,2.619826918338296e-07,7.071067811865475e-07,1.2311576297319526e-06,0,1,nan,0.20214792244567104,37,36/35/33/31/29/28/25/24/23/20/19/18/15/13/12/7/6/3/1/2/4/5/8/9/10/11/14/16/17/21/22/26/27/30/32/34/66,35,2472.3,1.0,,,1.789693867743752e-09,,,,,,,,,,,,,,0,22322,73,393027221.9887099,297626880.7553106,1.3205367102302539,2,-394199145.04465,-410404881.673557,-460810085.508993,-252784.753353,-446304.738281,-456489.032554,-414048081.872397,-444287.840049,6851,7957587.999725,56135439.235673,140060791.591962,164429258.767428,-279837686.939334,-234111717.709657,-0.2557,0.3902,-0.1087,0.1814,0.0013,0.0801,0.978,0.2807,0.0076,0.3945,0.6352,0.1739,801,1993,14148,,,
1300,0.000173139321,28088.47,3.21459798355071e-08,9.941708984375004e-16,5.829101562500003e-18,72,37,36,35,36/35/33/31/29/28/25/24/23/20/19/18/15/13/12/7/6/3/1/2/4/5/8/9/10/11/14/16/17/21/22/26/27/30/32/34,0,32,1,0.176025/0.11499/0.100586/0.152588/0.106445/0.0773926/0.0817871/0.155273/0.120605/0.162354/0.12085/0.108398/0.163818/0.125977/0.123047/0.169434/0.135254/0.128662/0.165283/0.141846/0.139648/0.140625/0.169922/0.146484/0.15332/0.173584/0.153809/0.174316/0.157471/0.165039/0.179932/0.221436/0.174072/0.290527/0.188721/0.239746/0/0/0/0/0/0/0/0/0/0/0/0/0/0/0/0/0/0/0/0/0/0/0/0/0/0/0/0/0/0.329834/0/0/0/0/0/0,419.126/543.642/712.411/250.311/647.713/240.885/261.983/248.886/456.981/245.22/580.731/467.86/258.323/245.22/553.746/243.779/432.214/248.877/251.76/245.22/995.487/245.222/245.22/701.53/275.098/243.781/250.331/245.222/263.436/613.5/247.444/300.528/253.999/312.19/245.222/284.538/0/0/0/0/0/0/0/0/0/0/0/0/0/0/0/0/0/0/0/0/0/0/0/0/0/0/0/0/0/414.023/0/0/0/0/0/0,1-2:0.395358/1-3:0.3411/2-4:0.404499/3-6:0.33064/4-5:0.595015/5-8:0.398085/6-7:0.336235/7-12:0.344238/8-9:0.636674/9-10:0.447068/10-11:0.59929/11-14:0.470036/12-13:0.48659/13-15:0.62103/14-16:0.545623/15-18:0.502054/16-17:0.639722/17-21:0.51688/18-19:0.542076/19-20:0.6822/20-23:0.581098/21-22:0.560268/22-26:0.62071/23-24:0.663508/24-25:0.611979/25-28:0.637674/26-27:0.661461/27-30:0.649272/28-29:0.645816/29-31:0.700573/30-32:0.716537/31-33:0.673649/32-34:0.676287/33-35:0.764971/35-36:0.701482,1-2:-59.734/1-3:-65.113/2-4:-55.794/3-6:-69.01/4-5:-51.861/5-8:-47.925/6-7:-72.854/7-12:-76.762/8-9:-43.957/9-10:-40.008/10-11:-36.031/11-14:-32.142/12-13:-80.704/13-15:-84.696/14-16:-28.115/15-18:-88.655/16-17:-24.163/17-21:-20.204/18-19:-92.61/19-20:-96.593/20-23:-100.59/21-22:-16.247/22-26:-12.233/23-24:-104.55/24-25:-108.5/25-28:-112.5/26-27:-8.273/27-30:-4.2914/28-29:-116.47/29-31:-120.44/30-32:-0.33192/31-33:-124.38/32-34:4.5518/33-35:-128.4/35-36:-132.34,8414,1.9699698364786693e-11,3.2867187500000013e-11,-4.072767028210701e-06,-3.1527310743494814,0,0.0,17384,3.718473706712432e-11,6.790625000000002e-11,2.7331362890111452e-06,2.619826918338296e-07,7.071067811865475e-07,1.2311576297319526e-06,0,1,nan,0.20244410157099266,37,36/35/33/31/29/28/25/24/23/20/19/18/15/13/12/7/6/3/1/2/4/5/8/9/10/11/14/16/17/21/22/26/27/30/32/34/66,35,2511.7,1.0,,,1.799773138693633e-09,2,36/1,1/2,2,2,0.943416/0.056584,0.999106,36/1,9205/315,2553/1624,707/751,36/1,36/1,0,22356,74,393603069.89962524,297513871.8149604,1.322973841516969,2,-395122874.952772,-409576284.561996,-460534172.582537,-256536.964344,-446600.174097,-456041.147968,-413440723.27793,-438821.827147,6902,4715070.950252,59519870.941342,145973886.540563,159241995.579677,-282723610.695229,-230273959.524166,-0.2759,0.3955,-0.1046,0.1834,0.0013,0.0809,1.0038,0.2826,0.0075,0.3898,0.6381,0.1746,803,2006,14160,1374.3,751.3,341.3
1320,0.000173139321,28583.29,3.21459798355071e-08,9.941508789062505e-16,5.849121093750002e-18,72,37,36,35,36/35/33/31/29/28/25/24/23/20/19/18/15/13/12/7/6/3/1/2/4/5/8/9/10/11/14/16/17/21/22/26/27/30/32/34,0,32,1,0.17749/0.116455/0.101318/0.152832/0.106689/0.0776367/0.0825195/0.155762/0.120605/0.162842/0.121094/0.108643/0.164063/0.125977/0.123535/0.169434/0.134766/0.128906/0.166016/0.142578/0.139648/0.140625/0.17041/0.146484/0.152832/0.173828/0.154785/0.174316/0.157959/0.165527/0.180176/0.219238/0.17334/0.293945/0.188721/0.240967/0/0/0/0/0/0/0/0/0/0/0/0/0/0/0/0/0/0/0/0/0/0/0/0/0/0/0/0/0/0.337158/0/0/0/0/0/0,419.126/543.642/712.411/250.311/751.77/240.885/463.567/248.886/456.981/245.22/580.731/467.86/258.323/245.22/553.746/243.779/432.214/248.877/251.76/432.251/995.487/245.222/245.22/701.53/275.098/243.781/250.331/245.222/263.436/613.5/247.444/300.526/253.999/312.19/245.222/284.538/0/0/0/0/0/0/0/0/0/0/0/0/0/0/0/0/0/0/0/0/0/0/0/0/0/0/0/0/0/414.023/0/0/0/0/0/0,,,8419,1.970965867769281e-11,3.288671875000001e-11,-4.071265791168524e-06,-3.1287112816746596,0,0.0,17510,3.7497455772884934e-11,6.839843750000002e-11,2.7329757693341367e-06,2.7509815457428495e-07,7.071067811865475e-07,1.245465180702921e-06,0,1,nan,0.20267484263955834,37,36/35/33/31/29/28/25/24/23/20/19/18/15/13/12/7/6/3/1/2/4/5/8/9/10/11/14/16/17/21/22/26/27/30/32/34/66,35,2509.6,1.0,,,1.8094348602207178e-09,,,,,,,,,,,,,,0,22397,78,394051689.5049118,297376501.3477534,1.3250935689908665,2,-396588875.363227,-409346698.526981,-460384696.046709,-268974.841765,-434984.329482,-455700.250592,-411963942.828909,-426915.547618,7006,2120785.392452,60472373.905438,129753508.517205,161830619.127192,-284837174.168425,-228788606.136061,-0.3038,0.396,-0.1017,0.1857,0.0013,0.0802,1.0262,0.2869,0.0076,0.3817,0.6364,0.1748,807,1994,14150,,,
1340,0.000173139321,29027.24,3.21459798355071e-08,9.941367187500004e-16,5.863281250000003e-18,72,37,36,35,36/35/33/31/29/28/25/24/23/20/19/18/15/13/12/7/6/3/1/2/4/5/8/9/10/11/14/16/17/21/22/26/27/30/32/34,0,30,1,0.178223/0.117432/0.101563/0.15332/0.106934/0.078125/0.0825195/0.15625/0.120605/0.163086/0.121338/0.109619/0.164063/0.126465/0.123779/0.169434/0.13501/0.128906/0.166016/0.142822/0.139893/0.140625/0.17041/0.146729/0.152832/0.174072/0.155029/0.174316/0.157959/0.165283/0.18042/0.218262/0.17334/0.295898/0.188721/0.241943/0/0/0/0/0/0/0/0/0/0/0/0/0/0/0/0/0/0/0/0/0/0/0/0/0/0/0/0/0/0.342041/0/0/0/0/0/0,419.126/543.642/712.411/250.311/751.77/240.885/463.567/248.886/456.981/245.22/580.731/467.86/258.323/245.22/553.746/243.779/432.214/248.877/251.76/432.251/995.487/245.222/245.22/701.53/275.098/243.781/250.331/245.222/263.436/613.5/247.444/300.526/253.999/312.19/245.222/284.538/0/0/0/0/0/0/0/0/0/0/0/0/0/0/0/0/0/0/0/0/0/0/0/0/0/0/0/0/0/414.023/0/0/0/0/0/0,,,8422,1.9714843539493687e-11,3.289843750000001e-11,-4.073372691418821e-06,-3.1624216856794107,0,0.0,17596,3.771730389161101e-11,6.873437500000003e-11,2.732023084888321e-06,2.7509815457428495e-07,7.071067811865475e-07,1.245465180702921e-06,0,1,nan,0.20275145158908672,37,36/35/33/31/29/28/25/24/23/20/19/18/15/13/12/7/6/3/1/2/4/5/8/9/10/11/14/16/17/21/22/26/27/30/32/34/66,35,2508.5,1.0,,,1.8188614021767517e-09,,,,,,,,,,,,,,0,22429,79,394200636.88091415,297290977.0297856,1.325975785808727,1,-396677104.226531,-408386590.85768,-460248888.989611,-275608.012364,-439634.155129,-455084.995698,-410984675.009283,-422286.514492,7070,1574610.361983,61631691.051322,98065361.491125,162501445.261386,-285583197.95696,-227766657.381977,-0.3303,0.4037,-0.1037,0.1885,0.0014,0.0799,1.0366,0.2905,0.0076,0.3854,0.6382,0.1755,807,1990,14146,,,
1360,0.000183323987,29505.11,3.108690918802771e-08,9.941149902343755e-16,5.885009765625003e-18,72,37,36,35,36/35/33/31/29/28/25/24/23/20/19/18/15/13/12/7/6/3/1/2/4/5/8/9/10/11/14/16/17/21/22/26/27/30/32/34,0,33,1,0.180176/0.119385/0.104248/0.154297/0.107178/0.078125/0.0834961/0.156982/0.121094/0.162842/0.122803/0.109619/0.164795/0.126709/0.124023/0.169678/0.135498/0.12915/0.166748/0.143311/0.140137/0.140625/0.17041/0.146973/0.152344/0.173828/0.155029/0.174561/0.158203/0.165039/0.18042/0.217773/0.173096/0.29834/0.188477/0.243164/0/0/0/0/0/0/0/0/0/0/0/0/0/0/0/0/0/0/0/0/0/0/0/0/0/0/0/0/0/0.346436/0/0/0/0/0/0,419.126/749.464/745.24/250.311/751.77/240.885/463.567/248.886/456.981/245.22/587.284/467.86/258.323/245.22/581.4/243.779/432.214/248.877/251.76/432.251/995.487/245.222/245.22/701.53/275.098/243.781/250.331/245.222/263.436/613.5/247.444/300.526/253.999/312.19/245.222/284.538/0/0/0/0/0/0/0/0/0/0/0/0/0/0/0/0/0/0/0/0/0/0/0/0/0/0/0/0/0/414.023/0/0/0/0/0/0,,,8414,1.969442328470616e-11,3.2867187500000013e-11,-4.0731992801359346e-06,-3.1596471051532222,0,0.0,17812,3.8235683374361516e-11,6.957812500000003e-11,2.731925835511224e-06,2.7509815457428495e-07,7.071067811865475e-07,1.245465180702921e-06,1,1,nan,0.19911784025375626,37,36/35/33/31/29/28/25/24/23/20/19/18/15/13/12/7/6/3/1/2/4/5/8/9/10/11/14/16/17/21/22/26/27/30/32/34/66,35,2507.3,1.0,,,1.8291921645996036e-09,,,,,,,,,,,,,,0,22474,88,400324938.7254161,307134856.4879061,1.3034174736893775,2,-395345185.985999,-407561460.30535,-460131898.269147,-231413.219629,-409469.68329,-452227.91163,-410263792.66838,-396688.283673,7147,9141435.774366,70241501.132541,136531104.528236,186414051.752812,-287684869.750272,-229031462.899146,-0.219,0.378,-0.0789,0.1728,0.0013,0.0769,0.9275,0.268,0.0072,0.4031,0.6335,0.1765,826,2000,14129,,,
1380,0.000183323987,30005.55,3.108690918802771e-08,9.940898437500004e-16,5.910156250000003e-18,72,37,36,35,36/35/33/31/29/28/25/24/23/20/19/18/15/13/12/7/6/3/1/2/4/5/8/9/10/11/14/16/17/21/22/26/27/30/32/34,0,32,1,0.181396/0.122559/0.106201/0.155029/0.107666/0.0783691/0.0837402/0.157471/0.121338/0.163086/0.123291/0.109619/0.165039/0.127197/0.124268/0.169922/0.136475/0.128906/0.166748/0.143799/0.140625/0.140625/0.170654/0.146729/0.152344/0.173828/0.155518/0.174805/0.158203/0.165039/0.180664/0.217041/0.172607/0.301514/0.188965/0.246338/0/0/0/0/0/0/0/0/0/0/0/0/0/0/0/0/0/0/0/0/0/0/0/0/0/0/0/0/0/0.352539/0/0/0/0/0/0,419.126/749.464/745.24/250.311/751.77/240.885/463.567/248.886/456.981/245.22/587.284/467.86/258.323/245.22/581.4/243.779/432.214/248.877/251.76/459.903/995.487/245.222/245.22/701.53/275.098/243.781/363.838/245.222/263.436/613.5/247.444/300.526/253.999/312.19/246.659/284.538/0/0/0/0/0/0/0/0/0/0/0/0/0/0/0/0/0/0/0/0/0/0/0/0/0/0/0/0/0/414.023/0/0/0/0/0/0,,,8420,1.9710068344111303e-11,3.2890625000000014e-11,-4.071944873846393e-06,-3.139576604520557,0,0.0,18006,3.870548901322262e-11,7.033593750000002e-11,2.7309005223796833e-06,2.845377564362632e-07,7.071067811865483e-07,1.3047595560463243e-06,1,1,nan,0.19883978197841237,37,36/35/33/31/29/28/25/24/23/20/19/18/15/13/12/7/6/3/1/2/4/5/8/9/10/11/14/16/17/21/22/26/27/30/32/34/66,35,2514.4,1.0,,,1.8401287463787275e-09,,,,,,,,,,,,,,0,22537,92,399765904.6283343,307145355.6246558,1.3015528228167794,2,-394162496.96773,-407032888.452077,-460107937.403829,-231970.8258,-413216.43051,-452404.329429,-409399473.21502,-384759.128685,7258,7349809.564908,68908914.546163,79849150.850714,182462594.173367,-289265526.997529,-230176923.40044,-0.2176,0.3479,-0.083,0.1717,0.0013,0.0784,0.8464,0.267,0.0072,0.4062,0.6317,0.1772,832,2001,14111,,,
1400,0.000183323987,30703.55,3.108690918802771e-08,9.940603027343755e-16,5.939697265625003e-18,72,37,36,35,36/35/33/31/29/28/25/24/23/20/19/18/15/13/12/7/6/3/1/2/4/5/8/9/10/11/14/16/17/21/22/26/27/30/32/34,0,33,1,0.183838/0.125/0.107422/0.155762/0.107666/0.0786133/0.0839844/0.157959/0.121826/0.163574/0.124512/0.110596/0.165771/0.127441/0.125/0.170166/0.136719/0.12915/0.167236/0.144531/0.140869/0.141113/0.171387/0.146973/0.152832/0.174072/0.155762/0.174805/0.158203/0.165527/0.18042/0.217041/0.172119/0.304688/0.188965/0.248291/0/0/0/0/0/0/0/0/0/0/0/0/0/0/0/0/0/0/0/0/0/0/0/0/0/0/0/0/0/0.359863/0/0/0/0/0/0,419.126/777.118/745.24/250.311/751.77/240.885/463.567/248.886/456.981/245.22/587.284/467.86/258.323/245.22/581.4/243.779/432.214/248.877/251.76/459.903/995.487/245.222/245.22/701.53/275.098/243.781/363.838/245.222/263.436/613.5/247.444/300.526/253.999/312.19/246.659/284.538/0/0/0/0/0/0/0/0/0/0/0/0/0/0/0/0/0/0/0/0/0/0/0/0/0/0/0/0/0/414.023/0/0/0/0/0/0,1-2:0.406227/1-3:0.344147/2-4:0.409275/3-6:0.33064/4-5:0.595015/5-8:0.398085/6-7:0.339691/7-12:0.342509/8-9:0.636674/9-10:0.450115/10-11:0.59929/11-14:0.470036/12-13:0.48659/13-15:0.622758/14-16:0.545623/15-18:0.502054/16-17:0.642769/17-21:0.521656/18-19:0.542076/19-20:0.68261/20-23:0.581098/21-22:0.560268/22-26:0.62071/23-24:0.663508/24-25:0.61066/25-28:0.634627/26-27:0.661461/27-30:0.643178/28-29:0.645816/29-31:0.698845/30-32:0.7139/31-33:0.673649/32-34:0.676287/33-35:0.768018/35-36:0.701482,1-2:-59.731/1-3:-65.128/2-4:-55.787/3-6:-69.01/4-5:-51.861/5-8:-47.925/6-7:-72.858/7-12:-76.767/8-9:-43.957/9-10:-40.009/10-11:-36.031/11-14:-32.133/12-13:-80.704/13-15:-84.698/14-16:-28.115/15-18:-88.656/16-17:-24.166/17-21:-20.203/18-19:-92.61/19-20:-96.594/20-23:-100.59/21-22:-16.247/22-26:-12.233/23-24:-104.55/24-25:-108.51/25-28:-112.49/26-27:-8.273/27-30:-4.2904/28-29:-116.47/29-31:-120.44/30-32:-0.32166/31-33:-124.38/32-34:4.5518/33-35:-128.39/35-36:-132.34,8425,1.9721347490968267e-11,3.291015625000001e-11,-4.07198834869118e-06,-3.1402722020371554,0,0.0,18184,3.9155555741445097e-11,7.103125000000002e-11,2.730526846478169e-06,2.845377564362632e-07,7.513009550107074e-07,1.3047595560463243e-06,1,1,nan,0.19831411794145815,37,36/35/33/31/29/28/25/24/23/20/19/18/15/13/12/7/6/3/1/2/4/5/8/9/10/11/14/16/17/21/22/26/27/30/32/34/66,35,2512.9,1.0,,,1.8505146996180118e-09,2,36/1,1/2,2,2,0.939414/0.0605861,0.999047,36/1,9205/315,2553/1652,795/840,36/1,36/1,0,22610,94,398709060.98682195,307092673.2703915,1.2983346582019013,2,-393450238.502,-405906122.760391,-460043536.769917,-234011.547784,-414589.292387,-451755.895996,-408248667.886025,-379170.122649,7355,5380074.170863,67697605.130782,191590551.012128,177434957.224612,-289535365.122541,-231767645.183078,-0.1915,0.3416,-0.0874,0.1722,0.0013,0.0796,0.8326,0.2667,0.0073,0.4054,0.6342,0.1781,846,2004,14117,1380.4,751.3,342.7
1420,0.000183323987,31844.92,3.108690918802771e-08,9.940366210937504e-16,5.9633789062500024e-18,72,37,36,35,36/35/33/31/29/28/25/24/23/20/19/18/15/13/12/7/6/3/1/2/4/5/8/9/10/11/14/16/17/21/22/26/27/30/32/34,0,33,1,0.18457/0.127686/0.108643/0.155762/0.108154/0.0791016/0.0844727/0.158936/0.122314/0.163818/0.125488/0.11084/0.165771/0.127686/0.124512/0.170654/0.137451/0.12915/0.167236/0.145264/0.141357/0.141113/0.171875/0.147217/0.152832/0.174072/0.156006/0.174805/0.158447/0.165771/0.180176/0.217041/0.17334/0.306152/0.189209/0.25/0/0/0/0/0/0/0/0/0/0/0/0/0/0/0/0/0/0/0/0/0/0/0/0/0/0/0/0/0/0.366455/0/0/0/0/0/0,419.128/825.871/745.24/250.311/751.77/240.885/463.567/248.886/456.981/245.22/587.284/467.86/258.323/245.22/581.4/243.779/432.214/248.877/251.76/459.903/995.487/245.222/245.22/701.53/275.098/243.781/363.838/245.222/263.436/613.5/247.444/300.526/510.077/312.19/246.659/284.538/0/0/0/0/0/0/0/0/0/0/0/0/0/0/0/0/0/0/0/0/0/0/0/0/0/0/0/0/0/414.023/0/0/0/0/0/0,,,8426,1.9720438067713055e-11,3.2914062500000015e-11,-4.070671300578222e-06,-3.1191994322298258,0,0.0,18378,3.961217431941203e-11,7.178906250000003e-11,2.730380367009121e-06,3.005258836455095e-07,7.513009550107074e-07,1.3047595560463243e-06,1,1,nan,0.19822507868357092,37,36/35/33/31/29/28/25/24/23/20/19/18/15/13/12/7/6/3/1/2/4/5/8/9/10/11/14/16/17/21/22/26/27/30/32/34/66,35,2549.4,1.0,,,1.860600473680102e-09,,,,,,,,,,,,,,0,22664,101,398530048.22024894,307012257.10771865,1.298091652674376,2,-393623964.907315,-406554197.586465,-459891854.638023,-234603.548629,-430725.204665,-451017.913188,-407085214.207066,-375133.067287,7440,4605311.392126,66006894.465854,186785082.119458,202630669.881807,-290065871.345101,-233700694.68613,-0.2194,0.3599,-0.0901,0.1714,0.0013,0.0801,0.8565,0.2651,0.0073,0.4156,0.6351,0.178,847,2009,14122,,,
1440,0.000183323987,32572.36,3.108690918802771e-08,9.940119628906254e-16,5.9880371093750026e-18,72,37,36,35,36/35/33/31/29/28/25/24/23/20/19/18/15/13/12/7/6/3/1/2/4/5/8/9/10/11/14/16/17/21/22/26/27/30/32/34,0,36,1,0.186279/0.129639/0.110596/0.157227/0.108398/0.079834/0.0849609/0.15918/0.123291/0.164063/0.125488/0.111328/0.166016/0.127441/0.124756/0.171143/0.137939/0.129395/0.16748/0.14624/0.142334/0.141113/0.171875/0.147705/0.153076/0.174561/0.156006/0.174805/0.158203/0.165771/0.179932/0.216309/0.17334/0.30835/0.189453/0.251953/0/0/0/0/0/0/0/0/0/0/0/0/0/0/0/0/0/0/0/0/0/0/0/0/0/0/0/0/0/0.372559/0/0/0/0/0/0,419.128/825.871/745.24/250.311/751.77/240.885/463.567/248.886/563.96/245.22/587.284/467.858/258.323/245.22/581.4/243.779/432.214/248.877/251.76/459.903/995.487/245.222/245.22/701.53/796.05/243.781/363.838/245.222/263.436/613.5/247.444/300.526/510.077/315.075/246.659/284.538/0/0/0/0/0/0/0/0/0/0/0/0/0/0/0/0/0/0/0/0/0/0/0/0/0/0/0/0/0/414.023/0/0/0/0/0/0,,,8432,1.9734764037444485e-11,3.2937500000000016e-11,-4.071164608372567e-06,-3.127092356939342,0,0.0,18562,4.004359693576333e-11,7.250781250000003e-11,2.729802273443728e-06,3.150746099460407e-07,7.954951288348665e-07,1.3354388294477891e-06,1,1,nan,0.19904907273831066,37,36/35/33/31/29/28/25/24/23/20/19/18/15/13/12/7/6/3/1/2/4/5/8/9/10/11/14/16/17/21/22/26/27/30/32/34/66,35,2548.1,1.0,,,1.8705269951990582e-09,,,,,,,,,,,,,,0,22721,111,400186682.14643764,306868670.8815058,1.3040975509062822,1,-391062770.963354,-406332783.618815,-459711121.839185,-234051.360049,-431260.483461,-450662.77746,-405938005.494087,-369764.356379,7546,6558071.591458,64788657.692405,155895064.823777,223395390.953638,-289655363.532518,-234298649.129844,-0.2016,0.362,-0.0923,0.1715,0.0013,0.0778,0.8378,0.2649,0.0073,0.4274,0.6356,0.1775,868,1995,14112,,,
1460,0.000193508653,33368.78,3.009539637407289e-08,9.939836425781254e-16,6.016357421875003e-18,72,37,36,35,36/35/33/31/29/28/25/24/23/20/19/18/15/13/12/7/6/3/1/2/4/5/8/9/10/11/14/16/17/21/22/26/27/30/32/34,0,37,1,0.188232/0.132568/0.113281/0.158203/0.108887/0.0805664/0.0852051/0.159668/0.123535/0.164307/0.125732/0.111816/0.166748/0.128174/0.125244/0.171631/0.138672/0.129639/0.168457/0.147217/0.143066/0.141602/0.172363/0.147705/0.153564/0.174805/0.156006/0.175049/0.158203/0.165527/0.179932/0.217041/0.173828/0.310547/0.190186/0.252686/0/0/0/0/0/0/0/0/0/0/0/0/0/0/0/0/0/0/0/0/0/0/0/0/0/0/0/0/0/0.376465/0/0/0/0/0/0,419.128/853.523/793.993/250.311/751.77/240.885/463.567/248.886/563.96/245.22/587.284/467.858/258.323/245.22/581.4/243.779/432.214/248.877/251.76/459.903/995.487/245.222/245.22/701.53/796.05/243.781/363.838/245.222/263.436/613.5/247.444/300.526/510.077/315.075/246.659/284.538/0/0/0/0/0/0/0/0/0/0/0/0/0/0/0/0/0/0/0/0/0/0/0/0/0/0/0/0/0/414.023/0/0/0/0/0/0,,,8437,1.974604318430145e-11,3.295703125000001e-11,-4.0714234643079135e-06,-3.1312340519048854,0,0.0,18832,4.068431674351108e-11,7.356250000000002e-11,2.7292348344901775e-06,3.150746099460407e-07,7.954951288348665e-07,1.3354388294477891e-06,1,1,nan,0.198614805142703,37,36/35/33/31/29/28/25/24/23/20/19/18/15/13/12/7/6/3/1/2/4/5/8/9/10/11/14/16/17/21/22/26/27/30/32/34/66,35,2801.5,1.0,,,1.8814233514737845e-09,,,,,,,,,,,,,,0,22793,115,412469241.7114357,316672704.6892394,1.3025096119863073,1,-387621175.108448,-407698579.755285,-459605605.621057,-206641.316587,-412648.847613,-447816.823655,-404637126.958667,-349403.448266,7660,15433773.631306,71793411.374208,205797294.07278,212734849.163688,-292405647.735558,-236724396.898999,-0.116,0.373,-0.0743,0.1609,0.0013,0.0752,0.8277,0.2491,0.007,0.4462,0.6339,0.1777,892,1983,14102,,,
1480,0.000193508653,34096.94,3.009539637407289e-08,9.939531250000005e-16,6.046875000000003e-18,72,37,36,35,36/35/33/31/29/28/25/24/23/20/19/18/15/13/12/7/6/3/1/2/4/5/8/9/10/11/14/16/17/21/22/26/27/30/32/34,0,37,1,0.191406/0.134033/0.114746/0.158936/0.109375/0.0805664/0.0859375/0.159912/0.124512/0.164307/0.126953/0.111816/0.167236/0.12793/0.125244/0.172119/0.13916/0.129883/0.169189/0.147949/0.143311/0.141602/0.172363/0.148926/0.154297/0.175049/0.156006/0.175293/0.158447/0.165771/0.179688/0.217773/0.174072/0.312988/0.190186/0.255371/0/0/0/0/0/0/0/0/0/0/0/0/0/0/0/0/0/0/0/0/0/0/0/0/0/0/0/0/0/0.384521/0/0/0/0/0/0,419.128/853.523/793.993/250.311/751.77/240.885/463.567/248.886/563.96/245.22/593.836/467.858/258.323/245.22/581.4/243.779/432.214/248.877/251.76/459.903/995.487/245.222/245.22/701.53/796.05/243.781/363.838/245.222/263.436/613.5/247.444/300.526/510.077/315.075/246.659/284.538/0/0/0/0/0/0/0/0/0/0/0/0/0/0/0/0/0/0/0/0/0/0/0/0/0/0/0/0/0/414.023/0/0/0/0/0/0,,,8440,1.975386571400402e-11,3.296875000000001e-11,-4.0715453346482345e-06,-3.133183977350022,0,0.0,19040,4.117568090668982e-11,7.437500000000003e-11,2.7286633890145426e-06,3.150746099460407e-07,7.954951288348665e-07,1.3354388294477896e-06,1,1,nan,0.1992820075919394,37,36/35/33/31/29/28/25/24/23/20/19/18/15/13/12/7/6/3/1/2/4/5/8/9/10/11/14/16/17/21/22/26/27/30/32/34/66,35,2803.0,1.0,,,1.8930549311848982e-09,,,,,,,,,,,,,,0,22866,123,413854840.7764542,316633009.46110713,1.3070489443940592,1,-385902526.368991,-408306375.954798,-459637077.787952,-202574.694166,-401815.423242,-448556.379906,-403846182.868963,-346436.522683,7775,16850388.569807,70133126.73506,194678957.696063,211245183.314854,-290195035.066796,-238340321.30349,-0.089,0.4016,-0.0715,0.1574,0.0013,0.076,0.8553,0.2461,0.007,0.4653,0.6274,0.1773,922,1978,14083,,,
1500,0.000193508653,34820.71,3.009539637407289e-08,9.939233398437505e-16,6.076660156250003e-18,72,37,36,35,36/35/33/31/29/28/25/24/23/20/19/18/15/13/12/7/6/3/1/2/4/5/8/9/10/11/14/16/17/21/22/26/27/30/32/34,0,34,1,0.193604/0.13623/0.116943/0.160889/0.110107/0.0812988/0.0861816/0.1604/0.125/0.165039/0.128418/0.112061/0.167969/0.128174/0.125732/0.172119/0.139648/0.130127/0.170166/0.147949/0.144287/0.141602/0.172852/0.149414/0.153809/0.175293/0.156494/0.175537/0.158691/0.165527/0.180176/0.218018/0.174072/0.31665/0.19043/0.257324/0/0/0/0/0/0/0/0/0/0/0/0/0/0/0/0/0/0/0/0/0/0/0/0/0/0/0/0/0/0.388428/0/0/0/0/0/0,419.128/853.523/793.993/250.311/751.77/263.418/463.567/248.886/563.96/245.22/593.836/467.893/258.323/245.22/581.4/243.779/432.214/248.877/251.76/459.903/995.487/245.222/245.22/701.53/796.05/243.781/363.838/245.222/263.436/613.5/247.444/300.526/510.077/315.075/246.659/284.538/0/0/0/0/0/0/0/0/0/0/0/0/0/0/0/0/0/0/0/0/0/0/0/0/0/0/0/0/0/414.023/0/0/0/0/0/0,1-2:0.412321/1-3:0.356745/2-4:0.414459/3-6:0.335416/4-5:0.595015/5-8:0.398085/6-7:0.343148/7-12:0.3416/8-9:0.633218/9-10:0.4553/10-11:0.601019/11-14:0.466989/12-13:0.48659/13-15:0.619711/14-16:0.542576/15-18:0.505511/16-17:0.645816/17-21:0.521656/18-19:0.549898/19-20:0.685247/20-23:0.588921/21-22:0.560268/22-26:0.62071/23-24:0.663508/24-25:0.601519/25-28:0.63158/26-27:0.667555/27-30:0.640131/28-29:0.645816/29-31:0.698845/30-32:0.716947/31-33:0.673649/32-34:0.673239/33-35:0.763243/35-36:0.701482,1-2:-59.731/1-3:-65.143/2-4:-55.78/3-6:-69.01/4-5:-51.861/5-8:-47.925/6-7:-72.859/7-12:-76.787/8-9:-43.959/9-10:-40.008/10-11:-36.03/11-14:-32.125/12-13:-80.704/13-15:-84.698/14-16:-28.118/15-18:-88.657/16-17:-24.169/17-21:-20.196/18-19:-92.61/19-20:-96.587/20-23:-100.59/21-22:-16.247/22-26:-12.233/23-24:-104.55/24-25:-108.5/25-28:-112.49/26-27:-8.2772/27-30:-4.2894/28-29:-116.47/29-31:-120.44/30-32:-0.32192/31-33:-124.38/32-34:4.5518/33-35:-128.39/35-36:-132.34,8443,1.9757731741854047e-11,3.298046875000001e-11,-4.069781471773947e-06,-3.104962171361427,0,0.0,19282,4.1741633952487704e-11,7.532031250000003e-11,2.727460378750026e-06,3.150746099460407e-07,7.954951288348665e-07,1.33543882944779e-06,1,1,nan,0.19938108063769952,37,36/35/33/31/29/28/25/24/23/20/19/18/15/13/12/7/6/3/1/2/4/5/8/9/10/11/14/16/17/21/22/26/27/30/32/34/66,35,2803.2,1.0,,,1.9041173266143503e-09,2,36/1,1/2,2,2,0.936079/0.0639213,0.998998,36/1,9208/317,2615/1652,884/928,36/1,36/1,0,22949,124,414060588.7015867,316580404.48580563,1.3079160391310694,1,-385586898.484977,-407341166.963088,-459376678.455037,-206610.680954,-407067.305466,-448570.294386,-402788147.602895,-339708.487961,7865,16316817.001854,68325444.567314,190049938.296203,212364033.348136,-290948341.55967,-240270699.851726,-0.0933,0.3681,-0.0746,0.1601,0.0013,0.0746,0.7894,0.2478,0.007,0.4618,0.6342,0.1786,929,1982,14108,1381.5,751.3,342.7
1520,0.000193508653,35549.32,3.009539637407289e-08,9.938933105468755e-16,6.106689453125003e-18,72,37,36,35,36/35/33/31/29/28/25/24/23/20/19/18/15/13/12/7/6/3/1/2/4/5/8/9/10/11/14/16/17/21/22/26/27/30/32/34,0,36,1,0.196289/0.138916/0.118652/0.162598/0.110596/0.0812988/0.0869141/0.160645/0.125244/0.165771/0.128662/0.112305/0.168213/0.128662/0.125732/0.172852/0.139893/0.130127/0.170654/0.148438/0.144287/0.14209/0.17334/0.150391/0.154053/0.175781/0.156982/0.175781/0.158691/0.165527/0.18042/0.218506/0.174316/0.322021/0.191406/0.258057/0/0/0/0/0/0/0/0/0/0/0/0/0/0/0/0/0/0/0/0/0/0/0/0/0/0/0/0/0/0.392578/0/0/0/0/0/0,438.785/853.523/793.993/250.311/837.623/263.418/463.567/248.886/563.96/245.22/593.836/467.893/258.323/245.22/581.4/243.779/432.216/248.877/251.76/930.638/995.487/245.222/245.22/701.53/796.05/248.886/388.605/245.222/263.436/613.5/247.444/300.526/510.077/315.075/246.659/284.538/0/0/0/0/0/0/0/0/0/0/0/0/0/0/0/0/0/0/0/0/0/0/0/0/0/0/0/0/0/414.023/0/0/0/0/0/0,,,8439,1.975081850754526e-11,3.2964843750000014e-11,-4.069979998018756e-06,-3.108138591278371,0,0.0,19538,4.2355521178728723e-11,7.632031250000002e-11,2.7276100928025283e-06,3.150746099460407e-07,7.954951288348665e-07,1.33543882944779e-06,1,1,nan,0.20186676031484904,37,36/35/33/31/29/28/25/24/23/20/19/18/15/13/12/7/6/3/1/2/4/5/8/9/10/11/14/16/17/21/22/26/27/30/32/34/66,35,2803.3,1.0,,,1.9149946271419896e-09,,,,,,,,,,,,,,0,23028,133,419222673.2241114,316547297.11597955,1.3243602995305712,1,-385257232.437352,-407052011.272442,-459317812.352674,-212949.673464,-401526.543848,-448016.659534,-401661716.449161,-329677.344683,7979,13612241.367094,63963485.779628,187730649.395836,204937555.615787,-293891004.595282,-244299630.802845,-0.1126,0.3617,-0.0758,0.1579,0.0013,0.076,0.7739,0.2461,0.0071,0.4627,0.6295,0.18,938,1973,14116,,,
1540,0.000193508653,36239.44,3.009539637407289e-08,9.938637695312504e-16,6.136230468750003e-18,72,37,36,35,36/35/33/31/29/28/25/24/23/20/19/18/15/13/12/7/6/3/1/2/4/5/8/9/10/11/14/16/17/21/22/26/27/30/32/34,0,35,1,0.199463/0.14209/0.120361/0.163818/0.11084/0.0817871/0.0876465/0.160889/0.125488/0.165527/0.129395/0.112793/0.168213/0.129395/0.126221/0.173096/0.140381/0.131104/0.170898/0.148682/0.144531/0.142578/0.173584/0.151123/0.154053/0.176025/0.157227/0.175781/0.158691/0.166016/0.180664/0.218262/0.174561/0.324219/0.19165/0.261963/0/0/0/0/0/0/0/0/0/0/0/0/0/0/0/0/0/0/0/0/0/0/0/0/0/0/0/0/0/0.397217/0/0/0/0/0/0,438.785/853.523/793.993/250.311/865.275/263.418/565.385/248.886/563.96/245.22/593.836/467.893/258.323/245.22/581.4/243.779/432.216/248.877/255.424/930.638/995.487/245.222/245.22/701.53/796.05/248.886/489.783/245.222/263.436/613.5/247.444/300.526/510.077/315.075/246.659/291.09/0/0/0/0/0/0/0/0/0/0/0/0/0/0/0/0/0/0/0/0/0/0/0/0/0/0/0/0/0/414.023/0/0/0/0/0/0,,,8439,1.975213721363468e-11,3.2964843750000014e-11,-4.069599099265232e-06,-3.1020442112219753,0,0.0,19770,4.287781586621342e-11,7.722656250000003e-11,2.727254564640872e-06,3.150746099460407e-07,7.954951288348674e-07,1.4581559230536517e-06,1,1,nan,0.20394502508648166,37,36/35/33/31/29/28/25/24/23/20/19/18/15/13/12/7/6/3/1/2/4/5/8/9/10/11/14/16/17/21/22/26/27/30/32/34/66,35,2803.8,1.0,,,1.9256140606894255e-09,,,,,,,,,,,,,,0,23106,139,423538667.15928143,316490161.76379365,1.3382364393221846,1,-384652410.474554,-408078531.581933,-459226382.943854,-215023.3578,-398614.993849,-449436.059829,-400281784.568644,-323498.557875,8098,12282329.5258,63102668.099172,158067613.044685,197985782.58832,-294066595.141642,-244916397.9102,-0.108,0.3647,-0.0751,0.1545,0.0013,0.0779,0.7776,0.2433,0.007,0.4642,0.6226,0.1806,937,1974,14116,,,
1560,0.000203693319,36985.55,2.916517695292748e-08,9.938298339843754e-16,6.170166015625003e-18,72,37,36,35,36/35/33/31/29/28/25/24/23/20/19/18/15/13/12/7/6/3/1/2/4/5/8/9/10/11/14/16/17/21/22/26/27/30/32/34,0,36,1,0.202881/0.145752/0.121826/0.163818/0.111572/0.0820313/0.0883789/0.161621/0.126953/0.166016/0.130127/0.112793/0.168701/0.129883/0.126221/0.17334/0.140869/0.131348/0.171631/0.14917/0.145752/0.143066/0.174805/0.151855/0.154541/0.17627/0.156982/0.175781/0.158691/0.16626/0.181396/0.21875/0.175049/0.326172/0.193604/0.263916/0/0/0/0/0/0/0/0/0/0/0/0/0/0/0/0/0/0/0/0/0/0/0/0/0/0/0/0/0/0.402344/0/0/0/0/0/0,438.785/853.523/793.993/250.311/865.275/263.418/565.385/248.886/619.27/245.22/593.836/467.893/258.323/245.22/581.4/243.779/432.216/248.877/255.424/930.638/1286.59/245.222/245.22/701.53/796.05/248.886/489.783/245.222/263.424/613.5/247.444/300.526/510.077/315.075/246.659/291.09/0/0/0/0/0/0/0/0/0/0/0/0/0/0/0/0/0/0/0/0/0/0/0/0/0/0/0/0/0/414.023/0/0/0/0/0/0,,,8444,1.976605402839334e-11,3.298437500000001e-11,-4.070100952273498e-06,-3.1100738593542356,0,0.0,20006,4.3433398932686694e-11,7.814843750000003e-11,2.726292282925504e-06,3.150746099460407e-07,8.396893026590257e-07,1.4581559230536517e-06,1,1,nan,0.2035782766802782,37,36/35/33/31/29/28/25/24/23/20/19/18/15/13/12/7/6/3/1/2/4/5/8/9/10/11/14/16/17/21/22/26/27/30/32/34/66,35,2804.7,1.0,,,1.9374230371899227e-09,,,,,,,,,,,,,,0,23198,150,436261446.76074874,326361013.7133969,1.3367449800357099,1,-383002606.684618,-407895838.689131,-459150672.101692,-174955.924665,-383073.878701,-445360.78157,-399154752.516808,-298622.554725,8168,24845683.89454,70065104.967746,181893622.117055,203652480.416417,-290290890.761324,-249582967.885719,-0.0229,0.3874,-0.0567,0.1414,0.0013,0.0777,0.7956,0.223,0.0068,0.4829,0.6211,0.1817,965,1995,14135,,,
1580,0.000203693319,37756.55,2.916517695292748e-08,9.937946777343754e-16,6.2053222656250026e-18,72,37,36,35,36/35/33/31/29/28/25/24/23/20/19/18/15/13/12/7/6/3/1/2/4/5/8/9/10/11/14/16/17/21/22/26/27/30/32/34,0,38,1,0.205078/0.149414/0.123047/0.164795/0.111816/0.0825195/0.088623/0.162598/0.12793/0.16626/0.131592/0.114746/0.169434/0.130859/0.127441/0.173828/0.140869/0.131592/0.172119/0.149658/0.146729/0.143311/0.175537/0.153076/0.154541/0.176514/0.157471/0.17627/0.158203/0.16626/0.181885/0.219482/0.175293/0.328857/0.194824/0.265381/0/0/0/0/0/0/0/0/0/0/0/0/0/0/0/0/0/0/0/0/0/0/0/0/0/0/0/0/0/0.407471/0/0/0/0/0/0,438.785/853.523/793.993/250.311/865.275/263.418/565.387/248.886/619.27/245.22/593.836/467.893/258.323/245.22/581.4/243.779/432.216/248.877/255.424/930.638/1286.59/245.222/245.22/701.53/796.05/248.886/489.783/245.222/246.664/613.5/247.444/300.526/510.077/315.075/246.659/291.09/0/0/0/0/0/0/0/0/0/0/0/0/0/0/0/0/0/0/0/0/0/0/0/0/0/0/0/0/0/4672.42/0/0/0/0/0/0,,,8455,1.9790340438892316e-11,3.3027343750000014e-11,-4.067613405971934e-06,-3.0702731185292125,0,0.0,20278,4.405120110793905e-11,7.921093750000003e-11,2.725827161547472e-06,3.150746099460407e-07,8.396893026590257e-07,1.4581559230536517e-06,1,1,nan,0.20368392677745334,37,36/35/33/31/29/28/25/24/23/20/19/18/15/13/12/7/6/3/1/2/4/5/8/9/10/11/14/16/17/21/22/26/27/30/32/34/66,35,6319.3,1.0,,,1.949893472241661e-09,,,,,,,,,,,,,,0,23295,164,436487851.3899442,326251104.3976868,1.3378892684387156,1,-381567413.713676,-407387024.273126,-459027558.115017,-170451.68287,-376948.867848,-447109.743489,-397712082.358631,-295524.817708,8272,25350034.526753,68250111.473338,167929631.254766,207580612.373927,-289657377.12232,-250675711.344676,-0.0331,0.3621,-0.0607,0.1432,0.0013,0.0769,0.7227,0.2236,0.0068,0.4965,0.6278,0.1827,1001,2007,14134,,,
1600,0.000203693319,38438.06,2.916517695292748e-08,9.937531738281255e-16,6.246826171875003e-18,72,37,36,35,36/35/33/31/29/28/25/24/23/20/19/18/15/13/12/7/6/3/1/2/4/5/8/9/10/11/14/16/17/21/22/26/27/30/32/34,0,40,1,0.207031/0.154053/0.125244/0.165771/0.112549/0.0834961/0.0891113/0.16333/0.128906/0.166992/0.132324/0.115967/0.169922/0.131592/0.128662/0.174316/0.141357/0.131836/0.172852/0.150391/0.149414/0.143555/0.177002/0.153809/0.155029/0.177002/0.157959/0.176514/0.158691/0.166504/0.182129/0.221191/0.175293/0.332031/0.195801/0.266602/0/0/0/0/0/0/0/0/0/0/0/0/0/0/0/0/0/0/0/0/0/0/0/0/0/0/0/0/0/0.412598/0/0/0/0/0/0,438.785/853.523/800.542/250.311/865.275/263.418/565.387/248.886/619.27/245.22/593.836/467.893/258.323/245.22/603.284/243.779/459.868/248.888/255.424/930.638/1286.59/245.222/245.22/701.53/796.05/248.886/517.437/245.222/432.251/613.5/247.444/300.526/510.077/315.075/246.659/644.677/0/0/0/0/0/0/0/0/0/0/0/0/0/0/0/0/0/0/0/0/0/0/0/0/0/0/0/0/0/4672.42/0/0/0/0/0/0,1-2:0.428376/1-3:0.359792/2-4:0.416188/3-6:0.338463/4-5:0.595015/5-8:0.399814/6-7:0.346195/7-12:0.3416/8-9:0.636265/9-10:0.457028/10-11:0.601019/11-14:0.466989/12-13:0.48659/13-15:0.619711/14-16:0.547761/15-18:0.507239/16-17:0.645816/17-21:0.519927/18-19:0.552946/19-20:0.681791/20-23:0.591968/21-22:0.563725/22-26:0.62071/23-24:0.668284/24-25:0.603247/25-28:0.63158/26-27:0.660642/27-30:0.638403/28-29:0.645816/29-31:0.695388/30-32:0.719994/31-33:0.667555/32-34:0.6832/33-35:0.764971/35-36:0.706258,1-2:-59.713/1-3:-65.143/2-4:-55.778/3-6:-69.01/4-5:-51.861/5-8:-47.925/6-7:-72.859/7-12:-76.787/8-9:-43.957/9-10:-40.007/10-11:-36.03/11-14:-32.125/12-13:-80.704/13-15:-84.698/14-16:-28.117/15-18:-88.658/16-17:-24.169/17-21:-20.189/18-19:-92.615/19-20:-96.585/20-23:-100.59/21-22:-16.243/22-26:-12.233/23-24:-104.54/24-25:-108.5/25-28:-112.49/26-27:-8.2613/27-30:-4.2915/28-29:-116.47/29-31:-120.44/30-32:-0.32218/31-33:-124.38/32-34:4.5518/33-35:-128.39/35-36:-132.34,8465,1.9810260936843118e-11,3.306640625000001e-11,-4.066463019226764e-06,-3.051866930606493,0,0.0,20638,4.487912057459341e-11,8.061718750000004e-11,2.7254680621407485e-06,4.3878545536405074e-07,8.396893026590257e-07,1.4581559230536517e-06,1,1,nan,0.203057257106498,38,36/36/35/33/31/29/28/25/24/23/20/19/18/15/13/12/7/6/3/1/2/4/5/8/9/10/11/14/16/17/21/22/26/27/30/32/34/66,36,6320.0,1.0,,,1.9619500977870026e-09,2,36/1,1/2,2,2,0.933951/0.0660492,0.998967,36/1,9215/5043,2615/4497,884/7159,36/1,36/2,0,23402,178,435144919.21785676,326178428.2353034,1.3340701945621785,1,-382521447.060003,-405853338.984437,-458853281.912955,-182068.943091,-372226.084341,-445159.328217,-396411905.923351,-283295.823566,8397,21450313.867802,68517057.045501,161453787.538878,238946140.163904,-294817684.010837,-250263414.690103,-0.0435,0.3346,-0.0581,0.1419,0.0013,0.0783,0.6781,0.2208,0.0069,0.4885,0.6301,0.1843,1003,2025,14153,1396.8,795.5,339.8
1620,0.000203693319,39349.48,2.916517695292748e-08,9.937153320312505e-16,6.284667968750003e-18,72,37,36,35,36/35/33/31/29/28/25/24/23/20/19/18/15/13/12/7/6/3/1/2/4/5/8/9/10/11/14/16/17/21/22/26/27/30/32/34,0,41,1,0.209473/0.156982/0.12793/0.166504/0.113037/0.0844727/0.0900879/0.164551/0.129639/0.167236/0.133301/0.115967/0.17041/0.13208/0.12915/0.174561/0.14209/0.132813/0.173828/0.150635/0.150391/0.143555/0.177734/0.154541/0.155029/0.177246/0.158447/0.176758/0.158936/0.166992/0.182129/0.222168/0.175537/0.335938/0.196777/0.269043/0/0/0/0/0/0/0/0/0/0/0/0/0/0/0/0/0/0/0/0/0/0/0/0/0/0/0/0/0/0.418701/0/0/0/0/0/0,438.785/853.523/800.542/250.311/865.275/307.861/565.387/250.323/619.27/245.22/593.836/467.893/258.323/245.22/603.284/243.779/459.868/248.888/255.424/930.638/1286.59/245.222/245.22/701.53/796.05/248.886/517.437/245.222/432.251/613.5/247.444/300.526/510.077/315.075/246.659/644.677/0/0/0/0/0/0/0/0/0/0/0/0/0/0/0/0/0/0/0/0/0/0/0/0/0/0/0/0/0/4678.97/0/0/0/0/0/0,,,8473,1.9826724945500957e-11,3.309765625000001e-11,-4.067206758488263e-06,-3.0637667587904738,0,0.0,20962,4.562899466933566e-11,8.188281250000004e-11,2.7239421059514645e-06,4.3878545536405074e-07,8.396893026590257e-07,1.4581559230536517e-06,1,1,nan,0.20237421676777323,38,36/36/35/33/31/29/28/25/24/23/20/19/18/15/13/12/7/6/3/1/2/4/5/8/9/10/11/14/16/17/21/22/26/27/30/32/34/66,36,6320.5,1.0,,,1.9737532342861044e-09,,,,,,,,,,,,,,0,23503,191,433681186.5876999,326118460.7883775,1.32982716016534,1,-382187728.395936,-405902948.127193,-458752041.305305,-178626.636147,-372683.916832,-443810.535504,-394702606.097021,-282035.06589,8513,21943421.566429,66053470.237506,215057158.619844,214584712.89842,-295591952.612068,-253293875.664107,-0.0452,0.3403,-0.0569,0.1402,0.0013,0.0782,0.6735,0.2186,0.0068,0.5005,0.6282,0.1843,1009,2036,14170,,,
1640,0.000203693319,40078.75,2.916517695292748e-08,9.936767578125005e-16,6.323242187500003e-18,72,37,36,35,36/35/33/31/29/28/25/24/23/20/19/18/15/13/12/7/6/3/1/2/4/5/8/9/10/11/14/16/17/21/22/26/27/30/32/34,0,44,1,0.214355/0.158203/0.130127/0.167725/0.113037/0.0847168/0.0900879/0.165039/0.130127/0.167969/0.133789/0.116455/0.171143/0.132568/0.129639/0.175049/0.142334/0.133057/0.174805/0.151611/0.151611/0.143799/0.178467/0.155273/0.155273/0.17749/0.159424/0.177246/0.158936/0.166748/0.182617/0.223633/0.176514/0.338135/0.198486/0.271484/0/0/0/0/0/0/0/0/0/0/0/0/0/0/0/0/0/0/0/0/0/0/0/0/0/0/0/0/0/0.42627/0/0/0/0/0/0,438.785/853.523/800.542/250.311/865.275/307.861/565.387/250.323/619.27/248.886/593.836/467.893/258.323/245.22/603.284/243.779/459.868/248.888/255.424/930.638/1286.59/245.222/245.22/701.53/796.05/248.886/517.437/245.222/432.251/613.5/247.444/300.526/510.077/315.075/246.659/644.677/0/0/0/0/0/0/0/0/0/0/0/0/0/0/0/0/0/0/0/0/0/0/0/0/0/0/0/0/0/4678.97/0/0/0/0/0/0,,,8479,1.983709454124128e-11,3.312109375000001e-11,-4.068956965314596e-06,-3.0917700680117997,0,0.0,21220,4.6233152091144054e-11,8.289062500000003e-11,2.723686626690482e-06,4.3878545536405074e-07,8.396893026590257e-07,1.4581559230536517e-06,1,1,nan,0.20210747519292824,38,36/36/35/33/31/29/28/25/24/23/20/19/18/15/13/12/7/6/3/1/2/4/5/8/9/10/11/14/16/17/21/22/26/27/30/32/34/66,36,6322.2,1.0,,,1.9854087007327303e-09,,,,,,,,,,,,,,0,23601,194,433109568.3028282,326089143.6897126,1.3281937675145359,1,-381066309.303447,-405938691.359453,-458560836.255792,-177797.21114,-370078.048688,-444143.906987,-393388813.370162,-271787.353695,8613,23642859.586111,64532440.507062,160089259.756581,225793673.926563,-292939984.975155,-254895301.511964,-0.0289,0.3321,-0.0584,0.1424,0.0013,0.0788,0.6532,0.2203,0.0068,0.5034,0.6334,0.1854,1027,2054,14196,,,
1660,0.000213877985,40840.93,2.829073777332103e-08,9.936298828125005e-16,6.370117187500003e-18,72,37,36,35,36/35/33/31/29/28/25/24/23/20/19/18/15/13/12/7/6/3/1/2/4/5/8/9/10/11/14/16/17/21/22/26/27/30/32/34,0,47,1,0.217773/0.160645/0.134521/0.168701/0.113525/0.0852051/0.0910645/0.165771/0.130859/0.169189/0.13623/0.118408/0.171875/0.133545/0.130127/0.175293/0.142578/0.133301/0.176514/0.15332/0.154541/0.143799/0.180176/0.156006/0.155518/0.177979/0.159912/0.17749/0.15918/0.16748/0.18335/0.225342/0.176758/0.341064/0.199219/0.27417/0/0/0/0/0/0/0/0/0/0/0/0/0/0/0/0/0/0/0/0/0/0/0/0/0/0/0/0/0/0.429688/0/0/0/0/0/0,438.785/873.903/864.451/705.888/865.275/307.861/565.387/250.323/619.27/248.886/593.836/467.893/258.323/245.22/603.284/243.779/473.01/248.888/255.424/930.638/1286.59/245.222/245.22/701.53/796.05/248.886/517.437/245.222/432.251/613.5/247.444/300.526/510.077/689.893/246.659/644.677/0/0/0/0/0/0/0/0/0/0/0/0/0/0/0/0/0/0/0/0/0/0/0/0/0/0/0/0/0/4678.97/0/0/0/0/0/0,,,8487,1.9856195962077954e-11,3.3152343750000014e-11,-4.067667567487124e-06,-3.071139702772257,0,0.0,21604,4.710782655517739e-11,8.439062500000004e-11,2.723463505053156e-06,4.7301044444958534e-07,9.280776503073447e-07,1.4581559230536517e-06,1,1,nan,0.20052797189266727,40,36/36/36/35/33/31/29/28/25/24/23/20/19/18/15/13/12/7/6/3/1/2/4/5/8/9/10/11/14/16/17/21/22/26/27/30/32/34/34/66,38,6322.1,1.0,,,1.998287709469614e-09,,,,,,,,,,,,,,0,23724,210,443007119.2809499,335966583.7547159,1.318604708628947,1,-377808095.712999,-405649474.204286,-458522032.449952,-129977.419903,-331467.770601,-440713.861762,-392031185.555189,-242274.31084,8711,36685371.648586,71293973.58412,190721243.825886,228622897.364711,-291712663.931415,-256853904.59782,0.0652,0.3466,-0.0413,0.1343,0.0013,0.0819,0.669,0.2068,0.0067,0.5135,0.6364,0.1862,1077,2068,14223,,,
1680,0.000213877985,41604.57,2.829073777332103e-08,9.935852050781255e-16,6.414794921875003e-18,72,37,36,35,36/35/33/31/29/28/25/24/23/20/19/18/15/13/12/7/6/3/1/2/4/5/8/9/10/11/14/16/17/21/22/26/27/30/32/34,0,49,1,0.220459/0.163818/0.137207/0.170654/0.114746/0.0864258/0.092041/0.167236/0.131592/0.170166/0.137451/0.119873/0.172119/0.134033/0.130615/0.176514/0.142822/0.133301/0.177246/0.153809/0.156982/0.143799/0.181885/0.156494/0.156006/0.177979/0.160645/0.177979/0.1604/0.168213/0.183594/0.226074/0.176758/0.343506/0.199951/0.276855/0/0/0/0/0/0/0/0/0/0/0/0/0/0/0/0/0/0/0/0/0/0/0/0/0/0/0/0/0/0.435547/0/0/0/0/0/0,438.785/873.903/864.451/705.888/865.275/307.861/565.387/250.323/619.27/248.886/593.836/467.893/258.323/245.22/603.284/243.779/473.01/248.888/255.424/930.638/1286.59/245.222/245.22/701.53/796.05/248.886/517.437/245.222/432.251/613.5/247.444/300.526/510.077/689.893/246.659/644.677/0/0/0/0/0/0/0/0/0/0/0/0/0/0/0/0/0/0/0/0/0/0/0/0/0/0/0/0/0/4700.06/0/0/0/0/0/0,,,8501,1.9892261276270617e-11,3.320703125000001e-11,-4.065954840311607e-06,-3.043736067963976,0,0.0,21892,4.777438301087845e-11,8.551562500000003e-11,2.7215717111248623e-06,4.7301044444958534e-07,9.280776503073447e-07,1.4581559230536517e-06,1,1,nan,0.200334040908056,40,36/36/36/35/33/31/29/28/25/24/23/20/19/18/15/13/12/7/6/3/1/2/4/5/8/9/10/11/14/16/17/21/22/26/27/30/32/34/34/66,38,6322.7,1.0,,,2.0117527245222083e-09,,,,,,,,,,,,,,0,23852,219,442578686.24978185,335891182.32784086,1.3176251998714585,1,-374158996.340838,-406033187.259859,-458393910.334879,-105913.292078,-335531.161195,-441727.377096,-390083557.237264,-236864.232137,8832,40060227.725667,69283900.068107,212311699.699571,208379399.439622,-287892480.27876,-258956020.049577,0.061,0.3352,-0.0416,0.1305,0.0013,0.0831,0.6337,0.2011,0.0067,0.5242,0.6354,0.187,1116,2079,14237,,,
1700,0.000213877985,42396.31,2.829073777332103e-08,9.935417480468755e-16,6.458251953125003e-18,72,37,36,35,36/35/33/31/29/28/25/24/23/20/19/18/15/13/12/7/6/3/1/2/4/5/8/9/10/11/14/16/17/21/22/26/27/30/32/34,0,48,1,0.224854/0.167236/0.139404/0.171387/0.11499/0.0874023/0.0927734/0.167236/0.133057/0.170898/0.138428/0.121338/0.172607/0.134277/0.131348/0.17749/0.143555/0.133301/0.177246/0.155029/0.156982/0.144043/0.182861/0.156738/0.156982/0.178467/0.162109/0.178223/0.160889/0.168457/0.183838/0.227539/0.177246/0.345215/0.200684/0.280273/0/0/0/0/0/0/0/0/0/0/0/0/0/0/0/0/0/0/0/0/0/0/0/0/0/0/0/0/0/0.443848/0/0/0/0/0/0,438.785/873.903/880.448/705.888/865.275/307.861/565.387/250.323/619.27/248.886/1050.84/656.315/258.323/479.528/603.284/243.779/729.886/248.888/255.424/930.638/1286.59/245.222/251.76/701.53/872.46/248.886/517.437/245.222/459.903/620.051/247.444/300.526/510.077/689.893/246.659/644.677/0/0/0/0/0/0/0/0/0/0/0/0/0/0/0/0/0/0/0/0/0/0/0/0/0/0/0/0/0/4700.07/0/0/0/0/0/0,1-2:0.436198/1-3:0.386307/2-4:0.422282/3-6:0.344966/4-5:0.595015/5-8:0.404589/6-7:0.352289/7-12:0.346375/8-9:0.637993/9-10:0.457028/10-11:0.601019/11-14:0.473492/12-13:0.493503/13-15:0.619711/14-16:0.54817/15-18:0.503783/16-17:0.647544/17-21:0.524703/18-19:0.554674/19-20:0.681791/20-23:0.603247/21-22:0.567182/22-26:0.62071/23-24:0.670012/24-25:0.606703/25-28:0.63158/26-27:0.661461/27-30:0.632309/28-29:0.645816/29-31:0.691931/30-32:0.726088/31-33:0.670602/32-34:0.6832/33-35:0.772794/35-36:0.698435,1-2:-59.721/1-3:-65.159/2-4:-55.774/3-6:-69.021/4-5:-51.861/5-8:-47.925/6-7:-72.859/7-12:-76.8/8-9:-43.95/9-10:-40.007/10-11:-36.03/11-14:-32.128/12-13:-80.711/13-15:-84.698/14-16:-28.117/15-18:-88.656/16-17:-24.167/17-21:-20.183/18-19:-92.616/19-20:-96.59/20-23:-100.59/21-22:-16.242/22-26:-12.233/23-24:-104.54/24-25:-108.51/25-28:-112.49/26-27:-8.2575/27-30:-4.2905/28-29:-116.47/29-31:-120.44/30-32:-0.32299/31-33:-124.38/32-34:4.5518/33-35:-128.39/35-36:-132.34,8511,1.9913500863895127e-11,3.324609375000001e-11,-4.0657937795711345e-06,-3.0411590961164214,0,0.0,22176,4.8423474793495364e-11,8.662500000000004e-11,2.719983495631876e-06,5.174373161491881e-07,9.722718241315038e-07,1.4581559230536517e-06,1,1,nan,0.20020320048854567,40,36/36/36/35/33/31/29/28/25/24/23/20/19/18/15/13/12/7/6/3/1/2/4/5/8/9/10/11/14/16/17/21/22/26/27/30/32/34/34/66,38,6323.9,1.0,,,2.024848075112361e-09,2,36/1,1/2,2,2,0.931274/0.0687257,0.998928,36/1,9218/5063,2615/4601,972/7159,36/1,36/2,0,23965,229,442289633.12275076,335874200.9575541,1.3168312179435444,1,-369894602.060432,-405716032.472962,-458305953.003888,-96711.670489,-329071.704416,-441879.080336,-388450649.277365,-231278.239056,8984,44734507.964383,69320456.388598,220272138.477479,214865052.563162,-281529200.299325,-258514679.452158,0.0775,0.3502,-0.0391,0.1296,0.0013,0.0823,0.6537,0.2003,0.0067,0.5311,0.6335,0.1876,1124,2101,14239,1417.3,795.5,336.9
1720,0.000213877985,43335.87,2.829073777332103e-08,9.934956054687505e-16,6.504394531250003e-18,72,37,36,35,36/35/33/31/29/28/25/24/23/20/19/18/15/13/12/7/6/3/1/2/4/5/8/9/10/11/14/16/17/21/22/26/27/30/32/34,0,51,1,0.227783/0.172363/0.143311/0.172852/0.115479/0.0891113/0.0935059/0.168457/0.134033/0.170898/0.138916/0.12207/0.172852/0.134766/0.131836/0.178955/0.144531/0.134033/0.178223/0.156738/0.157715/0.144775/0.183105/0.156738/0.157715/0.178711/0.162598/0.178711/0.161621/0.169678/0.184082/0.229004/0.178711/0.347168/0.201904/0.283447/0/0/0/0/0/0/0/0/0/0/0/0/0/0/0/0/0/0/0/0/0/0/0/0/0/0/0/0/0/0.447998/0/0/0/0/0/0,438.785/884.906/1067.59/705.888/865.275/307.861/565.387/250.323/619.27/248.886/1050.84/656.315/258.323/479.528/603.284/243.779/729.886/248.888/255.424/930.638/1286.59/245.222/256.861/701.53/872.46/248.886/517.437/245.222/459.903/620.051/247.444/300.526/635.242/689.893/246.659/644.677/0/0/0/0/0/0/0/0/0/0/0/0/0/0/0/0/0/0/0/0/0/0/0/0/0/0/0/0/0/4700.07/0/0/0/0/0/0,,,8528,1.995606987383951e-11,3.3312500000000014e-11,-4.0667604138484755e-06,-3.056625244553877,0,0.0,22490,4.911122992328688e-11,8.785156250000003e-11,2.7189895077397582e-06,5.65387377296769e-07,1.1490485194281403e-06,1.4581559230536517e-06,1,1,nan,0.19994254760395705,40,36/36/36/35/33/31/29/28/25/24/23/20/19/18/15/13/12/7/6/3/1/2/4/5/8/9/10/11/14/16/17/21/22/26/27/30/32/34/34/66,38,6324.3,1.0,,,2.0379050195232265e-09,,,,,,,,,,,,,,0,24102,243,441713797.82933,335844941.71472085,1.31523135520242,1,-367560329.237986,-404958498.988708,-458296236.581989,-85653.118423,-305070.417584,-442290.773008,-386579621.069581,-218808.270116,9112,43908763.650425,68568351.824679,192590996.205517,215307203.53344,-282645573.545859,-258805115.221509,0.0751,0.3495,-0.0403,0.1283,0.0013,0.0807,0.6417,0.1958,0.0067,0.5401,0.6418,0.1869,1148,2130,14240,,,
1740,0.000213877985,44258.61,2.829073777332103e-08,9.934628906250005e-16,6.5371093750000026e-18,72,37,36,35,36/35/33/31/29/28/25/24/23/20/19/18/15/13/12/7/6/3/1/2/4/5/8/9/10/11/14/16/17/21/22/26/27/30/32/34,0,52,1,0.230469/0.174561/0.14502/0.17334/0.115479/0.0900879/0.0935059/0.169434/0.135986/0.171387/0.139893/0.123047/0.173584/0.135254/0.132813/0.179688/0.144775/0.134766/0.178223/0.156982/0.158691/0.144775/0.183838/0.157471/0.158203/0.178955/0.164307/0.178711/0.161865/0.170898/0.184326/0.229248/0.179199/0.349121/0.201904/0.2854/0/0/0/0/0/0/0/0/0/0/0/0/0/0/0/0/0/0/0/0/0/0/0/0/0/0/0/0/0/0.451904/0/0/0/0/0/0,438.785/884.906/1067.59/705.888/865.275/307.861/565.387/250.323/627.254/248.886/1050.84/753.819/258.323/479.528/603.284/243.779/729.886/248.888/255.424/930.638/1286.59/245.222/256.861/701.53/872.46/248.886/517.437/245.222/459.903/620.051/247.444/300.526/662.896/689.893/246.659/649.116/0/0/0/0/0/0/0/0/0/0/0/0/0/0/0/0/0/0/0/0/0/0/0/0/0/0/0/0/0/4700.07/0/0/0/0/0/0,,,8534,1.99703960992938e-11,3.3335937500000015e-11,-4.064770962674344e-06,-3.024794025767774,0,0.0,22770,4.9763958887478934e-11,8.894531250000003e-11,2.7175937363609946e-06,5.65387377296769e-07,1.1490485194281403e-06,1.4581559230536517e-06,1,1,nan,0.19726527953597886,41,36/36/36/35/33/31/29/28/25/24/23/20/19/18/15/13/12/7/6/3/1/2/4/5/8/9/10/11/14/16/17/21/22/26/27/30/32/34/34/34/66,39,6350.1,1.0,,,2.0505717696022106e-09,,,,,,,,,,,,,,0,24189,253,435799167.55035466,335782810.3777933,1.2978602658665932,1,-367838313.049895,-404107419.55944,-458152900.125672,-102743.162004,-314667.881315,-443293.794452,-385466530.026815,-212550.711134,9231,42108208.147085,70525417.498096,176341172.406217,217174856.57149,-284404777.726662,-257288944.636974,0.0772,0.3402,-0.0426,0.133,0.0013,0.0816,0.6294,0.1984,0.0068,0.5357,0.6575,0.1884,1148,2137,14254,,,
1760,0.000224062651,45091.78,2.74672076250056e-08,9.934150390625005e-16,6.584960937500003e-18,72,37,36,35,36/35/33/31/29/28/25/24/23/20/19/18/15/13/12/7/6/3/1/2/4/5/8/9/10/11/14/16/17/21/22/26/27/30/32/34,0,54,2,0.233643/0.17749/0.14917/0.174316/0.116455/0.0905762/0.0939941/0.169678/0.137695/0.17334/0.141846/0.124756/0.174561/0.135498/0.133301/0.18042/0.145508/0.134766/0.179443/0.158447/0.1604/0.145752/0.185059/0.157471/0.158936/0.178711/0.166748/0.178955/0.161621/0.171387/0.185791/0.230469/0.179199/0.354248/0.202393/0.287354/0/0/0/0/0/0/0/0/0/0/0/0/0/0/0/0/0/0/0/0/0/0/0/0/0/0/0/0/0/0.455566/0/0/0/0/0/0,438.785/884.906/1067.59/705.888/876.922/697.082/565.387/250.323/627.254/248.886/1050.84/1039.8/367.477/479.528/603.284/243.779/729.886/248.888/276.525/930.638/1286.59/245.222/256.861/701.53/872.46/248.886/804.03/245.222/459.903/620.051/250.319/304.179/662.896/691.322/246.659/649.116/0/0/0/0/0/0/0/0/0/0/0/0/0/0/0/0/0/0/0/0/0/0/0/0/0/0/0/0/0/4700.07/0/0/0/0/0/0,,,8547,1.9994182880817495e-11,3.3386718750000014e-11,-4.0632856480120196e-06,-3.0010289911705823,0,0.0,23120,5.055349507590064e-11,9.031250000000003e-11,2.7177063291381755e-06,6.200509099193974e-07,1.1490485194281403e-06,1.8180505180331265e-06,1,1,nan,0.196599994237532,41,36/36/36/35/33/31/29/28/25/24/23/20/19/18/15/13/12/7/6/3/1/2/4/5/8/9/10/11/14/16/17/21/22/26/27/30/32/34/34/34/66,39,6350.1,1.0,,,2.0644422650617093e-09,,,,,,,,,,,,,,0,24327,268,447351613.15267646,345674997.8611815,1.294139338744791,1,-362996602.757869,-405540419.56088,-457994782.046583,-6204.404921,-260774.857007,-441932.561082,-383748032.488252,-177583.208367,9371,53889744.334786,75793724.958007,191694057.577313,220407984.74668,-283361049.731295,-261282296.220903,0.1587,0.3844,-0.0247,0.1256,0.0013,0.0839,0.6876,0.1897,0.0066,0.555,0.6495,0.1895,1191,2151,14247,,,
1780,0.000224062651,45903.35,2.74672076250056e-08,9.933659667968754e-16,6.634033203125003e-18,72,37,36,35,36/35/33/31/29/28/25/24/23/20/19/18/15/13/12/7/6/3/1/2/4/5/8/9/10/11/14/16/17/21/22/26/27/30/32/34,0,58,2,0.236084/0.180176/0.154053/0.175293/0.117432/0.0915527/0.0939941/0.171143/0.138672/0.175293/0.143311/0.126953/0.175537/0.135742/0.134277/0.180664/0.146484/0.13501/0.179688/0.159668/0.162354/0.14624/0.186035/0.158447/0.161133/0.179199/0.168213/0.179443/0.162354/0.172119/0.186279/0.231934/0.179443/0.35791/0.203613/0.290527/0/0/0/0/0/0/0/0/0/0/0/0/0/0/0/0/0/0/0/0/0/0/0/0/0/0/0/0/0/0.457764/0/0/0/0/0/0,438.785/884.906/1067.59/268.525/876.922/697.082/565.387/250.323/627.254/248.886/1050.84/1060.9/367.477/479.528/603.284/243.779/729.886/248.888/276.525/958.292/1286.59/245.222/256.867/756.826/872.46/248.886/804.03/245.222/459.903/620.051/250.319/304.179/662.896/691.322/246.664/659.322/0/0/0/0/0/0/0/0/0/0/0/0/0/0/0/0/0/0/0/0/0/0/0/0/0/0/0/0/0/4700.07/0/0/0/0/0/0,,,8567,2.0035342582808517e-11,3.346484375000001e-11,-4.0660419486181975e-06,-3.045129800869429,0,0.0,23466,5.1317653843255975e-11,9.166406250000004e-11,2.7176750529234687e-06,6.032841356950214e-07,1.0606601717798212e-06,1.4662709596460367e-06,1,1,nan,0.1970040308909773,41,36/36/36/35/33/31/29/28/25/24/23/20/19/18/15/13/12/7/6/3/1/2/4/5/8/9/10/11/14/16/17/21/22/26/27/30/32/34/34/34/66,39,6349.8,1.0,,,2.0789906609155505e-09,,,,,,,,,,,,,,0,24480,283,448270974.566661,345641471.3161569,1.2969247378206803,2,-361462147.858367,-405345126.725244,-457873672.870304,-15695.58886,-255356.28732,-439334.031267,-381414907.107515,-159644.067719,9550,56254971.448142,73671315.298078,210710602.097274,213326980.024153,-282549722.932125,-264455705.51947,0.1528,0.3659,-0.0228,0.1208,0.0013,0.0831,0.6508,0.1842,0.0067,0.5579,0.642,0.1906,1201,2148,14264,,,
1800,0.000224062651,46631.06,2.74672076250056e-08,9.933078613281254e-16,6.692138671875003e-18,72,37,36,35,36/35/33/31/29/28/25/24/23/20/19/18/15/13/12/7/6/3/1/2/4/5/8/9/10/11/14/16/17/21/22/26/27/30/32/34,0,62,2,0.238281/0.183594/0.158936/0.177246/0.11792/0.0942383/0.0942383/0.171875/0.139893/0.17627/0.144043/0.12915/0.17749/0.137451/0.134766/0.181396/0.147705/0.13501/0.180908/0.1604/0.164795/0.146729/0.187744/0.158691/0.162109/0.179688/0.169434/0.180664/0.16333/0.17334/0.187012/0.232666/0.179688/0.361572/0.205322/0.294189/0/0/0/0/0/0/0/0/0/0/0/0/0/0/0/0/0/0/0/0/0/0/0/0/0/0/0/0/0/0.464355/0/0/0/0/0/0,438.785/884.906/1067.59/383.463/876.922/697.082/565.387/250.323/627.254/248.886/1050.84/1060.9/367.477/479.528/603.284/243.779/729.886/248.888/283.078/958.292/1286.59/245.222/375.483/756.826/872.462/248.886/804.03/250.307/459.903/620.053/250.319/304.179/662.896/697.877/246.664/659.322/0/0/0/0/0/0/0/0/0/0/0/0/0/0/0/0/0/0/0/0/0/0/0/0/0/0/0/0/0/4700.07/0/0/0/0/0/0,1-2:0.45489/1-3:0.414549/2-4:0.437927/3-6:0.351061/4-5:0.593696/5-8:0.412412/6-7:0.355336/7-12:0.346375/8-9:0.642769/9-10:0.470945/10-11:0.602747/11-14:0.478677/12-13:0.500416/13-15:0.618392/14-16:0.551217/15-18:0.505511/16-17:0.647544/17-21:0.526841/18-19:0.554674/19-20:0.685247/20-23:0.604975/21-22:0.567182/22-26:0.627623/23-24:0.665236/24-25:0.606703/25-28:0.647634/26-27:0.661461/27-30:0.643588/28-29:0.647544/29-31:0.696707/30-32:0.716947/31-33:0.667555/32-34:0.700983/33-35:0.774522/35-36:0.718356,1-2:-59.722/1-3:-65.182/2-4:-55.771/3-6:-69.04/4-5:-51.856/5-8:-47.921/6-7:-72.868/7-12:-76.8/8-9:-43.953/9-10:-39.998/10-11:-36.028/11-14:-32.128/12-13:-80.715/13-15:-84.711/14-16:-28.119/15-18:-88.656/16-17:-24.167/17-21:-20.183/18-19:-92.616/19-20:-96.602/20-23:-100.59/21-22:-16.242/22-26:-12.23/23-24:-104.56/24-25:-108.51/25-28:-112.51/26-27:-8.2575/27-30:-4.2883/28-29:-116.47/29-31:-120.44/30-32:-0.32299/31-33:-124.38/32-34:4.5493/33-35:-128.38/35-36:-132.35,8595,2.0098241757122198e-11,3.3574218750000014e-11,-4.065626682763092e-06,-3.0384855471877357,0,0.0,23846,5.2190689130169607e-11,9.314843750000004e-11,2.7175030983393848e-06,6.032841356950214e-07,1.1048543456039803e-06,1.6401673920029175e-06,1,1,nan,0.19726497806078416,40,36/36/35/33/31/29/28/25/24/23/20/19/18/15/13/12/7/6/3/1/2/4/5/8/9/10/11/14/16/17/21/22/26/27/30/32/34/34/34/66,38,6350.3,1.0,,,2.0929088891464193e-09,3,36/1/1,1/2/1,2,2,0.930612/0.0693882,0.998918,36/1/1,9218/5063/172,2615/4705/456,972/7248/133,36/1/1,36/2/1,0,24647,299,448864744.35700846,345637740.3667574,1.298656633620844,2,-352549404.119935,-404538116.018412,-457822844.353212,11175.987525,-250589.722977,-439843.063219,-379157757.488438,-154617.55308,9733,56893750.472476,72123546.514051,187233140.77862,276514699.465809,-279833624.392783,-264641292.797383,0.1616,0.3838,-0.0219,0.122,0.0013,0.081,0.6613,0.1834,0.0067,0.5763,0.6515,0.192,1225,2169,14278,1396.8,795.5,336.2
1820,0.000224062651,47320.99,2.74672076250056e-08,9.932539062500004e-16,6.746093750000003e-18,72,37,36,35,36/35/33/31/29/28/25/24/23/20/19/18/15/13/12/7/6/3/1/2/4/5/8/9/10/11/14/16/17/21/22/26/27/30/32/34,0,62,2,0.243164/0.188721/0.165039/0.178711/0.118896/0.0949707/0.0949707/0.172363/0.140869/0.176758/0.146973/0.129639/0.177734/0.138672/0.135986/0.183838/0.148926/0.135254/0.182861/0.161621/0.166016/0.146729/0.187744/0.159424/0.163574/0.180176/0.17041/0.180908/0.16333/0.173828/0.187256/0.233887/0.180664/0.364746/0.206543/0.297119/0/0/0/0/0/0/0/0/0/0/0/0/0/0/0/0/0/0/0/0/0/0/0/0/0/0/0/0/0/0.467773/0/0/0/0/0/0,445.324/978.129/1067.59/383.463/876.922/697.082/565.387/250.323/627.254/248.886/1050.84/1060.9/367.477/479.528/603.284/243.779/729.886/248.888/283.078/958.292/1286.59/245.222/375.483/756.826/872.462/248.886/804.03/250.315/459.903/620.053/250.319/310.74/662.896/697.887/246.664/659.322/0/0/0/0/0/0/0/0/0/0/0/0/0/0/0/0/0/0/0/0/0/0/0/0/0/0/0/0/0/4700.07/0/0/0/0/0/0,,,8616,2.014772400137537e-11,3.365625000000001e-11,-4.063447645569948e-06,-3.003620952097437,0,0.0,24210,5.301760908315053e-11,9.457031250000004e-11,2.7165227289050403e-06,6.032841356950214e-07,1.1048543456039803e-06,1.6401673920029175e-06,1,1,nan,0.1975936374174156,40,36/36/35/33/31/29/28/25/24/23/20/19/18/15/13/12/7/6/3/1/2/4/5/8/9/10/11/14/16/17/21/22/26/27/30/32/34/34/34/66,38,6350.3,1.0,,,2.106632359874638e-09,,,,,,,,,,,,,,0,24807,305,449612589.207854,345605896.07721186,1.3009401584613185,2,-348141730.600181,-405205731.196397,-457631390.493099,2467.042909,-252769.393833,-438709.603732,-376860714.989386,-142823.251909,9919,59159367.100614,71533166.285368,232913139.39638,207986789.611268,-277421706.005928,-265835100.953814,0.1847,0.3772,-0.0232,0.122,0.0013,0.0823,0.6516,0.1835,0.0067,0.5748,0.6511,0.1941,1237,2167,14296,,,
1840,0.000224062651,47982.77,2.74672076250056e-08,9.932014160156255e-16,6.798583984375003e-18,72,37,36,35,36/35/33/31/29/28/25/24/23/20/19/18/15/13/12/7/6/3/1/2/4/5/8/9/10/11/14/16/17/21/22/26/27/30/32/34,0,64,2,0.249023/0.192871/0.169678/0.179932/0.119385/0.095459/0.0957031/0.172852/0.142578/0.177734/0.14917/0.131104/0.177979/0.139404/0.136963/0.185059/0.148926/0.135498/0.183594/0.162842/0.166748/0.146729/0.188721/0.160645/0.164307/0.180908/0.171143/0.181641/0.164063/0.174561/0.189209/0.234131/0.181641/0.368164/0.207275/0.299805/0/0/0/0/0/0/0/0/0/0/0/0/0/0/0/0/0/0/0/0/0/0/0/0/0/0/0/0/0/0.473145/0/0/0/0/0/0,445.34/978.129/1067.59/383.463/876.922/697.082/565.387/250.323/627.254/248.886/1050.84/1060.9/367.477/479.528/603.284/243.779/729.886/248.888/283.078/985.944/1286.59/245.222/375.498/756.826/872.462/248.886/831.684/250.315/459.903/620.053/250.319/310.74/662.896/697.887/246.664/659.322/0/0/0/0/0/0/0/0/0/0/0/0/0/0/0/0/0/0/0/0/0/0/0/0/0/0/0/0/0/4721.17/0/0/0/0/0/0,,,8627,2.0173329245825198e-11,3.3699218750000013e-11,-4.064449669534344e-06,-3.019653335527774,0,0.0,24550,5.3787225668651445e-11,9.589843750000003e-11,2.716154545120505e-06,6.032841356950214e-07,1.1490485194281403e-06,1.6524107715143572e-06,1,1,nan,0.1979510044618607,40,36/36/35/33/31/29/28/25/24/23/20/19/18/15/13/12/7/6/3/1/2/4/5/8/9/10/11/14/16/17/21/22/26/27/30/32/34/34/34/66,38,6350.6,1.0,,,2.1202490466825778e-09,,,,,,,,,,,,,,0,24960,321,450425756.6977114,345584014.07732975,1.3033755565930827,2,-339651512.295513,-403996783.520962,-457483525.665323,17821.848432,-246509.075416,-436616.572793,-374723722.928471,-134457.582114,10069,58976724.845801,73023443.698229,167717154.207926,221993451.597829,-277785519.706556,-263771924.825835,0.18,0.39,-0.0204,0.1219,0.0013,0.0828,0.6598,0.1834,0.0067,0.5871,0.651,0.1958,1252,2198,14314,,,
1860,0.000234246553,48643.69,2.6690323071058325e-08,9.931306152343754e-16,6.869384765625003e-18,72,37,36,35,36/35/33/31/29/28/25/24/23/20/19/18/15/13/12/7/6/3/1/2/4/5/8/9/10/11/14/16/17/21/22/26/27/30/32/34,0,67,2,0.254395/0.198975/0.17627/0.181152/0.119385/0.0969238/0.0966797/0.174316/0.14502/0.178955/0.1521/0.131836/0.179443/0.140381/0.13916/0.185303/0.149658/0.135986/0.185547/0.164307/0.170654/0.147461/0.189697/0.162842/0.165039/0.181396/0.171631/0.182373/0.165039/0.175537/0.190674/0.237305/0.183105/0.371338/0.208008/0.303467/0/0/0/0/0/0/0/0/0/0/0/0/0/0/0/0/0/0/0/0/0/0/0/0/0/0/0/0/0/0.478027/0/0/0/0/0/0,445.34/978.129/1088.69/383.463/876.922/697.082/565.387/250.323/627.254/326.718/1050.84/1060.9/367.477/479.528/609.046/243.779/729.886/248.888/382.022/985.944/1286.59/245.222/375.498/756.826/872.462/248.886/831.684/250.315/466.456/620.053/250.327/310.74/662.896/697.887/246.664/659.322/0/0/0/0/0/0/0/0/0/0/0/0/0/0/0/0/0/0/0/0/0/0/0/0/0/0/0/0/0/4721.17/0/0/0/0/0/0,,,8664,2.02544206734432e-11,3.3843750000000016e-11,-4.065241993182286e-06,-3.0323305138948515,0,0.0,25038,5.4849554159744006e-11,9.780468750000003e-11,2.7158504004588905e-06,6.090458308956417e-07,1.1490485194281403e-06,1.8037429670621577e-06,1,1,nan,0.1975054450776132,40,36/36/35/33/31/29/28/25/24/23/20/19/18/15/13/12/7/6/3/1/2/4/5/8/9/10/11/14/16/17/21/22/26/27/30/32/34/34/34/66,38,6350.8,1.0,,,2.1354948230048022e-09,,,,,,,,,,,,,,0,25159,342,462493102.2560814,355475687.6644757,1.3010541038536978,2,-345705597.091668,-401044784.955936,-457369399.475804,504998.226871,-232433.279849,-434769.015659,-370730193.355532,-67660.97756,10282,75855478.284282,86667678.512003,191406336.182481,219405998.552611,-273317598.114252,-260214609.681771,0.2886,0.4371,-0.0021,0.1212,0.0013,0.0885,0.7391,0.1791,0.0066,0.5878,0.6637,0.197,1276,2218,14342,,,
1880,0.000234246553,49274.83,2.6690323071058325e-08,9.930661621093755e-16,6.933837890625003e-18,72,37,36,35,36/35/33/31/29/28/25/24/23/20/19/18/15/13/12/7/6/3/1/2/4/5/8/9/10/11/14/16/17/21/22/26/27/30/32/34,0,69,2,0.257324/0.205322/0.18042/0.181641/0.120117/0.100098/0.0969238/0.176514/0.147705/0.180176/0.154297/0.132568/0.181152/0.14209/0.140381/0.186523/0.150391/0.136963/0.186523/0.166016/0.171875/0.147705/0.19043/0.163574/0.166504/0.182617/0.172119/0.18335/0.16626/0.177002/0.190918/0.237549/0.185791/0.375244/0.209473/0.306396/0/0/0/0/0/0/0/0/0/0/0/0/0/0/0/0/0/0/0/0/0/0/0/0/0/0/0/0/0/0.483887/0/0/0/0/0/0,445.34/978.129/1088.69/383.463/876.922/745.841/565.387/250.323/627.254/344.934/1050.84/1060.9/367.477/483.194/609.046/243.779/729.886/434.471/382.022/985.944/1286.59/245.222/375.498/756.826/893.559/248.886/831.684/250.315/466.456/620.053/250.327/331.833/662.896/697.887/246.664/659.322/0/0/0/0/0/0/0/0/0/0/0/0/0/0/0/0/0/0/0/0/0/0/0/0/0/0/0/0/0/4721.17/0/0/0/0/0/0,,,8692,2.0325232212154818e-11,3.395312500000001e-11,-4.064388174072726e-06,-3.0186694081418906,0,0.0,25462,5.576962246719567e-11,9.946093750000004e-11,2.7170024373711608e-06,6.090458308956417e-07,1.1932426932522994e-06,1.8344222404636226e-06,1,1,nan,0.19814559620547156,40,36/36/35/33/31/29/28/25/24/23/20/19/18/15/13/12/7/6/3/1/2/4/5/8/9/10/11/14/16/17/21/22/26/27/30/32/34/34/34/66,38,6358.1,1.0,,,2.15123836366325e-09,,,,,,,,,,,,,,0,25345,359,463992126.6547232,355438576.51768464,1.3054073398576014,2,-346043377.054418,-400446826.942494,-457275675.700916,228116.939469,-228173.542987,-433431.710707,-365543909.740604,-18768.292948,10497,79244923.378356,88705471.324322,205933548.761001,227160272.701663,-266640393.056192,-260055244.027348,0.2875,0.4378,-0.0006,0.1197,0.0013,0.0875,0.7302,0.1765,0.0066,0.5961,0.665,0.1977,1290,2245,14358,,,
1900,0.000234246553,49879.86,2.6690323071058325e-08,9.930000000000004e-16,7.000000000000003e-18,72,37,36,35,36/35/33/31/29/28/25/24/23/20/19/18/15/13/12/7/6/3/1/2/4/5/8/9/10/11/14/16/17/21/22/26/27/30/32/34,0,72,2,0.263672/0.209473/0.185791/0.18335/0.121826/0.101318/0.0986328/0.17749/0.148438/0.180908/0.15625/0.134521/0.181641/0.143799/0.141357/0.188721/0.151611/0.137451/0.188477/0.168213/0.174316/0.148438/0.191895/0.163818/0.167236/0.182861/0.172852/0.184326/0.168213/0.178467/0.19165/0.23877/0.187256/0.377686/0.209961/0.311035/0/0/0/0/0/0/0/0/0/0/0/0/0/0/0/0/0/0/0/0/0/0/0/0/0/0/0/0/0/0.488281/0/0/0/0/0/0,445.34/1033.4/1129.44/383.463/876.922/745.841/607.584/250.323/627.254/344.934/1050.84/1088.55/367.477/531.978/609.046/243.779/729.886/434.471/382.022/985.944/1286.59/245.222/375.498/756.826/893.559/248.886/831.684/383.465/466.456/620.053/250.327/331.839/662.902/697.887/246.664/659.322/0/0/0/0/0/0/0/0/0/0/0/0/0/0/0/0/0/0/0/0/0/0/0/0/0/0/0/0/0/4769.92/0/0/0/0/0/0,1-2:0.53821/1-3:0.438426/2-4:0.439655/3-6:0.373209/4-5:0.591968/5-8:0.412412/6-7:0.358383/7-12:0.348104/8-9:0.642769/9-10:0.484861/10-11:0.605794/11-14:0.489547/12-13:0.511286/13-15:0.618392/14-16:0.554674/15-18:0.510286/16-17:0.644497/17-21:0.530297/18-19:0.55813/19-20:0.685247/20-23:0.613207/21-22:0.567182/22-26:0.637174/23-24:0.670012/24-25:0.609751/25-28:0.655866/26-27:0.653638/27-30:0.654457/28-29:0.647544/29-31:0.701482/30-32:0.722132/31-33:0.679743/32-34:0.734001/33-35:0.781026/35-36:0.729635,1-2:-59.707/1-3:-65.201/2-4:-55.778/3-6:-69.095/4-5:-51.858/5-8:-47.921/6-7:-72.868/7-12:-76.801/8-9:-43.953/9-10:-40.004/10-11:-36.028/11-14:-32.131/12-13:-80.714/13-15:-84.711/14-16:-28.117/15-18:-88.656/16-17:-24.167/17-21:-20.179/18-19:-92.619/19-20:-96.602/20-23:-100.59/21-22:-16.242/22-26:-12.23/23-24:-104.56/24-25:-108.51/25-28:-112.52/26-27:-8.2533/27-30:-4.2838/28-29:-116.47/29-31:-120.44/30-32:-0.31495/31-33:-124.4/32-34:4.5564/33-35:-128.38/35-36:-132.35,8719,2.0392996927991965e-11,3.4058593750000014e-11,-4.061896390830754e-06,-2.978800876270328,0,0.0,25870,5.6651486142913976e-11,1.0105468750000004e-10,2.7150529110343235e-06,6.090458308956417e-07,1.2374368670764585e-06,1.8344222404636226e-06,1,1,nan,0.1972246120315722,40,36/36/35/33/31/29/28/25/24/23/20/19/18/15/13/12/7/6/3/1/2/4/5/8/9/10/11/14/16/17/21/22/26/27/30/32/34/34/34/66,38,6358.0,1.0,,,2.1665530182969004e-09,3,36/1/1,1/2/1,2,2,0.930246/0.0697545,0.998913,36/1/1,9218/5123/202,2615/4705/515,972/7292/177,36/1/1,36/2/1,0,25532,373,461835483.1882705,355423088.8099208,1.2993964031280443,2,-346041958.65114,-397646452.612557,-457248405.536815,343996.278931,-221903.558735,-433729.086783,-360313121.687504,23957.999276,10707,78556730.565732,89882009.85932,185731699.944079,237718417.951728,-267381158.21418,-258029241.042176,0.2716,0.4354,0.0032,0.1173,0.0013,0.0873,0.7121,0.1737,0.0066,0.6081,0.6614,0.1988,1309,2280,14366,1441.8,795.5,331.1
1920,0.000234246553,50573.95,2.6690323071058325e-08,9.929418945312505e-16,7.058105468750003e-18,72,37,36,35,36/35/33/31/29/28/25/24/23/20/19/18/15/13/12/7/6/3/1/2/4/5/8/9/10/11/14/16/17/21/22/26/27/30/32/34,0,75,2,0.266846/0.212646/0.190186/0.185791/0.123291/0.102295/0.0996094/0.179199/0.149902/0.181641/0.156982/0.135254/0.182861/0.144287/0.142578/0.189209/0.15332/0.137695/0.189941/0.17041/0.17749/0.148682/0.193359/0.165527/0.169922/0.183105/0.172852/0.18457/0.168701/0.178711/0.192627/0.241211/0.188477/0.381348/0.211182/0.314209/0/0/0/0/0/0/0/0/0/0/0/0/0/0/0/0/0/0/0/0/0/0/0/0/0/0/0/0/0/0.492188/0/0/0/0/0/0,445.34/1033.4/1129.44/383.463/876.922/745.841/607.584/259.75/627.254/344.934/1050.84/1088.55/367.477/531.978/609.046/243.779/729.886/434.471/382.022/985.944/1286.59/245.222/375.498/756.826/893.559/248.886/831.684/383.465/466.456/620.053/250.327/331.839/662.902/697.887/246.664/659.322/0/0/0/0/0/0/0/0/0/0/0/0/0/0/0/0/0/0/0/0/0/0/0/0/0/0/0/0/0/4769.92/0/0/0/0/0/0,,,8731,2.04176932606323e-11,3.4105468750000015e-11,-4.061214414308228e-06,-2.9678892519099147,0,0.0,26252,5.751478983533496e-11,1.0254687500000004e-10,2.7138531178533523e-06,6.090458308956417e-07,1.2374368670764585e-06,1.8344222404636226e-06,1,1,nan,0.19733719299518943,40,36/36/35/33/31/29/28/25/24/23/20/19/18/15/13/12/7/6/3/1/2/4/5/8/9/10/11/14/16/17/21/22/26/27/30/32/34/34/34/66,38,6358.1,1.0,,,2.181481079487065e-09,,,,,,,,,,,,,,0,25701,386,462099110.95355994,355407679.8411747,1.3001945010306577,2,-346309825.74905,-395996302.758807,-457135535.354428,314209.302429,-220595.319498,-435731.945204,-355580945.977924,64117.114562,10878,77963164.407612,88668264.397274,187311577.500778,234230986.242717,-269047713.83264,-260228871.674539,0.2551,0.4329,0.0005,0.1196,0.0014,0.0871,0.701,0.1737,0.0066,0.6142,0.6755,0.2015,1314,2305,14397,,,
1940,0.000234246553,51183.07,2.6690323071058325e-08,9.928745117187505e-16,7.125488281250003e-18,72,37,36,35,36/35/33/31/29/28/25/24/23/20/19/18/15/13/12/7/6/3/1/2/4/5/8/9/10/11/14/16/17/21/22/26/27/30/32/34,0,80,2,0.270996/0.21875/0.195557/0.187256/0.125244/0.10376/0.101807/0.179932/0.150146/0.183838/0.157715/0.136963/0.185059/0.145508/0.144287/0.190674/0.154053/0.138428/0.19043/0.173096/0.179688/0.149902/0.194336/0.167725/0.170898/0.184814/0.174316/0.185791/0.169189/0.179688/0.193115/0.24292/0.189209/0.384521/0.213135/0.317383/0/0/0/0/0/0/0/0/0/0/0/0/0/0/0/0/0/0/0/0/0/0/0/0/0/0/0/0/0/0.495361/0/0/0/0/0/0,470.113/1033.4/1129.44/383.463/876.922/766.941/607.584/280.852/627.254/344.934/1050.84/1088.55/383.455/531.978/609.046/258.327/729.886/434.471/382.022/985.944/1311.35/245.222/375.498/756.826/893.559/248.886/831.684/383.465/466.456/620.053/250.327/331.839/662.902/697.887/321.633/659.322/0/0/0/0/0/0/0/0/0/0/0/0/0/0/0/0/0/0/0/0/0/0/0/0/0/0/0/0/0/4769.92/0/0/0/0/0/0,,,8771,2.0510563719805413e-11,3.426171875000001e-11,-4.058889452197178e-06,-2.9306898581331158,0,0.0,26664,5.841675636348481e-11,1.0415625000000004e-10,2.7114270917600716e-06,6.090458308956417e-07,1.2374368670764585e-06,1.8344222404636226e-06,1,1,nan,0.19740451207841728,40,36/36/35/33/31/29/28/25/24/23/20/19/18/15/13/12/7/6/3/1/2/4/5/8/9/10/11/14/16/17/21/22/26/27/30/32/34/34/34/66,38,6358.0,1.0,,,2.1962777338055207e-09,,,,,,,,,,,,,,0,25907,401,462256750.2106997,355384575.31563556,1.300722603956982,3,-346479089.197763,-394899879.747374,-456981828.201906,255453.537627,-217358.114503,-434446.98746,-348984623.618927,134585.240325,11094,77527652.684352,89208622.45935,237678706.68436,236650490.816166,-268575734.007882,-260013535.963095,0.259,0.4158,0.0024,0.1181,0.0014,0.0887,0.6759,0.1716,0.0066,0.6117,0.6751,0.2025,1334,2330,14411,,,
