step,t_s,wall_s,dt,V0,Vt,M,nreg_used,nslab_n,nf3_col,runs,ncomp_min,ncomp_max,ncompbig_max,vols,ths,f3_pairs,f3_pairs_pos,nf3,f3_area_m2,f3_area_stair,f3_pos_m,f3_pos_dx,nf2,f2_area_m2,nf1,f1_area_m2,f1_area_stair,f3_std_m,n_lath,w_lath,a_lath,box_touch,finite,psi_mean,cfl_used,nslab_n1,runs1,nf3_col1,r_col_nm,col_cover_min,nslab_nu,nslab_nu1,E_el_J,nblk_sig,blk_laths,blk_vars,n_var_sig,n_habit,f_var,r_selfac,blk_nlath,blk_span_nm,blk_alen_nm,blk_wlen_nm,blk_nprof,blk_nruns,box_touch_core,core_vox,ncomp_all,dG_max_Jm3,dG_p999,dG_ratio,dG_near_max,ed_tip,ed_side,ed_wide,dG_tip,dG_side,dG_wide,ed_obl,dG_obl,n_obl,dG_tip_p90,dG_side_p90,dG_tip_max,dG_side_max,ed_tip_p90,ed_side_p90,v_tip_nsgn,v_tip_nabs,v_side_nsgn,v_side_nabs,v_wide_nabs,v_obl_nabs,v_tip_f1,v_side_f1,v_wide_f1,f1_tip,f1_side,f1_wide,n_tip,n_side,n_wide,tip_sep_nm,side_sep_nm,wide_sep_nm
0,0.0,12.59,7.638473182236092e-08,1.2475048828125007e-16,2.495117187500001e-19,72,1,1,0,1,0,1,1,0.249512/0/0/0/0/0/0/0/0/0/0/0/0/0/0/0/0/0/0/0/0/0/0/0/0/0/0/0/0/0/0/0/0/0/0/0/0/0/0/0/0/0/0/0/0/0/0/0/0/0/0/0/0/0/0/0/0/0/0/0/0/0/0/0/0/0/0/0/0/0/0/0,507.199/0/0/0/0/0/0/0/0/0/0/0/0/0/0/0/0/0/0/0/0/0/0/0/0/0/0/0/0/0/0/0/0/0/0/0/0/0/0/0/0/0/0/0/0/0/0/0/0/0/0/0/0/0/0/0/0/0/0/0/0/0/0/0/0/0/0/0/0/0/0/0,,,0,0.0,0.0,nan,nan,0,0.0,940,1.95694010763834e-12,3.671875000000001e-12,nan,5.071986094432838e-07,4.419417382415928e-07,1.042953646404103e-06,0,1,nan,nan,1,1,0,597.6,1.0,1,1,0.0,1,1,1,1,1,1/0/0,1.0,1,507,1043,442,1,1,0,1022,1,nan,nan,nan,-1,,,,,,,,,,,,,,,,,,,,,,,,,,,,0,0,0,1075.7,530.3,559.6
20,-0.0,123.59,7.638473182236092e-08,1.2334643554687506e-16,1.6535644531250008e-18,72,3,3,2,3/1/2,0,2,1,0.16748/0.743164/0.74292/0/0/0/0/0/0/0/0/0/0/0/0/0/0/0/0/0/0/0/0/0/0/0/0/0/0/0/0/0/0/0/0/0/0/0/0/0/0/0/0/0/0/0/0/0/0/0/0/0/0/0/0/0/0/0/0/0/0/0/0/0/0/0/0/0/0/0/0/0,380.599/311.401/311.401/0/0/0/0/0/0/0/0/0/0/0/0/0/0/0/0/0/0/0/0/0/0/0/0/0/0/0/0/0/0/0/0/0/0/0/0/0/0/0/0/0/0/0/0/0/0/0/0/0/0/0/0/0/0/0/0/0/0/0/0/0/0/0/0/0/0/0/0/0,,,402,9.400712717777397e-13,1.5703125000000006e-12,-1.9256728650883317e-06,0.0,0,0.0,6190,1.3338407673153177e-11,2.4179687500000008e-11,1.9512872345732365e-07,3.114007948504429e-07,6.187184335382292e-07,4.96136065746213e-06,0,1,nan,0.57849971482738,3,3/1/2,2,2538.7,1.0,,,2.5951260183565064e-10,,,,,,,,,,,,,,0,6771,3,473343707.75557077,126236578.4012912,3.7496557158802806,2,-242847321.154608,-252328219.193343,-273784890.601435,-92630646.515757,-128722649.41064,-125291682.074751,-255501925.544771,-120841393.597018,1758,-250469.174796,-56192292.646289,-118771.492574,-121548.595802,-199838506.1364,-181287872.109479,-7.4648,7.4648,-1.0115,1.0115,0.0179,0.5877,8.7797,1.031,0.023,0.85,0.9809,0.7787,80,1519,3435,,,
40,-0.0,227.37,7.638473182236092e-08,1.2340747070312507e-16,1.5925292968750007e-18,72,3,3,2,3/1/2,0,4,1,0.160889/0.715576/0.716064/0/0/0/0/0/0/0/0/0/0/0/0/0/0/0/0/0/0/0/0/0/0/0/0/0/0/0/0/0/0/0/0/0/0/0/0/0/0/0/0/0/0/0/0/0/0/0/0/0/0/0/0/0/0/0/0/0/0/0/0/0/0/0/0/0/0/0/0/0,380.599/310.742/310.742/0/0/0/0/0/0/0/0/0/0/0/0/0/0/0/0/0/0/0/0/0/0/0/0/0/0/0/0/0/0/0/0/0/0/0/0/0/0/0/0/0/0/0/0/0/0/0/0/0/0/0/0/0/0/0/0/0/0/0/0/0/0/0/0/0/0/0/0/0,,,390,9.193315688513787e-13,1.5234375000000006e-12,-1.925672865088332e-06,-6.776263578034402e-15,0,0.0,6044,1.3059699348341232e-11,2.360937500000001e-11,1.946017080231595e-07,3.107420867397374e-07,6.187184335382292e-07,4.949117277950689e-06,0,1,nan,0.5877506059426977,3,3/1/2,2,2526.8,1.0,,,2.5153119822091e-10,,,,,,,,,,,,,,0,6517,7,480913030.58898675,119784908.05086905,4.014804856591429,2,-251452373.444623,-236402922.786071,-274462407.530771,-90611476.00646,-110975757.994495,-121385129.928072,-250710398.672661,-112990648.374443,1533,-280536.868255,-50224882.839155,-104453.51285,-115737.826842,-193974403.919873,-178883271.195844,-6.1736,6.1736,-0.8791,0.8791,0.0177,0.4943,7.0013,0.8997,0.0229,0.8816,0.9767,0.7699,76,1715,3212,,,
60,-0.0,336.71,7.638473182236092e-08,1.2345288085937505e-16,1.5471191406250008e-18,72,3,3,2,3/1/2,0,8,1,0.158936/0.693604/0.69458/0/0/0/0/0/0/0/0/0/0/0/0/0/0/0/0/0/0/0/0/0/0/0/0/0/0/0/0/0/0/0/0/0/0/0/0/0/0/0/0/0/0/0/0/0/0/0/0/0/0/0/0/0/0/0/0/0/0/0/0/0/0/0/0/0/0/0/0/0,380.599/310.742/310.742/0/0/0/0/0/0/0/0/0/0/0/0/0/0/0/0/0/0/0/0/0/0/0/0/0/0/0/0/0/0/0/0/0/0/0/0/0/0/0/0/0/0/0/0/0/0/0/0/0/0/0/0/0/0/0/0/0/0/0/0/0/0/0/0/0/0/0/0/0,,,386,9.124183345425917e-13,1.5078125000000006e-12,-1.925672865088332e-06,-6.776263578034402e-15,0,0.0,5878,1.2735874436101431e-11,2.296093750000001e-11,1.945629273842205e-07,3.107420867397374e-07,6.187184335382292e-07,4.949117277950689e-06,0,1,nan,0.5930666221071438,3,3/1/2,2,2527.1,1.0,,,2.450393343511367e-10,,,,,,,,,,,,,,0,6324,14,485262735.0698581,116522730.37915395,4.164532821114464,2,-239581263.874185,-227728944.684441,-273360379.87858,-104952468.84603,-101822557.527833,-116718144.189679,-244177402.365264,-110503510.11241,1598,-49091167.387871,-43091422.067117,-118152.744571,-110883.14224,-173708249.028322,-171106997.174683,-6.585,6.585,-0.8049,0.8049,0.0172,0.4682,7.0466,0.8237,0.0226,0.9344,0.9769,0.7604,61,1728,2967,,,
80,-0.0,459.95,7.638473182236092e-08,1.2347827148437506e-16,1.5217285156250006e-18,72,3,3,2,3/1/2,0,8,1,0.158936/0.680664/0.682129/0/0/0/0/0/0/0/0/0/0/0/0/0/0/0/0/0/0/0/0/0/0/0/0/0/0/0/0/0/0/0/0/0/0/0/0/0/0/0/0/0/0/0/0/0/0/0/0/0/0/0/0/0/0/0/0/0/0/0/0/0/0/0/0/0/0/0/0/0,380.599/310.081/310.081/0/0/0/0/0/0/0/0/0/0/0/0/0/0/0/0/0/0/0/0/0/0/0/0/0/0/0/0/0/0/0/0/0/0/0/0/0/0/0/0/0/0/0/0/0/0/0/0/0/0/0/0/0/0/0/0/0/0/0/0/0/0/0/0/0/0/0/0/0,,,382,9.055051002338047e-13,1.4921875000000005e-12,-1.925672865088332e-06,-6.776263578034402e-15,0,0.0,5826,1.2640727310006668e-11,2.2757812500000008e-11,1.943944566794719e-07,3.1008133284615145e-07,6.187184335382292e-07,4.949117277950689e-06,0,1,nan,0.5961183313713352,3,3/1/2,2,2526.8,1.0,,,2.3950571921877123e-10,,,,,,,,,,,,,,0,6220,14,487759723.98978424,113293754.18835628,4.305265788781793,2,-243821348.528145,-223757170.876402,-273513965.872722,-90835236.071467,-97598023.35111,-113903250.810759,-236682637.659582,-104650154.509188,1640,-36882675.592087,-42117481.094959,-20848.147854,-112975.718688,-176806610.428344,-166093036.873564,-5.8259,5.8259,-0.764,0.764,0.0173,0.448,6.4726,0.7796,0.0229,0.9,0.9796,0.754,60,1764,2772,,,
100,-0.0,575.68,7.638473182236092e-08,1.2351855468750005e-16,1.4814453125000008e-18,72,3,3,2,3/1/2,0,13,1,0.156006/0.663086/0.662354/0/0/0/0/0/0/0/0/0/0/0/0/0/0/0/0/0/0/0/0/0/0/0/0/0/0/0/0/0/0/0/0/0/0/0/0/0/0/0/0/0/0/0/0/0/0/0/0/0/0/0/0/0/0/0/0/0/0/0/0/0/0/0/0/0/0/0/0/0,380.599/310.081/310.081/0/0/0/0/0/0/0/0/0/0/0/0/0/0/0/0/0/0/0/0/0/0/0/0/0/0/0/0/0/0/0/0/0/0/0/0/0/0/0/0/0/0/0/0/0/0/0/0/0/0/0/0/0/0/0/0/0/0/0/0/0/0/0/0/0/0/0/0/0,1-2:0.446658/1-3:0.446658,1-2:-28.519/1-3:-33.883,378,8.933167858444876e-13,1.4765625000000006e-12,-1.925672865088332e-06,-6.776263578034402e-15,0,0.0,5784,1.259715129020732e-11,2.259375000000001e-11,1.9411124887456574e-07,3.1008133284615145e-07,6.187184335382292e-07,4.861207800665348e-06,0,1,nan,0.5970587570379579,3,3/1/2,2,2526.4,1.0,,,2.346418144426418e-10,1,3,1,1,1,1/0/0,1.0,3,1003,4802,619,3,3,0,6039,24,488529205.0465562,109272552.55442329,4.470740306018237,2,-243163298.710867,-216507508.279944,-273431207.32884,-103614432.592706,-92246362.724409,-111647704.612682,-233497117.808963,-101526751.954776,1768,-122184.766974,-37807434.6854,-35041.680062,-117841.270283,-187383028.554112,-161008063.169645,-6.3828,6.3828,-0.7154,0.7154,0.0166,0.3805,7.4717,0.731,0.0223,0.8542,0.9781,0.7442,48,1736,2529,5375.5,618.7,383.1
120,1.0184666e-05,717.57,7.066431797835207e-08,1.2186791992187506e-16,3.1320800781250013e-18,72,6,6,5,6/3/1/2/4/5,0,7,1,0.156006/0.481445/0.488525/0.562012/0.720703/0.723389/0/0/0/0/0/0/0/0/0/0/0/0/0/0/0/0/0/0/0/0/0/0/0/0/0/0/0/0/0/0/0/0/0/0/0/0/0/0/0/0/0/0/0/0/0/0/0/0/0/0/0/0/0/0/0/0/0/0/0/0/0/0/0/0/0/0,380.599/247.444/247.444/248.888/310.744/311.527/0/0/0/0/0/0/0/0/0/0/0/0/0/0/0/0/0/0/0/0/0/0/0/0/0/0/0/0/0/0/0/0/0/0/0/0/0/0/0/0/0/0/0/0/0/0/0/0/0/0/0/0/0/0/0/0/0/0/0/0/0/0/0/0/0/0,,,3000,7.0628542402589385e-12,1.1718750000000005e-11,-1.7128540145881958e-06,3.405101608002175,0,0.0,8926,1.8668419069543924e-11,3.486718750000001e-11,4.671184752129645e-07,2.7981590972239423e-07,5.745242597140704e-07,4.842771906775324e-06,0,1,nan,0.6336551300562855,6,6/3/1/2/4/5,5,2579.2,1.0,,,7.76995995693142e-10,,,,,,,,,,,,,,0,12816,14,560444744.4133023,140410255.13205436,3.9914801371609925,2,-392476192.814643,-367281387.15664,-416244396.070931,-177582226.452894,-223970843.314428,-735024.448251,-381085206.903894,-169875950.712501,3571,-126746.477352,-128116527.32151,81418.332724,180045.700953,-294748924.767646,-281617849.62705,-7.3703,7.3704,-1.3973,1.3974,0.0128,0.6401,11.0984,1.4932,0.0334,0.6637,0.9351,0.3819,113,2621,6577,,,
140,1.0184666e-05,822.55,7.066431797835207e-08,1.2205468750000005e-16,2.9453125000000013e-18,72,6,6,5,6/3/1/2/4/5,0,6,1,0.153076/0.447998/0.455322/0.537598/0.677002/0.674316/0/0/0/0/0/0/0/0/0/0/0/0/0/0/0/0/0/0/0/0/0/0/0/0/0/0/0/0/0/0/0/0/0/0/0/0/0/0/0/0/0/0/0/0/0/0/0/0/0/0/0/0/0/0/0/0/0/0/0/0/0/0/0/0/0/0,380.599/247.444/247.444/248.888/310.744/310.742/0/0/0/0/0/0/0/0/0/0/0/0/0/0/0/0/0/0/0/0/0/0/0/0/0/0/0/0/0/0/0/0/0/0/0/0/0/0/0/0/0/0/0/0/0/0/0/0/0/0/0/0/0/0/0/0/0/0/0/0/0/0/0/0/0/0,,,2875,6.769008236921527e-12,1.1230468750000004e-11,-1.7064302871399965e-06,3.5078812471733634,0,0.0,8640,1.8113459395539557e-11,3.375000000000001e-11,4.6507288898404224e-07,2.798148868309543e-07,5.745242597140704e-07,4.842771906775324e-06,0,1,nan,0.6318367342696625,6,6/3/1/2/4/5,5,2546.5,1.0,,,7.496160213672243e-10,,,,,,,,,,,,,,0,12052,13,558836439.9689184,139227852.1252832,4.013826482549292,2,-412024789.586909,-353451453.645439,-422670145.899822,-153526101.46603,-201386137.66869,-704670.43036,-385057653.93363,-153316001.411543,3522,-111199.57363,-588985.446794,719081.485017,253741.408256,-291102307.871343,-267922646.646124,-5.8598,5.8616,-1.213,1.213,0.0126,0.5264,10.5043,1.3596,0.0338,0.5575,0.8908,0.3718,113,2244,6216,,,
160,1.0184666e-05,927.7,7.066431797835207e-08,1.2219409179687506e-16,2.805908203125001e-18,72,6,6,5,6/3/1/2/4/5,0,6,1,0.151123/0.429199/0.433838/0.520752/0.63501/0.635986/0/0/0/0/0/0/0/0/0/0/0/0/0/0/0/0/0/0/0/0/0/0/0/0/0/0/0/0/0/0/0/0/0/0/0/0/0/0/0/0/0/0/0/0/0/0/0/0/0/0/0/0/0/0/0/0/0/0/0/0/0/0/0/0/0/0,382.032/247.444/247.442/248.888/309.961/310.083/0/0/0/0/0/0/0/0/0/0/0/0/0/0/0/0/0/0/0/0/0/0/0/0/0/0/0/0/0/0/0/0/0/0/0/0/0/0/0/0/0/0/0/0/0/0/0/0/0/0/0/0/0/0/0/0/0/0/0/0/0/0/0/0/0/0,,,2829,6.665768309869521e-12,1.1050781250000003e-11,-1.7057015244545243e-06,3.5195414501409186,0,0.0,8504,1.792852281766726e-11,3.321875000000001e-11,4.646799566025262e-07,2.794245404319497e-07,5.745242597140704e-07,4.842771906775324e-06,0,1,nan,0.6336344542328747,6,6/3/1/2/4/5,5,2546.1,1.0,,,7.297555760951597e-10,,,,,,,,,,,,,,0,11474,16,560426457.4050901,138713887.99927545,4.0401611222087395,2,-393014908.317082,-352552556.661954,-424857790.663607,-121194508.217201,-194248385.82056,-673638.381937,-382494607.096436,-143906052.165763,3496,-157626.812009,-403831.728442,574370.268765,161550.69468,-271270113.371399,-261265031.887498,-6.1664,6.1679,-1.1496,1.1496,0.0124,0.4923,10.9396,1.3346,0.0345,0.5631,0.8598,0.3577,103,1983,5940,,,
180,1.0184666e-05,1051.71,7.066431797835207e-08,1.2231640625000006e-16,2.6835937500000012e-18,72,6,6,5,6/3/1/2/4/5,0,7,1,0.149902/0.412842/0.421143/0.510742/0.594238/0.594727/0/0/0/0/0/0/0/0/0/0/0/0/0/0/0/0/0/0/0/0/0/0/0/0/0/0/0/0/0/0/0/0/0/0/0/0/0/0/0/0/0/0/0/0/0/0/0/0/0/0/0/0/0/0/0/0/0/0/0/0/0/0/0/0/0/0,382.04/247.444/247.442/248.888/309.301/309.301/0/0/0/0/0/0/0/0/0/0/0/0/0/0/0/0/0/0/0/0/0/0/0/0/0/0/0/0/0/0/0/0/0/0/0/0/0/0/0/0/0/0/0/0/0/0/0/0/0/0/0/0/0/0/0/0/0/0/0/0/0/0/0/0/0/0,,,2797,6.5840869071351456e-12,1.0925781250000004e-11,-1.7034420239448878e-06,3.5556934582951016,0,0.0,8328,1.7605877855660208e-11,3.2531250000000014e-11,4.6351728247190513e-07,2.7909416348515676e-07,5.745242597140704e-07,4.8110605476440946e-06,0,1,nan,0.6356224078271246,6,6/3/1/2/4/5,5,2547.0,1.0,,,7.134153969493675e-10,,,,,,,,,,,,,,0,10974,16,562184729.5174551,138220898.88820252,4.067291806372697,1,-397210800.78776,-353753795.144125,-426455185.40973,-881830.743931,-192517600.273884,-649551.935027,-384619405.140731,-139159493.104838,3432,-108614.880495,-360152.536792,331447.28905,556809.810422,-282719656.622792,-262353171.870032,-5.87,5.8707,-1.1248,1.125,0.0122,0.4586,12.234,1.3329,0.0352,0.4792,0.8422,0.3462,96,1819,5670,,,
200,1.0184666e-05,1185.11,7.066431797835207e-08,1.2242944335937506e-16,2.5705566406250013e-18,72,6,6,5,6/3/1/2/4/5,0,9,1,0.14917/0.39624/0.407227/0.504639/0.556396/0.556885/0/0/0/0/0/0/0/0/0/0/0/0/0/0/0/0/0/0/0/0/0/0/0/0/0/0/0/0/0/0/0/0/0/0/0/0/0/0/0/0/0/0/0/0/0/0/0/0/0/0/0/0/0/0/0/0/0/0/0/0/0/0/0/0/0/0,382.04/247.444/247.442/248.888/308.518/309.301/0/0/0/0/0/0/0/0/0/0/0/0/0/0/0/0/0/0/0/0/0/0/0/0/0/0/0/0/0/0/0/0/0/0/0/0/0/0/0/0/0/0/0/0/0/0/0/0/0/0/0/0/0/0/0/0/0/0/0/0/0/0/0/0/0/0,1-2:0.419235/1-3:0.418825/2-4:1.80269/3-6:1.78745/4-5:2.10936,1-2:-28.517/1-3:-33.899/2-4:-24.551/3-6:-37.85/4-5:-20.555,2780,6.537561651061078e-12,1.0859375000000005e-11,-1.703420092584436e-06,3.556044360062333,0,0.0,8114,1.7148980743088497e-11,3.169531250000001e-11,4.633544746795767e-07,2.787027941947123e-07,5.745242597140701e-07,4.6771321602565555e-06,0,1,nan,0.6350456007468686,6,6/3/1/2/4/5,5,2548.3,1.0,,,6.989521559789937e-10,1,6,1,1,1,1/0/0,1.0,6,1747,4677,619,6,6,0,10502,20,561674564.7900879,137860564.32824624,4.074222149945214,1,-412013069.064151,-354682347.807644,-428647194.077717,-443467.620962,-189610444.902837,-633003.964089,-382451078.822837,-131979327.08686,3502,-67859.038718,-311577.925581,407121.043217,341470.870673,-317878501.856925,-265979325.175257,-5.5538,5.5548,-1.108,1.1082,0.0119,0.4273,13.6042,1.3291,0.0359,0.4078,0.8319,0.3313,103,1618,5328,5063.1,574.5,377.1
220,2.0369332e-05,1352.61,6.574100727035609e-08,1.2072656250000004e-16,4.273437500000002e-18,72,9,9,8,9/7/6/3/1/2/4/5/8,0,46,1,0.148926/0.386963/0.39502/0.498779/0.414795/0.412598/0.715088/0.54541/0.755859/0/0/0/0/0/0/0/0/0/0/0/0/0/0/0/0/0/0/0/0/0/0/0/0/0/0/0/0/0/0/0/0/0/0/0/0/0/0/0/0/0/0/0/0/0/0/0/0/0/0/0/0/0/0/0/0/0/0/0/0/0/0/0,382.04/247.444/247.442/248.888/246.001/246.783/310.744/310.746/4692.22/0/0/0/0/0/0/0/0/0/0/0/0/0/0/0/0/0/0/0/0/0/0/0/0/0/0/0/0/0/0/0/0/0/0/0/0/0/0/0/0/0/0/0/0/0/0/0/0/0/0/0/0/0/0/0/0/0/0/0/0/0/0/0,,,4573,1.0654509321586432e-11,1.7863281250000006e-11,-1.6865434944421337e-06,3.826069930339168,0,0.0,13010,2.7433320088451214e-11,5.082031250000002e-11,6.274454669388263e-07,2.4888768692217205e-07,6.187184335382292e-07,4.662824609285587e-06,1,1,nan,0.6136727632468958,11,9/7/6/3/1/2/4/5/8/9/9,10,3594.5,1.0,,,1.272303653646464e-09,,,,,,,,,,,,,,1,17491,14,583418923.6742318,132966053.99328242,4.387728342330943,1,-447146943.562831,-407579281.442506,-457461366.623257,-359781.421499,-203418468.184867,-789958.707423,-433610343.176174,-110822021.672679,5193,32109.698225,-163009.737495,685573.91154,8687826.546752,-321930049.470832,-263727571.669129,-3.9953,3.997,-1.1074,1.1077,0.0116,0.4459,10.5491,1.4107,0.0303,0.3783,0.7835,0.3818,230,3003,9129,,,
240,2.0369332e-05,1469.12,6.574100727035609e-08,1.2090112304687506e-16,4.098876953125002e-18,72,9,9,8,9/7/6/3/1/2/4/5/8,0,47,1,0.147949/0.37915/0.385254/0.495117/0.393066/0.394531/0.66333/0.50708/0.733398/0/0/0/0/0/0/0/0/0/0/0/0/0/0/0/0/0/0/0/0/0/0/0/0/0/0/0/0/0/0/0/0/0/0/0/0/0/0/0/0/0/0/0/0/0/0/0/0/0/0/0/0/0/0/0/0/0/0/0/0/0/0/0,382.04/248.221/247.442/249.67/246.001/246.783/310.744/310.744/4642.03/0/0/0/0/0/0/0/0/0/0/0/0/0/0/0/0/0/0/0/0/0/0/0/0/0/0/0/0/0/0/0/0/0/0/0/0/0/0/0/0/0/0/0/0/0/0/0/0/0/0/0/0/0/0/0/0/0/0/0/0/0/0/0,,,4458,1.0401684008660514e-11,1.7414062500000007e-11,-1.6857168086289872e-06,3.8392969033495126,0,0.0,12750,2.6928571901118782e-11,4.980468750000002e-11,6.231612314329128e-07,2.49670425503061e-07,6.187184335382292e-07,4.662824609285587e-06,1,1,nan,0.6066927469600075,11,9/7/6/3/1/2/4/5/8/9/9,10,3595.6,1.0,,,1.2381172496045752e-09,,,,,,,,,,,,,,1,16776,14,576783019.6008965,132374892.88160482,4.357193475629606,2,-465054714.871381,-398400159.119059,-462696557.731392,-298604.975094,-169451619.880202,-771602.433389,-434950266.259199,-84303302.874076,5003,49839.217373,-150308.36194,1143168.214381,10128478.651795,-398889501.862248,-241957031.623077,-3.5105,3.5132,-0.9626,0.9632,0.0116,0.4192,13.7461,1.275,0.0307,0.2548,0.7532,0.3751,208,2816,8798,,,
260,2.0369332e-05,1592.75,6.574100727035609e-08,1.2104760742187506e-16,3.952392578125002e-18,72,9,9,8,9/7/6/3/1/2/4/5/8,0,48,1,0.147461/0.375977/0.381104/0.493896/0.377441/0.379639/0.607422/0.474365/0.715088/0/0/0/0/0/0/0/0/0/0/0/0/0/0/0/0/0/0/0/0/0/0/0/0/0/0/0/0/0/0/0/0/0/0/0/0/0/0/0/0/0/0/0/0/0/0/0/0/0/0/0/0/0/0/0/0/0/0/0/0/0/0/0,382.04/248.221/247.442/249.67/246.001/246.783/310.081/309.303/4544.52/0/0/0/0/0/0/0/0/0/0/0/0/0/0/0/0/0/0/0/0/0/0/0/0/0/0/0/0/0/0/0/0/0/0/0/0/0/0/0/0/0/0/0/0/0/0/0/0/0/0/0/0/0/0/0/0/0/0/0/0/0/0/0,,,4395,1.0255874943802692e-11,1.7167968750000006e-11,-1.684300205942026e-06,3.8619625463408926,0,0.0,12618,2.6724172134261185e-11,4.9289062500000016e-11,6.210813578371053e-07,2.49670425503061e-07,6.187184335382292e-07,4.660760437826059e-06,1,1,nan,0.6035818653637939,11,9/7/6/3/1/2/4/5/8/9/9,10,3598.0,1.0,,,1.2092126464895266e-09,,,,,,,,,,,,,,1,16164,19,573825503.3133262,132442973.65355277,4.33262322253766,2,-456258352.598798,-391671546.498401,-467522318.584701,-293520.567849,-149897035.952942,-746956.449412,-435446229.880817,-35800686.865631,4866,73530.262287,-123253.640989,1166056.700782,10558333.251479,-347106961.348018,-229152698.523381,-3.0234,3.0261,-0.8715,0.8723,0.0112,0.4001,11.2926,1.1814,0.0307,0.267,0.7357,0.3643,206,2690,8462,,,
280,2.0369332e-05,1741.08,6.574100727035609e-08,1.2116674804687506e-16,3.833251953125002e-18,72,9,9,8,9/7/6/3/1/2/4/5/8,0,47,1,0.147217/0.37085/0.379883/0.492676/0.368164/0.366943/0.562012/0.450195/0.695313/0/0/0/0/0/0/0/0/0/0/0/0/0/0/0/0/0/0/0/0/0/0/0/0/0/0/0/0/0/0/0/0/0/0/0/0/0/0/0/0/0/0/0/0/0/0/0/0/0/0/0/0/0/0/0/0/0/0/0/0/0/0/0,382.04/248.221/248.884/249.67/246.001/246.783/309.301/309.303/4544.52/0/0/0/0/0/0/0/0/0/0/0/0/0/0/0/0/0/0/0/0/0/0/0/0/0/0/0/0/0/0/0/0/0/0/0/0/0/0/0/0/0/0/0/0/0/0/0/0/0/0/0/0/0/0/0/0/0/0/0/0/0/0/0,,,4343,1.0126439925045916e-11,1.6964843750000008e-11,-1.6812966625246891e-06,3.9100192410182815,0,0.0,12336,2.6162938122225713e-11,4.818750000000002e-11,6.190369586506102e-07,2.49670425503061e-07,5.303300858899115e-07,4.660760437826059e-06,1,1,nan,0.6002675534028385,11,9/7/6/3/1/2/4/5/8/9/9,10,3598.9,1.0,,,1.1848267100919696e-09,,,,,,,,,,,,,,1,15677,18,570674585.7025291,132123454.37603071,4.31925268982415,2,-456279371.614126,-382876358.703429,-470397358.169505,-267434.701208,-134207040.880176,-732516.907768,-435605722.640845,-1826180.956405,4731,115446.04756,-108942.128532,1175116.503947,10499441.028368,-385178050.664748,-214911927.098755,-2.7573,2.7606,-0.8287,0.8297,0.0111,0.3547,11.6643,1.1447,0.031,0.2358,0.7218,0.3554,229,2581,8176,,,
300,2.0369332e-05,1884.81,6.574100727035609e-08,1.2127246093750005e-16,3.727539062500002e-18,72,9,9,8,9/7/6/3/1/2/4/5/8,0,45,1,0.145996/0.365234/0.376953/0.490967/0.363525/0.361084/0.518799/0.423828/0.681152/0/0/0/0/0/0/0/0/0/0/0/0/0/0/0/0/0/0/0/0/0/0/0/0/0/0/0/0/0/0/0/0/0/0/0/0/0/0/0/0/0/0/0/0/0/0/0/0/0/0/0/0/0/0/0/0/0/0/0/0/0/0/0,382.04/248.221/248.884/249.67/246.001/246.783/309.301/309.301/4495.77/0/0/0/0/0/0/0/0/0/0/0/0/0/0/0/0/0/0/0/0/0/0/0/0/0/0/0/0/0/0/0/0/0/0/0/0/0/0/0/0/0/0/0/0/0/0/0/0/0/0/0/0/0/0/0/0/0/0/0/0/0/0/0,1-2:0.406637/1-3:0.405818/2-4:1.74356/3-6:1.68485/4-5:2.04414/5-8:1.41784/5-9:0.0487533/6-7:1.50398/8-9:0.76257,1-2:-28.513/1-3:-33.901/2-4:-24.548/3-6:-37.852/4-5:-20.552/5-8:-16.604/5-9:-16.29/6-7:-41.815/8-9:-14.821,4304,1.0018153764188277e-11,1.6812500000000007e-11,-1.6805657241734186e-06,3.92171425463861,0,0.0,12232,2.600956994204562e-11,4.778125000000002e-11,6.174276493715956e-07,2.49670425503061e-07,5.30330085889911e-07,4.630081164424593e-06,1,1,nan,0.5979473942607889,11,9/7/6/3/1/2/4/5/8/9/9,10,3600.0,1.0,,,1.1642187225606238e-09,1,9,1,1,1,1/0/0,1.0,9,4496,5775,6983,9,11,1,15249,15,568468809.5454684,131812878.41261536,4.312695514970731,2,-455364587.90487,-382034878.546145,-472734364.882081,-220871.205951,-115167083.574171,-706744.259111,-433824211.787613,-1592112.141354,4688,114307.893557,-96975.66293,1176937.820405,10382499.825019,-384494576.906964,-204389047.50594,-2.4669,2.4698,-0.7701,0.7714,0.0109,0.3486,12.2998,1.088,0.0314,0.2,0.7056,0.3447,225,2473,7902,4994.1,574.5,380.9
320,3.0553998e-05,2036.0,6.145904459109765e-08,1.1958984375000006e-16,5.4101562500000024e-18,72,12,12,11,12/9/7/6/3/1/2/4/5/8/10/11,0,69,1,0.14502/0.360107/0.374023/0.48877/0.29541/0.35791/0.476807/0.374756/0.516602/0.569336/0.727783/0.723633/0/0/0/0/0/0/0/0/0/0/0/0/0/0/0/0/0/0/0/0/0/0/0/0/0/0/0/0/0/0/0/0/0/0/0/0/0/0/0/0/0/0/0/0/0/0/0/0/0/0/0/0/0/0/0/0/0/0/0/0,382.04/248.221/249.658/249.67/246.001/246.783/307.857/308.64/4433.13/4151.36/4211.78/4730.76/0/0/0/0/0/0/0/0/0/0/0/0/0/0/0/0/0/0/0/0/0/0/0/0/0/0/0/0/0/0/0/0/0/0/0/0/0/0/0/0/0/0/0/0/0/0/0/0/0/0/0/0/0/0/0/0/0/0/0/0,,,6036,1.4073194661476149e-11,2.3578125000000007e-11,-1.7697300869069619e-06,2.495084450901918,0,0.0,16834,3.554049380763069e-11,6.575781250000003e-11,1.2639666167564588e-06,3.0824851686411187e-07,6.187184335382292e-07,4.463409332176061e-06,1,1,nan,0.5645360696021577,18,12/9/10/11/7/6/3/1/2/4/5/12/5/8/9/12/10/11,17,3676.1,1.0,,,1.7914570143770848e-09,,,,,,,,,,,,,,1,16826,21,574097833.522874,124865570.423837,4.597727232368275,2,-501912131.865013,-404737964.214272,-460089025.265868,-340207.883049,-204971931.083868,-715645.173447,-442463112.284946,-119550036.613347,6594,118689.815951,-193109.504099,1776106.576751,763335.418574,-395859348.93375,-308301260.888481,-2.5397,2.5435,-1.034,1.0343,0.0124,0.388,10.7769,1.3393,0.0336,0.2349,0.77,0.3678,315,3609,11687,,,
340,3.0553998e-05,2184.62,6.145904459109765e-08,1.1979565429687505e-16,5.204345703125002e-18,72,12,12,11,12/9/7/6/3/1/2/4/5/8/10/11,0,73,1,0.142822/0.357422/0.371582/0.486084/0.292969/0.355469/0.44165/0.352783/0.500732/0.538818/0.689209/0.674805/0/0/0/0/0/0/0/0/0/0/0/0/0/0/0/0/0/0/0/0/0/0/0/0/0/0/0/0/0/0/0/0/0/0/0/0/0/0/0/0/0/0/0/0/0/0/0/0/0/0/0/0/0/0/0/0/0/0/0/0,382.04/248.221/249.664/249.668/246.659/246.783/307.857/308.64/4433.13/4151.36/4211.12/4695.11/0/0/0/0/0/0/0/0/0/0/0/0/0/0/0/0/0/0/0/0/0/0/0/0/0/0/0/0/0/0/0/0/0/0/0/0/0/0/0/0/0/0/0/0/0/0/0/0/0/0/0/0/0/0/0/0/0/0/0/0,,,5951,1.3870899644053858e-11,2.324609375000001e-11,-1.7692614117479966e-06,2.5025832534453616,0,0.0,16526,3.492641166391302e-11,6.455468750000002e-11,1.2599385066364903e-06,3.0824851686411187e-07,6.187184335382292e-07,4.456255556690575e-06,1,1,nan,0.5615154742611473,18,12/9/10/11/7/6/3/1/2/4/5/12/5/8/9/12/10/11,17,3665.6,1.0,,,1.7481801072567162e-09,,,,,,,,,,,,,,1,16262,30,571026077.2001195,124473837.9611023,4.587518843747418,2,-488138736.934191,-404592836.136801,-462789689.395512,-279418.885698,-189099902.847436,-702583.824506,-440760447.576645,-109590418.049782,6526,92745.268607,-179278.720171,1765565.115726,775525.498375,-398129329.72963,-296754896.103102,-2.502,2.506,-0.9474,0.9479,0.0119,0.3767,12.1195,1.2956,0.0333,0.2057,0.7289,0.3547,316,3353,11160,,,
360,3.0553998e-05,2362.6,6.145904459109765e-08,1.1997875976562504e-16,5.021240234375002e-18,72,12,12,11,12/9/7/6/3/1/2/4/5/8/10/11,0,74,1,0.142578/0.350342/0.37085/0.485107/0.292236/0.351563/0.409424/0.328125/0.486328/0.520996/0.652344/0.631348/0/0/0/0/0/0/0/0/0/0/0/0/0/0/0/0/0/0/0/0/0/0/0/0/0/0/0/0/0/0/0/0/0/0/0/0/0/0/0/0/0/0/0/0/0/0/0/0/0/0/0/0/0/0/0/0/0/0/0/0,382.038/249.654/249.664/249.668/246.664/246.783/307.857/306.414/4141.93/4143.36/4210.34/4695.11/0/0/0/0/0/0/0/0/0/0/0/0/0/0/0/0/0/0/0/0/0/0/0/0/0/0/0/0/0/0/0/0/0/0/0/0/0/0/0/0/0/0/0/0/0/0/0/0/0/0/0/0/0/0/0/0/0/0/0/0,,,5888,1.3714540419034976e-11,2.3000000000000008e-11,-1.7667253763821282e-06,2.543159819299256,0,0.0,16182,3.426857229666812e-11,6.321093750000002e-11,1.2582136144591873e-06,3.0713540133643013e-07,6.187184335382292e-07,4.281397863226795e-06,1,1,nan,0.5585718899617798,18,12/9/10/11/7/6/3/1/2/4/5/12/5/8/9/12/10/11,17,3667.9,1.0,,,1.711613018541278e-09,,,,,,,,,,,,,,1,15733,24,568032636.2845554,124764118.30684744,4.55285256685359,2,-481141935.597106,-404448401.604711,-464449854.664847,-289775.059548,-172380335.745119,-682287.666511,-442821021.993856,-81528917.994174,6448,97799.805194,-165518.042955,1759995.120234,736825.750807,-391881399.963908,-289591496.001739,-2.6431,2.6477,-0.8547,0.8553,0.0117,0.3559,12.1477,1.2356,0.0337,0.2169,0.6889,0.3453,332,3108,10710,,,
380,3.0553998e-05,2499.18,6.145904459109765e-08,1.2012988281250006e-16,4.870117187500002e-18,72,12,12,11,12/9/7/6/3/1/2/4/5/8/10/11,0,77,1,0.140869/0.347168/0.368652/0.483643/0.29126/0.347412/0.376221/0.311279/0.478271/0.508789/0.617676/0.598877/0/0/0/0/0/0/0/0/0/0/0/0/0/0/0/0/0/0/0/0/0/0/0/0/0/0/0/0/0/0/0/0/0/0/0/0/0/0/0/0/0/0/0/0/0/0/0/0/0/0/0/0/0/0/0/0/0/0/0/0,382.038/249.654/251.11/249.668/246.664/246.783/307.072/306.412/4139.71/4143.36/4210.34/4695.11/0/0/0/0/0/0/0/0/0/0/0/0/0/0/0/0/0/0/0/0/0/0/0/0/0/0/0/0/0/0/0/0/0/0/0/0/0/0/0/0/0/0/0/0/0/0/0/0/0/0/0/0/0/0/0/0/0/0/0/0,,,5849,1.3612848427931573e-11,2.284765625000001e-11,-1.7691571642019212e-06,2.5042512141825686,0,0.0,16044,3.408545482102911e-11,6.267187500000002e-11,1.2610941126917787e-06,3.067419862631059e-07,6.187184335382292e-07,4.281397863226795e-06,1,1,nan,0.5559398000193331,18,12/9/10/11/7/6/3/1/2/4/5/12/5/8/9/12/10/11,17,3668.2,1.0,,,1.679967434135967e-09,,,,,,,,,,,,,,1,15300,26,565355965.6252991,124967124.99133965,4.5240375471907415,2,-483143526.068738,-409075706.82936,-465850964.537139,-287032.960515,-163109440.330803,-675733.03251,-439625370.794465,-74679807.202127,6469,106593.414666,-152610.554886,1759430.798825,715118.641205,-389868873.498462,-293054156.323485,-2.3849,2.3898,-0.7928,0.7934,0.0115,0.3537,11.9474,1.2142,0.0341,0.1989,0.6498,0.3367,352,2821,10330,,,
400,3.0553998e-05,2668.04,6.145904459109765e-08,1.2026440429687506e-16,4.735595703125002e-18,72,12,12,11,12/9/7/6/3/1/2/4/5/8/10/11,0,79,1,0.140137/0.345947/0.365723/0.482666/0.289551/0.345215/0.344971/0.297852/0.469238/0.502686/0.583496/0.568115/0/0/0/0/0/0/0/0/0/0/0/0/0/0/0/0/0/0/0/0/0/0/0/0/0/0/0/0/0/0/0/0/0/0/0/0/0/0/0/0/0/0/0/0/0/0/0/0/0/0/0/0/0/0/0/0/0/0/0/0,383.473/249.654/252.547/249.668/246.664/246.783/307.072/306.412/4139.71/4143.36/4208.9/4695.11/0/0/0/0/0/0/0/0/0/0/0/0/0/0/0/0/0/0/0/0/0/0/0/0/0/0/0/0/0/0/0/0/0/0/0/0/0/0/0/0/0/0/0/0/0/0/0/0/0/0/0/0/0/0/0/0/0/0/0/0,1-2:0.374528/1-3:0.377575/2-4:1.72487/3-6:1.63751/4-5:1.95232/4-12:0.0578945/5-8:1.01261/5-9:0.00609416/5-12:0.502193/6-7:1.42739/8-9:0.223402/8-12:0.117296/9-12:1.95336/10-11:2.19846,1-2:-28.501/1-3:-33.915/2-4:-24.544/3-6:-37.863/4-5:-20.553/4-12:-20.234/5-8:-16.588/5-9:-16.275/5-12:-19.276/6-7:-41.818/8-9:-13.391/8-12:-15.13/9-12:-54.345/10-11:-9.7025,5830,1.3565504350466237e-11,2.277343750000001e-11,-1.7705442245936474e-06,2.4820582479149484,0,0.0,15838,3.3703047214416774e-11,6.186718750000002e-11,1.2635664574049152e-06,3.067419862631059e-07,6.187184335382292e-07,4.281397863226795e-06,1,1,nan,0.5532722273999396,16,12/9/10/11/7/6/3/1/2/4/5/8/9/12/10/11,15,3669.6,1.0,,,1.6528360674466878e-09,2,10/2,1/1,1,1,1/0/0,1.0,10/2,4695/4412,6321/4117,6983/619,10/2,12/4,1,14914,30,562643211.3053882,125623291.44396612,4.47881284464158,2,-480644915.86704,-410109793.884074,-467315444.919496,-340621.248435,-150124025.006075,-664048.015649,-437247875.0206,-1712170.530889,6479,83962.110295,-127588.904496,1762148.262799,718361.384888,-387668102.40069,-292782851.455811,-2.2279,2.2316,-0.748,0.7488,0.0114,0.3306,10.7199,1.1972,0.0344,0.2068,0.6214,0.3301,382,2570,9984,3651.5,541.4,386.7
420,4.0738664e-05,2882.89,5.7700773049183284e-08,1.1824389648437505e-16,6.756103515625003e-18,72,13,13,12,13/12/9/7/6/3/1/2/4/5/8/10/11,0,48,2,0.139648/0.342773/0.362061/0.397217/0.269531/0.343994/0.315186/0.283203/1.25684/0.498535/0.561768/1.25269/0.732666/0/0/0/0/0/0/0/0/0/0/0/0/0/0/0/0/0/0/0/0/0/0/0/0/0/0/0/0/0/0/0/0/0/0/0/0/0/0/0/0/0/0/0/0/0/0/0/0/0/0/0/0/0/0/0/0/0/0/0,383.482/249.654/254.647/249.668/246.661/246.783/305.631/305.629/4963.51/4110.6/4208.9/5261.11/4729.32/0/0/0/0/0/0/0/0/0/0/0/0/0/0/0/0/0/0/0/0/0/0/0/0/0/0/0/0/0/0/0/0/0/0/0/0/0/0/0/0/0/0/0/0/0/0/0/0/0/0/0/0/0/0/0/0/0/0/0,,,6454,1.495124570565578e-11,2.521093750000001e-11,-1.9488220727295375e-06,-0.3703873222592922,0,0.0,23262,4.9691137720175464e-11,9.086718750000004e-11,1.4493432610032784e-06,3.056309165183041e-07,6.187184335382292e-07,4.266058226526062e-06,1,1,nan,0.5204713943730229,22,13/12/9/10/12/13/7/6/3/1/2/4/5/13/5/8/9/13/12/10/11/9,21,3991.5,1.0,,,2.078022580831714e-09,,,,,,,,,,,,,,1,16741,33,563761288.2688123,143604008.6384179,3.925804673658609,2,-465370397.760554,-362321855.39408,-427691544.05624,-409825.471849,-47752143.310038,-1163797.104498,-423556857.113936,-28280287.755894,8652,150110.752442,281078.473818,44961630.0377,73976794.746263,-189132397.160711,-164894971.837101,-1.7664,1.791,-0.5437,0.57,0.0089,0.2961,5.2808,0.7584,0.0183,0.337,0.7472,0.4856,546,4517,13982,,,
440,4.0738664e-05,3034.36,5.7700773049183284e-08,1.1836547851562505e-16,6.634521484375003e-18,72,13,13,12,13/12/9/7/6/3/1/2/4/5/8/10/11,0,47,2,0.13916/0.337402/0.360352/0.395752/0.268066/0.341064/0.2854/0.272461/1.25562/0.493164/0.545654/1.24438/0.696045/0/0/0/0/0/0/0/0/0/0/0/0/0/0/0/0/0/0/0/0/0/0/0/0/0/0/0/0/0/0/0/0/0/0/0/0/0/0/0/0/0/0/0/0/0/0/0/0/0/0/0/0/0/0/0/0/0/0/0,383.482/249.654/254.647/249.668/246.661/246.783/304.187/305.629/4963.51/4110.6/4208.9/5261.11/4729.32/0/0/0/0/0/0/0/0/0/0/0/0/0/0/0/0/0/0/0/0/0/0/0/0/0/0/0/0/0/0/0/0/0/0/0/0/0/0/0/0/0/0/0/0/0/0/0/0/0/0/0/0/0/0/0/0/0/0/0,,,6402,1.48323605913372e-11,2.500781250000001e-11,-1.945984849516416e-06,-0.32499175084935056,0,0.0,23144,4.954258692752611e-11,9.040625000000003e-11,1.4474196412586187e-06,3.0562887073542386e-07,6.187184335382292e-07,4.266058226526062e-06,1,1,nan,0.5182806504526813,22,13/12/9/10/12/13/7/6/3/1/2/4/5/13/5/8/9/13/12/10/11/9,21,3998.4,1.0,,,2.0466495080297317e-09,,,,,,,,,,,,,,1,16287,30,561388330.5459645,131820035.20348288,4.258748146132582,2,-457724291.193562,-341047594.153821,-428245415.49965,-346043.937646,-30393025.691185,-1099470.213017,-420287713.467706,-26553567.013511,8715,244882.797178,5500373.077674,78400589.249077,80611148.961913,-173513117.275989,-157319492.026966,-1.951,2.0253,-0.4633,0.4961,0.0087,0.2788,5.6775,0.6739,0.0181,0.3548,0.7307,0.4773,558,4341,13583,,,
460,4.0738664e-05,3186.18,5.7700773049183284e-08,1.1848217773437504e-16,6.517822265625003e-18,72,13,13,12,13/12/9/7/6/3/1/2/4/5/8/10/11,0,44,2,0.138916/0.333252/0.357422/0.394531/0.26709/0.338867/0.254639/0.266113/1.25732/0.489014/0.525635/1.24121/0.653809/0/0/0/0/0/0/0/0/0/0/0/0/0/0/0/0/0/0/0/0/0/0/0/0/0/0/0/0/0/0/0/0/0/0/0/0/0/0/0/0/0/0/0/0/0/0/0/0/0/0/0/0/0/0/0/0/0/0/0,383.482/249.654/280.199/249.668/253.208/246.779/304.187/305.629/4963.51/4110.6/4208.9/5261.11/4729.31/0/0/0/0/0/0/0/0/0/0/0/0/0/0/0/0/0/0/0/0/0/0/0/0/0/0/0/0/0/0/0/0/0/0/0/0/0/0/0/0/0/0/0/0/0/0/0/0/0/0/0/0/0/0/0/0/0/0/0,,,6373,1.47505890981846e-11,2.489453125000001e-11,-1.944667397004987e-06,-0.30391251066648234,0,0.0,23032,4.939649055326768e-11,8.996875000000003e-11,1.4496869126923461e-06,3.0562887073542386e-07,6.187184335382292e-07,4.190392128752162e-06,1,1,nan,0.515692133239533,19,13/12/9/10/12/13/7/6/3/1/2/4/5/8/9/13/10/11/9,18,4005.1,1.0,,,2.019248803899552e-09,,,,,,,,,,,,,,1,15859,28,558584514.9769102,131029633.72542651,4.263039581927153,2,-458127100.592251,-320772853.884757,-429800956.312027,-328816.364077,-18516965.976233,-1057009.939485,-417836398.440154,-19895796.499625,8772,318434.43329,12376631.937217,65360707.220277,89375682.175691,-173270976.642774,-149824246.698301,-1.7206,1.7708,-0.4004,0.4414,0.0085,0.2783,5.4066,0.6024,0.0179,0.3254,0.7265,0.4715,507,4197,13244,,,
480,4.0738664e-05,3356.13,5.7700773049183284e-08,1.1859643554687506e-16,6.403564453125003e-18,72,13,13,12,13/12/9/7/6/3/1/2/4/5/8/10/11,0,47,2,0.138916/0.330811/0.355713/0.393555/0.266113/0.336426/0.222168/0.258301/1.25903/0.484619/0.502686/1.2417/0.613525/0/0/0/0/0/0/0/0/0/0/0/0/0/0/0/0/0/0/0/0/0/0/0/0/0/0/0/0/0/0/0/0/0/0/0/0/0/0/0/0/0/0/0/0/0/0/0/0/0/0/0/0/0/0/0/0/0/0/0,383.482/249.654/280.199/249.668/253.212/246.779/304.187/305.629/4963.51/4110.6/4208.11/5261.11/4727.87/0/0/0/0/0/0/0/0/0/0/0/0/0/0/0/0/0/0/0/0/0/0/0/0/0/0/0/0/0/0/0/0/0/0/0/0/0/0/0/0/0/0/0/0/0/0/0/0/0/0/0/0/0/0/0/0/0/0/0,,,6364,1.471261523064758e-11,2.485937500000001e-11,-1.9354404504298e-06,-0.1562813654634902,0,0.0,22892,4.924684368323658e-11,8.942187500000003e-11,1.4522817981872719e-06,3.0562887073542386e-07,6.187184335382292e-07,4.190392128752162e-06,1,1,nan,0.5135913020676544,19,13/12/9/10/12/13/7/6/3/1/2/4/5/8/9/13/10/11/9,18,4011.6,1.0,,,1.99472764870163e-09,,,,,,,,,,,,,,1,15441,33,556308948.4410772,130303592.33932415,4.269329328944291,2,-453622628.272325,-298176000.93502,-430430312.326192,-339447.85364,-9092110.67136,-1025841.867745,-415998771.628514,-10947010.010659,8660,373602.005897,16598560.063106,95583943.310107,94729013.081898,-169092385.161443,-145150295.762264,-1.4953,1.5671,-0.3349,0.3832,0.0084,0.2713,5.1809,0.5281,0.018,0.3002,0.7181,0.4674,493,4083,13011,,,
500,4.0738664e-05,3561.01,5.7700773049183284e-08,1.1868994140625005e-16,6.310058593750003e-18,72,13,13,12,13/12/9/7/6/3/1/2/4/5/8/10/11,0,53,2,0.138428/0.328857/0.353271/0.39209/0.265137/0.334961/0.19458/0.252686/1.26489/0.481445/0.482178/1.24561/0.575928/0/0/0/0/0/0/0/0/0/0/0/0/0/0/0/0/0/0/0/0/0/0/0/0/0/0/0/0/0/0/0/0/0/0/0/0/0/0/0/0/0/0/0/0/0/0/0/0/0/0/0/0/0/0/0/0/0/0/0,383.482/249.654/280.199/249.668/253.212/246.779/304.187/304.846/4963.51/4110.6/4207.45/5262.55/4727.87/0/0/0/0/0/0/0/0/0/0/0/0/0/0/0/0/0/0/0/0/0/0/0/0/0/0/0/0/0/0/0/0/0/0/0/0/0/0/0/0/0/0/0/0/0/0/0/0/0/0/0/0/0/0/0/0/0/0/0,1-2:0.374528/1-3:0.368024/2-4:1.66707/2-13:0.0274237/3-6:1.60449/4-5:1.5168/4-12:0.0121883/4-13:0.497328/5-8:0.973499/5-9:0.00304708/5-12:0.159455/5-13:0.0445264/6-7:1.35699/8-9:0.222993/8-12:0.123799/9-12:2.04287/10-11:2.15193/12-13:1.53714,1-2:-28.492/1-3:-33.91/2-4:-24.549/2-13:-24.216/3-6:-37.871/4-5:-20.56/4-12:-20.219/4-13:-22.884/5-8:-16.583/5-9:-16.223/5-12:-18.479/5-13:-19.716/6-7:-41.816/8-9:-13.355/8-12:-15.141/9-12:-48.737/10-11:-9.5134/12-13:-55.224,6362,1.4684102047041384e-11,2.485156250000001e-11,-1.9240440681323623e-06,0.026060751295510397,0,0.0,22640,4.878757065494488e-11,8.843750000000004e-11,1.4561516014054558e-06,3.048461321545347e-07,6.187184335382292e-07,4.159712855350697e-06,1,1,nan,0.5114738043949997,19,13/12/9/10/12/13/7/6/3/1/2/4/5/8/9/12/10/11/9,18,4003.9,1.0,,,1.9726255627791748e-09,3,11/2/2,1/1/1,1,1,1/0/0,1.0,11/2/2,4748/4213/4410,6822/3799/4117,6983/4596/619,11/2/2,14/4/4,1,15086,33,554015329.1783317,130357781.79912378,4.249959776333473,2,-454159629.388517,-278093479.014043,-429724301.172793,-336762.292024,-4293356.01288,-1004260.084924,-415714073.636291,-3524626.337624,8641,493000.962417,20787933.888485,34825693.781386,106412892.082808,-171053099.643461,-140898085.431061,-1.5536,1.6064,-0.3026,0.3594,0.0082,0.2546,5.329,0.4934,0.0175,0.2992,0.7206,0.4635,478,4001,12743,2777.2,574.5,384.1
520,5.092333e-05,3801.63,5.437565655933996e-08,1.1652270507812506e-16,8.477294921875004e-18,72,14,14,13,14/13/12/9/7/6/3/1/2/4/5/8/10/11,0,60,2,0.138184/0.308594/0.351563/0.382813/0.263184/0.333984/0.173828/0.248535/1.27026/0.476074/1.27344/1.24854/1.26538/0.74292/0/0/0/0/0/0/0/0/0/0/0/0/0/0/0/0/0/0/0/0/0/0/0/0/0/0/0/0/0/0/0/0/0/0/0/0/0/0/0/0/0/0/0/0/0/0/0/0/0/0/0/0/0/0/0/0/0/0,383.482/249.654/280.199/249.664/253.212/246.779/301.302/304.846/4963.51/4102.62/4243.13/5262.55/5515.17/4729.32/0/0/0/0/0/0/0/0/0/0/0/0/0/0/0/0/0/0/0/0/0/0/0/0/0/0/0/0/0/0/0/0/0/0/0/0/0/0/0/0/0/0/0/0/0/0/0/0/0/0/0/0/0/0/0/0/0/0,,,6949,1.5961058507428004e-11,2.714453125000001e-11,-2.032800168338182e-06,-1.7140368519976064,0,0.0,30692,6.620391352651466e-11,1.1989062500000006e-10,1.5360878254115943e-06,3.441638794155844e-07,6.187184335382292e-07,4.175052492051429e-06,1,1,nan,0.47947298517375936,23,14/13/12/9/10/12/14/13/7/6/3/13/1/2/14/2/4/5/8/9/12/10/11,22,3973.9,1.0,,,2.411084073053382e-09,,,,,,,,,,,,,,1,17408,38,551111719.2793252,143706420.0472494,3.8349832881378894,2,-437022977.723926,-230701698.11328,-397003572.747399,-404637.007942,-12804284.363386,-3007482.588007,-398468115.142326,-14258517.646508,10958,1592437.74738,25941363.481897,87790000.097022,107060405.539601,-167581273.922075,-145802045.321097,-1.4263,1.5491,-0.2844,0.3479,0.0069,0.2364,3.3564,0.436,0.0123,0.4589,0.7908,0.5595,621,6067,17096,,,
540,5.092333e-05,4047.87,5.437565655933996e-08,1.1658959960937505e-16,8.410400390625004e-18,72,14,14,13,14/13/12/9/7/6/3/1/2/4/5/8/10/11,0,79,2,0.137939/0.306885/0.350342/0.382324/0.262207/0.332031/0.151367/0.245117/1.27588/0.473145/1.26831/1.25586/1.26221/0.706787/0/0/0/0/0/0/0/0/0/0/0/0/0/0/0/0/0/0/0/0/0/0/0/0/0/0/0/0/0/0/0/0/0/0/0/0/0/0/0/0/0/0/0/0/0/0/0/0/0/0/0/0/0/0/0/0/0/0,383.482/249.654/280.205/249.664/253.212/246.779/296.193/304.846/4963.51/4102.62/4246.79/5262.55/5510.06/4729.32/0/0/0/0/0/0/0/0/0/0/0/0/0/0/0/0/0/0/0/0/0/0/0/0/0/0/0/0/0/0/0/0/0/0/0/0/0/0/0/0/0/0/0/0/0/0/0/0/0/0/0/0/0/0/0/0/0/0,,,6924,1.5883562580682495e-11,2.704687500000001e-11,-2.0275780588041033e-06,-1.6304830994523447,0,0.0,30604,6.616523672131417e-11,1.1954687500000005e-10,1.5362386527491687e-06,3.441638794155844e-07,6.187184335382292e-07,4.175052492051429e-06,1,1,nan,0.4782485616853865,23,14/13/12/9/10/12/14/13/7/6/3/13/1/2/14/2/4/5/8/9/12/10/11,22,3974.0,1.0,,,2.3877331213927387e-09,,,,,,,,,,,,,,1,17054,46,549704352.9528185,135535403.8343766,4.05579898241609,2,-441409551.948517,-220037747.846693,-396578900.851811,-332142.081685,-7042232.842504,-1588492.082586,-394144161.175252,-10837620.357452,11043,6647681.046737,29450353.533971,63653142.430681,102322961.261816,-162778600.99687,-142410726.394899,-1.0949,1.2559,-0.2426,0.314,0.0067,0.225,2.8996,0.3927,0.012,0.4296,0.7917,0.5536,582,6088,16750,,,
560,5.092333e-05,4264.92,5.437565655933996e-08,1.1664624023437506e-16,8.353759765625004e-18,72,14,14,13,14/13/12/9/7/6/3/1/2/4/5/8/10/11,0,90,2,0.137695/0.304688/0.348633/0.381104/0.26123/0.330078/0.131836/0.238525/1.28003/0.470947/1.26514/1.26294/1.26685/0.674072/0/0/0/0/0/0/0/0/0/0/0/0/0/0/0/0/0/0/0/0/0/0/0/0/0/0/0/0/0/0/0/0/0/0/0/0/0/0/0/0/0/0/0/0/0/0/0/0/0/0/0/0/0/0/0/0/0/0,383.482/249.654/280.205/249.664/253.212/246.779/294.75/304.846/4963.51/4102.62/4246.79/5262.55/5523.82/4727.87/0/0/0/0/0/0/0/0/0/0/0/0/0/0/0/0/0/0/0/0/0/0/0/0/0/0/0/0/0/0/0/0/0/0/0/0/0/0/0/0/0/0/0/0/0/0/0/0/0/0/0/0/0/0/0/0/0/0,,,6910,1.5835627888793638e-11,2.699218750000001e-11,-2.0194042460097977e-06,-1.4997020947434545,0,0.0,30504,6.606625672899905e-11,1.1915625000000005e-10,1.5400046129578857e-06,3.441638794155844e-07,6.187184335382292e-07,4.175052492051429e-06,1,1,nan,0.47723028550263785,23,14/13/12/9/10/12/14/13/7/6/3/13/1/2/14/2/4/5/8/9/12/10/11,22,3974.7,1.0,,,2.3676118213406175e-09,,,,,,,,,,,,,,1,16733,45,548533934.6912508,131784644.55953722,4.162350906090854,2,-439680704.128577,-211810980.637887,-395554185.731876,-278026.459092,-2838716.559677,-1458373.836803,-388626631.816854,-6604118.01277,11085,9806654.88134,30721845.059588,77161705.359232,97502020.945515,-158908226.772221,-140764948.313984,-1.0284,1.2583,-0.207,0.2831,0.0065,0.2099,2.7916,0.3546,0.0118,0.4472,0.7894,0.5511,568,6059,16526,,,
580,5.092333e-05,4455.34,5.437565655933996e-08,1.1669775390625006e-16,8.302246093750004e-18,72,14,14,13,14/13/12/9/7/6/3/1/2/4/5/8/10/11,0,94,2,0.136963/0.302246/0.34668/0.379639/0.26001/0.328369/0.117188/0.235107/1.28516/0.467773/1.26099/1.26782/1.27197/0.642334/0/0/0/0/0/0/0/0/0/0/0/0/0/0/0/0/0/0/0/0/0/0/0/0/0/0/0/0/0/0/0/0/0/0/0/0/0/0/0/0/0/0/0/0/0/0/0/0/0/0/0/0/0/0/0/0/0/0,383.482/249.654/280.205/249.664/253.212/245.999/286.754/304.846/4963.51/4102.62/4246.79/5262.55/5523.82/4727.87/0/0/0/0/0/0/0/0/0/0/0/0/0/0/0/0/0/0/0/0/0/0/0/0/0/0/0/0/0/0/0/0/0/0/0/0/0/0/0/0/0/0/0/0/0/0/0/0/0/0/0/0/0/0/0/0/0/0,,,6893,1.5782509230133912e-11,2.692578125000001e-11,-2.008199993621646e-06,-1.3204340565330266,0,0.0,30332,6.580591500434494e-11,1.1848437500000004e-10,1.5422131819291567e-06,3.441638794155844e-07,6.187184335382292e-07,4.159712855350697e-06,1,1,nan,0.47636894830349064,21,14/13/12/9/10/12/14/13/7/6/3/13/1/2/4/5/8/9/12/10/11,20,3974.0,1.0,,,2.3493404758700015e-09,,,,,,,,,,,,,,1,16444,52,547543903.8878902,130038056.03541626,4.210643565286496,2,-439463207.583095,-205019273.752375,-395312528.201224,-271879.820227,-896065.078091,-1405292.379034,-381751911.526995,-3991248.740936,11134,8321387.427374,32516061.659123,117284472.535533,107782541.88045,-161501033.945545,-139321509.057399,-1.0561,1.286,-0.1713,0.2543,0.0065,0.2028,2.979,0.3182,0.0117,0.4283,0.7891,0.548,544,6008,16326,,,
600,5.092333e-05,4656.49,5.437565655933996e-08,1.1674804687500005e-16,8.251953125000004e-18,72,14,14,13,14/13/12/9/7/6/3/1/2/4/5/8/10/11,0,89,2,0.135986/0.300537/0.344238/0.378906/0.258057/0.326904/0.10376/0.229736/1.28931/0.465576/1.2605/1.271/1.27515/0.612305/0/0/0/0/0/0/0/0/0/0/0/0/0/0/0/0/0/0/0/0/0/0/0/0/0/0/0/0/0/0/0/0/0/0/0/0/0/0/0/0/0/0/0/0/0/0/0/0/0/0/0/0/0/0/0/0/0/0,383.482/249.654/280.205/252.543/253.212/245.999/271.424/304.846/4965.73/4102.62/4246.79/5262.55/5522.38/4727.87/0/0/0/0/0/0/0/0/0/0/0/0/0/0/0/0/0/0/0/0/0/0/0/0/0/0/0/0/0/0/0/0/0/0/0/0/0/0/0/0/0/0/0/0/0/0/0/0/0/0/0/0/0/0/0/0/0/0,1-2:0.374528/1-3:0.362839/2-4:1.46873/2-13:0.0182825/2-14:0.14322/3-6:1.56192/4-5:1.466/4-12:0.0121883/4-13:0.354156/4-14:0.0345664/5-8:0.937524/5-9:0.00304708/5-12:0.157727/5-13:0.0376131/6-7:1.27217/8-9:0.222993/8-12:0.123799/9-12:2.08622/10-11:2.09758/11-13:0.124438/12-13:1.49679/13-14:1.35558,1-2:-28.492/1-3:-33.908/2-4:-24.546/2-13:-24.208/2-14:-25.65/3-6:-37.88/4-5:-20.556/4-12:-20.219/4-13:-22.579/4-14:-23.901/5-8:-16.581/5-9:-16.223/5-12:-18.441/5-13:-19.688/6-7:-41.817/8-9:-13.355/8-12:-15.141/9-12:-47.641/10-11:-9.4057/11-13:0.00040106/12-13:-55.357/13-14:-49.445,6872,1.571192628197433e-11,2.684375000000001e-11,-1.998457796781638e-06,-1.1645589070928999,0,0.0,30136,6.546980623689894e-11,1.1771875000000005e-10,1.546248276140187e-06,3.441638794155844e-07,6.187184335382292e-07,4.159712855350697e-06,1,1,nan,0.47787575979749136,21,14/13/12/9/10/12/14/13/7/6/3/13/1/2/4/5/8/9/12/10/11,20,3974.5,1.0,,,2.332435376057773e-09,4,12/2/2/2,1/1/1/1,1,1,1/0/0,1.0,12/2/2/2,4935/4226/4224/4410,7293/3799/4155/4086,6983/4640/4198/619,12/2/2/2,15/4/4/4,1,16168,41,549275850.2097203,130483259.43563557,4.209550348339248,2,-437796348.035379,-199814142.09807,-395114455.75445,-260250.582099,-557165.074017,-1343919.964222,-376013021.18048,-2601949.528017,11168,8933282.802634,33660996.200329,115631530.172381,108807561.456487,-160370037.317856,-137926032.212722,-0.9374,1.2141,-0.1475,0.2373,0.0062,0.1989,2.8222,0.2962,0.0114,0.4269,0.7903,0.5436,520,6014,16110,2139.0,596.6,397.5
620,6.1107996e-05,4898.91,5.141289118816265e-08,1.1676489257812504e-16,8.235107421875003e-18,72,14,14,13,14/13/12/9/7/6/3/1/2/4/5/8/10/11,0,94,2,0.135742/0.300049/0.343506/0.37793/0.256348/0.325439/0.0905762/0.226318/1.29639/0.462646/1.26611/1.27881/1.28223/0.593018/0/0/0/0/0/0/0/0/0/0/0/0/0/0/0/0/0/0/0/0/0/0/0/0/0/0/0/0/0/0/0/0/0/0/0/0/0/0/0/0/0/0/0/0/0/0/0/0/0/0/0/0/0/0/0/0/0/0,383.482/249.654/280.205/252.543/253.212/245.999/271.424/304.846/4965.73/4102.62/4246.79/5262.55/5522.38/4727.87/0/0/0/0/0/0/0/0/0/0/0/0/0/0/0/0/0/0/0/0/0/0/0/0/0/0/0/0/0/0/0/0/0/0/0/0/0/0/0/0/0/0/0/0/0/0/0/0/0/0/0/0/0/0/0/0/0/0,,,6882,1.5713383871781847e-11,2.688281250000001e-11,-1.9889022312901218e-06,-1.0116698592286404,0,0.0,29992,6.526313248820973e-11,1.1715625000000006e-10,1.5507227259587062e-06,3.441638794155844e-07,6.187184335382292e-07,4.159712855350697e-06,1,1,nan,0.4507097999542939,21,14/13/12/9/10/12/14/13/7/6/3/13/1/2/4/5/8/9/12/10/11,20,3974.5,1.0,,,2.3200986684987205e-09,,,,,,,,,,,,,,1,15989,39,547904656.7143672,135962513.24414158,4.029821482709136,1,-434146851.59803,-196389085.918052,-394231169.75482,-222051.491738,-211451.108079,-746506.937936,-368392003.675864,-846620.441587,11267,19906193.148367,42907510.425585,124852710.667056,128370932.13689,-159470546.364793,-138452003.898382,-0.6636,1.0658,-0.0918,0.2127,0.0055,0.1726,2.4364,0.2655,0.01,0.4338,0.7897,0.5421,521,5967,15976,,,
640,6.1107996e-05,5077.56,5.141289118816265e-08,1.1678271484375005e-16,8.217285156250004e-18,72,14,14,13,14/13/12/9/7/6/3/1/2/4/5/8/10/11,0,105,2,0.135498/0.298584/0.342529/0.376953/0.255127/0.32373/0.0825195/0.224365/1.30176/0.462158/1.26978/1.28369/1.28931/0.571289/0/0/0/0/0/0/0/0/0/0/0/0/0/0/0/0/0/0/0/0/0/0/0/0/0/0/0/0/0/0/0/0/0/0/0/0/0/0/0/0/0/0/0/0/0/0/0/0/0/0/0/0/0/0/0/0/0/0,383.482/249.654/280.205/252.543/253.212/245.999/271.424/304.846/4967.17/4102.62/4246.79/5262.55/5519.5/4727.87/0/0/0/0/0/0/0/0/0/0/0/0/0/0/0/0/0/0/0/0/0/0/0/0/0/0/0/0/0/0/0/0/0/0/0/0/0/0/0/0/0/0/0/0/0/0/0/0/0/0/0/0/0/0/0/0/0/0,,,6890,1.5714022512336667e-11,2.691406250000001e-11,-1.9842476835554358e-06,-0.9371970954736644,0,0.0,29928,6.522373419249487e-11,1.1690625000000003e-10,1.5535069033761114e-06,3.441638794155844e-07,6.187184335382292e-07,4.159712855350697e-06,1,1,nan,0.4544522621942614,22,14/13/12/9/10/12/14/13/7/6/3/13/1/2/4/5/8/9/12/10/11/9,21,3972.4,1.0,,,2.3088326363695423e-09,,,,,,,,,,,,,,1,15801,40,552454175.0276228,134795258.86606255,4.098468890338059,1,-428753966.505216,-193737677.627604,-393471729.039273,-208217.207954,-200233.912889,-705487.762512,-361144993.804357,-758380.16651,11405,23184193.081706,42729440.952136,124635706.126687,123478784.897807,-154413219.669938,-139037289.996596,-0.4718,0.9064,-0.0832,0.2039,0.0054,0.1687,2.1174,0.254,0.0099,0.4239,0.7909,0.54,519,5930,15808,,,
660,7.1292662e-05,5359.25,4.875630719935003e-08,1.1558886718750005e-16,9.411132812500004e-18,72,15,15,14,15/14/13/12/9/7/6/3/1/2/4/5/8/10/11,0,106,2,0.13623/0.290771/0.341553/0.376709/0.255127/0.322754/0.0776367/0.222168/1.30591/0.459473/1.27075/1.05029/1.30078/1.26147/0.739502/0/0/0/0/0/0/0/0/0/0/0/0/0/0/0/0/0/0/0/0/0/0/0/0/0/0/0/0/0/0/0/0/0/0/0/0/0/0/0/0/0/0/0/0/0/0/0/0/0/0/0/0/0/0/0/0/0,383.482/249.664/280.205/252.543/253.212/245.999/271.424/304.846/4969.39/4102.62/4246.79/5262.55/5519.5/5758.88/4734.42/0/0/0/0/0/0/0/0/0/0/0/0/0/0/0/0/0/0/0/0/0/0/0/0/0/0/0/0/0/0/0/0/0/0/0/0/0/0/0/0/0/0/0/0/0/0/0/0/0/0/0/0/0/0/0/0/0,,,7850,1.7783333473686012e-11,3.066406250000001e-11,-1.9578623393343275e-06,-0.515031587935932,0,0.0,33614,7.313460951248979e-11,1.3130468750000005e-10,1.5904349559796964e-06,3.834816266766341e-07,6.187184335382292e-07,4.159712855350697e-06,1,1,nan,0.4178080296643269,26,15/14/13/12/9/10/12/15/14/13/7/6/3/13/14/1/15/2/4/5/8/9/12/10/11/9,25,4283.4,1.0,,,2.721148169313305e-09,,,,,,,,,,,,,,1,18325,37,535582027.3108901,141297747.33480957,3.7904498650060656,1,-418431000.353047,-227179619.804486,-405440047.575785,-197218.346406,-213918.876923,-604412.545815,-369030124.049119,-592371.022214,12913,35382593.983437,49153995.395916,116709200.093296,137592732.149999,-154329036.080209,-142501275.080468,-0.4796,0.9728,-0.1655,0.292,0.0056,0.1918,2.3163,0.3778,0.0105,0.4164,0.7657,0.5368,622,6952,18071,,,
680,7.1292662e-05,5621.7,4.875630719935003e-08,1.1563989257812505e-16,9.360107421875005e-18,72,15,15,14,15/14/13/12/9/7/6/3/1/2/4/5/8/10/11,0,109,2,0.135986/0.290771/0.3396/0.376709/0.254639/0.322021/0.0749512/0.220215/1.31494/0.458252/1.27441/1.04712/1.30957/1.25171/0.689209/0/0/0/0/0/0/0/0/0/0/0/0/0/0/0/0/0/0/0/0/0/0/0/0/0/0/0/0/0/0/0/0/0/0/0/0/0/0/0/0/0/0/0/0/0/0/0/0/0/0/0/0/0/0/0/0/0,383.482/249.664/280.205/252.543/253.212/245.999/271.424/304.846/4979.49/4102.62/4246.79/5262.55/5519.5/5758.88/4734.42/0/0/0/0/0/0/0/0/0/0/0/0/0/0/0/0/0/0/0/0/0/0/0/0/0/0/0/0/0/0/0/0/0/0/0/0/0/0/0/0/0/0/0/0/0/0/0/0/0/0/0/0/0/0/0/0/0,,,7834,1.774381205378468e-11,3.060156250000001e-11,-1.9560144938151027e-06,-0.4854660596283354,0,0.0,33588,7.323473870314296e-11,1.3120312500000006e-10,1.5922798572183438e-06,3.834816266766341e-07,6.187184335382292e-07,4.159712855350697e-06,1,1,nan,0.41777970543134735,26,15/14/13/12/9/10/12/15/14/13/7/6/3/13/14/1/15/2/4/5/8/9/12/10/11/9,25,4284.7,1.0,,,2.699953990928458e-09,,,,,,,,,,,,,,1,17997,41,535545718.8892128,138641210.78061965,3.8628176706898434,1,-415307619.55383,-220847475.700151,-403144061.74736,-199451.588918,-197911.949605,-586276.507537,-358672850.593491,-549098.382984,13037,30447374.54164,48413157.858602,129359217.918891,135364902.658804,-159329073.664988,-143043908.514859,-0.4417,0.9364,-0.1447,0.272,0.0054,0.1758,2.1832,0.3514,0.0101,0.4253,0.7661,0.5344,616,6837,17858,,,
700,7.1292662e-05,5910.67,4.875630719935003e-08,1.1568432617187506e-16,9.315673828125004e-18,72,15,15,14,15/14/13/12/9/7/6/3/1/2/4/5/8/10/11,0,110,2,0.135742/0.288574/0.339111/0.376221/0.253174/0.321533/0.0703125/0.216553/1.32397/0.457031/1.27661/1.05029/1.31616/1.23926/0.651123/0/0/0/0/0/0/0/0/0/0/0/0/0/0/0/0/0/0/0/0/0/0/0/0/0/0/0/0/0/0/0/0/0/0/0/0/0/0/0/0/0/0/0/0/0/0/0/0/0/0/0/0/0/0/0/0/0,383.482/249.664/280.205/252.545/253.212/245.999/265.652/304.846/4979.49/4102.62/4246.79/5262.55/5519.5/5752.33/4726.43/0/0/0/0/0/0/0/0/0/0/0/0/0/0/0/0/0/0/0/0/0/0/0/0/0/0/0/0/0/0/0/0/0/0/0/0/0/0/0/0/0/0/0/0/0/0/0/0/0/0/0/0/0/0/0/0/0,1-2:0.374118/1-3:0.361111/2-4:1.45877/2-13:0.0182825/2-14:0.101241/2-15:0.136169/3-6:1.52808/4-5:1.45472/4-12:0.0121883/4-13:0.355885/4-14:0.0410703/5-8:0.914057/5-9:0.00304708/5-12:0.161183/5-13:0.0341565/6-7:1.23783/8-9:0.222993/8-12:0.123799/9-12:2.10423/9-14:0.0259247/10-11:2.05715/10-13:0.00172837/11-13:0.27653/12-13:1.47333/12-14:0.455086/13-14:1.32438/14-15:1.4459,1-2:-28.501/1-3:-33.907/2-4:-24.547/2-13:-24.208/2-14:-25.145/2-15:-26.192/3-6:-37.882/4-5:-20.552/4-12:-20.219/4-13:-22.604/4-14:-23.817/5-8:-16.583/5-9:-16.223/5-12:-18.422/5-13:-19.677/6-7:-41.816/8-9:-13.355/8-12:-15.141/9-12:-47.707/9-14:0.14024/10-11:-9.4057/10-13:-46.073/11-13:-0.069768/12-13:-55.506/12-14:0.0044165/13-14:-49.616/14-15:-44.73,7818,1.7702971544209638e-11,3.053906250000001e-11,-1.954969637084832e-06,-0.4687483519440012,0,0.0,33478,7.313166409242578e-11,1.3077343750000004e-10,1.593205166717946e-06,3.834816266766341e-07,6.187184335382292e-07,4.159712855350697e-06,1,1,nan,0.4176558439927868,25,15/14/13/12/9/10/12/15/14/13/7/6/3/13/1/15/2/4/5/8/9/12/10/11/9,24,4282.8,1.0,,,2.681784475869002e-09,4,14/3/2/2,1/1/1/1,1,1,1/0/0,1.0,14/3/2/2,5171/4239/4239/4408,7825/4049/4186/4025,6983/4685/4464/619,13/3/2/2,18/4/3/4,1,17707,36,535386942.7153246,138252559.31225076,3.8725282582735026,1,-407331460.897651,-216934131.012174,-401319865.062268,-172507.799732,-182554.612561,-576661.238775,-346078125.103002,-506558.673027,13086,30900494.263092,48298477.189691,129174170.215545,150517516.712318,-158598753.13018,-143217344.096681,-0.3643,0.8508,-0.1308,0.259,0.0053,0.1639,2.0042,0.3349,0.0099,0.4205,0.7649,0.5316,623,6783,17676,2727.9,574.5,408.9
720,7.1292662e-05,6140.49,4.875630719935003e-08,1.1572119140625004e-16,9.278808593750005e-18,72,15,15,14,15/14/13/12/9/7/6/3/1/2/4/5/8/10/11,0,109,2,0.135742/0.287842/0.337891/0.375977/0.252441/0.320557/0.0683594/0.214111/1.33105/0.455078/1.28027/1.05225/1.32202/1.23242/0.612793/0/0/0/0/0/0/0/0/0/0/0/0/0/0/0/0/0/0/0/0/0/0/0/0/0/0/0/0/0/0/0/0/0/0/0/0/0/0/0/0/0/0/0/0/0/0/0/0/0/0/0/0/0/0/0/0/0,383.482/249.664/280.205/252.545/253.212/245.999/250.323/304.846/4979.49/4102.62/4246.79/5262.55/5519.5/5752.33/4726.43/0/0/0/0/0/0/0/0/0/0/0/0/0/0/0/0/0/0/0/0/0/0/0/0/0/0/0/0/0/0/0/0/0/0/0/0/0/0/0/0/0/0/0/0/0/0/0/0/0/0/0/0/0/0/0/0/0,,,7813,1.7683779777231878e-11,3.0519531250000014e-11,-1.9533403561607184e-06,-0.4426798571581868,0,0.0,33370,7.296347069712325e-11,1.3035156250000005e-10,1.5949528325844934e-06,3.834816266766341e-07,6.187184335382292e-07,4.159712855350697e-06,1,1,nan,0.4173102506943578,25,15/14/13/12/9/10/12/15/14/13/7/6/3/13/1/15/2/4/5/8/9/12/10/11/9,24,4282.5,1.0,,,2.6658426735662073e-09,,,,,,,,,,,,,,1,17453,33,534943931.700083,136784238.02891222,3.9108594631130775,1,-413014795.7471,-213126394.920194,-399878041.611589,-171748.522111,-168026.517475,-570596.509627,-336922346.945113,-477318.632713,13149,28212875.941914,47565820.844398,120678324.347857,144209372.018448,-162452054.443952,-143888459.855154,-0.3565,0.806,-0.116,0.2423,0.0052,0.1567,1.9632,0.3155,0.0098,0.4065,0.7591,0.5305,620,6701,17535,,,
740,7.1292662e-05,6347.9,4.875630719935003e-08,1.1574755859375005e-16,9.252441406250005e-18,72,15,15,14,15/14/13/12/9/7/6/3/1/2/4/5/8/10/11,0,112,2,0.135498/0.287598/0.337646/0.375488/0.251221/0.31958/0.0661621/0.211914/1.3396/0.452393/1.28418/1.05469/1.32983/1.22705/0.57959/0/0/0/0/0/0/0/0/0/0/0/0/0/0/0/0/0/0/0/0/0/0/0/0/0/0/0/0/0/0/0/0/0/0/0/0/0/0/0/0/0/0/0/0/0/0/0/0/0/0/0/0/0/0/0/0/0,383.482/249.664/280.205/252.545/253.212/245.999/250.323/304.846/4979.49/4074.96/4246.79/5262.55/5517.27/5745.77/4726.43/0/0/0/0/0/0/0/0/0/0/0/0/0/0/0/0/0/0/0/0/0/0/0/0/0/0/0/0/0/0/0/0/0/0/0/0/0/0/0/0/0/0/0/0/0/0/0/0/0/0/0/0/0/0/0/0/0,,,7803,1.7645395859692074e-11,3.0480468750000015e-11,-1.950208151495323e-06,-0.3925645825118576,0,0.0,33362,7.306305934526709e-11,1.3032031250000004e-10,1.596511205507652e-06,3.834816266766341e-07,6.187184335382292e-07,4.159712855350697e-06,1,1,nan,0.41887638972680413,25,15/14/13/12/9/10/12/15/14/13/7/6/3/13/1/15/2/4/5/8/9/12/10/11/9,24,4280.7,1.0,,,2.651151389424883e-09,,,,,,,,,,,,,,1,17241,30,536951542.5129298,136179918.38657528,3.9429568535111037,1,-404715324.83291,-208029741.400372,-397393005.537856,-128843.528777,-132629.163613,-564298.43552,-330138522.4646,-443813.002696,13403,30834362.943259,46901129.61484,141799507.68412,137372082.883104,-158560960.32379,-144394076.715012,-0.2573,0.777,-0.1021,0.2289,0.0051,0.1574,1.8432,0.2981,0.0096,0.4173,0.7583,0.5292,611,6525,17363,,,
760,8.1477328e-05,6525.43,4.6360773959283e-08,1.1495874023437504e-16,1.0041259765625005e-17,72,15,15,14,15/14/13/12/9/7/6/3/1/2/4/5/8/10/11,0,117,3,0.13501/0.287598/0.336426/0.376221/0.250488/0.319336/0.0639648/0.208008/1.3501/0.449219/1.28735/1.85938/1.33813/1.22974/0.550293/0/0/0/0/0/0/0/0/0/0/0/0/0/0/0/0/0/0/0/0/0/0/0/0/0/0/0/0/0/0/0/0/0/0/0/0/0/0/0/0/0/0/0/0/0/0/0/0/0/0/0/0/0/0/0/0/0,383.482/249.664/280.205/253.991/253.212/248.875/716.647/304.846/4979.49/4074.96/4246.79/5274.88/5517.27/5745.77/4726.43/0/0/0/0/0/0/0/0/0/0/0/0/0/0/0/0/0/0/0/0/0/0/0/0/0/0/0/0/0/0/0/0/0/0/0/0/0/0/0/0/0/0/0/0/0/0/0/0/0/0/0/0/0/0/0/0/0,,,7801,1.7619520088264708e-11,3.047265625000001e-11,-1.9451891286710318e-06,-0.31226021732320014,0,0.0,36640,8.023448894569507e-11,1.4312500000000006e-10,1.598928720577193e-06,7.166465644171027e-07,6.187184335382292e-07,4.190392128752162e-06,1,1,nan,0.39116863853815653,25,15/14/13/12/9/10/12/15/14/13/7/6/3/13/1/15/2/4/5/8/9/12/10/11/9,24,4326.8,1.0,,,2.7135127215857977e-09,,,,,,,,,,,,,,1,17043,36,527343221.88207257,162109577.8947252,3.2530047189718303,1,-327001495.952855,-199846832.125081,-372645926.039187,-57272.267024,1063442.217928,-425117.071327,-278553548.624354,-330435.05803,14361,42922144.754302,64931394.045717,151637116.737962,173606390.884094,-153398895.275317,-136071536.164896,-0.0737,0.7138,-0.0286,0.2125,0.0044,0.1469,1.5438,0.2701,0.0076,0.458,0.7772,0.5704,666,7158,18942,,,
780,8.1477328e-05,6655.15,4.6360773959283e-08,1.1491894531250004e-16,1.0081054687500005e-17,72,15,15,14,15/14/13/12/9/7/6/3/1/2/4/5/8/10/11,0,121,3,0.134766/0.286621/0.334961/0.375977/0.250488/0.318604/0.0629883/0.205566/1.3606/0.447998/1.29639/1.90503/1.34668/1.23706/0.517334/0/0/0/0/0/0/0/0/0/0/0/0/0/0/0/0/0/0/0/0/0/0/0/0/0/0/0/0/0/0/0/0/0/0/0/0/0/0/0/0/0/0/0/0/0/0/0/0/0/0/0/0/0/0/0/0/0,383.482/249.664/280.205/253.991/253.212/248.875/716.647/304.846/4979.49/4074.96/4246.79/5274.88/5517.27/5745.77/4726.43/0/0/0/0/0/0/0/0/0/0/0/0/0/0/0/0/0/0/0/0/0/0/0/0/0/0/0/0/0/0/0/0/0/0/0/0/0/0/0/0/0/0/0/0/0/0/0/0/0/0/0/0/0/0/0/0/0,,,7794,1.759027817368547e-11,3.0445312500000014e-11,-1.939463640887196e-06,-0.22065241278182665,0,0.0,36784,8.071546864863186e-11,1.4368750000000005e-10,1.6007177013614232e-06,7.166465644171027e-07,6.629126073623884e-07,4.190392128752162e-06,1,1,nan,0.38697702118886385,25,15/14/13/12/9/10/12/15/14/13/7/6/3/13/1/15/2/4/5/8/9/12/10/11/9,24,4326.8,1.0,,,2.7048081466984696e-09,,,,,,,,,,,,,,1,16839,35,521692408.447403,152876620.2552565,3.4125061606957208,1,-257221666.517636,-197114921.229955,-370791349.81031,-50753.597499,3563497.982572,-387172.953432,-258978091.502136,-297283.967918,14662,45278311.556408,65972230.748512,176613879.870677,204274440.169083,-153345241.626966,-135156054.165574,0.0152,0.714,-0.0149,0.2047,0.0044,0.1431,1.4885,0.2604,0.0076,0.4753,0.7764,0.5709,669,7097,18861,,,
800,8.1477328e-05,6769.72,4.6360773959283e-08,1.1490649414062505e-16,1.0093505859375005e-17,72,15,15,14,15/14/13/12/9/7/6/3/1/2/4/5/8/10/11,0,121,3,0.134766/0.286133/0.334229/0.375488/0.249268/0.317627/0.0625/0.204102/1.37085/0.445557/1.2981/1.93311/1.35156/1.24097/0.489258/0/0/0/0/0/0/0/0/0/0/0/0/0/0/0/0/0/0/0/0/0/0/0/0/0/0/0/0/0/0/0/0/0/0/0/0/0/0/0/0/0/0/0/0/0/0/0/0/0/0/0/0/0/0/0/0/0,383.482/249.664/280.205/253.991/253.212/248.875/716.647/304.846/4979.49/4074.96/4246.79/5274.88/5517.27/5745.77/4726.43/0/0/0/0/0/0/0/0/0/0/0/0/0/0/0/0/0/0/0/0/0/0/0/0/0/0/0/0/0/0/0/0/0/0/0/0/0/0/0/0/0/0/0/0/0/0/0/0/0/0/0/0/0/0/0/0/0,1-2:0.380213/1-3:0.361111/2-4:1.46009/2-13:0.0152354/2-14:0.106017/2-15:0.116658/3-6:1.48815/4-5:1.42912/4-12:0.0121883/4-13:0.352428/4-14:0.0376136/5-8:0.877991/5-9:0.00304708/5-12:0.159455/5-13:0.0341565/6-7:1.19213/7-12:0.00345662/8-9:0.222993/8-12:0.117705/9-11:0.00172837/9-12:2.14176/9-14:0.0950565/10-11:2.02109/11-13:0.331836/12-13:1.46337/12-14:0.441669/13-14:1.29878/14-15:1.40951,1-2:-28.501/1-3:-33.907/2-4:-24.548/2-13:-24.208/2-14:-25.127/2-15:-26.226/3-6:-37.879/4-5:-20.549/4-12:-20.219/4-13:-22.604/4-14:-23.878/5-8:-16.577/5-9:-16.223/5-12:-18.391/5-13:-19.677/6-7:-41.824/7-12:-34.736/8-9:-13.355/8-12:-15.141/9-11:0.32197/9-12:-47.198/9-14:-0.16023/10-11:-9.1582/11-13:-0.62463/12-13:-55.661/12-14:-0.042001/13-14:-49.683/14-15:-44.737,7791,1.7574543151723532e-11,3.0433593750000013e-11,-1.938298886708329e-06,-0.20201634591995424,0,0.0,36832,8.092503014943862e-11,1.4387500000000006e-10,1.6026744675278827e-06,7.166465644171027e-07,6.629126073623884e-07,4.266058226526062e-06,1,1,nan,0.3749881864514452,25,15/14/13/12/9/10/12/15/14/13/7/6/3/13/1/15/2/4/5/8/9/12/10/11/9,24,4325.3,1.0,,,2.6965462181450395e-09,4,13/5/2/2,1/1/1/1,1,1,1/0/0,1.0,13/5/2/2,5156/4432/4239/4239,7825/4060/4202/5082,6983/4729/4552/4198,13/4/2/1,18/6/3/3,1,16682,29,505529991.2335155,151217412.092154,3.343067337546013,1,-273278865.570795,-195640860.415005,-368376479.647573,-54118.30466,5322050.011601,-355447.144722,-249621619.865168,-271201.172245,14819,41863998.777216,66282263.78426,166717151.262814,233467984.742598,-157223074.509616,-134875053.661066,0.0048,0.6586,-0.0076,0.2015,0.0043,0.1401,1.3829,0.2561,0.0075,0.4714,0.7766,0.5699,700,7036,18783,2626.2,574.5,409.0
820,0.00010184666,6945.84,4.2212717110801314e-08,1.1268017578125006e-16,1.2319824218750006e-17,72,17,17,16,16/15/14/13/12/9/7/6/3/1/2/4/5/8/10/11/17,0,122,3,0.134521/0.285889/0.33252/0.375732/0.248779/0.317627/0.0612793/0.202148/1.37476/0.442627/1.30103/1.96069/1.36255/1.24512/1.17358/0.743652/0.757324/0/0/0/0/0/0/0/0/0/0/0/0/0/0/0/0/0/0/0/0/0/0/0/0/0/0/0/0/0/0/0/0/0/0/0/0/0/0/0/0/0/0/0/0/0/0/0/0/0/0/0/0/0/0/0,383.482/250.986/280.195/253.991/253.212/248.875/716.647/304.846/4979.5/4074.96/4256.89/5274.88/5515.83/5745.77/5947.42/6257.39/4211.79/0/0/0/0/0/0/0/0/0/0/0/0/0/0/0/0/0/0/0/0/0/0/0/0/0/0/0/0/0/0/0/0/0/0/0/0/0/0/0/0/0/0/0/0/0/0/0/0/0/0/0/0/0/0/0,,,8576,1.9432397672819762e-11,3.3500000000000014e-11,-1.949022602374162e-06,-0.3735957965732825,0,0.0,44630,9.758061874016682e-11,1.7433593750000006e-10,1.6038920628384368e-06,4.0749632133093544e-06,1.060660171779822e-06,4.298801671387055e-06,1,1,nan,0.32201902682016925,30,16/15/14/13/12/9/10/12/17/15/14/13/7/6/3/13/16/15/2/4/5/8/12/8/9/12/10/11/9/17,29,4532.7,1.0,,,3.367818124541638e-09,,,,,,,,,,,,,,1,19209,31,476780234.81484747,178641946.73746812,2.6689153556724436,1,-357642803.853837,-220384321.429695,-400040008.949896,-51343.481392,445803.911317,-249563.792167,-301538151.723456,-227162.595496,17282,63021431.034301,90345098.292568,235664065.225025,223683141.586175,-154012931.984855,-130151394.679568,-0.1557,1.1081,-0.0766,0.3081,0.0051,0.19,2.1103,0.3733,0.0084,0.5224,0.8204,0.6133,802,8923,23459,,,
840,0.00010184666,7060.54,4.2212717110801314e-08,1.1270214843750004e-16,1.2297851562500006e-17,72,17,17,16,16/15/14/13/12/9/7/6/3/1/2/4/5/8/10/11/17,0,125,3,0.134521/0.284668/0.332764/0.375244/0.248535/0.31665/0.0600586/0.201904/1.38037/0.442383/1.30054/1.99072/1.37354/1.25049/1.16943/0.704346/0.731689/0/0/0/0/0/0/0/0/0/0/0/0/0/0/0/0/0/0/0/0/0/0/0/0/0/0/0/0/0/0/0/0/0/0/0/0/0/0/0/0/0/0/0/0/0/0/0/0/0/0/0/0/0/0/0,383.482/249.664/280.195/253.991/253.212/248.875/712.32/304.846/4980.93/4074.96/4256.89/5274.88/5515.83/5745.77/5958.3/6257.39/4208.9/0/0/0/0/0/0/0/0/0/0/0/0/0/0/0/0/0/0/0/0/0/0/0/0/0/0/0/0/0/0/0/0/0/0/0/0/0/0/0/0/0/0/0/0/0/0/0/0/0/0/0/0/0/0/0,,,8558,1.9365682158985935e-11,3.342968750000001e-11,-1.9446503608243584e-06,-0.30363993177642684,0,0.0,44648,9.782273136991612e-11,1.7440625000000007e-10,1.604889309635738e-06,4.0749632133093544e-06,1.060660171779822e-06,4.627733694473612e-06,1,1,nan,0.3221318639414972,29,16/15/14/13/12/9/10/12/17/15/14/13/7/6/3/13/16/15/2/4/5/8/12/9/12/10/11/9/17,28,4535.3,1.0,,,3.3490695098519036e-09,,,,,,,,,,,,,,1,18924,37,476947301.05852187,170722968.18021017,2.7936914765626044,1,-329748207.473924,-219564414.553421,-395864835.695297,-10254.084714,769039.827349,-206854.609867,-264274260.961477,-192834.48043,17447,56967640.992526,88680113.61488,195368723.219456,255039082.37648,-160705172.558353,-132257008.918335,-0.081,0.9727,-0.0667,0.2941,0.005,0.1776,1.8874,0.357,0.0082,0.5124,0.8186,0.6125,804,8828,23296,,,
860,0.000122215992,7202.43,3.874598173989343e-08,1.1077001953125006e-16,1.4229980468750006e-17,72,17,19,18,16/15/14/13/12/9/7/6/7/6/3/1/2/4/5/8/10/11/17,0,130,3,0.134521/0.28418/0.332764/0.375244/0.248047/1.09863/0.835938/0.200928/1.36572/0.441895/1.1687/2.81958/1.12109/1.25781/1.17749/0.66748/0.699951/0/0/0/0/0/0/0/0/0/0/0/0/0/0/0/0/0/0/0/0/0/0/0/0/0/0/0/0/0/0/0/0/0/0/0/0/0/0/0/0/0/0/0/0/0/0/0/0/0/0/0/0/0/0/0,383.482/249.664/280.195/253.991/253.212/4224.89/4764.97/304.846/4980.93/4074.96/4256.89/5274.88/5515.83/5757.44/5958.3/6257.39/4208.9/0/0/0/0/0/0/0/0/0/0/0/0/0/0/0/0/0/0/0/0/0/0/0/0/0/0/0/0/0/0/0/0/0/0/0/0/0/0/0/0/0/0/0/0/0/0/0/0/0/0/0/0/0/0/0,,,10454,2.306324138736681e-11,4.0835937500000015e-11,-1.736114131448768e-06,3.0329397382330208,0,0.0,49456,1.0873305221016511e-10,1.9318750000000006e-10,1.6689787792935812e-06,4.2248886179452385e-06,1.2374368670764585e-06,4.627733694473612e-06,1,1,nan,0.2909550821730603,30,16/15/14/13/12/9/7/10/12/17/15/14/13/7/6/3/13/16/15/2/4/5/8/12/9/12/10/11/12/17,29,4455.5,1.0,,,3.8980171171323176e-09,,,,,,,,,,,,,,1,58252,30,469331058.84094936,186244896.1316249,2.519967357973981,1,-254626217.596567,-232597415.601384,-350813634.683668,-24103.685324,-14995.810078,-108023.02681,-267497664.618863,-142474.420616,19264,84911005.070773,102726761.079854,257834460.408601,290824480.987117,-154061872.022743,-137656171.461371,0.096,1.0637,-0.0451,0.2757,0.005,0.1765,2.0468,0.3733,0.0082,0.5174,0.7317,0.6077,951,10751,27324,,,
880,0.000142585323,7377.76,3.580544593920658e-08,1.1006274414062506e-16,1.4937255859375006e-17,72,17,19,18,16/15/14/13/12/9/7/6/7/6/3/1/2/4/5/8/10/11/17,0,130,4,0.134033/0.28418/0.33252/0.375244/0.246582/1.02515/0.830322/0.199951/1.37036/0.438965/1.12598/3.66162/1.13208/1.27002/1.18921/0.639404/0.681641/0/0/0/0/0/0/0/0/0/0/0/0/0/0/0/0/0/0/0/0/0/0/0/0/0/0/0/0/0/0/0/0/0/0/0/0/0/0/0/0/0/0/0/0/0/0/0/0/0/0/0/0/0/0/0,383.482/249.664/280.195/253.991/253.212/4238.65/4735.86/304.846/4980.93/4074.96/4256.89/5274.95/5508.62/5757.44/5958.3/6257.39/4208.9/0/0/0/0/0/0/0/0/0/0/0/0/0/0/0/0/0/0/0/0/0/0/0/0/0/0/0/0/0/0/0/0/0/0/0/0/0/0/0/0/0/0/0/0/0/0/0/0/0/0/0/0/0/0/0,,,10726,2.3551803461339032e-11,4.189843750000002e-11,-1.6935360114980105e-06,3.714189657445139,0,0.0,51924,1.1433839067636993e-10,2.0282812500000009e-10,1.6726409112971696e-06,4.23864846831624e-06,1.2374368670764585e-06,4.627733694473612e-06,1,1,nan,0.2617630782260379,30,16/15/14/13/12/9/7/10/12/17/15/14/13/7/6/3/12/16/15/2/4/5/8/12/9/12/10/11/12/17,29,4424.2,1.0,,,4.0497431222451935e-09,,,,,,,,,,,,,,1,61144,33,456919107.1354074,188669099.71668023,2.4218014917204336,1,-266447420.378712,-236113318.577498,-295667963.553341,-19469.790221,5446.367893,-21950.531268,-268448439.332285,-41283.84939,20119,107003749.68761,120115675.185039,304131194.828153,290596162.27097,-149712270.379751,-139977238.647008,0.2935,1.0515,0.0102,0.2524,0.0048,0.167,2.1313,0.3477,0.0078,0.4909,0.7191,0.6187,1047,11366,28635,,,
900,0.000142585323,7541.41,3.580544593920658e-08,1.1000854492187505e-16,1.4991455078125007e-17,72,17,19,18,16/15/14/13/12/9/7/6/7/6/3/1/2/4/5/8/10/11/17,0,131,4,0.133545/0.28418/0.333496/0.374512/0.24585/1.02466/0.828369/0.199219/1.37939/0.438965/1.13135/3.7019/1.14038/1.28467/1.20581/0.618652/0.666504/0/0/0/0/0/0/0/0/0/0/0/0/0/0/0/0/0/0/0/0/0/0/0/0/0/0/0/0/0/0/0/0/0/0/0/0/0/0/0/0/0/0/0/0/0/0/0/0/0/0/0/0/0/0/0,383.482/249.664/280.195/253.991/253.212/4238.65/4735.86/304.846/4980.93/4074.96/4256.89/5274.95/5508.62/5757.44/5958.3/6257.39/4208.9/0/0/0/0/0/0/0/0/0/0/0/0/0/0/0/0/0/0/0/0/0/0/0/0/0/0/0/0/0/0/0/0/0/0/0/0/0/0/0/0/0/0/0/0/0/0/0/0/0/0/0/0/0/0/0,1-2:0.376756/1-3:0.357654/2-4:1.45145/2-13:0.0152354/2-14:0.0899621/2-15:0.116658/3-6:1.47514/3-12:0.00345662/3-16:0.133711/4-5:1.41479/4-12:0.0121883/4-13:0.345515/4-14:0.0358853/5-8:0.855433/5-9:0.00304708/5-12:0.15427/5-13:0.0341565/6-7:1.16866/6-10:0.079224/6-11:0.980715/6-12:0.179605/6-17:0.102329/7-9:0.347432/7-10:0.0853182/7-11:0.560592/7-12:0.00345662/7-17:0.530798/8-9:0.222993/8-12:0.117705/9-11:0.00172837/9-12:2.21485/9-14:0.141721/10-11:1.92053/10-12:0.00914124/11-12:0.60313/11-13:0.350438/11-17:0.251548/12-13:2.02101/12-14:0.450311/12-15:0.307229/13-14:1.27226/13-15:0.0656756/14-15:1.38268/15-16:1.35767,1-2:-28.502/1-3:-33.904/2-4:-24.551/2-13:-24.208/2-14:-25.196/2-15:-26.226/3-6:-37.879/3-12:-36.296/3-16:-35.617/4-5:-20.546/4-12:-20.219/4-13:-22.628/4-14:-23.887/5-8:-16.58/5-9:-16.223/5-12:-18.372/5-13:-19.677/6-7:-41.826/6-10:-16.749/6-11:-19.694/6-12:-0.069343/6-17:-14.497/7-9:-12.032/7-10:-2.3625/7-11:-1.0566/7-12:-34.736/7-17:2.1159/8-9:-13.355/8-12:-15.141/9-11:0.32197/9-12:-46.157/9-14:-2.8852/10-11:-9.0326/10-12:-3.1427/11-12:-12.934/11-13:-0.85835/11-17:1.6302/12-13:-36.038/12-14:0.012768/12-15:-38.476/13-14:-49.96/13-15:-12.588/14-15:-45.059/15-16:-42.441,10757,2.360406238507343e-11,4.201953125000002e-11,-1.692838437681847e-06,3.725350838503755,0,0.0,52006,1.1470166419232945e-10,2.031484375000001e-10,1.6727513930817885e-06,4.23865051409912e-06,1.7677669529663695e-06,4.627733694473612e-06,1,1,nan,0.2617623332060211,30,16/15/14/13/12/9/7/10/12/17/15/14/13/7/6/3/12/16/15/2/4/5/8/12/9/12/10/11/12/17,29,4424.7,1.0,,,4.042761965391622e-09,1,17,1,1,1,1/0/0,1.0,17,6506,8326,6983,16,29,1,61363,36,456917806.66979873,185487344.90510923,2.4633368217305964,1,-260494174.640732,-235426427.689681,-288050846.277614,32318.133081,12529.906854,-12810.904035,-259642787.42395,1700.53073,20486,112227455.536791,119122604.66,308713029.622248,304548044.532194,-145746131.802458,-141310081.878469,0.3642,1.0003,0.016,0.245,0.0048,0.1622,2.0231,0.3397,0.0078,0.4919,0.714,0.6185,1043,11272,28586,2862.8,574.5,422.8
920,0.000142585323,7712.82,3.580544593920658e-08,1.0997583007812505e-16,1.5024169921875006e-17,72,17,19,18,16/15/14/13/12/9/7/6/7/6/3/1/2/4/5/8/10/11/17,0,134,4,0.133301/0.2854/0.33374/0.374512/0.245605/1.02417/0.827637/0.19751/1.38428/0.437256/1.13794/3.74219/1.14917/1.2981/1.21216/0.590088/0.651123/0/0/0/0/0/0/0/0/0/0/0/0/0/0/0/0/0/0/0/0/0/0/0/0/0/0/0/0/0/0/0/0/0/0/0/0/0/0/0/0/0/0/0/0/0/0/0/0/0/0/0/0/0/0/0,383.482/249.664/280.195/253.991/253.212/4238.65/4737.3/304.846/4980.93/4074.96/4261.34/5274.95/5508.62/5757.44/5958.3/6257.39/4208.9/0/0/0/0/0/0/0/0/0/0/0/0/0/0/0/0/0/0/0/0/0/0/0/0/0/0/0/0/0/0/0/0/0/0/0/0/0/0/0/0/0/0/0/0/0/0/0/0/0/0/0/0/0/0/0,,,10764,2.3600335368802933e-11,4.204687500000002e-11,-1.6970912878785037e-06,3.6573052353572484,0,0.0,52082,1.1502819539723602e-10,2.034453125000001e-10,1.6742607775692035e-06,4.23865051409912e-06,1.7677669529663695e-06,4.627733694473612e-06,1,1,nan,0.2616931565376962,30,16/15/14/13/12/9/7/10/12/17/15/14/13/7/6/3/12/16/15/2/4/5/8/12/9/12/10/11/12/17,29,4425.4,1.0,,,4.036597120785619e-09,,,,,,,,,,,,,,1,61492,43,456797055.7153867,185721955.12111408,2.459574881265371,1,-263094254.805632,-234217088.781989,-279755242.083163,23303.741472,18280.324399,-4510.202569,-253443847.621164,49350.646464,20881,102489480.461582,117587635.093433,314749437.89793,285228296.716654,-151587943.135746,-142653357.592842,0.2888,0.8926,0.0238,0.2345,0.0048,0.1582,1.8776,0.3279,0.0078,0.4724,0.7074,0.6194,1033,11062,28557,,,
940,0.000142585323,7853.83,3.580544593920658e-08,1.0993310546875005e-16,1.5066894531250005e-17,72,17,19,18,16/15/14/13/12/9/7/6/7/6/3/1/2/4/5/8/10/11/17,0,133,4,0.133057/0.2854/0.333252/0.374023/0.245361/1.02344/0.828613/0.196777/1.39258/0.434082/1.14404/3.78101/1.15918/1.30615/1.22046/0.572266/0.637207/0/0/0/0/0/0/0/0/0/0/0/0/0/0/0/0/0/0/0/0/0/0/0/0/0/0/0/0/0/0/0/0/0/0/0/0/0/0/0/0/0/0/0/0/0/0/0/0/0/0/0/0/0/0/0,383.482/249.664/280.195/253.991/253.212/4238.65/4737.3/304.846/4990.49/4074.96/4261.34/5274.95/5508.62/5757.44/5958.3/6257.39/4208.9/0/0/0/0/0/0/0/0/0/0/0/0/0/0/0/0/0/0/0/0/0/0/0/0/0/0/0/0/0/0/0/0/0/0/0/0/0/0/0/0/0/0/0/0/0/0/0/0/0/0/0/0/0/0/0,,,10802,2.3659417564289323e-11,4.219531250000002e-11,-1.6959698749305366e-06,3.6752478425247226,0,0.0,52150,1.153197967445286e-10,2.0371093750000008e-10,1.6749352604214352e-06,4.23865051409912e-06,1.7677669529663695e-06,4.658412967875078e-06,1,1,nan,0.26169194978292354,30,16/15/14/13/12/9/7/10/12/17/15/14/13/7/6/3/12/16/15/2/4/5/8/12/9/12/10/11/12/17,29,4425.4,1.0,,,4.030707406032361e-09,,,,,,,,,,,,,,1,61670,42,456794949.2712045,182926156.39315337,2.4971549081774813,1,-261566854.727525,-233934850.546864,-273037191.949589,34968.007924,11011.135362,-654.91884,-247759267.679341,106965.98953,21342,105665605.3266,115466812.224988,321694085.617742,285990928.319577,-152021858.561652,-144691938.601847,0.3313,0.8614,0.0271,0.2263,0.0048,0.1557,1.8456,0.3199,0.0078,0.4635,0.6991,0.6205,1027,10769,28559,,,
960,0.000152769989,8005.58,3.449643283398588e-08,1.0916796875000005e-16,1.5832031250000007e-17,72,18,17,16,16/15/14/13/12/9/6/6/3/1/2/4/5/8/10/11/17,0,130,4,0.13208/0.268555/0.33252/0.333984/0.241455/1.02368/0.828857/0.196289/1.39795/0.432861/1.1499/3.81104/1.16797/1.31592/1.23096/0.550781/0.618896/0/0/0/0/0/0/0/0/0/0/0/0/0/0/0/0/0/0/0/0/0/0/0/0/0/0/0/0/0/0/0/0.79834/0/0/0/0/0/0/0/0/0/0/0/0/0/0/0/0/0/0/0/0/0/0/0,383.482/250.319/278.754/253.991/253.212/4238.65/4737.3/304.846/4990.49/4111.39/4261.34/5274.95/5508.62/5757.44/5958.3/6257.39/4208.9/0/0/0/0/0/0/0/0/0/0/0/0/0/0/0/0/0/0/0/0/0/0/0/0/0/0/0/0/0/0/0/4572.04/0/0/0/0/0/0/0/0/0/0/0/0/0/0/0/0/0/0/0/0/0/0/0,,,10685,2.3366211480121034e-11,4.173828125000002e-11,-1.6982723724367152e-06,3.638407882425864,166,3.5415655877213383e-13,54950,1.2155168036760227e-10,2.1464843750000007e-10,1.6831774479468046e-06,4.2499961989840676e-06,2.8505242116582703e-06,4.955097318460683e-06,1,1,nan,0.2479187930361134,31,16/15/14/13/12/9/7/10/12/17/15/14/13/49/7/6/3/12/16/15/2/4/5/8/12/9/49/10/11/12/17,26,4346.3,1.0,,,4.119454427096296e-09,,,,,,,,,,,,,,1,64804,42,449174691.1724592,190353735.8762751,2.3596841380849543,1,-259524600.222894,-233453350.582095,-267682173.087201,86787.28137,96289.772075,40906.767573,-242974064.658744,310822.08485,21759,126921021.764993,123996057.303488,337536957.290042,277111767.500573,-140846473.057827,-145761745.035826,0.4474,0.9161,0.0507,0.2198,0.0049,0.1554,1.9582,0.3127,0.0078,0.4649,0.6947,0.6206,1039,10484,28534,,,
980,0.000162954655,8167.66,3.3279756535161225e-08,1.0907788085937505e-16,1.5922119140625008e-17,72,18,17,16,16/15/14/13/12/9/6/6/3/1/2/4/5/8/10/11/17,0,131,4,0.131836/0.267578/0.333496/0.331055/0.240234/1.02637/0.830322/0.196045/1.40234/0.431885/1.15601/3.85376/1.17456/1.32788/1.24707/0.537109/0.607666/0/0/0/0/0/0/0/0/0/0/0/0/0/0/0/0/0/0/0/0/0/0/0/0/0/0/0/0/0/0/0/0.826904/0/0/0/0/0/0/0/0/0/0/0/0/0/0/0/0/0/0/0/0/0/0/0,383.482/250.319/278.754/253.991/253.212/4238.65/4746.74/304.846/4990.49/4111.39/4267.89/5302.51/5508.62/5757.44/5958.3/6229.73/4208.12/0/0/0/0/0/0/0/0/0/0/0/0/0/0/0/0/0/0/0/0/0/0/0/0/0/0/0/0/0/0/0/4572.04/0/0/0/0/0/0/0/0/0/0/0/0/0/0/0/0/0/0/0/0/0/0/0,,,10705,2.3379676947758557e-11,4.1816406250000015e-11,-1.7006318920418849e-06,3.6006555687431496,157,3.35964561190673e-13,55166,1.222045727302077e-10,2.1549218750000007e-10,1.6843003430037013e-06,4.2532725074405816e-06,2.8505242116582703e-06,4.955097318460683e-06,1,1,nan,0.23150980309500505,31,16/15/14/13/12/9/7/10/12/17/15/14/13/49/7/6/3/12/16/15/2/4/5/8/12/9/49/10/11/12/17,26,4343.0,1.0,,,4.121652580198683e-09,,,,,,,,,,,,,,1,65166,45,434779703.93654865,200718459.87741247,2.166117178270935,1,-259073915.991306,-235993269.998014,-252429314.071327,286339.068507,5491981.563227,488437.423591,-240604406.378851,12552384.030449,23051,131327149.119108,133185032.79809,335948046.305297,292095869.693251,-146975830.834795,-147025254.740036,0.5708,1.0149,0.077,0.2157,0.0081,0.1573,1.9452,0.3005,0.0075,0.5174,0.7061,0.6394,1152,10948,30047,,,
1000,0.000162954655,8312.79,3.3279756535161225e-08,1.0900292968750005e-16,1.5997070312500008e-17,72,18,17,16,16/15/14/13/12/9/6/6/3/1/2/4/5/8/10/11/17,0,134,4,0.131592/0.26709/0.334473/0.328857/0.240234/1.02808/0.832275/0.195313/1.40869/0.429932/1.16016/3.89014/1.18359/1.33594/1.26001/0.525391/0.598877/0/0/0/0/0/0/0/0/0/0/0/0/0/0/0/0/0/0/0/0/0/0/0/0/0/0/0/0/0/0/0/0.846436/0/0/0/0/0/0/0/0/0/0/0/0/0/0/0/0/0/0/0/0/0/0/0,383.482/250.319/278.754/253.991/253.212/4238.65/4746.74/304.846/4990.49/4111.39/4267.89/5302.51/5508.62/5757.44/5958.3/6229.73/4208.12/0/0/0/0/0/0/0/0/0/0/0/0/0/0/0/0/0/0/0/0/0/0/0/0/0/0/0/0/0/0/0/4593.14/0/0/0/0/0/0/0/0/0/0/0/0/0/0/0/0/0/0/0/0/0/0/0,1-2:0.365477/1-3:0.354198/2-4:1.27821/2-13:0.0152354/2-14:0.0882339/2-15:0.116658/3-6:1.46082/3-12:0.00823194/3-16:0.0963267/4-5:1.27335/4-12:0.00914124/4-13:0.343787/4-14:0.0341569/5-8:0.845882/5-12:0.147766/5-13:0.0341565/6-7:1.14001/6-10:0.079224/6-11:1.03315/6-12:0.170964/6-17:0.104057/7-9:0.341747/7-10:0.0822711/7-11:0.535897/7-12:0.00345662/7-17:0.493914/8-9:0.21608/8-12:0.120752/9-11:0.00172837/9-12:2.21689/9-14:0.184928/9-17:0.00345675/10-11:1.92094/10-12:0.00782253/11-12:0.694411/11-13:0.368311/11-17:0.210297/12-13:1.97681/12-14:0.551463/12-15:0.353894/13-14:1.26098/13-15:0.152091/14-15:1.34884/15-16:1.297,1-2:-28.495/1-3:-33.901/2-4:-24.541/2-13:-24.208/2-14:-25.2/2-15:-26.226/3-6:-37.879/3-12:-35.399/3-16:-35.599/4-5:-20.54/4-12:-20.232/4-13:-22.614/4-14:-23.888/5-8:-16.577/5-12:-18.336/5-13:-19.677/6-7:-41.825/6-10:-16.749/6-11:-20.319/6-12:-0.036106/6-17:-13.973/7-9:-9.576/7-10:-2.358/7-11:-1.08/7-12:-34.736/7-17:2.1102/8-9:-13.22/8-12:-15.148/9-11:0.32197/9-12:-46.236/9-14:-7.1487/9-17:1.9806/10-11:-9.018/10-12:-2.774/11-12:-15.567/11-13:-0.57492/11-17:1.6181/12-13:-36.519/12-14:-3.8773/12-15:-41.052/13-14:-50.259/13-15:-18.629/14-15:-45.366/15-16:-42.943,10696,2.3343022042033806e-11,4.1781250000000014e-11,-1.7020260895315837e-06,3.5783484089079676,152,3.2864140474053175e-13,55318,1.2269410254306723e-10,2.1608593750000008e-10,1.6840444353286192e-06,4.2532725074405816e-06,2.8505242116582703e-06,4.977590730646901e-06,1,1,nan,0.23149418929975613,31,16/15/14/13/12/9/7/10/12/17/15/14/13/49/7/6/3/12/16/15/2/4/5/8/12/9/49/10/11/12/17,26,4341.6,1.0,,,4.124473365451839e-09,2,17/1,1/3,2,2,0.947088/0/0.0529119,0.980805,17/1,6505/4239,8326/5978,6983/4066,16/1,29/3,1,65471,47,434750380.93948805,199172512.4410234,2.182783033719179,1,-262425218.990176,-237269417.528595,-248427519.398793,242914.687691,4609464.572259,1022320.610587,-237324335.797137,21361068.121622,23579,132254636.196273,130810567.434604,339388697.068802,326125483.754339,-146677054.050593,-148937555.589982,0.5726,0.9783,0.0735,0.21,0.0077,0.153,1.9,0.2949,0.0075,0.5104,0.701,0.6407,1158,10694,30080,2491.9,596.6,427.5
1020,0.000162954655,8472.85,3.3279756535161225e-08,1.0893652343750005e-16,1.6063476562500008e-17,72,18,16,15,15/14/13/12/9/6/6/3/1/2/4/5/8/10/11/17,0,135,4,0.131592/0.26709/0.335693/0.327393/0.239502/1.02881/0.835938/0.195068/1.41724/0.427979/1.16602/3.927/1.18994/1.34033/1.26929/0.511475/0.588623/0/0/0/0/0/0/0/0/0/0/0/0/0/0/0/0/0/0/0/0/0/0/0/0/0/0/0/0/0/0/0/0.864502/0/0/0/0/0/0/0/0/0/0/0/0/0/0/0/0/0/0/0/0/0/0/0,383.482/250.319/278.754/253.991/253.212/4238.65/4746.74/304.846/4998.48/4111.39/4267.89/5302.51/5510.07/5757.44/5958.3/6229.73/4208.12/0/0/0/0/0/0/0/0/0/0/0/0/0/0/0/0/0/0/0/0/0/0/0/0/0/0/0/0/0/0/0/4599.7/0/0/0/0/0/0/0/0/0/0/0/0/0/0/0/0/0/0/0/0/0/0/0,,,10726,2.3386958679228918e-11,4.189843750000002e-11,-1.69912217515181e-06,3.6248110389843484,147,3.186812196958454e-13,55456,1.2314097351128702e-10,2.166250000000001e-10,1.6838158417847835e-06,4.2532725074405816e-06,2.8505242116582707e-06,4.977590730646901e-06,1,1,nan,0.23136839197401984,31,16/15/14/13/12/9/7/10/12/17/15/14/13/49/7/6/3/12/16/15/2/4/5/8/12/9/49/10/11/12/17,26,4339.4,1.0,,,4.127400697283391e-09,,,,,,,,,,,,,,1,65744,46,434514131.22864026,197268374.66117272,2.202654794388405,1,-265886452.013005,-238736667.581484,-245119565.120431,187792.761122,712052.149195,3576425.423121,-233838639.656012,29136109.30048,24108,126281139.33908,129297137.773397,342077410.534301,290727816.54563,-149218166.124389,-150369214.417892,0.5689,0.954,0.0692,0.205,0.0073,0.151,1.8954,0.2909,0.0075,0.4978,0.6937,0.6424,1119,10461,30098,,,
1040,0.000162954655,8620.77,3.3279756535161225e-08,1.0886230468750005e-16,1.6137695312500007e-17,72,18,16,15,15/14/13/12/9/6/6/3/1/2/4/5/8/10/11/17,0,135,4,0.131104/0.266846/0.335449/0.32666/0.239258/1.02979/0.839355/0.194092/1.42407/0.426514/1.17236/3.95898/1.1958/1.34619/1.28149/0.501709/0.580322/0/0/0/0/0/0/0/0/0/0/0/0/0/0/0/0/0/0/0/0/0/0/0/0/0/0/0/0/0/0/0/0.887695/0/0/0/0/0/0/0/0/0/0/0/0/0/0/0/0/0/0/0/0/0/0/0,383.482/250.319/278.754/253.991/253.212/4238.65/4746.74/304.846/4998.48/4111.39/4267.89/5302.51/5510.07/5757.44/5958.3/6229.73/4209.56/0/0/0/0/0/0/0/0/0/0/0/0/0/0/0/0/0/0/0/0/0/0/0/0/0/0/0/0/0/0/0/4599.7/0/0/0/0/0/0/0/0/0/0/0/0/0/0/0/0/0/0/0/0/0/0/0,,,10749,2.340956602196558e-11,4.1988281250000016e-11,-1.7030636102464243e-06,3.5617480774705186,148,3.230471322440222e-13,55646,1.2373310473850517e-10,2.1736718750000008e-10,1.6838299011250028e-06,4.2532725074405816e-06,2.8505242116582707e-06,4.977590730646901e-06,1,1,nan,0.2312481514664076,31,16/15/14/13/12/9/7/10/12/17/15/14/13/49/7/6/3/12/16/15/2/4/5/8/12/9/49/10/11/12/17,26,4336.8,1.0,,,4.1299508207929644e-09,,,,,,,,,,,,,,1,66048,47,434288317.32528955,196992203.36254913,2.204596475963138,1,-264052080.549444,-240058946.07322,-242125765.228348,207704.968968,353598.87188,7892365.447028,-230924542.311281,34788549.619789,24630,142803431.542796,129332452.904551,316308959.430334,359896770.488824,-135007265.014533,-150233304.462539,0.629,0.9796,0.0688,0.2012,0.0067,0.1477,1.9218,0.2886,0.0075,0.5045,0.6854,0.643,1118,10195,30143,,,
1060,0.000162954655,8778.88,3.3279756535161225e-08,1.0879321289062505e-16,1.6206787109375008e-17,72,18,16,15,15/14/13/12/9/6/6/3/1/2/4/5/8/10/11/17,0,139,4,0.130859/0.26709/0.334229/0.326172/0.238525/1.03027/0.841553/0.193359/1.43018/0.424561/1.17505/3.99585/1.20483/1.35449/1.29492/0.491699/0.565186/0/0/0/0/0/0/0/0/0/0/0/0/0/0/0/0/0/0/0/0/0/0/0/0/0/0/0/0/0/0/0/0.907959/0/0/0/0/0/0/0/0/0/0/0/0/0/0/0/0/0/0/0/0/0/0/0,383.482/305.658/278.754/253.991/253.212/4238.65/4753.29/304.846/4998.48/4111.39/4267.89/5302.51/5510.07/5757.44/5958.3/6229.73/4209.56/0/0/0/0/0/0/0/0/0/0/0/0/0/0/0/0/0/0/0/0/0/0/0/0/0/0/0/0/0/0/0/4599.7/0/0/0/0/0/0/0/0/0/0/0/0/0/0/0/0/0/0/0/0/0/0/0,,,10792,2.347728956854581e-11,4.215625000000002e-11,-1.707894041333207e-06,3.484461180081996,165,3.5902171671130953e-13,55686,1.2398159057149965e-10,2.1752343750000008e-10,1.6844103785027338e-06,4.2532725074405816e-06,3.0935921676911462e-06,4.977590730646901e-06,1,1,nan,0.23109110695498408,31,16/15/14/13/12/9/7/10/12/17/15/14/13/49/7/6/3/12/16/15/2/4/5/8/12/9/49/10/11/12/17,26,4335.6,1.0,,,4.132433814888489e-09,,,,,,,,,,,,,,1,66320,55,433993384.82019144,197008601.81721994,2.202915917462531,1,-262533158.947989,-240019734.691611,-239793168.034553,237323.55862,341640.60305,11631664.193794,-228785050.282788,39074965.558677,25084,139690790.830909,129192074.877828,317395759.017799,385527194.982098,-135498792.919864,-150186815.33446,0.6852,0.9886,0.0702,0.1979,0.0067,0.1457,1.9756,0.285,0.0075,0.495,0.6824,0.6431,1111,10003,30174,,,
1080,0.000173139321,8931.91,3.21459798355071e-08,1.0792871093750005e-16,1.7071289062500008e-17,72,19,17,16,15/14/13/12/9/7/6/6/3/1/2/4/5/8/10/11/17,0,140,4,0.130371/0.267334/0.335205/0.325928/0.238281/1.03223/0.847656/0.193359/1.43628/0.423096/1.17725/4.03003/1.21167/1.36328/1.30737/0.455811/0.55835/0/0/0/0/0/0/0/0/0/0/0/0/0/0/0/0/0/0/0/0/0/0/0/0/0/0/0/0/0/0/0/0.928223/0.80957/0/0/0/0/0/0/0/0/0/0/0/0/0/0/0/0/0/0/0/0/0/0,383.482/305.658/278.754/253.991/253.212/4238.65/4753.29/304.846/4998.48/4111.39/4284.55/5302.51/5510.07/5757.44/5985.96/6119.13/4209.56/0/0/0/0/0/0/0/0/0/0/0/0/0/0/0/0/0/0/0/0/0/0/0/0/0/0/0/0/0/0/0/4599.7/8220.67/0/0/0/0/0/0/0/0/0/0/0/0/0/0/0/0/0/0/0/0/0/0,,,10806,2.3489616383068937e-11,4.2210937500000017e-11,-1.7075794424667066e-06,3.4894947619460015,299,6.512777198131897e-13,58928,1.311330009366242e-10,2.301875000000001e-10,1.683332192146938e-06,4.284547473450636e-06,3.977475644174331e-06,5.296768493418723e-06,1,1,nan,0.21684644979016296,31,50/16/15/14/13/12/9/7/10/12/17/50/7/6/3/12/16/15/2/4/5/8/12/9/49/50/10/11/12/17/50,24,4344.4,1.0,,,4.237888399850101e-09,,,,,,,,,,,,,,1,69854,61,421604915.4897814,247018655.20662916,1.7067735841129577,1,-263668994.516886,-241483085.060999,-238001000.626791,291031.609653,15714946.122036,35389088.704807,-230003690.657649,49388923.227299,26576,148888425.011331,135928315.575715,357600891.52101,291363237.101603,-138406088.181569,-153491464.506033,0.7039,1.0407,0.0906,0.1937,0.0073,0.1535,2.0298,0.2736,0.0074,0.4991,0.6929,0.6611,1144,10473,31708,,,
1100,0.000173139321,9060.94,3.21459798355071e-08,1.0780468750000005e-16,1.7195312500000007e-17,72,19,17,16,15/14/13/12/9/7/6/6/3/1/2/4/5/8/10/11/17,0,139,4,0.130371/0.27002/0.335938/0.325439/0.238281/1.03442/0.851807/0.193115/1.43945/0.422607/1.18091/4.06543/1.21973/1.37085/1.32031/0.445557/0.551514/0/0/0/0/0/0/0/0/0/0/0/0/0/0/0/0/0/0/0/0/0/0/0/0/0/0/0/0/0/0/0/0.949219/0.850342/0/0/0/0/0/0/0/0/0/0/0/0/0/0/0/0/0/0/0/0/0/0,383.482/4024.11/278.754/253.991/253.212/4238.65/4753.29/304.846/4998.48/4111.39/4284.55/5302.51/5534.82/5757.44/5985.96/6119.13/4209.56/0/0/0/0/0/0/0/0/0/0/0/0/0/0/0/0/0/0/0/0/0/0/0/0/0/0/0/0/0/0/0/4599.7/8220.67/0/0/0/0/0/0/0/0/0/0/0/0/0/0/0/0/0/0/0/0/0/0,1-2:0.365477/1-3:0.352469/2-4:1.26866/2-13:0.0121883/2-14:0.0847773/2-15:0.116658/3-6:1.44954/3-12:0.00823194/3-15:0.00172824/3-16:0.0850475/4-5:1.27508/4-12:0.00914124/4-13:0.341649/4-14:0.0341569/5-8:0.826371/5-12:0.147766/5-13:0.0324283/6-7:1.12131/6-10:0.076177/6-11:1.04739/6-12:0.174011/6-17:0.0940974/7-9:0.346433/7-10:0.0822711/7-11:0.532031/7-12:0.00345662/7-17:0.479178/8-9:0.21608/8-12:0.120752/9-11:0.00172837/9-12:2.24068/9-14:0.205258/9-17:0.0134173/10-11:1.92481/11-12:0.741485/11-13:0.409062/11-17:0.184193/12-13:1.96562/12-14:0.676401/12-15:0.412247/13-14:1.2497/13-15:0.196207/14-15:1.34234/15-16:1.23137,1-2:-28.495/1-3:-33.901/2-4:-24.543/2-13:-24.207/2-14:-25.177/2-15:-26.226/3-6:-37.878/3-12:-36.127/3-15:-36.634/3-16:-35.617/4-5:-20.54/4-12:-20.232/4-13:-22.614/4-14:-23.888/5-8:-16.576/5-12:-18.336/5-13:-19.638/6-7:-41.825/6-10:-14.834/6-11:-21.827/6-12:-0.068079/6-17:-9.4135/7-9:-8.2746/7-10:-2.358/7-11:-1.0947/7-12:-34.736/7-17:2.09/8-9:-13.22/8-12:-15.148/9-11:0.32197/9-12:-45.965/9-14:-9.6469/9-17:-6.975/10-11:-9.1154/11-12:-17.667/11-13:-1.2448/11-17:1.6386/12-13:-36.772/12-14:-7.1759/12-15:-43.315/13-14:-50.24/13-15:-18.905/14-15:-45.227/15-16:-42.882,10813,2.3499076939138332e-11,4.2238281250000015e-11,-1.7065376074941868e-06,3.5061641215063184,305,6.656039452674827e-13,59248,1.3198674026880879e-10,2.3143750000000009e-10,1.681843913534633e-06,4.284547473450636e-06,3.977475644174331e-06,5.327447766820189e-06,1,1,nan,0.21686672565085793,31,50/16/15/14/13/12/9/7/10/12/17/50/7/6/3/12/16/15/2/4/5/8/12/9/49/50/10/11/12/17/50,24,4340.6,1.0,,,4.24367132025557e-09,3,17/1/1,1/3/3,2,2,0.895346/0/0.104654,0.963797,17/1/1,6394/4266/8221,8144/6039/8401,6983/4198/6983,15/1/1,30/3/6,1,70354,62,421644336.94465446,226595062.65175688,1.8607834257741949,1,-264714058.532031,-241261005.917683,-236658218.150319,320155.807109,14779773.421181,37953678.051338,-227965819.305629,53105914.262406,27159,153240095.653435,136838041.091467,363210987.465032,313381134.866153,-133936101.822885,-152489653.975986,0.7012,1.0804,0.0913,0.1944,0.007,0.1471,2.1013,0.2762,0.0074,0.5034,0.6873,0.6628,1176,10314,31762,2311.9,574.5,425.7
1120,0.000173139321,9199.95,3.21459798355071e-08,1.0770385742187505e-16,1.729614257812501e-17,72,19,17,16,15/14/13/12/9/7/6/6/3/1/2/4/5/8/10/11/17,0,138,4,0.130371/0.271729/0.337891/0.324463/0.238281/1.03589/0.856201/0.192139/1.44385/0.421875/1.18481/4.09351/1.22461/1.38159/1.32983/0.438721/0.544189/0/0/0/0/0/0/0/0/0/0/0/0/0/0/0/0/0/0/0/0/0/0/0/0/0/0/0/0/0/0/0/0.970703/0.875488/0/0/0/0/0/0/0/0/0/0/0/0/0/0/0/0/0/0/0/0/0/0,383.482/4024.12/278.754/253.991/253.212/4238.65/4746.74/304.846/4998.48/4111.39/4284.55/5302.51/5534.82/5757.44/5985.96/6119.13/4208.12/0/0/0/0/0/0/0/0/0/0/0/0/0/0/0/0/0/0/0/0/0/0/0/0/0/0/0/0/0/0/0/4648.45/8220.67/0/0/0/0/0/0/0/0/0/0/0/0/0/0/0/0/0/0/0/0/0/0,,,10860,2.3580307889781584e-11,4.2421875000000017e-11,-1.705520710769189e-06,3.522434469106285,313,6.873431618672817e-13,59366,1.3238585877175904e-10,2.318984375000001e-10,1.680761757287614e-06,4.284547473450636e-06,3.977475644174331e-06,5.403113864594089e-06,1,1,nan,0.21672295332252464,31,50/16/15/14/13/12/9/7/10/12/17/50/7/6/3/12/16/15/2/4/5/8/12/9/49/50/10/11/12/17/50,24,4337.8,1.0,,,4.249623826981085e-09,,,,,,,,,,,,,,1,70771,64,421364806.7960383,223870727.33899578,1.8821791120461566,1,-267079109.589036,-241374731.906496,-235345595.371919,243474.52091,14012394.647375,39924941.556003,-226017383.521466,56039189.942285,27732,150165449.984322,136383498.938514,376731127.814023,306807205.534377,-138110624.521643,-152607664.620999,0.6468,1.0429,0.0908,0.1941,0.0069,0.1466,2.0547,0.2763,0.0074,0.497,0.6871,0.6639,1171,10150,31768,,,
1140,0.000173139321,9319.57,3.21459798355071e-08,1.0760717773437505e-16,1.7392822265625007e-17,72,19,17,16,15/14/13/12/9/7/6/6/3/1/2/4/5/8/10/11/17,0,139,4,0.130371/0.272217/0.339355/0.32373/0.237793/1.03833/0.857422/0.191895/1.44678/0.421143/1.1875/4.13184/1.23267/1.39087/1.3396/0.435059/0.537354/0/0/0/0/0/0/0/0/0/0/0/0/0/0/0/0/0/0/0/0/0/0/0/0/0/0/0/0/0/0/0/0.986816/0.89209/0/0/0/0/0/0/0/0/0/0/0/0/0/0/0/0/0/0/0/0/0/0,383.482/4024.12/278.754/253.991/253.212/4238.65/4751.84/304.846/4998.48/4075.74/4284.55/5302.51/5534.82/5757.44/5985.96/6119.13/4208.12/0/0/0/0/0/0/0/0/0/0/0/0/0/0/0/0/0/0/0/0/0/0/0/0/0/0/0/0/0/0/0/4648.45/8220.67/0/0/0/0/0/0/0/0/0/0/0/0/0/0/0/0/0/0/0/0/0/0,,,10893,2.363734200889836e-11,4.2550781250000014e-11,-1.7088308905798386e-06,3.4694715921358896,317,7.008501823460162e-13,59560,1.3293215396681785e-10,2.326562500000001e-10,1.6811885293405048e-06,4.284547473450636e-06,3.977475644174331e-06,5.403113864594089e-06,1,1,nan,0.2184162499421811,31,50/16/15/14/13/12/9/7/10/12/17/50/7/6/3/12/16/15/2/4/5/8/12/9/49/50/10/11/12/17/50,24,4337.2,1.0,,,4.255234559453096e-09,,,,,,,,,,,,,,1,71171,61,424657008.1621212,222573430.98982915,1.9079411512577462,2,-263862361.765423,-241423532.668369,-233951343.586151,364865.848504,12368794.096438,42347329.125922,-225073976.515341,57597125.950078,28242,159937118.58413,137806278.065314,387951009.169672,321877074.211233,-127322772.353803,-151304563.623768,0.7629,1.1044,0.0909,0.1939,0.0067,0.1443,2.1151,0.2774,0.0074,0.5136,0.6832,0.6649,1215,9956,31804,,,
1160,0.000173139321,9443.98,3.21459798355071e-08,1.0752001953125005e-16,1.747998046875001e-17,72,19,17,16,15/14/13/12/9/7/6/6/3/1/2/4/5/8/10/11/17,0,141,4,0.130127/0.273193/0.339844/0.323486/0.238281/1.03931/0.85791/0.191406/1.45239/0.419434/1.1897/4.16113/1.23828/1.39844/1.34985/0.426514/0.528076/0/0/0/0/0/0/0/0/0/0/0/0/0/0/0/0/0/0/0/0/0/0/0/0/0/0/0/0/0/0/0/1.00366/0.918945/0/0/0/0/0/0/0/0/0/0/0/0/0/0/0/0/0/0/0/0/0/0,383.482/4024.12/278.754/253.991/253.212/4238.65/4751.84/304.846/4998.48/4075.74/4284.55/5302.51/5534.82/5760.31/5985.96/6119.13/4208.12/0/0/0/0/0/0/0/0/0/0/0/0/0/0/0/0/0/0/0/0/0/0/0/0/0/0/0/0/0/0/0/4648.45/8220.67/0/0/0/0/0/0/0/0/0/0/0/0/0/0/0/0/0/0/0/0/0/0,,,10915,2.368064026126151e-11,4.2636718750000015e-11,-1.709433828059003e-06,3.4598245924692588,326,7.229982981957295e-13,59772,1.335570350762981e-10,2.334843750000001e-10,1.6807049861052251e-06,4.284547473450636e-06,4.021669817998489e-06,5.403113864594089e-06,1,1,nan,0.2228128147387978,31,50/16/15/14/13/12/9/7/10/12/17/50/7/6/3/12/16/15/2/4/5/8/12/9/49/50/10/11/12/17/50,24,4334.5,1.0,,,4.260779189084258e-09,,,,,,,,,,,,,,1,71525,62,433205053.7091736,221502665.8117069,1.955755485477673,1,-258569737.244668,-242154190.619144,-232990117.836395,494733.683023,9773101.58533,44178289.765974,-223383758.38256,59730750.327794,28681,162331173.119166,136758873.219219,358807841.775552,406880248.650339,-126893641.709473,-151888207.319423,0.8379,1.1368,0.0886,0.1901,0.0065,0.1428,2.1602,0.2746,0.0075,0.517,0.6768,0.667,1234,9756,31906,,,
1180,0.000183323987,9589.02,3.108690918802771e-08,1.0741723632812504e-16,1.7582763671875008e-17,72,19,17,16,15/14/13/12/9/7/6/6/3/1/2/4/5/8/10/11/17,0,141,4,0.129639/0.27417/0.341553/0.323486/0.238525/1.04175/0.860352/0.190674/1.45898/0.418213/1.19434/4.19165/1.24512/1.40723/1.35938/0.420898/0.524414/0/0/0/0/0/0/0/0/0/0/0/0/0/0/0/0/0/0/0/0/0/0/0/0/0/0/0/0/0/0/0/1.02148/0.940918/0/0/0/0/0/0/0/0/0/0/0/0/0/0/0/0/0/0/0/0/0/0,383.482/4024.12/278.754/253.991/253.212/4238.65/4751.84/304.846/4998.48/4075.74/4284.55/5302.51/5534.82/5760.31/5985.96/6119.13/4208.12/0/0/0/0/0/0/0/0/0/0/0/0/0/0/0/0/0/0/0/0/0/0/0/0/0/0/0/0/0/0/0/4648.45/8220.67/0/0/0/0/0/0/0/0/0/0/0/0/0/0/0/0/0/0/0/0/0/0,,,10959,2.3760642851956432e-11,4.2808593750000016e-11,-1.7080261397292876e-06,3.482347605744706,327,7.234079646142238e-13,60004,1.3421911849088684e-10,2.343906250000001e-10,1.6810811472079546e-06,4.284547473450636e-06,4.021669817998489e-06,5.403113864594089e-06,1,1,nan,0.21706882834627292,31,50/16/15/14/13/12/9/7/10/12/17/50/7/6/3/12/16/15/2/4/5/8/12/9/49/50/10/11/12/17/50,24,4332.1,1.0,,,4.268310298113106e-09,,,,,,,,,,,,,,1,71948,62,436415266.9403026,229470393.44709158,1.9018369227702823,1,-258147645.614985,-242702400.797502,-231749704.624755,992749.785904,15050610.813945,55656514.907536,-222587605.479181,71173758.342934,29173,169328985.058229,146286317.557446,355896631.502289,349916613.32773,-129453791.425626,-152079343.529829,0.8893,1.1801,0.1032,0.1909,0.0067,0.1453,2.2185,0.2792,0.0077,0.5242,0.6689,0.6683,1238,9574,32021,,,
1200,0.000183323987,9730.22,3.108690918802771e-08,1.0731469726562505e-16,1.7685302734375008e-17,72,19,17,16,15/14/13/12/9/7/6/6/3/1/2/4/5/8/10/11/17,0,141,4,0.129883/0.273682/0.343506/0.322998/0.238525/1.0437/0.864014/0.191162/1.4646/0.417725/1.19849/4.21924/1.25195/1.41406/1.37109/0.416016/0.518066/0/0/0/0/0/0/0/0/0/0/0/0/0/0/0/0/0/0/0/0/0/0/0/0/0/0/0/0/0/0/0/1.04321/0.963379/0/0/0/0/0/0/0/0/0/0/0/0/0/0/0/0/0/0/0/0/0/0,383.482/4024.12/278.754/253.991/253.212/4238.65/4751.84/304.846/4998.48/4075.74/4284.55/5302.51/5534.82/5760.31/5985.96/6119.13/4208.12/0/0/0/0/0/0/0/0/0/0/0/0/0/0/0/0/0/0/0/0/0/0/0/0/0/0/0/0/0/0/0/4676.11/8220.67/0/0/0/0/0/0/0/0/0/0/0/0/0/0/0/0/0/0/0/0/0/0,1-2:0.363749/1-3:0.350741/2-4:1.2452/2-13:0.0121883/2-14:0.0895526/2-15:0.116658/3-6:1.43521/3-12:0.00172824/3-16:0.0820005/4-5:1.27203/4-12:0.00914124/4-13:0.338602/4-14:0.0358853/5-8:0.808588/5-12:0.147766/5-13:0.0324283/6-7:1.11522/6-10:0.076177/6-11:1.09028/6-12:0.174011/6-17:0.0940974/7-9:0.366353/7-10:0.0853182/7-11:0.515976/7-12:0.00864135/7-17:0.467899/8-9:0.21608/8-12:0.120752/9-11:0.00172837/9-12:2.27788/9-14:0.256788/9-17:0.0229682/10-11:1.91962/11-12:0.839769/11-13:0.435077/11-17:0.185921/12-13:1.94611/12-14:0.75986/12-15:0.448132/13-14:1.24625/13-15:0.254241/14-15:1.33452/15-16:1.21573,1-2:-28.498/1-3:-33.901/2-4:-24.538/2-13:-24.207/2-14:-25.127/2-15:-26.226/3-6:-37.887/3-12:-34.608/3-16:-35.617/4-5:-20.54/4-12:-20.232/4-13:-22.6/4-14:-23.85/5-8:-16.561/5-12:-18.336/5-13:-19.638/6-7:-41.826/6-10:-14.834/6-11:-22.269/6-12:-0.068079/6-17:-9.4135/7-9:-8.1985/7-10:-2.3633/7-11:-1.1907/7-12:-43.599/7-17:2.087/8-9:-13.22/8-12:-15.148/9-11:0.32197/9-12:-45.805/9-14:-10.395/9-17:-4.3342/10-11:-9.1442/11-12:-20.173/11-13:-0.84673/11-17:1.6272/12-13:-36.691/12-14:-8.4301/12-15:-42.722/13-14:-50.147/13-15:-19.49/14-15:-45.291/15-16:-42.827,10990,2.3816858405404802e-11,4.292968750000002e-11,-1.7077916598131954e-06,3.4860992844021816,332,7.307306096186451e-13,60248,1.3487029317370162e-10,2.353437500000001e-10,1.6810788608777966e-06,4.284547473450636e-06,4.021669817998489e-06,5.403113864594089e-06,1,1,nan,0.20794998452407695,31,50/16/15/14/13/12/9/7/10/12/17/50/7/6/3/12/16/15/2/4/5/8/12/9/49/50/10/11/12/17/50,24,4330.1,1.0,,,4.2755845814030985e-09,3,17/1/1,1/3/3,2,2,0.886539/0/0.113461,0.961083,17/1/1,6393/4266/8221,8113/6055/8401,6983/4287/6983,15/1/1,30/3/6,1,72365,65,418081899.1731802,225672391.83816117,1.852605432892313,1,-250899656.05979,-243124982.170517,-230532453.231271,2801137.185979,12615277.282149,57606672.431214,-222125158.26362,72161389.309598,29625,168636417.371285,147239113.173941,369878653.834298,410329759.172064,-128313571.535189,-150617793.5625,0.9611,1.2428,0.1016,0.1909,0.0068,0.1442,2.2725,0.2813,0.0077,0.5394,0.6639,0.6694,1281,9358,32149,2662.7,662.9,425.3
1220,0.000183323987,9902.02,3.108690918802771e-08,1.0721777343750005e-16,1.7782226562500008e-17,72,19,17,16,15/14/13/12/9/7/6/6/3/1/2/4/5/8/10/11/17,0,141,4,0.129639/0.274658/0.344971/0.32251/0.23877/1.04639/0.867676/0.190918/1.46875/0.416748/1.2019/4.24707/1.25928/1.4209/1.3833/0.411133/0.514648/0/0/0/0/0/0/0/0/0/0/0/0/0/0/0/0/0/0/0/0/0/0/0/0/0/0/0/0/0/0/0/1.05981/0.983154/0/0/0/0/0/0/0/0/0/0/0/0/0/0/0/0/0/0/0/0/0/0,383.482/4024.12/287.551/253.991/253.212/4238.65/4751.85/304.846/4998.48/4075.74/4284.55/5302.51/5534.82/5760.31/5985.96/6119.13/4208.12/0/0/0/0/0/0/0/0/0/0/0/0/0/0/0/0/0/0/0/0/0/0/0/0/0/0/0/0/0/0/0/4676.11/8220.67/0/0/0/0/0/0/0/0/0/0/0/0/0/0/0/0/0/0/0/0/0/0,,,11010,2.3860656158881808e-11,4.3007812500000015e-11,-1.7047430295240655e-06,3.5348773690282593,339,7.494223640368247e-13,60576,1.3571148229548688e-10,2.366250000000001e-10,1.6821677937456032e-06,4.284547473450636e-06,4.021669817998489e-06,5.403113864594089e-06,1,1,nan,0.24006693554393127,31,50/16/15/14/13/12/9/7/10/12/17/50/7/6/3/12/16/15/2/4/5/8/12/9/49/50/10/11/12/17/50,24,4329.0,1.0,,,4.2824926821044584e-09,,,,,,,,,,,,,,1,72757,66,482652790.6246197,222372672.8351489,2.170468090665186,1,-250777845.532728,-244373419.741839,-229681633.246264,1730389.436235,8848640.996249,58776557.166432,-221042699.451808,73391939.489983,30118,172934343.6315,147783324.568545,348701082.818137,322219191.394413,-124828754.297089,-150270142.2749,0.9444,1.1966,0.1006,0.1881,0.0067,0.144,2.2033,0.2807,0.0077,0.5359,0.6563,0.6707,1295,9173,32235,,,
1240,0.000183323987,10057.72,3.108690918802771e-08,1.0712963867187506e-16,1.7870361328125007e-17,72,19,17,16,15/14/13/12/9/7/6/6/3/1/2/4/5/8/10/11/17,0,142,4,0.129395/0.274658/0.346436/0.323242/0.238525/1.04712/0.872314/0.190674/1.47119/0.417236/1.20508/4.27344/1.26636/1.43115/1.38867/0.407715/0.510254/0/0/0/0/0/0/0/0/0/0/0/0/0/0/0/0/0/0/0/0/0/0/0/0/0/0/0/0/0/0/0/1.07495/1.00195/0/0/0/0/0/0/0/0/0/0/0/0/0/0/0/0/0/0/0/0/0/0,383.482/4024.12/287.551/254.773/253.212/4238.65/4751.85/304.846/4998.49/4075.74/4300.54/5302.51/5534.82/5760.31/5985.96/6119.13/4208.12/0/0/0/0/0/0/0/0/0/0/0/0/0/0/0/0/0/0/0/0/0/0/0/0/0/0/0/0/0/0/0/4703.76/8220.67/0/0/0/0/0/0/0/0/0/0/0/0/0/0/0/0/0/0/0/0/0/0,,,11007,2.3848877127326698e-11,4.2996093750000015e-11,-1.7009365081502475e-06,3.595781711009347,341,7.515601472403709e-13,60812,1.3634091725025615e-10,2.375468750000001e-10,1.6813456668616258e-06,4.300541738008522e-06,4.021669817998489e-06,5.403113864594089e-06,1,1,nan,0.24795216242231174,30,50/16/15/14/13/12/9/7/10/12/17/50/6/3/12/16/15/2/4/5/8/12/9/49/50/10/11/12/17/50,23,4327.6,1.0,,,4.289161078130826e-09,,,,,,,,,,,,,,1,73110,68,498505980.6898636,220697139.6773203,2.2587786204149527,1,-248705712.876216,-246031830.972403,-228662913.686814,2532966.7011,4951130.238073,60032711.688297,-220378251.343132,74006971.35441,30550,175778621.166743,147455400.732502,323684687.452977,399508953.673871,-121785456.123442,-150695660.525194,0.9687,1.2195,0.0979,0.186,0.0066,0.1422,2.222,0.2795,0.0078,0.5406,0.6512,0.6721,1341,8937,32350,,,
1260,0.000183323987,10220.92,3.108690918802771e-08,1.0704296875000005e-16,1.7957031250000008e-17,72,19,17,16,15/14/13/12/9/7/6/6/3/1/2/4/5/8/10/11/17,0,142,4,0.12915/0.275391/0.347168/0.323486/0.237549/1.05029/0.877441/0.190918/1.4729/0.416504/1.20679/4.2998/1.2749/1.44067/1.39575/0.402588/0.504395/0/0/0/0/0/0/0/0/0/0/0/0/0/0/0/0/0/0/0/0/0/0/0/0/0/0/0/0/0/0/0/1.09204/1.01929/0/0/0/0/0/0/0/0/0/0/0/0/0/0/0/0/0/0/0/0/0/0,383.482/4024.12/287.551/254.773/253.212/4238.65/4751.85/304.846/4998.49/4075.74/4300.54/5302.51/5534.82/5760.31/5985.96/6119.13/4208.12/0/0/0/0/0/0/0/0/0/0/0/0/0/0/0/0/0/0/0/0/0/0/0/0/0/0/0/0/0/0/0/4703.76/8220.67/0/0/0/0/0/0/0/0/0/0/0/0/0/0/0/0/0/0/0/0/0/0,,,11028,2.3877259051257746e-11,4.307812500000002e-11,-1.6990759330610325e-06,3.6255509124367866,345,7.597919597771454e-13,61000,1.368583805807385e-10,2.3828125000000007e-10,1.6805119406906746e-06,4.300541738008522e-06,4.021669817998489e-06,5.403113864594089e-06,1,1,nan,0.18934670229052386,30,50/16/15/14/13/12/9/7/10/12/17/50/6/3/12/16/15/2/4/5/8/12/9/49/50/10/11/12/17/50,23,4326.1,1.0,,,4.2960519797520026e-09,,,,,,,,,,,,,,1,73467,65,380680138.433169,221275759.0449492,1.7203879000403246,2,-248233325.853911,-246823238.245295,-227983287.555793,5713448.755242,1965490.155668,61210522.887397,-219590397.290164,75177271.073923,30975,178504886.839729,146503698.030462,343725807.83923,354548085.053565,-120509879.215712,-152030966.050211,1.0002,1.2578,0.0947,0.1835,0.0065,0.1413,2.2523,0.2776,0.0078,0.5505,0.6478,0.6735,1375,8756,32427,,,
1280,0.000193508653,10397.6,3.009539637407289e-08,1.0694702148437505e-16,1.8052978515625008e-17,72,19,17,16,15/14/13/12/9/7/6/6/3/1/2/4/5/8/10/11/17,0,142,4,0.12915/0.276611/0.349854/0.323242/0.237549/1.05298/0.881348/0.190674/1.47729/0.416016/1.2085/4.32373/1.28003/1.44897/1.40747/0.397949/0.501709/0/0/0/0/0/0/0/0/0/0/0/0/0/0/0/0/0/0/0/0/0/0/0/0/0/0/0/0/0/0/0/1.11182/1.03809/0/0/0/0/0/0/0/0/0/0/0/0/0/0/0/0/0/0/0/0/0/0,383.482/4024.12/315.205/254.773/253.212/4238.65/4751.85/304.846/4998.49/4075.74/4300.54/5302.51/5534.82/5760.31/5985.96/6119.13/4219.78/0/0/0/0/0/0/0/0/0/0/0/0/0/0/0/0/0/0/0/0/0/0/0/0/0/0/0/0/0/0/0/4703.76/8220.67/0/0/0/0/0/0/0/0/0/0/0/0/0/0/0/0/0/0/0/0/0/0,,,11058,2.3930427909693083e-11,4.3195312500000015e-11,-1.6984298984353535e-06,3.6358874664476515,353,7.749370066227071e-13,61282,1.3757522830439674e-10,2.3938281250000007e-10,1.6812902185369456e-06,4.300541738008522e-06,4.021669817998489e-06,5.358127040221654e-06,1,1,nan,0.1895851753481318,30,50/16/15/14/13/12/9/7/10/12/17/50/6/3/12/16/15/2/4/5/8/12/9/49/50/10/11/12/17/50,23,4324.6,1.0,,,4.3052003052765575e-09,,,,,,,,,,,,,,1,73856,64,393717142.38215464,230323882.0403999,1.7094065057183032,2,-249241886.874493,-248423461.523337,-227203595.705093,8925555.378473,3903318.467588,72150568.786227,-218885461.447909,86003911.073967,31515,178377198.400478,155120475.148488,340438364.910616,348763344.74108,-129430740.231552,-152714762.51898,1.0326,1.296,0.103,0.1849,0.0066,0.1458,2.3303,0.2828,0.008,0.5482,0.6399,0.6747,1359,8548,32498,,,
1300,0.000193508653,10574.76,3.009539637407289e-08,1.0684790039062505e-16,1.8152099609375007e-17,72,19,17,16,15/14/13/12/9/7/6/6/3/1/2/4/5/8/10/11/17,0,143,4,0.12915/0.277344/0.351318/0.322754/0.237305/1.0564/0.885986/0.190186/1.48389/0.416016/1.21045/4.35352/1.28906/1.45679/1.42017/0.394287/0.496826/0/0/0/0/0/0/0/0/0/0/0/0/0/0/0/0/0/0/0/0/0/0/0/0/0/0/0/0/0/0/0/1.12549/1.05518/0/0/0/0/0/0/0/0/0/0/0/0/0/0/0/0/0/0/0/0/0/0,383.482/4024.12/315.205/254.773/253.212/4238.65/4751.85/304.846/4998.49/4075.74/4300.54/5302.51/5534.82/5760.31/5985.96/6119.13/4219.77/0/0/0/0/0/0/0/0/0/0/0/0/0/0/0/0/0/0/0/0/0/0/0/0/0/0/0/0/0/0/0/4703.76/8220.67/0/0/0/0/0/0/0/0/0/0/0/0/0/0/0/0/0/0/0/0/0/0,1-2:0.360701/1-3:0.350741/2-4:1.2326/2-13:0.0121883/2-14:0.086096/2-15:0.113201/3-6:1.43044/3-12:0.00172824/3-16:0.0789534/4-5:1.25811/4-12:0.00914124/4-13:0.342058/4-14:0.0358853/5-8:0.797719/5-12:0.14431/5-13:0.0289716/6-7:1.11217/6-10:0.076177/6-11:1.09892/6-12:0.170555/6-17:0.0940974/7-9:0.394097/7-10:0.0853182/7-11:0.517705/7-12:0.0155547/7-17:0.467899/8-9:0.21608/8-12:0.120752/9-11:0.00172837/9-12:2.26274/9-14:0.283212/9-17:0.0307907/10-11:1.91699/11-12:0.880019/11-13:0.474919/11-17:0.182874/12-13:1.9452/12-14:0.804477/12-15:0.507395/13-14:1.24015/13-15:0.286669/14-15:1.31542/15-16:1.19835,1-2:-28.498/1-3:-33.901/2-4:-24.537/2-13:-24.207/2-14:-25.131/2-15:-26.254/3-6:-37.889/3-12:-34.608/3-16:-35.617/4-5:-20.537/4-12:-20.232/4-13:-22.599/4-14:-23.85/5-8:-16.561/5-12:-18.354/5-13:-19.631/6-7:-41.826/6-10:-14.834/6-11:-22.433/6-12:-0.051276/6-17:-9.4135/7-9:-8.8426/7-10:-2.3633/7-11:-1.1802/7-12:-50.069/7-17:2.087/8-9:-13.22/8-12:-15.148/9-11:0.32197/9-12:-45.594/9-14:-10.552/9-17:-3.3468/10-11:-9.1187/11-12:-20.885/11-13:-1.1561/11-17:1.6161/12-13:-36.62/12-14:-8.411/12-15:-39.107/13-14:-50.147/13-15:-20.046/14-15:-45.418/15-16:-42.988,11090,2.398309649984597e-11,4.3320312500000014e-11,-1.698128940061144e-06,3.6407028004350037,358,7.901722717479233e-13,61528,1.3821139656836119e-10,2.403437500000001e-10,1.6815125521165084e-06,4.300541738008522e-06,4.021669817998489e-06,5.358127040221654e-06,1,1,nan,0.19105392881440908,31,50/16/15/14/13/12/9/7/10/12/17/50/6/3/12/16/15/2/4/5/8/12/8/9/49/50/10/11/12/17/50,24,4322.2,1.0,,,4.315598613041135e-09,3,17/1/1,1/3/3,2,2,0.879867/0/0.120133,0.959063,17/1/1,6393/4279/8221,8113/6055/8401,6983/4331/6983,15/1/1,30/3/6,1,74253,68,396767346.1575538,227954537.80598682,1.7405547175167198,1,-250437980.805099,-249883561.416377,-226504075.302122,7480859.201845,383758.268706,73083819.379515,-218221531.458497,86844714.743537,32028,176904624.515893,154561310.717284,379623986.194468,345733759.600901,-130662266.383027,-153290267.788646,1.0655,1.2813,0.0977,0.1823,0.0066,0.1448,2.317,0.2811,0.008,0.5453,0.634,0.6759,1379,8372,32543,2724.2,662.9,426.0
1320,0.000193508653,10726.37,3.009539637407289e-08,1.0675219726562504e-16,1.8247802734375008e-17,72,19,17,16,15/14/13/12/9/7/6/6/3/1/2/4/5/8/10/11/17,0,144,4,0.128906/0.278564/0.35376/0.32251/0.236816/1.05737/0.88916/0.19043/1.48975/0.416016/1.21484/4.37769/1.29712/1.4646/1.42798/0.392578/0.495117/0/0/0/0/0/0/0/0/0/0/0/0/0/0/0/0/0/0/0/0/0/0/0/0/0/0/0/0/0/0/0/1.14258/1.07202/0/0/0/0/0/0/0/0/0/0/0/0/0/0/0/0/0/0/0/0/0/0,383.482/4024.12/316.646/254.773/253.212/4238.65/4751.85/304.846/4998.49/4075.74/4300.54/5302.51/5534.82/5760.31/5985.96/6119.13/4219.77/0/0/0/0/0/0/0/0/0/0/0/0/0/0/0/0/0/0/0/0/0/0/0/0/0/0/0/0/0/0/0/4703.76/8220.67/0/0/0/0/0/0/0/0/0/0/0/0/0/0/0/0/0/0/0/0/0/0,,,11094,2.3984734526212795e-11,4.333593750000002e-11,-1.6981141827466088e-06,3.6409389174675666,369,8.144586822469025e-13,61844,1.3897909595358334e-10,2.415781250000001e-10,1.6814759295241712e-06,4.300541738008522e-06,4.021669817998489e-06,5.478779962367989e-06,1,1,nan,0.19931998048943622,31,50/16/15/14/13/12/9/7/10/12/17/50/6/3/12/16/15/2/4/5/8/12/8/9/49/50/10/11/12/17/50,24,4320.4,1.0,,,4.323516846854938e-09,,,,,,,,,,,,,,1,74635,74,413933700.2160858,227364557.16803154,1.820572675758659,1,-249841485.382428,-250535643.787136,-225709936.864065,6689603.353358,213201.376128,74094107.170236,-218090804.848455,87277104.980564,32457,175998872.11039,154240271.052124,354714480.194346,356690619.413104,-132254472.554041,-153428940.545981,1.0447,1.2411,0.0953,0.1809,0.0067,0.1434,2.2273,0.2816,0.008,0.5498,0.628,0.6771,1406,8218,32640,,,
1340,0.000193508653,10869.99,3.009539637407289e-08,1.0666308593750005e-16,1.833691406250001e-17,72,19,17,16,15/14/13/12/9/7/6/6/3/1/2/4/5/8/10/11/17,0,144,4,0.128906/0.279297/0.35498/0.322266/0.236084/1.05933/0.891357/0.189697/1.4939/0.416016/1.21777/4.40576/1.30396/1.47192/1.4353/0.389404/0.492432/0/0/0/0/0/0/0/0/0/0/0/0/0/0/0/0/0/0/0/0/0/0/0/0/0/0/0/0/0/0/0/1.15649/1.09204/0/0/0/0/0/0/0/0/0/0/0/0/0/0/0/0/0/0/0/0/0/0,383.482/4024.12/316.646/254.773/253.212/4238.65/4751.85/304.846/4998.49/4075.74/4300.54/5302.51/5534.82/5760.31/5985.96/6119.13/4219.77/0/0/0/0/0/0/0/0/0/0/0/0/0/0/0/0/0/0/0/0/0/0/0/0/0/0/0/0/0/0/0/4731.41/8220.67/0/0/0/0/0/0/0/0/0/0/0/0/0/0/0/0/0/0/0/0/0/0,,,11112,2.400925003870953e-11,4.3406250000000015e-11,-1.6969831332366849e-06,3.6590357096263495,377,8.309224351818817e-13,62070,1.3955168651203672e-10,2.424609375000001e-10,1.681173870985687e-06,4.300541738008522e-06,4.021669817998489e-06,5.478779962367989e-06,1,1,nan,0.19705684309756735,31,50/16/15/14/13/12/9/7/10/12/17/50/6/3/12/16/15/2/4/5/8/12/8/9/49/50/10/11/12/17/50,24,4318.8,1.0,,,4.331294763649017e-09,,,,,,,,,,,,,,1,74995,76,409233775.8411519,227401752.43990391,1.7996069575114697,1,-246394280.454469,-252312993.668447,-225165795.988906,8630107.575975,140124.334121,75062484.286597,-217550918.23373,87973016.907182,32869,173898037.600985,153969175.461768,359708582.337136,336822270.45188,-134403291.535639,-153276238.97452,1.0363,1.2502,0.0922,0.1791,0.0067,0.1438,2.2065,0.2808,0.008,0.5577,0.6212,0.6781,1420,8068,32739,,,
1360,0.000193508653,10980.65,3.009539637407289e-08,1.0658666992187505e-16,1.8413330078125007e-17,72,19,17,16,15/14/13/12/9/7/6/6/3/1/2/4/5/8/10/11/17,0,144,4,0.12915/0.280029/0.355469/0.322021/0.23584/1.06177/0.89502/0.188965/1.49829/0.41626/1.21875/4.42749/1.30835/1.48047/1.44409/0.385742/0.489258/0/0/0/0/0/0/0/0/0/0/0/0/0/0/0/0/0/0/0/0/0/0/0/0/0/0/0/0/0/0/0/1.16821/1.10815/0/0/0/0/0/0/0/0/0/0/0/0/0/0/0/0/0/0/0/0/0/0,383.482/4024.12/316.646/254.773/253.212/4238.65/4751.85/304.846/4998.49/4075.74/4300.54/5302.51/5534.82/5760.31/5985.96/6119.13/4219.12/0/0/0/0/0/0/0/0/0/0/0/0/0/0/0/0/0/0/0/0/0/0/0/0/0/0/0/0/0/0/0/4731.41/8220.67/0/0/0/0/0/0/0/0/0/0/0/0/0/0/0/0/0/0/0/0/0/0,,,11098,2.397450381419058e-11,4.335156250000002e-11,-1.6961304381249012e-06,3.6726788314148884,386,8.491148163476324e-13,62334,1.4021632500029044e-10,2.434921875000001e-10,1.6808314764433516e-06,4.300541738008522e-06,4.021669817998489e-06,5.478779962367989e-06,1,1,nan,0.19519949991656976,31,50/16/15/14/13/12/9/7/10/12/17/50/6/3/12/16/15/2/4/5/8/12/8/9/49/50/10/11/12/17/50,24,4317.4,1.0,,,4.338913041878815e-09,,,,,,,,,,,,,,1,75295,77,405376576.3090548,227184359.2760479,1.7843507255554003,1,-248025914.400176,-253715360.525276,-224548182.268405,8307856.909075,111437.362172,75903186.651638,-217384257.130915,88154001.071014,33219,167210441.033677,153881275.369844,363425637.851757,336799883.964484,-140620513.388766,-153886102.18424,1.0381,1.2455,0.0896,0.1785,0.0067,0.1443,2.2113,0.2808,0.008,0.5538,0.6171,0.6791,1421,7928,32843,,,
1380,0.000203693319,11125.04,2.916517695292748e-08,1.0649829101562505e-16,1.8501708984375008e-17,72,19,17,16,15/14/13/12/9/7/6/6/3/1/2/4/5/8/10/11/17,0,144,4,0.128906/0.280518/0.356445/0.321777/0.23584/1.06396/0.898193/0.188965/1.50342/0.41626/1.2207/4.45361/1.31494/1.48853/1.45459/0.381592/0.486328/0/0/0/0/0/0/0/0/0/0/0/0/0/0/0/0/0/0/0/0/0/0/0/0/0/0/0/0/0/0/0/1.18115/1.12598/0/0/0/0/0/0/0/0/0/0/0/0/0/0/0/0/0/0/0/0/0/0,383.482/4024.12/299.097/254.773/253.212/4238.65/4751.85/304.846/4998.49/4075.74/4300.54/5302.51/5534.82/5785.09/5985.96/6119.13/4227.11/0/0/0/0/0/0/0/0/0/0/0/0/0/0/0/0/0/0/0/0/0/0/0/0/0/0/0/0/0/0/0/4731.41/8220.67/0/0/0/0/0/0/0/0/0/0/0/0/0/0/0/0/0/0/0/0/0/0,,,11117,2.3994153785163843e-11,4.342578125000002e-11,-1.701079188634553e-06,3.5934988232604588,398,8.764481775825109e-13,62538,1.4074034248202298e-10,2.442890625000001e-10,1.6823010601241337e-06,4.300541738008522e-06,4.021669817998489e-06,5.478779962367989e-06,1,1,nan,0.19048735341561135,31,50/16/15/14/13/12/9/7/10/12/17/50/6/3/12/16/15/2/4/5/8/12/8/9/49/50/10/11/12/17/50,24,4317.0,1.0,,,4.348372795921255e-09,,,,,,,,,,,,,,1,75649,79,408208035.48324394,234451499.30994663,1.7411193218414436,1,-248589673.280094,-254723011.727927,-224045883.254348,18387067.356273,175229.789368,86640735.013762,-216969334.980864,98625257.751698,33473,180349639.958537,162738290.207692,376405780.615809,400125306.036233,-137598495.795363,-154639310.131651,1.1256,1.2959,0.1015,0.1798,0.0068,0.1477,2.2718,0.2849,0.0083,0.5645,0.6143,0.6805,1458,7875,32961,,,
1400,0.000203693319,11249.56,2.916517695292748e-08,1.0640454101562505e-16,1.859545898437501e-17,72,19,17,16,15/14/13/12/9/7/6/6/3/1/2/4/5/8/10/11/17,0,144,4,0.128418/0.281738/0.357422/0.32251/0.235596/1.06665/0.903076/0.189209/1.50952/0.415771/1.2229/4.47485/1.32178/1.49805/1.46313/0.379883/0.484375/0/0/0/0/0/0/0/0/0/0/0/0/0/0/0/0/0/0/0/0/0/0/0/0/0/0/0/0/0/0/0/1.198/1.14258/0/0/0/0/0/0/0/0/0/0/0/0/0/0/0/0/0/0/0/0/0/0,383.482/4051.77/299.097/258.315/253.212/4238.65/4754.74/304.846/4998.49/4075.74/4300.54/5302.53/5534.82/5785.09/5985.96/6125.68/4227.11/0/0/0/0/0/0/0/0/0/0/0/0/0/0/0/0/0/0/0/0/0/0/0/0/0/0/0/0/0/0/0/4731.41/8220.67/0/0/0/0/0/0/0/0/0/0/0/0/0/0/0/0/0/0/0/0/0/0,1-2:0.360701/1-3:0.352469/2-4:1.23087/2-13:0.0121883/2-14:0.0891429/2-15:0.117977/3-6:1.40656/3-12:0.00172824/3-16:0.0724497/4-5:1.24247/4-12:0.00914124/4-13:0.342058/4-14:0.0358853/5-8:0.788168/5-12:0.14431/5-13:0.0289716/6-7:1.10913/6-10:0.076177/6-11:1.09587/6-12:0.167098/6-17:0.0845468/7-9:0.396644/7-10:0.0853182/7-11:0.506016/7-12:0.0259244/7-17:0.459667/8-9:0.21608/8-12:0.120752/9-11:0.00172837/9-12:2.30126/9-14:0.267976/9-17:0.0407513/10-11:1.9244/11-12:0.905624/11-13:0.495749/11-17:0.164181/12-13:1.9572/12-14:0.836905/12-15:0.541551/13-14:1.23233/13-15:0.297448/14-15:1.30414/15-16:1.18271,1-2:-28.498/1-3:-33.901/2-4:-24.537/2-13:-24.207/2-14:-25.16/2-15:-26.245/3-6:-37.895/3-12:-34.608/3-16:-35.63/4-5:-20.539/4-12:-20.232/4-13:-22.599/4-14:-23.85/5-8:-16.558/5-12:-18.354/5-13:-19.631/6-7:-41.826/6-10:-14.834/6-11:-22.818/6-12:-0.00071902/6-17:-9.8963/7-9:-8.7784/7-10:-2.3633/7-11:-1.2638/7-12:-40.4/7-17:2.0798/8-9:-13.22/8-12:-15.148/9-11:0.32197/9-12:-45.322/9-14:-10.491/9-17:-13.687/10-11:-9.1187/11-12:-20.565/11-13:-0.98343/11-17:1.6339/12-13:-36.645/12-14:-8.9314/12-15:-38.521/13-14:-50.365/13-15:-20.265/14-15:-45.61/15-16:-43.175,11136,2.4032266920003256e-11,4.350000000000002e-11,-1.7027586079149804e-06,3.566628114773622,413,9.076476945288475e-13,62742,1.4123534408249968e-10,2.450859375000001e-10,1.6805241796266316e-06,4.300541738008522e-06,4.021669817998489e-06,5.478779962367989e-06,1,1,nan,0.1871470759110888,31,50/16/15/14/13/12/9/7/10/12/17/50/6/3/12/16/15/2/4/5/8/12/8/9/49/50/10/11/12/17/50,24,4316.3,1.0,,,4.357319222969547e-09,3,17/1/1,1/3/3,2,2,0.874132/0/0.125868,0.957351,17/1/1,6391/4279/8221,8113/6086/8401,6983/4419/6983,15/1/1,30/3/6,1,76028,79,401049932.3669965,233758084.90465713,1.7156622947632922,3,-248789567.659907,-255979913.505689,-223327779.07389,18751894.186899,113959.392579,87424669.539713,-216851259.999232,98675216.431547,33824,179449048.642735,161082331.850688,378138894.493301,378438999.151864,-136424496.926504,-156181206.348708,1.135,1.3097,0.0995,0.1771,0.0068,0.1481,2.2647,0.2841,0.0083,0.573,0.6082,0.6826,1480,7747,33101,2396.7,662.9,428.6
