step,t_s,wall_s,dt,V0,Vt,M,nreg_used,nslab_n,nf3_col,runs,ncomp_min,ncomp_max,ncompbig_max,vols,ths,f3_pairs,f3_pairs_pos,nf3,f3_area_m2,f3_area_stair,f3_pos_m,f3_pos_dx,nf2,f2_area_m2,nf1,f1_area_m2,f1_area_stair,f3_std_m,n_lath,w_lath,a_lath,box_touch,finite,psi_mean,cfl_used,nslab_n1,runs1,nf3_col1,r_col_nm,col_cover_min,nslab_nu,nslab_nu1,E_el_J,nblk_sig,blk_laths,blk_vars,n_var_sig,n_habit,f_var,r_selfac,blk_nlath,blk_span_nm,blk_alen_nm,blk_wlen_nm,blk_nprof,blk_nruns,box_touch_core,core_vox,ncomp_all,dG_max_Jm3,dG_p999,dG_ratio,dG_near_max,ed_tip,ed_side,ed_wide,dG_tip,dG_side,dG_wide,ed_obl,dG_obl,n_obl,dG_tip_p90,dG_side_p90,dG_tip_max,dG_side_max,ed_tip_p90,ed_side_p90,v_tip_nsgn,v_tip_nabs,v_side_nsgn,v_side_nabs,v_wide_nabs,v_obl_nabs,v_tip_f1,v_side_f1,v_wide_f1,f1_tip,f1_side,f1_wide,n_tip,n_side,n_wide,tip_sep_nm,side_sep_nm,wide_sep_nm
0,0.0,11.47,7.638473182236092e-08,1.2475048828125007e-16,2.495117187500001e-19,276,1,1,0,1,0,1,1,0.249512/0/0/0/0/0/0/0/0/0/0/0/0/0/0/0/0/0/0/0/0/0/0/0/0/0/0/0/0/0/0/0/0/0/0/0/0/0/0/0/0/0/0/0/0/0/0/0/0/0/0/0/0/0/0/0/0/0/0/0/0/0/0/0/0/0/0/0/0/0/0/0/0/0/0/0/0/0/0/0/0/0/0/0/0/0/0/0/0/0/0/0/0/0/0/0/0/0/0/0/0/0/0/0/0/0/0/0/0/0/0/0/0/0/0/0/0/0/0/0/0/0/0/0/0/0/0/0/0/0/0/0/0/0/0/0/0/0/0/0/0/0/0/0/0/0/0/0/0/0/0/0/0/0/0/0/0/0/0/0/0/0/0/0/0/0/0/0/0/0/0/0/0/0/0/0/0/0/0/0/0/0/0/0/0/0/0/0/0/0/0/0/0/0/0/0/0/0/0/0/0/0/0/0/0/0/0/0/0/0/0/0/0/0/0/0/0/0/0/0/0/0/0/0/0/0/0/0/0/0/0/0/0/0/0/0/0/0/0/0/0/0/0/0/0/0/0/0/0/0/0/0/0/0/0/0/0/0/0/0/0/0/0/0/0/0/0/0/0/0/0/0/0/0/0/0,507.199/0/0/0/0/0/0/0/0/0/0/0/0/0/0/0/0/0/0/0/0/0/0/0/0/0/0/0/0/0/0/0/0/0/0/0/0/0/0/0/0/0/0/0/0/0/0/0/0/0/0/0/0/0/0/0/0/0/0/0/0/0/0/0/0/0/0/0/0/0/0/0/0/0/0/0/0/0/0/0/0/0/0/0/0/0/0/0/0/0/0/0/0/0/0/0/0/0/0/0/0/0/0/0/0/0/0/0/0/0/0/0/0/0/0/0/0/0/0/0/0/0/0/0/0/0/0/0/0/0/0/0/0/0/0/0/0/0/0/0/0/0/0/0/0/0/0/0/0/0/0/0/0/0/0/0/0/0/0/0/0/0/0/0/0/0/0/0/0/0/0/0/0/0/0/0/0/0/0/0/0/0/0/0/0/0/0/0/0/0/0/0/0/0/0/0/0/0/0/0/0/0/0/0/0/0/0/0/0/0/0/0/0/0/0/0/0/0/0/0/0/0/0/0/0/0/0/0/0/0/0/0/0/0/0/0/0/0/0/0/0/0/0/0/0/0/0/0/0/0/0/0/0/0/0/0/0/0/0/0/0/0/0/0/0/0/0/0/0/0/0/0/0/0/0/0,,,0,0.0,0.0,nan,nan,0,0.0,940,1.95694010763834e-12,3.671875000000001e-12,nan,5.071986094432838e-07,4.419417382415928e-07,1.042953646404103e-06,0,1,nan,nan,1,1,0,597.6,1.0,1,1,0.0,1,1,1,1,1,1/0/0/0/0/0/0/0/0/0/0/0,1.0,1,507,1043,442,1,1,0,1022,1,nan,nan,nan,-1,,,,,,,,,,,,,,,,,,,,,,,,,,,,0,0,0,1075.7,530.3,559.6
20,-0.0,284.02,7.638473182236092e-08,1.2340356445312505e-16,1.5964355468750008e-18,276,3,3,2,3/1/2,0,1,1,0.167725/0.714355/0.714355/0/0/0/0/0/0/0/0/0/0/0/0/0/0/0/0/0/0/0/0/0/0/0/0/0/0/0/0/0/0/0/0/0/0/0/0/0/0/0/0/0/0/0/0/0/0/0/0/0/0/0/0/0/0/0/0/0/0/0/0/0/0/0/0/0/0/0/0/0/0/0/0/0/0/0/0/0/0/0/0/0/0/0/0/0/0/0/0/0/0/0/0/0/0/0/0/0/0/0/0/0/0/0/0/0/0/0/0/0/0/0/0/0/0/0/0/0/0/0/0/0/0/0/0/0/0/0/0/0/0/0/0/0/0/0/0/0/0/0/0/0/0/0/0/0/0/0/0/0/0/0/0/0/0/0/0/0/0/0/0/0/0/0/0/0/0/0/0/0/0/0/0/0/0/0/0/0/0/0/0/0/0/0/0/0/0/0/0/0/0/0/0/0/0/0/0/0/0/0/0/0/0/0/0/0/0/0/0/0/0/0/0/0/0/0/0/0/0/0/0/0/0/0/0/0/0/0/0/0/0/0/0/0/0/0/0/0/0/0/0/0/0/0/0/0/0/0/0/0/0/0/0/0/0/0/0/0/0/0/0/0/0/0/0/0/0/0/0/0/0/0/0/0,380.599/311.401/311.401/0/0/0/0/0/0/0/0/0/0/0/0/0/0/0/0/0/0/0/0/0/0/0/0/0/0/0/0/0/0/0/0/0/0/0/0/0/0/0/0/0/0/0/0/0/0/0/0/0/0/0/0/0/0/0/0/0/0/0/0/0/0/0/0/0/0/0/0/0/0/0/0/0/0/0/0/0/0/0/0/0/0/0/0/0/0/0/0/0/0/0/0/0/0/0/0/0/0/0/0/0/0/0/0/0/0/0/0/0/0/0/0/0/0/0/0/0/0/0/0/0/0/0/0/0/0/0/0/0/0/0/0/0/0/0/0/0/0/0/0/0/0/0/0/0/0/0/0/0/0/0/0/0/0/0/0/0/0/0/0/0/0/0/0/0/0/0/0/0/0/0/0/0/0/0/0/0/0/0/0/0/0/0/0/0/0/0/0/0/0/0/0/0/0/0/0/0/0/0/0/0/0/0/0/0/0/0/0/0/0/0/0/0/0/0/0/0/0/0/0/0/0/0/0/0/0/0/0/0/0/0/0/0/0/0/0/0/0/0/0/0/0/0/0/0/0/0/0/0/0/0/0/0/0/0/0/0/0/0/0/0/0/0/0/0/0/0/0/0/0/0/0/0,,,402,9.400712717777397e-13,1.5703125000000006e-12,-1.9256728650883317e-06,0.0,0,0.0,5868,1.2676390837546651e-11,2.292187500000001e-11,1.9512872345732365e-07,3.114007948504429e-07,6.187184335382292e-07,4.433762144504359e-06,0,1,nan,0.5803935598531403,3,3/1/2,2,2299.2,1.0,,,2.4788381330592357e-10,,,,,,,,,,,,,,0,6539,1,474893301.6506607,136236549.66070715,3.4857995364193206,2,-273187175.368108,-258040164.580138,-276515933.178307,-100440079.755432,-133872872.881523,-127053062.510736,-272507043.122589,-128161479.775973,1612,-69758.581623,-54233763.132618,-37087.568568,-38061.00312,-179968295.903978,-182645001.075029,-7.3495,7.3495,-1.0265,1.0265,0.0182,0.5508,8.8434,1.0501,0.0234,0.831,0.9774,0.7767,71,1462,3403,,,
40,-0.0,410.58,7.638473182236092e-08,1.2346679687500005e-16,1.5332031250000006e-18,276,3,3,2,3/1/2,0,1,1,0.161865/0.685547/0.685791/0/0/0/0/0/0/0/0/0/0/0/0/0/0/0/0/0/0/0/0/0/0/0/0/0/0/0/0/0/0/0/0/0/0/0/0/0/0/0/0/0/0/0/0/0/0/0/0/0/0/0/0/0/0/0/0/0/0/0/0/0/0/0/0/0/0/0/0/0/0/0/0/0/0/0/0/0/0/0/0/0/0/0/0/0/0/0/0/0/0/0/0/0/0/0/0/0/0/0/0/0/0/0/0/0/0/0/0/0/0/0/0/0/0/0/0/0/0/0/0/0/0/0/0/0/0/0/0/0/0/0/0/0/0/0/0/0/0/0/0/0/0/0/0/0/0/0/0/0/0/0/0/0/0/0/0/0/0/0/0/0/0/0/0/0/0/0/0/0/0/0/0/0/0/0/0/0/0/0/0/0/0/0/0/0/0/0/0/0/0/0/0/0/0/0/0/0/0/0/0/0/0/0/0/0/0/0/0/0/0/0/0/0/0/0/0/0/0/0/0/0/0/0/0/0/0/0/0/0/0/0/0/0/0/0/0/0/0/0/0/0/0/0/0/0/0/0/0/0/0/0/0/0/0/0/0/0/0/0/0/0/0/0/0/0/0/0/0/0/0/0/0/0,380.599/310.742/310.742/0/0/0/0/0/0/0/0/0/0/0/0/0/0/0/0/0/0/0/0/0/0/0/0/0/0/0/0/0/0/0/0/0/0/0/0/0/0/0/0/0/0/0/0/0/0/0/0/0/0/0/0/0/0/0/0/0/0/0/0/0/0/0/0/0/0/0/0/0/0/0/0/0/0/0/0/0/0/0/0/0/0/0/0/0/0/0/0/0/0/0/0/0/0/0/0/0/0/0/0/0/0/0/0/0/0/0/0/0/0/0/0/0/0/0/0/0/0/0/0/0/0/0/0/0/0/0/0/0/0/0/0/0/0/0/0/0/0/0/0/0/0/0/0/0/0/0/0/0/0/0/0/0/0/0/0/0/0/0/0/0/0/0/0/0/0/0/0/0/0/0/0/0/0/0/0/0/0/0/0/0/0/0/0/0/0/0/0/0/0/0/0/0/0/0/0/0/0/0/0/0/0/0/0/0/0/0/0/0/0/0/0/0/0/0/0/0/0/0/0/0/0/0/0/0/0/0/0/0/0/0/0/0/0/0/0/0/0/0/0/0/0/0/0/0/0/0/0/0/0/0/0/0/0/0/0/0/0/0/0/0/0/0/0/0/0/0/0/0/0/0/0/0,,,390,9.193315688513787e-13,1.5234375000000006e-12,-1.925672865088332e-06,-6.776263578034402e-15,0,0.0,5688,1.2344194717606256e-11,2.2218750000000007e-11,1.946017080231595e-07,3.107420867397374e-07,6.187184335382292e-07,4.41945459353339e-06,0,1,nan,0.588746812234783,3,3/1/2,2,2283.9,1.0,,,2.400269158661691e-10,,,,,,,,,,,,,,0,6280,1,481728152.82310194,135995749.99296668,3.5422294656120914,2,-272935067.237005,-241692247.231542,-277353223.995058,-81145721.783199,-116359437.046961,-123050428.408592,-262888703.731234,-120046235.536277,1402,-54054.92116,-52736732.619459,-32774.737274,-36501.959259,-176848300.363717,-180272656.461264,-7.0633,7.0633,-0.9108,0.9108,0.0178,0.4753,8.5653,0.9327,0.0233,0.8246,0.9764,0.765,57,1653,3179,,,
60,-0.0,532.97,7.638473182236092e-08,1.2350146484375007e-16,1.4985351562500008e-18,276,3,3,2,3/1/2,0,1,1,0.15918/0.669922/0.669434/0/0/0/0/0/0/0/0/0/0/0/0/0/0/0/0/0/0/0/0/0/0/0/0/0/0/0/0/0/0/0/0/0/0/0/0/0/0/0/0/0/0/0/0/0/0/0/0/0/0/0/0/0/0/0/0/0/0/0/0/0/0/0/0/0/0/0/0/0/0/0/0/0/0/0/0/0/0/0/0/0/0/0/0/0/0/0/0/0/0/0/0/0/0/0/0/0/0/0/0/0/0/0/0/0/0/0/0/0/0/0/0/0/0/0/0/0/0/0/0/0/0/0/0/0/0/0/0/0/0/0/0/0/0/0/0/0/0/0/0/0/0/0/0/0/0/0/0/0/0/0/0/0/0/0/0/0/0/0/0/0/0/0/0/0/0/0/0/0/0/0/0/0/0/0/0/0/0/0/0/0/0/0/0/0/0/0/0/0/0/0/0/0/0/0/0/0/0/0/0/0/0/0/0/0/0/0/0/0/0/0/0/0/0/0/0/0/0/0/0/0/0/0/0/0/0/0/0/0/0/0/0/0/0/0/0/0/0/0/0/0/0/0/0/0/0/0/0/0/0/0/0/0/0/0/0/0/0/0/0/0/0/0/0/0/0/0/0/0/0/0/0/0,380.599/310.742/310.742/0/0/0/0/0/0/0/0/0/0/0/0/0/0/0/0/0/0/0/0/0/0/0/0/0/0/0/0/0/0/0/0/0/0/0/0/0/0/0/0/0/0/0/0/0/0/0/0/0/0/0/0/0/0/0/0/0/0/0/0/0/0/0/0/0/0/0/0/0/0/0/0/0/0/0/0/0/0/0/0/0/0/0/0/0/0/0/0/0/0/0/0/0/0/0/0/0/0/0/0/0/0/0/0/0/0/0/0/0/0/0/0/0/0/0/0/0/0/0/0/0/0/0/0/0/0/0/0/0/0/0/0/0/0/0/0/0/0/0/0/0/0/0/0/0/0/0/0/0/0/0/0/0/0/0/0/0/0/0/0/0/0/0/0/0/0/0/0/0/0/0/0/0/0/0/0/0/0/0/0/0/0/0/0/0/0/0/0/0/0/0/0/0/0/0/0/0/0/0/0/0/0/0/0/0/0/0/0/0/0/0/0/0/0/0/0/0/0/0/0/0/0/0/0/0/0/0/0/0/0/0/0/0/0/0/0/0/0/0/0/0/0/0/0/0/0/0/0/0/0/0/0/0/0/0/0/0/0/0/0/0/0/0/0/0/0/0/0/0/0/0/0/0,,,386,9.124183345425917e-13,1.5078125000000006e-12,-1.925672865088332e-06,-6.776263578034402e-15,0,0.0,5530,1.2034196529706886e-11,2.160156250000001e-11,1.945629273842205e-07,3.107420867397374e-07,6.187184335382292e-07,4.40514704256242e-06,0,1,nan,0.5940317821887757,3,3/1/2,2,2284.6,1.0,,,2.3361748246235627e-10,,,,,,,,,,,,,,0,6138,1,486052454.47664064,135874928.5647564,3.577204857517138,2,-229325744.991601,-233423767.699698,-276813324.610016,-96077944.94658,-105795303.347896,-119386209.997424,-251565602.618427,-114238896.429254,1494,-35525621.229422,-44372775.231939,-37407.337928,-30423.463445,-173643977.077445,-171702683.03253,-5.8042,5.8042,-0.8306,0.8306,0.0174,0.4495,6.1847,0.8525,0.0229,0.9385,0.9741,0.7561,65,1661,2927,,,
80,-0.0,654.48,7.638473182236092e-08,1.2352954101562505e-16,1.4704589843750006e-18,276,3,3,2,3/1/2,0,3,1,0.159912/0.65625/0.654297/0/0/0/0/0/0/0/0/0/0/0/0/0/0/0/0/0/0/0/0/0/0/0/0/0/0/0/0/0/0/0/0/0/0/0/0/0/0/0/0/0/0/0/0/0/0/0/0/0/0/0/0/0/0/0/0/0/0/0/0/0/0/0/0/0/0/0/0/0/0/0/0/0/0/0/0/0/0/0/0/0/0/0/0/0/0/0/0/0/0/0/0/0/0/0/0/0/0/0/0/0/0/0/0/0/0/0/0/0/0/0/0/0/0/0/0/0/0/0/0/0/0/0/0/0/0/0/0/0/0/0/0/0/0/0/0/0/0/0/0/0/0/0/0/0/0/0/0/0/0/0/0/0/0/0/0/0/0/0/0/0/0/0/0/0/0/0/0/0/0/0/0/0/0/0/0/0/0/0/0/0/0/0/0/0/0/0/0/0/0/0/0/0/0/0/0/0/0/0/0/0/0/0/0/0/0/0/0/0/0/0/0/0/0/0/0/0/0/0/0/0/0/0/0/0/0/0/0/0/0/0/0/0/0/0/0/0/0/0/0/0/0/0/0/0/0/0/0/0/0/0/0/0/0/0/0/0/0/0/0/0/0/0/0/0/0/0/0/0/0/0/0/0,380.599/309.959/309.959/0/0/0/0/0/0/0/0/0/0/0/0/0/0/0/0/0/0/0/0/0/0/0/0/0/0/0/0/0/0/0/0/0/0/0/0/0/0/0/0/0/0/0/0/0/0/0/0/0/0/0/0/0/0/0/0/0/0/0/0/0/0/0/0/0/0/0/0/0/0/0/0/0/0/0/0/0/0/0/0/0/0/0/0/0/0/0/0/0/0/0/0/0/0/0/0/0/0/0/0/0/0/0/0/0/0/0/0/0/0/0/0/0/0/0/0/0/0/0/0/0/0/0/0/0/0/0/0/0/0/0/0/0/0/0/0/0/0/0/0/0/0/0/0/0/0/0/0/0/0/0/0/0/0/0/0/0/0/0/0/0/0/0/0/0/0/0/0/0/0/0/0/0/0/0/0/0/0/0/0/0/0/0/0/0/0/0/0/0/0/0/0/0/0/0/0/0/0/0/0/0/0/0/0/0/0/0/0/0/0/0/0/0/0/0/0/0/0/0/0/0/0/0/0/0/0/0/0/0/0/0/0/0/0/0/0/0/0/0/0/0/0/0/0/0/0/0/0/0/0/0/0/0/0/0/0/0/0/0/0/0/0/0/0/0/0/0/0/0/0/0/0/0,,,382,9.055051002338047e-13,1.4921875000000005e-12,-1.925672865088332e-06,-6.776263578034402e-15,0,0.0,5490,1.1962426774440184e-11,2.144531250000001e-11,1.943944566794719e-07,3.099593481588478e-07,6.187184335382292e-07,4.40514704256242e-06,0,1,nan,0.597304299489188,3,3/1/2,2,2286.1,1.0,,,2.2800694206592007e-10,,,,,,,,,,,,,,0,6021,3,488730114.34918445,135902819.8184014,3.5961734642610397,2,-263908320.628751,-226669224.527621,-277564488.177273,-82761194.925419,-101555259.361088,-115722115.470933,-243089697.889341,-109906295.021415,1544,-41372.849182,-42595503.396058,-5964.400783,-36147.149763,-187794853.817036,-167635368.059555,-5.6594,5.6594,-0.7791,0.7791,0.0173,0.4096,6.4845,0.7966,0.0232,0.8727,0.9779,0.747,55,1719,2711,,,
100,-0.0,779.78,7.638473182236092e-08,1.2356176757812504e-16,1.4382324218750007e-18,276,3,3,2,3/1/2,0,1,1,0.157471/0.639893/0.640869/0/0/0/0/0/0/0/0/0/0/0/0/0/0/0/0/0/0/0/0/0/0/0/0/0/0/0/0/0/0/0/0/0/0/0/0/0/0/0/0/0/0/0/0/0/0/0/0/0/0/0/0/0/0/0/0/0/0/0/0/0/0/0/0/0/0/0/0/0/0/0/0/0/0/0/0/0/0/0/0/0/0/0/0/0/0/0/0/0/0/0/0/0/0/0/0/0/0/0/0/0/0/0/0/0/0/0/0/0/0/0/0/0/0/0/0/0/0/0/0/0/0/0/0/0/0/0/0/0/0/0/0/0/0/0/0/0/0/0/0/0/0/0/0/0/0/0/0/0/0/0/0/0/0/0/0/0/0/0/0/0/0/0/0/0/0/0/0/0/0/0/0/0/0/0/0/0/0/0/0/0/0/0/0/0/0/0/0/0/0/0/0/0/0/0/0/0/0/0/0/0/0/0/0/0/0/0/0/0/0/0/0/0/0/0/0/0/0/0/0/0/0/0/0/0/0/0/0/0/0/0/0/0/0/0/0/0/0/0/0/0/0/0/0/0/0/0/0/0/0/0/0/0/0/0/0/0/0/0/0/0/0/0/0/0/0/0/0/0/0/0/0/0,380.599/309.957/309.957/0/0/0/0/0/0/0/0/0/0/0/0/0/0/0/0/0/0/0/0/0/0/0/0/0/0/0/0/0/0/0/0/0/0/0/0/0/0/0/0/0/0/0/0/0/0/0/0/0/0/0/0/0/0/0/0/0/0/0/0/0/0/0/0/0/0/0/0/0/0/0/0/0/0/0/0/0/0/0/0/0/0/0/0/0/0/0/0/0/0/0/0/0/0/0/0/0/0/0/0/0/0/0/0/0/0/0/0/0/0/0/0/0/0/0/0/0/0/0/0/0/0/0/0/0/0/0/0/0/0/0/0/0/0/0/0/0/0/0/0/0/0/0/0/0/0/0/0/0/0/0/0/0/0/0/0/0/0/0/0/0/0/0/0/0/0/0/0/0/0/0/0/0/0/0/0/0/0/0/0/0/0/0/0/0/0/0/0/0/0/0/0/0/0/0/0/0/0/0/0/0/0/0/0/0/0/0/0/0/0/0/0/0/0/0/0/0/0/0/0/0/0/0/0/0/0/0/0/0/0/0/0/0/0/0/0/0/0/0/0/0/0/0/0/0/0/0/0/0/0/0/0/0/0/0/0/0/0/0/0/0/0/0/0/0/0/0/0/0/0/0/0/0,1-2:0.446658/1-3:0.446658,1-2:-28.519/1-3:-33.883,378,8.933167858444876e-13,1.4765625000000006e-12,-1.925672865088332e-06,-6.776263578034402e-15,0,0.0,5408,1.1815430263168088e-11,2.1125000000000008e-11,1.9411124887456574e-07,3.099573023759684e-07,6.187184335382292e-07,4.3744677691609546e-06,0,1,nan,0.5989482174441781,3,3/1/2,2,2277.9,1.0,,,2.2300888621098586e-10,1,3,1,1,1,1/0/0/0/0/0/0/0/0/0/0/0,1.0,3,1003,4473,619,3,3,0,5891,1,490075211.330422,135796359.91349158,3.6088979972852147,2,-251614559.814289,-218604413.216918,-277200932.204904,-88548022.337941,-95394462.18886,-113741470.73894,-237279364.11123,-104569809.738509,1686,-40665.594737,-39083427.846224,-23016.301241,-31133.005487,-182592599.607324,-162877756.039162,-6.5613,6.5613,-0.7295,0.7295,0.0169,0.3946,7.5971,0.7483,0.0229,0.8636,0.9746,0.7389,44,1656,2512,4521.7,618.7,375.5
120,1.0184666e-05,1028.46,7.066431797835207e-08,1.2196215820312506e-16,3.0378417968750015e-18,276,6,6,5,6/3/1/2/4/5,0,2,1,0.156738/0.469727/0.474609/0.545166/0.694824/0.696777/0/0/0/0/0/0/0/0/0/0/0/0/0/0/0/0/0/0/0/0/0/0/0/0/0/0/0/0/0/0/0/0/0/0/0/0/0/0/0/0/0/0/0/0/0/0/0/0/0/0/0/0/0/0/0/0/0/0/0/0/0/0/0/0/0/0/0/0/0/0/0/0/0/0/0/0/0/0/0/0/0/0/0/0/0/0/0/0/0/0/0/0/0/0/0/0/0/0/0/0/0/0/0/0/0/0/0/0/0/0/0/0/0/0/0/0/0/0/0/0/0/0/0/0/0/0/0/0/0/0/0/0/0/0/0/0/0/0/0/0/0/0/0/0/0/0/0/0/0/0/0/0/0/0/0/0/0/0/0/0/0/0/0/0/0/0/0/0/0/0/0/0/0/0/0/0/0/0/0/0/0/0/0/0/0/0/0/0/0/0/0/0/0/0/0/0/0/0/0/0/0/0/0/0/0/0/0/0/0/0/0/0/0/0/0/0/0/0/0/0/0/0/0/0/0/0/0/0/0/0/0/0/0/0/0/0/0/0/0/0/0/0/0/0/0/0/0/0/0/0/0/0/0/0/0/0/0/0/0/0/0/0/0/0/0/0/0/0/0/0,380.599/247.444/247.444/248.888/310.744/310.744/0/0/0/0/0/0/0/0/0/0/0/0/0/0/0/0/0/0/0/0/0/0/0/0/0/0/0/0/0/0/0/0/0/0/0/0/0/0/0/0/0/0/0/0/0/0/0/0/0/0/0/0/0/0/0/0/0/0/0/0/0/0/0/0/0/0/0/0/0/0/0/0/0/0/0/0/0/0/0/0/0/0/0/0/0/0/0/0/0/0/0/0/0/0/0/0/0/0/0/0/0/0/0/0/0/0/0/0/0/0/0/0/0/0/0/0/0/0/0/0/0/0/0/0/0/0/0/0/0/0/0/0/0/0/0/0/0/0/0/0/0/0/0/0/0/0/0/0/0/0/0/0/0/0/0/0/0/0/0/0/0/0/0/0/0/0/0/0/0/0/0/0/0/0/0/0/0/0/0/0/0/0/0/0/0/0/0/0/0/0/0/0/0/0/0/0/0/0/0/0/0/0/0/0/0/0/0/0/0/0/0/0/0/0/0/0/0/0/0/0/0/0/0/0/0/0/0/0/0/0/0/0/0/0/0/0/0/0/0/0/0/0/0/0/0/0/0/0/0/0/0/0/0/0/0/0/0/0/0/0/0/0/0/0/0/0/0/0/0/0,,,2931,6.8934872401523235e-12,1.1449218750000004e-11,-1.7122510186295734e-06,3.4147495433401325,0,0.0,8492,1.7799643589505744e-11,3.317187500000001e-11,4.6627985446383245e-07,2.7981590972239423e-07,5.745242597140704e-07,4.348878099785446e-06,0,1,nan,0.6356689282719048,6,6/3/1/2/4/5,5,2326.7,1.0,,,7.164940715849039e-10,,,,,,,,,,,,,,0,12441,3,562225875.1462808,145943934.14142802,3.852341506714844,2,-413758697.150102,-368325669.135825,-417672095.846362,-119582802.06634,-226150538.175898,-231306.22447,-385336390.146782,-159947984.095773,3310,-1366.460111,-124693015.471484,93283.617131,56078.137866,-253999082.610714,-280862838.470781,-6.2564,6.2567,-1.4033,1.4033,0.0126,0.5952,10.4587,1.4995,0.0332,0.5981,0.9356,0.3789,107,2516,6558,,,
140,1.0184666e-05,1154.57,7.066431797835207e-08,1.2213159179687505e-16,2.8684082031250013e-18,276,6,6,5,6/3/1/2/4/5,0,4,1,0.154785/0.438965/0.444824/0.522949/0.652344/0.654541/0/0/0/0/0/0/0/0/0/0/0/0/0/0/0/0/0/0/0/0/0/0/0/0/0/0/0/0/0/0/0/0/0/0/0/0/0/0/0/0/0/0/0/0/0/0/0/0/0/0/0/0/0/0/0/0/0/0/0/0/0/0/0/0/0/0/0/0/0/0/0/0/0/0/0/0/0/0/0/0/0/0/0/0/0/0/0/0/0/0/0/0/0/0/0/0/0/0/0/0/0/0/0/0/0/0/0/0/0/0/0/0/0/0/0/0/0/0/0/0/0/0/0/0/0/0/0/0/0/0/0/0/0/0/0/0/0/0/0/0/0/0/0/0/0/0/0/0/0/0/0/0/0/0/0/0/0/0/0/0/0/0/0/0/0/0/0/0/0/0/0/0/0/0/0/0/0/0/0/0/0/0/0/0/0/0/0/0/0/0/0/0/0/0/0/0/0/0/0/0/0/0/0/0/0/0/0/0/0/0/0/0/0/0/0/0/0/0/0/0/0/0/0/0/0/0/0/0/0/0/0/0/0/0/0/0/0/0/0/0/0/0/0/0/0/0/0/0/0/0/0/0/0/0/0/0/0/0/0/0/0/0/0/0/0/0/0/0/0/0,380.599/247.444/247.444/248.888/310.744/310.742/0/0/0/0/0/0/0/0/0/0/0/0/0/0/0/0/0/0/0/0/0/0/0/0/0/0/0/0/0/0/0/0/0/0/0/0/0/0/0/0/0/0/0/0/0/0/0/0/0/0/0/0/0/0/0/0/0/0/0/0/0/0/0/0/0/0/0/0/0/0/0/0/0/0/0/0/0/0/0/0/0/0/0/0/0/0/0/0/0/0/0/0/0/0/0/0/0/0/0/0/0/0/0/0/0/0/0/0/0/0/0/0/0/0/0/0/0/0/0/0/0/0/0/0/0/0/0/0/0/0/0/0/0/0/0/0/0/0/0/0/0/0/0/0/0/0/0/0/0/0/0/0/0/0/0/0/0/0/0/0/0/0/0/0/0/0/0/0/0/0/0/0/0/0/0/0/0/0/0/0/0/0/0/0/0/0/0/0/0/0/0/0/0/0/0/0/0/0/0/0/0/0/0/0/0/0/0/0/0/0/0/0/0/0/0/0/0/0/0/0/0/0/0/0/0/0/0/0/0/0/0/0/0/0/0/0/0/0/0/0/0/0/0/0/0/0/0/0/0/0/0/0/0/0/0/0/0/0/0/0/0/0/0/0/0/0/0/0/0/0,,,2821,6.630841137345538e-12,1.1019531250000004e-11,-1.7067948234472182e-06,3.502048666257816,0,0.0,8260,1.7322187722012705e-11,3.226562500000001e-11,4.650673516090875e-07,2.798148868309543e-07,5.745242597140704e-07,4.31207713662826e-06,0,1,nan,0.6340137105678807,6,6/3/1/2/4/5,5,2320.4,1.0,,,6.930656010584805e-10,,,,,,,,,,,,,,0,11741,9,560761895.7368538,145532423.0774612,3.8531750099315136,2,-413038555.58146,-357536350.774646,-424425761.358379,-250686.805288,-202782573.038133,-216094.390985,-387966833.281734,-143791013.986675,3350,-24127.724514,-153747.347246,165143.676021,77208.433809,-285326496.233576,-267704863.841753,-5.1853,5.1861,-1.2012,1.2012,0.0123,0.4926,10.5532,1.3701,0.0336,0.4912,0.8762,0.3655,114,2133,6181,,,
160,1.0184666e-05,1294.06,7.066431797835207e-08,1.2224414062500006e-16,2.7558593750000013e-18,276,6,6,5,6/3/1/2/4/5,0,5,1,0.152832/0.423828/0.42749/0.510986/0.620361/0.620361/0/0/0/0/0/0/0/0/0/0/0/0/0/0/0/0/0/0/0/0/0/0/0/0/0/0/0/0/0/0/0/0/0/0/0/0/0/0/0/0/0/0/0/0/0/0/0/0/0/0/0/0/0/0/0/0/0/0/0/0/0/0/0/0/0/0/0/0/0/0/0/0/0/0/0/0/0/0/0/0/0/0/0/0/0/0/0/0/0/0/0/0/0/0/0/0/0/0/0/0/0/0/0/0/0/0/0/0/0/0/0/0/0/0/0/0/0/0/0/0/0/0/0/0/0/0/0/0/0/0/0/0/0/0/0/0/0/0/0/0/0/0/0/0/0/0/0/0/0/0/0/0/0/0/0/0/0/0/0/0/0/0/0/0/0/0/0/0/0/0/0/0/0/0/0/0/0/0/0/0/0/0/0/0/0/0/0/0/0/0/0/0/0/0/0/0/0/0/0/0/0/0/0/0/0/0/0/0/0/0/0/0/0/0/0/0/0/0/0/0/0/0/0/0/0/0/0/0/0/0/0/0/0/0/0/0/0/0/0/0/0/0/0/0/0/0/0/0/0/0/0/0/0/0/0/0/0/0/0/0/0/0/0/0/0/0/0/0/0/0,380.599/247.444/247.444/248.888/309.961/310.734/0/0/0/0/0/0/0/0/0/0/0/0/0/0/0/0/0/0/0/0/0/0/0/0/0/0/0/0/0/0/0/0/0/0/0/0/0/0/0/0/0/0/0/0/0/0/0/0/0/0/0/0/0/0/0/0/0/0/0/0/0/0/0/0/0/0/0/0/0/0/0/0/0/0/0/0/0/0/0/0/0/0/0/0/0/0/0/0/0/0/0/0/0/0/0/0/0/0/0/0/0/0/0/0/0/0/0/0/0/0/0/0/0/0/0/0/0/0/0/0/0/0/0/0/0/0/0/0/0/0/0/0/0/0/0/0/0/0/0/0/0/0/0/0/0/0/0/0/0/0/0/0/0/0/0/0/0/0/0/0/0/0/0/0/0/0/0/0/0/0/0/0/0/0/0/0/0/0/0/0/0/0/0/0/0/0/0/0/0/0/0/0/0/0/0/0/0/0/0/0/0/0/0/0/0/0/0/0/0/0/0/0/0/0/0/0/0/0/0/0/0/0/0/0/0/0/0/0/0/0/0/0/0/0/0/0/0/0/0/0/0/0/0/0/0/0/0/0/0/0/0/0/0/0/0/0/0/0/0/0/0/0/0/0/0/0/0/0/0/0,,,2799,6.583587150298427e-12,1.0933593750000005e-11,-1.704857801446881e-06,3.5330410182632126,0,0.0,8228,1.7396120925931103e-11,3.214062500000001e-11,4.6400714493156493e-07,2.794245404319497e-07,5.745242597140704e-07,4.311045050898497e-06,0,1,nan,0.6312011397545347,6,6/3/1/2/4/5,5,2301.3,1.0,,,6.758544925689648e-10,,,,,,,,,,,,,,0,11280,9,558274279.9094715,145467352.79279202,3.8377977545566107,2,-394818801.135233,-355901658.114964,-426276060.853506,-143020452.302811,-193434718.928691,-205351.337821,-384523869.164143,-135288227.280167,3326,-31598.702735,-119096.553461,191131.397668,71206.341246,-276234642.07646,-257149236.661636,-6.4287,6.4293,-1.1369,1.1369,0.0121,0.4447,11.2472,1.3358,0.0345,0.5714,0.8506,0.3505,98,1907,5972,,,
180,1.0184666e-05,1437.94,7.066431797835207e-08,1.2235815429687505e-16,2.641845703125001e-18,276,6,6,5,6/3/1/2/4/5,0,5,1,0.1521/0.406006/0.41626/0.502441/0.579834/0.585205/0/0/0/0/0/0/0/0/0/0/0/0/0/0/0/0/0/0/0/0/0/0/0/0/0/0/0/0/0/0/0/0/0/0/0/0/0/0/0/0/0/0/0/0/0/0/0/0/0/0/0/0/0/0/0/0/0/0/0/0/0/0/0/0/0/0/0/0/0/0/0/0/0/0/0/0/0/0/0/0/0/0/0/0/0/0/0/0/0/0/0/0/0/0/0/0/0/0/0/0/0/0/0/0/0/0/0/0/0/0/0/0/0/0/0/0/0/0/0/0/0/0/0/0/0/0/0/0/0/0/0/0/0/0/0/0/0/0/0/0/0/0/0/0/0/0/0/0/0/0/0/0/0/0/0/0/0/0/0/0/0/0/0/0/0/0/0/0/0/0/0/0/0/0/0/0/0/0/0/0/0/0/0/0/0/0/0/0/0/0/0/0/0/0/0/0/0/0/0/0/0/0/0/0/0/0/0/0/0/0/0/0/0/0/0/0/0/0/0/0/0/0/0/0/0/0/0/0/0/0/0/0/0/0/0/0/0/0/0/0/0/0/0/0/0/0/0/0/0/0/0/0/0/0/0/0/0/0/0/0/0/0/0/0/0/0/0/0/0/0,380.599/247.444/247.444/248.888/309.301/309.951/0/0/0/0/0/0/0/0/0/0/0/0/0/0/0/0/0/0/0/0/0/0/0/0/0/0/0/0/0/0/0/0/0/0/0/0/0/0/0/0/0/0/0/0/0/0/0/0/0/0/0/0/0/0/0/0/0/0/0/0/0/0/0/0/0/0/0/0/0/0/0/0/0/0/0/0/0/0/0/0/0/0/0/0/0/0/0/0/0/0/0/0/0/0/0/0/0/0/0/0/0/0/0/0/0/0/0/0/0/0/0/0/0/0/0/0/0/0/0/0/0/0/0/0/0/0/0/0/0/0/0/0/0/0/0/0/0/0/0/0/0/0/0/0/0/0/0/0/0/0/0/0/0/0/0/0/0/0/0/0/0/0/0/0/0/0/0/0/0/0/0/0/0/0/0/0/0/0/0/0/0/0/0/0/0/0/0/0/0/0/0/0/0/0/0/0/0/0/0/0/0/0/0/0/0/0/0/0/0/0/0/0/0/0/0/0/0/0/0/0/0/0/0/0/0/0/0/0/0/0/0/0/0/0/0/0/0/0/0/0/0/0/0/0/0/0/0/0/0/0/0/0/0/0/0/0/0/0/0/0/0/0/0/0/0/0/0/0/0/0,,,2777,6.5310579553093556e-12,1.0847656250000004e-11,-1.7066029942683362e-06,3.5051179331199287,0,0.0,8070,1.709931056609449e-11,3.1523437500000015e-11,4.640697052035697e-07,2.7909416348515687e-07,5.745242597140704e-07,4.303891275413012e-06,0,1,nan,0.6294092474540801,6,6/3/1/2/4/5,5,2304.5,1.0,,,6.614056030191139e-10,,,,,,,,,,,,,,0,10809,11,556689416.8274741,145313585.76552212,3.8309523083804957,2,-396628533.174981,-357071007.734995,-428508592.888507,-126096581.42803,-191293217.57936,-205085.178562,-387275172.031473,-129349934.438761,3330,-35011.167325,-101465.19337,116287.419195,216906.191758,-275084755.749367,-260124826.973363,-6.8534,6.8539,-1.1169,1.1169,0.012,0.4271,12.0541,1.3379,0.0352,0.5684,0.8343,0.3403,95,1756,5660,,,
200,1.0184666e-05,1577.97,7.066431797835207e-08,1.2245922851562505e-16,2.5407714843750013e-18,276,6,6,5,6/3/1/2/4/5,0,9,1,0.151123/0.393311/0.401611/0.497803/0.548828/0.548096/0/0/0/0/0/0/0/0/0/0/0/0/0/0/0/0/0/0/0/0/0/0/0/0/0/0/0/0/0/0/0/0/0/0/0/0/0/0/0/0/0/0/0/0/0/0/0/0/0/0/0/0/0/0/0/0/0/0/0/0/0/0/0/0/0/0/0/0/0/0/0/0/0/0/0/0/0/0/0/0/0/0/0/0/0/0/0/0/0/0/0/0/0/0/0/0/0/0/0/0/0/0/0/0/0/0/0/0/0/0/0/0/0/0/0/0/0/0/0/0/0/0/0/0/0/0/0/0/0/0/0/0/0/0/0/0/0/0/0/0/0/0/0/0/0/0/0/0/0/0/0/0/0/0/0/0/0/0/0/0/0/0/0/0/0/0/0/0/0/0/0/0/0/0/0/0/0/0/0/0/0/0/0/0/0/0/0/0/0/0/0/0/0/0/0/0/0/0/0/0/0/0/0/0/0/0/0/0/0/0/0/0/0/0/0/0/0/0/0/0/0/0/0/0/0/0/0/0/0/0/0/0/0/0/0/0/0/0/0/0/0/0/0/0/0/0/0/0/0/0/0/0/0/0/0/0/0/0/0/0/0/0/0/0/0/0/0/0/0/0,380.599/247.444/247.444/248.888/308.518/309.951/0/0/0/0/0/0/0/0/0/0/0/0/0/0/0/0/0/0/0/0/0/0/0/0/0/0/0/0/0/0/0/0/0/0/0/0/0/0/0/0/0/0/0/0/0/0/0/0/0/0/0/0/0/0/0/0/0/0/0/0/0/0/0/0/0/0/0/0/0/0/0/0/0/0/0/0/0/0/0/0/0/0/0/0/0/0/0/0/0/0/0/0/0/0/0/0/0/0/0/0/0/0/0/0/0/0/0/0/0/0/0/0/0/0/0/0/0/0/0/0/0/0/0/0/0/0/0/0/0/0/0/0/0/0/0/0/0/0/0/0/0/0/0/0/0/0/0/0/0/0/0/0/0/0/0/0/0/0/0/0/0/0/0/0/0/0/0/0/0/0/0/0/0/0/0/0/0/0/0/0/0/0/0/0/0/0/0/0/0/0/0/0/0/0/0/0/0/0/0/0/0/0/0/0/0/0/0/0/0/0/0/0/0/0/0/0/0/0/0/0/0/0/0/0/0/0/0/0/0/0/0/0/0/0/0/0/0/0/0/0/0/0/0/0/0/0/0/0/0/0/0/0/0/0/0/0/0/0/0/0/0/0/0/0/0/0/0/0/0/0,1-2:0.419235/1-3:0.422282/2-4:1.78268/3-6:1.77181/4-5:2.08721,1-2:-28.517/1-3:-33.883/2-4:-24.55/3-6:-37.85/4-5:-20.556,2760,6.483213865284441e-12,1.0781250000000005e-11,-1.7045108007495618e-06,3.538593029420318,0,0.0,7824,1.6558095022193858e-11,3.056250000000001e-11,4.632347859452364e-07,2.787027941947123e-07,5.524271728019908e-07,4.289583724442044e-06,0,1,nan,0.6274589177098527,6,6/3/1/2/4/5,5,2301.9,1.0,,,6.481887256440096e-10,1,6,1,1,1,1/0/0/0/0/0/0/0/0/0/0/0,1.0,6,1747,4448,619,6,6,0,10393,13,554964421.6318572,145094677.6906808,3.8248434089012875,2,-398103598.047357,-358002575.679446,-430908445.242006,-459092.634194,-188945029.178131,-194538.66359,-384295849.440852,-124065667.545505,3411,-34416.359597,-82662.768027,195524.688791,194642.925934,-265272683.082686,-266387281.579718,-5.3849,5.3857,-1.1172,1.1173,0.0116,0.4113,10.8691,1.3595,0.0358,0.4952,0.8212,0.3228,105,1566,5334,4544.2,618.7,365.9
220,2.0369332e-05,1845.45,6.574100727035609e-08,1.2084545898437505e-16,4.1545410156250016e-18,276,9,9,8,7/6/3/1/2/4/5/8/9,0,11,1,0.150146/0.385742/0.391846/0.491943/0.413818/0.40625/0.688232/0.537598/0.688965/0/0/0/0/0/0/0/0/0/0/0/0/0/0/0/0/0/0/0/0/0/0/0/0/0/0/0/0/0/0/0/0/0/0/0/0/0/0/0/0/0/0/0/0/0/0/0/0/0/0/0/0/0/0/0/0/0/0/0/0/0/0/0/0/0/0/0/0/0/0/0/0/0/0/0/0/0/0/0/0/0/0/0/0/0/0/0/0/0/0/0/0/0/0/0/0/0/0/0/0/0/0/0/0/0/0/0/0/0/0/0/0/0/0/0/0/0/0/0/0/0/0/0/0/0/0/0/0/0/0/0/0/0/0/0/0/0/0/0/0/0/0/0/0/0/0/0/0/0/0/0/0/0/0/0/0/0/0/0/0/0/0/0/0/0/0/0/0/0/0/0/0/0/0/0/0/0/0/0/0/0/0/0/0/0/0/0/0/0/0/0/0/0/0/0/0/0/0/0/0/0/0/0/0/0/0/0/0/0/0/0/0/0/0/0/0/0/0/0/0/0/0/0/0/0/0/0/0/0/0/0/0/0/0/0/0/0/0/0/0/0/0/0/0/0/0/0/0/0/0/0/0/0/0/0/0/0/0/0/0/0/0/0/0/0/0/0,380.599/247.444/248.221/248.888/246.001/247.434/310.744/248.89/3947.7/0/0/0/0/0/0/0/0/0/0/0/0/0/0/0/0/0/0/0/0/0/0/0/0/0/0/0/0/0/0/0/0/0/0/0/0/0/0/0/0/0/0/0/0/0/0/0/0/0/0/0/0/0/0/0/0/0/0/0/0/0/0/0/0/0/0/0/0/0/0/0/0/0/0/0/0/0/0/0/0/0/0/0/0/0/0/0/0/0/0/0/0/0/0/0/0/0/0/0/0/0/0/0/0/0/0/0/0/0/0/0/0/0/0/0/0/0/0/0/0/0/0/0/0/0/0/0/0/0/0/0/0/0/0/0/0/0/0/0/0/0/0/0/0/0/0/0/0/0/0/0/0/0/0/0/0/0/0/0/0/0/0/0/0/0/0/0/0/0/0/0/0/0/0/0/0/0/0/0/0/0/0/0/0/0/0/0/0/0/0/0/0/0/0/0/0/0/0/0/0/0/0/0/0/0/0/0/0/0/0/0/0/0/0/0/0/0/0/0/0/0/0/0/0/0/0/0/0/0/0/0/0/0/0/0/0/0/0/0/0/0/0/0/0/0/0/0/0/0/0/0/0/0/0/0/0/0/0/0/0/0/0/0/0/0/0/0,,,5032,1.183024645615031e-11,1.9656250000000006e-11,-1.5695213100630626e-06,5.698424880404305,0,0.0,11300,2.3486196726997976e-11,4.4140625000000014e-11,6.721981373453891e-07,2.4888768692217205e-07,6.187184335382292e-07,4.341724324299962e-06,1,1,nan,0.6089473338259666,10,9/7/6/3/1/2/4/5/8/9,9,2395.1,1.0,,,1.2047156290895506e-09,,,,,,,,,,,,,,1,17010,8,578926456.1707523,149847670.10412705,3.8634331502682984,2,-453989016.757711,-423338892.102435,-480408071.51717,-171871.151389,-256102592.425221,-180102.710406,-446874787.681025,-87273549.497804,4752,13233.847295,-107732.68585,409147.75691,191808.485398,-337074501.110584,-319785081.597208,-5.0161,5.0169,-1.3916,1.3916,0.0098,0.4943,12.2572,1.6466,0.0354,0.4091,0.8447,0.2765,176,2621,9523,,,
240,2.0369332e-05,1981.46,6.574100727035609e-08,1.2101342773437505e-16,3.986572265625002e-18,276,9,9,8,7/6/3/1/2/4/5/8/9,0,10,1,0.149902/0.380127/0.382568/0.488525/0.394531/0.386963/0.636475/0.507568/0.659912/0/0/0/0/0/0/0/0/0/0/0/0/0/0/0/0/0/0/0/0/0/0/0/0/0/0/0/0/0/0/0/0/0/0/0/0/0/0/0/0/0/0/0/0/0/0/0/0/0/0/0/0/0/0/0/0/0/0/0/0/0/0/0/0/0/0/0/0/0/0/0/0/0/0/0/0/0/0/0/0/0/0/0/0/0/0/0/0/0/0/0/0/0/0/0/0/0/0/0/0/0/0/0/0/0/0/0/0/0/0/0/0/0/0/0/0/0/0/0/0/0/0/0/0/0/0/0/0/0/0/0/0/0/0/0/0/0/0/0/0/0/0/0/0/0/0/0/0/0/0/0/0/0/0/0/0/0/0/0/0/0/0/0/0/0/0/0/0/0/0/0/0/0/0/0/0/0/0/0/0/0/0/0/0/0/0/0/0/0/0/0/0/0/0/0/0/0/0/0/0/0/0/0/0/0/0/0/0/0/0/0/0/0/0/0/0/0/0/0/0/0/0/0/0/0/0/0/0/0/0/0/0/0/0/0/0/0/0/0/0/0/0/0/0/0/0/0/0/0/0/0/0/0/0/0/0/0/0/0/0/0/0/0/0/0/0/0,380.599/247.444/247.444/248.888/246.001/247.434/310.744/248.89/310.74/0/0/0/0/0/0/0/0/0/0/0/0/0/0/0/0/0/0/0/0/0/0/0/0/0/0/0/0/0/0/0/0/0/0/0/0/0/0/0/0/0/0/0/0/0/0/0/0/0/0/0/0/0/0/0/0/0/0/0/0/0/0/0/0/0/0/0/0/0/0/0/0/0/0/0/0/0/0/0/0/0/0/0/0/0/0/0/0/0/0/0/0/0/0/0/0/0/0/0/0/0/0/0/0/0/0/0/0/0/0/0/0/0/0/0/0/0/0/0/0/0/0/0/0/0/0/0/0/0/0/0/0/0/0/0/0/0/0/0/0/0/0/0/0/0/0/0/0/0/0/0/0/0/0/0/0/0/0/0/0/0/0/0/0/0/0/0/0/0/0/0/0/0/0/0/0/0/0/0/0/0/0/0/0/0/0/0/0/0/0/0/0/0/0/0/0/0/0/0/0/0/0/0/0/0/0/0/0/0/0/0/0/0/0/0/0/0/0/0/0/0/0/0/0/0/0/0/0/0/0/0/0/0/0/0/0/0/0/0/0/0/0/0/0/0/0/0/0/0/0/0/0/0/0/0/0/0/0/0/0/0/0/0/0/0/0/0,,,4955,1.1660241071211737e-11,1.9355468750000008e-11,-1.5657704768325895e-06,5.758438212091875,0,0.0,11116,2.3125987563872395e-11,4.342187500000002e-11,6.699244437915057e-07,2.4888768692217205e-07,6.187184335382292e-07,4.2517506755550925e-06,1,1,nan,0.6069549165266528,9,7/6/3/1/2/4/5/8/9,8,2354.6,1.0,,,1.1699386166561346e-09,,,,,,,,,,,,,,1,16321,9,577032264.3051637,149085247.39988455,3.8704853388841114,2,-460678244.814605,-418552242.102833,-483219676.751662,-116913.267092,-222249530.605904,-179713.220075,-446949281.922595,-508954.987984,4638,36718.352111,-69966.166722,513251.799929,147687.060354,-328766513.349182,-304266400.655839,-3.7366,3.7375,-1.197,1.1971,0.0097,0.4447,11.0866,1.5353,0.0363,0.3368,0.7791,0.2663,190,2322,9206,,,
260,2.0369332e-05,2124.76,6.574100727035609e-08,1.2114575195312504e-16,3.854248046875002e-18,276,9,9,8,7/6/3/1/2/4/5/8/9,0,18,1,0.148682/0.377197/0.379883/0.487061/0.380127/0.375488/0.59082/0.493408/0.621582/0/0/0/0/0/0/0/0/0/0/0/0/0/0/0/0/0/0/0/0/0/0/0/0/0/0/0/0/0/0/0/0/0/0/0/0/0/0/0/0/0/0/0/0/0/0/0/0/0/0/0/0/0/0/0/0/0/0/0/0/0/0/0/0/0/0/0/0/0/0/0/0/0/0/0/0/0/0/0/0/0/0/0/0/0/0/0/0/0/0/0/0/0/0/0/0/0/0/0/0/0/0/0/0/0/0/0/0/0/0/0/0/0/0/0/0/0/0/0/0/0/0/0/0/0/0/0/0/0/0/0/0/0/0/0/0/0/0/0/0/0/0/0/0/0/0/0/0/0/0/0/0/0/0/0/0/0/0/0/0/0/0/0/0/0/0/0/0/0/0/0/0/0/0/0/0/0/0/0/0/0/0/0/0/0/0/0/0/0/0/0/0/0/0/0/0/0/0/0/0/0/0/0/0/0/0/0/0/0/0/0/0/0/0/0/0/0/0/0/0/0/0/0/0/0/0/0/0/0/0/0/0/0/0/0/0/0/0/0/0/0/0/0/0/0/0/0/0/0/0/0/0/0/0/0/0/0/0/0/0/0/0/0/0/0/0/0,380.599/247.444/248.219/248.888/246.001/246.783/310.081/248.89/309.961/0/0/0/0/0/0/0/0/0/0/0/0/0/0/0/0/0/0/0/0/0/0/0/0/0/0/0/0/0/0/0/0/0/0/0/0/0/0/0/0/0/0/0/0/0/0/0/0/0/0/0/0/0/0/0/0/0/0/0/0/0/0/0/0/0/0/0/0/0/0/0/0/0/0/0/0/0/0/0/0/0/0/0/0/0/0/0/0/0/0/0/0/0/0/0/0/0/0/0/0/0/0/0/0/0/0/0/0/0/0/0/0/0/0/0/0/0/0/0/0/0/0/0/0/0/0/0/0/0/0/0/0/0/0/0/0/0/0/0/0/0/0/0/0/0/0/0/0/0/0/0/0/0/0/0/0/0/0/0/0/0/0/0/0/0/0/0/0/0/0/0/0/0/0/0/0/0/0/0/0/0/0/0/0/0/0/0/0/0/0/0/0/0/0/0/0/0/0/0/0/0/0/0/0/0/0/0/0/0/0/0/0/0/0/0/0/0/0/0/0/0/0/0/0/0/0/0/0/0/0/0/0/0/0/0/0/0/0/0/0/0/0/0/0/0/0/0/0/0/0/0/0/0/0/0/0/0/0/0/0/0/0/0/0/0/0/0,,,4886,1.1497468496582217e-11,1.9085937500000006e-11,-1.5600889426981345e-06,5.8493427582431545,0,0.0,11038,2.3062392820215342e-11,4.3117187500000017e-11,6.669663265074469e-07,2.4888768692217205e-07,6.187184335382292e-07,4.329480944788521e-06,1,1,nan,0.6044410132791851,9,7/6/3/1/2/4/5/8/9,8,2352.8,1.0,,,1.1426335072772394e-09,,,,,,,,,,,,,,1,15777,11,574642295.5552084,148688606.9830031,3.8647365606222737,2,-453989088.827218,-414874625.705243,-483995958.397178,-116094.329057,-209200207.646141,-178546.691592,-444942223.449157,-395203.386178,4560,19955.757069,-65712.205743,601815.500998,230639.656041,-340970909.603894,-308673940.991036,-4.0199,4.0207,-1.1014,1.1016,0.0093,0.4266,12.1847,1.467,0.0365,0.3297,0.7501,0.2545,185,2125,8938,,,
280,2.0369332e-05,2263.03,6.574100727035609e-08,1.2126562500000004e-16,3.734375000000002e-18,276,9,9,8,7/6/3/1/2/4/5/8/9,0,22,1,0.147705/0.372803/0.377441/0.483887/0.369873/0.364258/0.548828/0.483154/0.586426/0/0/0/0/0/0/0/0/0/0/0/0/0/0/0/0/0/0/0/0/0/0/0/0/0/0/0/0/0/0/0/0/0/0/0/0/0/0/0/0/0/0/0/0/0/0/0/0/0/0/0/0/0/0/0/0/0/0/0/0/0/0/0/0/0/0/0/0/0/0/0/0/0/0/0/0/0/0/0/0/0/0/0/0/0/0/0/0/0/0/0/0/0/0/0/0/0/0/0/0/0/0/0/0/0/0/0/0/0/0/0/0/0/0/0/0/0/0/0/0/0/0/0/0/0/0/0/0/0/0/0/0/0/0/0/0/0/0/0/0/0/0/0/0/0/0/0/0/0/0/0/0/0/0/0/0/0/0/0/0/0/0/0/0/0/0/0/0/0/0/0/0/0/0/0/0/0/0/0/0/0/0/0/0/0/0/0/0/0/0/0/0/0/0/0/0/0/0/0/0/0/0/0/0/0/0/0/0/0/0/0/0/0/0/0/0/0/0/0/0/0/0/0/0/0/0/0/0/0/0/0/0/0/0/0/0/0/0/0/0/0/0/0/0/0/0/0/0/0/0/0/0/0/0/0/0/0/0/0/0/0/0/0/0/0/0/0,380.599/248.223/248.223/248.888/246.001/246.783/309.301/248.89/309.177/0/0/0/0/0/0/0/0/0/0/0/0/0/0/0/0/0/0/0/0/0/0/0/0/0/0/0/0/0/0/0/0/0/0/0/0/0/0/0/0/0/0/0/0/0/0/0/0/0/0/0/0/0/0/0/0/0/0/0/0/0/0/0/0/0/0/0/0/0/0/0/0/0/0/0/0/0/0/0/0/0/0/0/0/0/0/0/0/0/0/0/0/0/0/0/0/0/0/0/0/0/0/0/0/0/0/0/0/0/0/0/0/0/0/0/0/0/0/0/0/0/0/0/0/0/0/0/0/0/0/0/0/0/0/0/0/0/0/0/0/0/0/0/0/0/0/0/0/0/0/0/0/0/0/0/0/0/0/0/0/0/0/0/0/0/0/0/0/0/0/0/0/0/0/0/0/0/0/0/0/0/0/0/0/0/0/0/0/0/0/0/0/0/0/0/0/0/0/0/0/0/0/0/0/0/0/0/0/0/0/0/0/0/0/0/0/0/0/0/0/0/0/0/0/0/0/0/0/0/0/0/0/0/0/0/0/0/0/0/0/0/0/0/0/0/0/0/0/0/0/0/0/0/0/0/0/0/0/0/0/0/0/0/0/0/0/0,,,4854,1.1407874601588476e-11,1.8960937500000006e-11,-1.559887976175165e-06,5.852558222610667,0,0.0,10924,2.288646532342988e-11,4.2671875000000016e-11,6.661509667374513e-07,2.4888768692217205e-07,5.745242597140701e-07,4.2210714021536276e-06,1,1,nan,0.6020857433185308,9,7/6/3/1/2/4/5/8/9,8,2349.4,1.0,,,1.1190147947819537e-09,,,,,,,,,,,,,,1,15287,10,572403139.5298753,148381321.5901262,3.8576495572065657,2,-452992486.745767,-412896071.716653,-484829834.161661,-109383.616555,-200263580.899523,-178396.523377,-443915498.095946,-336313.511343,4477,27423.816117,-63867.336059,253646.719858,247704.384729,-376872272.018513,-299967760.517815,-3.815,3.8156,-1.0628,1.063,0.0092,0.3945,12.9241,1.4597,0.0374,0.295,0.7274,0.2467,200,1970,8675,,,
300,2.0369332e-05,2439.5,6.574100727035609e-08,1.2137036132812506e-16,3.629638671875002e-18,276,9,9,8,7/6/3/1/2/4/5/8/9,0,27,1,0.145752/0.368896/0.376709/0.482666/0.361816/0.360352/0.508789/0.476318/0.54834/0/0/0/0/0/0/0/0/0/0/0/0/0/0/0/0/0/0/0/0/0/0/0/0/0/0/0/0/0/0/0/0/0/0/0/0/0/0/0/0/0/0/0/0/0/0/0/0/0/0/0/0/0/0/0/0/0/0/0/0/0/0/0/0/0/0/0/0/0/0/0/0/0/0/0/0/0/0/0/0/0/0/0/0/0/0/0/0/0/0/0/0/0/0/0/0/0/0/0/0/0/0/0/0/0/0/0/0/0/0/0/0/0/0/0/0/0/0/0/0/0/0/0/0/0/0/0/0/0/0/0/0/0/0/0/0/0/0/0/0/0/0/0/0/0/0/0/0/0/0/0/0/0/0/0/0/0/0/0/0/0/0/0/0/0/0/0/0/0/0/0/0/0/0/0/0/0/0/0/0/0/0/0/0/0/0/0/0/0/0/0/0/0/0/0/0/0/0/0/0/0/0/0/0/0/0/0/0/0/0/0/0/0/0/0/0/0/0/0/0/0/0/0/0/0/0/0/0/0/0/0/0/0/0/0/0/0/0/0/0/0/0/0/0/0/0/0/0/0/0/0/0/0/0/0/0/0/0/0/0/0/0/0/0/0/0/0,380.599/248.223/248.223/248.888/246.001/246.783/309.301/248.89/309.177/0/0/0/0/0/0/0/0/0/0/0/0/0/0/0/0/0/0/0/0/0/0/0/0/0/0/0/0/0/0/0/0/0/0/0/0/0/0/0/0/0/0/0/0/0/0/0/0/0/0/0/0/0/0/0/0/0/0/0/0/0/0/0/0/0/0/0/0/0/0/0/0/0/0/0/0/0/0/0/0/0/0/0/0/0/0/0/0/0/0/0/0/0/0/0/0/0/0/0/0/0/0/0/0/0/0/0/0/0/0/0/0/0/0/0/0/0/0/0/0/0/0/0/0/0/0/0/0/0/0/0/0/0/0/0/0/0/0/0/0/0/0/0/0/0/0/0/0/0/0/0/0/0/0/0/0/0/0/0/0/0/0/0/0/0/0/0/0/0/0/0/0/0/0/0/0/0/0/0/0/0/0/0/0/0/0/0/0/0/0/0/0/0/0/0/0/0/0/0/0/0/0/0/0/0/0/0/0/0/0/0/0/0/0/0/0/0/0/0/0/0/0/0/0/0/0/0/0/0/0/0/0/0/0/0/0/0/0/0/0/0/0/0/0/0/0/0/0/0/0/0/0/0/0/0/0/0/0/0/0/0/0/0/0/0/0/0,1-2:0.406637/1-3:0.405818/2-4:1.72487/3-6:1.6944/4-5:2.05024/5-8:1.46882/6-7:1.51444/8-9:2.04878,1-2:-28.513/1-3:-33.884/2-4:-24.549/3-6:-37.853/4-5:-20.553/5-8:-16.6/6-7:-41.812/8-9:-12.611,4818,1.1314004884464783e-11,1.882031250000001e-11,-1.558194015589489e-06,5.879661591981484,0,0.0,10868,2.283979471034763e-11,4.2453125000000013e-11,6.643192623907478e-07,2.4888768692217205e-07,5.303300858899115e-07,4.2210714021536276e-06,1,1,nan,0.599184645325338,9,7/6/3/1/2/4/5/8/9,8,2345.5,1.0,,,1.0982633938832419e-09,1,9,1,1,1,1/0/0/0/0/0/0/0/0/0/0/0,1.0,9,2492,4530,619,9,9,1,14859,9,569645064.5915207,148071342.92041314,3.8470986576902946,2,-444244604.685168,-413248298.6676,-485662453.336836,-114945.10419,-190217547.371931,-178108.519621,-441772100.098108,-312087.383978,4493,32073.230158,-63318.506992,234443.334962,261268.630852,-372317602.060452,-303907179.332301,-3.3793,3.38,-1.0009,1.0011,0.009,0.3696,12.4015,1.4404,0.0379,0.2723,0.6941,0.2373,191,1824,8375,4553.4,618.7,346.3
320,3.0553998e-05,2797.12,6.145904459109765e-08,1.1980493164062506e-16,5.195068359375002e-18,276,12,12,11,12/11/7/6/3/1/2/4/5/8/9/10,0,29,1,0.144775/0.363525/0.374512/0.481201/0.357178/0.356201/0.477783/0.380371/0.312012/0.648682/0.576416/0.722412/0/0/0/0/0/0/0/0/0/0/0/0/0/0/0/0/0/0/0/0/0/0/0/0/0/0/0/0/0/0/0/0/0/0/0/0/0/0/0/0/0/0/0/0/0/0/0/0/0/0/0/0/0/0/0/0/0/0/0/0/0/0/0/0/0/0/0/0/0/0/0/0/0/0/0/0/0/0/0/0/0/0/0/0/0/0/0/0/0/0/0/0/0/0/0/0/0/0/0/0/0/0/0/0/0/0/0/0/0/0/0/0/0/0/0/0/0/0/0/0/0/0/0/0/0/0/0/0/0/0/0/0/0/0/0/0/0/0/0/0/0/0/0/0/0/0/0/0/0/0/0/0/0/0/0/0/0/0/0/0/0/0/0/0/0/0/0/0/0/0/0/0/0/0/0/0/0/0/0/0/0/0/0/0/0/0/0/0/0/0/0/0/0/0/0/0/0/0/0/0/0/0/0/0/0/0/0/0/0/0/0/0/0/0/0/0/0/0/0/0/0/0/0/0/0/0/0/0/0/0/0/0/0/0/0/0/0/0/0/0/0/0/0/0/0/0/0/0/0/0/0/0/0/0/0/0/0/0/0/0/0/0/0/0,380.599/248.223/248.223/248.888/246.001/246.783/309.301/248.89/246.661/4118.6/4211.01/4524.87/0/0/0/0/0/0/0/0/0/0/0/0/0/0/0/0/0/0/0/0/0/0/0/0/0/0/0/0/0/0/0/0/0/0/0/0/0/0/0/0/0/0/0/0/0/0/0/0/0/0/0/0/0/0/0/0/0/0/0/0/0/0/0/0/0/0/0/0/0/0/0/0/0/0/0/0/0/0/0/0/0/0/0/0/0/0/0/0/0/0/0/0/0/0/0/0/0/0/0/0/0/0/0/0/0/0/0/0/0/0/0/0/0/0/0/0/0/0/0/0/0/0/0/0/0/0/0/0/0/0/0/0/0/0/0/0/0/0/0/0/0/0/0/0/0/0/0/0/0/0/0/0/0/0/0/0/0/0/0/0/0/0/0/0/0/0/0/0/0/0/0/0/0/0/0/0/0/0/0/0/0/0/0/0/0/0/0/0/0/0/0/0/0/0/0/0/0/0/0/0/0/0/0/0/0/0/0/0/0/0/0/0/0/0/0/0/0/0/0/0/0/0/0/0/0/0/0/0/0/0/0/0/0/0/0/0/0/0/0/0/0/0/0/0/0/0/0/0/0/0/0/0/0/0/0/0/0/0/0/0/0/0/0/0,,,6552,1.531447575085264e-11,2.559375000000001e-11,-1.7040036571181206e-06,3.546707327523378,0,0.0,14994,3.149001883519265e-11,5.857031250000002e-11,1.1834527149662011e-06,2.4888870981361186e-07,6.187184335382292e-07,4.1678987165659454e-06,1,1,nan,0.5603814512928126,13,12/11/10/7/6/3/1/2/4/5/8/9/10,12,3616.8,1.0,,,1.5942964643293774e-09,,,,,,,,,,,,,,1,21272,8,569872846.8498516,139958169.45173627,4.07173692741365,2,-490508943.918067,-412699128.905041,-484676711.881848,-99020.648635,-189475624.997908,-177945.230819,-454514829.784479,-295071.128495,5978,27148.085834,-62331.384554,239866.975012,233465.314494,-383010401.700366,-293721286.126753,-2.5884,2.589,-0.9863,0.9865,0.0088,0.3583,11.9261,1.3417,0.0303,0.2168,0.7345,0.2902,286,3009,12030,,,
340,3.0553998e-05,3031.42,6.145904459109765e-08,1.1997094726562504e-16,5.029052734375002e-18,276,12,12,11,12/11/7/6/3/1/2/4/5/8/9/10,0,30,1,0.144043/0.358154/0.371582/0.47998/0.354736/0.354736/0.445801/0.376709/0.297363/0.612061/0.551514/0.682373/0/0/0/0/0/0/0/0/0/0/0/0/0/0/0/0/0/0/0/0/0/0/0/0/0/0/0/0/0/0/0/0/0/0/0/0/0/0/0/0/0/0/0/0/0/0/0/0/0/0/0/0/0/0/0/0/0/0/0/0/0/0/0/0/0/0/0/0/0/0/0/0/0/0/0/0/0/0/0/0/0/0/0/0/0/0/0/0/0/0/0/0/0/0/0/0/0/0/0/0/0/0/0/0/0/0/0/0/0/0/0/0/0/0/0/0/0/0/0/0/0/0/0/0/0/0/0/0/0/0/0/0/0/0/0/0/0/0/0/0/0/0/0/0/0/0/0/0/0/0/0/0/0/0/0/0/0/0/0/0/0/0/0/0/0/0/0/0/0/0/0/0/0/0/0/0/0/0/0/0/0/0/0/0/0/0/0/0/0/0/0/0/0/0/0/0/0/0/0/0/0/0/0/0/0/0/0/0/0/0/0/0/0/0/0/0/0/0/0/0/0/0/0/0/0/0/0/0/0/0/0/0/0/0/0/0/0/0/0/0/0/0/0/0/0/0/0/0/0/0/0/0/0/0/0/0/0/0/0/0/0/0/0/0,380.599/248.223/247.444/248.888/246.001/246.783/307.857/248.89/246.661/4118.6/4211.01/4524.86/0/0/0/0/0/0/0/0/0/0/0/0/0/0/0/0/0/0/0/0/0/0/0/0/0/0/0/0/0/0/0/0/0/0/0/0/0/0/0/0/0/0/0/0/0/0/0/0/0/0/0/0/0/0/0/0/0/0/0/0/0/0/0/0/0/0/0/0/0/0/0/0/0/0/0/0/0/0/0/0/0/0/0/0/0/0/0/0/0/0/0/0/0/0/0/0/0/0/0/0/0/0/0/0/0/0/0/0/0/0/0/0/0/0/0/0/0/0/0/0/0/0/0/0/0/0/0/0/0/0/0/0/0/0/0/0/0/0/0/0/0/0/0/0/0/0/0/0/0/0/0/0/0/0/0/0/0/0/0/0/0/0/0/0/0/0/0/0/0/0/0/0/0/0/0/0/0/0/0/0/0/0/0/0/0/0/0/0/0/0/0/0/0/0/0/0/0/0/0/0/0/0/0/0/0/0/0/0/0/0/0/0/0/0/0/0/0/0/0/0/0/0/0/0/0/0/0/0/0/0/0/0/0/0/0/0/0/0/0/0/0/0/0/0/0/0/0/0/0/0/0/0/0/0/0/0/0/0/0/0/0/0/0/0,,,6484,1.515606870518701e-11,2.532812500000001e-11,-1.7018779769553976e-06,3.580718210126946,0,0.0,14900,3.1459434703087976e-11,5.8203125000000024e-11,1.1793517760371645e-06,2.4888870981361186e-07,6.187184335382292e-07,4.1586807696209324e-06,1,1,nan,0.568158114071097,13,12/11/10/7/6/3/1/2/4/5/8/9/10,12,3616.0,1.0,,,1.5608428318582852e-09,,,,,,,,,,,,,,1,20591,9,577781225.9481035,139752296.71499568,4.134323653559724,1,-488745054.823238,-406609896.007726,-486412276.268159,-86930.754039,-166048198.996906,-177121.532353,-455664466.492307,-258435.25623,5849,28686.388728,-58165.48745,252524.447312,218507.178558,-378290347.051961,-288341084.4029,-2.1525,2.1532,-0.8653,0.8655,0.0087,0.3384,13.137,1.2504,0.0305,0.1636,0.6912,0.2833,275,2840,11661,,,
360,3.0553998e-05,3221.81,6.145904459109765e-08,1.2009179687500007e-16,4.908203125000002e-18,276,12,12,11,12/11/7/6/3/1/2/4/5/8/9/10,0,33,1,0.143066/0.352783/0.369873/0.47998/0.352051/0.351563/0.416748/0.374268/0.289307/0.58252/0.538818/0.657227/0/0/0/0/0/0/0/0/0/0/0/0/0/0/0/0/0/0/0/0/0/0/0/0/0/0/0/0/0/0/0/0/0/0/0/0/0/0/0/0/0/0/0/0/0/0/0/0/0/0/0/0/0/0/0/0/0/0/0/0/0/0/0/0/0/0/0/0/0/0/0/0/0/0/0/0/0/0/0/0/0/0/0/0/0/0/0/0/0/0/0/0/0/0/0/0/0/0/0/0/0/0/0/0/0/0/0/0/0/0/0/0/0/0/0/0/0/0/0/0/0/0/0/0/0/0/0/0/0/0/0/0/0/0/0/0/0/0/0/0/0/0/0/0/0/0/0/0/0/0/0/0/0/0/0/0/0/0/0/0/0/0/0/0/0/0/0/0/0/0/0/0/0/0/0/0/0/0/0/0/0/0/0/0/0/0/0/0/0/0/0/0/0/0/0/0/0/0/0/0/0/0/0/0/0/0/0/0/0/0/0/0/0/0/0/0/0/0/0/0/0/0/0/0/0/0/0/0/0/0/0/0/0/0/0/0/0/0/0/0/0/0/0/0/0/0/0/0/0/0/0/0/0/0/0/0/0/0/0/0/0/0/0/0,380.599/248.223/247.444/248.888/246.001/246.783/307.857/248.89/246.661/4117.94/4211.01/4476.11/0/0/0/0/0/0/0/0/0/0/0/0/0/0/0/0/0/0/0/0/0/0/0/0/0/0/0/0/0/0/0/0/0/0/0/0/0/0/0/0/0/0/0/0/0/0/0/0/0/0/0/0/0/0/0/0/0/0/0/0/0/0/0/0/0/0/0/0/0/0/0/0/0/0/0/0/0/0/0/0/0/0/0/0/0/0/0/0/0/0/0/0/0/0/0/0/0/0/0/0/0/0/0/0/0/0/0/0/0/0/0/0/0/0/0/0/0/0/0/0/0/0/0/0/0/0/0/0/0/0/0/0/0/0/0/0/0/0/0/0/0/0/0/0/0/0/0/0/0/0/0/0/0/0/0/0/0/0/0/0/0/0/0/0/0/0/0/0/0/0/0/0/0/0/0/0/0/0/0/0/0/0/0/0/0/0/0/0/0/0/0/0/0/0/0/0/0/0/0/0/0/0/0/0/0/0/0/0/0/0/0/0/0/0/0/0/0/0/0/0/0/0/0/0/0/0/0/0/0/0/0/0/0/0/0/0/0/0/0/0/0/0/0/0/0/0/0/0/0/0/0/0/0/0/0/0/0/0/0/0/0/0/0/0,,,6437,1.5039231539376614e-11,2.514453125000001e-11,-1.703227750483998e-06,3.5591218336693404,0,0.0,14728,3.1090952430307264e-11,5.7531250000000024e-11,1.1789355777028455e-06,2.4888870981361186e-07,6.187184335382292e-07,4.137219443164479e-06,1,1,nan,0.5767519540463474,13,12/11/10/7/6/3/1/2/4/5/8/9/10,12,3615.8,1.0,,,1.5340177566250113e-09,,,,,,,,,,,,,,1,20090,9,586520623.0869089,139834895.04824585,4.194379542277681,1,-467564690.627849,-408140557.74427,-487475327.279583,-86819.126145,-153356970.06544,-175757.630369,-454677205.895433,-256709.596289,5896,30534.50942,-56867.422533,240686.971129,227515.91273,-380437382.729741,-279338063.287025,-2.4794,2.4801,-0.8209,0.8211,0.0084,0.3258,11.922,1.2372,0.0305,0.2077,0.6626,0.2744,284,2632,11318,,,
380,3.0553998e-05,3406.77,6.145904459109765e-08,1.2019824218750006e-16,4.801757812500002e-18,276,12,12,11,12/11/7/6/3/1/2/4/5/8/9/10,0,35,1,0.14209/0.349854/0.366455/0.477783/0.350098/0.348633/0.38916/0.372803/0.282471/0.549805/0.534424/0.638184/0/0/0/0/0/0/0/0/0/0/0/0/0/0/0/0/0/0/0/0/0/0/0/0/0/0/0/0/0/0/0/0/0/0/0/0/0/0/0/0/0/0/0/0/0/0/0/0/0/0/0/0/0/0/0/0/0/0/0/0/0/0/0/0/0/0/0/0/0/0/0/0/0/0/0/0/0/0/0/0/0/0/0/0/0/0/0/0/0/0/0/0/0/0/0/0/0/0/0/0/0/0/0/0/0/0/0/0/0/0/0/0/0/0/0/0/0/0/0/0/0/0/0/0/0/0/0/0/0/0/0/0/0/0/0/0/0/0/0/0/0/0/0/0/0/0/0/0/0/0/0/0/0/0/0/0/0/0/0/0/0/0/0/0/0/0/0/0/0/0/0/0/0/0/0/0/0/0/0/0/0/0/0/0/0/0/0/0/0/0/0/0/0/0/0/0/0/0/0/0/0/0/0/0/0/0/0/0/0/0/0/0/0/0/0/0/0/0/0/0/0/0/0/0/0/0/0/0/0/0/0/0/0/0/0/0/0/0/0/0/0/0/0/0/0/0/0/0/0/0/0/0/0/0/0/0/0/0/0/0/0/0/0/0,380.599/248.223/247.444/248.888/246.001/246.783/307.857/248.89/246.661/4117.94/4211.01/4476.11/0/0/0/0/0/0/0/0/0/0/0/0/0/0/0/0/0/0/0/0/0/0/0/0/0/0/0/0/0/0/0/0/0/0/0/0/0/0/0/0/0/0/0/0/0/0/0/0/0/0/0/0/0/0/0/0/0/0/0/0/0/0/0/0/0/0/0/0/0/0/0/0/0/0/0/0/0/0/0/0/0/0/0/0/0/0/0/0/0/0/0/0/0/0/0/0/0/0/0/0/0/0/0/0/0/0/0/0/0/0/0/0/0/0/0/0/0/0/0/0/0/0/0/0/0/0/0/0/0/0/0/0/0/0/0/0/0/0/0/0/0/0/0/0/0/0/0/0/0/0/0/0/0/0/0/0/0/0/0/0/0/0/0/0/0/0/0/0/0/0/0/0/0/0/0/0/0/0/0/0/0/0/0/0/0/0/0/0/0/0/0/0/0/0/0/0/0/0/0/0/0/0/0/0/0/0/0/0/0/0/0/0/0/0/0/0/0/0/0/0/0/0/0/0/0/0/0/0/0/0/0/0/0/0/0/0/0/0/0/0/0/0/0/0/0/0/0/0/0/0/0/0/0/0/0/0/0/0/0/0/0/0/0/0,,,6409,1.4964463370951027e-11,2.503515625000001e-11,-1.7051943482345555e-06,3.527656269660419,0,0.0,14708,3.1132874792069586e-11,5.745312500000002e-11,1.1793189420255158e-06,2.4888870981361186e-07,6.18718433538229e-07,4.137219443164479e-06,1,1,nan,0.5563937931545759,13,12/11/10/7/6/3/1/2/4/5/8/9/10,12,3616.4,1.0,,,1.5112611929895208e-09,,,,,,,,,,,,,,1,19656,11,565817648.2163881,139948899.81759953,4.043030341459195,1,-470774276.156783,-404840950.886795,-487799828.994812,-87618.993021,-144058943.501201,-174947.049553,-454903601.059396,-238781.912178,5935,28204.09877,-54525.221819,243596.01894,234661.644416,-381238148.456842,-276174647.11574,-2.6126,2.6132,-0.7616,0.7619,0.0083,0.3168,12.4937,1.1841,0.031,0.2089,0.6422,0.2673,292,2457,11001,,,
400,3.0553998e-05,3582.8,6.145904459109765e-08,1.2030957031250005e-16,4.6904296875000025e-18,276,12,12,11,12/11/7/6/3/1/2/4/5/8/9/10,0,36,1,0.141113/0.346924/0.365967/0.477051/0.347168/0.346436/0.357178/0.370117/0.280273/0.52002/0.525635/0.612549/0/0/0/0/0/0/0/0/0/0/0/0/0/0/0/0/0/0/0/0/0/0/0/0/0/0/0/0/0/0/0/0/0/0/0/0/0/0/0/0/0/0/0/0/0/0/0/0/0/0/0/0/0/0/0/0/0/0/0/0/0/0/0/0/0/0/0/0/0/0/0/0/0/0/0/0/0/0/0/0/0/0/0/0/0/0/0/0/0/0/0/0/0/0/0/0/0/0/0/0/0/0/0/0/0/0/0/0/0/0/0/0/0/0/0/0/0/0/0/0/0/0/0/0/0/0/0/0/0/0/0/0/0/0/0/0/0/0/0/0/0/0/0/0/0/0/0/0/0/0/0/0/0/0/0/0/0/0/0/0/0/0/0/0/0/0/0/0/0/0/0/0/0/0/0/0/0/0/0/0/0/0/0/0/0/0/0/0/0/0/0/0/0/0/0/0/0/0/0/0/0/0/0/0/0/0/0/0/0/0/0/0/0/0/0/0/0/0/0/0/0/0/0/0/0/0/0/0/0/0/0/0/0/0/0/0/0/0/0/0/0/0/0/0/0/0/0/0/0/0/0/0/0/0/0/0/0/0/0/0/0/0/0/0,380.599/248.223/247.444/248.888/246.001/246.783/307.072/248.89/246.661/4117.16/4211.01/4474.67/0/0/0/0/0/0/0/0/0/0/0/0/0/0/0/0/0/0/0/0/0/0/0/0/0/0/0/0/0/0/0/0/0/0/0/0/0/0/0/0/0/0/0/0/0/0/0/0/0/0/0/0/0/0/0/0/0/0/0/0/0/0/0/0/0/0/0/0/0/0/0/0/0/0/0/0/0/0/0/0/0/0/0/0/0/0/0/0/0/0/0/0/0/0/0/0/0/0/0/0/0/0/0/0/0/0/0/0/0/0/0/0/0/0/0/0/0/0/0/0/0/0/0/0/0/0/0/0/0/0/0/0/0/0/0/0/0/0/0/0/0/0/0/0/0/0/0/0/0/0/0/0/0/0/0/0/0/0/0/0/0/0/0/0/0/0/0/0/0/0/0/0/0/0/0/0/0/0/0/0/0/0/0/0/0/0/0/0/0/0/0/0/0/0/0/0/0/0/0/0/0/0/0/0/0/0/0/0/0/0/0/0/0/0/0/0/0/0/0/0/0/0/0/0/0/0/0/0/0/0/0/0/0/0/0/0/0/0/0/0/0/0/0/0/0/0/0/0/0/0/0/0/0/0/0/0/0/0/0/0/0/0/0/0,1-2:0.377575/1-3:0.380622/2-4:1.70964/3-6:1.67053/4-5:2.035/5-8:1.24133/5-12:0.174551/6-7:1.43176/8-9:1.52167/8-11:0.0213296/8-12:0.281707/9-10:1.10944/9-11:0.127436/9-12:0.00691323/10-11:0.584465/11-12:2.18782,1-2:-28.501/1-3:-33.9/2-4:-24.548/3-6:-37.85/4-5:-20.553/5-8:-16.616/5-12:-16.473/6-7:-41.815/8-9:-12.615/8-11:-12.45/8-12:-14.61/9-10:-8.6499/9-11:-10.182/9-12:-11.257/10-11:-10.993/11-12:-53.611,6374,1.4861771994035617e-11,2.489843750000001e-11,-1.7047895769292052e-06,3.534132610546025,0,0.0,14652,3.1109939865705406e-11,5.7234375000000024e-11,1.178049765943242e-06,2.4888870981361186e-07,5.745242597140701e-07,4.137219443164479e-06,1,1,nan,0.5485955138930515,13,12/11/10/7/6/3/1/2/4/5/8/9/10,12,3615.8,1.0,,,1.4910634194028802e-09,1,12,1,1,1,1/0/0/0/0/0/0/0/0/0/0/0,1.0,12,4691,5851,6983,12,13,1,19194,17,557887286.5082291,140029919.82057083,3.9840577443955216,2,-483158706.661432,-404244826.636468,-488671981.658816,-87217.11904,-134367318.338198,-175110.716358,-454022384.827401,-220765.973616,5938,29389.916228,-52981.987416,243869.213139,239208.570603,-376594895.743486,-277255584.314148,-2.3221,2.3228,-0.7096,0.7099,0.0081,0.3102,13.0519,1.1545,0.0309,0.1777,0.6136,0.2615,287,2293,10713,4504.3,618.7,351.2
420,4.0738664e-05,3952.85,5.7700773049183284e-08,1.1852880859375004e-16,6.471191406250003e-18,276,14,14,13,13/12/11/7/6/3/1/2/4/5/8/9/10/14,0,63,2,0.141113/0.344238/0.362793/0.476318/0.293213/0.343994/0.333252/0.365234/0.279541/0.392334/0.520996/1.23828/0.69458/0.685303/0/0/0/0/0/0/0/0/0/0/0/0/0/0/0/0/0/0/0/0/0/0/0/0/0/0/0/0/0/0/0/0/0/0/0/0/0/0/0/0/0/0/0/0/0/0/0/0/0/0/0/0/0/0/0/0/0/0/0/0/0/0/0/0/0/0/0/0/0/0/0/0/0/0/0/0/0/0/0/0/0/0/0/0/0/0/0/0/0/0/0/0/0/0/0/0/0/0/0/0/0/0/0/0/0/0/0/0/0/0/0/0/0/0/0/0/0/0/0/0/0/0/0/0/0/0/0/0/0/0/0/0/0/0/0/0/0/0/0/0/0/0/0/0/0/0/0/0/0/0/0/0/0/0/0/0/0/0/0/0/0/0/0/0/0/0/0/0/0/0/0/0/0/0/0/0/0/0/0/0/0/0/0/0/0/0/0/0/0/0/0/0/0/0/0/0/0/0/0/0/0/0/0/0/0/0/0/0/0/0/0/0/0/0/0/0/0/0/0/0/0/0/0/0/0/0/0/0/0/0/0/0/0/0/0/0/0/0/0/0/0/0/0/0/0/0/0/0/0/0/0/0/0/0/0/0/0/0/0/0/0/0,380.599/248.223/247.444/248.888/246.001/246.783/307.072/248.89/246.661/4113.62/4148.49/4990.46/4722.76/4200.12/0/0/0/0/0/0/0/0/0/0/0/0/0/0/0/0/0/0/0/0/0/0/0/0/0/0/0/0/0/0/0/0/0/0/0/0/0/0/0/0/0/0/0/0/0/0/0/0/0/0/0/0/0/0/0/0/0/0/0/0/0/0/0/0/0/0/0/0/0/0/0/0/0/0/0/0/0/0/0/0/0/0/0/0/0/0/0/0/0/0/0/0/0/0/0/0/0/0/0/0/0/0/0/0/0/0/0/0/0/0/0/0/0/0/0/0/0/0/0/0/0/0/0/0/0/0/0/0/0/0/0/0/0/0/0/0/0/0/0/0/0/0/0/0/0/0/0/0/0/0/0/0/0/0/0/0/0/0/0/0/0/0/0/0/0/0/0/0/0/0/0/0/0/0/0/0/0/0/0/0/0/0/0/0/0/0/0/0/0/0/0/0/0/0/0/0/0/0/0/0/0/0/0/0/0/0/0/0/0/0/0/0/0/0/0/0/0/0/0/0/0/0/0/0/0/0/0/0/0/0/0/0/0/0/0/0/0/0/0/0/0/0/0/0/0/0/0/0/0/0/0/0/0/0/0/0/0/0/0/0/0/0,,,7838,1.8292735738732873e-11,3.0617187500000015e-11,-1.765917200030145e-06,2.5560906409309863,0,0.0,19728,4.172383791882969e-11,7.706250000000002e-11,1.4133085057202106e-06,2.7798104795747524e-07,6.187184335382292e-07,4.137219443164479e-06,1,1,nan,0.5083392294589711,22,13/12/11/10/14/12/7/6/3/12/1/2/4/5/13/5/13/8/9/10/14/12,21,3775.4,1.0,,,1.9985525867121135e-09,,,,,,,,,,,,,,1,23375,17,550620037.8650802,156576543.1950316,3.5166189432297554,2,-464728039.377512,-403439744.753882,-480773592.277765,-128197.184525,-159718006.20586,-181932.270229,-451928621.500728,-480176.679069,7636,11255.398375,-60772.768672,4934400.256882,35337523.126498,-279350233.192069,-223775196.630724,-2.3429,2.3445,-0.8102,0.8137,0.0077,0.3414,7.2765,1.0771,0.0233,0.3218,0.7544,0.3284,404,3762,14734,,,
440,4.0738664e-05,4122.53,5.7700773049183284e-08,1.1869018554687506e-16,6.309814453125003e-18,276,14,14,13,13/12/11/7/6/3/1/2/4/5/8/9/10/14,0,61,2,0.141113/0.34082/0.359619/0.475098/0.291748/0.342773/0.303223/0.363037/0.278076/0.378906/0.519043/1.22437/0.654297/0.637695/0/0/0/0/0/0/0/0/0/0/0/0/0/0/0/0/0/0/0/0/0/0/0/0/0/0/0/0/0/0/0/0/0/0/0/0/0/0/0/0/0/0/0/0/0/0/0/0/0/0/0/0/0/0/0/0/0/0/0/0/0/0/0/0/0/0/0/0/0/0/0/0/0/0/0/0/0/0/0/0/0/0/0/0/0/0/0/0/0/0/0/0/0/0/0/0/0/0/0/0/0/0/0/0/0/0/0/0/0/0/0/0/0/0/0/0/0/0/0/0/0/0/0/0/0/0/0/0/0/0/0/0/0/0/0/0/0/0/0/0/0/0/0/0/0/0/0/0/0/0/0/0/0/0/0/0/0/0/0/0/0/0/0/0/0/0/0/0/0/0/0/0/0/0/0/0/0/0/0/0/0/0/0/0/0/0/0/0/0/0/0/0/0/0/0/0/0/0/0/0/0/0/0/0/0/0/0/0/0/0/0/0/0/0/0/0/0/0/0/0/0/0/0/0/0/0/0/0/0/0/0/0/0/0/0/0/0/0/0/0/0/0/0/0/0/0/0/0/0/0/0/0/0/0/0/0/0/0/0/0/0/0,380.599/248.223/247.444/248.888/246.001/246.783/305.631/248.89/246.661/4113.62/4148.49/4990.46/4722.76/4200.12/0/0/0/0/0/0/0/0/0/0/0/0/0/0/0/0/0/0/0/0/0/0/0/0/0/0/0/0/0/0/0/0/0/0/0/0/0/0/0/0/0/0/0/0/0/0/0/0/0/0/0/0/0/0/0/0/0/0/0/0/0/0/0/0/0/0/0/0/0/0/0/0/0/0/0/0/0/0/0/0/0/0/0/0/0/0/0/0/0/0/0/0/0/0/0/0/0/0/0/0/0/0/0/0/0/0/0/0/0/0/0/0/0/0/0/0/0/0/0/0/0/0/0/0/0/0/0/0/0/0/0/0/0/0/0/0/0/0/0/0/0/0/0/0/0/0/0/0/0/0/0/0/0/0/0/0/0/0/0/0/0/0/0/0/0/0/0/0/0/0/0/0/0/0/0/0/0/0/0/0/0/0/0/0/0/0/0/0/0/0/0/0/0/0/0/0/0/0/0/0/0/0/0/0/0/0/0/0/0/0/0/0/0/0/0/0/0/0/0/0/0/0/0/0/0/0/0/0/0/0/0/0/0/0/0/0/0/0/0/0/0/0/0/0/0/0/0/0/0/0/0/0/0/0/0/0/0/0/0/0/0/0,,,7737,1.804828188923041e-11,3.022265625000001e-11,-1.7571495952768378e-06,2.696372316983903,0,0.0,19560,4.143612051293091e-11,7.640625000000003e-11,1.4012240795560752e-06,2.772603246116779e-07,6.187184335382292e-07,4.137219443164479e-06,1,1,nan,0.5065821728817715,20,13/12/11/10/14/12/7/6/3/12/1/2/4/5/13/8/9/10/14/12,19,3778.4,1.0,,,1.962536514976607e-09,,,,,,,,,,,,,,1,22714,19,548716839.168221,152445114.99996412,3.599438651532718,2,-465181584.842231,-396362779.601296,-483734934.633225,-115837.766466,-127552231.201616,-181704.713234,-450795181.694135,-380365.799337,7459,28866.609958,-52936.356971,17609024.466699,45653755.763374,-284696971.647492,-208306480.477316,-2.2716,2.2791,-0.7383,0.7438,0.0076,0.3147,7.6103,1.0025,0.0235,0.299,0.7408,0.3215,418,3654,14341,,,
460,4.0738664e-05,4265.79,5.7700773049183284e-08,1.1882519531250005e-16,6.174804687500003e-18,276,14,14,13,13/12/11/7/6/3/1/2/4/5/8/9/10/14,0,65,2,0.140869/0.337158/0.35791/0.473633/0.288818/0.341797/0.275635/0.359863/0.27832/0.374023/0.51709/1.2168/0.618164/0.594727/0/0/0/0/0/0/0/0/0/0/0/0/0/0/0/0/0/0/0/0/0/0/0/0/0/0/0/0/0/0/0/0/0/0/0/0/0/0/0/0/0/0/0/0/0/0/0/0/0/0/0/0/0/0/0/0/0/0/0/0/0/0/0/0/0/0/0/0/0/0/0/0/0/0/0/0/0/0/0/0/0/0/0/0/0/0/0/0/0/0/0/0/0/0/0/0/0/0/0/0/0/0/0/0/0/0/0/0/0/0/0/0/0/0/0/0/0/0/0/0/0/0/0/0/0/0/0/0/0/0/0/0/0/0/0/0/0/0/0/0/0/0/0/0/0/0/0/0/0/0/0/0/0/0/0/0/0/0/0/0/0/0/0/0/0/0/0/0/0/0/0/0/0/0/0/0/0/0/0/0/0/0/0/0/0/0/0/0/0/0/0/0/0/0/0/0/0/0/0/0/0/0/0/0/0/0/0/0/0/0/0/0/0/0/0/0/0/0/0/0/0/0/0/0/0/0/0/0/0/0/0/0/0/0/0/0/0/0/0/0/0/0/0/0/0/0/0/0/0/0/0/0/0/0/0/0/0/0/0/0/0/0,380.599/248.223/247.444/248.888/246.001/246.783/304.187/248.89/246.661/4113.62/4148.49/4990.46/4722.76/4199.46/0/0/0/0/0/0/0/0/0/0/0/0/0/0/0/0/0/0/0/0/0/0/0/0/0/0/0/0/0/0/0/0/0/0/0/0/0/0/0/0/0/0/0/0/0/0/0/0/0/0/0/0/0/0/0/0/0/0/0/0/0/0/0/0/0/0/0/0/0/0/0/0/0/0/0/0/0/0/0/0/0/0/0/0/0/0/0/0/0/0/0/0/0/0/0/0/0/0/0/0/0/0/0/0/0/0/0/0/0/0/0/0/0/0/0/0/0/0/0/0/0/0/0/0/0/0/0/0/0/0/0/0/0/0/0/0/0/0/0/0/0/0/0/0/0/0/0/0/0/0/0/0/0/0/0/0/0/0/0/0/0/0/0/0/0/0/0/0/0/0/0/0/0/0/0/0/0/0/0/0/0/0/0/0/0/0/0/0/0/0/0/0/0/0/0/0/0/0/0/0/0/0/0/0/0/0/0/0/0/0/0/0/0/0/0/0/0/0/0/0/0/0/0/0/0/0/0/0/0/0/0/0/0/0/0/0/0/0/0/0/0/0/0/0/0/0/0/0/0/0/0/0/0/0/0/0/0/0/0/0/0/0,,,7691,1.794108558818729e-11,3.004296875000001e-11,-1.7612504391914035e-06,2.630758814350852,0,0.0,19424,4.119579674496592e-11,7.587500000000004e-11,1.4014525352339051e-06,2.7653857837444054e-07,6.187184335382292e-07,4.137219443164479e-06,1,1,nan,0.5048538538362034,19,13/12/11/10/14/12/7/6/3/12/1/2/4/5/8/9/10/14/12,18,3780.8,1.0,,,1.9316125579111915e-09,,,,,,,,,,,,,,1,22141,29,546844768.2298311,148552737.88018543,3.681149038605309,2,-461474363.381542,-390949634.210285,-486151105.768912,-108596.221829,-97807128.686006,-180472.948639,-447446824.978111,-397752.608478,7601,37086.951242,-41773.442701,13672593.935,46213674.461016,-350990346.111139,-195481872.196068,-1.9838,1.9876,-0.675,0.682,0.0072,0.3172,7.5904,0.9453,0.0232,0.2614,0.7202,0.311,417,3424,13874,,,
480,4.0738664e-05,4395.8,5.7700773049183284e-08,1.1894604492187505e-16,6.053955078125003e-18,276,14,14,13,13/12/11/7/6/3/1/2/4/5/8/9/10/14,0,66,2,0.140869/0.335449/0.355713/0.472656/0.287354/0.340088/0.253418/0.358154/0.277344/0.371582/0.513672/1.20801/0.584961/0.554688/0/0/0/0/0/0/0/0/0/0/0/0/0/0/0/0/0/0/0/0/0/0/0/0/0/0/0/0/0/0/0/0/0/0/0/0/0/0/0/0/0/0/0/0/0/0/0/0/0/0/0/0/0/0/0/0/0/0/0/0/0/0/0/0/0/0/0/0/0/0/0/0/0/0/0/0/0/0/0/0/0/0/0/0/0/0/0/0/0/0/0/0/0/0/0/0/0/0/0/0/0/0/0/0/0/0/0/0/0/0/0/0/0/0/0/0/0/0/0/0/0/0/0/0/0/0/0/0/0/0/0/0/0/0/0/0/0/0/0/0/0/0/0/0/0/0/0/0/0/0/0/0/0/0/0/0/0/0/0/0/0/0/0/0/0/0/0/0/0/0/0/0/0/0/0/0/0/0/0/0/0/0/0/0/0/0/0/0/0/0/0/0/0/0/0/0/0/0/0/0/0/0/0/0/0/0/0/0/0/0/0/0/0/0/0/0/0/0/0/0/0/0/0/0/0/0/0/0/0/0/0/0/0/0/0/0/0/0/0/0/0/0/0/0/0/0/0/0/0/0/0/0/0/0/0/0/0/0/0/0/0/0,380.599/248.219/247.444/248.888/246.001/246.783/304.187/248.89/246.661/4113.62/4148.49/4990.46/4722.76/4199.46/0/0/0/0/0/0/0/0/0/0/0/0/0/0/0/0/0/0/0/0/0/0/0/0/0/0/0/0/0/0/0/0/0/0/0/0/0/0/0/0/0/0/0/0/0/0/0/0/0/0/0/0/0/0/0/0/0/0/0/0/0/0/0/0/0/0/0/0/0/0/0/0/0/0/0/0/0/0/0/0/0/0/0/0/0/0/0/0/0/0/0/0/0/0/0/0/0/0/0/0/0/0/0/0/0/0/0/0/0/0/0/0/0/0/0/0/0/0/0/0/0/0/0/0/0/0/0/0/0/0/0/0/0/0/0/0/0/0/0/0/0/0/0/0/0/0/0/0/0/0/0/0/0/0/0/0/0/0/0/0/0/0/0/0/0/0/0/0/0/0/0/0/0/0/0/0/0/0/0/0/0/0/0/0/0/0/0/0/0/0/0/0/0/0/0/0/0/0/0/0/0/0/0/0/0/0/0/0/0/0/0/0/0/0/0/0/0/0/0/0/0/0/0/0/0/0/0/0/0/0/0/0/0/0/0/0/0/0/0/0/0/0/0/0/0/0/0/0/0/0/0/0/0/0/0/0/0/0/0/0/0/0,,,7665,1.7873730410907207e-11,2.994140625000001e-11,-1.7652080988242727e-06,2.5674362602249436,0,0.0,19412,4.1254182476078926e-11,7.582812500000003e-11,1.402929103647738e-06,2.7653857837444054e-07,5.745242597140701e-07,4.137219443164479e-06,1,1,nan,0.5024093020533784,19,13/12/11/10/14/12/7/6/3/12/1/2/4/5/8/9/10/14/12,18,3782.2,1.0,,,1.9057174801614676e-09,,,,,,,,,,,,,,1,21653,28,544196892.3288215,147478548.17392123,3.69000711674386,2,-466494917.543694,-386049181.405734,-487336888.363267,-104544.486489,-73911354.215934,-180112.903628,-447134424.400035,-346263.476648,7433,39436.698183,-30977.957736,21128138.148011,48782668.494669,-360877681.51039,-186664572.477844,-2.0555,2.0619,-0.606,0.6145,0.0072,0.2943,8.3694,0.8673,0.0234,0.2459,0.707,0.3057,431,3338,13613,,,
500,4.0738664e-05,4576.42,5.7700773049183284e-08,1.1905664062500004e-16,5.943359375000003e-18,276,14,14,13,13/12/11/7/6/3/1/2/4/5/8/9/10/14,0,67,2,0.140625/0.334229/0.35498/0.470703/0.285889/0.339111/0.225098/0.357178/0.275879/0.369629/0.51123/1.20874/0.549561/0.520508/0/0/0/0/0/0/0/0/0/0/0/0/0/0/0/0/0/0/0/0/0/0/0/0/0/0/0/0/0/0/0/0/0/0/0/0/0/0/0/0/0/0/0/0/0/0/0/0/0/0/0/0/0/0/0/0/0/0/0/0/0/0/0/0/0/0/0/0/0/0/0/0/0/0/0/0/0/0/0/0/0/0/0/0/0/0/0/0/0/0/0/0/0/0/0/0/0/0/0/0/0/0/0/0/0/0/0/0/0/0/0/0/0/0/0/0/0/0/0/0/0/0/0/0/0/0/0/0/0/0/0/0/0/0/0/0/0/0/0/0/0/0/0/0/0/0/0/0/0/0/0/0/0/0/0/0/0/0/0/0/0/0/0/0/0/0/0/0/0/0/0/0/0/0/0/0/0/0/0/0/0/0/0/0/0/0/0/0/0/0/0/0/0/0/0/0/0/0/0/0/0/0/0/0/0/0/0/0/0/0/0/0/0/0/0/0/0/0/0/0/0/0/0/0/0/0/0/0/0/0/0/0/0/0/0/0/0/0/0/0/0/0/0/0/0/0/0/0/0/0/0/0/0/0/0/0/0/0/0/0/0/0,380.599/248.103/247.444/248.888/246.001/246.783/304.187/248.89/246.661/4113.62/4148.49/4990.46/4722.76/4198.68/0/0/0/0/0/0/0/0/0/0/0/0/0/0/0/0/0/0/0/0/0/0/0/0/0/0/0/0/0/0/0/0/0/0/0/0/0/0/0/0/0/0/0/0/0/0/0/0/0/0/0/0/0/0/0/0/0/0/0/0/0/0/0/0/0/0/0/0/0/0/0/0/0/0/0/0/0/0/0/0/0/0/0/0/0/0/0/0/0/0/0/0/0/0/0/0/0/0/0/0/0/0/0/0/0/0/0/0/0/0/0/0/0/0/0/0/0/0/0/0/0/0/0/0/0/0/0/0/0/0/0/0/0/0/0/0/0/0/0/0/0/0/0/0/0/0/0/0/0/0/0/0/0/0/0/0/0/0/0/0/0/0/0/0/0/0/0/0/0/0/0/0/0/0/0/0/0/0/0/0/0/0/0/0/0/0/0/0/0/0/0/0/0/0/0/0/0/0/0/0/0/0/0/0/0/0/0/0/0/0/0/0/0/0/0/0/0/0/0/0/0/0/0/0/0/0/0/0/0/0/0/0/0/0/0/0/0/0/0/0/0/0/0/0/0/0/0/0/0/0/0/0/0/0/0/0/0/0/0/0/0/0,1-2:0.371481/1-3:0.377575/2-4:1.68353/3-6:1.66097/4-5:1.74657/4-13:0.29016/5-8:1.12904/5-13:0.221035/6-7:1.38523/8-9:1.51385/8-11:0.0213296/8-12:0.183742/8-13:0.0103699/9-10:1.05213/9-11:0.127436/9-12:0.00691323/10-11:0.572276/10-14:1.58648/11-12:2.14697/12-13:1.70009,1-2:-28.501/1-3:-33.9/2-4:-24.549/3-6:-37.85/4-5:-20.563/4-13:-20.455/5-8:-16.611/5-13:-19.309/6-7:-41.816/8-9:-12.615/8-11:-12.45/8-12:-14.09/8-13:-15.229/9-10:-8.653/9-11:-10.182/9-12:-11.257/10-11:-11.065/10-14:-5.6118/11-12:-53.531/12-13:-57.167,7634,1.7787183722372228e-11,2.982031250000001e-11,-1.7691402256745235e-06,2.5045222306209314,0,0.0,19404,4.131157099502424e-11,7.579687500000002e-11,1.404429254230389e-06,2.7653857837444054e-07,5.745242597140701e-07,4.1147260309782624e-06,1,1,nan,0.5073026073127965,19,13/12/11/10/14/12/7/6/3/12/1/2/4/5/8/9/10/14/12,18,3784.6,1.0,,,1.8827173838591477e-09,2,14/1,1/1,1,1,1/0/0/0/0/0/0/0/0/0/0/0,1.0,14/1,5186/4210,6352/5370,6983/4198,14/1,16/3,1,21191,31,549497195.2979505,146355813.00582778,3.7545293488005833,1,-462033200.240952,-378708199.518112,-487611578.399249,-102739.994774,-51860202.485981,-180004.117104,-445986111.671988,-342330.64472,7478,45502.095716,4314.324067,10579081.866816,44240697.15476,-370455249.560296,-179396025.039067,-1.6602,1.6651,-0.5448,0.5549,0.0072,0.2894,8.2848,0.8061,0.0236,0.2005,0.6866,0.3022,409,3137,13341,3668.4,618.7,352.2
520,5.092333e-05,4927.86,5.437565655933996e-08,1.1719799804687506e-16,7.802001953125003e-18,276,16,16,15,16/13/12/11/7/6/3/1/2/4/5/8/9/10/14/15,0,59,3,0.140625/0.33252/0.353271/0.400146/0.278809/0.338867/0.199951/0.355225/0.274414/0.366699/0.509521/1.20996/1.17603/0.467529/0.695313/0.703125/0/0/0/0/0/0/0/0/0/0/0/0/0/0/0/0/0/0/0/0/0/0/0/0/0/0/0/0/0/0/0/0/0/0/0/0/0/0/0/0/0/0/0/0/0/0/0/0/0/0/0/0/0/0/0/0/0/0/0/0/0/0/0/0/0/0/0/0/0/0/0/0/0/0/0/0/0/0/0/0/0/0/0/0/0/0/0/0/0/0/0/0/0/0/0/0/0/0/0/0/0/0/0/0/0/0/0/0/0/0/0/0/0/0/0/0/0/0/0/0/0/0/0/0/0/0/0/0/0/0/0/0/0/0/0/0/0/0/0/0/0/0/0/0/0/0/0/0/0/0/0/0/0/0/0/0/0/0/0/0/0/0/0/0/0/0/0/0/0/0/0/0/0/0/0/0/0/0/0/0/0/0/0/0/0/0/0/0/0/0/0/0/0/0/0/0/0/0/0/0/0/0/0/0/0/0/0/0/0/0/0/0/0/0/0/0/0/0/0/0/0/0/0/0/0/0/0/0/0/0/0/0/0/0/0/0/0/0/0/0/0/0/0/0/0/0/0/0/0/0/0/0/0/0/0/0/0/0/0/0,380.599/248.103/247.444/248.888/246.001/246.783/301.302/248.89/246.661/4113.62/4148.49/4990.46/5271.98/4190.68/4210.34/4729.32/0/0/0/0/0/0/0/0/0/0/0/0/0/0/0/0/0/0/0/0/0/0/0/0/0/0/0/0/0/0/0/0/0/0/0/0/0/0/0/0/0/0/0/0/0/0/0/0/0/0/0/0/0/0/0/0/0/0/0/0/0/0/0/0/0/0/0/0/0/0/0/0/0/0/0/0/0/0/0/0/0/0/0/0/0/0/0/0/0/0/0/0/0/0/0/0/0/0/0/0/0/0/0/0/0/0/0/0/0/0/0/0/0/0/0/0/0/0/0/0/0/0/0/0/0/0/0/0/0/0/0/0/0/0/0/0/0/0/0/0/0/0/0/0/0/0/0/0/0/0/0/0/0/0/0/0/0/0/0/0/0/0/0/0/0/0/0/0/0/0/0/0/0/0/0/0/0/0/0/0/0/0/0/0/0/0/0/0/0/0/0/0/0/0/0/0/0/0/0/0/0/0/0/0/0/0/0/0/0/0/0/0/0/0/0/0/0/0/0/0/0/0/0/0/0/0/0/0/0/0/0/0/0/0/0/0/0/0/0/0/0/0/0/0/0/0/0/0/0/0/0/0/0/0/0/0/0/0/0/0,,,8257,1.9208117279021795e-11,3.225390625000001e-11,-1.927209396480007e-06,-0.024584502266803143,0,0.0,26238,5.612435710828134e-11,1.0249218750000004e-10,1.5366296254361595e-06,3.409506090856021e-07,6.187184335382292e-07,4.099386394277528e-06,1,1,nan,0.5528504051461527,23,16/13/12/11/10/14/13/15/16/7/6/3/12/1/2/4/5/8/9/10/14/13/15,22,3955.7,1.0,,,2.4126729691712584e-09,,,,,,,,,,,,,,1,22838,35,635452562.9300092,162081098.64297816,3.9205840054782906,1,-467123561.983006,-395010836.282922,-482547155.878283,-130069.484114,-90049263.879203,-302058.429138,-453269077.297021,-34360662.970178,9232,42799.242416,-36494.087341,25952496.776504,55794866.373768,-195182574.566873,-189075103.682218,-1.7595,1.7775,-0.6546,0.664,0.0091,0.3097,5.5179,0.8547,0.0216,0.3215,0.7757,0.4196,507,4922,17334,,,
540,5.092333e-05,5081.19,5.437565655933996e-08,1.1738159179687504e-16,7.618408203125004e-18,276,16,16,15,16/13/12/11/7/6/3/1/2/4/5/8/9/10/14/15,0,64,3,0.139893/0.330322/0.351807/0.398926/0.278564/0.337891/0.180664/0.354492/0.272949/0.363037/0.509277/1.20972/1.15381/0.417236/0.656738/0.663086/0/0/0/0/0/0/0/0/0/0/0/0/0/0/0/0/0/0/0/0/0/0/0/0/0/0/0/0/0/0/0/0/0/0/0/0/0/0/0/0/0/0/0/0/0/0/0/0/0/0/0/0/0/0/0/0/0/0/0/0/0/0/0/0/0/0/0/0/0/0/0/0/0/0/0/0/0/0/0/0/0/0/0/0/0/0/0/0/0/0/0/0/0/0/0/0/0/0/0/0/0/0/0/0/0/0/0/0/0/0/0/0/0/0/0/0/0/0/0/0/0/0/0/0/0/0/0/0/0/0/0/0/0/0/0/0/0/0/0/0/0/0/0/0/0/0/0/0/0/0/0/0/0/0/0/0/0/0/0/0/0/0/0/0/0/0/0/0/0/0/0/0/0/0/0/0/0/0/0/0/0/0/0/0/0/0/0/0/0/0/0/0/0/0/0/0/0/0/0/0/0/0/0/0/0/0/0/0/0/0/0/0/0/0/0/0/0/0/0/0/0/0/0/0/0/0/0/0/0/0/0/0/0/0/0/0/0/0/0/0/0/0/0/0/0/0/0/0/0/0/0/0/0/0/0/0/0/0/0/0,380.599/248.103/248.101/248.886/246.001/246.783/301.302/248.89/246.661/4092.51/4148.49/4990.46/5271.98/4219.78/4208.12/4727.87/0/0/0/0/0/0/0/0/0/0/0/0/0/0/0/0/0/0/0/0/0/0/0/0/0/0/0/0/0/0/0/0/0/0/0/0/0/0/0/0/0/0/0/0/0/0/0/0/0/0/0/0/0/0/0/0/0/0/0/0/0/0/0/0/0/0/0/0/0/0/0/0/0/0/0/0/0/0/0/0/0/0/0/0/0/0/0/0/0/0/0/0/0/0/0/0/0/0/0/0/0/0/0/0/0/0/0/0/0/0/0/0/0/0/0/0/0/0/0/0/0/0/0/0/0/0/0/0/0/0/0/0/0/0/0/0/0/0/0/0/0/0/0/0/0/0/0/0/0/0/0/0/0/0/0/0/0/0/0/0/0/0/0/0/0/0/0/0/0/0/0/0/0/0/0/0/0/0/0/0/0/0/0/0/0/0/0/0/0/0/0/0/0/0/0/0/0/0/0/0/0/0/0/0/0/0/0/0/0/0/0/0/0/0/0/0/0/0/0/0/0/0/0/0/0/0/0/0/0/0/0/0/0/0/0/0/0/0/0/0/0/0/0/0/0/0/0/0/0/0/0/0/0/0/0/0/0/0/0/0,,,8207,1.9075545219110897e-11,3.2058593750000014e-11,-1.918834681338479e-06,0.10941093999764231,0,0.0,25976,5.565571566012135e-11,1.0146875000000004e-10,1.5351002562446568e-06,3.409506090856021e-07,6.187184335382292e-07,4.099386394277528e-06,1,1,nan,0.4649228899983296,23,16/13/12/11/10/14/13/15/16/7/6/3/12/1/2/4/5/8/9/10/14/13/15,22,3964.1,1.0,,,2.372820111241447e-09,,,,,,,,,,,,,,1,24946,33,534387673.8883154,159952163.41655397,3.340921826087723,3,-481466186.03722,-378785422.378652,-483564493.461437,-117209.831293,-70298063.331074,-267115.133985,-452743722.203853,-28168376.103297,9066,68200.574939,-20251.182887,22332651.531932,60290168.270671,-206374267.177524,-182555473.845726,-1.8041,1.8146,-0.5907,0.6019,0.0086,0.2955,5.9368,0.7836,0.021,0.3051,0.7667,0.4076,495,4852,16834,,,
560,5.092333e-05,5231.83,5.437565655933996e-08,1.1754321289062506e-16,7.456787109375004e-18,276,16,16,15,16/13/12/11/7/6/3/1/2/4/5/8/9/10/14/15,0,75,3,0.139893/0.329102/0.350586/0.397461/0.277832/0.33667/0.158203/0.352295/0.271973/0.361328/0.509033/1.20947/1.14746/0.366943/0.620605/0.62793/0/0/0/0/0/0/0/0/0/0/0/0/0/0/0/0/0/0/0/0/0/0/0/0/0/0/0/0/0/0/0/0/0/0/0/0/0/0/0/0/0/0/0/0/0/0/0/0/0/0/0/0/0/0/0/0/0/0/0/0/0/0/0/0/0/0/0/0/0/0/0/0/0/0/0/0/0/0/0/0/0/0/0/0/0/0/0/0/0/0/0/0/0/0/0/0/0/0/0/0/0/0/0/0/0/0/0/0/0/0/0/0/0/0/0/0/0/0/0/0/0/0/0/0/0/0/0/0/0/0/0/0/0/0/0/0/0/0/0/0/0/0/0/0/0/0/0/0/0/0/0/0/0/0/0/0/0/0/0/0/0/0/0/0/0/0/0/0/0/0/0/0/0/0/0/0/0/0/0/0/0/0/0/0/0/0/0/0/0/0/0/0/0/0/0/0/0/0/0/0/0/0/0/0/0/0/0/0/0/0/0/0/0/0/0/0/0/0/0/0/0/0/0/0/0/0/0/0/0/0/0/0/0/0/0/0/0/0/0/0/0/0/0/0/0/0/0/0/0/0/0/0/0/0/0/0/0/0/0/0,380.599/248.103/248.101/248.886/246.001/246.783/296.193/248.89/246.661/4092.51/4148.49/4990.46/5271.98/4219.78/4207.45/4727.87/0/0/0/0/0/0/0/0/0/0/0/0/0/0/0/0/0/0/0/0/0/0/0/0/0/0/0/0/0/0/0/0/0/0/0/0/0/0/0/0/0/0/0/0/0/0/0/0/0/0/0/0/0/0/0/0/0/0/0/0/0/0/0/0/0/0/0/0/0/0/0/0/0/0/0/0/0/0/0/0/0/0/0/0/0/0/0/0/0/0/0/0/0/0/0/0/0/0/0/0/0/0/0/0/0/0/0/0/0/0/0/0/0/0/0/0/0/0/0/0/0/0/0/0/0/0/0/0/0/0/0/0/0/0/0/0/0/0/0/0/0/0/0/0/0/0/0/0/0/0/0/0/0/0/0/0/0/0/0/0/0/0/0/0/0/0/0/0/0/0/0/0/0/0/0/0/0/0/0/0/0/0/0/0/0/0/0/0/0/0/0/0/0/0/0/0/0/0/0/0/0/0/0/0/0/0/0/0/0/0/0/0/0/0/0/0/0/0/0/0/0/0/0/0/0/0/0/0/0/0/0/0/0/0/0/0/0/0/0/0/0/0/0/0/0/0/0/0/0/0/0/0/0/0/0/0/0/0/0/0,,,8167,1.897871889739239e-11,3.190234375000001e-11,-1.917456762400437e-06,0.13145764300631813,0,0.0,25714,5.5176521238848833e-11,1.0044531250000004e-10,1.5354179781863933e-06,3.3839604686632546e-07,6.187184335382292e-07,4.099386394277528e-06,1,1,nan,0.46316747150476467,23,16/13/12/11/10/14/13/15/16/7/6/3/12/1/2/4/5/8/9/10/14/13/15,22,3972.8,1.0,,,2.3377088858144673e-09,,,,,,,,,,,,,,1,24250,43,532369975.84492576,158343305.31208885,3.3621249398302258,2,-472993905.126502,-361173202.833916,-483946111.650565,-117348.995577,-55794675.060568,-249796.314201,-452605638.784522,-20060069.075849,8968,98161.446962,51315.205904,14751280.19396,64313265.583929,-191501928.50241,-177023263.136593,-1.7153,1.735,-0.5372,0.5507,0.0083,0.2845,5.3735,0.7208,0.0208,0.3222,0.7623,0.3968,509,4717,16389,,,
580,5.092333e-05,5394.0,5.437565655933996e-08,1.1768774414062504e-16,7.312255859375004e-18,276,16,16,15,16/13/12/11/7/6/3/1/2/4/5/8/9/10/14/15,0,82,3,0.140381/0.327881/0.350098/0.396484/0.276367/0.335693/0.13916/0.350342/0.270996/0.361084/0.507568/1.21191/1.14478/0.321289/0.581299/0.596924/0/0/0/0/0/0/0/0/0/0/0/0/0/0/0/0/0/0/0/0/0/0/0/0/0/0/0/0/0/0/0/0/0/0/0/0/0/0/0/0/0/0/0/0/0/0/0/0/0/0/0/0/0/0/0/0/0/0/0/0/0/0/0/0/0/0/0/0/0/0/0/0/0/0/0/0/0/0/0/0/0/0/0/0/0/0/0/0/0/0/0/0/0/0/0/0/0/0/0/0/0/0/0/0/0/0/0/0/0/0/0/0/0/0/0/0/0/0/0/0/0/0/0/0/0/0/0/0/0/0/0/0/0/0/0/0/0/0/0/0/0/0/0/0/0/0/0/0/0/0/0/0/0/0/0/0/0/0/0/0/0/0/0/0/0/0/0/0/0/0/0/0/0/0/0/0/0/0/0/0/0/0/0/0/0/0/0/0/0/0/0/0/0/0/0/0/0/0/0/0/0/0/0/0/0/0/0/0/0/0/0/0/0/0/0/0/0/0/0/0/0/0/0/0/0/0/0/0/0/0/0/0/0/0/0/0/0/0/0/0/0/0/0/0/0/0/0/0/0/0/0/0/0/0/0/0/0/0/0/0,382.04/248.103/248.099/248.886/246.653/246.783/285.312/248.89/246.661/4092.51/4148.49/4990.46/5271.98/4219.78/4207.45/4726.43/0/0/0/0/0/0/0/0/0/0/0/0/0/0/0/0/0/0/0/0/0/0/0/0/0/0/0/0/0/0/0/0/0/0/0/0/0/0/0/0/0/0/0/0/0/0/0/0/0/0/0/0/0/0/0/0/0/0/0/0/0/0/0/0/0/0/0/0/0/0/0/0/0/0/0/0/0/0/0/0/0/0/0/0/0/0/0/0/0/0/0/0/0/0/0/0/0/0/0/0/0/0/0/0/0/0/0/0/0/0/0/0/0/0/0/0/0/0/0/0/0/0/0/0/0/0/0/0/0/0/0/0/0/0/0/0/0/0/0/0/0/0/0/0/0/0/0/0/0/0/0/0/0/0/0/0/0/0/0/0/0/0/0/0/0/0/0/0/0/0/0/0/0/0/0/0/0/0/0/0/0/0/0/0/0/0/0/0/0/0/0/0/0/0/0/0/0/0/0/0/0/0/0/0/0/0/0/0/0/0/0/0/0/0/0/0/0/0/0/0/0/0/0/0/0/0/0/0/0/0/0/0/0/0/0/0/0/0/0/0/0/0/0/0/0/0/0/0/0/0/0/0/0/0/0/0/0/0/0/0,,,8125,1.887579867420208e-11,3.173828125000001e-11,-1.921319654955995e-06,0.06965136211738934,0,0.0,25420,5.455234637179704e-11,9.929687500000003e-11,1.5350425784875253e-06,3.3367624593533634e-07,5.966213466261497e-07,4.099386394277528e-06,1,1,nan,0.4616487277390529,23,16/13/12/11/10/14/13/15/16/7/6/3/12/1/2/4/5/8/9/10/14/13/15,22,3982.1,1.0,,,2.3075379405305388e-09,,,,,,,,,,,,,,1,23631,41,530624314.43386036,156363495.19520068,3.3935306560616394,2,-483280056.464278,-342162454.040354,-484357562.994152,-113618.507995,-42710259.435245,-233469.680381,-452801443.928483,-14920211.855511,9001,107963.140642,155275.189115,11114617.472138,65407170.550385,-196452406.026328,-172679751.576068,-1.5897,1.6065,-0.4646,0.4808,0.0079,0.2634,5.4232,0.6354,0.0204,0.2955,0.7547,0.3858,511,4541,15926,,,
600,5.092333e-05,5556.25,5.437565655933996e-08,1.1781860351562505e-16,7.181396484375003e-18,276,16,16,15,16/13/12/11/7/6/3/1/2/4/5/8/9/10/14/15,0,84,3,0.140137/0.325684/0.349609/0.395996/0.275146/0.335205/0.125488/0.348877/0.269531/0.358398/0.503662/1.21411/1.14551/0.281982/0.542236/0.569824/0/0/0/0/0/0/0/0/0/0/0/0/0/0/0/0/0/0/0/0/0/0/0/0/0/0/0/0/0/0/0/0/0/0/0/0/0/0/0/0/0/0/0/0/0/0/0/0/0/0/0/0/0/0/0/0/0/0/0/0/0/0/0/0/0/0/0/0/0/0/0/0/0/0/0/0/0/0/0/0/0/0/0/0/0/0/0/0/0/0/0/0/0/0/0/0/0/0/0/0/0/0/0/0/0/0/0/0/0/0/0/0/0/0/0/0/0/0/0/0/0/0/0/0/0/0/0/0/0/0/0/0/0/0/0/0/0/0/0/0/0/0/0/0/0/0/0/0/0/0/0/0/0/0/0/0/0/0/0/0/0/0/0/0/0/0/0/0/0/0/0/0/0/0/0/0/0/0/0/0/0/0/0/0/0/0/0/0/0/0/0/0/0/0/0/0/0/0/0/0/0/0/0/0/0/0/0/0/0/0/0/0/0/0/0/0/0/0/0/0/0/0/0/0/0/0/0/0/0/0/0/0/0/0/0/0/0/0/0/0/0/0/0/0/0/0/0/0/0/0/0/0/0/0/0/0/0/0/0/0,382.04/248.103/248.099/248.886/246.653/246.783/285.312/248.89/246.661/4092.51/4148.49/4990.46/5271.98/4219.78/4207.45/4726.43/0/0/0/0/0/0/0/0/0/0/0/0/0/0/0/0/0/0/0/0/0/0/0/0/0/0/0/0/0/0/0/0/0/0/0/0/0/0/0/0/0/0/0/0/0/0/0/0/0/0/0/0/0/0/0/0/0/0/0/0/0/0/0/0/0/0/0/0/0/0/0/0/0/0/0/0/0/0/0/0/0/0/0/0/0/0/0/0/0/0/0/0/0/0/0/0/0/0/0/0/0/0/0/0/0/0/0/0/0/0/0/0/0/0/0/0/0/0/0/0/0/0/0/0/0/0/0/0/0/0/0/0/0/0/0/0/0/0/0/0/0/0/0/0/0/0/0/0/0/0/0/0/0/0/0/0/0/0/0/0/0/0/0/0/0/0/0/0/0/0/0/0/0/0/0/0/0/0/0/0/0/0/0/0/0/0/0/0/0/0/0/0/0/0/0/0/0/0/0/0/0/0/0/0/0/0/0/0/0/0/0/0/0/0/0/0/0/0/0/0/0/0/0/0/0/0/0/0/0/0/0/0/0/0/0/0/0/0/0/0/0/0/0/0/0/0/0/0/0/0/0/0/0/0/0/0/0/0/0/0,1-2:0.371481/1-3:0.371481/2-4:1.49934/2-16:0.159406/3-6:1.64838/4-5:1.60176/4-13:0.0308803/4-16:0.253964/5-8:1.07123/5-13:0.0983746/5-16:0.00518499/6-7:1.33475/8-9:1.50298/8-11:0.0213296/8-12:0.182013/8-13:0.00864161/9-10:1.02562/9-11:0.127436/9-12:0.00691323/10-11:0.56882/10-14:1.4912/11-12:2.12564/12-13:1.65315/13-16:1.61545/14-15:0.00609416,1-2:-28.501/1-3:-33.918/2-4:-24.554/2-16:-24.429/3-6:-37.852/4-5:-20.552/4-13:-20.376/4-16:-22.529/5-8:-16.61/5-13:-18.427/5-16:-19.949/6-7:-41.816/8-9:-12.615/8-11:-12.45/8-12:-14.077/8-13:-15.326/9-10:-8.6483/9-11:-10.182/9-12:-11.257/10-11:-11.065/10-14:-4.885/11-12:-53.531/12-13:-56.776/13-16:-57.01/14-15:1.0791,8088,1.8781519802105615e-11,3.159375000000001e-11,-1.922087952412349e-06,0.057358602815725794,0,0.0,25212,5.4179670359677353e-11,9.848437500000004e-11,1.5352197277882904e-06,3.3367624593533634e-07,5.966213466261497e-07,4.099386394277528e-06,1,1,nan,0.4604260533251733,23,16/13/12/11/10/14/13/15/16/7/6/3/12/1/2/4/5/8/9/10/14/13/15,22,3990.0,1.0,,,2.2806427889568904e-09,3,16/1/1,1/1/1,1,1,1/0/0/0/0/0/0/0/0/0/0/0,1.0,16/1/1,5797/4210/4210,6898/5370/6835,6983/4198/4154,16/1/1,20/3/4,1,23064,39,529218958.51353073,156966124.66018853,3.3715488590880467,2,-476893052.332754,-323677513.39196,-484455921.24338,-121901.454441,-32804529.311585,-225516.608495,-452543150.138468,-8215564.259957,9121,97504.442455,2171716.366342,22266504.732482,62477290.799271,-190225011.982569,-169297961.834759,-1.6276,1.6485,-0.4101,0.4291,0.0075,0.2582,5.4636,0.569,0.02,0.301,0.752,0.3745,505,4347,15468,3560.5,618.7,370.8
620,6.1107996e-05,5856.24,5.141289118816265e-08,1.1583374023437505e-16,9.166259765625004e-18,276,17,17,16,17/16/13/12/11/7/6/3/1/2/4/5/8/9/10/14/15,0,90,3,0.140137/0.288574/0.348633/0.389893/0.274658/0.333984/0.114502/0.347656/0.268311/0.355469/1.26855/1.21777/1.14697/1.0249/0.511963/0.430908/0.703369/0/0/0/0/0/0/0/0/0/0/0/0/0/0/0/0/0/0/0/0/0/0/0/0/0/0/0/0/0/0/0/0/0/0/0/0/0/0/0/0/0/0/0/0/0/0/0/0/0/0/0/0/0/0/0/0/0/0/0/0/0/0/0/0/0/0/0/0/0/0/0/0/0/0/0/0/0/0/0/0/0/0/0/0/0/0/0/0/0/0/0/0/0/0/0/0/0/0/0/0/0/0/0/0/0/0/0/0/0/0/0/0/0/0/0/0/0/0/0/0/0/0/0/0/0/0/0/0/0/0/0/0/0/0/0/0/0/0/0/0/0/0/0/0/0/0/0/0/0/0/0/0/0/0/0/0/0/0/0/0/0/0/0/0/0/0/0/0/0/0/0/0/0/0/0/0/0/0/0/0/0/0/0/0/0/0/0/0/0/0/0/0/0/0/0/0/0/0/0/0/0/0/0/0/0/0/0/0/0/0/0/0/0/0/0/0/0/0/0/0/0/0/0/0/0/0/0/0/0/0/0/0/0/0/0/0/0/0/0/0/0/0/0/0/0/0/0/0/0/0/0/0/0/0/0/0/0/0/0,382.04/248.103/248.101/248.76/246.653/246.779/279.418/248.89/246.661/4092.51/4743.06/4990.46/5271.98/4307.87/4198.68/4701.65/4727.88/0/0/0/0/0/0/0/0/0/0/0/0/0/0/0/0/0/0/0/0/0/0/0/0/0/0/0/0/0/0/0/0/0/0/0/0/0/0/0/0/0/0/0/0/0/0/0/0/0/0/0/0/0/0/0/0/0/0/0/0/0/0/0/0/0/0/0/0/0/0/0/0/0/0/0/0/0/0/0/0/0/0/0/0/0/0/0/0/0/0/0/0/0/0/0/0/0/0/0/0/0/0/0/0/0/0/0/0/0/0/0/0/0/0/0/0/0/0/0/0/0/0/0/0/0/0/0/0/0/0/0/0/0/0/0/0/0/0/0/0/0/0/0/0/0/0/0/0/0/0/0/0/0/0/0/0/0/0/0/0/0/0/0/0/0/0/0/0/0/0/0/0/0/0/0/0/0/0/0/0/0/0/0/0/0/0/0/0/0/0/0/0/0/0/0/0/0/0/0/0/0/0/0/0/0/0/0/0/0/0/0/0/0/0/0/0/0/0/0/0/0/0/0/0/0/0/0/0/0/0/0/0/0/0/0/0/0/0/0/0/0/0/0/0/0/0/0/0/0/0/0/0/0/0/0/0/0/0/0,,,8681,2.0147970013657628e-11,3.3910156250000013e-11,-2.022584367476242e-06,-1.5505840382065605,0,0.0,32376,6.958916462565051e-11,1.2646875000000004e-10,1.607101217007002e-06,3.8204017998503924e-07,6.187184335382292e-07,4.084046757576796e-06,1,1,nan,0.4300476204425305,26,17/16/13/12/11/10/14/13/15/17/16/7/6/3/12/1/17/2/17/4/5/8/9/10/14/15,25,4214.2,1.0,,,2.675948052912183e-09,,,,,,,,,,,,,,1,24844,50,522786710.81323206,179196808.06863874,2.9173885207429935,2,-445525788.078037,-271103625.932361,-467016713.220034,-143893.563237,-38253458.455128,-426836.536501,-440431426.656313,-20489610.95562,11042,524683.036697,7204950.417749,20301832.114933,71195658.486272,-177917965.129604,-174443308.11574,-1.4096,1.4606,-0.377,0.4066,0.0065,0.2383,3.4242,0.4974,0.014,0.4257,0.8155,0.4652,639,6196,19695,,,
640,6.1107996e-05,5969.03,5.141289118816265e-08,1.1593164062500004e-16,9.068359375000004e-18,276,17,17,16,17/16/13/12/11/7/6/3/1/2/4/5/8/9/10/14/15,0,95,3,0.139893/0.288818/0.347168/0.38916/0.272949/0.332764/0.102539/0.347168/0.266602/0.354004/1.2771/1.22119/1.14868/1.01538/0.481201/0.416748/0.666992/0/0/0/0/0/0/0/0/0/0/0/0/0/0/0/0/0/0/0/0/0/0/0/0/0/0/0/0/0/0/0/0/0/0/0/0/0/0/0/0/0/0/0/0/0/0/0/0/0/0/0/0/0/0/0/0/0/0/0/0/0/0/0/0/0/0/0/0/0/0/0/0/0/0/0/0/0/0/0/0/0/0/0/0/0/0/0/0/0/0/0/0/0/0/0/0/0/0/0/0/0/0/0/0/0/0/0/0/0/0/0/0/0/0/0/0/0/0/0/0/0/0/0/0/0/0/0/0/0/0/0/0/0/0/0/0/0/0/0/0/0/0/0/0/0/0/0/0/0/0/0/0/0/0/0/0/0/0/0/0/0/0/0/0/0/0/0/0/0/0/0/0/0/0/0/0/0/0/0/0/0/0/0/0/0/0/0/0/0/0/0/0/0/0/0/0/0/0/0/0/0/0/0/0/0/0/0/0/0/0/0/0/0/0/0/0/0/0/0/0/0/0/0/0/0/0/0/0/0/0/0/0/0/0/0/0/0/0/0/0/0/0/0/0/0/0/0/0/0/0/0/0/0/0/0/0/0/0/0,382.04/248.103/248.101/248.76/246.653/246.779/279.418/248.89/246.661/4092.51/4743.06/4990.46/5271.98/4307.87/4198.68/4701.65/4727.88/0/0/0/0/0/0/0/0/0/0/0/0/0/0/0/0/0/0/0/0/0/0/0/0/0/0/0/0/0/0/0/0/0/0/0/0/0/0/0/0/0/0/0/0/0/0/0/0/0/0/0/0/0/0/0/0/0/0/0/0/0/0/0/0/0/0/0/0/0/0/0/0/0/0/0/0/0/0/0/0/0/0/0/0/0/0/0/0/0/0/0/0/0/0/0/0/0/0/0/0/0/0/0/0/0/0/0/0/0/0/0/0/0/0/0/0/0/0/0/0/0/0/0/0/0/0/0/0/0/0/0/0/0/0/0/0/0/0/0/0/0/0/0/0/0/0/0/0/0/0/0/0/0/0/0/0/0/0/0/0/0/0/0/0/0/0/0/0/0/0/0/0/0/0/0/0/0/0/0/0/0/0/0/0/0/0/0/0/0/0/0/0/0/0/0/0/0/0/0/0/0/0/0/0/0/0/0/0/0/0/0/0/0/0/0/0/0/0/0/0/0/0/0/0/0/0/0/0/0/0/0/0/0/0/0/0/0/0/0/0/0/0/0/0/0/0/0/0/0/0/0/0/0/0/0/0/0/0/0,,,8637,2.0040273955777793e-11,3.373828125000001e-11,-2.0222737015498196e-06,-1.5456133833838048,0,0.0,32226,6.935101674147166e-11,1.2588281250000005e-10,1.607718979186905e-06,3.8204017998503924e-07,6.187184335382292e-07,4.1147260309782624e-06,1,1,nan,0.42910434968232475,26,17/16/13/12/11/10/14/13/15/17/16/7/6/3/12/1/17/2/17/4/5/8/9/10/14/15,25,4216.2,1.0,,,2.6486289622839785e-09,,,,,,,,,,,,,,1,24350,49,521640025.2028645,172167437.36430264,3.0298413752833255,2,-445740554.37171,-259236439.635567,-469438926.15149,-124701.245376,-30502054.563369,-372826.500911,-434545444.140806,-16348001.155551,11139,2755486.38211,11930540.241086,53692413.177451,76348025.284305,-176161828.993922,-169763312.953676,-1.2871,1.3559,-0.3357,0.37,0.0063,0.2214,3.2938,0.4517,0.0137,0.4107,0.8171,0.4565,616,6163,19256,,,
660,6.1107996e-05,6087.52,5.141289118816265e-08,1.1603198242187506e-16,8.968017578125003e-18,276,17,17,16,17/16/13/12/11/7/6/3/1/2/4/5/8/9/10/14/15,0,92,3,0.140137/0.289307/0.346191/0.388184/0.271729/0.332031/0.0930176/0.34668/0.265869/0.352783/1.2832/1.22339/1.15015/1.0022/0.451172/0.40332/0.628662/0/0/0/0/0/0/0/0/0/0/0/0/0/0/0/0/0/0/0/0/0/0/0/0/0/0/0/0/0/0/0/0/0/0/0/0/0/0/0/0/0/0/0/0/0/0/0/0/0/0/0/0/0/0/0/0/0/0/0/0/0/0/0/0/0/0/0/0/0/0/0/0/0/0/0/0/0/0/0/0/0/0/0/0/0/0/0/0/0/0/0/0/0/0/0/0/0/0/0/0/0/0/0/0/0/0/0/0/0/0/0/0/0/0/0/0/0/0/0/0/0/0/0/0/0/0/0/0/0/0/0/0/0/0/0/0/0/0/0/0/0/0/0/0/0/0/0/0/0/0/0/0/0/0/0/0/0/0/0/0/0/0/0/0/0/0/0/0/0/0/0/0/0/0/0/0/0/0/0/0/0/0/0/0/0/0/0/0/0/0/0/0/0/0/0/0/0/0/0/0/0/0/0/0/0/0/0/0/0/0/0/0/0/0/0/0/0/0/0/0/0/0/0/0/0/0/0/0/0/0/0/0/0/0/0/0/0/0/0/0/0/0/0/0/0/0/0/0/0/0/0/0/0/0/0/0/0/0/0,383.473/248.101/248.101/248.76/246.653/246.779/279.418/248.89/246.661/4092.51/4743.06/4990.46/5271.98/4307.87/4198.68/4701.65/4727.88/0/0/0/0/0/0/0/0/0/0/0/0/0/0/0/0/0/0/0/0/0/0/0/0/0/0/0/0/0/0/0/0/0/0/0/0/0/0/0/0/0/0/0/0/0/0/0/0/0/0/0/0/0/0/0/0/0/0/0/0/0/0/0/0/0/0/0/0/0/0/0/0/0/0/0/0/0/0/0/0/0/0/0/0/0/0/0/0/0/0/0/0/0/0/0/0/0/0/0/0/0/0/0/0/0/0/0/0/0/0/0/0/0/0/0/0/0/0/0/0/0/0/0/0/0/0/0/0/0/0/0/0/0/0/0/0/0/0/0/0/0/0/0/0/0/0/0/0/0/0/0/0/0/0/0/0/0/0/0/0/0/0/0/0/0/0/0/0/0/0/0/0/0/0/0/0/0/0/0/0/0/0/0/0/0/0/0/0/0/0/0/0/0/0/0/0/0/0/0/0/0/0/0/0/0/0/0/0/0/0/0/0/0/0/0/0/0/0/0/0/0/0/0/0/0/0/0/0/0/0/0/0/0/0/0/0/0/0/0/0/0/0/0/0/0/0/0/0/0/0/0/0/0/0/0/0/0/0/0,,,8601,1.9952998280546904e-11,3.3597656250000014e-11,-2.021809119950684e-06,-1.5381800777976349,0,0.0,32014,6.8976700273618e-11,1.2505468750000004e-10,1.6079589089103871e-06,3.8347344354511475e-07,6.187184335382292e-07,4.1147260309782624e-06,1,1,nan,0.42796790394836204,26,17/16/13/12/11/10/14/13/15/17/16/7/6/3/12/1/17/2/17/4/5/8/9/10/14/15,25,4219.9,1.0,,,2.624965948308441e-09,,,,,,,,,,,,,,1,23861,45,520258506.7406423,170008935.04151577,3.060183316915646,2,-444654660.607139,-249325455.869883,-470762512.91327,-111894.116133,-24022650.708403,-353474.455061,-432920151.576204,-11479430.139315,11127,3476618.924609,15610775.17457,76636400.097997,74432266.57365,-175483543.418801,-165967670.909155,-1.0962,1.1927,-0.3057,0.3453,0.0061,0.2122,2.8331,0.4202,0.0135,0.4199,0.8199,0.4506,593,6146,18884,,,
680,6.1107996e-05,6208.95,5.141289118816265e-08,1.1612011718750005e-16,8.879882812500005e-18,276,17,17,16,17/16/13/12/11/7/6/3/1/2/4/5/8/9/10/14/15,0,105,3,0.140381/0.288574/0.345947/0.387451/0.270996/0.331055/0.0864258/0.345947/0.264648/0.352295/1.28784/1.22705/1.15088/0.994385/0.414307/0.396729/0.594971/0/0/0/0/0/0/0/0/0/0/0/0/0/0/0/0/0/0/0/0/0/0/0/0/0/0/0/0/0/0/0/0/0/0/0/0/0/0/0/0/0/0/0/0/0/0/0/0/0/0/0/0/0/0/0/0/0/0/0/0/0/0/0/0/0/0/0/0/0/0/0/0/0/0/0/0/0/0/0/0/0/0/0/0/0/0/0/0/0/0/0/0/0/0/0/0/0/0/0/0/0/0/0/0/0/0/0/0/0/0/0/0/0/0/0/0/0/0/0/0/0/0/0/0/0/0/0/0/0/0/0/0/0/0/0/0/0/0/0/0/0/0/0/0/0/0/0/0/0/0/0/0/0/0/0/0/0/0/0/0/0/0/0/0/0/0/0/0/0/0/0/0/0/0/0/0/0/0/0/0/0/0/0/0/0/0/0/0/0/0/0/0/0/0/0/0/0/0/0/0/0/0/0/0/0/0/0/0/0/0/0/0/0/0/0/0/0/0/0/0/0/0/0/0/0/0/0/0/0/0/0/0/0/0/0/0/0/0/0/0/0/0/0/0/0/0/0/0/0/0/0/0/0/0/0/0/0/0/0,383.482/248.101/248.101/248.76/246.664/246.779/279.418/248.89/246.661/4092.51/4743.06/4990.46/5271.98/4307.87/4198.68/4701.65/4727.88/0/0/0/0/0/0/0/0/0/0/0/0/0/0/0/0/0/0/0/0/0/0/0/0/0/0/0/0/0/0/0/0/0/0/0/0/0/0/0/0/0/0/0/0/0/0/0/0/0/0/0/0/0/0/0/0/0/0/0/0/0/0/0/0/0/0/0/0/0/0/0/0/0/0/0/0/0/0/0/0/0/0/0/0/0/0/0/0/0/0/0/0/0/0/0/0/0/0/0/0/0/0/0/0/0/0/0/0/0/0/0/0/0/0/0/0/0/0/0/0/0/0/0/0/0/0/0/0/0/0/0/0/0/0/0/0/0/0/0/0/0/0/0/0/0/0/0/0/0/0/0/0/0/0/0/0/0/0/0/0/0/0/0/0/0/0/0/0/0/0/0/0/0/0/0/0/0/0/0/0/0/0/0/0/0/0/0/0/0/0/0/0/0/0/0/0/0/0/0/0/0/0/0/0/0/0/0/0/0/0/0/0/0/0/0/0/0/0/0/0/0/0/0/0/0/0/0/0/0/0/0/0/0/0/0/0/0/0/0/0/0/0/0/0/0/0/0/0/0/0/0/0/0/0/0/0/0/0/0,,,8564,1.9862675398857263e-11,3.345312500000001e-11,-2.0218985833118247e-06,-1.5396114915758872,0,0.0,31896,6.875165787898807e-11,1.2459375000000004e-10,1.6079458512538694e-06,3.834816266766341e-07,6.187184335382292e-07,4.1147260309782624e-06,1,1,nan,0.4272443989768117,26,17/16/13/12/11/10/14/13/15/17/16/7/6/3/12/1/17/2/17/4/5/8/9/10/14/15,25,4223.2,1.0,,,2.603330743708286e-09,,,,,,,,,,,,,,1,23405,45,519378979.064278,166885993.88377115,3.1121783618702175,2,-444818493.564518,-239395161.250512,-472078871.978872,-104532.772693,-18208463.058287,-337543.608635,-431891442.605043,-8453571.674069,11177,3874887.106333,19572887.663699,78310136.097955,78395107.714878,-175552881.867508,-161601362.722251,-0.9665,1.0568,-0.2681,0.3151,0.0058,0.2035,2.5848,0.3833,0.0131,0.4076,0.8196,0.4432,552,6149,18511,,,
700,6.1107996e-05,6334.15,5.141289118816265e-08,1.1618725585937506e-16,8.812744140625004e-18,276,17,17,16,17/16/13/12/11/7/6/3/1/2/4/5/8/9/10/14/15,0,105,3,0.140381/0.28833/0.345947/0.387207/0.270508/0.330322/0.081543/0.344482/0.263672/0.351807/1.29395/1.229/1.1543/0.989014/0.384766/0.393555/0.563965/0/0/0/0/0/0/0/0/0/0/0/0/0/0/0/0/0/0/0/0/0/0/0/0/0/0/0/0/0/0/0/0/0/0/0/0/0/0/0/0/0/0/0/0/0/0/0/0/0/0/0/0/0/0/0/0/0/0/0/0/0/0/0/0/0/0/0/0/0/0/0/0/0/0/0/0/0/0/0/0/0/0/0/0/0/0/0/0/0/0/0/0/0/0/0/0/0/0/0/0/0/0/0/0/0/0/0/0/0/0/0/0/0/0/0/0/0/0/0/0/0/0/0/0/0/0/0/0/0/0/0/0/0/0/0/0/0/0/0/0/0/0/0/0/0/0/0/0/0/0/0/0/0/0/0/0/0/0/0/0/0/0/0/0/0/0/0/0/0/0/0/0/0/0/0/0/0/0/0/0/0/0/0/0/0/0/0/0/0/0/0/0/0/0/0/0/0/0/0/0/0/0/0/0/0/0/0/0/0/0/0/0/0/0/0/0/0/0/0/0/0/0/0/0/0/0/0/0/0/0/0/0/0/0/0/0/0/0/0/0/0/0/0/0/0/0/0/0/0/0/0/0/0/0/0/0/0/0/0,383.482/248.101/248.099/248.76/246.664/246.779/279.418/248.89/246.661/4092.51/4743.06/4990.46/5271.98/4307.87/4193.56/4701.65/4727.88/0/0/0/0/0/0/0/0/0/0/0/0/0/0/0/0/0/0/0/0/0/0/0/0/0/0/0/0/0/0/0/0/0/0/0/0/0/0/0/0/0/0/0/0/0/0/0/0/0/0/0/0/0/0/0/0/0/0/0/0/0/0/0/0/0/0/0/0/0/0/0/0/0/0/0/0/0/0/0/0/0/0/0/0/0/0/0/0/0/0/0/0/0/0/0/0/0/0/0/0/0/0/0/0/0/0/0/0/0/0/0/0/0/0/0/0/0/0/0/0/0/0/0/0/0/0/0/0/0/0/0/0/0/0/0/0/0/0/0/0/0/0/0/0/0/0/0/0/0/0/0/0/0/0/0/0/0/0/0/0/0/0/0/0/0/0/0/0/0/0/0/0/0/0/0/0/0/0/0/0/0/0/0/0/0/0/0/0/0/0/0/0/0/0/0/0/0/0/0/0/0/0/0/0/0/0/0/0/0/0/0/0/0/0/0/0/0/0/0/0/0/0/0/0/0/0/0/0/0/0/0/0/0/0/0/0/0/0/0/0/0/0/0/0/0/0/0/0/0/0/0/0/0/0/0/0/0/0/0,1-2:0.371481/1-3:0.371481/2-4:1.36317/2-16:0.0442973/2-17:0.0797727/3-6:1.63446/4-5:1.60003/4-13:0.0278332/4-16:0.135169/4-17:0.00650357/5-8:1.05122/5-13:0.0983746/5-16:0.00518499/6-7:1.28863/8-9:1.48774/8-11:0.0213296/8-12:0.178557/8-13:0.00864161/9-10:0.999514/9-11:0.127436/9-12:0.00691323/10-11:0.559269/10-14:1.44995/11-12:2.10736/12-13:1.62013/13-16:1.53813/14-15:0.00304708/16-17:1.62054,1-2:-28.483/1-3:-33.918/2-4:-24.543/2-16:-24.364/2-17:-25.374/3-6:-37.853/4-5:-20.552/4-13:-20.337/4-16:-21.537/4-17:-23.29/5-8:-16.605/5-13:-18.427/5-16:-19.949/6-7:-41.817/8-9:-12.612/8-11:-12.45/8-12:-14.018/8-13:-15.326/9-10:-8.6429/9-11:-10.182/9-12:-11.257/10-11:-10.159/10-14:-4.8828/11-12:-53.625/12-13:-56.551/13-16:-57.198/14-15:1.056/16-17:-50.593,8542,1.9806189829877077e-11,3.336718750000001e-11,-2.0215240326252263e-06,-1.5336186805903131,0,0.0,31786,6.86090205512512e-11,1.2416406250000004e-10,1.6073712205725833e-06,3.834816266766341e-07,6.187184335382292e-07,4.084046757576796e-06,1,1,nan,0.4264830109193107,26,17/16/13/12/11/10/14/13/15/17/16/7/6/3/12/1/17/2/17/4/5/8/9/10/14/15,25,4224.7,1.0,,,2.5839218380429265e-09,5,17/1/1/1/1,1/1/1/1/1,1,1,1/0/0/0/0/0/0/0/0/0/0/0,1.0,17/1/1/1/1,6038/4197/4210/2524/4210,7399/3799/5370/3317/6835,6983/4154/4243/4198/4198,17/1/1/1/1,25/3/3/2/4,1,23045,43,518453398.8742892,165529023.97554642,3.1320996549274662,2,-455029339.683576,-231640087.415398,-473889520.548498,-102248.468556,-13757386.756759,-322629.080882,-428153460.351039,-6568424.699275,11188,3350345.057686,22743132.873007,42806891.948152,82819706.718455,-175425672.614615,-158479123.452451,-1.0689,1.1444,-0.2366,0.29,0.0056,0.193,2.957,0.3527,0.0128,0.3859,0.8199,0.4366,539,6153,18236,3378.5,618.7,395.3
720,7.1292662e-05,6578.45,4.875630719935003e-08,1.1422973632812504e-16,1.0770263671875005e-17,276,18,17,16,17/16/13/12/11/7/6/3/1/2/4/5/8/9/10/14/15,0,107,3,0.140137/0.287109/0.345459/0.386963/0.269531/0.32959/0.0769043/0.343506/0.262939/0.907471/1.28394/1.23169/1.15894/1.72437/0.357666/0.391357/0.533936/0/0/0/0/0/0/0/0/0/0/0/0/0/0/0/0/0/0/0/0/0/0/0/0/0/0/0/0/0/0/0/0/0/0/0/0/0/0/0/0/0/0/0/0/0/0/0/0/0/0/0/0/0/0/0/0/0/0/0/0/0/0/0/0/0/0/0/0/0/0/0/0/0/0/0/0.73877/0/0/0/0/0/0/0/0/0/0/0/0/0/0/0/0/0/0/0/0/0/0/0/0/0/0/0/0/0/0/0/0/0/0/0/0/0/0/0/0/0/0/0/0/0/0/0/0/0/0/0/0/0/0/0/0/0/0/0/0/0/0/0/0/0/0/0/0/0/0/0/0/0/0/0/0/0/0/0/0/0/0/0/0/0/0/0/0/0/0/0/0/0/0/0/0/0/0/0/0/0/0/0/0/0/0/0/0/0/0/0/0/0/0/0/0/0/0/0/0/0/0/0/0/0/0/0/0/0/0/0/0/0/0/0/0/0/0/0/0/0/0/0/0/0/0/0/0/0/0/0/0/0/0/0/0/0/0/0/0/0/0/0/0/0/0/0/0/0/0/0/0/0/0/0/0/0/0/0/0/0/0/0,383.482/248.101/248.099/248.76/246.664/246.779/279.418/248.89/246.661/4480.3/4754.72/4990.45/5271.98/4735.12/4193.56/4701.65/4727.88/0/0/0/0/0/0/0/0/0/0/0/0/0/0/0/0/0/0/0/0/0/0/0/0/0/0/0/0/0/0/0/0/0/0/0/0/0/0/0/0/0/0/0/0/0/0/0/0/0/0/0/0/0/0/0/0/0/0/0/0/0/0/0/0/0/0/0/0/0/0/0/0/0/0/0/6257.38/0/0/0/0/0/0/0/0/0/0/0/0/0/0/0/0/0/0/0/0/0/0/0/0/0/0/0/0/0/0/0/0/0/0/0/0/0/0/0/0/0/0/0/0/0/0/0/0/0/0/0/0/0/0/0/0/0/0/0/0/0/0/0/0/0/0/0/0/0/0/0/0/0/0/0/0/0/0/0/0/0/0/0/0/0/0/0/0/0/0/0/0/0/0/0/0/0/0/0/0/0/0/0/0/0/0/0/0/0/0/0/0/0/0/0/0/0/0/0/0/0/0/0/0/0/0/0/0/0/0/0/0/0/0/0/0/0/0/0/0/0/0/0/0/0/0/0/0/0/0/0/0/0/0/0/0/0/0/0/0/0/0/0/0/0/0/0/0/0/0/0/0/0/0/0/0/0/0/0/0/0/0/0,,,8761,2.017941490357907e-11,3.422265625000001e-11,-1.959697606205832e-06,-0.5443958578800044,377,8.348816221244538e-13,39176,8.489969078373291e-11,1.5303125000000005e-10,1.6231611821782369e-06,2.2885222575912827e-06,8.838834764831848e-07,4.117822288167554e-06,1,1,nan,0.40488166538358306,25,17/16/13/12/11/93/10/15/17/16/7/6/3/12/1/17/2/4/5/8/9/10/14/15/93,21,4100.3,1.0,,,2.8721753954379034e-09,,,,,,,,,,,,,,1,34227,43,519011909.22866464,198634074.78245965,2.6129047083038337,2,-342617277.669666,-231751541.522958,-412891847.493255,-88741.620041,-3379357.146364,-262698.059023,-369385533.433666,-627820.937487,13559,48174433.347941,46470074.451243,254914569.862996,271155088.743677,-119282888.386775,-144348563.661755,-0.574,1.3359,-0.1655,0.2815,0.0118,0.2222,2.6549,0.3351,0.0096,0.4218,0.8177,0.523,780,7920,21863,,,
740,7.1292662e-05,6701.53,4.875630719935003e-08,1.1426342773437504e-16,1.0736572265625005e-17,276,18,17,16,17/16/13/12/11/7/6/3/1/2/4/5/8/9/10/14/15,0,113,3,0.140137/0.286377/0.344971/0.386719/0.267822/0.327637/0.0749512/0.343018/0.260742/0.899902/1.30933/1.2356/1.16357/1.7146/0.336914/0.390137/0.503906/0/0/0/0/0/0/0/0/0/0/0/0/0/0/0/0/0/0/0/0/0/0/0/0/0/0/0/0/0/0/0/0/0/0/0/0/0/0/0/0/0/0/0/0/0/0/0/0/0/0/0/0/0/0/0/0/0/0/0/0/0/0/0/0/0/0/0/0/0/0/0/0/0/0/0/0.750244/0/0/0/0/0/0/0/0/0/0/0/0/0/0/0/0/0/0/0/0/0/0/0/0/0/0/0/0/0/0/0/0/0/0/0/0/0/0/0/0/0/0/0/0/0/0/0/0/0/0/0/0/0/0/0/0/0/0/0/0/0/0/0/0/0/0/0/0/0/0/0/0/0/0/0/0/0/0/0/0/0/0/0/0/0/0/0/0/0/0/0/0/0/0/0/0/0/0/0/0/0/0/0/0/0/0/0/0/0/0/0/0/0/0/0/0/0/0/0/0/0/0/0/0/0/0/0/0/0/0/0/0/0/0/0/0/0/0/0/0/0/0/0/0/0/0/0/0/0/0/0/0/0/0/0/0/0/0/0/0/0/0/0/0/0/0/0/0/0/0/0/0/0/0/0/0/0/0/0/0/0/0/0,383.482/248.101/248.099/248.76/246.664/246.779/279.418/248.89/246.661/4480.3/4756.82/4990.45/5271.98/4737.3/4171.02/4685.66/4727.88/0/0/0/0/0/0/0/0/0/0/0/0/0/0/0/0/0/0/0/0/0/0/0/0/0/0/0/0/0/0/0/0/0/0/0/0/0/0/0/0/0/0/0/0/0/0/0/0/0/0/0/0/0/0/0/0/0/0/0/0/0/0/0/0/0/0/0/0/0/0/0/0/0/0/0/6257.38/0/0/0/0/0/0/0/0/0/0/0/0/0/0/0/0/0/0/0/0/0/0/0/0/0/0/0/0/0/0/0/0/0/0/0/0/0/0/0/0/0/0/0/0/0/0/0/0/0/0/0/0/0/0/0/0/0/0/0/0/0/0/0/0/0/0/0/0/0/0/0/0/0/0/0/0/0/0/0/0/0/0/0/0/0/0/0/0/0/0/0/0/0/0/0/0/0/0/0/0/0/0/0/0/0/0/0/0/0/0/0/0/0/0/0/0/0/0/0/0/0/0/0/0/0/0/0/0/0/0/0/0/0/0/0/0/0/0/0/0/0/0/0/0/0/0/0/0/0/0/0/0/0/0/0/0/0/0/0/0/0/0/0/0/0/0/0/0/0/0/0/0/0/0/0/0/0/0/0/0/0/0/0,,,8741,2.012770414639698e-11,3.4144531250000014e-11,-1.956846066619863e-06,-0.49877122450450034,384,8.52254926176076e-13,39074,8.475505519581775e-11,1.5263281250000006e-10,1.6238595326617525e-06,2.2772518855301457e-06,8.838834764831848e-07,4.117822288167554e-06,1,1,nan,0.40418656372477657,24,17/16/13/12/11/93/10/15/17/16/7/6/3/12/1/2/4/5/8/9/10/14/15/93,20,4100.1,1.0,,,2.8550444515508853e-09,,,,,,,,,,,,,,1,34017,42,518120868.5372978,187898456.4190745,2.757451436331761,2,-365401163.380422,-224050081.49452,-413144876.943542,-85257.965637,-248599.187985,-243047.691729,-363058730.749746,-423917.909743,13733,34809154.990323,50197270.564744,180672798.594509,245698240.786574,-125538336.33989,-140596901.657636,-0.4451,1.0915,-0.1412,0.2676,0.0091,0.201,2.3311,0.3185,0.0094,0.3992,0.8184,0.521,729,7912,21615,,,
760,7.1292662e-05,6833.61,4.875630719935003e-08,1.1428979492187505e-16,1.0710205078125005e-17,276,18,17,16,17/16/13/12/11/7/6/3/1/2/4/5/8/9/10/14/15,0,114,3,0.139893/0.286133/0.345215/0.38623/0.266846/0.326904/0.0710449/0.343262/0.260254/0.893555/1.3313/1.23901/1.16821/1.70752/0.317627/0.38916/0.480225/0/0/0/0/0/0/0/0/0/0/0/0/0/0/0/0/0/0/0/0/0/0/0/0/0/0/0/0/0/0/0/0/0/0/0/0/0/0/0/0/0/0/0/0/0/0/0/0/0/0/0/0/0/0/0/0/0/0/0/0/0/0/0/0/0/0/0/0/0/0/0/0/0/0/0/0.757813/0/0/0/0/0/0/0/0/0/0/0/0/0/0/0/0/0/0/0/0/0/0/0/0/0/0/0/0/0/0/0/0/0/0/0/0/0/0/0/0/0/0/0/0/0/0/0/0/0/0/0/0/0/0/0/0/0/0/0/0/0/0/0/0/0/0/0/0/0/0/0/0/0/0/0/0/0/0/0/0/0/0/0/0/0/0/0/0/0/0/0/0/0/0/0/0/0/0/0/0/0/0/0/0/0/0/0/0/0/0/0/0/0/0/0/0/0/0/0/0/0/0/0/0/0/0/0/0/0/0/0/0/0/0/0/0/0/0/0/0/0/0/0/0/0/0/0/0/0/0/0/0/0/0/0/0/0/0/0/0/0/0/0/0/0/0/0/0/0/0/0/0/0/0/0/0/0/0/0/0/0/0/0,383.482/247.442/249.664/248.76/246.664/246.779/279.418/248.89/246.661/4480.3/4756.82/4990.45/5271.98/4735.08/4171.02/4685.66/4727.88/0/0/0/0/0/0/0/0/0/0/0/0/0/0/0/0/0/0/0/0/0/0/0/0/0/0/0/0/0/0/0/0/0/0/0/0/0/0/0/0/0/0/0/0/0/0/0/0/0/0/0/0/0/0/0/0/0/0/0/0/0/0/0/0/0/0/0/0/0/0/0/0/0/0/0/6257.38/0/0/0/0/0/0/0/0/0/0/0/0/0/0/0/0/0/0/0/0/0/0/0/0/0/0/0/0/0/0/0/0/0/0/0/0/0/0/0/0/0/0/0/0/0/0/0/0/0/0/0/0/0/0/0/0/0/0/0/0/0/0/0/0/0/0/0/0/0/0/0/0/0/0/0/0/0/0/0/0/0/0/0/0/0/0/0/0/0/0/0/0/0/0/0/0/0/0/0/0/0/0/0/0/0/0/0/0/0/0/0/0/0/0/0/0/0/0/0/0/0/0/0/0/0/0/0/0/0/0/0/0/0/0/0/0/0/0/0/0/0/0/0/0/0/0/0/0/0/0/0/0/0/0/0/0/0/0/0/0/0/0/0/0/0/0/0/0/0/0/0/0/0/0/0/0/0/0/0/0/0/0/0,,,8736,2.0105874583656096e-11,3.412500000000001e-11,-1.9523537902133435e-06,-0.42689480200018765,389,8.701278592029873e-13,38940,8.454192820687527e-11,1.5210937500000006e-10,1.623512113461677e-06,2.2772518855301457e-06,8.838834764831848e-07,4.138251528894243e-06,1,1,nan,0.4034586627309002,24,17/16/13/12/11/93/10/15/17/16/7/6/3/12/1/2/4/5/8/9/10/14/15/93,20,4100.0,1.0,,,2.8403927510096637e-09,,,,,,,,,,,,,,1,33840,37,517187782.8560696,182394957.6350323,2.835537722983271,2,-384270972.468346,-218492444.190867,-412770269.76273,-82166.255611,-172168.520243,-228930.591539,-355299496.192906,-348666.524165,13792,32342471.553954,52689673.206005,146671865.845786,199099646.388387,-134262927.301104,-138270191.509007,-0.4617,0.9941,-0.121,0.2565,0.0091,0.1893,2.227,0.306,0.0093,0.3956,0.821,0.5187,728,7937,21415,,,
780,7.1292662e-05,6961.1,4.875630719935003e-08,1.1431323242187505e-16,1.0686767578125005e-17,276,18,17,16,17/16/13/12/11/7/6/3/1/2/4/5/8/9/10/14/15,0,117,3,0.139648/0.285889/0.344482/0.385986/0.266113/0.325439/0.0690918/0.343018/0.259766/0.890869/1.35034/1.24341/1.17139/1.70313/0.296143/0.387207/0.459717/0/0/0/0/0/0/0/0/0/0/0/0/0/0/0/0/0/0/0/0/0/0/0/0/0/0/0/0/0/0/0/0/0/0/0/0/0/0/0/0/0/0/0/0/0/0/0/0/0/0/0/0/0/0/0/0/0/0/0/0/0/0/0/0/0/0/0/0/0/0/0/0/0/0/0/0.765137/0/0/0/0/0/0/0/0/0/0/0/0/0/0/0/0/0/0/0/0/0/0/0/0/0/0/0/0/0/0/0/0/0/0/0/0/0/0/0/0/0/0/0/0/0/0/0/0/0/0/0/0/0/0/0/0/0/0/0/0/0/0/0/0/0/0/0/0/0/0/0/0/0/0/0/0/0/0/0/0/0/0/0/0/0/0/0/0/0/0/0/0/0/0/0/0/0/0/0/0/0/0/0/0/0/0/0/0/0/0/0/0/0/0/0/0/0/0/0/0/0/0/0/0/0/0/0/0/0/0/0/0/0/0/0/0/0/0/0/0/0/0/0/0/0/0/0/0/0/0/0/0/0/0/0/0/0/0/0/0/0/0/0/0/0/0/0/0/0/0/0/0/0/0/0/0/0/0/0/0/0/0/0,383.482/247.442/249.664/248.76/246.664/246.779/279.418/248.89/246.661/4479.52/4762.71/4990.45/5271.98/4741.64/4171.02/4685.66/4727.88/0/0/0/0/0/0/0/0/0/0/0/0/0/0/0/0/0/0/0/0/0/0/0/0/0/0/0/0/0/0/0/0/0/0/0/0/0/0/0/0/0/0/0/0/0/0/0/0/0/0/0/0/0/0/0/0/0/0/0/0/0/0/0/0/0/0/0/0/0/0/0/0/0/0/0/6285.03/0/0/0/0/0/0/0/0/0/0/0/0/0/0/0/0/0/0/0/0/0/0/0/0/0/0/0/0/0/0/0/0/0/0/0/0/0/0/0/0/0/0/0/0/0/0/0/0/0/0/0/0/0/0/0/0/0/0/0/0/0/0/0/0/0/0/0/0/0/0/0/0/0/0/0/0/0/0/0/0/0/0/0/0/0/0/0/0/0/0/0/0/0/0/0/0/0/0/0/0/0/0/0/0/0/0/0/0/0/0/0/0/0/0/0/0/0/0/0/0/0/0/0/0/0/0/0/0/0/0/0/0/0/0/0/0/0/0/0/0/0/0/0/0/0/0/0/0/0/0/0/0/0/0/0/0/0/0/0/0/0/0/0/0/0/0/0/0/0/0/0/0/0/0/0/0/0/0/0/0/0/0/0,,,8731,2.007481395042786e-11,3.4105468750000015e-11,-1.947172309974957e-06,-0.3439911181860031,387,8.600780951857962e-13,38886,8.454355085729476e-11,1.5189843750000006e-10,1.6250512094838121e-06,2.2772518855301457e-06,8.838834764831848e-07,4.138251528894243e-06,1,1,nan,0.4039924857639584,24,17/16/13/12/11/93/10/15/17/16/7/6/3/12/1/2/4/5/8/9/10/14/15/93,20,4100.1,1.0,,,2.8270122598468346e-09,,,,,,,,,,,,,,1,33664,39,517872082.82632214,180060061.45991328,2.876107442302611,2,-406557899.140646,-215035938.668106,-414229217.428863,-88076.626948,-146907.791081,-217491.566251,-345249784.161513,-304602.319828,13962,22548478.285484,52220618.627802,159591386.672587,173974930.92953,-143698335.298358,-138682118.753355,-0.5165,0.9988,-0.1123,0.249,0.0081,0.1842,2.3459,0.2956,0.0092,0.3789,0.8211,0.5157,702,7941,21175,,,
800,7.1292662e-05,7095.61,4.875630719935003e-08,1.1433837890625005e-16,1.0661621093750004e-17,276,18,17,16,17/16/13/12/11/7/6/3/1/2/4/5/8/9/10/14/15,0,121,3,0.138916/0.286133/0.343994/0.38501/0.265625/0.325195/0.067627/0.342285/0.259033/0.886475/1.36401/1.24829/1.17822/1.69702/0.27417/0.38623/0.44043/0/0/0/0/0/0/0/0/0/0/0/0/0/0/0/0/0/0/0/0/0/0/0/0/0/0/0/0/0/0/0/0/0/0/0/0/0/0/0/0/0/0/0/0/0/0/0/0/0/0/0/0/0/0/0/0/0/0/0/0/0/0/0/0/0/0/0/0/0/0/0/0/0/0/0/0.772949/0/0/0/0/0/0/0/0/0/0/0/0/0/0/0/0/0/0/0/0/0/0/0/0/0/0/0/0/0/0/0/0/0/0/0/0/0/0/0/0/0/0/0/0/0/0/0/0/0/0/0/0/0/0/0/0/0/0/0/0/0/0/0/0/0/0/0/0/0/0/0/0/0/0/0/0/0/0/0/0/0/0/0/0/0/0/0/0/0/0/0/0/0/0/0/0/0/0/0/0/0/0/0/0/0/0/0/0/0/0/0/0/0/0/0/0/0/0/0/0/0/0/0/0/0/0/0/0/0/0/0/0/0/0/0/0/0/0/0/0/0/0/0/0/0/0/0/0/0/0/0/0/0/0/0/0/0/0/0/0/0/0/0/0/0/0/0/0/0/0/0/0/0/0/0/0/0/0/0/0/0/0/0,383.482/264.124/249.664/248.76/246.653/246.779/279.418/248.89/246.661/4479.52/4762.71/4989.01/5271.98/4741.64/4164.47/4685.66/4727.88/0/0/0/0/0/0/0/0/0/0/0/0/0/0/0/0/0/0/0/0/0/0/0/0/0/0/0/0/0/0/0/0/0/0/0/0/0/0/0/0/0/0/0/0/0/0/0/0/0/0/0/0/0/0/0/0/0/0/0/0/0/0/0/0/0/0/0/0/0/0/0/0/0/0/0/6285.03/0/0/0/0/0/0/0/0/0/0/0/0/0/0/0/0/0/0/0/0/0/0/0/0/0/0/0/0/0/0/0/0/0/0/0/0/0/0/0/0/0/0/0/0/0/0/0/0/0/0/0/0/0/0/0/0/0/0/0/0/0/0/0/0/0/0/0/0/0/0/0/0/0/0/0/0/0/0/0/0/0/0/0/0/0/0/0/0/0/0/0/0/0/0/0/0/0/0/0/0/0/0/0/0/0/0/0/0/0/0/0/0/0/0/0/0/0/0/0/0/0/0/0/0/0/0/0/0/0/0/0/0/0/0/0/0/0/0/0/0/0/0/0/0/0/0/0/0/0/0/0/0/0/0/0/0/0/0/0/0/0/0/0/0/0/0/0/0/0/0/0/0/0/0/0/0/0/0/0/0/0/0/0,1-2:0.371481/1-3:0.371481/2-4:1.3523/2-16:0.0425689/2-17:0.0745879/3-6:1.60926/4-5:1.58307/4-13:0.0278332/4-16:0.135169/4-17:0.00650357/5-8:1.04777/5-13:0.0966463/5-16:0.00518499/6-7:1.24293/8-9:1.46641/8-11:0.0213296/8-12:0.180285/8-13:0.00691323/9-10:0.983869/9-11:0.127436/9-12:0.00691323/10-11:0.774988/10-14:1.67891/11-12:2.10127/11-14:0.0600811/12-13:1.6049/13-16:1.50816/16-17:1.56983,1-2:-28.483/1-3:-33.918/2-4:-24.544/2-16:-24.364/2-17:-25.441/3-6:-37.854/4-5:-20.552/4-13:-20.337/4-16:-21.537/4-17:-23.29/5-8:-16.606/5-13:-18.346/5-16:-19.949/6-7:-41.823/8-9:-12.612/8-11:-12.45/8-12:-13.973/8-13:-15.472/9-10:-8.6414/9-11:-10.182/9-12:-11.257/10-11:-6.7848/10-14:-3.8829/11-12:-53.72/11-14:-19.038/12-13:-56.492/13-16:-57.014/16-17:-50.58,8732,2.0058079286931056e-11,3.410937500000001e-11,-1.9463890235574423e-06,-0.3314585355057694,383,8.478896529350492e-13,38874,8.463622627112982e-11,1.5185156250000006e-10,1.6262020793440883e-06,2.2739755770736317e-06,8.838834764831848e-07,4.138251528894243e-06,1,1,nan,0.4054143208957304,24,17/16/13/12/11/93/10/15/17/16/7/6/3/12/1/2/4/5/8/9/10/14/15/93,20,4102.2,1.0,,,2.8149301425464256e-09,7,16/1/1/1/1/1/1,1/1/1/1/5/1/5,2,2,0.927502/0/0/0/0.0724983/0/0/0/0/0/0/0,0.896871,16/1/1/1/1/1/1,5813/4202/4202/4210/6163/4164/2773,7399/3799/5370/6835/6174/3707/2593,6983/4198/4287/4287/4154/486/3801,16/1/1/1/1/1/1,25/3/3/4/5/2/2,1,33466,40,519694712.57086796,177245392.8300262,2.932063306543837,2,-406395305.211945,-211652112.370773,-414336635.552173,-90911.508104,-114512.407593,-205318.140376,-335932377.721611,-276523.802906,14100,22284012.937167,53222197.619427,158752769.109484,172944824.702182,-140726318.642166,-137273660.509937,-0.5801,1.0041,-0.1036,0.2397,0.0075,0.1755,2.4447,0.2858,0.009,0.3691,0.8217,0.5126,699,7931,20945,3209.8,640.8,407.3
820,8.1477328e-05,7343.34,4.6360773959283e-08,1.1227221679687506e-16,1.2727783203125006e-17,276,19,20,19,17/16/13/12/11/17/7/6/3/1/2/4/5/8/9/10/14/17/15/18,0,122,3,0.138916/0.287598/0.259033/0.384277/0.264404/0.32373/0.065918/0.341797/0.258057/0.885498/1.37573/1.26172/1.18726/1.70581/0.252197/1.10352/1.1377/0.709961/0/0/0/0/0/0/0/0/0/0/0/0/0/0/0/0/0/0/0/0/0/0/0/0/0/0/0/0/0/0/0/0/0/0/0/0/0/0/0/0/0/0/0/0/0/0/0/0/0/0/0/0/0/0/0/0/0/0/0/0/0/0/0/0/0/0/0/0/0/0/0/0/0/0/0.784668/0/0/0/0/0/0/0/0/0/0/0/0/0/0/0/0/0/0/0/0/0/0/0/0/0/0/0/0/0/0/0/0/0/0/0/0/0/0/0/0/0/0/0/0/0/0/0/0/0/0/0/0/0/0/0/0/0/0/0/0/0/0/0/0/0/0/0/0/0/0/0/0/0/0/0/0/0/0/0/0/0/0/0/0/0/0/0/0/0/0/0/0/0/0/0/0/0/0/0/0/0/0/0/0/0/0/0/0/0/0/0/0/0/0/0/0/0/0/0/0/0/0/0/0/0/0/0/0/0/0/0/0/0/0/0/0/0/0/0/0/0/0/0/0/0/0/0/0/0/0/0/0/0/0/0/0/0/0/0/0/0/0/0/0/0/0/0/0/0/0/0/0/0/0/0/0/0/0/0/0/0/0/0,383.482/291.778/249.664/248.76/246.653/246.779/279.418/248.89/246.661/4494.06/4775.82/5066.2/5286.53/4741.64/4164.47/8220.67/5794.56/4718.44/0/0/0/0/0/0/0/0/0/0/0/0/0/0/0/0/0/0/0/0/0/0/0/0/0/0/0/0/0/0/0/0/0/0/0/0/0/0/0/0/0/0/0/0/0/0/0/0/0/0/0/0/0/0/0/0/0/0/0/0/0/0/0/0/0/0/0/0/0/0/0/0/0/0/6285.03/0/0/0/0/0/0/0/0/0/0/0/0/0/0/0/0/0/0/0/0/0/0/0/0/0/0/0/0/0/0/0/0/0/0/0/0/0/0/0/0/0/0/0/0/0/0/0/0/0/0/0/0/0/0/0/0/0/0/0/0/0/0/0/0/0/0/0/0/0/0/0/0/0/0/0/0/0/0/0/0/0/0/0/0/0/0/0/0/0/0/0/0/0/0/0/0/0/0/0/0/0/0/0/0/0/0/0/0/0/0/0/0/0/0/0/0/0/0/0/0/0/0/0/0/0/0/0/0/0/0/0/0/0/0/0/0/0/0/0/0/0/0/0/0/0/0/0/0/0/0/0/0/0/0/0/0/0/0/0/0/0/0/0/0/0/0/0/0/0/0/0/0/0/0/0/0/0/0/0/0/0/0/0,,,9111,2.0854214839782784e-11,3.558984375000001e-11,-1.922733795737855e-06,0.04702510960762507,393,8.664917005192944e-13,46918,1.0225503834653823e-10,1.8327343750000007e-10,1.6191257297799506e-06,4.164469527470629e-06,1.1490485194281403e-06,4.161777026810224e-06,1,1,nan,0.37455050087276087,30,16/17/16/13/12/11/93/17/15/17/16/18/7/6/3/12/18/1/16/2/4/5/8/9/10/14/15/93/18/16,25,4441.0,1.0,,,3.3779564638435954e-09,,,,,,,,,,,,,,1,41775,41,504939937.48049146,180006478.18419984,2.8051209188359802,2,-438809757.016933,-232149370.107456,-383429973.722533,-105991.407981,-95376.574673,-261694.226994,-345467368.70115,-244649.102762,16272,22679131.390275,62403055.701905,164365108.938459,182259870.043053,-155164351.158134,-138277829.250247,-0.7903,1.2064,-0.1461,0.3066,0.0079,0.1933,2.8499,0.3644,0.0098,0.4025,0.8329,0.5855,785,9797,25281,,,
840,8.1477328e-05,7471.72,4.6360773959283e-08,1.1233886718750005e-16,1.2661132812500006e-17,276,19,20,19,17/16/13/12/11/17/7/6/3/1/2/4/5/8/9/10/14/17/15/18,0,125,3,0.138916/0.288574/0.258789/0.383301/0.263428/0.322754/0.0637207/0.341553/0.25708/0.885254/1.3877/1.27368/1.19702/1.7124/0.233887/1.07983/1.09741/0.682617/0/0/0/0/0/0/0/0/0/0/0/0/0/0/0/0/0/0/0/0/0/0/0/0/0/0/0/0/0/0/0/0/0/0/0/0/0/0/0/0/0/0/0/0/0/0/0/0/0/0/0/0/0/0/0/0/0/0/0/0/0/0/0/0/0/0/0/0/0/0/0/0/0/0/0.793213/0/0/0/0/0/0/0/0/0/0/0/0/0/0/0/0/0/0/0/0/0/0/0/0/0/0/0/0/0/0/0/0/0/0/0/0/0/0/0/0/0/0/0/0/0/0/0/0/0/0/0/0/0/0/0/0/0/0/0/0/0/0/0/0/0/0/0/0/0/0/0/0/0/0/0/0/0/0/0/0/0/0/0/0/0/0/0/0/0/0/0/0/0/0/0/0/0/0/0/0/0/0/0/0/0/0/0/0/0/0/0/0/0/0/0/0/0/0/0/0/0/0/0/0/0/0/0/0/0/0/0/0/0/0/0/0/0/0/0/0/0/0/0/0/0/0/0/0/0/0/0/0/0/0/0/0/0/0/0/0/0/0/0/0/0/0/0/0/0/0/0/0/0/0/0/0/0/0/0/0/0/0/0,383.482/291.778/249.664/248.76/246.653/246.779/279.418/248.89/246.661/4494.06/4775.82/5080.74/5286.53/4742.33/4164.47/8220.67/5806.89/4718.44/0/0/0/0/0/0/0/0/0/0/0/0/0/0/0/0/0/0/0/0/0/0/0/0/0/0/0/0/0/0/0/0/0/0/0/0/0/0/0/0/0/0/0/0/0/0/0/0/0/0/0/0/0/0/0/0/0/0/0/0/0/0/0/0/0/0/0/0/0/0/0/0/0/0/6285.03/0/0/0/0/0/0/0/0/0/0/0/0/0/0/0/0/0/0/0/0/0/0/0/0/0/0/0/0/0/0/0/0/0/0/0/0/0/0/0/0/0/0/0/0/0/0/0/0/0/0/0/0/0/0/0/0/0/0/0/0/0/0/0/0/0/0/0/0/0/0/0/0/0/0/0/0/0/0/0/0/0/0/0/0/0/0/0/0/0/0/0/0/0/0/0/0/0/0/0/0/0/0/0/0/0/0/0/0/0/0/0/0/0/0/0/0/0/0/0/0/0/0/0/0/0/0/0/0/0/0/0/0/0/0/0/0/0/0/0/0/0/0/0/0/0/0/0/0/0/0/0/0/0/0/0/0/0/0/0/0/0/0/0/0/0/0/0/0/0/0/0/0/0/0/0/0/0/0/0/0/0/0/0,,,9098,2.080141486209332e-11,3.553906250000001e-11,-1.9193216662873695e-06,0.10161918081539595,382,8.435238682483026e-13,46712,1.0200978716930829e-10,1.8246875000000006e-10,1.6198554725983845e-06,4.164469527470629e-06,1.1490485194281403e-06,4.161777026810224e-06,1,1,nan,0.37265857119711426,30,16/17/16/13/12/11/93/17/15/17/16/18/7/6/3/12/18/1/16/2/4/5/8/9/10/14/15/93/18/16,25,4445.2,1.0,,,3.353020319375685e-09,,,,,,,,,,,,,,1,41340,43,502389384.6180271,177079063.0900368,2.837090821756745,2,-411012378.028893,-228145916.311562,-382517820.621717,-84786.34714,-84052.37716,-237252.958164,-332911896.824184,-216650.422333,16517,31898267.683617,61951321.830789,238349713.090841,277980629.71967,-134716972.493542,-138716826.853373,-0.593,1.1451,-0.1348,0.2956,0.0077,0.1782,2.5845,0.3485,0.0096,0.4185,0.8365,0.5807,798,9706,24852,,,
860,8.1477328e-05,7597.21,4.6360773959283e-08,1.1238476562500004e-16,1.2615234375000007e-17,276,19,20,19,17/16/13/12/11/17/7/6/3/1/2/4/5/8/9/10/14/17/15/18,0,126,3,0.138672/0.288574/0.259521/0.383301/0.262939/0.322021/0.0625/0.34082/0.256592/0.883301/1.40112/1.28369/1.20654/1.7207/0.219238/1.05908/1.0603/0.661865/0/0/0/0/0/0/0/0/0/0/0/0/0/0/0/0/0/0/0/0/0/0/0/0/0/0/0/0/0/0/0/0/0/0/0/0/0/0/0/0/0/0/0/0/0/0/0/0/0/0/0/0/0/0/0/0/0/0/0/0/0/0/0/0/0/0/0/0/0/0/0/0/0/0/0.804443/0/0/0/0/0/0/0/0/0/0/0/0/0/0/0/0/0/0/0/0/0/0/0/0/0/0/0/0/0/0/0/0/0/0/0/0/0/0/0/0/0/0/0/0/0/0/0/0/0/0/0/0/0/0/0/0/0/0/0/0/0/0/0/0/0/0/0/0/0/0/0/0/0/0/0/0/0/0/0/0/0/0/0/0/0/0/0/0/0/0/0/0/0/0/0/0/0/0/0/0/0/0/0/0/0/0/0/0/0/0/0/0/0/0/0/0/0/0/0/0/0/0/0/0/0/0/0/0/0/0/0/0/0/0/0/0/0/0/0/0/0/0/0/0/0/0/0/0/0/0/0/0/0/0/0/0/0/0/0/0/0/0/0/0/0/0/0/0/0/0/0/0/0/0/0/0/0/0/0/0/0/0/0,383.482/291.778/249.664/248.76/246.653/246.779/279.418/248.89/246.661/4494.06/4775.82/5080.74/5286.53/4742.33/4164.47/8220.67/5806.89/4718.44/0/0/0/0/0/0/0/0/0/0/0/0/0/0/0/0/0/0/0/0/0/0/0/0/0/0/0/0/0/0/0/0/0/0/0/0/0/0/0/0/0/0/0/0/0/0/0/0/0/0/0/0/0/0/0/0/0/0/0/0/0/0/0/0/0/0/0/0/0/0/0/0/0/0/6285.03/0/0/0/0/0/0/0/0/0/0/0/0/0/0/0/0/0/0/0/0/0/0/0/0/0/0/0/0/0/0/0/0/0/0/0/0/0/0/0/0/0/0/0/0/0/0/0/0/0/0/0/0/0/0/0/0/0/0/0/0/0/0/0/0/0/0/0/0/0/0/0/0/0/0/0/0/0/0/0/0/0/0/0/0/0/0/0/0/0/0/0/0/0/0/0/0/0/0/0/0/0/0/0/0/0/0/0/0/0/0/0/0/0/0/0/0/0/0/0/0/0/0/0/0/0/0/0/0/0/0/0/0/0/0/0/0/0/0/0/0/0/0/0/0/0/0/0/0/0/0/0/0/0/0/0/0/0/0/0/0/0/0/0/0/0/0/0/0/0/0/0/0/0/0/0/0/0/0/0/0/0/0/0,,,9117,2.0822383539156005e-11,3.561328125000001e-11,-1.9132059246418405e-06,0.19947104714385927,382,8.448429579220101e-13,46544,1.0177218443065027e-10,1.8181250000000006e-10,1.6197918741091744e-06,4.164469527470629e-06,1.193242693252299e-06,4.161777026810224e-06,1,1,nan,0.3720909702794657,30,16/17/16/13/12/11/93/17/15/17/16/18/7/6/3/12/18/1/16/2/4/5/8/9/10/14/15/93/18/16,25,4449.3,1.0,,,3.331078523760826e-09,,,,,,,,,,,,,,1,41018,42,501624189.0804334,176490797.37767297,2.842211585723685,3,-401571534.394695,-226910910.542582,-380269361.222969,-78263.457933,-80222.13306,-224662.48355,-321948759.058356,-189679.873821,16730,34751612.617522,60397235.957106,232853034.198666,278330280.790603,-133535987.217292,-140150454.685381,-0.4749,1.0208,-0.1295,0.2851,0.0074,0.1844,2.3139,0.3364,0.0094,0.4106,0.8372,0.5784,789,9626,24533,,,
880,8.1477328e-05,7729.24,4.6360773959283e-08,1.1244140625000005e-16,1.2558593750000006e-17,276,19,20,19,17/16/13/12/11/17/7/6/3/1/2/4/5/8/9/10/14/17/15/18,0,131,3,0.137939/0.289063/0.259277/0.382813/0.262207/0.321045/0.0610352/0.340088/0.255371/0.882324/1.40942/1.29517/1.21265/1.72656/0.200195/1.04541/1.02148/0.644287/0/0/0/0/0/0/0/0/0/0/0/0/0/0/0/0/0/0/0/0/0/0/0/0/0/0/0/0/0/0/0/0/0/0/0/0/0/0/0/0/0/0/0/0/0/0/0/0/0/0/0/0/0/0/0/0/0/0/0/0/0/0/0/0/0/0/0/0/0/0/0/0/0/0/0.812256/0/0/0/0/0/0/0/0/0/0/0/0/0/0/0/0/0/0/0/0/0/0/0/0/0/0/0/0/0/0/0/0/0/0/0/0/0/0/0/0/0/0/0/0/0/0/0/0/0/0/0/0/0/0/0/0/0/0/0/0/0/0/0/0/0/0/0/0/0/0/0/0/0/0/0/0/0/0/0/0/0/0/0/0/0/0/0/0/0/0/0/0/0/0/0/0/0/0/0/0/0/0/0/0/0/0/0/0/0/0/0/0/0/0/0/0/0/0/0/0/0/0/0/0/0/0/0/0/0/0/0/0/0/0/0/0/0/0/0/0/0/0/0/0/0/0/0/0/0/0/0/0/0/0/0/0/0/0/0/0/0/0/0/0/0/0/0/0/0/0/0/0/0/0/0/0/0/0/0/0/0/0/0,383.482/319.432/251.11/248.76/246.653/246.779/279.418/248.886/246.661/4494.06/4782.37/5080.74/5286.53/4742.34/4164.47/8220.67/5806.89/4697.33/0/0/0/0/0/0/0/0/0/0/0/0/0/0/0/0/0/0/0/0/0/0/0/0/0/0/0/0/0/0/0/0/0/0/0/0/0/0/0/0/0/0/0/0/0/0/0/0/0/0/0/0/0/0/0/0/0/0/0/0/0/0/0/0/0/0/0/0/0/0/0/0/0/0/6285.03/0/0/0/0/0/0/0/0/0/0/0/0/0/0/0/0/0/0/0/0/0/0/0/0/0/0/0/0/0/0/0/0/0/0/0/0/0/0/0/0/0/0/0/0/0/0/0/0/0/0/0/0/0/0/0/0/0/0/0/0/0/0/0/0/0/0/0/0/0/0/0/0/0/0/0/0/0/0/0/0/0/0/0/0/0/0/0/0/0/0/0/0/0/0/0/0/0/0/0/0/0/0/0/0/0/0/0/0/0/0/0/0/0/0/0/0/0/0/0/0/0/0/0/0/0/0/0/0/0/0/0/0/0/0/0/0/0/0/0/0/0/0/0/0/0/0/0/0/0/0/0/0/0/0/0/0/0/0/0/0/0/0/0/0/0/0/0/0/0/0/0/0/0/0/0/0/0/0/0/0/0/0/0,,,9087,2.0733608465553532e-11,3.5496093750000015e-11,-1.9105729127711845e-06,0.24159923707435593,381,8.431143296912383e-13,46496,1.017630782744094e-10,1.8162500000000006e-10,1.6207029133685062e-06,4.164467481687749e-06,1.193242693252299e-06,4.161777026810224e-06,1,1,nan,0.3808146426943188,30,16/17/16/13/12/11/93/17/15/17/16/18/7/6/3/12/18/1/16/2/4/5/8/9/10/14/15/93/18/16,25,4452.2,1.0,,,3.3105498381837666e-09,,,,,,,,,,,,,,1,44332,49,513384767.6766228,176008571.5724452,2.916816852100373,1,-406231465.305295,-223872754.396059,-377990087.13977,-73031.803639,-73956.864599,-205342.280293,-310868601.904335,-173335.817626,16961,34382007.004531,59422273.576857,221390457.043,226951547.842993,-129739594.46777,-140391108.598616,-0.4888,1.1162,-0.1225,0.2753,0.0071,0.1813,2.4571,0.3231,0.0092,0.4231,0.8366,0.5746,806,9456,24227,,,
900,8.1477328e-05,7866.6,4.6360773959283e-08,1.1248950195312506e-16,1.2510498046875006e-17,276,19,20,19,17/16/13/12/11/17/7/6/3/1/2/4/5/8/9/10/14/17/15/18,0,133,3,0.137451/0.289307/0.259521/0.382568/0.261963/0.320068/0.0605469/0.339355/0.25415/0.881836/1.42163/1.30298/1.2207/1.73413/0.184326/1.02759/0.983154/0.625732/0/0/0/0/0/0/0/0/0/0/0/0/0/0/0/0/0/0/0/0/0/0/0/0/0/0/0/0/0/0/0/0/0/0/0/0/0/0/0/0/0/0/0/0/0/0/0/0/0/0/0/0/0/0/0/0/0/0/0/0/0/0/0/0/0/0/0/0/0/0/0/0/0/0/0.823486/0/0/0/0/0/0/0/0/0/0/0/0/0/0/0/0/0/0/0/0/0/0/0/0/0/0/0/0/0/0/0/0/0/0/0/0/0/0/0/0/0/0/0/0/0/0/0/0/0/0/0/0/0/0/0/0/0/0/0/0/0/0/0/0/0/0/0/0/0/0/0/0/0/0/0/0/0/0/0/0/0/0/0/0/0/0/0/0/0/0/0/0/0/0/0/0/0/0/0/0/0/0/0/0/0/0/0/0/0/0/0/0/0/0/0/0/0/0/0/0/0/0/0/0/0/0/0/0/0/0/0/0/0/0/0/0/0/0/0/0/0/0/0/0/0/0/0/0/0/0/0/0/0/0/0/0/0/0/0/0/0/0/0/0/0/0/0/0/0/0/0/0/0/0/0/0/0/0/0/0/0/0/0,383.482/319.432/251.11/248.76/246.653/246.779/279.418/248.886/246.661/4494.06/4782.37/5080.74/5286.53/4742.34/4164.47/8220.67/5806.89/4697.33/0/0/0/0/0/0/0/0/0/0/0/0/0/0/0/0/0/0/0/0/0/0/0/0/0/0/0/0/0/0/0/0/0/0/0/0/0/0/0/0/0/0/0/0/0/0/0/0/0/0/0/0/0/0/0/0/0/0/0/0/0/0/0/0/0/0/0/0/0/0/0/0/0/0/6312.68/0/0/0/0/0/0/0/0/0/0/0/0/0/0/0/0/0/0/0/0/0/0/0/0/0/0/0/0/0/0/0/0/0/0/0/0/0/0/0/0/0/0/0/0/0/0/0/0/0/0/0/0/0/0/0/0/0/0/0/0/0/0/0/0/0/0/0/0/0/0/0/0/0/0/0/0/0/0/0/0/0/0/0/0/0/0/0/0/0/0/0/0/0/0/0/0/0/0/0/0/0/0/0/0/0/0/0/0/0/0/0/0/0/0/0/0/0/0/0/0/0/0/0/0/0/0/0/0/0/0/0/0/0/0/0/0/0/0/0/0/0/0/0/0/0/0/0/0/0/0/0/0/0/0/0/0/0/0/0/0/0/0/0/0/0/0/0/0/0/0/0/0/0/0/0/0/0/0/0/0/0/0/0,1-2:0.371481/1-3:0.371481/2-4:1.3393/2-16:0.0425689/2-17:0.0745879/3-6:1.45782/3-16:0.0728594/3-18:0.496828/4-5:1.56479/4-13:0.026105/4-16:0.135169/4-17:0.00650357/5-8:1.03822/5-13:0.0983746/5-16:0.00518499/6-7:1.19722/6-16:0.0243766/6-18:0.0853182/8-9:1.44204/8-11:0.0213296/8-12:0.183742/8-13:0.00691323/9-10:0.970452/9-11:0.121342/9-12:0.00691323/10-11:0.815148/10-14:1.61328/11-12:2.09649/11-14:0.170284/12-13:1.60144/13-16:1.48256/14-17:0.0600812/15-17:0.156587/16-17:1.5229,1-2:-28.483/1-3:-33.915/2-4:-24.547/2-16:-24.364/2-17:-25.441/3-6:-37.888/3-16:-37.667/3-18:-37.582/4-5:-20.553/4-13:-20.337/4-16:-21.537/4-17:-23.29/5-8:-16.606/5-13:-18.422/5-16:-19.949/6-7:-41.827/6-16:-38.394/6-18:-38.347/8-9:-12.612/8-11:-12.45/8-12:-13.943/8-13:-15.472/9-10:-8.6401/9-11:-10.182/9-12:-11.257/10-11:-6.2855/10-14:-3.8763/11-12:-53.677/11-14:-14.805/12-13:-56.618/13-16:-57.333/14-17:-1.359/15-17:-4.6663/16-17:-50.564,9068,2.0679670601918252e-11,3.5421875000000015e-11,-1.9097770292201577e-06,0.2543333738907839,393,8.691291126981294e-13,46346,1.0146954703598076e-10,1.8103906250000007e-10,1.620874304917113e-06,4.164467481687749e-06,1.193242693252299e-06,4.161777026810224e-06,1,1,nan,0.38874052972644685,30,16/17/16/13/12/11/93/17/15/17/16/18/7/6/3/12/18/1/16/2/4/5/8/9/10/14/15/93/18/16,25,4454.9,1.0,,,3.2910287150438535e-09,5,18/1/1/1/1,1/1/1/5/5,2,2,0.934176/0/0/0/0.0658236/0/0/0/0/0/0/0,0.906151,18/1/1/1/1,8221/4239/4239/6194/2773,8401/5417/6835/6202/2503,6983/4375/4331/4198/3801,18/1/1/1/1,30/3/4/4/2,1,44064,46,524069833.8910709,175500461.19970283,2.9861450523182915,1,-394895139.635491,-222044702.143651,-376102680.489266,-75062.271909,-69860.121782,-194317.614651,-300747979.23961,-159700.427281,17263,35146250.152684,58074688.23342,216068849.744519,284421353.937259,-131971033.800137,-141880973.252952,-0.4762,1.1137,-0.1103,0.2596,0.0071,0.1787,2.3819,0.3069,0.0089,0.435,0.8338,0.5718,816,9241,23939,3321.2,662.9,410.0
920,9.1661994e-05,8126.54,4.4189615031262974e-08,1.1168066406250005e-16,1.3319335937500006e-17,276,19,20,19,17/16/13/12/11/17/7/6/3/1/2/4/5/8/9/10/14/7/15/18,0,133,3,0.137207/0.291016/0.26001/0.382324/0.261963/0.319824/0.808105/0.338623/0.253662/0.881592/1.40674/1.3103/1.20776/1.74048/0.17041/1.01807/0.904297/0.607422/0/0/0/0/0/0/0/0/0/0/0/0/0/0/0/0/0/0/0/0/0/0/0/0/0/0/0/0/0/0/0/0/0/0/0/0/0/0/0/0/0/0/0/0/0/0/0/0/0/0/0/0/0/0/0/0/0/0/0/0/0/0/0/0/0/0/0/0/0/0/0/0/0/0/1.01953/0/0/0/0/0/0/0/0/0/0/0/0/0/0/0/0/0/0/0/0/0/0/0/0/0/0/0/0/0/0/0/0/0/0/0/0/0/0/0/0/0/0/0/0/0/0/0/0/0/0/0/0/0/0/0/0/0/0/0/0/0/0/0/0/0/0/0/0/0/0/0/0/0/0/0/0/0/0/0/0/0/0/0/0/0/0/0/0/0/0/0/0/0/0/0/0/0/0/0/0/0/0/0/0/0/0/0/0/0/0/0/0/0/0/0/0/0/0/0/0/0/0/0/0/0/0/0/0/0/0/0/0/0/0/0/0/0/0/0/0/0/0/0/0/0/0/0/0/0/0/0/0/0/0/0/0/0/0/0/0/0/0/0/0/0/0/0/0/0/0/0/0/0/0/0/0/0/0/0/0/0/0/0,383.482/319.432/251.11/248.76/246.653/246.779/4757.63/248.886/246.661/4494.07/4782.37/5080.74/5252.32/4742.34/4163.03/8220.67/5805.44/4697.33/0/0/0/0/0/0/0/0/0/0/0/0/0/0/0/0/0/0/0/0/0/0/0/0/0/0/0/0/0/0/0/0/0/0/0/0/0/0/0/0/0/0/0/0/0/0/0/0/0/0/0/0/0/0/0/0/0/0/0/0/0/0/0/0/0/0/0/0/0/0/0/0/0/0/6312.68/0/0/0/0/0/0/0/0/0/0/0/0/0/0/0/0/0/0/0/0/0/0/0/0/0/0/0/0/0/0/0/0/0/0/0/0/0/0/0/0/0/0/0/0/0/0/0/0/0/0/0/0/0/0/0/0/0/0/0/0/0/0/0/0/0/0/0/0/0/0/0/0/0/0/0/0/0/0/0/0/0/0/0/0/0/0/0/0/0/0/0/0/0/0/0/0/0/0/0/0/0/0/0/0/0/0/0/0/0/0/0/0/0/0/0/0/0/0/0/0/0/0/0/0/0/0/0/0/0/0/0/0/0/0/0/0/0/0/0/0/0/0/0/0/0/0/0/0/0/0/0/0/0/0/0/0/0/0/0/0/0/0/0/0/0/0/0/0/0/0/0/0/0/0/0/0/0/0/0/0/0/0/0,,,9371,2.127719890228271e-11,3.660546875000001e-11,-1.8872129162625893e-06,0.6153591812118794,488,1.0676061284016911e-12,49112,1.0770861024855641e-10,1.9184375000000006e-10,1.6398371999404589e-06,4.494066268539764e-06,1.9003494744388469e-06,4.382299507261888e-06,1,1,nan,0.4762736882268479,33,16/17/16/13/12/11/7/93/17/15/17/16/7/16/18/7/6/3/12/18/1/16/2/4/5/8/9/10/14/15/93/18/16,28,4399.9,1.0,,,3.499411655659218e-09,,,,,,,,,,,,,,1,46622,46,673622195.9190766,183904619.7685603,3.662888929961708,1,-389230398.819657,-225203944.763188,-363807024.490841,-79108.814254,-46759.714508,-180632.58872,-300735859.204264,-138082.191537,18786,41948493.804659,69877657.413462,248190930.618629,245108881.997875,-137542687.791945,-140478322.71512,-0.6079,1.277,-0.0626,0.2432,0.0086,0.2135,2.7212,0.2932,0.0083,0.4403,0.8081,0.5812,938,9683,25153,,,
940,9.1661994e-05,8244.09,4.4189615031262974e-08,1.1171215820312506e-16,1.3287841796875006e-17,276,19,20,19,17/16/13/12/11/17/7/6/3/1/2/4/5/8/9/10/14/7/15/18,0,136,3,0.137207/0.290039/0.260498/0.381836/0.261963/0.319092/0.809814/0.338135/0.25293/0.882324/1.41748/1.31885/1.22095/1.75488/0.159668/1.00342/0.876221/0.587158/0/0/0/0/0/0/0/0/0/0/0/0/0/0/0/0/0/0/0/0/0/0/0/0/0/0/0/0/0/0/0/0/0/0/0/0/0/0/0/0/0/0/0/0/0/0/0/0/0/0/0/0/0/0/0/0/0/0/0/0/0/0/0/0/0/0/0/0/0/0/0/0/0/0/1.01538/0/0/0/0/0/0/0/0/0/0/0/0/0/0/0/0/0/0/0/0/0/0/0/0/0/0/0/0/0/0/0/0/0/0/0/0/0/0/0/0/0/0/0/0/0/0/0/0/0/0/0/0/0/0/0/0/0/0/0/0/0/0/0/0/0/0/0/0/0/0/0/0/0/0/0/0/0/0/0/0/0/0/0/0/0/0/0/0/0/0/0/0/0/0/0/0/0/0/0/0/0/0/0/0/0/0/0/0/0/0/0/0/0/0/0/0/0/0/0/0/0/0/0/0/0/0/0/0/0/0/0/0/0/0/0/0/0/0/0/0/0/0/0/0/0/0/0/0/0/0/0/0/0/0/0/0/0/0/0/0/0/0/0/0/0/0/0/0/0/0/0/0/0/0/0/0/0/0/0/0/0/0/0,383.482/319.432/251.11/248.76/246.653/246.779/4757.63/248.886/246.661/4494.07/4782.37/5080.74/5252.32/4742.34/4163.03/8220.67/5800.33/4697.33/0/0/0/0/0/0/0/0/0/0/0/0/0/0/0/0/0/0/0/0/0/0/0/0/0/0/0/0/0/0/0/0/0/0/0/0/0/0/0/0/0/0/0/0/0/0/0/0/0/0/0/0/0/0/0/0/0/0/0/0/0/0/0/0/0/0/0/0/0/0/0/0/0/0/6312.68/0/0/0/0/0/0/0/0/0/0/0/0/0/0/0/0/0/0/0/0/0/0/0/0/0/0/0/0/0/0/0/0/0/0/0/0/0/0/0/0/0/0/0/0/0/0/0/0/0/0/0/0/0/0/0/0/0/0/0/0/0/0/0/0/0/0/0/0/0/0/0/0/0/0/0/0/0/0/0/0/0/0/0/0/0/0/0/0/0/0/0/0/0/0/0/0/0/0/0/0/0/0/0/0/0/0/0/0/0/0/0/0/0/0/0/0/0/0/0/0/0/0/0/0/0/0/0/0/0/0/0/0/0/0/0/0/0/0/0/0/0/0/0/0/0/0/0/0/0/0/0/0/0/0/0/0/0/0/0/0/0/0/0/0/0/0/0/0/0/0/0/0/0/0/0/0/0/0/0/0/0/0/0,,,9360,2.1241043753394687e-11,3.6562500000000016e-11,-1.883282384281111e-06,0.678247692915531,504,1.1031714300347742e-12,49064,1.0768631677569852e-10,1.9165625000000008e-10,1.6399854305024024e-06,4.494066268539764e-06,2.6516504294495543e-06,4.382299507261888e-06,1,1,nan,0.4753032849432653,33,16/17/16/13/12/11/7/93/17/15/17/16/7/13/18/7/6/3/12/18/1/16/2/4/5/8/9/10/14/15/93/18/16,28,4404.3,1.0,,,3.480277518298597e-09,,,,,,,,,,,,,,1,46455,51,672249696.8560953,182993775.7975217,3.6736205585479786,1,-381125288.285438,-222021482.821882,-362176460.312048,-77494.678558,-25726.800908,-178465.028496,-289025773.774378,-123527.525508,19116,44312411.197182,68691041.352318,265214906.588966,221149545.792139,-128656902.150726,-141037650.618498,-0.5063,1.2116,-0.0482,0.2259,0.0071,0.2007,2.6148,0.2742,0.0082,0.4354,0.8039,0.5791,921,9432,24956,,,
960,9.1661994e-05,8369.57,4.4189615031262974e-08,1.1173291015625006e-16,1.3267089843750006e-17,276,19,20,19,17/16/13/12/11/17/7/6/3/1/2/4/5/8/9/10/14/7/15/18,0,138,3,0.137207/0.288574/0.260498/0.381348/0.261475/0.319092/0.811035/0.337158/0.252197/0.882324/1.42554/1.32422/1.23315/1.77393/0.153564/0.992432/0.849854/0.569336/0/0/0/0/0/0/0/0/0/0/0/0/0/0/0/0/0/0/0/0/0/0/0/0/0/0/0/0/0/0/0/0/0/0/0/0/0/0/0/0/0/0/0/0/0/0/0/0/0/0/0/0/0/0/0/0/0/0/0/0/0/0/0/0/0/0/0/0/0/0/0/0/0/0/1.01416/0/0/0/0/0/0/0/0/0/0/0/0/0/0/0/0/0/0/0/0/0/0/0/0/0/0/0/0/0/0/0/0/0/0/0/0/0/0/0/0/0/0/0/0/0/0/0/0/0/0/0/0/0/0/0/0/0/0/0/0/0/0/0/0/0/0/0/0/0/0/0/0/0/0/0/0/0/0/0/0/0/0/0/0/0/0/0/0/0/0/0/0/0/0/0/0/0/0/0/0/0/0/0/0/0/0/0/0/0/0/0/0/0/0/0/0/0/0/0/0/0/0/0/0/0/0/0/0/0/0/0/0/0/0/0/0/0/0/0/0/0/0/0/0/0/0/0/0/0/0/0/0/0/0/0/0/0/0/0/0/0/0/0/0/0/0/0/0/0/0/0/0/0/0/0/0/0/0/0/0/0/0/0,383.482/319.432/251.11/248.76/246.653/246.779/4757.63/248.886/246.661/4494.07/4782.37/5080.74/5252.32/4742.34/4163.03/8220.67/5800.33/4697.33/0/0/0/0/0/0/0/0/0/0/0/0/0/0/0/0/0/0/0/0/0/0/0/0/0/0/0/0/0/0/0/0/0/0/0/0/0/0/0/0/0/0/0/0/0/0/0/0/0/0/0/0/0/0/0/0/0/0/0/0/0/0/0/0/0/0/0/0/0/0/0/0/0/0/6312.68/0/0/0/0/0/0/0/0/0/0/0/0/0/0/0/0/0/0/0/0/0/0/0/0/0/0/0/0/0/0/0/0/0/0/0/0/0/0/0/0/0/0/0/0/0/0/0/0/0/0/0/0/0/0/0/0/0/0/0/0/0/0/0/0/0/0/0/0/0/0/0/0/0/0/0/0/0/0/0/0/0/0/0/0/0/0/0/0/0/0/0/0/0/0/0/0/0/0/0/0/0/0/0/0/0/0/0/0/0/0/0/0/0/0/0/0/0/0/0/0/0/0/0/0/0/0/0/0/0/0/0/0/0/0/0/0/0/0/0/0/0/0/0/0/0/0/0/0/0/0/0/0/0/0/0/0/0/0/0/0/0/0/0/0/0/0/0/0/0/0/0/0/0/0/0/0/0/0/0/0/0/0/0,,,9344,2.1181740847122077e-11,3.6500000000000016e-11,-1.8786186315178777e-06,0.7528677371272651,511,1.121863823760104e-12,49044,1.0773351447326423e-10,1.9157812500000007e-10,1.6404320831754707e-06,4.494066268539764e-06,2.6516504294495543e-06,4.386711148672396e-06,1,1,nan,0.5043218208164875,33,16/17/16/13/12/11/7/93/17/15/17/16/7/13/18/7/6/3/12/18/1/16/2/4/5/8/9/10/14/15/93/18/16,28,4405.8,1.0,,,3.463526339188319e-09,,,,,,,,,,,,,,1,46319,57,713292337.5487845,181796707.92057618,3.923571255538959,1,-362224772.064491,-220626302.781153,-360049526.270727,-71657.899019,-17823.587045,-176197.509114,-277354003.360412,-111524.836139,19273,54922153.069738,67966021.823587,238891181.82036,206647533.983273,-117298929.333492,-141882526.913722,-0.3277,1.1417,-0.038,0.2141,0.0069,0.1891,2.42,0.2616,0.0082,0.4361,0.799,0.5774,947,9254,24866,,,
980,0.000122215992,8540.86,3.874598173989343e-08,1.1081713867187505e-16,1.4182861328125006e-17,276,19,20,17,17/16/13/12/11/15/6/3/1/2/4/5/8/9/10/14/7/15/93/18,0,138,3,0.136963/0.292725/0.260986/0.381104/0.260742/0.318848/0.784424/0.336182/0.252197/0.884766/1.43921/1.33398/1.24316/1.77246/0.900879/0.982666/1.03418/0.556396/0/0/0/0/0/0/0/0/0/0/0/0/0/0/0/0/0/0/0/0/0/0/0/0/0/0/0/0/0/0/0/0/0/0/0/0/0/0/0/0/0/0/0/0/0/0/0/0/0/0/0/0/0/0/0/0/0/0/0/0/0/0/0/0/0/0/0/0/0/0/0/0/0/0/1.01099/0/0/0/0/0/0/0/0/0/0/0/0/0/0/0/0/0/0/0/0/0/0/0/0/0/0/0/0/0/0/0/0/0/0/0/0/0/0/0/0/0/0/0/0/0/0/0/0/0/0/0/0/0/0/0/0/0/0/0/0/0/0/0/0/0/0/0/0/0/0/0/0/0/0/0/0/0/0/0/0/0/0/0/0/0/0/0/0/0/0/0/0/0/0/0/0/0/0/0/0/0/0/0/0/0/0/0/0/0/0/0/0/0/0/0/0/0/0/0/0/0/0/0/0/0/0/0/0/0/0/0/0/0/0/0/0/0/0/0/0/0/0/0/0/0/0/0/0/0/0/0/0/0/0/0/0/0/0/0/0/0/0/0/0/0/0/0/0/0/0/0/0/0/0/0/0/0/0/0/0/0/0/0,383.482/409.692/251.11/248.76/246.653/246.779/4757.63/248.886/246.661/4494.07/4782.37/5080.75/5252.32/4742.34/4453.44/8220.67/5800.33/4690.78/0/0/0/0/0/0/0/0/0/0/0/0/0/0/0/0/0/0/0/0/0/0/0/0/0/0/0/0/0/0/0/0/0/0/0/0/0/0/0/0/0/0/0/0/0/0/0/0/0/0/0/0/0/0/0/0/0/0/0/0/0/0/0/0/0/0/0/0/0/0/0/0/0/0/6312.68/0/0/0/0/0/0/0/0/0/0/0/0/0/0/0/0/0/0/0/0/0/0/0/0/0/0/0/0/0/0/0/0/0/0/0/0/0/0/0/0/0/0/0/0/0/0/0/0/0/0/0/0/0/0/0/0/0/0/0/0/0/0/0/0/0/0/0/0/0/0/0/0/0/0/0/0/0/0/0/0/0/0/0/0/0/0/0/0/0/0/0/0/0/0/0/0/0/0/0/0/0/0/0/0/0/0/0/0/0/0/0/0/0/0/0/0/0/0/0/0/0/0/0/0/0/0/0/0/0/0/0/0/0/0/0/0/0/0/0/0/0/0/0/0/0/0/0/0/0/0/0/0/0/0/0/0/0/0/0/0/0/0/0/0/0/0/0/0/0/0/0/0/0/0/0/0/0/0/0/0/0/0/0,,,9644,2.1694958468062005e-11,3.7671875000000014e-11,-1.8169863129146218e-06,1.7389848347793595,513,1.1332333167581522e-12,52102,1.1455900970527384e-10,2.0352343750000007e-10,1.6487572522183627e-06,4.494066268539764e-06,2.651650429449554e-06,4.386711148672396e-06,1,1,nan,0.44411390301172116,32,16/17/16/13/12/11/7/93/15/17/16/7/16/18/7/6/3/12/18/1/16/2/4/5/8/9/10/14/15/93/18/16,27,4396.9,1.0,,,3.6640951675465298e-09,,,,,,,,,,,,,,1,50021,61,716387034.0044434,243083783.06512973,2.947078677858576,1,-350006481.89363,-226440343.6551,-340581529.571386,-70478.493155,9643449.095966,-89259.725626,-265976961.21852,-42064.441742,20104,85218228.063302,103814840.32857,264971652.603936,241963495.931656,-113648525.63772,-135874096.615539,0.0086,1.1343,0.0428,0.2216,0.0058,0.1809,2.4126,0.2829,0.0073,0.4517,0.768,0.5769,1014,9887,27072,,,
1000,0.000122215992,8689.1,3.874598173989343e-08,1.1077368164062505e-16,1.4226318359375005e-17,276,19,20,17,17/16/13/12/11/15/6/3/1/2/4/5/8/9/10/14/7/15/93/18,0,139,3,0.136719/0.302002/0.261475/0.381104/0.259766/0.316895/0.786621/0.335693/0.251465/0.886963/1.44946/1.34375/1.25342/1.78955/0.879395/0.981445/1.04614/0.547607/0/0/0/0/0/0/0/0/0/0/0/0/0/0/0/0/0/0/0/0/0/0/0/0/0/0/0/0/0/0/0/0/0/0/0/0/0/0/0/0/0/0/0/0/0/0/0/0/0/0/0/0/0/0/0/0/0/0/0/0/0/0/0/0/0/0/0/0/0/0/0/0/0/0/1.01685/0/0/0/0/0/0/0/0/0/0/0/0/0/0/0/0/0/0/0/0/0/0/0/0/0/0/0/0/0/0/0/0/0/0/0/0/0/0/0/0/0/0/0/0/0/0/0/0/0/0/0/0/0/0/0/0/0/0/0/0/0/0/0/0/0/0/0/0/0/0/0/0/0/0/0/0/0/0/0/0/0/0/0/0/0/0/0/0/0/0/0/0/0/0/0/0/0/0/0/0/0/0/0/0/0/0/0/0/0/0/0/0/0/0/0/0/0/0/0/0/0/0/0/0/0/0/0/0/0/0/0/0/0/0/0/0/0/0/0/0/0/0/0/0/0/0/0/0/0/0/0/0/0/0/0/0/0/0/0/0/0/0/0/0/0/0/0/0/0/0/0/0/0/0/0/0/0/0/0/0/0/0/0,383.482/409.692/251.11/248.76/246.653/246.779/4757.63/248.886/246.661/4494.07/4782.37/5080.75/5252.32/4742.34/4453.44/8220.67/5798.92/4690.78/0/0/0/0/0/0/0/0/0/0/0/0/0/0/0/0/0/0/0/0/0/0/0/0/0/0/0/0/0/0/0/0/0/0/0/0/0/0/0/0/0/0/0/0/0/0/0/0/0/0/0/0/0/0/0/0/0/0/0/0/0/0/0/0/0/0/0/0/0/0/0/0/0/0/6312.68/0/0/0/0/0/0/0/0/0/0/0/0/0/0/0/0/0/0/0/0/0/0/0/0/0/0/0/0/0/0/0/0/0/0/0/0/0/0/0/0/0/0/0/0/0/0/0/0/0/0/0/0/0/0/0/0/0/0/0/0/0/0/0/0/0/0/0/0/0/0/0/0/0/0/0/0/0/0/0/0/0/0/0/0/0/0/0/0/0/0/0/0/0/0/0/0/0/0/0/0/0/0/0/0/0/0/0/0/0/0/0/0/0/0/0/0/0/0/0/0/0/0/0/0/0/0/0/0/0/0/0/0/0/0/0/0/0/0/0/0/0/0/0/0/0/0/0/0/0/0/0/0/0/0/0/0/0/0/0/0/0/0/0/0/0/0/0/0/0/0/0/0/0/0/0/0/0/0/0/0/0/0/0,1-2:0.371481/1-3:0.369753/2-4:1.3206/2-16:0.0425689/2-17:0.0763161/3-6:1.44827/3-16:0.0663558/3-18:0.482092/4-5:1.55524/4-13:0.026105/4-16:0.135169/4-17:0.00650357/5-8:1.02125/5-13:0.0983746/5-16:0.00518499/6-7:1.18199/6-16:0.0182825/6-18:0.0853182/7-11:0.197797/7-12:0.105968/7-14:0.159366/7-15:0.247958/7-17:0.0306998/8-9:1.42771/8-11:0.0213296/8-12:0.183742/8-13:0.00691323/9-10:0.966995/9-11:0.121342/9-12:0.00691323/10-11:0.835479/10-14:1.5381/11-12:1.99093/11-14:0.211763/12-13:1.5732/13-16:1.43653/14-15:0.115388/14-17:0.430938/15-17:0.250736/16-17:1.49943,1-2:-28.483/1-3:-33.911/2-4:-24.546/2-16:-24.364/2-17:-25.466/3-6:-37.887/3-16:-37.667/3-18:-37.594/4-5:-20.553/4-13:-20.337/4-16:-21.537/4-17:-23.29/5-8:-16.606/5-13:-18.422/5-16:-19.949/6-7:-41.827/6-16:-38.368/6-18:-38.347/7-11:-71.798/7-12:-72.964/7-14:-1.3785/7-15:1.0083/7-17:0.047409/8-9:-12.612/8-11:-12.45/8-12:-13.943/8-13:-15.472/9-10:-8.6401/9-11:-10.182/9-12:-11.257/10-11:-6.1476/10-14:-3.8584/11-12:-52.553/11-14:-16.117/12-13:-56.198/13-16:-57.16/14-15:-0.092526/14-17:-0.27114/15-17:-11.956/16-17:-50.731,9638,2.1670082466030943e-11,3.764843750000001e-11,-1.8128418805243074e-06,1.8052957530243896,516,1.134462060290775e-12,52278,1.1507946876382503e-10,2.0421093750000008e-10,1.6483127556575946e-06,4.494066268539764e-06,2.651650429449554e-06,4.386711148672396e-06,1,1,nan,0.43228610014178454,31,16/17/16/13/12/11/7/93/15/17/16/7/16/18/7/6/3/12/1/16/2/4/5/8/9/10/14/15/93/18/16,26,4397.2,1.0,,,3.659530701508284e-09,7,18/1/1/1/1/1/1,1/1/1/5/5/5/1,2,2,0.928524/0/0/0/0.0714764/0/0/0/0/0/0/0,0.898289,18/1/1/1/1/1/1,8221/4239/4239/6253/2663/2776/298,8401/5462/6896/6230/2996/2531/593,6983/4419/4375/4287/4022/3845/575,18/1/1/1/1/1/1,31/3/4/5/2/2/1,1,50085,67,697307954.1573089,217769267.8216806,3.2020494036297924,1,-317259379.58106,-224325736.227727,-337223568.734888,-59074.001013,12372185.014261,-86863.236375,-259130034.285636,-24766.992059,20393,91604096.524246,103815550.429636,262219801.802731,249662819.261202,-110386617.823198,-135832575.300112,0.1256,1.0769,0.0564,0.2055,0.0062,0.1722,2.1897,0.2673,0.0073,0.4657,0.7547,0.5752,1063,9685,27127,2956.1,618.7,424.8
1020,0.000122215992,8898.07,3.874598173989343e-08,1.1072680664062505e-16,1.4273193359375006e-17,276,19,20,17,17/16/13/12/11/15/6/3/1/2/4/5/8/9/10/14/7/15/93/18,0,139,4,0.136719/0.305664/0.261963/0.380615/0.259766/0.316895/0.790283/0.335449/0.251221/0.890381/1.45947/1.3584/1.2627/1.80591/0.867676/0.977051/1.05005/0.538086/0/0/0/0/0/0/0/0/0/0/0/0/0/0/0/0/0/0/0/0/0/0/0/0/0/0/0/0/0/0/0/0/0/0/0/0/0/0/0/0/0/0/0/0/0/0/0/0/0/0/0/0/0/0/0/0/0/0/0/0/0/0/0/0/0/0/0/0/0/0/0/0/0/0/1.0249/0/0/0/0/0/0/0/0/0/0/0/0/0/0/0/0/0/0/0/0/0/0/0/0/0/0/0/0/0/0/0/0/0/0/0/0/0/0/0/0/0/0/0/0/0/0/0/0/0/0/0/0/0/0/0/0/0/0/0/0/0/0/0/0/0/0/0/0/0/0/0/0/0/0/0/0/0/0/0/0/0/0/0/0/0/0/0/0/0/0/0/0/0/0/0/0/0/0/0/0/0/0/0/0/0/0/0/0/0/0/0/0/0/0/0/0/0/0/0/0/0/0/0/0/0/0/0/0/0/0/0/0/0/0/0/0/0/0/0/0/0/0/0/0/0/0/0/0/0/0/0/0/0/0/0/0/0/0/0/0/0/0/0/0/0/0/0/0/0/0/0/0/0/0/0/0/0/0/0/0/0/0/0,383.482/409.692/251.11/248.76/246.653/246.779/4757.63/248.886/246.661/4494.07/4782.37/5080.75/5252.32/4742.34/4453.44/8220.67/5793.81/4690.78/0/0/0/0/0/0/0/0/0/0/0/0/0/0/0/0/0/0/0/0/0/0/0/0/0/0/0/0/0/0/0/0/0/0/0/0/0/0/0/0/0/0/0/0/0/0/0/0/0/0/0/0/0/0/0/0/0/0/0/0/0/0/0/0/0/0/0/0/0/0/0/0/0/0/6312.68/0/0/0/0/0/0/0/0/0/0/0/0/0/0/0/0/0/0/0/0/0/0/0/0/0/0/0/0/0/0/0/0/0/0/0/0/0/0/0/0/0/0/0/0/0/0/0/0/0/0/0/0/0/0/0/0/0/0/0/0/0/0/0/0/0/0/0/0/0/0/0/0/0/0/0/0/0/0/0/0/0/0/0/0/0/0/0/0/0/0/0/0/0/0/0/0/0/0/0/0/0/0/0/0/0/0/0/0/0/0/0/0/0/0/0/0/0/0/0/0/0/0/0/0/0/0/0/0/0/0/0/0/0/0/0/0/0/0/0/0/0/0/0/0/0/0/0/0/0/0/0/0/0/0/0/0/0/0/0/0/0/0/0/0/0/0/0/0/0/0/0/0/0/0/0/0/0/0/0/0/0/0/0,,,9673,2.1718704208190205e-11,3.778515625000001e-11,-1.8042190875567208e-06,1.9432604405057752,511,1.1205458848392663e-12,52414,1.1547541110214713e-10,2.0474218750000009e-10,1.6489166730727002e-06,4.494066268539764e-06,2.6516504294495543e-06,4.386711148672396e-06,1,1,nan,0.42972250978393994,29,16/17/16/13/12/11/7/93/15/17/16/18/7/6/3/12/1/16/2/4/5/8/9/10/14/15/93/18/16,24,4396.7,1.0,,,3.6555761515387478e-09,,,,,,,,,,,,,,1,50182,58,693172702.1861267,214488539.06466463,3.2317470444290124,1,-318132866.719325,-224033071.187389,-333719068.537118,-53484.496576,12842549.576214,-82689.315975,-251573409.585162,3422.095436,20713,83766079.267134,103474141.986573,264210939.817255,244668656.863275,-118536880.083101,-135406293.151626,0.1299,1.0193,0.0617,0.1987,0.0062,0.1686,2.1233,0.258,0.0073,0.4536,0.7506,0.5755,1045,9511,27184,,,
1040,0.000122215992,9011.98,3.874598173989343e-08,1.1067822265625005e-16,1.4321777343750007e-17,276,19,20,17,17/16/13/12/11/15/6/3/1/2/4/5/8/9/10/14/7/15/93/18,0,139,4,0.136475/0.30835/0.262451/0.380371/0.258545/0.31665/0.792969/0.334473/0.250732/0.893311/1.4707/1.37109/1.27173/1.82202/0.861328/0.976807/1.05127/0.529541/0/0/0/0/0/0/0/0/0/0/0/0/0/0/0/0/0/0/0/0/0/0/0/0/0/0/0/0/0/0/0/0/0/0/0/0/0/0/0/0/0/0/0/0/0/0/0/0/0/0/0/0/0/0/0/0/0/0/0/0/0/0/0/0/0/0/0/0/0/0/0/0/0/0/1.03296/0/0/0/0/0/0/0/0/0/0/0/0/0/0/0/0/0/0/0/0/0/0/0/0/0/0/0/0/0/0/0/0/0/0/0/0/0/0/0/0/0/0/0/0/0/0/0/0/0/0/0/0/0/0/0/0/0/0/0/0/0/0/0/0/0/0/0/0/0/0/0/0/0/0/0/0/0/0/0/0/0/0/0/0/0/0/0/0/0/0/0/0/0/0/0/0/0/0/0/0/0/0/0/0/0/0/0/0/0/0/0/0/0/0/0/0/0/0/0/0/0/0/0/0/0/0/0/0/0/0/0/0/0/0/0/0/0/0/0/0/0/0/0/0/0/0/0/0/0/0/0/0/0/0/0/0/0/0/0/0/0/0/0/0/0/0/0/0/0/0/0/0/0/0/0/0/0/0/0/0/0/0/0,383.482/416.245/251.11/248.76/246.653/246.779/4757.63/248.886/246.661/4494.07/4782.37/5080.75/5252.32/4742.34/4453.44/8220.67/5793.81/4690.78/0/0/0/0/0/0/0/0/0/0/0/0/0/0/0/0/0/0/0/0/0/0/0/0/0/0/0/0/0/0/0/0/0/0/0/0/0/0/0/0/0/0/0/0/0/0/0/0/0/0/0/0/0/0/0/0/0/0/0/0/0/0/0/0/0/0/0/0/0/0/0/0/0/0/6312.68/0/0/0/0/0/0/0/0/0/0/0/0/0/0/0/0/0/0/0/0/0/0/0/0/0/0/0/0/0/0/0/0/0/0/0/0/0/0/0/0/0/0/0/0/0/0/0/0/0/0/0/0/0/0/0/0/0/0/0/0/0/0/0/0/0/0/0/0/0/0/0/0/0/0/0/0/0/0/0/0/0/0/0/0/0/0/0/0/0/0/0/0/0/0/0/0/0/0/0/0/0/0/0/0/0/0/0/0/0/0/0/0/0/0/0/0/0/0/0/0/0/0/0/0/0/0/0/0/0/0/0/0/0/0/0/0/0/0/0/0/0/0/0/0/0/0/0/0/0/0/0/0/0/0/0/0/0/0/0/0/0/0/0/0/0/0/0/0/0/0/0/0/0/0/0/0/0/0/0/0/0/0/0,,,9674,2.1705926557991668e-11,3.778906250000002e-11,-1.8002527368553644e-06,2.0067220517274778,497,1.0937121525796769e-12,52548,1.1580195474218816e-10,2.0526562500000008e-10,1.648720318800346e-06,4.494066268539764e-06,2.6516504294495543e-06,4.386711148672396e-06,1,1,nan,0.4130756543090761,30,16/17/16/13/12/11/7/93/17/15/17/16/18/7/6/3/12/1/16/2/4/5/8/9/10/14/15/93/18/16,25,4397.5,1.0,,,3.652061352924905e-09,,,,,,,,,,,,,,1,50297,62,666320150.7612199,213277118.22106862,3.1241989591708452,1,-320651019.63816,-224372278.834824,-330696099.464844,-54835.21308,12180011.26994,-79856.274336,-244629460.746623,45406.530512,21023,81209985.71644,102271088.241686,258074449.929474,236328530.928491,-121568793.211993,-137002615.846461,0.0559,0.9885,0.0608,0.1927,0.0063,0.1633,2.0242,0.2516,0.0073,0.4515,0.7462,0.5745,1072,9301,27251,,,
1060,0.000122215992,9119.55,3.874598173989343e-08,1.1062890625000005e-16,1.4371093750000006e-17,276,19,20,17,17/16/13/12/11/15/6/3/1/2/4/5/8/9/10/14/7/15/93/18,0,141,4,0.135986/0.307861/0.262939/0.379883/0.257568/0.31665/0.797119/0.33374/0.250244/0.896484/1.48071/1.38184/1.28125/1.83862/0.856689/0.975098/1.05835/0.520508/0/0/0/0/0/0/0/0/0/0/0/0/0/0/0/0/0/0/0/0/0/0/0/0/0/0/0/0/0/0/0/0/0/0/0/0/0/0/0/0/0/0/0/0/0/0/0/0/0/0/0/0/0/0/0/0/0/0/0/0/0/0/0/0/0/0/0/0/0/0/0/0/0/0/1.03955/0/0/0/0/0/0/0/0/0/0/0/0/0/0/0/0/0/0/0/0/0/0/0/0/0/0/0/0/0/0/0/0/0/0/0/0/0/0/0/0/0/0/0/0/0/0/0/0/0/0/0/0/0/0/0/0/0/0/0/0/0/0/0/0/0/0/0/0/0/0/0/0/0/0/0/0/0/0/0/0/0/0/0/0/0/0/0/0/0/0/0/0/0/0/0/0/0/0/0/0/0/0/0/0/0/0/0/0/0/0/0/0/0/0/0/0/0/0/0/0/0/0/0/0/0/0/0/0/0/0/0/0/0/0/0/0/0/0/0/0/0/0/0/0/0/0/0/0/0/0/0/0/0/0/0/0/0/0/0/0/0/0/0/0/0/0/0/0/0/0/0/0/0/0/0/0/0/0/0/0/0/0/0,383.482/416.245/251.11/248.76/246.653/246.779/4757.63/248.886/246.661/4494.07/4782.37/5080.75/5252.32/4742.34/4453.44/8220.67/5785.82/4690.78/0/0/0/0/0/0/0/0/0/0/0/0/0/0/0/0/0/0/0/0/0/0/0/0/0/0/0/0/0/0/0/0/0/0/0/0/0/0/0/0/0/0/0/0/0/0/0/0/0/0/0/0/0/0/0/0/0/0/0/0/0/0/0/0/0/0/0/0/0/0/0/0/0/0/6312.68/0/0/0/0/0/0/0/0/0/0/0/0/0/0/0/0/0/0/0/0/0/0/0/0/0/0/0/0/0/0/0/0/0/0/0/0/0/0/0/0/0/0/0/0/0/0/0/0/0/0/0/0/0/0/0/0/0/0/0/0/0/0/0/0/0/0/0/0/0/0/0/0/0/0/0/0/0/0/0/0/0/0/0/0/0/0/0/0/0/0/0/0/0/0/0/0/0/0/0/0/0/0/0/0/0/0/0/0/0/0/0/0/0/0/0/0/0/0/0/0/0/0/0/0/0/0/0/0/0/0/0/0/0/0/0/0/0/0/0/0/0/0/0/0/0/0/0/0/0/0/0/0/0/0/0/0/0/0/0/0/0/0/0/0/0/0/0/0/0/0/0/0/0/0/0/0/0/0/0/0/0/0/0,,,9687,2.171784460112631e-11,3.7839843750000017e-11,-1.7962915811322203e-06,2.0701005432977833,496,1.08934675147722e-12,52676,1.1624737106141331e-10,2.0576562500000008e-10,1.649199229119594e-06,4.494066268539764e-06,2.6516504294495543e-06,4.386711148672396e-06,1,1,nan,0.3871790572835757,34,16/17/16/13/12/11/7/93/17/15/17/15/17/16/16/7/18/7/6/3/12/1/16/2/4/5/8/9/10/14/15/93/18/16,29,4397.5,1.0,,,3.649064543323405e-09,,,,,,,,,,,,,,1,50534,58,624547114.1413398,212480198.92147526,2.939319133319096,1,-304853851.822168,-224270940.632924,-327551367.033522,-46965.607171,12496149.980142,-73319.520931,-240555299.114377,73912.571896,21394,84933013.814802,101743767.631034,255881359.10759,253332690.520959,-119311882.470256,-137193815.466919,0.1146,0.9315,0.0644,0.1886,0.0062,0.1583,1.917,0.2493,0.0073,0.4618,0.7445,0.5754,1072,9112,27270,,,
1080,0.000132400657,9252.03,3.721772198705095e-08,1.1058178710937505e-16,1.4418212890625006e-17,276,19,20,17,17/16/13/12/11/15/6/3/1/2/4/5/8/9/10/14/7/15/93/18,0,142,5,0.135986/0.308105/0.263184/0.379639/0.25708/0.316162/0.799561/0.332764/0.249756/0.897949/1.48779/1.39502/1.28906/1.85229/0.853271/0.973145/1.06641/0.513184/0/0/0/0/0/0/0/0/0/0/0/0/0/0/0/0/0/0/0/0/0/0/0/0/0/0/0/0/0/0/0/0/0/0/0/0/0/0/0/0/0/0/0/0/0/0/0/0/0/0/0/0/0/0/0/0/0/0/0/0/0/0/0/0/0/0/0/0/0/0/0/0/0/0/1.04785/0/0/0/0/0/0/0/0/0/0/0/0/0/0/0/0/0/0/0/0/0/0/0/0/0/0/0/0/0/0/0/0/0/0/0/0/0/0/0/0/0/0/0/0/0/0/0/0/0/0/0/0/0/0/0/0/0/0/0/0/0/0/0/0/0/0/0/0/0/0/0/0/0/0/0/0/0/0/0/0/0/0/0/0/0/0/0/0/0/0/0/0/0/0/0/0/0/0/0/0/0/0/0/0/0/0/0/0/0/0/0/0/0/0/0/0/0/0/0/0/0/0/0/0/0/0/0/0/0/0/0/0/0/0/0/0/0/0/0/0/0/0/0/0/0/0/0/0/0/0/0/0/0/0/0/0/0/0/0/0/0/0/0/0/0/0/0/0/0/0/0/0/0/0/0/0/0/0/0/0/0/0/0,383.482/416.245/251.11/248.76/247.436/246.779/4757.63/248.886/246.661/4494.07/4782.37/5080.75/5252.32/4742.34/4453.44/8220.67/5785.82/4690.78/0/0/0/0/0/0/0/0/0/0/0/0/0/0/0/0/0/0/0/0/0/0/0/0/0/0/0/0/0/0/0/0/0/0/0/0/0/0/0/0/0/0/0/0/0/0/0/0/0/0/0/0/0/0/0/0/0/0/0/0/0/0/0/0/0/0/0/0/0/0/0/0/0/0/6312.68/0/0/0/0/0/0/0/0/0/0/0/0/0/0/0/0/0/0/0/0/0/0/0/0/0/0/0/0/0/0/0/0/0/0/0/0/0/0/0/0/0/0/0/0/0/0/0/0/0/0/0/0/0/0/0/0/0/0/0/0/0/0/0/0/0/0/0/0/0/0/0/0/0/0/0/0/0/0/0/0/0/0/0/0/0/0/0/0/0/0/0/0/0/0/0/0/0/0/0/0/0/0/0/0/0/0/0/0/0/0/0/0/0/0/0/0/0/0/0/0/0/0/0/0/0/0/0/0/0/0/0/0/0/0/0/0/0/0/0/0/0/0/0/0/0/0/0/0/0/0/0/0/0/0/0/0/0/0/0/0/0/0/0/0/0/0/0/0/0/0/0/0/0/0/0/0/0/0/0/0/0/0/0,,,9682,2.1693377754068017e-11,3.7820312500000014e-11,-1.7934904762101152e-06,2.1149182220514637,504,1.1044916704613517e-12,52806,1.1658546821113175e-10,2.062734375000001e-10,1.6485475524274125e-06,4.494066268539764e-06,2.6516504294495543e-06,4.386711148672396e-06,1,1,nan,0.39237005288535326,34,16/17/16/13/12/11/7/93/17/15/17/15/17/16/16/7/18/7/6/3/12/1/16/2/4/5/8/9/10/14/15/93/18/16,29,4398.0,1.0,,,3.6468373533750497e-09,,,,,,,,,,,,,,1,54613,60,658909976.1094148,220914332.1974544,2.9826492901351354,1,-285968212.521086,-224818162.270644,-325211857.10922,-31967.378957,22021433.001537,-41276.018449,-237551604.431125,1115220.440547,21765,101735067.74048,111044554.157937,269916848.383585,242813789.620102,-116860544.152177,-137793521.906874,0.3005,1.0174,0.0867,0.1891,0.0059,0.1571,2.0643,0.2514,0.0073,0.4706,0.7424,0.5746,1088,8895,27301,,,
1100,0.000132400657,9408.31,3.721772198705095e-08,1.1052075195312506e-16,1.4479248046875006e-17,276,19,21,18,17/16/13/12/11/15/7/6/3/1/2/4/5/8/9/10/14/7/15/93/18,0,142,5,0.135986/0.310791/0.263428/0.379639/0.256104/0.316162/0.802246/0.332275/0.249023/0.902832/1.49805/1.41016/1.30029/1.86914/0.850098/0.972168/1.06934/0.507568/0/0/0/0/0/0/0/0/0/0/0/0/0/0/0/0/0/0/0/0/0/0/0/0/0/0/0/0/0/0/0/0/0/0/0/0/0/0/0/0/0/0/0/0/0/0/0/0/0/0/0/0/0/0/0/0/0/0/0/0/0/0/0/0/0/0/0/0/0/0/0/0/0/0/1.05396/0/0/0/0/0/0/0/0/0/0/0/0/0/0/0/0/0/0/0/0/0/0/0/0/0/0/0/0/0/0/0/0/0/0/0/0/0/0/0/0/0/0/0/0/0/0/0/0/0/0/0/0/0/0/0/0/0/0/0/0/0/0/0/0/0/0/0/0/0/0/0/0/0/0/0/0/0/0/0/0/0/0/0/0/0/0/0/0/0/0/0/0/0/0/0/0/0/0/0/0/0/0/0/0/0/0/0/0/0/0/0/0/0/0/0/0/0/0/0/0/0/0/0/0/0/0/0/0/0/0/0/0/0/0/0/0/0/0/0/0/0/0/0/0/0/0/0/0/0/0/0/0/0/0/0/0/0/0/0/0/0/0/0/0/0/0/0/0/0/0/0/0/0/0/0/0/0/0/0/0/0/0/0,383.482/430.791/251.11/248.76/247.444/246.779/4757.63/248.886/246.661/4494.07/4782.37/5080.75/5252.32/4742.43/4453.43/8220.67/5785.82/4690.78/0/0/0/0/0/0/0/0/0/0/0/0/0/0/0/0/0/0/0/0/0/0/0/0/0/0/0/0/0/0/0/0/0/0/0/0/0/0/0/0/0/0/0/0/0/0/0/0/0/0/0/0/0/0/0/0/0/0/0/0/0/0/0/0/0/0/0/0/0/0/0/0/0/0/6312.68/0/0/0/0/0/0/0/0/0/0/0/0/0/0/0/0/0/0/0/0/0/0/0/0/0/0/0/0/0/0/0/0/0/0/0/0/0/0/0/0/0/0/0/0/0/0/0/0/0/0/0/0/0/0/0/0/0/0/0/0/0/0/0/0/0/0/0/0/0/0/0/0/0/0/0/0/0/0/0/0/0/0/0/0/0/0/0/0/0/0/0/0/0/0/0/0/0/0/0/0/0/0/0/0/0/0/0/0/0/0/0/0/0/0/0/0/0/0/0/0/0/0/0/0/0/0/0/0/0/0/0/0/0/0/0/0/0/0/0/0/0/0/0/0/0/0/0/0/0/0/0/0/0/0/0/0/0/0/0/0/0/0/0/0/0/0/0/0/0/0/0/0/0/0/0/0/0/0/0/0/0/0/0,1-2:0.371481/1-3:0.368024/2-4:1.31583/2-16:0.0425689/2-17:0.0849575/3-6:1.44349/3-16:0.0554863/3-18:0.47386/4-5:1.54223/4-13:0.026105/4-16:0.135169/4-17:0.00650357/5-8:1.01302/5-13:0.0966463/5-16:0.00518499/6-7:1.17112/6-16:0.0182825/6-18:0.0853182/7-11:0.197797/7-12:0.105968/7-14:0.234911/7-15:0.241454/7-17:0.0272433/8-9:1.41247/8-11:0.0213296/8-12:0.183742/8-13:0.00691323/9-10:0.965267/9-11:0.114429/9-12:0.00691323/10-11:0.919436/10-14:1.49199/11-12:1.98789/11-14:0.24592/12-13:1.5606/12-17:0.00864148/13-16:1.41957/14-15:0.190205/14-17:0.44954/15-17:0.22654/16-17:1.4781,1-2:-28.483/1-3:-33.911/2-4:-24.547/2-16:-24.364/2-17:-26.034/3-6:-37.886/3-16:-37.667/3-18:-37.613/4-5:-20.553/4-13:-20.337/4-16:-21.537/4-17:-23.29/5-8:-16.606/5-13:-18.346/5-16:-19.949/6-7:-41.826/6-16:-38.368/6-18:-38.347/7-11:-71.798/7-12:-72.964/7-14:-0.77559/7-15:1.0342/7-17:-0.027581/8-9:-12.612/8-11:-12.45/8-12:-13.943/8-13:-15.472/9-10:-8.6401/9-11:-10.193/9-12:-11.257/10-11:-5.5968/10-14:-3.8556/11-12:-52.553/11-14:-17.076/12-13:-56.322/12-17:0.1976/13-16:-57.005/14-15:-0.13562/14-17:-0.25932/15-17:-13.211/16-17:-50.435,9716,2.175213922280127e-11,3.7953125000000016e-11,-1.786148362372873e-06,2.232392043447339,499,1.0984877315463478e-12,52992,1.1710475089957024e-10,2.0700000000000009e-10,1.649594598605956e-06,4.494068314322643e-06,2.6516504294495543e-06,4.401018699643365e-06,1,1,nan,0.36416087551377035,34,16/17/16/13/12/11/7/93/17/15/17/15/17/16/16/7/18/7/6/3/12/1/16/2/4/5/8/9/10/14/15/93/18/16,29,4398.6,1.0,,,3.6470018718601945e-09,5,18/1/1/1/1,1/1/5/5/5,2,2,0.927209/0/0/0/0.0727907/0/0/0/0/0/0/0,0.896466,18/1/1/1/1,8221/4239/6284/2620/2790,8401/6988/6230/2940/2558,6983/4464/4375/3977/3845,18/1/1/1/1,33/4/5/2/2,1,54821,66,611538092.7271553,218959767.10988513,2.7929244755738822,1,-278038742.65521,-226399308.194439,-322681032.403224,-20933.550573,20102815.465394,-36537.780036,-234174494.278175,5469414.339278,22199,100355705.288145,109998160.559478,268382258.274519,270473356.810631,-117448765.626711,-138662424.846372,0.3135,1.0234,0.0856,0.1857,0.0057,0.1529,2.0391,0.2475,0.0072,0.4805,0.7385,0.5747,1105,8670,27319,3014.0,618.7,427.1
1120,0.000132400657,9621.87,3.721772198705095e-08,1.1046362304687505e-16,1.4536376953125006e-17,276,19,21,18,17/16/13/12/11/15/7/6/3/1/2/4/5/8/9/10/14/7/15/93/18,0,144,5,0.135254/0.311523/0.263916/0.379395/0.255615/0.315674/0.806396/0.332275/0.247559/0.906006/1.50708/1.41992/1.31079/1.88257/0.848145/0.972168/1.07715/0.503174/0/0/0/0/0/0/0/0/0/0/0/0/0/0/0/0/0/0/0/0/0/0/0/0/0/0/0/0/0/0/0/0/0/0/0/0/0/0/0/0/0/0/0/0/0/0/0/0/0/0/0/0/0/0/0/0/0/0/0/0/0/0/0/0/0/0/0/0/0/0/0/0/0/0/1.06177/0/0/0/0/0/0/0/0/0/0/0/0/0/0/0/0/0/0/0/0/0/0/0/0/0/0/0/0/0/0/0/0/0/0/0/0/0/0/0/0/0/0/0/0/0/0/0/0/0/0/0/0/0/0/0/0/0/0/0/0/0/0/0/0/0/0/0/0/0/0/0/0/0/0/0/0/0/0/0/0/0/0/0/0/0/0/0/0/0/0/0/0/0/0/0/0/0/0/0/0/0/0/0/0/0/0/0/0/0/0/0/0/0/0/0/0/0/0/0/0/0/0/0/0/0/0/0/0/0/0/0/0/0/0/0/0/0/0/0/0/0/0/0/0/0/0/0/0/0/0/0/0/0/0/0/0/0/0/0/0/0/0/0/0/0/0/0/0/0/0/0/0/0/0/0/0/0/0/0/0/0/0/0,383.482/430.791/251.11/248.76/247.444/246.779/4757.63/248.886/246.661/4494.07/4783.81/5080.75/5252.32/4742.43/4452.65/8220.67/5785.82/4690.78/0/0/0/0/0/0/0/0/0/0/0/0/0/0/0/0/0/0/0/0/0/0/0/0/0/0/0/0/0/0/0/0/0/0/0/0/0/0/0/0/0/0/0/0/0/0/0/0/0/0/0/0/0/0/0/0/0/0/0/0/0/0/0/0/0/0/0/0/0/0/0/0/0/0/6312.68/0/0/0/0/0/0/0/0/0/0/0/0/0/0/0/0/0/0/0/0/0/0/0/0/0/0/0/0/0/0/0/0/0/0/0/0/0/0/0/0/0/0/0/0/0/0/0/0/0/0/0/0/0/0/0/0/0/0/0/0/0/0/0/0/0/0/0/0/0/0/0/0/0/0/0/0/0/0/0/0/0/0/0/0/0/0/0/0/0/0/0/0/0/0/0/0/0/0/0/0/0/0/0/0/0/0/0/0/0/0/0/0/0/0/0/0/0/0/0/0/0/0/0/0/0/0/0/0/0/0/0/0/0/0/0/0/0/0/0/0/0/0/0/0/0/0/0/0/0/0/0/0/0/0/0/0/0/0/0/0/0/0/0/0/0/0/0/0/0/0/0/0/0/0/0/0/0/0/0/0/0/0/0,,,9748,2.179689544855623e-11,3.8078125000000016e-11,-1.781918008103429e-06,2.3000777117584437,503,1.1040821319042874e-12,53158,1.1754726473003768e-10,2.0764843750000007e-10,1.650185117157242e-06,4.494068314322643e-06,2.6516504294495543e-06,4.401018699643365e-06,1,1,nan,0.3794300387370792,34,16/17/16/13/12/11/7/93/17/15/17/15/17/16/16/7/18/7/6/3/12/1/16/2/4/5/8/9/10/14/15/93/18/16,29,4398.9,1.0,,,3.6475422555732786e-09,,,,,,,,,,,,,,1,55018,64,637179713.1839054,218715816.8068297,2.913276792170289,1,-275405693.993385,-229291748.910843,-320394993.644465,-15643.236462,17509333.055377,-30785.29605,-230502910.340158,9276881.383211,22643,97369072.409556,108234166.614226,269837415.035079,271265250.920843,-119097089.937767,-140331712.57173,0.3149,1.0011,0.0815,0.181,0.0056,0.1501,1.9724,0.2439,0.0072,0.4806,0.7321,0.5753,1111,8409,27365,,,
1140,0.000132400657,9740.45,3.721772198705095e-08,1.1040844726562505e-16,1.4591552734375007e-17,276,19,21,18,17/16/13/12/11/15/7/6/3/1/2/4/5/8/9/10/14/7/15/93/18,0,145,5,0.135254/0.312012/0.265869/0.378174/0.255127/0.31543/0.808594/0.332031/0.247314/0.908691/1.51196/1.43286/1.32056/1.89941/0.844482/0.972168/1.08203/0.499023/0/0/0/0/0/0/0/0/0/0/0/0/0/0/0/0/0/0/0/0/0/0/0/0/0/0/0/0/0/0/0/0/0/0/0/0/0/0/0/0/0/0/0/0/0/0/0/0/0/0/0/0/0/0/0/0/0/0/0/0/0/0/0/0/0/0/0/0/0/0/0/0/0/0/1.07056/0/0/0/0/0/0/0/0/0/0/0/0/0/0/0/0/0/0/0/0/0/0/0/0/0/0/0/0/0/0/0/0/0/0/0/0/0/0/0/0/0/0/0/0/0/0/0/0/0/0/0/0/0/0/0/0/0/0/0/0/0/0/0/0/0/0/0/0/0/0/0/0/0/0/0/0/0/0/0/0/0/0/0/0/0/0/0/0/0/0/0/0/0/0/0/0/0/0/0/0/0/0/0/0/0/0/0/0/0/0/0/0/0/0/0/0/0/0/0/0/0/0/0/0/0/0/0/0/0/0/0/0/0/0/0/0/0/0/0/0/0/0/0/0/0/0/0/0/0/0/0/0/0/0/0/0/0/0/0/0/0/0/0/0/0/0/0/0/0/0/0/0/0/0/0/0/0/0/0/0/0/0/0,383.482/430.791/251.11/248.749/247.444/246.779/4757.63/248.886/246.661/4494.07/4783.81/5080.75/5252.32/4758.41/4452.65/8220.67/5785.82/4690.78/0/0/0/0/0/0/0/0/0/0/0/0/0/0/0/0/0/0/0/0/0/0/0/0/0/0/0/0/0/0/0/0/0/0/0/0/0/0/0/0/0/0/0/0/0/0/0/0/0/0/0/0/0/0/0/0/0/0/0/0/0/0/0/0/0/0/0/0/0/0/0/0/0/0/6312.68/0/0/0/0/0/0/0/0/0/0/0/0/0/0/0/0/0/0/0/0/0/0/0/0/0/0/0/0/0/0/0/0/0/0/0/0/0/0/0/0/0/0/0/0/0/0/0/0/0/0/0/0/0/0/0/0/0/0/0/0/0/0/0/0/0/0/0/0/0/0/0/0/0/0/0/0/0/0/0/0/0/0/0/0/0/0/0/0/0/0/0/0/0/0/0/0/0/0/0/0/0/0/0/0/0/0/0/0/0/0/0/0/0/0/0/0/0/0/0/0/0/0/0/0/0/0/0/0/0/0/0/0/0/0/0/0/0/0/0/0/0/0/0/0/0/0/0/0/0/0/0/0/0/0/0/0/0/0/0/0/0/0/0/0/0/0/0/0/0/0/0/0/0/0/0/0/0/0/0/0/0/0/0,,,9784,2.1860433135563297e-11,3.8218750000000013e-11,-1.7789640513607433e-06,2.3473410196414157,508,1.117998818801516e-12,53246,1.178154091809398e-10,2.0799218750000007e-10,1.6519983166231925e-06,4.494068314322643e-06,2.6516504294495543e-06,4.401018699643365e-06,1,1,nan,0.3934857010298432,32,16/17/16/13/12/11/7/93/17/15/17/16/16/7/18/7/6/3/12/1/16/2/4/5/8/9/10/14/15/93/18/16,27,4399.2,1.0,,,3.647745380483609e-09,,,,,,,,,,,,,,1,55207,64,660783492.4158368,218010626.87450325,3.030969186636088,1,-268458620.504431,-230475498.140602,-317514447.879442,7916.5618,15903203.21445,-26448.455655,-227789558.063076,12201604.752996,22989,96973934.67716,108338010.507805,291433661.760864,314968017.992803,-119373194.536443,-140169142.215949,0.3325,0.9884,0.0812,0.1778,0.0056,0.1499,1.9394,0.2406,0.0072,0.4868,0.7272,0.5746,1101,8258,27406,,,
1160,0.000132400657,9852.96,3.721772198705095e-08,1.1035009765625005e-16,1.4649902343750007e-17,276,19,21,18,17/16/13/12/11/15/7/6/3/1/2/4/5/8/9/10/14/7/15/93/18,0,145,5,0.13501/0.312988/0.265625/0.378174/0.253662/0.31543/0.813721/0.331055/0.246826/0.910645/1.52075/1.44385/1.32861/1.91797/0.841064/0.973145/1.08691/0.494629/0/0/0/0/0/0/0/0/0/0/0/0/0/0/0/0/0/0/0/0/0/0/0/0/0/0/0/0/0/0/0/0/0/0/0/0/0/0/0/0/0/0/0/0/0/0/0/0/0/0/0/0/0/0/0/0/0/0/0/0/0/0/0/0/0/0/0/0/0/0/0/0/0/0/1.07983/0/0/0/0/0/0/0/0/0/0/0/0/0/0/0/0/0/0/0/0/0/0/0/0/0/0/0/0/0/0/0/0/0/0/0/0/0/0/0/0/0/0/0/0/0/0/0/0/0/0/0/0/0/0/0/0/0/0/0/0/0/0/0/0/0/0/0/0/0/0/0/0/0/0/0/0/0/0/0/0/0/0/0/0/0/0/0/0/0/0/0/0/0/0/0/0/0/0/0/0/0/0/0/0/0/0/0/0/0/0/0/0/0/0/0/0/0/0/0/0/0/0/0/0/0/0/0/0/0/0/0/0/0/0/0/0/0/0/0/0/0/0/0/0/0/0/0/0/0/0/0/0/0/0/0/0/0/0/0/0/0/0/0/0/0/0/0/0/0/0/0/0/0/0/0/0/0/0/0/0/0/0/0,383.482/430.791/251.11/248.749/247.444/246.779/4757.63/248.886/246.661/4494.07/4783.81/5080.75/5252.32/4758.41/4452.65/8220.67/5785.82/4642.03/0/0/0/0/0/0/0/0/0/0/0/0/0/0/0/0/0/0/0/0/0/0/0/0/0/0/0/0/0/0/0/0/0/0/0/0/0/0/0/0/0/0/0/0/0/0/0/0/0/0/0/0/0/0/0/0/0/0/0/0/0/0/0/0/0/0/0/0/0/0/0/0/0/0/6312.68/0/0/0/0/0/0/0/0/0/0/0/0/0/0/0/0/0/0/0/0/0/0/0/0/0/0/0/0/0/0/0/0/0/0/0/0/0/0/0/0/0/0/0/0/0/0/0/0/0/0/0/0/0/0/0/0/0/0/0/0/0/0/0/0/0/0/0/0/0/0/0/0/0/0/0/0/0/0/0/0/0/0/0/0/0/0/0/0/0/0/0/0/0/0/0/0/0/0/0/0/0/0/0/0/0/0/0/0/0/0/0/0/0/0/0/0/0/0/0/0/0/0/0/0/0/0/0/0/0/0/0/0/0/0/0/0/0/0/0/0/0/0/0/0/0/0/0/0/0/0/0/0/0/0/0/0/0/0/0/0/0/0/0/0/0/0/0/0/0/0/0/0/0/0/0/0/0/0/0/0/0/0/0,,,9832,2.1943392075130173e-11,3.840625000000001e-11,-1.7742853920747029e-06,2.422199568218062,511,1.1245025145532387e-12,53354,1.1816559424549634e-10,2.084140625000001e-10,1.6523178312645896e-06,4.494068314322643e-06,2.6958446032737126e-06,4.401018699643365e-06,1,1,nan,0.40186485312832326,33,16/17/16/13/12/11/7/93/17/93/15/17/16/16/7/18/7/6/3/12/1/16/2/4/5/8/9/10/14/15/93/18/16,26,4399.1,1.0,,,3.6480273013384264e-09,,,,,,,,,,,,,,1,55413,67,674854665.4537033,216360825.80342117,3.119116702146698,1,-265801112.127525,-231817824.746582,-315434509.933713,10219.881026,14560823.540376,-20399.629151,-225032979.857721,14899225.380514,23349,99143203.900013,108648937.269353,293113975.473312,329390380.889727,-110009827.765724,-139523557.824108,0.31,0.9944,0.0793,0.1758,0.0056,0.1469,1.9314,0.2393,0.0072,0.4929,0.7223,0.5743,1122,8078,27441,,,
1180,0.000142585323,9990.0,3.580544593920658e-08,1.1029272460937505e-16,1.4707275390625006e-17,276,19,21,18,17/16/13/12/11/15/7/6/3/1/2/4/5/8/9/10/14/7/15/93/18,0,146,5,0.13501/0.313721/0.265869/0.378174/0.253174/0.314697/0.815918/0.330811/0.246094/0.913818/1.53052/1.45264/1.33545/1.93042/0.841797/0.970947/1.09473/0.491211/0/0/0/0/0/0/0/0/0/0/0/0/0/0/0/0/0/0/0/0/0/0/0/0/0/0/0/0/0/0/0/0/0/0/0/0/0/0/0/0/0/0/0/0/0/0/0/0/0/0/0/0/0/0/0/0/0/0/0/0/0/0/0/0/0/0/0/0/0/0/0/0/0/0/1.09229/0/0/0/0/0/0/0/0/0/0/0/0/0/0/0/0/0/0/0/0/0/0/0/0/0/0/0/0/0/0/0/0/0/0/0/0/0/0/0/0/0/0/0/0/0/0/0/0/0/0/0/0/0/0/0/0/0/0/0/0/0/0/0/0/0/0/0/0/0/0/0/0/0/0/0/0/0/0/0/0/0/0/0/0/0/0/0/0/0/0/0/0/0/0/0/0/0/0/0/0/0/0/0/0/0/0/0/0/0/0/0/0/0/0/0/0/0/0/0/0/0/0/0/0/0/0/0/0/0/0/0/0/0/0/0/0/0/0/0/0/0/0/0/0/0/0/0/0/0/0/0/0/0/0/0/0/0/0/0/0/0/0/0/0/0/0/0/0/0/0/0/0/0/0/0/0/0/0/0/0/0/0/0,383.482/430.791/251.11/248.749/247.444/246.779/4757.63/248.886/246.661/4494.07/4783.81/5080.75/5252.32/4758.41/4452.65/8220.67/5785.82/4642.03/0/0/0/0/0/0/0/0/0/0/0/0/0/0/0/0/0/0/0/0/0/0/0/0/0/0/0/0/0/0/0/0/0/0/0/0/0/0/0/0/0/0/0/0/0/0/0/0/0/0/0/0/0/0/0/0/0/0/0/0/0/0/0/0/0/0/0/0/0/0/0/0/0/0/6312.68/0/0/0/0/0/0/0/0/0/0/0/0/0/0/0/0/0/0/0/0/0/0/0/0/0/0/0/0/0/0/0/0/0/0/0/0/0/0/0/0/0/0/0/0/0/0/0/0/0/0/0/0/0/0/0/0/0/0/0/0/0/0/0/0/0/0/0/0/0/0/0/0/0/0/0/0/0/0/0/0/0/0/0/0/0/0/0/0/0/0/0/0/0/0/0/0/0/0/0/0/0/0/0/0/0/0/0/0/0/0/0/0/0/0/0/0/0/0/0/0/0/0/0/0/0/0/0/0/0/0/0/0/0/0/0/0/0/0/0/0/0/0/0/0/0/0/0/0/0/0/0/0/0/0/0/0/0/0/0/0/0/0/0/0/0/0/0/0/0/0/0/0/0/0/0/0/0/0/0/0/0/0/0,,,9857,2.1973411897566617e-11,3.8503906250000014e-11,-1.769418150177753e-06,2.50007543856926,509,1.1223647313496926e-12,53510,1.186145648963371e-10,2.0902343750000008e-10,1.6528267168384294e-06,4.494068314322643e-06,2.6958446032737134e-06,4.401018699643365e-06,1,1,nan,0.39215722992372426,33,16/17/16/13/12/11/7/93/17/93/15/17/16/16/7/18/7/6/3/12/1/16/2/4/5/8/9/10/14/15/93/18/16,26,4399.0,1.0,,,3.6489742013541693e-09,,,,,,,,,,,,,,1,55620,67,684527904.2704164,224785744.03512934,3.0452460729157225,1,-260076868.031788,-233577980.662947,-313078069.317962,56450.764428,21717990.253787,-6231.513168,-222421027.588503,27766079.600584,23746,112913294.809237,117227669.005609,331321943.243827,280724071.709966,-105853274.876586,-141215031.284968,0.471,1.0465,0.0962,0.1775,0.0054,0.1486,2.0201,0.2436,0.0072,0.4969,0.7162,0.5748,1147,7883,27457,,,
1200,0.000142585323,10127.85,3.580544593920658e-08,1.1022094726562505e-16,1.4779052734375007e-17,276,19,21,18,17/16/13/12/11/15/7/6/3/1/2/4/5/8/9/10/14/7/15/93/18,0,146,4,0.134766/0.317627/0.267578/0.378418/0.252197/0.314453/0.820313/0.330322/0.245361/0.917969/1.53906/1.46338/1.34277/1.94067/0.84082/0.973877/1.10791/0.487793/0/0/0/0/0/0/0/0/0/0/0/0/0/0/0/0/0/0/0/0/0/0/0/0/0/0/0/0/0/0/0/0/0/0/0/0/0/0/0/0/0/0/0/0/0/0/0/0/0/0/0/0/0/0/0/0/0/0/0/0/0/0/0/0/0/0/0/0/0/0/0/0/0/0/1.10376/0/0/0/0/0/0/0/0/0/0/0/0/0/0/0/0/0/0/0/0/0/0/0/0/0/0/0/0/0/0/0/0/0/0/0/0/0/0/0/0/0/0/0/0/0/0/0/0/0/0/0/0/0/0/0/0/0/0/0/0/0/0/0/0/0/0/0/0/0/0/0/0/0/0/0/0/0/0/0/0/0/0/0/0/0/0/0/0/0/0/0/0/0/0/0/0/0/0/0/0/0/0/0/0/0/0/0/0/0/0/0/0/0/0/0/0/0/0/0/0/0/0/0/0/0/0/0/0/0/0/0/0/0/0/0/0/0/0/0/0/0/0/0/0/0/0/0/0/0/0/0/0/0/0/0/0/0/0/0/0/0/0/0/0/0/0/0/0/0/0/0/0/0/0/0/0/0/0/0/0/0/0/0,383.482/430.791/251.11/248.749/247.444/246.779/4757.63/248.886/246.661/4494.07/4811.46/5080.75/5252.32/4758.41/4452.65/8220.67/5785.82/4642.03/0/0/0/0/0/0/0/0/0/0/0/0/0/0/0/0/0/0/0/0/0/0/0/0/0/0/0/0/0/0/0/0/0/0/0/0/0/0/0/0/0/0/0/0/0/0/0/0/0/0/0/0/0/0/0/0/0/0/0/0/0/0/0/0/0/0/0/0/0/0/0/0/0/0/6312.68/0/0/0/0/0/0/0/0/0/0/0/0/0/0/0/0/0/0/0/0/0/0/0/0/0/0/0/0/0/0/0/0/0/0/0/0/0/0/0/0/0/0/0/0/0/0/0/0/0/0/0/0/0/0/0/0/0/0/0/0/0/0/0/0/0/0/0/0/0/0/0/0/0/0/0/0/0/0/0/0/0/0/0/0/0/0/0/0/0/0/0/0/0/0/0/0/0/0/0/0/0/0/0/0/0/0/0/0/0/0/0/0/0/0/0/0/0/0/0/0/0/0/0/0/0/0/0/0/0/0/0/0/0/0/0/0/0/0/0/0/0/0/0/0/0/0/0/0/0/0/0/0/0/0/0/0/0/0/0/0/0/0/0/0/0/0/0/0/0/0/0/0/0/0/0/0/0/0/0/0/0/0/0,1-2:0.371481/1-3:0.368024/2-4:1.3141/2-16:0.0395218/2-17:0.0935989/3-6:1.44217/3-16:0.0524392/3-18:0.467357/4-5:1.53227/4-13:0.026105/4-16:0.131712/4-17:0.00477532/5-8:1.00265/5-13:0.0966463/5-16:0.00518499/6-7:1.15242/6-16:0.0182825/6-18:0.0853182/7-11:0.197797/7-12:0.105968/7-14:0.359849/7-15:0.233222/7-17:0.0272433/8-9:1.40029/8-11:0.0213296/8-12:0.183742/8-13:0.00691323/9-10:0.965267/9-11:0.114429/9-12:0.00691323/10-11:0.975742/10-14:1.47593/11-12:1.98484/11-14:0.25629/12-13:1.55755/12-16:0.0224679/12-17:0.0777738/13-16:1.4087/14-15:0.24642/14-17:0.521719/15-17:0.221355/16-17:1.45982,1-2:-28.483/1-3:-33.911/2-4:-24.547/2-16:-24.364/2-17:-26.32/3-6:-37.885/3-16:-37.667/3-18:-37.606/4-5:-20.556/4-13:-20.337/4-16:-21.507/4-17:-22.731/5-8:-16.609/5-13:-18.346/5-16:-19.949/6-7:-41.825/6-16:-38.368/6-18:-38.347/7-11:-71.798/7-12:-72.964/7-14:-3.7623/7-15:1.0079/7-17:-0.027581/8-9:-12.612/8-11:-12.45/8-12:-13.943/8-13:-15.472/9-10:-8.6401/9-11:-10.216/9-12:-11.257/10-11:-5.2058/10-14:-3.8449/11-12:-52.553/11-14:-17.52/12-13:-56.261/12-16:-32.29/12-17:-2.007/13-16:-57.132/14-15:-5.4286/14-17:-5.2067/15-17:-12.962/16-17:-50.435,9893,2.2035631262068564e-11,3.864453125000002e-11,-1.7654512867433032e-06,2.563545253520457,513,1.12927783779705e-12,53732,1.1917232921677657e-10,2.0989062500000008e-10,1.652888095267025e-06,4.494068314322643e-06,2.6958446032737134e-06,4.401018699643365e-06,1,1,nan,0.4207295045186246,33,16/17/16/13/12/11/7/93/17/93/15/17/16/16/7/18/7/6/3/12/1/16/2/4/5/8/9/10/14/15/93/18/16,26,4398.2,1.0,,,3.651839268361723e-09,5,18/1/1/1/1,1/1/5/5/5,2,2,0.925316/0/0/0/0.0746841/0/0/0/0/0/0/0,0.893843,18/1/1/1/1,8221/4239/6284/2606/2804,8401/6988/6230/2940/2558,6983/4508/4419/3977/3845,18/1/1/1/1,31/4/5/2/2,1,55859,70,734402081.6570992,225184029.89195257,3.261341765708158,1,-256476787.850985,-235344422.448941,-310042983.725793,72303.688032,19032893.626224,-4082.698041,-220268583.552117,30188826.028085,24120,118528213.082202,116564742.83462,345292355.000539,302535367.258009,-105295791.101295,-141679772.957991,0.4776,1.0478,0.0906,0.177,0.0054,0.1467,2.0245,0.2422,0.0072,0.497,0.7139,0.5763,1159,7697,27549,2961.8,618.7,426.5
1220,0.000142585323,10343.41,3.580544593920658e-08,1.1015429687500005e-16,1.4845703125000007e-17,276,19,21,18,17/16/13/12/11/15/7/6/3/1/2/4/5/8/9/10/14/7/15/93/18,0,147,4,0.13501/0.319336/0.267822/0.378418/0.251709/0.314209/0.825439/0.329834/0.245117/0.922852/1.54565/1.47681/1.35181/1.95215/0.840332/0.975342/1.11475/0.486084/0/0/0/0/0/0/0/0/0/0/0/0/0/0/0/0/0/0/0/0/0/0/0/0/0/0/0/0/0/0/0/0/0/0/0/0/0/0/0/0/0/0/0/0/0/0/0/0/0/0/0/0/0/0/0/0/0/0/0/0/0/0/0/0/0/0/0/0/0/0/0/0/0/0/1.11304/0/0/0/0/0/0/0/0/0/0/0/0/0/0/0/0/0/0/0/0/0/0/0/0/0/0/0/0/0/0/0/0/0/0/0/0/0/0/0/0/0/0/0/0/0/0/0/0/0/0/0/0/0/0/0/0/0/0/0/0/0/0/0/0/0/0/0/0/0/0/0/0/0/0/0/0/0/0/0/0/0/0/0/0/0/0/0/0/0/0/0/0/0/0/0/0/0/0/0/0/0/0/0/0/0/0/0/0/0/0/0/0/0/0/0/0/0/0/0/0/0/0/0/0/0/0/0/0/0/0/0/0/0/0/0/0/0/0/0/0/0/0/0/0/0/0/0/0/0/0/0/0/0/0/0/0/0/0/0/0/0/0/0/0/0/0/0/0/0/0/0/0/0/0/0/0/0/0/0/0/0/0/0,383.482/430.791/251.11/248.749/247.444/271.428/4757.63/248.886/246.661/4494.07/4811.46/5080.75/5252.32/4759.89/4452.65/8220.67/5785.82/4642.03/0/0/0/0/0/0/0/0/0/0/0/0/0/0/0/0/0/0/0/0/0/0/0/0/0/0/0/0/0/0/0/0/0/0/0/0/0/0/0/0/0/0/0/0/0/0/0/0/0/0/0/0/0/0/0/0/0/0/0/0/0/0/0/0/0/0/0/0/0/0/0/0/0/0/6312.68/0/0/0/0/0/0/0/0/0/0/0/0/0/0/0/0/0/0/0/0/0/0/0/0/0/0/0/0/0/0/0/0/0/0/0/0/0/0/0/0/0/0/0/0/0/0/0/0/0/0/0/0/0/0/0/0/0/0/0/0/0/0/0/0/0/0/0/0/0/0/0/0/0/0/0/0/0/0/0/0/0/0/0/0/0/0/0/0/0/0/0/0/0/0/0/0/0/0/0/0/0/0/0/0/0/0/0/0/0/0/0/0/0/0/0/0/0/0/0/0/0/0/0/0/0/0/0/0/0/0/0/0/0/0/0/0/0/0/0/0/0/0/0/0/0/0/0/0/0/0/0/0/0/0/0/0/0/0/0/0/0/0/0/0/0/0/0/0/0/0/0/0/0/0/0/0/0/0/0/0/0/0/0,,,9915,2.206442272455668e-11,3.873046875000001e-11,-1.764458045269169e-06,2.579437117106603,518,1.1366006106629011e-12,53912,1.1967068869705507e-10,2.1059375000000008e-10,1.6523440303675196e-06,4.494068314322643e-06,2.7400387770978725e-06,4.401018699643365e-06,1,1,nan,0.39537832452105454,33,16/17/16/13/12/11/7/93/17/93/15/17/16/16/7/18/7/6/3/12/1/16/2/4/5/8/9/10/14/15/93/18/16,26,4398.1,1.0,,,3.654791502635579e-09,,,,,,,,,,,,,,1,56090,79,690150468.2981052,224325850.6758098,3.0765534432119184,1,-254356537.837178,-237122127.619671,-307026040.178903,97902.105846,16638648.260928,-2605.462198,-218917624.680958,32024622.540314,24452,117197405.814735,116419624.166532,342719558.983907,367731181.89274,-108220757.110139,-141787236.484108,0.4866,1.0374,0.0854,0.1781,0.0055,0.1426,1.9467,0.2407,0.0072,0.5113,0.708,0.5774,1191,7537,27612,,,
1240,0.000142585323,10455.45,3.580544593920658e-08,1.1009057617187505e-16,1.4909423828125007e-17,276,19,21,18,17/16/13/12/11/15/7/6/3/1/2/4/5/8/9/10/14/7/15/93/18,0,147,4,0.134766/0.320313/0.268799/0.378418/0.251465/0.314209/0.827393/0.329346/0.244873/0.926514/1.55713/1.48584/1.36279/1.9624/0.838379/0.975586/1.12207/0.483643/0/0/0/0/0/0/0/0/0/0/0/0/0/0/0/0/0/0/0/0/0/0/0/0/0/0/0/0/0/0/0/0/0/0/0/0/0/0/0/0/0/0/0/0/0/0/0/0/0/0/0/0/0/0/0/0/0/0/0/0/0/0/0/0/0/0/0/0/0/0/0/0/0/0/1.12549/0/0/0/0/0/0/0/0/0/0/0/0/0/0/0/0/0/0/0/0/0/0/0/0/0/0/0/0/0/0/0/0/0/0/0/0/0/0/0/0/0/0/0/0/0/0/0/0/0/0/0/0/0/0/0/0/0/0/0/0/0/0/0/0/0/0/0/0/0/0/0/0/0/0/0/0/0/0/0/0/0/0/0/0/0/0/0/0/0/0/0/0/0/0/0/0/0/0/0/0/0/0/0/0/0/0/0/0/0/0/0/0/0/0/0/0/0/0/0/0/0/0/0/0/0/0/0/0/0/0/0/0/0/0/0/0/0/0/0/0/0/0/0/0/0/0/0/0/0/0/0/0/0/0/0/0/0/0/0/0/0/0/0/0/0/0/0/0/0/0/0/0/0/0/0/0/0/0/0/0/0/0/0,383.482/2470.47/251.11/248.749/247.444/271.428/4757.63/248.886/246.661/4494.07/4811.46/5080.75/5252.32/4759.89/4452.65/8220.67/5785.82/4642.03/0/0/0/0/0/0/0/0/0/0/0/0/0/0/0/0/0/0/0/0/0/0/0/0/0/0/0/0/0/0/0/0/0/0/0/0/0/0/0/0/0/0/0/0/0/0/0/0/0/0/0/0/0/0/0/0/0/0/0/0/0/0/0/0/0/0/0/0/0/0/0/0/0/0/6312.68/0/0/0/0/0/0/0/0/0/0/0/0/0/0/0/0/0/0/0/0/0/0/0/0/0/0/0/0/0/0/0/0/0/0/0/0/0/0/0/0/0/0/0/0/0/0/0/0/0/0/0/0/0/0/0/0/0/0/0/0/0/0/0/0/0/0/0/0/0/0/0/0/0/0/0/0/0/0/0/0/0/0/0/0/0/0/0/0/0/0/0/0/0/0/0/0/0/0/0/0/0/0/0/0/0/0/0/0/0/0/0/0/0/0/0/0/0/0/0/0/0/0/0/0/0/0/0/0/0/0/0/0/0/0/0/0/0/0/0/0/0/0/0/0/0/0/0/0/0/0/0/0/0/0/0/0/0/0/0/0/0/0/0/0/0/0/0/0/0/0/0/0/0/0/0/0/0/0/0/0/0/0/0,,,9943,2.210622119496395e-11,3.8839843750000013e-11,-1.762537575434353e-06,2.610164634463658,524,1.1443327942243867e-12,54078,1.2010528977954028e-10,2.112421875000001e-10,1.6516650289906302e-06,4.494068314322643e-06,3.844893122701853e-06,4.401018699643365e-06,1,1,nan,0.3957943928975957,34,16/17/16/13/12/11/7/93/17/93/15/17/16/93/16/7/18/7/6/3/12/1/16/2/4/5/8/9/10/14/15/93/18/16,25,4398.7,1.0,,,3.6577591479523063e-09,,,,,,,,,,,,,,1,56298,80,690876734.1733571,223574580.8938449,3.0901399050431015,1,-252867694.461233,-239574315.205608,-304685588.903612,127375.120965,13669825.88614,-1456.707967,-217033110.89862,34394795.739557,24864,117103165.444874,115540021.31608,343233605.607294,289300625.166252,-108019086.036937,-142408141.25945,0.5393,1.0588,0.0822,0.1741,0.0054,0.1405,1.9448,0.2371,0.0072,0.5175,0.7033,0.5779,1198,7357,27638,,,
1260,0.000142585323,10579.21,3.580544593920658e-08,1.1002441406250005e-16,1.4975585937500008e-17,276,19,20,17,17/16/13/12/11/15/6/3/1/2/4/5/8/9/10/14/7/15/93/18,0,148,4,0.134766/0.323242/0.269287/0.378418/0.250488/0.313965/0.831055/0.328857/0.244873/0.927979/1.56543/1.49756/1.37183/1.97412/0.836182/0.977539/1.12891/0.481689/0/0/0/0/0/0/0/0/0/0/0/0/0/0/0/0/0/0/0/0/0/0/0/0/0/0/0/0/0/0/0/0/0/0/0/0/0/0/0/0/0/0/0/0/0/0/0/0/0/0/0/0/0/0/0/0/0/0/0/0/0/0/0/0/0/0/0/0/0/0/0/0/0/0/1.1394/0/0/0/0/0/0/0/0/0/0/0/0/0/0/0/0/0/0/0/0/0/0/0/0/0/0/0/0/0/0/0/0/0/0/0/0/0/0/0/0/0/0/0/0/0/0/0/0/0/0/0/0/0/0/0/0/0/0/0/0/0/0/0/0/0/0/0/0/0/0/0/0/0/0/0/0/0/0/0/0/0/0/0/0/0/0/0/0/0/0/0/0/0/0/0/0/0/0/0/0/0/0/0/0/0/0/0/0/0/0/0/0/0/0/0/0/0/0/0/0/0/0/0/0/0/0/0/0/0/0/0/0/0/0/0/0/0/0/0/0/0/0/0/0/0/0/0/0/0/0/0/0/0/0/0/0/0/0/0/0/0/0/0/0/0/0/0/0/0/0/0/0/0/0/0/0/0/0/0/0/0/0/0,383.482/2470.47/251.11/248.749/247.444/271.428/4757.63/248.886/246.661/4494.07/4811.46/5090.96/5252.32/4759.89/4452.65/8220.67/5785.82/4593.27/0/0/0/0/0/0/0/0/0/0/0/0/0/0/0/0/0/0/0/0/0/0/0/0/0/0/0/0/0/0/0/0/0/0/0/0/0/0/0/0/0/0/0/0/0/0/0/0/0/0/0/0/0/0/0/0/0/0/0/0/0/0/0/0/0/0/0/0/0/0/0/0/0/0/6312.68/0/0/0/0/0/0/0/0/0/0/0/0/0/0/0/0/0/0/0/0/0/0/0/0/0/0/0/0/0/0/0/0/0/0/0/0/0/0/0/0/0/0/0/0/0/0/0/0/0/0/0/0/0/0/0/0/0/0/0/0/0/0/0/0/0/0/0/0/0/0/0/0/0/0/0/0/0/0/0/0/0/0/0/0/0/0/0/0/0/0/0/0/0/0/0/0/0/0/0/0/0/0/0/0/0/0/0/0/0/0/0/0/0/0/0/0/0/0/0/0/0/0/0/0/0/0/0/0/0/0/0/0/0/0/0/0/0/0/0/0/0/0/0/0/0/0/0/0/0/0/0/0/0/0/0/0/0/0/0/0/0/0/0/0/0/0/0/0/0/0/0/0/0/0/0/0/0/0/0/0/0/0/0,,,9983,2.2175354177358972e-11,3.8996093750000016e-11,-1.7583030340836135e-06,2.6779172960754907,532,1.164753432596198e-12,54146,1.2033886499022415e-10,2.1150781250000008e-10,1.652022494888883e-06,4.494068314322643e-06,3.844893122701853e-06,4.412978780663353e-06,1,1,nan,0.39531480131103935,34,16/17/16/13/12/11/7/93/17/93/15/17/16/93/16/7/18/7/6/3/12/1/16/2/4/5/8/9/10/14/15/93/18/16,25,4398.4,1.0,,,3.6605912547650323e-09,,,,,,,,,,,,,,1,56522,81,690039585.7068734,223593898.17614606,3.0861288762149672,1,-250737899.040298,-240903439.207795,-302359341.798065,176022.278953,12214576.980343,-577.336734,-216011823.597535,35852461.031932,25199,119377625.747864,115709153.729519,325705568.078471,279497085.283036,-106343176.705475,-142129261.676963,0.5499,1.0497,0.0809,0.173,0.0057,0.1413,1.9061,0.237,0.0072,0.5242,0.6991,0.5788,1217,7222,27693,,,
1280,0.000152769989,10720.82,3.449643283398588e-08,1.0973657226562505e-16,1.5263427734375006e-17,276,19,20,17,17/16/13/12/11/15/6/3/1/2/4/5/8/9/10/14/7/15/93/18,0,149,5,0.134766/0.324463/0.269775/0.378662/0.250244/0.313965/0.833252/0.328369/1.01245/0.931396/1.57422/1.51025/1.38135/1.81567/0.463379/0.976563/1.13354/0.480713/0/0/0/0/0/0/0/0/0/0/0/0/0/0/0/0/0/0/0/0/0/0/0/0/0/0/0/0/0/0/0/0/0/0/0/0/0/0/0/0/0/0/0/0/0/0/0/0/0/0/0/0/0/0/0/0/0/0/0/0/0/0/0/0/0/0/0/0/0/0/0/0/0/0/1.15039/0/0/0/0/0/0/0/0/0/0/0/0/0/0/0/0/0/0/0/0/0/0/0/0/0/0/0/0/0/0/0/0/0/0/0/0/0/0/0/0/0/0/0/0/0/0/0/0/0/0/0/0/0/0/0/0/0/0/0/0/0/0/0/0/0/0/0/0/0/0/0/0/0/0/0/0/0/0/0/0/0/0/0/0/0/0/0/0/0/0/0/0/0/0/0/0/0/0/0/0/0/0/0/0/0/0/0/0/0/0/0/0/0/0/0/0/0/0/0/0/0/0/0/0/0/0/0/0/0/0/0/0/0/0/0/0/0/0/0/0/0/0/0/0/0/0/0/0/0/0/0/0/0/0/0/0/0/0/0/0/0/0/0/0/0/0/0/0/0/0/0/0/0/0/0/0/0/0/0/0/0/0/0,383.482/2470.47/251.11/248.749/247.444/271.428/4757.63/248.886/4210.35/4494.07/4811.46/5090.96/5252.32/4759.89/4449.77/8220.67/5785.82/4593.27/0/0/0/0/0/0/0/0/0/0/0/0/0/0/0/0/0/0/0/0/0/0/0/0/0/0/0/0/0/0/0/0/0/0/0/0/0/0/0/0/0/0/0/0/0/0/0/0/0/0/0/0/0/0/0/0/0/0/0/0/0/0/0/0/0/0/0/0/0/0/0/0/0/0/6312.68/0/0/0/0/0/0/0/0/0/0/0/0/0/0/0/0/0/0/0/0/0/0/0/0/0/0/0/0/0/0/0/0/0/0/0/0/0/0/0/0/0/0/0/0/0/0/0/0/0/0/0/0/0/0/0/0/0/0/0/0/0/0/0/0/0/0/0/0/0/0/0/0/0/0/0/0/0/0/0/0/0/0/0/0/0/0/0/0/0/0/0/0/0/0/0/0/0/0/0/0/0/0/0/0/0/0/0/0/0/0/0/0/0/0/0/0/0/0/0/0/0/0/0/0/0/0/0/0/0/0/0/0/0/0/0/0/0/0/0/0/0/0/0/0/0/0/0/0/0/0/0/0/0/0/0/0/0/0/0/0/0/0/0/0/0/0/0/0/0/0/0/0/0/0/0/0/0/0/0/0/0/0/0,,,10614,2.331998658825699e-11,4.146093750000001e-11,-1.7706077147326861e-06,2.4810424056903297,531,1.164343510454844e-12,54810,1.2190319576907327e-10,2.1410156250000007e-10,1.6736676515774182e-06,4.494068314322643e-06,3.844893122701852e-06,4.412978780663353e-06,1,1,nan,0.3759576148934107,35,16/17/16/13/12/11/7/93/9/17/93/15/17/16/93/16/7/18/7/6/3/12/1/16/2/4/5/8/9/10/14/15/93/18/16,26,4392.4,1.0,,,3.79557026139745e-09,,,,,,,,,,,,,,1,57646,84,681153064.2579538,246255445.67052507,2.7660426448773663,1,-250949516.830689,-244132394.094483,-308293727.522496,104457.865234,740092.811734,10.292212,-217015403.950428,41263107.499031,25647,127579686.379752,120034885.93918,348434799.59396,278599834.246951,-110061268.548627,-146135817.305983,0.5741,1.0659,0.0855,0.1624,0.0054,0.1438,2.0187,0.2476,0.0074,0.5067,0.6372,0.577,1267,7883,27716,,,
1300,0.000152769989,10848.86,3.449643283398588e-08,1.0966796875000005e-16,1.5332031250000008e-17,276,19,20,17,17/16/13/12/11/15/6/3/1/2/4/5/8/9/10/14/7/15/93/18,0,149,3,0.134766/0.327881/0.270508/0.378662/0.249268/0.313721/0.836426/0.327881/1.01123/0.936523/1.58276/1.52002/1.38721/1.83057/0.459961/0.979004/1.14063/0.478516/0/0/0/0/0/0/0/0/0/0/0/0/0/0/0/0/0/0/0/0/0/0/0/0/0/0/0/0/0/0/0/0/0/0/0/0/0/0/0/0/0/0/0/0/0/0/0/0/0/0/0/0/0/0/0/0/0/0/0/0/0/0/0/0/0/0/0/0/0/0/0/0/0/0/1.1665/0/0/0/0/0/0/0/0/0/0/0/0/0/0/0/0/0/0/0/0/0/0/0/0/0/0/0/0/0/0/0/0/0/0/0/0/0/0/0/0/0/0/0/0/0/0/0/0/0/0/0/0/0/0/0/0/0/0/0/0/0/0/0/0/0/0/0/0/0/0/0/0/0/0/0/0/0/0/0/0/0/0/0/0/0/0/0/0/0/0/0/0/0/0/0/0/0/0/0/0/0/0/0/0/0/0/0/0/0/0/0/0/0/0/0/0/0/0/0/0/0/0/0/0/0/0/0/0/0/0/0/0/0/0/0/0/0/0/0/0/0/0/0/0/0/0/0/0/0/0/0/0/0/0/0/0/0/0/0/0/0/0/0/0/0/0/0/0/0/0/0/0/0/0/0/0/0/0/0/0/0/0/0,383.482/2477.02/251.11/248.749/247.444/271.428/4757.63/248.886/4224.1/4494.07/4811.46/5090.96/5252.32/4759.89/4449.77/8220.67/5799.7/4593.27/0/0/0/0/0/0/0/0/0/0/0/0/0/0/0/0/0/0/0/0/0/0/0/0/0/0/0/0/0/0/0/0/0/0/0/0/0/0/0/0/0/0/0/0/0/0/0/0/0/0/0/0/0/0/0/0/0/0/0/0/0/0/0/0/0/0/0/0/0/0/0/0/0/0/6312.68/0/0/0/0/0/0/0/0/0/0/0/0/0/0/0/0/0/0/0/0/0/0/0/0/0/0/0/0/0/0/0/0/0/0/0/0/0/0/0/0/0/0/0/0/0/0/0/0/0/0/0/0/0/0/0/0/0/0/0/0/0/0/0/0/0/0/0/0/0/0/0/0/0/0/0/0/0/0/0/0/0/0/0/0/0/0/0/0/0/0/0/0/0/0/0/0/0/0/0/0/0/0/0/0/0/0/0/0/0/0/0/0/0/0/0/0/0/0/0/0/0/0/0/0/0/0/0/0/0/0/0/0/0/0/0/0/0/0/0/0/0/0/0/0/0/0/0/0/0/0/0/0/0/0/0/0/0/0/0/0/0/0/0/0/0/0/0/0/0/0/0/0/0/0/0/0/0/0/0/0/0/0/0,1-2:0.371481/1-3:0.371071/2-4:1.31105/2-16:0.0395218/2-17:0.100512/3-6:1.44086/3-16:0.0524392/3-18:0.4639/4-5:1.5214/4-13:0.026105/4-16:0.131712/4-17:0.00477532/5-8:0.982231/5-13:0.0966463/5-16:0.00518499/6-7:1.14155/6-16:0.0182825/6-18:0.0853182/7-11:0.193022/7-12:0.105968/7-14:0.47187/7-15:0.223262/7-17:0.0272433/8-9:1.39724/8-11:0.0213296/8-12:0.183742/8-13:0.00691323/9-10:0.965267/9-11:0.114429/9-12:0.00691323/9-14:0.613952/9-15:0.787151/9-17:0.0325182/10-11:0.990478/10-14:1.46465/11-12:1.9757/11-14:0.277939/12-13:1.54973/12-16:0.0604905/12-17:0.136536/13-16:1.38655/14-17:0.565017/15-17:0.156818/16-17:1.43808,1-2:-28.483/1-3:-33.907/2-4:-24.547/2-16:-24.364/2-17:-26.436/3-6:-37.881/3-16:-37.667/3-18:-37.615/4-5:-20.556/4-13:-20.337/4-16:-21.507/4-17:-22.731/5-8:-16.608/5-13:-18.346/5-16:-19.949/6-7:-41.824/6-16:-38.368/6-18:-38.347/7-11:-71.828/7-12:-72.964/7-14:-5.0818/7-15:1.0305/7-17:-0.027581/8-9:-12.612/8-11:-12.45/8-12:-13.943/8-13:-15.472/9-10:-8.6401/9-11:-10.216/9-12:-11.257/9-14:-12.079/9-15:-36.752/9-17:0.40452/10-11:-5.5718/10-14:-3.8632/11-12:-52.652/11-14:-17.372/12-13:-56.199/12-16:-20.667/12-17:-2.4159/13-16:-56.941/14-17:-7.7064/15-17:-18.017/16-17:-50.519,10616,2.3316848907795715e-11,4.1468750000000015e-11,-1.7676201652858558e-06,2.528843196839614,540,1.1864921377502772e-12,55022,1.224252129448446e-10,2.1492968750000008e-10,1.6737659579291446e-06,4.494068314322643e-06,3.844893122701853e-06,4.412978780663353e-06,1,1,nan,0.372169077693258,35,16/17/16/13/12/11/7/93/17/93/15/93/17/16/93/16/7/18/7/6/3/12/1/16/2/4/5/8/9/10/14/15/93/18/16,24,4391.9,1.0,,,3.799634325203545e-09,5,18/1/1/1/1,1/1/5/5/5,2,2,0.923917/0/0/0/0.0760828/0/0/0/0/0/0/0,0.891908,18/1/1/1/1,8221/4242/6286/2626/2804,8401/7094/6230/2940/2586,6983/4508/4464/3977/3845,18/1/1/1/1,31/4/5/2/2,1,57885,86,674289062.5175692,246056066.85736296,2.7403878763471012,1,-249480651.589498,-244879754.271167,-304607201.052327,188345.620566,326900.160533,3402.175182,-216404635.749017,41956115.191172,25894,125868409.906931,120989131.792565,330225374.847274,298662211.02958,-107369673.402379,-145498120.397215,0.5965,1.0363,0.0866,0.1601,0.0055,0.1408,1.9398,0.2459,0.0074,0.5085,0.6307,0.5759,1290,7793,27805,2884.2,618.7,481.0
1320,0.000152769989,11036.17,3.449643283398588e-08,1.0960913085937505e-16,1.5390869140625006e-17,276,19,20,17,17/16/13/12/11/15/6/3/1/2/4/5/8/9/10/14/7/15/93/18,0,149,3,0.134521/0.329102/0.270752/0.378418/0.249023/0.313477/0.838379/0.327881/1.01367/0.942139/1.59009/1.52954/1.39478/1.83911/0.45752/0.979736/1.14746/0.478027/0/0/0/0/0/0/0/0/0/0/0/0/0/0/0/0/0/0/0/0/0/0/0/0/0/0/0/0/0/0/0/0/0/0/0/0/0/0/0/0/0/0/0/0/0/0/0/0/0/0/0/0/0/0/0/0/0/0/0/0/0/0/0/0/0/0/0/0/0/0/0/0/0/0/1.17725/0/0/0/0/0/0/0/0/0/0/0/0/0/0/0/0/0/0/0/0/0/0/0/0/0/0/0/0/0/0/0/0/0/0/0/0/0/0/0/0/0/0/0/0/0/0/0/0/0/0/0/0/0/0/0/0/0/0/0/0/0/0/0/0/0/0/0/0/0/0/0/0/0/0/0/0/0/0/0/0/0/0/0/0/0/0/0/0/0/0/0/0/0/0/0/0/0/0/0/0/0/0/0/0/0/0/0/0/0/0/0/0/0/0/0/0/0/0/0/0/0/0/0/0/0/0/0/0/0/0/0/0/0/0/0/0/0/0/0/0/0/0/0/0/0/0/0/0/0/0/0/0/0/0/0/0/0/0/0/0/0/0/0/0/0/0/0/0/0/0/0/0/0/0/0/0/0/0/0/0/0/0/0,383.482/2477.02/251.11/248.749/247.444/271.428/4757.63/248.886/4224.1/4494.07/4811.46/5090.96/5252.32/4761.29/4449.77/8220.67/5799.7/4593.27/0/0/0/0/0/0/0/0/0/0/0/0/0/0/0/0/0/0/0/0/0/0/0/0/0/0/0/0/0/0/0/0/0/0/0/0/0/0/0/0/0/0/0/0/0/0/0/0/0/0/0/0/0/0/0/0/0/0/0/0/0/0/0/0/0/0/0/0/0/0/0/0/0/0/6340.33/0/0/0/0/0/0/0/0/0/0/0/0/0/0/0/0/0/0/0/0/0/0/0/0/0/0/0/0/0/0/0/0/0/0/0/0/0/0/0/0/0/0/0/0/0/0/0/0/0/0/0/0/0/0/0/0/0/0/0/0/0/0/0/0/0/0/0/0/0/0/0/0/0/0/0/0/0/0/0/0/0/0/0/0/0/0/0/0/0/0/0/0/0/0/0/0/0/0/0/0/0/0/0/0/0/0/0/0/0/0/0/0/0/0/0/0/0/0/0/0/0/0/0/0/0/0/0/0/0/0/0/0/0/0/0/0/0/0/0/0/0/0/0/0/0/0/0/0/0/0/0/0/0/0/0/0/0/0/0/0/0/0/0/0/0/0/0/0/0/0/0/0/0/0/0/0/0/0/0/0/0/0/0,,,10621,2.3321534140621302e-11,4.148828125000002e-11,-1.768329007394716e-06,2.517501723097851,536,1.1795792870257802e-12,55182,1.2281515717823463e-10,2.155546875000001e-10,1.6722042582383716e-06,4.494068314322643e-06,3.889087296526012e-06,4.412978780663353e-06,1,1,nan,0.36571505177162794,35,16/17/16/13/12/11/7/93/17/93/15/93/17/16/93/16/7/18/7/6/3/12/1/16/2/4/5/8/9/10/14/15/93/18/16,24,4391.4,1.0,,,3.803656151269401e-09,,,,,,,,,,,,,,1,58088,84,662595777.5323323,245850150.92206147,2.695120483136844,1,-251573838.804148,-246236444.099251,-302458509.278834,189447.3472,154440.800011,7640.239139,-215395727.799684,43143051.32537,26183,124164525.562928,121529295.63295,303254924.864716,301741196.030563,-107736247.100829,-145234199.452313,0.6147,1.0951,0.0844,0.1603,0.0056,0.1373,1.9839,0.2452,0.0074,0.5239,0.6268,0.5771,1319,7687,27842,,,
1340,0.000152769989,11134.52,3.449643283398588e-08,1.0953613281250004e-16,1.5463867187500006e-17,276,19,20,17,17/16/13/12/11/15/6/3/1/2/4/5/8/9/10/14/7/15/93/18,0,149,3,0.134277/0.331299/0.27124/0.378662/0.248535/0.313232/0.841309/0.327637/1.01733/0.945557/1.59888/1.53784/1.40234/1.85156/0.456787/0.982422/1.15747/0.47583/0/0/0/0/0/0/0/0/0/0/0/0/0/0/0/0/0/0/0/0/0/0/0/0/0/0/0/0/0/0/0/0/0/0/0/0/0/0/0/0/0/0/0/0/0/0/0/0/0/0/0/0/0/0/0/0/0/0/0/0/0/0/0/0/0/0/0/0/0/0/0/0/0/0/1.19165/0/0/0/0/0/0/0/0/0/0/0/0/0/0/0/0/0/0/0/0/0/0/0/0/0/0/0/0/0/0/0/0/0/0/0/0/0/0/0/0/0/0/0/0/0/0/0/0/0/0/0/0/0/0/0/0/0/0/0/0/0/0/0/0/0/0/0/0/0/0/0/0/0/0/0/0/0/0/0/0/0/0/0/0/0/0/0/0/0/0/0/0/0/0/0/0/0/0/0/0/0/0/0/0/0/0/0/0/0/0/0/0/0/0/0/0/0/0/0/0/0/0/0/0/0/0/0/0/0/0/0/0/0/0/0/0/0/0/0/0/0/0/0/0/0/0/0/0/0/0/0/0/0/0/0/0/0/0/0/0/0/0/0/0/0/0/0/0/0/0/0/0/0/0/0/0/0/0/0/0/0/0/0,383.482/2477.02/251.11/248.749/247.444/271.428/4757.63/248.886/4238.65/4494.07/4811.46/5090.96/5252.32/4761.29/4449.77/8220.67/5799.7/4593.27/0/0/0/0/0/0/0/0/0/0/0/0/0/0/0/0/0/0/0/0/0/0/0/0/0/0/0/0/0/0/0/0/0/0/0/0/0/0/0/0/0/0/0/0/0/0/0/0/0/0/0/0/0/0/0/0/0/0/0/0/0/0/0/0/0/0/0/0/0/0/0/0/0/0/6340.34/0/0/0/0/0/0/0/0/0/0/0/0/0/0/0/0/0/0/0/0/0/0/0/0/0/0/0/0/0/0/0/0/0/0/0/0/0/0/0/0/0/0/0/0/0/0/0/0/0/0/0/0/0/0/0/0/0/0/0/0/0/0/0/0/0/0/0/0/0/0/0/0/0/0/0/0/0/0/0/0/0/0/0/0/0/0/0/0/0/0/0/0/0/0/0/0/0/0/0/0/0/0/0/0/0/0/0/0/0/0/0/0/0/0/0/0/0/0/0/0/0/0/0/0/0/0/0/0/0/0/0/0/0/0/0/0/0/0/0/0/0/0/0/0/0/0/0/0/0/0/0/0/0/0/0/0/0/0/0/0/0/0/0/0/0/0/0/0/0/0/0/0/0/0/0/0/0/0/0/0/0/0/0,,,10645,2.3361694712523175e-11,4.1582031250000014e-11,-1.7688268189263076e-06,2.509536738592386,541,1.1921772678335914e-12,55382,1.2332170870826874e-10,2.1633593750000007e-10,1.6698194016949084e-06,4.494068314322643e-06,3.889087296526012e-06,4.412978780663353e-06,1,1,nan,0.3556458727411181,35,16/17/16/13/12/11/7/93/17/93/15/93/17/16/93/16/7/18/7/6/3/12/1/16/2/4/5/8/9/10/14/15/93/18/16,24,4390.9,1.0,,,3.807881380851676e-09,,,,,,,,,,,,,,1,58338,82,644352624.9015809,243839413.4144437,2.6425286047026435,1,-256662539.770557,-247419183.95428,-299204761.905776,166978.719266,130016.068292,15398.36485,-214659248.355897,44312413.948343,26493,125483148.564434,121737908.276699,321896275.661931,306854027.343903,-115289998.445427,-144967402.764124,0.594,1.0984,0.0851,0.1609,0.0056,0.1375,2.0107,0.2463,0.0074,0.5245,0.6229,0.5796,1304,7605,27933,,,
1360,0.000152769989,11232.58,3.449643283398588e-08,1.0946166992187505e-16,1.5538330078125007e-17,276,19,20,17,17/16/13/12/11/15/6/3/1/2/4/5/8/9/10/14/7/15/93/18,0,149,3,0.134521/0.334717/0.271973/0.378662/0.248291/0.312988/0.844482/0.327148/1.02319/0.948975/1.60767/1.54663/1.41064/1.8645/0.455078/0.983154/1.16333/0.476074/0/0/0/0/0/0/0/0/0/0/0/0/0/0/0/0/0/0/0/0/0/0/0/0/0/0/0/0/0/0/0/0/0/0/0/0/0/0/0/0/0/0/0/0/0/0/0/0/0/0/0/0/0/0/0/0/0/0/0/0/0/0/0/0/0/0/0/0/0/0/0/0/0/0/1.2063/0/0/0/0/0/0/0/0/0/0/0/0/0/0/0/0/0/0/0/0/0/0/0/0/0/0/0/0/0/0/0/0/0/0/0/0/0/0/0/0/0/0/0/0/0/0/0/0/0/0/0/0/0/0/0/0/0/0/0/0/0/0/0/0/0/0/0/0/0/0/0/0/0/0/0/0/0/0/0/0/0/0/0/0/0/0/0/0/0/0/0/0/0/0/0/0/0/0/0/0/0/0/0/0/0/0/0/0/0/0/0/0/0/0/0/0/0/0/0/0/0/0/0/0/0/0/0/0/0/0/0/0/0/0/0/0/0/0/0/0/0/0/0/0/0/0/0/0/0/0/0/0/0/0/0/0/0/0/0/0/0/0/0/0/0/0/0/0/0/0/0/0/0/0/0/0/0/0/0/0/0/0/0,383.482/2477.02/251.11/248.749/247.444/271.428/4759.07/248.886/4238.65/4494.07/4832.56/5090.96/5252.32/4761.29/4449.77/8220.67/5799.7/4593.27/0/0/0/0/0/0/0/0/0/0/0/0/0/0/0/0/0/0/0/0/0/0/0/0/0/0/0/0/0/0/0/0/0/0/0/0/0/0/0/0/0/0/0/0/0/0/0/0/0/0/0/0/0/0/0/0/0/0/0/0/0/0/0/0/0/0/0/0/0/0/0/0/0/0/6340.34/0/0/0/0/0/0/0/0/0/0/0/0/0/0/0/0/0/0/0/0/0/0/0/0/0/0/0/0/0/0/0/0/0/0/0/0/0/0/0/0/0/0/0/0/0/0/0/0/0/0/0/0/0/0/0/0/0/0/0/0/0/0/0/0/0/0/0/0/0/0/0/0/0/0/0/0/0/0/0/0/0/0/0/0/0/0/0/0/0/0/0/0/0/0/0/0/0/0/0/0/0/0/0/0/0/0/0/0/0/0/0/0/0/0/0/0/0/0/0/0/0/0/0/0/0/0/0/0/0/0/0/0/0/0/0/0/0/0/0/0/0/0/0/0/0/0/0/0/0/0/0/0/0/0/0/0/0/0/0/0/0/0/0/0/0/0/0/0/0/0/0/0/0/0/0/0/0/0/0/0/0/0/0,,,10663,2.338621035288134e-11,4.1652343750000017e-11,-1.765596855592873e-06,2.561216151927338,545,1.1977719239143908e-12,55536,1.2372502043911226e-10,2.1693750000000008e-10,1.6685737418285769e-06,4.494068314322643e-06,3.889087296526012e-06,4.412978780663353e-06,1,1,nan,0.34043477675374556,35,16/17/16/13/12/11/7/93/17/93/15/93/17/16/93/16/7/18/7/6/3/12/1/16/2/4/5/8/9/10/14/15/93/18/16,24,4390.6,1.0,,,3.812189934175568e-09,,,,,,,,,,,,,,1,58569,89,616793442.0786498,243839879.4640784,2.5295019150856883,1,-258195588.442979,-248220467.952187,-295456944.959571,161105.502555,106767.607351,21937.752325,-214194879.674871,45156066.999777,26770,128741513.77606,121587033.688478,320413201.794891,290852281.033068,-115205089.54207,-145252335.500207,0.6033,1.1131,0.0836,0.1601,0.0055,0.1385,2.0261,0.2468,0.0074,0.5248,0.6199,0.5812,1311,7516,28028,,,
1380,0.000162954655,11353.34,3.3279756535161225e-08,1.0870483398437505e-16,1.629516601562501e-17,276,20,20,17,17/16/13/12/11/15/6/3/1/2/4/5/8/9/10/14/7/15/93/18,0,151,3,0.134521/0.335449/0.272705/0.378418/0.248047/0.312744/0.846924/0.32666/1.02661/0.952881/1.61768/1.5249/1.41968/1.87573/0.453613/0.934814/1.17017/0.474854/0/0/0/0/0/0/0/0/0/0/0/0/0/0/0/0/0/0/0/0/0/0/0/0/0/0/0/0/0/0/0/0/0/0/0/0/0/0/0/0/0/0/0/0/0/0/0/0/0/0/0/0/0/0/0/0/0/0/0/0/0/0/0/0/0/0/0/0/0/0/0/0/0/0/1.21704/0.771729/0/0/0/0/0/0/0/0/0/0/0/0/0/0/0/0/0/0/0/0/0/0/0/0/0/0/0/0/0/0/0/0/0/0/0/0/0/0/0/0/0/0/0/0/0/0/0/0/0/0/0/0/0/0/0/0/0/0/0/0/0/0/0/0/0/0/0/0/0/0/0/0/0/0/0/0/0/0/0/0/0/0/0/0/0/0/0/0/0/0/0/0/0/0/0/0/0/0/0/0/0/0/0/0/0/0/0/0/0/0/0/0/0/0/0/0/0/0/0/0/0/0/0/0/0/0/0/0/0/0/0/0/0/0/0/0/0/0/0/0/0/0/0/0/0/0/0/0/0/0/0/0/0/0/0/0/0/0/0/0/0/0/0/0/0/0/0/0/0/0/0/0/0/0/0/0/0/0/0/0/0/0,383.482/2477.02/251.11/248.749/247.444/271.428/4759.07/248.886/4238.65/4494.07/4832.56/5090.96/5252.32/4761.29/4449.77/7472.59/5752.39/4593.27/0/0/0/0/0/0/0/0/0/0/0/0/0/0/0/0/0/0/0/0/0/0/0/0/0/0/0/0/0/0/0/0/0/0/0/0/0/0/0/0/0/0/0/0/0/0/0/0/0/0/0/0/0/0/0/0/0/0/0/0/0/0/0/0/0/0/0/0/0/0/0/0/0/0/6340.34/8220.67/0/0/0/0/0/0/0/0/0/0/0/0/0/0/0/0/0/0/0/0/0/0/0/0/0/0/0/0/0/0/0/0/0/0/0/0/0/0/0/0/0/0/0/0/0/0/0/0/0/0/0/0/0/0/0/0/0/0/0/0/0/0/0/0/0/0/0/0/0/0/0/0/0/0/0/0/0/0/0/0/0/0/0/0/0/0/0/0/0/0/0/0/0/0/0/0/0/0/0/0/0/0/0/0/0/0/0/0/0/0/0/0/0/0/0/0/0/0/0/0/0/0/0/0/0/0/0/0/0/0/0/0/0/0/0/0/0/0/0/0/0/0/0/0/0/0/0/0/0/0/0/0/0/0/0/0/0/0/0/0/0/0/0/0/0/0/0/0/0/0/0/0/0/0/0/0/0/0/0/0/0/0,,,10672,2.3387258787716087e-11,4.168750000000002e-11,-1.7613923762991539e-06,2.6284878206268454,921,2.0137807157542056e-12,58160,1.2948654969768394e-10,2.2718750000000007e-10,1.6669329554898477e-06,4.543670417261652e-06,4.065863991822648e-06,4.4530176502555565e-06,1,1,nan,0.2827231938123437,28,94/17/16/13/12/11/7/93/17/94/7/6/3/12/1/16/2/4/5/8/9/10/14/15/93/18/16/94,19,4348.4,1.0,,,3.8701387620150255e-09,,,,,,,,,,,,,,1,61621,89,530959401.53895956,294285820.97198784,1.8042303220225482,1,-246899546.441524,-241760724.176246,-265216725.753088,546403.364769,14523378.52958,277413.096432,-213360218.830345,54555199.587836,27809,139173163.979168,134495292.287378,348459717.824284,329103510.240254,-109400370.307043,-141274761.919135,0.6852,1.2274,0.0948,0.1953,0.0198,0.1648,2.0586,0.258,0.0073,0.5259,0.6303,0.5976,1407,7996,29510,,,
1400,0.000162954655,11467.01,3.3279756535161225e-08,1.0859204101562504e-16,1.6407958984375008e-17,276,20,20,17,17/16/13/12/11/15/6/3/1/2/4/5/8/9/10/14/7/15/93/18,0,151,3,0.134033/0.337891/0.273193/0.37793/0.247559/0.312744/0.849365/0.326172/1.02979/0.95874/1.62866/1.54321/1.42554/1.88403/0.453857/0.936523/1.18018/0.474854/0/0/0/0/0/0/0/0/0/0/0/0/0/0/0/0/0/0/0/0/0/0/0/0/0/0/0/0/0/0/0/0/0/0/0/0/0/0/0/0/0/0/0/0/0/0/0/0/0/0/0/0/0/0/0/0/0/0/0/0/0/0/0/0/0/0/0/0/0/0/0/0/0/0/1.22998/0.803711/0/0/0/0/0/0/0/0/0/0/0/0/0/0/0/0/0/0/0/0/0/0/0/0/0/0/0/0/0/0/0/0/0/0/0/0/0/0/0/0/0/0/0/0/0/0/0/0/0/0/0/0/0/0/0/0/0/0/0/0/0/0/0/0/0/0/0/0/0/0/0/0/0/0/0/0/0/0/0/0/0/0/0/0/0/0/0/0/0/0/0/0/0/0/0/0/0/0/0/0/0/0/0/0/0/0/0/0/0/0/0/0/0/0/0/0/0/0/0/0/0/0/0/0/0/0/0/0/0/0/0/0/0/0/0/0/0/0/0/0/0/0/0/0/0/0/0/0/0/0/0/0/0/0/0/0/0/0/0/0/0/0/0/0/0/0/0/0/0/0/0/0/0/0/0/0/0/0/0/0/0/0,383.482/2477.02/251.11/248.749/247.444/271.428/4759.07/248.886/4238.65/4494.07/4832.56/5090.96/5252.32/4761.29/4449.77/7472.59/5752.39/4593.27/0/0/0/0/0/0/0/0/0/0/0/0/0/0/0/0/0/0/0/0/0/0/0/0/0/0/0/0/0/0/0/0/0/0/0/0/0/0/0/0/0/0/0/0/0/0/0/0/0/0/0/0/0/0/0/0/0/0/0/0/0/0/0/0/0/0/0/0/0/0/0/0/0/0/6340.34/8220.67/0/0/0/0/0/0/0/0/0/0/0/0/0/0/0/0/0/0/0/0/0/0/0/0/0/0/0/0/0/0/0/0/0/0/0/0/0/0/0/0/0/0/0/0/0/0/0/0/0/0/0/0/0/0/0/0/0/0/0/0/0/0/0/0/0/0/0/0/0/0/0/0/0/0/0/0/0/0/0/0/0/0/0/0/0/0/0/0/0/0/0/0/0/0/0/0/0/0/0/0/0/0/0/0/0/0/0/0/0/0/0/0/0/0/0/0/0/0/0/0/0/0/0/0/0/0/0/0/0/0/0/0/0/0/0/0/0/0/0/0/0/0/0/0/0/0/0/0/0/0/0/0/0/0/0/0/0/0/0/0/0/0/0/0/0/0/0/0/0/0/0/0/0/0/0/0/0/0/0/0/0/0,1-2:0.371481/1-3:0.374118/2-4:1.31715/2-16:0.0395218/2-17:0.113929/3-6:1.44258/3-16:0.0524392/3-18:0.460853/4-5:1.51358/4-13:0.026105/4-16:0.131712/4-17:0.00477532/5-8:0.971361/5-13:0.0966463/5-16:0.00518499/6-7:1.13546/6-16:0.0182825/6-18:0.0853182/7-11:0.186518/7-12:0.107696/7-14:0.545368/7-15:0.218487/7-17:0.0272433/8-9:1.39724/8-11:0.0213296/8-12:0.183742/8-13:0.00691323/9-10:0.963539/9-11:0.114429/9-12:0.00691323/9-14:0.620866/9-15:0.765092/9-17:0.019511/10-11:0.992206/10-14:1.43987/11-12:1.97092/11-14:0.293494/12-13:1.53886/12-16:0.0894625/12-17:0.216129/13-16:1.37354/14-17:0.597036/15-17:0.150314/16-17:1.38983,1-2:-28.483/1-3:-33.901/2-4:-24.549/2-16:-24.364/2-17:-26.532/3-6:-37.882/3-16:-37.667/3-18:-37.615/4-5:-20.556/4-13:-20.337/4-16:-21.507/4-17:-22.731/5-8:-16.608/5-13:-18.346/5-16:-19.949/6-7:-41.824/6-16:-38.368/6-18:-38.347/7-11:-71.799/7-12:-72.975/7-14:-5.9165/7-15:0.97846/7-17:-0.027581/8-9:-12.612/8-11:-12.45/8-12:-13.943/8-13:-15.472/9-10:-8.6401/9-11:-10.216/9-12:-11.257/9-14:-12.692/9-15:-36.817/9-17:1.1476/10-11:-5.5622/10-14:-3.8441/11-12:-52.556/11-14:-18.233/12-13:-56.137/12-16:-27.865/12-17:-8.8742/13-16:-56.962/14-17:-9.6787/15-17:-18.696/16-17:-50.288,10683,2.339703879192432e-11,4.1730468750000015e-11,-1.7626689700328123e-06,2.6080623208883105,923,2.0119619971052093e-12,58476,1.302305123732966e-10,2.2842187500000008e-10,1.6665270278753325e-06,4.543670417261652e-06,4.065863991822648e-06,4.46835728695629e-06,1,1,nan,0.28323620908589464,29,94/17/16/13/12/11/7/93/17/94/7/6/3/12/1/16/2/4/5/8/9/10/14/15/93/18/94/16/94,18,4347.1,1.0,,,3.8769315686368385e-09,5,18/1/1/1/1,1/5/5/5/5,2,2,0.876055/0/0/0/0.123945/0/0/0/0/0/0/0,0.827109,18/1/1/1/1,7668/6286/8403/2655/2804,8219/6257/8219/2919/2599,6983/4508/6983/4022/3889,17/1/1/1/1,32/5/6/2/2,1,66982,90,531922853.7373872,260211313.79179043,2.0441957191877074,1,-244102509.340801,-240451892.947117,-262555439.671742,1382378.468651,16884240.58619,562670.060993,-212556822.619415,55176219.561696,28260,136927617.185669,134578912.591805,362070333.364454,337771773.498787,-111695782.338404,-140462737.753469,0.7159,1.2041,0.1109,0.1812,0.0122,0.1584,2.0451,0.2626,0.0073,0.5356,0.635,0.5996,1432,7956,29544,2871.4,618.7,673.8
1420,0.000162954655,11647.89,3.3279756535161225e-08,1.0848217773437505e-16,1.6517822265625008e-17,276,20,20,17,17/16/13/12/11/15/6/3/1/2/4/5/8/9/10/14/7/15/93/18,0,151,3,0.134033/0.341553/0.275879/0.378662/0.246582/0.312744/0.853027/0.326172/1.03613/0.963623/1.6377/1.55566/1.43457/1.89404/0.453369/0.94043/1.18506/0.475586/0/0/0/0/0/0/0/0/0/0/0/0/0/0/0/0/0/0/0/0/0/0/0/0/0/0/0/0/0/0/0/0/0/0/0/0/0/0/0/0/0/0/0/0/0/0/0/0/0/0/0/0/0/0/0/0/0/0/0/0/0/0/0/0/0/0/0/0/0/0/0/0/0/0/1.24268/0.830322/0/0/0/0/0/0/0/0/0/0/0/0/0/0/0/0/0/0/0/0/0/0/0/0/0/0/0/0/0/0/0/0/0/0/0/0/0/0/0/0/0/0/0/0/0/0/0/0/0/0/0/0/0/0/0/0/0/0/0/0/0/0/0/0/0/0/0/0/0/0/0/0/0/0/0/0/0/0/0/0/0/0/0/0/0/0/0/0/0/0/0/0/0/0/0/0/0/0/0/0/0/0/0/0/0/0/0/0/0/0/0/0/0/0/0/0/0/0/0/0/0/0/0/0/0/0/0/0/0/0/0/0/0/0/0/0/0/0/0/0/0/0/0/0/0/0/0/0/0/0/0/0/0/0/0/0/0/0/0/0/0/0/0/0/0/0/0/0/0/0/0/0/0/0/0/0/0/0/0/0/0/0,383.482/2477.02/259.122/248.749/247.444/271.428/4759.07/248.886/4238.65/4494.07/4832.56/5090.96/5252.32/4761.29/4449.77/7472.59/5752.39/4593.27/0/0/0/0/0/0/0/0/0/0/0/0/0/0/0/0/0/0/0/0/0/0/0/0/0/0/0/0/0/0/0/0/0/0/0/0/0/0/0/0/0/0/0/0/0/0/0/0/0/0/0/0/0/0/0/0/0/0/0/0/0/0/0/0/0/0/0/0/0/0/0/0/0/0/6340.34/8220.67/0/0/0/0/0/0/0/0/0/0/0/0/0/0/0/0/0/0/0/0/0/0/0/0/0/0/0/0/0/0/0/0/0/0/0/0/0/0/0/0/0/0/0/0/0/0/0/0/0/0/0/0/0/0/0/0/0/0/0/0/0/0/0/0/0/0/0/0/0/0/0/0/0/0/0/0/0/0/0/0/0/0/0/0/0/0/0/0/0/0/0/0/0/0/0/0/0/0/0/0/0/0/0/0/0/0/0/0/0/0/0/0/0/0/0/0/0/0/0/0/0/0/0/0/0/0/0/0/0/0/0/0/0/0/0/0/0/0/0/0/0/0/0/0/0/0/0/0/0/0/0/0/0/0/0/0/0/0/0/0/0/0/0/0/0/0/0/0/0/0/0/0/0/0/0/0/0/0/0/0/0/0,,,10710,2.344370293171649e-11,4.183593750000002e-11,-1.7626063317624813e-06,2.609064533213606,936,2.0410247537394392e-12,58776,1.309283597149765e-10,2.295937500000001e-10,1.6653672843441009e-06,4.543670417261652e-06,4.087961078734728e-06,4.46835728695629e-06,1,1,nan,0.28343232634133964,28,94/17/16/13/12/11/7/93/17/94/7/6/3/12/1/16/2/4/5/8/9/10/14/15/93/18/16/94,19,4345.7,1.0,,,3.884541383256731e-09,,,,,,,,,,,,,,1,67423,91,532291165.5804248,252989548.62571195,2.104004566480841,1,-244967808.411808,-239293534.049561,-260906052.498641,2427617.161038,18384855.819028,753051.536584,-212049740.759745,56006405.578095,28617,134074820.50111,134606938.800402,357783417.666947,343405035.893002,-111139049.73579,-140036648.406016,0.7167,1.161,0.1106,0.1796,0.0103,0.1566,1.9893,0.2619,0.0073,0.5367,0.6349,0.6008,1444,7966,29599,,,
1440,0.000162954655,11743.3,3.3279756535161225e-08,1.0838281250000005e-16,1.6617187500000007e-17,276,20,20,17,17/16/13/12/11/15/6/3/1/2/4/5/8/9/10/14/7/15/93/18,0,151,3,0.134033/0.343994/0.276123/0.378662/0.246582/0.312744/0.856445/0.326416/1.04053/0.966309/1.64819/1.56396/1.44385/1.90454/0.452393/0.945801/1.19287/0.473389/0/0/0/0/0/0/0/0/0/0/0/0/0/0/0/0/0/0/0/0/0/0/0/0/0/0/0/0/0/0/0/0/0/0/0/0/0/0/0/0/0/0/0/0/0/0/0/0/0/0/0/0/0/0/0/0/0/0/0/0/0/0/0/0/0/0/0/0/0/0/0/0/0/0/1.25806/0.852295/0/0/0/0/0/0/0/0/0/0/0/0/0/0/0/0/0/0/0/0/0/0/0/0/0/0/0/0/0/0/0/0/0/0/0/0/0/0/0/0/0/0/0/0/0/0/0/0/0/0/0/0/0/0/0/0/0/0/0/0/0/0/0/0/0/0/0/0/0/0/0/0/0/0/0/0/0/0/0/0/0/0/0/0/0/0/0/0/0/0/0/0/0/0/0/0/0/0/0/0/0/0/0/0/0/0/0/0/0/0/0/0/0/0/0/0/0/0/0/0/0/0/0/0/0/0/0/0/0/0/0/0/0/0/0/0/0/0/0/0/0/0/0/0/0/0/0/0/0/0/0/0/0/0/0/0/0/0/0/0/0/0/0/0/0/0/0/0/0/0/0/0/0/0/0/0/0/0/0/0/0/0,383.482/2477.02/259.122/248.749/247.444/271.428/4759.07/248.886/4238.66/4494.07/4832.56/5090.96/5252.32/4761.34/4449.77/7472.59/5752.39/4593.27/0/0/0/0/0/0/0/0/0/0/0/0/0/0/0/0/0/0/0/0/0/0/0/0/0/0/0/0/0/0/0/0/0/0/0/0/0/0/0/0/0/0/0/0/0/0/0/0/0/0/0/0/0/0/0/0/0/0/0/0/0/0/0/0/0/0/0/0/0/0/0/0/0/0/6340.34/8220.67/0/0/0/0/0/0/0/0/0/0/0/0/0/0/0/0/0/0/0/0/0/0/0/0/0/0/0/0/0/0/0/0/0/0/0/0/0/0/0/0/0/0/0/0/0/0/0/0/0/0/0/0/0/0/0/0/0/0/0/0/0/0/0/0/0/0/0/0/0/0/0/0/0/0/0/0/0/0/0/0/0/0/0/0/0/0/0/0/0/0/0/0/0/0/0/0/0/0/0/0/0/0/0/0/0/0/0/0/0/0/0/0/0/0/0/0/0/0/0/0/0/0/0/0/0/0/0/0/0/0/0/0/0/0/0/0/0/0/0/0/0/0/0/0/0/0/0/0/0/0/0/0/0/0/0/0/0/0/0/0/0/0/0/0/0/0/0/0/0/0/0/0/0/0/0/0/0/0/0/0/0/0,,,10734,2.3487819877609477e-11,4.1929687500000014e-11,-1.7590272229131204e-06,2.6663302748033804,953,2.0849129812189615e-12,58984,1.3143027736271345e-10,2.3040625000000008e-10,1.6657395653679025e-06,4.543670417261652e-06,4.110058165646808e-06,4.46835728695629e-06,1,1,nan,0.3132786951399084,28,94/17/16/13/12/11/7/93/17/94/7/6/3/12/1/16/2/4/5/8/9/10/14/15/93/18/16/94,19,4344.4,1.0,,,3.891651115846465e-09,,,,,,,,,,,,,,1,67825,92,588343199.7333697,249585544.56712905,2.3572807501883495,1,-240995494.006791,-239516701.193242,-258363523.36998,4393210.50481,18248461.949701,1013116.379546,-211429975.668483,56714860.902106,28993,140965996.239333,134486806.809454,365387698.998762,315729239.109576,-104857140.325406,-140451764.788147,0.7786,1.238,0.1109,0.1781,0.0097,0.1548,2.1102,0.2625,0.0074,0.5445,0.632,0.6022,1451,7921,29685,,,
1460,0.000162954655,11838.79,3.3279756535161225e-08,1.0829272460937504e-16,1.6707275390625008e-17,276,20,20,17,17/16/13/12/11/15/6/3/1/2/4/5/8/9/10/14/7/15/93/18,0,151,3,0.134277/0.345703/0.276611/0.378906/0.246094/0.312988/0.861572/0.326416/1.04199/0.969971/1.65845/1.573/1.45313/1.91577/0.452148/0.945313/1.20044/0.470703/0/0/0/0/0/0/0/0/0/0/0/0/0/0/0/0/0/0/0/0/0/0/0/0/0/0/0/0/0/0/0/0/0/0/0/0/0/0/0/0/0/0/0/0/0/0/0/0/0/0/0/0/0/0/0/0/0/0/0/0/0/0/0/0/0/0/0/0/0/0/0/0/0/0/1.27075/0.873047/0/0/0/0/0/0/0/0/0/0/0/0/0/0/0/0/0/0/0/0/0/0/0/0/0/0/0/0/0/0/0/0/0/0/0/0/0/0/0/0/0/0/0/0/0/0/0/0/0/0/0/0/0/0/0/0/0/0/0/0/0/0/0/0/0/0/0/0/0/0/0/0/0/0/0/0/0/0/0/0/0/0/0/0/0/0/0/0/0/0/0/0/0/0/0/0/0/0/0/0/0/0/0/0/0/0/0/0/0/0/0/0/0/0/0/0/0/0/0/0/0/0/0/0/0/0/0/0/0/0/0/0/0/0/0/0/0/0/0/0/0/0/0/0/0/0/0/0/0/0/0/0/0/0/0/0/0/0/0/0/0/0/0/0/0/0/0/0/0/0/0/0/0/0/0/0/0/0/0/0/0/0,383.482/2491.57/265.675/248.749/247.444/271.428/4759.07/248.886/4243.09/4494.07/4832.56/5090.96/5252.32/4761.34/4449.77/7472.59/5752.39/4593.27/0/0/0/0/0/0/0/0/0/0/0/0/0/0/0/0/0/0/0/0/0/0/0/0/0/0/0/0/0/0/0/0/0/0/0/0/0/0/0/0/0/0/0/0/0/0/0/0/0/0/0/0/0/0/0/0/0/0/0/0/0/0/0/0/0/0/0/0/0/0/0/0/0/0/6340.34/8220.67/0/0/0/0/0/0/0/0/0/0/0/0/0/0/0/0/0/0/0/0/0/0/0/0/0/0/0/0/0/0/0/0/0/0/0/0/0/0/0/0/0/0/0/0/0/0/0/0/0/0/0/0/0/0/0/0/0/0/0/0/0/0/0/0/0/0/0/0/0/0/0/0/0/0/0/0/0/0/0/0/0/0/0/0/0/0/0/0/0/0/0/0/0/0/0/0/0/0/0/0/0/0/0/0/0/0/0/0/0/0/0/0/0/0/0/0/0/0/0/0/0/0/0/0/0/0/0/0/0/0/0/0/0/0/0/0/0/0/0/0/0/0/0/0/0/0/0/0/0/0/0/0/0/0/0/0/0/0/0/0/0/0/0/0/0/0/0/0/0/0/0/0/0/0/0/0/0/0/0/0/0/0,,,10748,2.35172910220479e-11,4.198437500000002e-11,-1.7560600687894785e-06,2.713804740781651,963,2.1048336070311944e-12,59190,1.3189181244914807e-10,2.312109375000001e-10,1.6660632506313893e-06,4.543670417261652e-06,4.110058165646808e-06,4.46835728695629e-06,1,1,nan,0.3766002698454197,28,94/17/16/13/12/11/7/93/17/94/7/6/3/12/1/16/2/4/5/8/9/10/14/15/93/18/16/94,19,4344.5,1.0,,,3.898589277409013e-09,,,,,,,,,,,,,,1,68183,96,707262291.431445,248541226.88260528,2.845653818895445,1,-240436862.624974,-239126126.437512,-256443102.97975,6870355.731822,18638307.540557,2682511.118514,-210872059.195457,57264082.632235,29242,137192150.860137,134572634.323579,352536124.280191,330031579.511875,-108340043.236085,-140875404.608762,0.7849,1.1921,0.113,0.1772,0.0092,0.1546,2.0159,0.2638,0.0074,0.5544,0.6335,0.6026,1499,7880,29792,,,
1480,0.000173139321,11949.69,3.21459798355071e-08,1.0821166992187504e-16,1.678833007812501e-17,276,20,20,17,17/16/13/12/11/15/6/3/1/2/4/5/8/9/10/14/7/15/93/18,0,151,3,0.134277/0.348877/0.277832/0.378906/0.246094/0.312744/0.862793/0.326172/1.04517/0.972412/1.66626/1.58252/1.46191/1.9231/0.450439/0.948975/1.2085/0.470703/0/0/0/0/0/0/0/0/0/0/0/0/0/0/0/0/0/0/0/0/0/0/0/0/0/0/0/0/0/0/0/0/0/0/0/0/0/0/0/0/0/0/0/0/0/0/0/0/0/0/0/0/0/0/0/0/0/0/0/0/0/0/0/0/0/0/0/0/0/0/0/0/0/0/1.28345/0.887207/0/0/0/0/0/0/0/0/0/0/0/0/0/0/0/0/0/0/0/0/0/0/0/0/0/0/0/0/0/0/0/0/0/0/0/0/0/0/0/0/0/0/0/0/0/0/0/0/0/0/0/0/0/0/0/0/0/0/0/0/0/0/0/0/0/0/0/0/0/0/0/0/0/0/0/0/0/0/0/0/0/0/0/0/0/0/0/0/0/0/0/0/0/0/0/0/0/0/0/0/0/0/0/0/0/0/0/0/0/0/0/0/0/0/0/0/0/0/0/0/0/0/0/0/0/0/0/0/0/0/0/0/0/0/0/0/0/0/0/0/0/0/0/0/0/0/0/0/0/0/0/0/0/0/0/0/0/0/0/0/0/0/0/0/0/0/0/0/0/0/0/0/0/0/0/0/0/0/0/0/0/0,383.482/2491.57/286.776/248.749/247.444/271.428/4759.07/248.886/4243.09/4494.07/4832.56/5090.96/5253.75/4761.34/4449.77/7472.59/5752.39/4586.72/0/0/0/0/0/0/0/0/0/0/0/0/0/0/0/0/0/0/0/0/0/0/0/0/0/0/0/0/0/0/0/0/0/0/0/0/0/0/0/0/0/0/0/0/0/0/0/0/0/0/0/0/0/0/0/0/0/0/0/0/0/0/0/0/0/0/0/0/0/0/0/0/0/0/6340.34/8220.67/0/0/0/0/0/0/0/0/0/0/0/0/0/0/0/0/0/0/0/0/0/0/0/0/0/0/0/0/0/0/0/0/0/0/0/0/0/0/0/0/0/0/0/0/0/0/0/0/0/0/0/0/0/0/0/0/0/0/0/0/0/0/0/0/0/0/0/0/0/0/0/0/0/0/0/0/0/0/0/0/0/0/0/0/0/0/0/0/0/0/0/0/0/0/0/0/0/0/0/0/0/0/0/0/0/0/0/0/0/0/0/0/0/0/0/0/0/0/0/0/0/0/0/0/0/0/0/0/0/0/0/0/0/0/0/0/0/0/0/0/0/0/0/0/0/0/0/0/0/0/0/0/0/0/0/0/0/0/0/0/0/0/0/0/0/0/0/0/0/0/0/0/0/0/0/0/0/0/0/0/0/0,,,10761,2.3534483505955922e-11,4.203515625000002e-11,-1.7533632900067649e-06,2.7569532013050693,961,2.1053333638679134e-12,59466,1.3255081702998553e-10,2.322890625000001e-10,1.6654338116866256e-06,4.540394108805137e-06,4.110058165646808e-06,4.46835728695629e-06,1,1,nan,0.4100540930155029,28,94/17/16/13/12/11/7/93/17/94/7/6/3/12/1/16/2/4/5/8/9/10/14/15/93/18/16/94,19,4343.5,1.0,,,3.906098609450204e-09,,,,,,,,,,,,,,1,68492,98,797249949.9038726,255531801.0967815,3.119963724600829,1,-242947741.811614,-239072114.539474,-254940885.55479,13102657.127602,27623386.722525,13698658.051718,-210598868.548145,67745252.566578,29533,143519205.965242,144417469.669818,406500239.694826,330227393.4337,-112435965.213377,-141505740.16846,0.8204,1.2367,0.1269,0.1835,0.0092,0.1589,2.1011,0.2757,0.0076,0.5533,0.6321,0.6048,1491,7810,29918,,,
1500,0.000173139321,12055.4,3.21459798355071e-08,1.0810961914062505e-16,1.6890380859375007e-17,276,20,20,17,17/16/13/12/11/15/6/3/1/2/4/5/8/9/10/14/7/15/93/18,0,151,3,0.134033/0.352295/0.278809/0.37915/0.245361/0.312744/0.866943/0.326172/1.04858/0.977783/1.677/1.59326/1.47144/1.93701/0.448975/0.954102/1.21704/0.470459/0/0/0/0/0/0/0/0/0/0/0/0/0/0/0/0/0/0/0/0/0/0/0/0/0/0/0/0/0/0/0/0/0/0/0/0/0/0/0/0/0/0/0/0/0/0/0/0/0/0/0/0/0/0/0/0/0/0/0/0/0/0/0/0/0/0/0/0/0/0/0/0/0/0/1.29639/0.902832/0/0/0/0/0/0/0/0/0/0/0/0/0/0/0/0/0/0/0/0/0/0/0/0/0/0/0/0/0/0/0/0/0/0/0/0/0/0/0/0/0/0/0/0/0/0/0/0/0/0/0/0/0/0/0/0/0/0/0/0/0/0/0/0/0/0/0/0/0/0/0/0/0/0/0/0/0/0/0/0/0/0/0/0/0/0/0/0/0/0/0/0/0/0/0/0/0/0/0/0/0/0/0/0/0/0/0/0/0/0/0/0/0/0/0/0/0/0/0/0/0/0/0/0/0/0/0/0/0/0/0/0/0/0/0/0/0/0/0/0/0/0/0/0/0/0/0/0/0/0/0/0/0/0/0/0/0/0/0/0/0/0/0/0/0/0/0/0/0/0/0/0/0/0/0/0/0/0/0/0/0/0,383.482/2491.57/286.776/248.749/247.444/271.428/4759.07/248.886/4243.09/4494.07/4832.56/5090.96/5253.75/4761.34/4449.77/7472.59/5752.39/4586.72/0/0/0/0/0/0/0/0/0/0/0/0/0/0/0/0/0/0/0/0/0/0/0/0/0/0/0/0/0/0/0/0/0/0/0/0/0/0/0/0/0/0/0/0/0/0/0/0/0/0/0/0/0/0/0/0/0/0/0/0/0/0/0/0/0/0/0/0/0/0/0/0/0/0/6340.34/8220.67/0/0/0/0/0/0/0/0/0/0/0/0/0/0/0/0/0/0/0/0/0/0/0/0/0/0/0/0/0/0/0/0/0/0/0/0/0/0/0/0/0/0/0/0/0/0/0/0/0/0/0/0/0/0/0/0/0/0/0/0/0/0/0/0/0/0/0/0/0/0/0/0/0/0/0/0/0/0/0/0/0/0/0/0/0/0/0/0/0/0/0/0/0/0/0/0/0/0/0/0/0/0/0/0/0/0/0/0/0/0/0/0/0/0/0/0/0/0/0/0/0/0/0/0/0/0/0/0/0/0/0/0/0/0/0/0/0/0/0/0/0/0/0/0/0/0/0/0/0/0/0/0/0/0/0/0/0/0/0/0/0/0/0/0/0/0/0/0/0/0/0/0/0/0/0/0/0/0/0/0/0/0,1-2:0.371481/1-3:0.377165/2-4:1.31715/2-16:0.0395218/2-17:0.117795/3-6:1.44126/3-16:0.0524392/3-18:0.460853/4-5:1.50748/4-13:0.026105/4-16:0.131712/4-17:0.00477532/5-8:0.966586/5-13:0.089733/5-16:0.00518499/6-7:1.13546/6-16:0.0182825/6-18:0.0853182/7-11:0.189565/7-12:0.107696/7-14:0.608586/7-15:0.216758/7-17:0.0272433/8-9:1.39724/8-11:0.0213296/8-12:0.183742/8-13:0.00691323/9-10:0.955716/9-11:0.114429/9-12:0.00691323/9-14:0.63692/9-15:0.759497/9-17:0.0246958/10-11:1.01254/10-14:1.42859/11-12:1.97875/11-14:0.306911/12-13:1.53409/12-16:0.113249/12-17:0.278028/13-16:1.38168/14-17:0.61259/15-17:0.146857/16-17:1.37723,1-2:-28.483/1-3:-33.896/2-4:-24.549/2-16:-24.364/2-17:-26.564/3-6:-37.881/3-16:-37.667/3-18:-37.615/4-5:-20.556/4-13:-20.337/4-16:-21.507/4-17:-22.731/5-8:-16.608/5-13:-18.437/5-16:-19.949/6-7:-41.824/6-16:-38.368/6-18:-38.347/7-11:-71.784/7-12:-72.975/7-14:-6.8635/7-15:0.97846/7-17:-0.027581/8-9:-12.612/8-11:-12.45/8-12:-13.943/8-13:-15.472/9-10:-8.6367/9-11:-10.216/9-12:-11.257/9-14:-13.219/9-15:-36.717/9-17:-22/10-11:-5.4333/10-14:-3.8123/11-12:-52.652/11-14:-18.861/12-13:-56.119/12-16:-27.45/12-17:-12.42/13-16:-55.92/14-17:-10.33/15-17:-17.991/16-17:-50.267,10782,2.3576052235058286e-11,4.2117187500000014e-11,-1.7578270113536513e-06,2.6855336597548876,970,2.1274825026090666e-12,59758,1.3325593592186425e-10,2.334296875000001e-10,1.6652778378208714e-06,4.540394108805137e-06,4.110058165646808e-06,4.46835728695629e-06,1,1,nan,0.43173262301482895,28,94/17/16/13/12/11/7/93/17/94/6/3/12/1/16/2/4/5/8/9/10/14/15/93/18/94/16/94,17,4342.3,1.0,,,3.915050923804921e-09,5,18/1/1/1/1,1/5/5/5/5,2,2,0.869795/0/0/0/0.130205/0/0/0/0/0/0/0,0.818857,18/1/1/1/1,7668/6286/8403/2674/2832,8264/6257/8219/2947/2599,6983/4552/6983/4022/3889,17/1/1/1/1,29/5/6/2/2,1,68899,100,839398552.3695939,252780581.04164508,3.3206607442337694,1,-241940591.171095,-239513509.373319,-252837313.449311,13387861.545268,26717339.21044,16726010.464583,-210172314.657026,68392872.716768,29852,145652688.890213,144788558.579341,368728495.817196,376041688.979052,-114349963.454834,-140711813.637048,0.8233,1.2253,0.1259,0.1829,0.0094,0.1587,2.0442,0.2759,0.0077,0.5663,0.63,0.6067,1524,7719,30066,2848.9,618.7,698.7
1520,0.000173139321,12232.54,3.21459798355071e-08,1.0801782226562505e-16,1.698217773437501e-17,276,20,20,17,17/16/13/12/11/15/6/3/1/2/4/5/8/9/10/14/7/15/93/18,0,151,3,0.134033/0.35376/0.280029/0.37915/0.244629/0.312744/0.869629/0.325684/1.05176/0.980469/1.68579/1.60352/1.48169/1.94727/0.448486/0.958252/1.22778/0.471924/0/0/0/0/0/0/0/0/0/0/0/0/0/0/0/0/0/0/0/0/0/0/0/0/0/0/0/0/0/0/0/0/0/0/0/0/0/0/0/0/0/0/0/0/0/0/0/0/0/0/0/0/0/0/0/0/0/0/0/0/0/0/0/0/0/0/0/0/0/0/0/0/0/0/1.30908/0.916504/0/0/0/0/0/0/0/0/0/0/0/0/0/0/0/0/0/0/0/0/0/0/0/0/0/0/0/0/0/0/0/0/0/0/0/0/0/0/0/0/0/0/0/0/0/0/0/0/0/0/0/0/0/0/0/0/0/0/0/0/0/0/0/0/0/0/0/0/0/0/0/0/0/0/0/0/0/0/0/0/0/0/0/0/0/0/0/0/0/0/0/0/0/0/0/0/0/0/0/0/0/0/0/0/0/0/0/0/0/0/0/0/0/0/0/0/0/0/0/0/0/0/0/0/0/0/0/0/0/0/0/0/0/0/0/0/0/0/0/0/0/0/0/0/0/0/0/0/0/0/0/0/0/0/0/0/0/0/0/0/0/0/0/0/0/0/0/0/0/0/0/0/0/0/0/0/0/0/0/0/0/0,383.482/2491.57/286.776/248.749/247.444/271.428/4759.07/248.886/4243.09/4494.07/4832.56/5090.96/5253.75/4761.34/4449.77/7472.59/5752.39/4586.72/0/0/0/0/0/0/0/0/0/0/0/0/0/0/0/0/0/0/0/0/0/0/0/0/0/0/0/0/0/0/0/0/0/0/0/0/0/0/0/0/0/0/0/0/0/0/0/0/0/0/0/0/0/0/0/0/0/0/0/0/0/0/0/0/0/0/0/0/0/0/0/0/0/0/6340.34/8220.67/0/0/0/0/0/0/0/0/0/0/0/0/0/0/0/0/0/0/0/0/0/0/0/0/0/0/0/0/0/0/0/0/0/0/0/0/0/0/0/0/0/0/0/0/0/0/0/0/0/0/0/0/0/0/0/0/0/0/0/0/0/0/0/0/0/0/0/0/0/0/0/0/0/0/0/0/0/0/0/0/0/0/0/0/0/0/0/0/0/0/0/0/0/0/0/0/0/0/0/0/0/0/0/0/0/0/0/0/0/0/0/0/0/0/0/0/0/0/0/0/0/0/0/0/0/0/0/0/0/0/0/0/0/0/0/0/0/0/0/0/0/0/0/0/0/0/0/0/0/0/0/0/0/0/0/0/0/0/0/0/0/0/0/0/0/0/0/0/0/0/0/0/0/0/0/0/0/0/0/0/0/0,,,10792,2.359201699832513e-11,4.215625000000002e-11,-1.7591544442601435e-06,2.6642947332510123,1000,2.197794923791114e-12,59986,1.337686802185842e-10,2.3432031250000007e-10,1.6655063199158098e-06,4.540394108805137e-06,4.110058165646808e-06,4.46835728695629e-06,1,1,nan,0.4323610012781414,28,94/17/16/13/12/11/7/93/17/94/6/3/12/1/16/2/4/5/8/9/10/14/15/93/18/94/16/94,17,4342.2,1.0,,,3.923668520832411e-09,,,,,,,,,,,,,,1,69272,102,840620280.3012978,252652085.74368596,3.3271851994687354,1,-241006648.774567,-239810741.619425,-251543877.132238,16233749.384461,25438619.88613,18385121.347532,-210068744.997787,68762620.890271,30148,146902998.485311,145412388.332678,368967184.70733,300722076.457017,-112460868.286972,-140352048.485144,0.8366,1.2432,0.1251,0.1845,0.0101,0.1582,2.0459,0.2778,0.0077,0.5809,0.6277,0.6079,1558,7660,30173,,,
1540,0.000173139321,12327.41,3.21459798355071e-08,1.0792114257812505e-16,1.7078857421875007e-17,276,20,20,17,17/16/13/12/11/15/6/3/1/2/4/5/8/9/10/14/7/15/93/18,0,151,3,0.134277/0.356689/0.28125/0.378906/0.243896/0.3125/0.872559/0.325439/1.05469/0.98584/1.69653/1.61133/1.49292/1.95605/0.44873/0.960449/1.23486/0.474121/0/0/0/0/0/0/0/0/0/0/0/0/0/0/0/0/0/0/0/0/0/0/0/0/0/0/0/0/0/0/0/0/0/0/0/0/0/0/0/0/0/0/0/0/0/0/0/0/0/0/0/0/0/0/0/0/0/0/0/0/0/0/0/0/0/0/0/0/0/0/0/0/0/0/1.32495/0.932861/0/0/0/0/0/0/0/0/0/0/0/0/0/0/0/0/0/0/0/0/0/0/0/0/0/0/0/0/0/0/0/0/0/0/0/0/0/0/0/0/0/0/0/0/0/0/0/0/0/0/0/0/0/0/0/0/0/0/0/0/0/0/0/0/0/0/0/0/0/0/0/0/0/0/0/0/0/0/0/0/0/0/0/0/0/0/0/0/0/0/0/0/0/0/0/0/0/0/0/0/0/0/0/0/0/0/0/0/0/0/0/0/0/0/0/0/0/0/0/0/0/0/0/0/0/0/0/0/0/0/0/0/0/0/0/0/0/0/0/0/0/0/0/0/0/0/0/0/0/0/0/0/0/0/0/0/0/0/0/0/0/0/0/0/0/0/0/0/0/0/0/0/0/0/0/0/0/0/0/0/0/0,383.482/2491.57/286.776/248.749/247.444/271.428/4759.07/248.886/4243.09/4494.07/4832.56/5090.96/5252.32/4761.34/4449.77/7472.59/5752.39/4586.72/0/0/0/0/0/0/0/0/0/0/0/0/0/0/0/0/0/0/0/0/0/0/0/0/0/0/0/0/0/0/0/0/0/0/0/0/0/0/0/0/0/0/0/0/0/0/0/0/0/0/0/0/0/0/0/0/0/0/0/0/0/0/0/0/0/0/0/0/0/0/0/0/0/0/6340.34/8220.67/0/0/0/0/0/0/0/0/0/0/0/0/0/0/0/0/0/0/0/0/0/0/0/0/0/0/0/0/0/0/0/0/0/0/0/0/0/0/0/0/0/0/0/0/0/0/0/0/0/0/0/0/0/0/0/0/0/0/0/0/0/0/0/0/0/0/0/0/0/0/0/0/0/0/0/0/0/0/0/0/0/0/0/0/0/0/0/0/0/0/0/0/0/0/0/0/0/0/0/0/0/0/0/0/0/0/0/0/0/0/0/0/0/0/0/0/0/0/0/0/0/0/0/0/0/0/0/0/0/0/0/0/0/0/0/0/0/0/0/0/0/0/0/0/0/0/0/0/0/0/0/0/0/0/0/0/0/0/0/0/0/0/0/0/0/0/0/0/0/0/0/0/0/0/0/0/0/0/0/0/0/0,,,10802,2.360929982837424e-11,4.219531250000002e-11,-1.7572820687557711e-06,2.694252741320969,1002,2.1959759494192576e-12,60334,1.3456794672288425e-10,2.356796875000001e-10,1.6658917249209078e-06,4.540394108805137e-06,4.110058165646808e-06,4.46835728695629e-06,1,1,nan,0.43318421128783713,28,94/17/16/13/12/11/7/93/17/94/6/3/12/1/16/2/4/5/8/9/10/14/15/93/18/94/16/94,17,4341.0,1.0,,,3.93198664149451e-09,,,,,,,,,,,,,,1,69654,108,842220810.9390092,251487532.36913708,3.348956518857504,1,-239936840.986589,-240452606.551453,-250269629.114764,16791978.86411,24001867.146011,20021835.868825,-209841062.89108,69255729.030336,30461,147392820.706143,145944372.238774,366766429.658545,342601018.215203,-112500650.035458,-140050887.141748,0.8354,1.2473,0.1248,0.1849,0.0097,0.1566,2.0106,0.2791,0.0077,0.5868,0.6273,0.6093,1612,7614,30253,,,
1560,0.000173139321,12422.57,3.21459798355071e-08,1.0782373046875005e-16,1.717626953125001e-17,276,20,20,17,17/16/13/12/11/15/6/3/1/2/4/5/8/9/10/14/7/15/93/18,0,151,3,0.134033/0.357178/0.282715/0.37915/0.243652/0.3125/0.873779/0.324951/1.05957/0.990723/1.70728/1.61963/1.50366/1.96704/0.449707/0.964355/1.24072/0.474854/0/0/0/0/0/0/0/0/0/0/0/0/0/0/0/0/0/0/0/0/0/0/0/0/0/0/0/0/0/0/0/0/0/0/0/0/0/0/0/0/0/0/0/0/0/0/0/0/0/0/0/0/0/0/0/0/0/0/0/0/0/0/0/0/0/0/0/0/0/0/0/0/0/0/1.34058/0.950195/0/0/0/0/0/0/0/0/0/0/0/0/0/0/0/0/0/0/0/0/0/0/0/0/0/0/0/0/0/0/0/0/0/0/0/0/0/0/0/0/0/0/0/0/0/0/0/0/0/0/0/0/0/0/0/0/0/0/0/0/0/0/0/0/0/0/0/0/0/0/0/0/0/0/0/0/0/0/0/0/0/0/0/0/0/0/0/0/0/0/0/0/0/0/0/0/0/0/0/0/0/0/0/0/0/0/0/0/0/0/0/0/0/0/0/0/0/0/0/0/0/0/0/0/0/0/0/0/0/0/0/0/0/0/0/0/0/0/0/0/0/0/0/0/0/0/0/0/0/0/0/0/0/0/0/0/0/0/0/0/0/0/0/0/0/0/0/0/0/0/0/0/0/0/0/0/0/0/0/0/0/0,383.482/2491.57/286.776/248.749/247.444/271.428/4759.07/248.886/4243.09/4494.07/4832.56/5108.39/5252.32/4766.44/4450.54/7472.59/5752.39/4586.72/0/0/0/0/0/0/0/0/0/0/0/0/0/0/0/0/0/0/0/0/0/0/0/0/0/0/0/0/0/0/0/0/0/0/0/0/0/0/0/0/0/0/0/0/0/0/0/0/0/0/0/0/0/0/0/0/0/0/0/0/0/0/0/0/0/0/0/0/0/0/0/0/0/0/6340.34/8220.67/0/0/0/0/0/0/0/0/0/0/0/0/0/0/0/0/0/0/0/0/0/0/0/0/0/0/0/0/0/0/0/0/0/0/0/0/0/0/0/0/0/0/0/0/0/0/0/0/0/0/0/0/0/0/0/0/0/0/0/0/0/0/0/0/0/0/0/0/0/0/0/0/0/0/0/0/0/0/0/0/0/0/0/0/0/0/0/0/0/0/0/0/0/0/0/0/0/0/0/0/0/0/0/0/0/0/0/0/0/0/0/0/0/0/0/0/0/0/0/0/0/0/0/0/0/0/0/0/0/0/0/0/0/0/0/0/0/0/0/0/0/0/0/0/0/0/0/0/0/0/0/0/0/0/0/0/0/0/0/0/0/0/0/0/0/0/0/0/0/0/0/0/0/0/0/0/0/0/0/0/0/0,,,10808,2.3614394855479747e-11,4.221875000000002e-11,-1.7576066569164267e-06,2.6890593307504806,1027,2.2484150539901046e-12,60558,1.3507905260965303e-10,2.3655468750000007e-10,1.6658214339801102e-06,4.540394108805137e-06,4.110058165646808e-06,4.46835728695629e-06,1,1,nan,0.432129093362948,28,94/17/16/13/12/11/7/93/17/94/6/3/12/1/16/2/4/5/8/9/10/14/15/93/18/94/16/94,17,4339.2,1.0,,,3.940270033739531e-09,,,,,,,,,,,,,,1,70031,116,840169392.0479686,250171737.99753827,3.3583705288733934,2,-239225632.65156,-241372342.719282,-249092998.847856,17132858.943828,22186640.921308,22088989.873651,-209480972.463921,69664994.644683,30880,153138330.157595,144986747.586484,365417632.242244,337293617.011445,-104164802.581873,-140996986.901121,0.8676,1.2514,0.1214,0.1821,0.01,0.1561,2.027,0.2753,0.0077,0.5899,0.6238,0.6104,1607,7498,30347,,,
1580,0.000183323987,12538.13,3.108690918802771e-08,1.0773217773437505e-16,1.7267822265625008e-17,276,20,20,17,17/16/13/12/11/15/6/3/1/2/4/5/8/9/10/14/7/15/93/18,0,150,3,0.134033/0.360352/0.283203/0.379395/0.243896/0.3125/0.877197/0.324951/1.06152/0.994385/1.7168/1.62964/1.51196/1.9751/0.449463/0.968262/1.24854/0.477295/0/0/0/0/0/0/0/0/0/0/0/0/0/0/0/0/0/0/0/0/0/0/0/0/0/0/0/0/0/0/0/0/0/0/0/0/0/0/0/0/0/0/0/0/0/0/0/0/0/0/0/0/0/0/0/0/0/0/0/0/0/0/0/0/0/0/0/0/0/0/0/0/0/0/1.35596/0.963379/0/0/0/0/0/0/0/0/0/0/0/0/0/0/0/0/0/0/0/0/0/0/0/0/0/0/0/0/0/0/0/0/0/0/0/0/0/0/0/0/0/0/0/0/0/0/0/0/0/0/0/0/0/0/0/0/0/0/0/0/0/0/0/0/0/0/0/0/0/0/0/0/0/0/0/0/0/0/0/0/0/0/0/0/0/0/0/0/0/0/0/0/0/0/0/0/0/0/0/0/0/0/0/0/0/0/0/0/0/0/0/0/0/0/0/0/0/0/0/0/0/0/0/0/0/0/0/0/0/0/0/0/0/0/0/0/0/0/0/0/0/0/0/0/0/0/0/0/0/0/0/0/0/0/0/0/0/0/0/0/0/0/0/0/0/0/0/0/0/0/0/0/0/0/0/0/0/0/0/0/0/0,383.482/2491.57/286.776/248.749/439.589/271.428/4759.07/248.886/4243.09/4494.07/4832.56/5108.39/5252.32/4766.44/4450.54/7472.59/5752.39/4586.72/0/0/0/0/0/0/0/0/0/0/0/0/0/0/0/0/0/0/0/0/0/0/0/0/0/0/0/0/0/0/0/0/0/0/0/0/0/0/0/0/0/0/0/0/0/0/0/0/0/0/0/0/0/0/0/0/0/0/0/0/0/0/0/0/0/0/0/0/0/0/0/0/0/0/6340.34/8220.67/0/0/0/0/0/0/0/0/0/0/0/0/0/0/0/0/0/0/0/0/0/0/0/0/0/0/0/0/0/0/0/0/0/0/0/0/0/0/0/0/0/0/0/0/0/0/0/0/0/0/0/0/0/0/0/0/0/0/0/0/0/0/0/0/0/0/0/0/0/0/0/0/0/0/0/0/0/0/0/0/0/0/0/0/0/0/0/0/0/0/0/0/0/0/0/0/0/0/0/0/0/0/0/0/0/0/0/0/0/0/0/0/0/0/0/0/0/0/0/0/0/0/0/0/0/0/0/0/0/0/0/0/0/0/0/0/0/0/0/0/0/0/0/0/0/0/0/0/0/0/0/0/0/0/0/0/0/0/0/0/0/0/0/0/0/0/0/0/0/0/0/0/0/0/0/0/0/0/0/0/0/0,,,10840,2.3677613861516558e-11,4.234375000000002e-11,-1.7626781104695911e-06,2.6079160738998497,1041,2.2844799845984758e-12,60846,1.35764072740666e-10,2.376796875000001e-10,1.665952280141518e-06,4.540394108805137e-06,4.110058165646808e-06,4.46835728695629e-06,1,1,nan,0.41779056112057167,28,94/17/16/13/12/11/7/93/17/94/6/3/12/1/16/2/4/5/8/9/10/14/15/93/18/94/16/94,17,4337.5,1.0,,,3.950177687620973e-09,,,,,,,,,,,,,,1,70388,123,839964819.664093,258940850.59983626,3.2438482291160904,2,-240950160.779517,-242356352.87625,-247896806.261236,26442090.521332,28548201.451968,33259262.114299,-209493511.097673,79666546.870712,31248,155957194.997728,155100283.531246,375530973.036593,337888097.67005,-113078217.62585,-140898870.693471,0.9141,1.2981,0.1309,0.1908,0.01,0.1621,2.0816,0.2881,0.0079,0.5952,0.6179,0.612,1633,7378,30449,,,
1600,0.000183323987,12648.35,3.108690918802771e-08,1.0763183593750005e-16,1.736816406250001e-17,276,20,20,17,17/16/13/12/11/15/6/3/1/2/4/5/8/9/10/14/7/15/93/18,0,150,3,0.134277/0.36377/0.28418/0.379395/0.243164/0.3125/0.880615/0.325439/1.06421/0.998535/1.72412/1.64087/1.52124/1.98877/0.451172/0.972412/1.25488/0.479492/0/0/0/0/0/0/0/0/0/0/0/0/0/0/0/0/0/0/0/0/0/0/0/0/0/0/0/0/0/0/0/0/0/0/0/0/0/0/0/0/0/0/0/0/0/0/0/0/0/0/0/0/0/0/0/0/0/0/0/0/0/0/0/0/0/0/0/0/0/0/0/0/0/0/1.37378/0.975342/0/0/0/0/0/0/0/0/0/0/0/0/0/0/0/0/0/0/0/0/0/0/0/0/0/0/0/0/0/0/0/0/0/0/0/0/0/0/0/0/0/0/0/0/0/0/0/0/0/0/0/0/0/0/0/0/0/0/0/0/0/0/0/0/0/0/0/0/0/0/0/0/0/0/0/0/0/0/0/0/0/0/0/0/0/0/0/0/0/0/0/0/0/0/0/0/0/0/0/0/0/0/0/0/0/0/0/0/0/0/0/0/0/0/0/0/0/0/0/0/0/0/0/0/0/0/0/0/0/0/0/0/0/0/0/0/0/0/0/0/0/0/0/0/0/0/0/0/0/0/0/0/0/0/0/0/0/0/0/0/0/0/0/0/0/0/0/0/0/0/0/0/0/0/0/0/0/0/0/0/0/0,383.482/2491.57/286.776/248.749/439.589/271.428/4759.07/248.886/4243.09/4494.07/4832.56/5108.39/5252.32/4772.99/4450.54/7472.59/5752.39/4586.72/0/0/0/0/0/0/0/0/0/0/0/0/0/0/0/0/0/0/0/0/0/0/0/0/0/0/0/0/0/0/0/0/0/0/0/0/0/0/0/0/0/0/0/0/0/0/0/0/0/0/0/0/0/0/0/0/0/0/0/0/0/0/0/0/0/0/0/0/0/0/0/0/0/0/6340.34/8220.67/0/0/0/0/0/0/0/0/0/0/0/0/0/0/0/0/0/0/0/0/0/0/0/0/0/0/0/0/0/0/0/0/0/0/0/0/0/0/0/0/0/0/0/0/0/0/0/0/0/0/0/0/0/0/0/0/0/0/0/0/0/0/0/0/0/0/0/0/0/0/0/0/0/0/0/0/0/0/0/0/0/0/0/0/0/0/0/0/0/0/0/0/0/0/0/0/0/0/0/0/0/0/0/0/0/0/0/0/0/0/0/0/0/0/0/0/0/0/0/0/0/0/0/0/0/0/0/0/0/0/0/0/0/0/0/0/0/0/0/0/0/0/0/0/0/0/0/0/0/0/0/0/0/0/0/0/0/0/0/0/0/0/0/0/0/0/0/0/0/0/0/0/0/0/0/0/0/0/0/0/0/0,1-2:0.371481/1-3:0.377165/2-4:1.32324/2-16:0.0395218/2-17:0.121251/3-6:1.43954/3-16:0.050711/3-18:0.455668/4-5:1.49966/4-13:0.026105/4-16:0.131712/4-17:0.00477532/5-8:0.95226/5-13:0.089733/5-16:0.00518499/6-7:1.13546/6-16:0.0182825/6-18:0.0853182/7-11:0.189565/7-12:0.107696/7-14:0.63542/7-15:0.21503/7-17:0.0268339/8-9:1.39419/8-11:0.0213296/8-12:0.183742/8-13:0.00691323/9-10:0.950941/9-11:0.114429/9-12:0.00691323/9-14:0.652066/9-15:0.750856/9-17:0.0588527/10-11:1.01731/10-14:1.42208/11-12:1.97875/11-14:0.362716/12-13:1.53541/12-16:0.13226/12-17:0.314003/13-16:1.376/14-15:0.00477545/14-17:0.640333/15-17:0.141672/16-17:1.37377,1-2:-28.483/1-3:-33.896/2-4:-24.55/2-16:-24.364/2-17:-26.667/3-6:-37.879/3-16:-37.636/3-18:-37.618/4-5:-20.556/4-13:-20.337/4-16:-21.507/4-17:-22.731/5-8:-16.607/5-13:-18.437/5-16:-19.949/6-7:-41.824/6-16:-38.368/6-18:-38.347/7-11:-71.784/7-12:-72.975/7-14:-7.8503/7-15:0.97846/7-17:-0.24677/8-9:-12.612/8-11:-12.45/8-12:-13.943/8-13:-15.472/9-10:-8.6376/9-11:-10.216/9-12:-11.257/9-14:-14.169/9-15:-36.521/9-17:-44.169/10-11:-5.3657/10-14:-3.7806/11-12:-52.651/11-14:-19.672/12-13:-56.225/12-16:-26.817/12-17:-14.246/13-16:-55.684/14-15:1.2248/14-17:-11.72/15-17:-17.555/16-17:-50.353,10869,2.3740921679357293e-11,4.245703125000002e-11,-1.7622056348599972e-06,2.615475683653353,1055,2.315270346572038e-12,61160,1.3648875445391265e-10,2.389062500000001e-10,1.66607532986112e-06,4.540394108805137e-06,4.110058165646808e-06,4.46835728695629e-06,1,1,nan,0.41793498271263335,28,94/17/16/13/12/11/7/93/17/94/6/3/12/1/16/2/4/5/8/9/10/14/15/93/18/94/16/94,17,4336.6,1.0,,,3.9604359432216755e-09,6,18/1/1/1/1/1,1/5/5/5/5/1,2,2,0.864746/0/0/0/0.135254/0/0/0/0/0/0/0,0.812242,18/1/1/1/1/1,7668/6286/8403/2674/2849/180,8295/6257/8219/2968/2627/442,6983/4596/6983/4022/3889/309,17/1/1/1/1/1,29/5/6/2/2/1,1,70770,133,840255178.2021278,257097731.26446715,3.2682325669291403,2,-237852180.731309,-243933937.297147,-246872470.018101,27162354.002898,26176020.399864,34946309.610071,-209203706.164252,79949438.055865,31580,160072897.578049,154061567.036207,412274680.816732,367679339.499787,-109537461.335292,-142203150.244963,0.935,1.2829,0.1301,0.1884,0.0099,0.1631,2.0434,0.2868,0.008,0.599,0.6134,0.614,1661,7294,30585,2741.5,618.7,1517.3
1620,0.000183323987,12829.64,3.108690918802771e-08,1.0753344726562505e-16,1.7466552734375008e-17,276,20,20,17,17/16/13/12/11/15/6/3/1/2/4/5/8/9/10/14/7/15/93/18,0,150,3,0.134277/0.365234/0.285645/0.37915/0.242188/0.312256/0.883789/0.324951/1.06689/1.00293/1.73389/1.65063/1.53003/2.00244/0.451904/0.976563/1.26245/0.480957/0/0/0/0/0/0/0/0/0/0/0/0/0/0/0/0/0/0/0/0/0/0/0/0/0/0/0/0/0/0/0/0/0/0/0/0/0/0/0/0/0/0/0/0/0/0/0/0/0/0/0/0/0/0/0/0/0/0/0/0/0/0/0/0/0/0/0/0/0/0/0/0/0/0/1.3916/0.98877/0/0/0/0/0/0/0/0/0/0/0/0/0/0/0/0/0/0/0/0/0/0/0/0/0/0/0/0/0/0/0/0/0/0/0/0/0/0/0/0/0/0/0/0/0/0/0/0/0/0/0/0/0/0/0/0/0/0/0/0/0/0/0/0/0/0/0/0/0/0/0/0/0/0/0/0/0/0/0/0/0/0/0/0/0/0/0/0/0/0/0/0/0/0/0/0/0/0/0/0/0/0/0/0/0/0/0/0/0/0/0/0/0/0/0/0/0/0/0/0/0/0/0/0/0/0/0/0/0/0/0/0/0/0/0/0/0/0/0/0/0/0/0/0/0/0/0/0/0/0/0/0/0/0/0/0/0/0/0/0/0/0/0/0/0/0/0/0/0/0/0/0/0/0/0/0/0/0/0/0/0/0,383.482/2491.57/286.776/248.749/439.589/271.428/4759.07/248.886/4243.09/4494.07/4860.21/5108.39/5252.32/4772.99/4450.54/7463.17/5753.84/4607.82/0/0/0/0/0/0/0/0/0/0/0/0/0/0/0/0/0/0/0/0/0/0/0/0/0/0/0/0/0/0/0/0/0/0/0/0/0/0/0/0/0/0/0/0/0/0/0/0/0/0/0/0/0/0/0/0/0/0/0/0/0/0/0/0/0/0/0/0/0/0/0/0/0/0/6340.34/8220.67/0/0/0/0/0/0/0/0/0/0/0/0/0/0/0/0/0/0/0/0/0/0/0/0/0/0/0/0/0/0/0/0/0/0/0/0/0/0/0/0/0/0/0/0/0/0/0/0/0/0/0/0/0/0/0/0/0/0/0/0/0/0/0/0/0/0/0/0/0/0/0/0/0/0/0/0/0/0/0/0/0/0/0/0/0/0/0/0/0/0/0/0/0/0/0/0/0/0/0/0/0/0/0/0/0/0/0/0/0/0/0/0/0/0/0/0/0/0/0/0/0/0/0/0/0/0/0/0/0/0/0/0/0/0/0/0/0/0/0/0/0/0/0/0/0/0/0/0/0/0/0/0/0/0/0/0/0/0/0/0/0/0/0/0/0/0/0/0/0/0/0/0/0/0/0/0/0/0/0/0/0/0,,,10881,2.375506721252942e-11,4.250390625000002e-11,-1.758493978157759e-06,2.6748621908891637,1060,2.327868071656989e-12,61520,1.3732458820288637e-10,2.403125000000001e-10,1.6654097405689818e-06,4.5509447804119165e-06,4.087961078734728e-06,4.46835728695629e-06,1,1,nan,0.41714589734231866,28,94/17/16/13/12/11/7/93/17/94/6/3/12/1/16/2/4/5/8/9/10/14/15/93/18/94/16/94,17,4335.9,1.0,,,3.969830115399005e-09,,,,,,,,,,,,,,1,71161,133,838668727.9266639,257528990.4678138,3.2565992916105553,2,-237175828.923313,-244618177.630512,-246058150.092396,25120083.749781,22219807.354255,36606421.194501,-208943369.660037,80271586.697688,31946,162762156.64554,154470586.213744,375106539.758325,462922564.99257,-108671643.206189,-141550402.516138,0.9556,1.2785,0.1292,0.1872,0.0098,0.1642,2.03,0.2895,0.008,0.6031,0.6098,0.6149,1678,7210,30690,,,
1640,0.000183323987,12926.04,3.108690918802771e-08,1.0744311523437504e-16,1.7556884765625008e-17,276,20,20,17,17/16/13/12/11/15/6/3/1/2/4/5/8/9/10/14/7/15/93/18,0,150,3,0.134277/0.366943/0.286377/0.37915/0.241943/0.312256/0.885986/0.324463/1.06787/1.00708/1.74316/1.65894/1.53906/2.01099/0.452637/0.981934/1.27124/0.481689/0/0/0/0/0/0/0/0/0/0/0/0/0/0/0/0/0/0/0/0/0/0/0/0/0/0/0/0/0/0/0/0/0/0/0/0/0/0/0/0/0/0/0/0/0/0/0/0/0/0/0/0/0/0/0/0/0/0/0/0/0/0/0/0/0/0/0/0/0/0/0/0/0/0/1.40796/1.00293/0/0/0/0/0/0/0/0/0/0/0/0/0/0/0/0/0/0/0/0/0/0/0/0/0/0/0/0/0/0/0/0/0/0/0/0/0/0/0/0/0/0/0/0/0/0/0/0/0/0/0/0/0/0/0/0/0/0/0/0/0/0/0/0/0/0/0/0/0/0/0/0/0/0/0/0/0/0/0/0/0/0/0/0/0/0/0/0/0/0/0/0/0/0/0/0/0/0/0/0/0/0/0/0/0/0/0/0/0/0/0/0/0/0/0/0/0/0/0/0/0/0/0/0/0/0/0/0/0/0/0/0/0/0/0/0/0/0/0/0/0/0/0/0/0/0/0/0/0/0/0/0/0/0/0/0/0/0/0/0/0/0/0/0/0/0/0/0/0/0/0/0/0/0/0/0/0/0/0/0/0/0,383.482/2491.57/286.776/248.749/439.589/271.428/4759.07/248.886/4243.09/4494.07/4860.21/5108.39/5252.32/4772.99/4450.54/7464.6/5753.84/4607.82/0/0/0/0/0/0/0/0/0/0/0/0/0/0/0/0/0/0/0/0/0/0/0/0/0/0/0/0/0/0/0/0/0/0/0/0/0/0/0/0/0/0/0/0/0/0/0/0/0/0/0/0/0/0/0/0/0/0/0/0/0/0/0/0/0/0/0/0/0/0/0/0/0/0/6340.34/8220.67/0/0/0/0/0/0/0/0/0/0/0/0/0/0/0/0/0/0/0/0/0/0/0/0/0/0/0/0/0/0/0/0/0/0/0/0/0/0/0/0/0/0/0/0/0/0/0/0/0/0/0/0/0/0/0/0/0/0/0/0/0/0/0/0/0/0/0/0/0/0/0/0/0/0/0/0/0/0/0/0/0/0/0/0/0/0/0/0/0/0/0/0/0/0/0/0/0/0/0/0/0/0/0/0/0/0/0/0/0/0/0/0/0/0/0/0/0/0/0/0/0/0/0/0/0/0/0/0/0/0/0/0/0/0/0/0/0/0/0/0/0/0/0/0/0/0/0/0/0/0/0/0/0/0/0/0/0/0/0/0/0/0/0/0/0/0/0/0/0/0/0/0/0/0/0/0/0/0/0/0/0/0,,,10907,2.380264128702252e-11,4.260546875000002e-11,-1.7595318867667098e-06,2.6582556531459516,1073,2.3556112271717924e-12,61778,1.3792610616673309e-10,2.413203125000001e-10,1.664755038773404e-06,4.5509447804119165e-06,4.087961078734728e-06,4.46835728695629e-06,1,1,nan,0.41950458480394537,28,94/17/16/13/12/11/7/93/17/94/6/3/12/1/16/2/4/5/8/9/10/14/15/93/18/94/16/94,17,4334.5,1.0,,,3.978895715629642e-09,,,,,,,,,,,,,,1,71516,134,843410851.5472535,257837166.9876126,3.271098815586094,1,-237615703.498721,-245564791.594948,-245199391.42922,26558458.426645,19684068.403438,37777780.397097,-208833798.207487,80687422.104378,32281,162121383.922865,153693914.337696,374346621.27643,378832029.324702,-103577905.058137,-141902854.441796,0.9907,1.3101,0.1265,0.1893,0.0103,0.1626,2.0842,0.2906,0.008,0.6032,0.6064,0.6163,1681,7132,30801,,,
1660,0.000183323987,13021.97,3.108690918802771e-08,1.0734814453125005e-16,1.765185546875001e-17,276,20,20,17,17/16/13/12/11/15/6/3/1/2/4/5/8/9/10/14/7/15/93/18,0,150,3,0.134277/0.370117/0.287354/0.379395/0.241943/0.3125/0.888672/0.324463/1.07129/1.00952/1.75098/1.67017/1.54663/2.02002/0.453613/0.98584/1.27759/0.482666/0/0/0/0/0/0/0/0/0/0/0/0/0/0/0/0/0/0/0/0/0/0/0/0/0/0/0/0/0/0/0/0/0/0/0/0/0/0/0/0/0/0/0/0/0/0/0/0/0/0/0/0/0/0/0/0/0/0/0/0/0/0/0/0/0/0/0/0/0/0/0/0/0/0/1.42603/1.0188/0/0/0/0/0/0/0/0/0/0/0/0/0/0/0/0/0/0/0/0/0/0/0/0/0/0/0/0/0/0/0/0/0/0/0/0/0/0/0/0/0/0/0/0/0/0/0/0/0/0/0/0/0/0/0/0/0/0/0/0/0/0/0/0/0/0/0/0/0/0/0/0/0/0/0/0/0/0/0/0/0/0/0/0/0/0/0/0/0/0/0/0/0/0/0/0/0/0/0/0/0/0/0/0/0/0/0/0/0/0/0/0/0/0/0/0/0/0/0/0/0/0/0/0/0/0/0/0/0/0/0/0/0/0/0/0/0/0/0/0/0/0/0/0/0/0/0/0/0/0/0/0/0/0/0/0/0/0/0/0/0/0/0/0/0/0/0/0/0/0/0/0/0/0/0/0/0/0/0/0/0/0,383.482/2491.57/286.776/248.749/439.589/271.428/4759.07/248.886/4243.09/4494.07/4860.21/5108.39/5252.32/4772.99/4450.54/7464.6/5753.84/4607.82/0/0/0/0/0/0/0/0/0/0/0/0/0/0/0/0/0/0/0/0/0/0/0/0/0/0/0/0/0/0/0/0/0/0/0/0/0/0/0/0/0/0/0/0/0/0/0/0/0/0/0/0/0/0/0/0/0/0/0/0/0/0/0/0/0/0/0/0/0/0/0/0/0/0/6340.34/8220.67/0/0/0/0/0/0/0/0/0/0/0/0/0/0/0/0/0/0/0/0/0/0/0/0/0/0/0/0/0/0/0/0/0/0/0/0/0/0/0/0/0/0/0/0/0/0/0/0/0/0/0/0/0/0/0/0/0/0/0/0/0/0/0/0/0/0/0/0/0/0/0/0/0/0/0/0/0/0/0/0/0/0/0/0/0/0/0/0/0/0/0/0/0/0/0/0/0/0/0/0/0/0/0/0/0/0/0/0/0/0/0/0/0/0/0/0/0/0/0/0/0/0/0/0/0/0/0/0/0/0/0/0/0/0/0/0/0/0/0/0/0/0/0/0/0/0/0/0/0/0/0/0/0/0/0/0/0/0/0/0/0/0/0/0/0/0/0/0/0/0/0/0/0/0/0/0/0/0/0/0/0/0,,,10942,2.386445098510597e-11,4.274218750000002e-11,-1.7599651234412128e-06,2.651323866353903,1098,2.4106882553671936e-12,61994,1.3846822440487596e-10,2.4216406250000007e-10,1.6647702037972106e-06,4.5509447804119165e-06,4.087961078734728e-06,4.46835728695629e-06,1,1,nan,0.4217113955330191,28,94/17/16/13/12/11/7/93/17/94/6/3/12/1/16/2/4/5/8/9/10/14/15/93/18/94/16/94,17,4333.8,1.0,,,3.98817952004148e-09,,,,,,,,,,,,,,1,71889,136,847847628.1252295,256280382.13949603,3.308281426175404,1,-237048881.213755,-246623465.295585,-244381794.002887,28323627.253738,16288497.608572,39608527.996157,-208619918.488298,80943821.316175,32625,159756128.067693,152740043.208235,417906948.369696,351270694.39506,-110582845.016592,-142343605.09135,0.9953,1.2903,0.1257,0.1851,0.0103,0.1643,2.0337,0.2883,0.008,0.6098,0.6036,0.6181,1699,7025,30929,,,
1680,0.000193508653,13132.67,3.009539637407289e-08,1.0714404296875005e-16,1.785595703125001e-17,276,20,20,17,17/16/13/12/11/15/6/3/1/2/4/5/8/9/10/14/7/15/93/18,0,150,3,0.134033/0.373779/0.289551/0.379639/0.241943/0.312256/0.891357/0.324219/1.073/1.01392/1.75879/1.67871/1.55518/2.02905/0.45459/0.990234/1.28516/0.595459/0/0/0/0/0/0/0/0/0/0/0/0/0/0/0/0/0/0/0/0/0/0/0/0/0/0/0/0/0/0/0/0/0/0/0/0/0/0/0/0/0/0/0/0/0/0/0/0/0/0/0/0/0/0/0/0/0/0/0/0/0/0/0/0/0/0/0/0/0/0/0/0/0/0/1.4436/1.03149/0/0/0/0/0/0/0/0/0/0/0/0/0/0/0/0/0/0/0/0/0/0/0/0/0/0/0/0/0/0/0/0/0/0/0/0/0/0/0/0/0/0/0/0/0/0/0/0/0/0/0/0/0/0/0/0/0/0/0/0/0/0/0/0/0/0/0/0/0/0/0/0/0/0/0/0/0/0/0/0/0/0/0/0/0/0/0/0/0/0/0/0/0/0/0/0/0/0/0/0/0/0/0/0/0/0/0/0/0/0/0/0/0/0/0/0/0/0/0/0/0/0/0/0/0/0/0/0/0/0/0/0/0/0/0/0/0/0/0/0/0/0/0/0/0/0/0/0/0/0/0/0/0/0/0/0/0/0/0/0/0/0/0/0/0/0/0/0/0/0/0/0/0/0/0/0/0/0/0/0/0/0,383.482/2491.57/286.776/248.749/439.589/271.428/4759.07/248.886/4243.09/4494.07/4860.21/5108.4/5252.32/4808.64/4478.19/7464.6/5760.39/6076.88/0/0/0/0/0/0/0/0/0/0/0/0/0/0/0/0/0/0/0/0/0/0/0/0/0/0/0/0/0/0/0/0/0/0/0/0/0/0/0/0/0/0/0/0/0/0/0/0/0/0/0/0/0/0/0/0/0/0/0/0/0/0/0/0/0/0/0/0/0/0/0/0/0/0/6340.34/8220.67/0/0/0/0/0/0/0/0/0/0/0/0/0/0/0/0/0/0/0/0/0/0/0/0/0/0/0/0/0/0/0/0/0/0/0/0/0/0/0/0/0/0/0/0/0/0/0/0/0/0/0/0/0/0/0/0/0/0/0/0/0/0/0/0/0/0/0/0/0/0/0/0/0/0/0/0/0/0/0/0/0/0/0/0/0/0/0/0/0/0/0/0/0/0/0/0/0/0/0/0/0/0/0/0/0/0/0/0/0/0/0/0/0/0/0/0/0/0/0/0/0/0/0/0/0/0/0/0/0/0/0/0/0/0/0/0/0/0/0/0/0/0/0/0/0/0/0/0/0/0/0/0/0/0/0/0/0/0/0/0/0/0/0/0/0/0/0/0/0/0/0/0/0/0/0/0/0/0/0/0/0/0,,,10972,2.3917618820649858e-11,4.2859375000000015e-11,-1.7610682193548557e-06,2.6336743317356155,1113,2.4445253123537946e-12,62810,1.4025569613760792e-10,2.4535156250000007e-10,1.6646253120634316e-06,4.6265672137320045e-06,4.087961078734728e-06,4.46835728695629e-06,1,1,nan,0.40527764836976504,28,94/17/16/13/12/11/7/93/17/94/6/3/12/1/16/2/4/5/8/9/10/14/15/93/18/94/16/94,17,4344.1,1.0,,,4.023894538644215e-09,,,,,,,,,,,,,,1,72269,144,841652082.2078928,264853840.3936505,3.177798294172178,1,-259013031.096367,-249901295.731918,-244680449.69135,18730967.538798,22576403.577192,49648351.762639,-210567005.00696,88792962.0302,33074,161580939.248843,160444189.054283,415307622.289853,393439844.04017,-121916050.953954,-143240853.862626,0.7234,1.4111,0.132,0.1888,0.0104,0.1692,2.0742,0.2933,0.0082,0.6532,0.6013,0.6207,1955,7023,31060,,,
1700,0.000193508653,13241.02,3.009539637407289e-08,1.0703759765625005e-16,1.7962402343750008e-17,276,20,20,17,17/16/13/12/11/15/6/3/1/2/4/5/8/9/10/14/7/15/93/18,0,151,3,0.134033/0.376709/0.290527/0.379639/0.241211/0.312744/0.893555/0.324707/1.07324/1.01978/1.7688/1.68872/1.56494/2.04175/0.455322/0.993408/1.29102/0.605469/0/0/0/0/0/0/0/0/0/0/0/0/0/0/0/0/0/0/0/0/0/0/0/0/0/0/0/0/0/0/0/0/0/0/0/0/0/0/0/0/0/0/0/0/0/0/0/0/0/0/0/0/0/0/0/0/0/0/0/0/0/0/0/0/0/0/0/0/0/0/0/0/0/0/1.46143/1.04541/0/0/0/0/0/0/0/0/0/0/0/0/0/0/0/0/0/0/0/0/0/0/0/0/0/0/0/0/0/0/0/0/0/0/0/0/0/0/0/0/0/0/0/0/0/0/0/0/0/0/0/0/0/0/0/0/0/0/0/0/0/0/0/0/0/0/0/0/0/0/0/0/0/0/0/0/0/0/0/0/0/0/0/0/0/0/0/0/0/0/0/0/0/0/0/0/0/0/0/0/0/0/0/0/0/0/0/0/0/0/0/0/0/0/0/0/0/0/0/0/0/0/0/0/0/0/0/0/0/0/0/0/0/0/0/0/0/0/0/0/0/0/0/0/0/0/0/0/0/0/0/0/0/0/0/0/0/0/0/0/0/0/0/0/0/0/0/0/0/0/0/0/0/0/0/0/0/0/0/0/0/0,383.482/2491.57/286.776/248.749/439.589/271.428/4759.07/248.886/4243.09/4494.07/4860.21/5108.4/5252.32/4808.64/4478.19/7464.6/5677.42/6104.53/0/0/0/0/0/0/0/0/0/0/0/0/0/0/0/0/0/0/0/0/0/0/0/0/0/0/0/0/0/0/0/0/0/0/0/0/0/0/0/0/0/0/0/0/0/0/0/0/0/0/0/0/0/0/0/0/0/0/0/0/0/0/0/0/0/0/0/0/0/0/0/0/0/0/6340.34/8220.67/0/0/0/0/0/0/0/0/0/0/0/0/0/0/0/0/0/0/0/0/0/0/0/0/0/0/0/0/0/0/0/0/0/0/0/0/0/0/0/0/0/0/0/0/0/0/0/0/0/0/0/0/0/0/0/0/0/0/0/0/0/0/0/0/0/0/0/0/0/0/0/0/0/0/0/0/0/0/0/0/0/0/0/0/0/0/0/0/0/0/0/0/0/0/0/0/0/0/0/0/0/0/0/0/0/0/0/0/0/0/0/0/0/0/0/0/0/0/0/0/0/0/0/0/0/0/0/0/0/0/0/0/0/0/0/0/0/0/0/0/0/0/0/0/0/0/0/0/0/0/0/0/0/0/0/0/0/0/0/0/0/0/0/0/0/0/0/0/0/0/0/0/0/0/0/0/0/0/0/0/0/0,1-2:0.371481/1-3:0.377165/2-4:1.32324/2-16:0.0395218/2-17:0.129483/3-6:1.43517/3-16:0.050711/3-18:0.452621/4-5:1.49966/4-13:0.026105/4-16:0.131712/4-17:0.00477532/5-8:0.943618/5-13:0.089733/5-16:0.00172837/6-7:1.13241/6-16:0.0182825/6-18:0.0853182/7-11:0.189565/7-12:0.107696/7-14:0.679537/7-15:0.211983/7-17:0.0268339/8-9:1.3881/8-11:0.0213296/8-12:0.183742/8-13:0.00691323/9-10:0.950941/9-11:0.114429/9-12:0.00691323/9-14:0.656841/9-15:0.739167/9-17:0.0822302/10-11:1.02209/10-14:1.42422/11-12:1.98525/11-14:0.396054/12-13:1.53541/12-16:0.161641/12-17:0.372356/13-16:1.38373/14-15:0.00477545/14-17:0.676308/15-17:0.141672/16-17:1.35335,1-2:-28.483/1-3:-33.896/2-4:-24.55/2-16:-24.364/2-17:-26.616/3-6:-37.879/3-16:-37.636/3-18:-37.618/4-5:-20.556/4-13:-20.337/4-16:-21.507/4-17:-22.731/5-8:-16.607/5-13:-18.437/5-16:-19.739/6-7:-41.824/6-16:-38.368/6-18:-38.347/7-11:-71.784/7-12:-72.975/7-14:-7.6342/7-15:0.95947/7-17:-0.24677/8-9:-12.612/8-11:-12.45/8-12:-13.943/8-13:-15.472/9-10:-8.6376/9-11:-10.216/9-12:-11.257/9-14:-14.169/9-15:-36.432/9-17:-49.751/10-11:-5.5772/10-14:-3.7428/11-12:-52.891/11-14:-20.587/12-13:-56.288/12-16:-28.171/12-17:-15.948/13-16:-54.785/14-15:1.2248/14-17:-11.906/15-17:-17.555/16-17:-50.331,10981,2.3935810946092748e-11,4.2894531250000016e-11,-1.759668451543081e-06,2.656070616724012,1122,2.4706301857789102e-12,63178,1.410868949813931e-10,2.467890625000001e-10,1.664601287371543e-06,4.6265672137320045e-06,4.087961078734728e-06,4.46835728695629e-06,1,1,nan,0.4059470398330327,28,94/17/16/13/12/11/7/93/17/94/6/3/12/1/16/2/4/5/8/9/10/14/15/93/18/94/16/94,17,4343.7,1.0,,,4.036782876927658e-09,7,18/1/1/1/1/1/1,1/5/5/5/5/1/1,2,2,0.86044/0/0/0/0.13956/0/0/0/0/0/0/0,0.806631,18/1/1/1/1/1/1,7612/6317/8403/2704/2892/3996/208,8295/6257/8219/2968/2648/3646/470,6983/4596/6983/4022/3933/619/309,18/1/1/1/1/1/1,31/5/6/2/2/2/1,1,72660,145,843042227.2631103,264776950.13068923,3.1839713647543695,1,-258855307.130501,-250704433.412367,-243693565.253384,17176991.712694,21564175.700794,51574145.286609,-210867254.194836,88704771.407502,33391,158349521.800111,162151532.287163,379097423.25575,421454739.931123,-129399501.765787,-141457547.831566,0.7888,1.3013,0.1322,0.1889,0.011,0.1679,1.8994,0.2944,0.0082,0.659,0.6035,0.6228,1968,7001,31192,2745.1,618.7,1532.1
1720,0.000193508653,13417.51,3.009539637407289e-08,1.0693725585937504e-16,1.806274414062501e-17,276,20,20,17,17/16/13/12/11/15/6/3/1/2/4/5/8/9/10/14/7/15/93/18,0,151,3,0.134033/0.379639/0.292236/0.380127/0.240967/0.313232/0.895264/0.324463/1.0752/1.02197/1.77979/1.69995/1.57593/2.05127/0.456787/0.999756/1.29785/0.607178/0/0/0/0/0/0/0/0/0/0/0/0/0/0/0/0/0/0/0/0/0/0/0/0/0/0/0/0/0/0/0/0/0/0/0/0/0/0/0/0/0/0/0/0/0/0/0/0/0/0/0/0/0/0/0/0/0/0/0/0/0/0/0/0/0/0/0/0/0/0/0/0/0/0/1.47852/1.05859/0/0/0/0/0/0/0/0/0/0/0/0/0/0/0/0/0/0/0/0/0/0/0/0/0/0/0/0/0/0/0/0/0/0/0/0/0/0/0/0/0/0/0/0/0/0/0/0/0/0/0/0/0/0/0/0/0/0/0/0/0/0/0/0/0/0/0/0/0/0/0/0/0/0/0/0/0/0/0/0/0/0/0/0/0/0/0/0/0/0/0/0/0/0/0/0/0/0/0/0/0/0/0/0/0/0/0/0/0/0/0/0/0/0/0/0/0/0/0/0/0/0/0/0/0/0/0/0/0/0/0/0/0/0/0/0/0/0/0/0/0/0/0/0/0/0/0/0/0/0/0/0/0/0/0/0/0/0/0/0/0/0/0/0/0/0/0/0/0/0/0/0/0/0/0/0/0/0/0/0/0/0,383.482/2491.57/286.776/248.749/439.589/271.428/4759.07/248.886/4243.09/4494.07/4860.21/5108.4/5252.33/4808.64/4478.19/7464.6/5683.2/6104.53/0/0/0/0/0/0/0/0/0/0/0/0/0/0/0/0/0/0/0/0/0/0/0/0/0/0/0/0/0/0/0/0/0/0/0/0/0/0/0/0/0/0/0/0/0/0/0/0/0/0/0/0/0/0/0/0/0/0/0/0/0/0/0/0/0/0/0/0/0/0/0/0/0/0/6340.34/8220.67/0/0/0/0/0/0/0/0/0/0/0/0/0/0/0/0/0/0/0/0/0/0/0/0/0/0/0/0/0/0/0/0/0/0/0/0/0/0/0/0/0/0/0/0/0/0/0/0/0/0/0/0/0/0/0/0/0/0/0/0/0/0/0/0/0/0/0/0/0/0/0/0/0/0/0/0/0/0/0/0/0/0/0/0/0/0/0/0/0/0/0/0/0/0/0/0/0/0/0/0/0/0/0/0/0/0/0/0/0/0/0/0/0/0/0/0/0/0/0/0/0/0/0/0/0/0/0/0/0/0/0/0/0/0/0/0/0/0/0/0/0/0/0/0/0/0/0/0/0/0/0/0/0/0/0/0/0/0/0/0/0/0/0/0/0/0/0/0/0/0/0/0/0/0/0/0/0/0/0/0/0/0,,,11001,2.3975652197717216e-11,4.2972656250000014e-11,-1.7627287410732883e-06,2.6071059842406945,1125,2.4824088337497334e-12,63570,1.4194638284573965e-10,2.483203125000001e-10,1.664597493316956e-06,4.6265672137320045e-06,4.087961078734728e-06,4.46835728695629e-06,1,1,nan,0.40950601348773363,28,94/17/16/13/12/11/7/93/17/94/6/3/12/1/16/2/4/5/8/9/10/14/15/93/18/94/16/94,17,4344.3,1.0,,,4.0489871727961485e-09,,,,,,,,,,,,,,1,73040,153,850433253.1414216,264585419.05341423,3.2142105796454983,1,-254355698.047374,-251228964.951597,-242753144.434094,20463647.095454,19869865.776223,53001078.092476,-210946571.194642,88821325.0066,33730,156796227.392151,162465477.890149,375703810.595407,372974198.316236,-132668234.577996,-141365910.575399,0.8782,1.2965,0.1314,0.1879,0.0112,0.1656,1.8672,0.2937,0.0082,0.6646,0.5998,0.6242,1980,6962,31288,,,
1740,0.000193508653,13526.43,3.009539637407289e-08,1.0683886718750005e-16,1.8161132812500008e-17,276,20,20,17,17/16/13/12/11/15/6/3/1/2/4/5/8/9/10/14/7/15/93/18,0,151,3,0.134033/0.383789/0.294189/0.380127/0.240723/0.313232/0.900146/0.324463/1.07813/1.02612/1.78784/1.70801/1.5874/2.06372/0.45752/1.00269/1.3064/0.609375/0/0/0/0/0/0/0/0/0/0/0/0/0/0/0/0/0/0/0/0/0/0/0/0/0/0/0/0/0/0/0/0/0/0/0/0/0/0/0/0/0/0/0/0/0/0/0/0/0/0/0/0/0/0/0/0/0/0/0/0/0/0/0/0/0/0/0/0/0/0/0/0/0/0/1.49219/1.07104/0/0/0/0/0/0/0/0/0/0/0/0/0/0/0/0/0/0/0/0/0/0/0/0/0/0/0/0/0/0/0/0/0/0/0/0/0/0/0/0/0/0/0/0/0/0/0/0/0/0/0/0/0/0/0/0/0/0/0/0/0/0/0/0/0/0/0/0/0/0/0/0/0/0/0/0/0/0/0/0/0/0/0/0/0/0/0/0/0/0/0/0/0/0/0/0/0/0/0/0/0/0/0/0/0/0/0/0/0/0/0/0/0/0/0/0/0/0/0/0/0/0/0/0/0/0/0/0/0/0/0/0/0/0/0/0/0/0/0/0/0/0/0/0/0/0/0/0/0/0/0/0/0/0/0/0/0/0/0/0/0/0/0/0/0/0/0/0/0/0/0/0/0/0/0/0/0/0/0/0/0/0,383.482/2491.57/286.776/248.749/439.589/271.428/4759.07/248.886/4243.09/4494.07/4860.21/5108.4/5279.98/4808.64/4478.19/7464.6/5683.2/6104.53/0/0/0/0/0/0/0/0/0/0/0/0/0/0/0/0/0/0/0/0/0/0/0/0/0/0/0/0/0/0/0/0/0/0/0/0/0/0/0/0/0/0/0/0/0/0/0/0/0/0/0/0/0/0/0/0/0/0/0/0/0/0/0/0/0/0/0/0/0/0/0/0/0/0/6340.34/8220.67/0/0/0/0/0/0/0/0/0/0/0/0/0/0/0/0/0/0/0/0/0/0/0/0/0/0/0/0/0/0/0/0/0/0/0/0/0/0/0/0/0/0/0/0/0/0/0/0/0/0/0/0/0/0/0/0/0/0/0/0/0/0/0/0/0/0/0/0/0/0/0/0/0/0/0/0/0/0/0/0/0/0/0/0/0/0/0/0/0/0/0/0/0/0/0/0/0/0/0/0/0/0/0/0/0/0/0/0/0/0/0/0/0/0/0/0/0/0/0/0/0/0/0/0/0/0/0/0/0/0/0/0/0/0/0/0/0/0/0/0/0/0/0/0/0/0/0/0/0/0/0/0/0/0/0/0/0/0/0/0/0/0/0/0/0/0/0/0/0/0/0/0/0/0/0/0/0/0/0/0/0/0,,,11046,2.4063976307782842e-11,4.3148437500000013e-11,-1.764342369933196e-06,2.5812879224821725,1139,2.514517773951283e-12,63800,1.4246258618898117e-10,2.492187500000001e-10,1.6646048743699217e-06,4.6265672137320045e-06,4.087961078734728e-06,4.46835728695629e-06,1,1,nan,0.3615203892166054,28,94/17/16/13/12/11/7/93/17/94/6/3/12/1/16/2/4/5/8/9/10/14/15/93/18/94/16/94,17,4343.2,1.0,,,4.06107389676747e-09,,,,,,,,,,,,,,1,73444,163,750780087.5984938,265431414.97376376,2.828527616720514,1,-251708414.663521,-251818704.126882,-241826815.108614,23208237.051613,17576452.391535,54361918.039159,-211382023.785032,88691797.58767,34082,162077502.635306,161120870.74139,375323847.735659,414632520.439191,-128647214.342513,-142084515.900256,0.9161,1.3019,0.1301,0.1851,0.011,0.1644,1.857,0.292,0.0083,0.6677,0.5962,0.6256,2004,6887,31395,,,
1760,0.000193508653,13623.21,3.009539637407289e-08,1.0673217773437505e-16,1.826782226562501e-17,276,20,20,17,17/16/13/12/11/15/6/3/1/2/4/5/8/9/10/14/7/15/93/18,0,151,3,0.133789/0.386475/0.294922/0.380127/0.23999/0.313721/0.902344/0.323975/1.07813/1.03223/1.79932/1.71851/1.59644/2.08008/0.458984/1.00562/1.31592/0.610107/0/0/0/0/0/0/0/0/0/0/0/0/0/0/0/0/0/0/0/0/0/0/0/0/0/0/0/0/0/0/0/0/0/0/0/0/0/0/0/0/0/0/0/0/0/0/0/0/0/0/0/0/0/0/0/0/0/0/0/0/0/0/0/0/0/0/0/0/0/0/0/0/0/0/1.51172/1.08545/0/0/0/0/0/0/0/0/0/0/0/0/0/0/0/0/0/0/0/0/0/0/0/0/0/0/0/0/0/0/0/0/0/0/0/0/0/0/0/0/0/0/0/0/0/0/0/0/0/0/0/0/0/0/0/0/0/0/0/0/0/0/0/0/0/0/0/0/0/0/0/0/0/0/0/0/0/0/0/0/0/0/0/0/0/0/0/0/0/0/0/0/0/0/0/0/0/0/0/0/0/0/0/0/0/0/0/0/0/0/0/0/0/0/0/0/0/0/0/0/0/0/0/0/0/0/0/0/0/0/0/0/0/0/0/0/0/0/0/0/0/0/0/0/0/0/0/0/0/0/0/0/0/0/0/0/0/0/0/0/0/0/0/0/0/0/0/0/0/0/0/0/0/0/0/0/0/0/0/0/0/0,383.482/2491.57/286.776/248.749/439.589/271.428/4759.07/248.886/4243.09/4494.07/4860.21/5108.4/5279.98/4808.64/4478.19/7464.6/5683.2/6104.53/0/0/0/0/0/0/0/0/0/0/0/0/0/0/0/0/0/0/0/0/0/0/0/0/0/0/0/0/0/0/0/0/0/0/0/0/0/0/0/0/0/0/0/0/0/0/0/0/0/0/0/0/0/0/0/0/0/0/0/0/0/0/0/0/0/0/0/0/0/0/0/0/0/0/6340.34/8220.67/0/0/0/0/0/0/0/0/0/0/0/0/0/0/0/0/0/0/0/0/0/0/0/0/0/0/0/0/0/0/0/0/0/0/0/0/0/0/0/0/0/0/0/0/0/0/0/0/0/0/0/0/0/0/0/0/0/0/0/0/0/0/0/0/0/0/0/0/0/0/0/0/0/0/0/0/0/0/0/0/0/0/0/0/0/0/0/0/0/0/0/0/0/0/0/0/0/0/0/0/0/0/0/0/0/0/0/0/0/0/0/0/0/0/0/0/0/0/0/0/0/0/0/0/0/0/0/0/0/0/0/0/0/0/0/0/0/0/0/0/0/0/0/0/0/0/0/0/0/0/0/0/0/0/0/0/0/0/0/0/0/0/0/0/0/0/0/0/0/0/0/0/0/0/0/0/0/0/0/0/0/0,,,11073,2.4114596821566126e-11,4.3253906250000017e-11,-1.7645741317032858e-06,2.5775797341607345,1150,2.5388041844502623e-12,64166,1.4331933777593478e-10,2.506484375000001e-10,1.6653261732311582e-06,4.6265672137320045e-06,4.087961078734728e-06,4.46835728695629e-06,1,1,nan,0.2787725095684975,28,94/17/16/13/12/11/7/93/17/94/6/3/12/1/16/2/4/5/8/9/10/14/15/93/18/94/16/94,17,4343.0,1.0,,,4.072528732046944e-09,,,,,,,,,,,,,,1,73847,167,578935117.89867,264410992.69628236,2.1895274171284855,2,-249068688.222142,-252427329.593877,-240774617.502239,23645314.335524,15846773.689332,56092727.076927,-211547973.680331,88519979.57234,34420,160729924.086347,161020552.812037,389025745.894923,384684557.850346,-124954022.245476,-143020085.364048,0.9573,1.2631,0.129,0.1853,0.0106,0.1666,1.8122,0.2932,0.0083,0.6638,0.5955,0.628,2002,6816,31564,,,
1780,0.000203693319,13741.13,2.916517695292748e-08,1.0661645507812505e-16,1.8383544921875008e-17,276,20,19,16,17/16/13/12/11/15/6/3/1/2/4/5/8/9/10/14/15/93/18,0,151,3,0.134033/0.391602/0.296387/0.380127/0.239258/0.313721/0.904297/0.32373/1.07983/1.03735/1.80884/1.73022/1.60791/2.09302/0.460938/1.01074/1.32349/0.617188/0/0/0/0/0/0/0/0/0/0/0/0/0/0/0/0/0/0/0/0/0/0/0/0/0/0/0/0/0/0/0/0/0/0/0/0/0/0/0/0/0/0/0/0/0/0/0/0/0/0/0/0/0/0/0/0/0/0/0/0/0/0/0/0/0/0/0/0/0/0/0/0/0/0/1.53076/1.1001/0/0/0/0/0/0/0/0/0/0/0/0/0/0/0/0/0/0/0/0/0/0/0/0/0/0/0/0/0/0/0/0/0/0/0/0/0/0/0/0/0/0/0/0/0/0/0/0/0/0/0/0/0/0/0/0/0/0/0/0/0/0/0/0/0/0/0/0/0/0/0/0/0/0/0/0/0/0/0/0/0/0/0/0/0/0/0/0/0/0/0/0/0/0/0/0/0/0/0/0/0/0/0/0/0/0/0/0/0/0/0/0/0/0/0/0/0/0/0/0/0/0/0/0/0/0/0/0/0/0/0/0/0/0/0/0/0/0/0/0/0/0/0/0/0/0/0/0/0/0/0/0/0/0/0/0/0/0/0/0/0/0/0/0/0/0/0/0/0/0/0/0/0/0/0/0/0/0/0/0/0/0,383.482/2491.57/286.776/248.749/439.589/271.428/4759.07/248.886/4243.09/4494.07/4860.21/5108.4/5279.98/4808.64/4478.19/7464.6/5683.2/6104.53/0/0/0/0/0/0/0/0/0/0/0/0/0/0/0/0/0/0/0/0/0/0/0/0/0/0/0/0/0/0/0/0/0/0/0/0/0/0/0/0/0/0/0/0/0/0/0/0/0/0/0/0/0/0/0/0/0/0/0/0/0/0/0/0/0/0/0/0/0/0/0/0/0/0/6340.34/8220.67/0/0/0/0/0/0/0/0/0/0/0/0/0/0/0/0/0/0/0/0/0/0/0/0/0/0/0/0/0/0/0/0/0/0/0/0/0/0/0/0/0/0/0/0/0/0/0/0/0/0/0/0/0/0/0/0/0/0/0/0/0/0/0/0/0/0/0/0/0/0/0/0/0/0/0/0/0/0/0/0/0/0/0/0/0/0/0/0/0/0/0/0/0/0/0/0/0/0/0/0/0/0/0/0/0/0/0/0/0/0/0/0/0/0/0/0/0/0/0/0/0/0/0/0/0/0/0/0/0/0/0/0/0/0/0/0/0/0/0/0/0/0/0/0/0/0/0/0/0/0/0/0/0/0/0/0/0/0/0/0/0/0/0/0/0/0/0/0/0/0/0/0/0/0/0/0/0/0/0/0/0/0,,,11102,2.4172630837940628e-11,4.3367187500000016e-11,-1.7627773833984666e-06,2.6063277070378414,1170,2.5826019379272697e-12,64570,1.4426022735765812e-10,2.522265625000001e-10,1.6647073045721195e-06,4.6265672137320045e-06,4.087961078734728e-06,4.46835728695629e-06,1,1,nan,0.29210557283506955,28,94/17/16/13/12/11/7/93/17/94/6/3/12/1/16/2/4/5/8/9/10/14/15/93/18/94/16/94,17,4341.4,1.0,,,4.084528035813269e-09,,,,,,,,,,,,,,1,74283,176,625972485.3258374,273586680.09317404,2.2880225203677793,1,-248059411.254507,-252712580.382832,-240004254.629626,33033395.124289,25196639.590054,66744943.885142,-211546564.101979,98639755.375867,34735,171996199.834603,170401980.839038,448166069.894726,391325438.42266,-122359402.124722,-143223862.389691,1.0654,1.3294,0.1404,0.1943,0.0106,0.1726,1.916,0.3032,0.0085,0.6647,0.5955,0.6299,2025,6828,31690,,,
1800,0.000203693319,13850.99,2.916517695292748e-08,1.0650732421875005e-16,1.8492675781250008e-17,276,20,19,16,17/16/13/12/11/15/6/3/1/2/4/5/8/9/10/14/15/93/18,0,151,3,0.134277/0.395508/0.297119/0.379883/0.239258/0.313721/0.908691/0.323486/1.07959/1.04297/1.823/1.73926/1.62012/2.10376/0.461914/1.01416/1.33081/0.623291/0/0/0/0/0/0/0/0/0/0/0/0/0/0/0/0/0/0/0/0/0/0/0/0/0/0/0/0/0/0/0/0/0/0/0/0/0/0/0/0/0/0/0/0/0/0/0/0/0/0/0/0/0/0/0/0/0/0/0/0/0/0/0/0/0/0/0/0/0/0/0/0/0/0/1.54736/1.1145/0/0/0/0/0/0/0/0/0/0/0/0/0/0/0/0/0/0/0/0/0/0/0/0/0/0/0/0/0/0/0/0/0/0/0/0/0/0/0/0/0/0/0/0/0/0/0/0/0/0/0/0/0/0/0/0/0/0/0/0/0/0/0/0/0/0/0/0/0/0/0/0/0/0/0/0/0/0/0/0/0/0/0/0/0/0/0/0/0/0/0/0/0/0/0/0/0/0/0/0/0/0/0/0/0/0/0/0/0/0/0/0/0/0/0/0/0/0/0/0/0/0/0/0/0/0/0/0/0/0/0/0/0/0/0/0/0/0/0/0/0/0/0/0/0/0/0/0/0/0/0/0/0/0/0/0/0/0/0/0/0/0/0/0/0/0/0/0/0/0/0/0/0/0/0/0/0/0/0/0/0/0,383.482/2491.57/286.776/248.749/439.589/271.428/4759.07/248.886/4243.09/4494.07/4860.21/5108.4/5279.98/4808.64/4478.19/7464.6/5683.2/6104.53/0/0/0/0/0/0/0/0/0/0/0/0/0/0/0/0/0/0/0/0/0/0/0/0/0/0/0/0/0/0/0/0/0/0/0/0/0/0/0/0/0/0/0/0/0/0/0/0/0/0/0/0/0/0/0/0/0/0/0/0/0/0/0/0/0/0/0/0/0/0/0/0/0/0/6340.34/8220.67/0/0/0/0/0/0/0/0/0/0/0/0/0/0/0/0/0/0/0/0/0/0/0/0/0/0/0/0/0/0/0/0/0/0/0/0/0/0/0/0/0/0/0/0/0/0/0/0/0/0/0/0/0/0/0/0/0/0/0/0/0/0/0/0/0/0/0/0/0/0/0/0/0/0/0/0/0/0/0/0/0/0/0/0/0/0/0/0/0/0/0/0/0/0/0/0/0/0/0/0/0/0/0/0/0/0/0/0/0/0/0/0/0/0/0/0/0/0/0/0/0/0/0/0/0/0/0/0/0/0/0/0/0/0/0/0/0/0/0/0/0/0/0/0/0/0/0/0/0/0/0/0/0/0/0/0/0/0/0/0/0/0/0/0/0/0/0/0/0/0/0/0/0/0/0/0/0/0/0/0/0/0,1-2:0.371481/1-3:0.377165/2-4:1.32933/2-16:0.0395218/2-17:0.134259/3-6:1.43517/3-16:0.0489827/3-18:0.449164/4-5:1.49052/4-13:0.026105/4-16:0.131712/4-17:0.00477532/5-8:0.927564/5-13:0.0862764/5-16:0.00172837/6-7:1.13892/6-16:0.0182825/6-18:0.0853182/7-11:0.189565/7-12:0.107696/7-14:0.729748/7-15:0.208936/7-17:0.0268339/8-9:1.38159/8-11:0.0213296/8-12:0.183742/8-13:0.00691323/9-10:0.944437/9-11:0.114429/9-12:0.00691323/9-14:0.669439/9-15:0.737439/9-17:0.127666/10-11:1.03164/10-14:1.42372/10-15:0.00345675/11-12:1.9883/11-14:0.422478/12-13:1.53541/12-14:0.00172837/12-16:0.191522/12-17:0.438212/13-16:1.40406/14-15:0.0156451/14-17:0.6945/15-17:0.133031/16-17:1.34726,1-2:-28.483/1-3:-33.896/2-4:-24.552/2-16:-24.364/2-17:-26.701/3-6:-37.879/3-16:-37.608/3-18:-37.616/4-5:-20.556/4-13:-20.337/4-16:-21.507/4-17:-22.731/5-8:-16.61/5-13:-18.661/5-16:-19.739/6-7:-41.823/6-16:-38.368/6-18:-38.347/7-11:-71.784/7-12:-72.975/7-14:-7.7744/7-15:0.94087/7-17:-0.24677/8-9:-12.613/8-11:-12.45/8-12:-13.943/8-13:-15.472/9-10:-8.6385/9-11:-10.216/9-12:-11.257/9-14:-14.339/9-15:-36.333/9-17:-53.081/10-11:-5.8402/10-14:-3.6983/10-15:1.8528/11-12:-53.083/11-14:-19.847/12-13:-56.288/12-14:-36.494/12-16:-28.798/12-17:-18.22/13-16:-53.612/14-15:1.7196/14-17:-12.298/15-17:-17.153/16-17:-50.331,11107,2.4183910240520453e-11,4.338671875000002e-11,-1.762352694384785e-06,2.6131227312567473,1208,2.6667408277268914e-12,64952,1.4509451951611192e-10,2.537187500000001e-10,1.6641368649660908e-06,4.6265672137320045e-06,4.087961078734728e-06,4.46835728695629e-06,1,1,nan,0.3008184371876685,28,94/17/16/13/12/11/7/93/17/94/6/3/12/1/16/2/4/5/8/9/10/14/15/93/18/94/16/94,17,4340.2,1.0,,,4.098238768319724e-09,7,18/1/1/1/1/1/1,1/5/5/5/5/1/1,2,2,0.856058/0/0/0/0.143942/0/0/0/0/0/0/0,0.800949,18/1/1/1/1/1/1,7612/6317/8372/2719/2937/3996/208,8340/6257/8219/2989/2648/3646/472,6983/4596/6983/4022/3933/663/309,17/1/1/1/1/1/1,30/5/6/2/2/2/1,1,74711,179,644643862.5959407,273695335.8475584,2.3553337531297633,1,-250281455.324526,-254150294.694564,-238967152.086587,30287070.004978,23824694.264918,67787856.434483,-211601600.746819,98446929.648587,35010,170648261.386982,170690470.775874,425202592.978094,383251649.999147,-123807350.778755,-142720707.618882,1.0436,1.2995,0.1382,0.1914,0.0106,0.1734,1.8775,0.2998,0.0086,0.6602,0.5948,0.6321,2025,6819,31859,2913.9,640.8,1549.2
1820,0.000203693319,14036.55,2.916517695292748e-08,1.0640625000000005e-16,1.859375000000001e-17,276,20,19,16,17/16/13/12/11/15/6/3/1/2/4/5/8/9/10/14/15/93/18,0,151,3,0.134033/0.399414/0.298096/0.379883/0.239258/0.314209/0.911133/0.323242/1.08057/1.04761/1.83374/1.74805/1.63428/2.11597/0.463135/1.01855/1.33838/0.626221/0/0/0/0/0/0/0/0/0/0/0/0/0/0/0/0/0/0/0/0/0/0/0/0/0/0/0/0/0/0/0/0/0/0/0/0/0/0/0/0/0/0/0/0/0/0/0/0/0/0/0/0/0/0/0/0/0/0/0/0/0/0/0/0/0/0/0/0/0/0/0/0/0/0/1.56152/1.12646/0/0/0/0/0/0/0/0/0/0/0/0/0/0/0/0/0/0/0/0/0/0/0/0/0/0/0/0/0/0/0/0/0/0/0/0/0/0/0/0/0/0/0/0/0/0/0/0/0/0/0/0/0/0/0/0/0/0/0/0/0/0/0/0/0/0/0/0/0/0/0/0/0/0/0/0/0/0/0/0/0/0/0/0/0/0/0/0/0/0/0/0/0/0/0/0/0/0/0/0/0/0/0/0/0/0/0/0/0/0/0/0/0/0/0/0/0/0/0/0/0/0/0/0/0/0/0/0/0/0/0/0/0/0/0/0/0/0/0/0/0/0/0/0/0/0/0/0/0/0/0/0/0/0/0/0/0/0/0/0/0/0/0/0/0/0/0/0/0/0/0/0/0/0/0/0/0/0/0/0/0/0,383.482/2491.57/286.776/248.749/439.589/271.428/4759.07/248.886/4250.3/4494.07/4860.21/5108.4/5279.98/4836.29/4478.19/7464.6/5683.2/6104.53/0/0/0/0/0/0/0/0/0/0/0/0/0/0/0/0/0/0/0/0/0/0/0/0/0/0/0/0/0/0/0/0/0/0/0/0/0/0/0/0/0/0/0/0/0/0/0/0/0/0/0/0/0/0/0/0/0/0/0/0/0/0/0/0/0/0/0/0/0/0/0/0/0/0/6340.34/8220.67/0/0/0/0/0/0/0/0/0/0/0/0/0/0/0/0/0/0/0/0/0/0/0/0/0/0/0/0/0/0/0/0/0/0/0/0/0/0/0/0/0/0/0/0/0/0/0/0/0/0/0/0/0/0/0/0/0/0/0/0/0/0/0/0/0/0/0/0/0/0/0/0/0/0/0/0/0/0/0/0/0/0/0/0/0/0/0/0/0/0/0/0/0/0/0/0/0/0/0/0/0/0/0/0/0/0/0/0/0/0/0/0/0/0/0/0/0/0/0/0/0/0/0/0/0/0/0/0/0/0/0/0/0/0/0/0/0/0/0/0/0/0/0/0/0/0/0/0/0/0/0/0/0/0/0/0/0/0/0/0/0/0/0/0/0/0/0/0/0/0/0/0/0/0/0/0/0/0/0/0/0/0,,,11122,2.4213791562823092e-11,4.3445312500000014e-11,-1.761006339637636e-06,2.6346644072111314,1218,2.6919365336196537e-12,65374,1.4608234146309916e-10,2.553671875000001e-10,1.6639125079967486e-06,4.6265672137320045e-06,4.087961078734728e-06,4.46835728695629e-06,1,1,nan,0.2707357909836462,28,94/17/16/13/12/11/7/93/17/94/6/3/12/1/16/2/4/5/8/9/10/14/15/93/18/94/16/94,17,4338.5,1.0,,,4.111536343716467e-09,,,,,,,,,,,,,,1,75097,183,580177756.63725,272781519.4535725,2.1268953915919377,2,-250526952.244318,-255168857.011762,-238281497.79918,33205254.365913,22924734.353839,68678948.858344,-211431200.216592,98282949.208579,35284,171944004.225149,170482978.671079,414540716.620408,391429652.693682,-123237057.182046,-143440124.427032,1.0807,1.3228,0.138,0.1912,0.0107,0.1721,1.8981,0.2995,0.0086,0.6696,0.5941,0.6334,2064,6799,31995,,,
1840,0.000203693319,14143.41,2.916517695292748e-08,1.0629248046875004e-16,1.870751953125001e-17,276,20,19,16,17/16/13/12/11/15/6/3/1/2/4/5/8/9/10/14/15/93/18,0,153,3,0.134033/0.404785/0.300537/0.380127/0.239014/0.314697/0.914551/0.323242/1.08325/1.05176/1.84473/1.75708/1.64917/2.12549/0.464355/1.02197/1.34863/0.630127/0/0/0/0/0/0/0/0/0/0/0/0/0/0/0/0/0/0/0/0/0/0/0/0/0/0/0/0/0/0/0/0/0/0/0/0/0/0/0/0/0/0/0/0/0/0/0/0/0/0/0/0/0/0/0/0/0/0/0/0/0/0/0/0/0/0/0/0/0/0/0/0/0/0/1.58057/1.1394/0/0/0/0/0/0/0/0/0/0/0/0/0/0/0/0/0/0/0/0/0/0/0/0/0/0/0/0/0/0/0/0/0/0/0/0/0/0/0/0/0/0/0/0/0/0/0/0/0/0/0/0/0/0/0/0/0/0/0/0/0/0/0/0/0/0/0/0/0/0/0/0/0/0/0/0/0/0/0/0/0/0/0/0/0/0/0/0/0/0/0/0/0/0/0/0/0/0/0/0/0/0/0/0/0/0/0/0/0/0/0/0/0/0/0/0/0/0/0/0/0/0/0/0/0/0/0/0/0/0/0/0/0/0/0/0/0/0/0/0/0/0/0/0/0/0/0/0/0/0/0/0/0/0/0/0/0/0/0/0/0/0/0/0/0/0/0/0/0/0/0/0/0/0/0/0/0/0/0/0/0/0,383.482/2491.57/286.776/248.749/439.589/271.428/4759.07/248.886/4250.3/4494.07/4860.21/5108.4/5279.98/4836.29/4478.19/7464.6/5683.2/6104.53/0/0/0/0/0/0/0/0/0/0/0/0/0/0/0/0/0/0/0/0/0/0/0/0/0/0/0/0/0/0/0/0/0/0/0/0/0/0/0/0/0/0/0/0/0/0/0/0/0/0/0/0/0/0/0/0/0/0/0/0/0/0/0/0/0/0/0/0/0/0/0/0/0/0/6340.34/8220.67/0/0/0/0/0/0/0/0/0/0/0/0/0/0/0/0/0/0/0/0/0/0/0/0/0/0/0/0/0/0/0/0/0/0/0/0/0/0/0/0/0/0/0/0/0/0/0/0/0/0/0/0/0/0/0/0/0/0/0/0/0/0/0/0/0/0/0/0/0/0/0/0/0/0/0/0/0/0/0/0/0/0/0/0/0/0/0/0/0/0/0/0/0/0/0/0/0/0/0/0/0/0/0/0/0/0/0/0/0/0/0/0/0/0/0/0/0/0/0/0/0/0/0/0/0/0/0/0/0/0/0/0/0/0/0/0/0/0/0/0/0/0/0/0/0/0/0/0/0/0/0/0/0/0/0/0/0/0/0/0/0/0/0/0/0/0/0/0/0/0/0/0/0/0/0/0/0/0/0/0/0/0,,,11155,2.4278738685644954e-11,4.357421875000002e-11,-1.7582429657535473e-06,2.6788783893565515,1219,2.6963024461678305e-12,65776,1.469881261208292e-10,2.569375000000001e-10,1.6640404152577486e-06,4.6265672137320045e-06,4.087961078734728e-06,4.46835728695629e-06,1,1,nan,0.27637616760183253,28,94/17/16/13/12/11/7/93/17/94/6/3/12/1/16/2/4/5/8/9/10/14/15/93/18/94/16/94,17,4338.2,1.0,,,4.12464790234015e-09,,,,,,,,,,,,,,1,75529,186,592264895.3234172,271539613.57141286,2.1811362531369887,1,-247163457.344972,-255324454.462796,-237638537.787234,36742963.205807,21166300.515718,69881911.242512,-211664728.205193,98278591.857216,35680,170158422.689076,170308016.442398,423162823.068756,332824723.499726,-124448810.143272,-144591176.358846,1.0835,1.318,0.1361,0.1886,0.0107,0.171,1.8779,0.2971,0.0086,0.6717,0.592,0.635,2068,6764,32091,,,
1860,0.000203693319,14245.57,2.916517695292748e-08,1.0617456054687505e-16,1.882543945312501e-17,276,20,19,16,17/16/13/12/11/15/6/3/1/2/4/5/8/9/10/14/15/93/18,0,154,3,0.134277/0.406738/0.302734/0.380371/0.239014/0.31543/0.918457/0.322998/1.08423/1.05566/1.85645/1.771/1.66504/2.1377/0.466553/1.02759/1.35742/0.635498/0/0/0/0/0/0/0/0/0/0/0/0/0/0/0/0/0/0/0/0/0/0/0/0/0/0/0/0/0/0/0/0/0/0/0/0/0/0/0/0/0/0/0/0/0/0/0/0/0/0/0/0/0/0/0/0/0/0/0/0/0/0/0/0/0/0/0/0/0/0/0/0/0/0/1.59595/1.15234/0/0/0/0/0/0/0/0/0/0/0/0/0/0/0/0/0/0/0/0/0/0/0/0/0/0/0/0/0/0/0/0/0/0/0/0/0/0/0/0/0/0/0/0/0/0/0/0/0/0/0/0/0/0/0/0/0/0/0/0/0/0/0/0/0/0/0/0/0/0/0/0/0/0/0/0/0/0/0/0/0/0/0/0/0/0/0/0/0/0/0/0/0/0/0/0/0/0/0/0/0/0/0/0/0/0/0/0/0/0/0/0/0/0/0/0/0/0/0/0/0/0/0/0/0/0/0/0/0/0/0/0/0/0/0/0/0/0/0/0/0/0/0/0/0/0/0/0/0/0/0/0/0/0/0/0/0/0/0/0/0/0/0/0/0/0/0/0/0/0/0/0/0/0/0/0/0/0/0/0/0/0,383.482/2491.57/286.776/248.749/439.589/271.428/4772.96/248.886/4277.96/4494.07/4860.22/5108.4/5279.98/4842.84/4478.19/7464.6/5683.2/6104.53/0/0/0/0/0/0/0/0/0/0/0/0/0/0/0/0/0/0/0/0/0/0/0/0/0/0/0/0/0/0/0/0/0/0/0/0/0/0/0/0/0/0/0/0/0/0/0/0/0/0/0/0/0/0/0/0/0/0/0/0/0/0/0/0/0/0/0/0/0/0/0/0/0/0/6340.34/8220.67/0/0/0/0/0/0/0/0/0/0/0/0/0/0/0/0/0/0/0/0/0/0/0/0/0/0/0/0/0/0/0/0/0/0/0/0/0/0/0/0/0/0/0/0/0/0/0/0/0/0/0/0/0/0/0/0/0/0/0/0/0/0/0/0/0/0/0/0/0/0/0/0/0/0/0/0/0/0/0/0/0/0/0/0/0/0/0/0/0/0/0/0/0/0/0/0/0/0/0/0/0/0/0/0/0/0/0/0/0/0/0/0/0/0/0/0/0/0/0/0/0/0/0/0/0/0/0/0/0/0/0/0/0/0/0/0/0/0/0/0/0/0/0/0/0/0/0/0/0/0/0/0/0/0/0/0/0/0/0/0/0/0/0/0/0/0/0/0/0/0/0/0/0/0/0/0/0/0/0/0/0/0,,,11179,2.4322855503676514e-11,4.3667968750000014e-11,-1.7595107582594838e-06,2.658593709261567,1231,2.720998395223874e-12,66098,1.4771080803956038e-10,2.581953125000001e-10,1.6641512408719696e-06,4.633515291501237e-06,4.087961078734728e-06,4.46835728695629e-06,1,1,nan,0.27827432553629977,28,94/17/16/13/12/11/7/93/17/94/6/3/12/1/16/2/4/5/8/9/10/14/15/93/18/94/16/94,17,4337.3,1.0,,,4.137812377648967e-09,,,,,,,,,,,,,,1,76503,195,596332584.3724388,271289658.1942855,2.1981397608064075,1,-243252722.067325,-255507642.03847,-236971207.813193,41550529.098404,19818392.81347,70876978.237298,-211958473.002094,97931786.468036,35997,174402423.59118,169246283.712224,430286876.709981,354843727.940783,-118910654.69759,-144432438.367622,1.1106,1.3417,0.1348,0.1896,0.0109,0.1706,1.9047,0.2975,0.0086,0.6755,0.5916,0.6365,2111,6760,32221,,,
1880,0.000213877985,14363.88,2.829073777332103e-08,1.0595825195312504e-16,1.904174804687501e-17,276,20,19,16,17/16/13/12/11/15/6/3/1/2/4/5/8/9/10/14/15/93/18,0,154,3,0.134521/0.410645/0.30542/0.380615/0.239014/0.315674/0.921631/0.322998/1.08643/1.06128/1.86597/1.78394/1.67725/2.14673/0.468262/1.03394/1.36621/0.744629/0/0/0/0/0/0/0/0/0/0/0/0/0/0/0/0/0/0/0/0/0/0/0/0/0/0/0/0/0/0/0/0/0/0/0/0/0/0/0/0/0/0/0/0/0/0/0/0/0/0/0/0/0/0/0/0/0/0/0/0/0/0/0/0/0/0/0/0/0/0/0/0/0/0/1.61353/1.16309/0/0/0/0/0/0/0/0/0/0/0/0/0/0/0/0/0/0/0/0/0/0/0/0/0/0/0/0/0/0/0/0/0/0/0/0/0/0/0/0/0/0/0/0/0/0/0/0/0/0/0/0/0/0/0/0/0/0/0/0/0/0/0/0/0/0/0/0/0/0/0/0/0/0/0/0/0/0/0/0/0/0/0/0/0/0/0/0/0/0/0/0/0/0/0/0/0/0/0/0/0/0/0/0/0/0/0/0/0/0/0/0/0/0/0/0/0/0/0/0/0/0/0/0/0/0/0/0/0/0/0/0/0/0/0/0/0/0/0/0/0/0/0/0/0/0/0/0/0/0/0/0/0/0/0/0/0/0/0/0/0/0/0/0/0/0/0/0/0/0/0/0/0/0/0/0/0/0/0/0/0/0,383.482/2491.57/286.776/251.764/1261.08/271.428/4772.96/248.886/4277.96/4494.07/4860.22/5108.4/5279.98/4842.84/4478.19/7464.6/5683.2/6104.53/0/0/0/0/0/0/0/0/0/0/0/0/0/0/0/0/0/0/0/0/0/0/0/0/0/0/0/0/0/0/0/0/0/0/0/0/0/0/0/0/0/0/0/0/0/0/0/0/0/0/0/0/0/0/0/0/0/0/0/0/0/0/0/0/0/0/0/0/0/0/0/0/0/0/6340.34/8220.67/0/0/0/0/0/0/0/0/0/0/0/0/0/0/0/0/0/0/0/0/0/0/0/0/0/0/0/0/0/0/0/0/0/0/0/0/0/0/0/0/0/0/0/0/0/0/0/0/0/0/0/0/0/0/0/0/0/0/0/0/0/0/0/0/0/0/0/0/0/0/0/0/0/0/0/0/0/0/0/0/0/0/0/0/0/0/0/0/0/0/0/0/0/0/0/0/0/0/0/0/0/0/0/0/0/0/0/0/0/0/0/0/0/0/0/0/0/0/0/0/0/0/0/0/0/0/0/0/0/0/0/0/0/0/0/0/0/0/0/0/0/0/0/0/0/0/0/0/0/0/0/0/0/0/0/0/0/0/0/0/0/0/0/0/0/0/0/0/0/0/0/0/0/0/0/0/0/0/0/0/0/0,,,11216,2.4389440780726633e-11,4.3812500000000017e-11,-1.7599788592830426e-06,2.6511040928846263,1219,2.6976215358415377e-12,66956,1.496051536843837e-10,2.615468750000001e-10,1.664771346651763e-06,4.633515291501237e-06,4.087961078734728e-06,4.46835728695629e-06,1,1,nan,0.27112542835916853,28,94/17/16/13/12/11/7/93/17/94/6/3/12/1/16/2/4/5/8/9/10/14/15/93/18/94/16/94,17,4342.9,1.0,,,4.184959274225637e-09,,,,,,,,,,,,,,1,76941,197,598971274.9176859,277166284.9043426,2.1610538782680826,1,-260688323.003611,-255793325.014569,-237480894.68167,32821158.326086,28065342.892423,80509040.214682,-213380165.017863,106518976.4086,36502,179930904.373276,179474716.093928,446236170.094069,402488552.065673,-124456619.168756,-144900621.939979,0.8768,1.4716,0.1473,0.1986,0.0108,0.1779,2.0202,0.3111,0.0088,0.7077,0.5934,0.639,2350,6758,32359,,,
1900,0.000213877985,14479.81,2.829073777332103e-08,1.0584252929687505e-16,1.9157470703125008e-17,276,20,19,16,17/16/13/12/11/15/6/3/1/2/4/5/8/9/10/14/15/93/18,0,155,3,0.134521/0.414551/0.306885/0.380371/0.239014/0.316406/0.923828/0.322998/1.08838/1.06592/1.87891/1.79712/1.68799/2.16333/0.472412/1.03662/1.37256/0.750977/0/0/0/0/0/0/0/0/0/0/0/0/0/0/0/0/0/0/0/0/0/0/0/0/0/0/0/0/0/0/0/0/0/0/0/0/0/0/0/0/0/0/0/0/0/0/0/0/0/0/0/0/0/0/0/0/0/0/0/0/0/0/0/0/0/0/0/0/0/0/0/0/0/0/1.62939/1.17529/0/0/0/0/0/0/0/0/0/0/0/0/0/0/0/0/0/0/0/0/0/0/0/0/0/0/0/0/0/0/0/0/0/0/0/0/0/0/0/0/0/0/0/0/0/0/0/0/0/0/0/0/0/0/0/0/0/0/0/0/0/0/0/0/0/0/0/0/0/0/0/0/0/0/0/0/0/0/0/0/0/0/0/0/0/0/0/0/0/0/0/0/0/0/0/0/0/0/0/0/0/0/0/0/0/0/0/0/0/0/0/0/0/0/0/0/0/0/0/0/0/0/0/0/0/0/0/0/0/0/0/0/0/0/0/0/0/0/0/0/0/0/0/0/0/0/0/0/0/0/0/0/0/0/0/0/0/0/0/0/0/0/0/0/0/0/0/0/0/0/0/0/0/0/0/0/0/0/0/0/0/0,383.482/2491.57/286.776/251.764/1261.08/271.428/4772.96/248.886/4277.96/4494.07/4860.22/5108.4/5279.98/4842.84/4478.19/7464.6/5683.2/6104.53/0/0/0/0/0/0/0/0/0/0/0/0/0/0/0/0/0/0/0/0/0/0/0/0/0/0/0/0/0/0/0/0/0/0/0/0/0/0/0/0/0/0/0/0/0/0/0/0/0/0/0/0/0/0/0/0/0/0/0/0/0/0/0/0/0/0/0/0/0/0/0/0/0/0/6340.34/8220.67/0/0/0/0/0/0/0/0/0/0/0/0/0/0/0/0/0/0/0/0/0/0/0/0/0/0/0/0/0/0/0/0/0/0/0/0/0/0/0/0/0/0/0/0/0/0/0/0/0/0/0/0/0/0/0/0/0/0/0/0/0/0/0/0/0/0/0/0/0/0/0/0/0/0/0/0/0/0/0/0/0/0/0/0/0/0/0/0/0/0/0/0/0/0/0/0/0/0/0/0/0/0/0/0/0/0/0/0/0/0/0/0/0/0/0/0/0/0/0/0/0/0/0/0/0/0/0/0/0/0/0/0/0/0/0/0/0/0/0/0/0/0/0/0/0/0/0/0/0/0/0/0/0/0/0/0/0/0/0/0/0/0/0/0/0/0/0/0/0/0/0/0/0/0/0/0/0/0/0/0/0/0,1-2:0.374528/1-3:0.377165/2-4:1.32761/2-16:0.0425689/2-17:0.137306/3-6:1.43517/3-12:0.00345662/3-16:0.0489827/3-18:0.449164/4-5:1.48442/4-13:0.026105/4-16:0.131712/4-17:0.00477532/5-8:0.927564/5-13:0.0862764/5-16:0.00172837/6-7:1.1376/6-16:0.0182825/6-18:0.0853182/7-11:0.192612/7-12:0.107696/7-14:0.792877/7-15:0.210664/7-17:0.0268339/8-9:1.3755/8-11:0.0213296/8-12:0.183742/8-13:0.00691323/9-10:0.939662/9-11:0.114429/9-12:0.00691323/9-14:0.674624/9-15:0.730526/9-17:0.172283/10-11:1.04201/10-14:1.42363/10-15:0.00345675/11-12:1.99307/11-13:0.00518512/11-14:0.437214/12-13:1.53236/12-14:0.00172837/12-16:0.199755/12-17:0.484967/13-16:1.42612/14-15:0.0316998/14-17:0.700095/15-17:0.131303/16-17:1.3503/93-94:0.00172824,1-2:-28.484/1-3:-33.896/2-4:-24.552/2-16:-24.43/2-17:-26.68/3-6:-37.879/3-12:-36.179/3-16:-37.608/3-18:-37.616/4-5:-20.554/4-13:-20.337/4-16:-21.507/4-17:-22.731/5-8:-16.61/5-13:-18.661/5-16:-19.739/6-7:-41.823/6-16:-38.368/6-18:-38.347/7-11:-71.784/7-12:-72.975/7-14:-8.4177/7-15:0.97514/7-17:-0.24677/8-9:-12.613/8-11:-12.45/8-12:-13.943/8-13:-15.472/9-10:-8.6393/9-11:-10.216/9-12:-11.257/9-14:-14.54/9-15:-36.253/9-17:-55.129/10-11:-6.4479/10-14:-3.6288/10-15:1.8528/11-12:-53.031/11-13:0.95045/11-14:-20.37/12-13:-56.288/12-14:-36.494/12-16:-30.311/12-17:-18.532/13-16:-52.985/14-15:1.7166/14-17:-12.17/15-17:-17.491/16-17:-50.331/93-94:-53.771,11235,2.442096025725753e-11,4.388671875000002e-11,-1.7622908501928225e-06,2.6141122383281474,1239,2.741419161457116e-12,67412,1.5061217706817457e-10,2.633281250000001e-10,1.6656380573073462e-06,4.633515291501237e-06,4.087961078734728e-06,4.46835728695629e-06,1,1,nan,0.27149806354807887,28,94/17/16/13/12/11/7/93/17/94/6/3/12/1/16/2/4/5/8/9/10/14/15/93/18/94/16/94,17,4341.5,1.0,,,4.200455561193029e-09,7,18/2/1/1/1/1/1,1/5/5/5/1/1/1,2,2,0.853598/0/0/0/0.146402/0/0/0/0/0/0/0,0.797772,18/2/1/1/1/1/1,7612/8372/6317/2937/4045/645/257,8340/8219/6257/2710/3707/466/472,6983/6983/4640/3977/707/619/354,17/2/1/1/1/1/1,30/9/5/2/2/1/1,1,77383,210,599794501.9219975,275793635.26514745,2.1747945754634848,1,-262640180.358598,-256035479.93238,-237196686.476634,29970856.311372,26576901.338056,80953812.262519,-213541274.775598,106570114.697379,36836,179238753.420117,178679387.620989,436308897.265215,415086843.770132,-122911246.289396,-145461348.036675,0.9404,1.3955,0.1471,0.1941,0.0108,0.1803,1.9009,0.3076,0.0088,0.7105,0.5936,0.6401,2397,6757,32462,2876.3,662.9,1572.2
1920,0.000213877985,14656.8,2.829073777332103e-08,1.0572412109375005e-16,1.927587890625001e-17,276,20,19,16,17/16/13/12/11/15/6/3/1/2/4/5/8/9/10/14/15/93/18,0,155,4,0.134521/0.418701/0.308105/0.380127/0.239014/0.317139/0.927734/0.323242/1.08936/1.07104/1.88916/1.81006/1.69946/2.17798/0.474854/1.04224/1.38062/0.756836/0/0/0/0/0/0/0/0/0/0/0/0/0/0/0/0/0/0/0/0/0/0/0/0/0/0/0/0/0/0/0/0/0/0/0/0/0/0/0/0/0/0/0/0/0/0/0/0/0/0/0/0/0/0/0/0/0/0/0/0/0/0/0/0/0/0/0/0/0/0/0/0/0/0/1.6499/1.18579/0/0/0/0/0/0/0/0/0/0/0/0/0/0/0/0/0/0/0/0/0/0/0/0/0/0/0/0/0/0/0/0/0/0/0/0/0/0/0/0/0/0/0/0/0/0/0/0/0/0/0/0/0/0/0/0/0/0/0/0/0/0/0/0/0/0/0/0/0/0/0/0/0/0/0/0/0/0/0/0/0/0/0/0/0/0/0/0/0/0/0/0/0/0/0/0/0/0/0/0/0/0/0/0/0/0/0/0/0/0/0/0/0/0/0/0/0/0/0/0/0/0/0/0/0/0/0/0/0/0/0/0/0/0/0/0/0/0/0/0/0/0/0/0/0/0/0/0/0/0/0/0/0/0/0/0/0/0/0/0/0/0/0/0/0/0/0/0/0/0/0/0/0/0/0/0/0/0/0/0/0/0,383.482/2491.57/286.776/251.764/1261.08/271.428/4772.96/248.886/4277.96/4494.07/4861.65/5108.4/5279.98/4842.84/4478.19/7464.6/5683.2/6104.53/0/0/0/0/0/0/0/0/0/0/0/0/0/0/0/0/0/0/0/0/0/0/0/0/0/0/0/0/0/0/0/0/0/0/0/0/0/0/0/0/0/0/0/0/0/0/0/0/0/0/0/0/0/0/0/0/0/0/0/0/0/0/0/0/0/0/0/0/0/0/0/0/0/0/6340.34/8220.67/0/0/0/0/0/0/0/0/0/0/0/0/0/0/0/0/0/0/0/0/0/0/0/0/0/0/0/0/0/0/0/0/0/0/0/0/0/0/0/0/0/0/0/0/0/0/0/0/0/0/0/0/0/0/0/0/0/0/0/0/0/0/0/0/0/0/0/0/0/0/0/0/0/0/0/0/0/0/0/0/0/0/0/0/0/0/0/0/0/0/0/0/0/0/0/0/0/0/0/0/0/0/0/0/0/0/0/0/0/0/0/0/0/0/0/0/0/0/0/0/0/0/0/0/0/0/0/0/0/0/0/0/0/0/0/0/0/0/0/0/0/0/0/0/0/0/0/0/0/0/0/0/0/0/0/0/0/0/0/0/0/0/0/0/0/0/0/0/0/0/0/0/0/0/0/0/0/0/0/0/0/0,,,11255,2.4455526428801464e-11,4.3964843750000015e-11,-1.7645478179382052e-06,2.5780007544020247,1268,2.803409168238444e-12,67784,1.5147930093595857e-10,2.647812500000001e-10,1.666166635014281e-06,4.633516314392677e-06,4.087961078734728e-06,4.46835728695629e-06,1,1,nan,0.2718457854411176,28,94/17/16/13/12/11/7/93/17/94/6/3/12/1/16/2/4/5/8/9/10/14/15/93/18/94/16/94,17,4340.4,1.0,,,4.215957988443766e-09,,,,,,,,,,,,,,1,77831,212,600562690.3831488,277790209.67543685,2.1619289286142633,1,-260291752.403073,-256660424.170695,-236722365.815406,35554000.040591,24707829.25779,82010699.63462,-214001325.460077,106157861.585946,37117,178295365.883806,177975442.630561,438781625.63776,359742836.72816,-130281934.161574,-145593816.898283,1.0216,1.3439,0.1451,0.1949,0.0109,0.1812,1.8324,0.3057,0.0089,0.7124,0.5945,0.6421,2403,6759,32657,,,
1940,0.000213877985,14769.88,2.829073777332103e-08,1.0562182617187504e-16,1.9378173828125008e-17,276,20,19,16,17/16/13/12/11/15/6/3/1/2/4/5/8/9/10/14/15/93/18,0,155,4,0.134521/0.422119/0.310059/0.380371/0.238525/0.318115/0.929443/0.323242/1.08984/1.07544/1.9021/1.82104/1.71069/2.18945/0.477295/1.04517/1.38867/0.760986/0/0/0/0/0/0/0/0/0/0/0/0/0/0/0/0/0/0/0/0/0/0/0/0/0/0/0/0/0/0/0/0/0/0/0/0/0/0/0/0/0/0/0/0/0/0/0/0/0/0/0/0/0/0/0/0/0/0/0/0/0/0/0/0/0/0/0/0/0/0/0/0/0/0/1.6665/1.19458/0/0/0/0/0/0/0/0/0/0/0/0/0/0/0/0/0/0/0/0/0/0/0/0/0/0/0/0/0/0/0/0/0/0/0/0/0/0/0/0/0/0/0/0/0/0/0/0/0/0/0/0/0/0/0/0/0/0/0/0/0/0/0/0/0/0/0/0/0/0/0/0/0/0/0/0/0/0/0/0/0/0/0/0/0/0/0/0/0/0/0/0/0/0/0/0/0/0/0/0/0/0/0/0/0/0/0/0/0/0/0/0/0/0/0/0/0/0/0/0/0/0/0/0/0/0/0/0/0/0/0/0/0/0/0/0/0/0/0/0/0/0/0/0/0/0/0/0/0/0/0/0/0/0/0/0/0/0/0/0/0/0/0/0/0/0/0/0/0/0/0/0/0/0/0/0/0/0/0/0/0/0,383.482/2491.57/717.464/251.764/1261.08/271.428/4772.96/248.886/4277.96/4494.07/4861.65/5125.16/5279.98/4858.8/4478.19/7464.6/5683.2/6132.19/0/0/0/0/0/0/0/0/0/0/0/0/0/0/0/0/0/0/0/0/0/0/0/0/0/0/0/0/0/0/0/0/0/0/0/0/0/0/0/0/0/0/0/0/0/0/0/0/0/0/0/0/0/0/0/0/0/0/0/0/0/0/0/0/0/0/0/0/0/0/0/0/0/0/6340.34/8220.67/0/0/0/0/0/0/0/0/0/0/0/0/0/0/0/0/0/0/0/0/0/0/0/0/0/0/0/0/0/0/0/0/0/0/0/0/0/0/0/0/0/0/0/0/0/0/0/0/0/0/0/0/0/0/0/0/0/0/0/0/0/0/0/0/0/0/0/0/0/0/0/0/0/0/0/0/0/0/0/0/0/0/0/0/0/0/0/0/0/0/0/0/0/0/0/0/0/0/0/0/0/0/0/0/0/0/0/0/0/0/0/0/0/0/0/0/0/0/0/0/0/0/0/0/0/0/0/0/0/0/0/0/0/0/0/0/0/0/0/0/0/0/0/0/0/0/0/0/0/0/0/0/0/0/0/0/0/0/0/0/0/0/0/0/0/0/0/0/0/0/0/0/0/0/0/0/0/0/0/0/0/0,,,11268,2.4483269584316267e-11,4.4015625000000014e-11,-1.765091458820316e-06,2.5693025002882512,1290,2.8612139547537645e-12,68152,1.5233687543586928e-10,2.662187500000001e-10,1.6670908208836265e-06,4.633516314392677e-06,4.087961078734728e-06,4.46835728695629e-06,1,1,nan,0.2722519324342659,28,94/17/16/13/12/11/7/93/17/94/6/3/12/1/16/2/4/5/8/9/10/14/15/93/18/94/16/94,17,4339.5,1.0,,,4.231554357917477e-09,,,,,,,,,,,,,,1,78236,213,601459951.7863387,277697701.8248733,2.1658801921437654,1,-254850996.364408,-257180028.515923,-236224573.956829,39240718.198399,23623939.860213,82538907.105402,-214566321.880266,105415046.394318,37374,184177623.517875,177719661.783721,435699804.727478,428842613.775869,-122831637.235093,-146296000.023076,1.1247,1.3713,0.1411,0.195,0.011,0.1795,1.8793,0.3036,0.0089,0.7144,0.5941,0.6434,2416,6758,32800,,,
1960,0.000213877985,14870.22,2.829073777332103e-08,1.0550976562500004e-16,1.9490234375000007e-17,276,20,19,16,17/16/13/12/11/15/6/3/1/2/4/5/8/9/10/14/15/93/18,0,155,4,0.134521/0.425537/0.312012/0.380371/0.238525/0.319092/0.933594/0.323242/1.09058/1.08008/1.91309/1.83203/1.72852/2.20068/0.477783/1.04712/1.39795/0.764404/0/0/0/0/0/0/0/0/0/0/0/0/0/0/0/0/0/0/0/0/0/0/0/0/0/0/0/0/0/0/0/0/0/0/0/0/0/0/0/0/0/0/0/0/0/0/0/0/0/0/0/0/0/0/0/0/0/0/0/0/0/0/0/0/0/0/0/0/0/0/0/0/0/0/1.68433/1.20679/0/0/0/0/0/0/0/0/0/0/0/0/0/0/0/0/0/0/0/0/0/0/0/0/0/0/0/0/0/0/0/0/0/0/0/0/0/0/0/0/0/0/0/0/0/0/0/0/0/0/0/0/0/0/0/0/0/0/0/0/0/0/0/0/0/0/0/0/0/0/0/0/0/0/0/0/0/0/0/0/0/0/0/0/0/0/0/0/0/0/0/0/0/0/0/0/0/0/0/0/0/0/0/0/0/0/0/0/0/0/0/0/0/0/0/0/0/0/0/0/0/0/0/0/0/0/0/0/0/0/0/0/0/0/0/0/0/0/0/0/0/0/0/0/0/0/0/0/0/0/0/0/0/0/0/0/0/0/0/0/0/0/0/0/0/0/0/0/0/0/0/0/0/0/0/0/0/0/0/0/0/0,383.482/2491.57/717.464/251.764/1261.08/271.428/4772.96/248.886/4277.95/4494.07/4861.65/5125.16/5279.98/4858.8/4478.19/7464.6/5683.2/6159.84/0/0/0/0/0/0/0/0/0/0/0/0/0/0/0/0/0/0/0/0/0/0/0/0/0/0/0/0/0/0/0/0/0/0/0/0/0/0/0/0/0/0/0/0/0/0/0/0/0/0/0/0/0/0/0/0/0/0/0/0/0/0/0/0/0/0/0/0/0/0/0/0/0/0/6340.34/8220.67/0/0/0/0/0/0/0/0/0/0/0/0/0/0/0/0/0/0/0/0/0/0/0/0/0/0/0/0/0/0/0/0/0/0/0/0/0/0/0/0/0/0/0/0/0/0/0/0/0/0/0/0/0/0/0/0/0/0/0/0/0/0/0/0/0/0/0/0/0/0/0/0/0/0/0/0/0/0/0/0/0/0/0/0/0/0/0/0/0/0/0/0/0/0/0/0/0/0/0/0/0/0/0/0/0/0/0/0/0/0/0/0/0/0/0/0/0/0/0/0/0/0/0/0/0/0/0/0/0/0/0/0/0/0/0/0/0/0/0/0/0/0/0/0/0/0/0/0/0/0/0/0/0/0/0/0/0/0/0/0/0/0/0/0/0/0/0/0/0/0/0/0/0/0/0/0/0/0/0/0/0/0,,,11296,2.454089393427228e-11,4.4125000000000016e-11,-1.7645678320918628e-06,2.577680527943502,1297,2.8772686805773997e-12,68524,1.5320927003644523e-10,2.676718750000001e-10,1.6663697147304197e-06,4.633516314392677e-06,4.087961078734728e-06,4.46835728695629e-06,1,1,nan,0.2725408618726177,28,94/17/16/13/12/11/7/93/17/94/6/3/12/1/16/2/4/5/8/9/10/14/15/93/18/94/16/94,17,4338.7,1.0,,,4.246826801423405e-09,,,,,,,,,,,,,,1,78715,211,602098255.7443931,276895689.7336828,2.174458751320719,1,-254808044.773417,-257252758.78727,-235425335.727477,39403839.856742,23892240.376939,83661121.653267,-214778842.446611,105449476.034281,37661,180182723.261797,176908413.235222,434222818.413704,434889465.308387,-125395896.120313,-146375688.015719,1.1182,1.3464,0.1435,0.1955,0.011,0.1817,1.8368,0.3045,0.0089,0.7101,0.5947,0.6451,2411,6787,32949,,,
1980,0.000224062651,14992.05,2.74672076250056e-08,1.0539501953125004e-16,1.960498046875001e-17,276,20,19,16,17/16/13/12/11/15/6/3/1/2/4/5/8/9/10/14/15/93/18,0,155,4,0.134521/0.427734/0.314697/0.380371/0.238525/0.319336/0.936523/0.323242/1.09155/1.08472/1.92773/1.84424/1.74023/2.21387/0.478516/1.0498/1.40894/0.767822/0/0/0/0/0/0/0/0/0/0/0/0/0/0/0/0/0/0/0/0/0/0/0/0/0/0/0/0/0/0/0/0/0/0/0/0/0/0/0/0/0/0/0/0/0/0/0/0/0/0/0/0/0/0/0/0/0/0/0/0/0/0/0/0/0/0/0/0/0/0/0/0/0/0/1.70361/1.21899/0/0/0/0/0/0/0/0/0/0/0/0/0/0/0/0/0/0/0/0/0/0/0/0/0/0/0/0/0/0/0/0/0/0/0/0/0/0/0/0/0/0/0/0/0/0/0/0/0/0/0/0/0/0/0/0/0/0/0/0/0/0/0/0/0/0/0/0/0/0/0/0/0/0/0/0/0/0/0/0/0/0/0/0/0/0/0/0/0/0/0/0/0/0/0/0/0/0/0/0/0/0/0/0/0/0/0/0/0/0/0/0/0/0/0/0/0/0/0/0/0/0/0/0/0/0/0/0/0/0/0/0/0/0/0/0/0/0/0/0/0/0/0/0/0/0/0/0/0/0/0/0/0/0/0/0/0/0/0/0/0/0/0/0/0/0/0/0/0/0/0/0/0/0/0/0/0/0/0/0/0/0,383.482/2491.57/724.017/251.764/1261.08/271.428/4772.96/248.886/4277.95/4494.07/4861.65/5125.16/5285.08/4858.8/4478.19/7466.04/5683.2/6159.84/0/0/0/0/0/0/0/0/0/0/0/0/0/0/0/0/0/0/0/0/0/0/0/0/0/0/0/0/0/0/0/0/0/0/0/0/0/0/0/0/0/0/0/0/0/0/0/0/0/0/0/0/0/0/0/0/0/0/0/0/0/0/0/0/0/0/0/0/0/0/0/0/0/0/6340.34/8220.67/0/0/0/0/0/0/0/0/0/0/0/0/0/0/0/0/0/0/0/0/0/0/0/0/0/0/0/0/0/0/0/0/0/0/0/0/0/0/0/0/0/0/0/0/0/0/0/0/0/0/0/0/0/0/0/0/0/0/0/0/0/0/0/0/0/0/0/0/0/0/0/0/0/0/0/0/0/0/0/0/0/0/0/0/0/0/0/0/0/0/0/0/0/0/0/0/0/0/0/0/0/0/0/0/0/0/0/0/0/0/0/0/0/0/0/0/0/0/0/0/0/0/0/0/0/0/0/0/0/0/0/0/0/0/0/0/0/0/0/0/0/0/0/0/0/0/0/0/0/0/0/0/0/0/0/0/0/0/0/0/0/0/0/0/0/0/0/0/0/0/0/0/0/0/0/0/0/0/0/0/0/0,,,11320,2.4588967765602096e-11,4.421875000000002e-11,-1.7628543466930297e-06,2.6050962943248317,1315,2.9176095611771535e-12,68938,1.5414106666423066e-10,2.692890625000001e-10,1.6663983564435456e-06,4.633516314392677e-06,4.087961078734728e-06,4.46835728695629e-06,1,1,nan,0.2647205687579576,28,94/17/16/13/12/11/7/93/17/94/6/3/12/1/16/2/4/5/8/9/10/14/15/93/18/94/16/94,17,4338.0,1.0,,,4.262880215631165e-09,,,,,,,,,,,,,,1,79174,215,602355935.603373,285930514.10281605,2.1066514621338226,1,-256672694.516457,-257470293.838873,-234588275.940978,47881191.052228,33571795.642652,94772483.969924,-215199401.944576,114976200.288631,37912,191525850.881413,187271126.197268,441684570.123891,417201542.526567,-125535144.882438,-146078048.180609,1.2012,1.3901,0.1557,0.2031,0.0108,0.1864,1.9032,0.3172,0.0092,0.7091,0.5962,0.6481,2444,6793,33119,,,
2000,0.000224062651,15103.87,2.74672076250056e-08,1.0526855468750005e-16,1.973144531250001e-17,276,20,19,16,17/16/13/12/11/15/6/3/1/2/4/5/8/9/10/14/15/93/18,0,155,4,0.134766/0.431396/0.317383/0.380127/0.237793/0.319824/0.939209/0.323242/1.09326/1.09131/1.93896/1.85718/1.75195/2.22705/0.481934/1.05591/1.41919/0.776367/0/0/0/0/0/0/0/0/0/0/0/0/0/0/0/0/0/0/0/0/0/0/0/0/0/0/0/0/0/0/0/0/0/0/0/0/0/0/0/0/0/0/0/0/0/0/0/0/0/0/0/0/0/0/0/0/0/0/0/0/0/0/0/0/0/0/0/0/0/0/0/0/0/0/1.72412/1.23047/0/0/0/0/0/0/0/0/0/0/0/0/0/0/0/0/0/0/0/0/0/0/0/0/0/0/0/0/0/0/0/0/0/0/0/0/0/0/0/0/0/0/0/0/0/0/0/0/0/0/0/0/0/0/0/0/0/0/0/0/0/0/0/0/0/0/0/0/0/0/0/0/0/0/0/0/0/0/0/0/0/0/0/0/0/0/0/0/0/0/0/0/0/0/0/0/0/0/0/0/0/0/0/0/0/0/0/0/0/0/0/0/0/0/0/0/0/0/0/0/0/0/0/0/0/0/0/0/0/0/0/0/0/0/0/0/0/0/0/0/0/0/0/0/0/0/0/0/0/0/0/0/0/0/0/0/0/0/0/0/0/0/0/0/0/0/0/0/0/0/0/0/0/0/0/0/0/0/0/0/0/0,383.482/2520.67/724.017/251.764/1261.08/271.428/4772.96/248.886/4277.95/4494.07/4861.65/5125.16/5285.08/4858.8/4478.19/7466.04/5683.2/6159.84/0/0/0/0/0/0/0/0/0/0/0/0/0/0/0/0/0/0/0/0/0/0/0/0/0/0/0/0/0/0/0/0/0/0/0/0/0/0/0/0/0/0/0/0/0/0/0/0/0/0/0/0/0/0/0/0/0/0/0/0/0/0/0/0/0/0/0/0/0/0/0/0/0/0/6340.34/8220.67/0/0/0/0/0/0/0/0/0/0/0/0/0/0/0/0/0/0/0/0/0/0/0/0/0/0/0/0/0/0/0/0/0/0/0/0/0/0/0/0/0/0/0/0/0/0/0/0/0/0/0/0/0/0/0/0/0/0/0/0/0/0/0/0/0/0/0/0/0/0/0/0/0/0/0/0/0/0/0/0/0/0/0/0/0/0/0/0/0/0/0/0/0/0/0/0/0/0/0/0/0/0/0/0/0/0/0/0/0/0/0/0/0/0/0/0/0/0/0/0/0/0/0/0/0/0/0/0/0/0/0/0/0/0/0/0/0/0/0/0/0/0/0/0/0/0/0/0/0/0/0/0/0/0/0/0/0/0/0/0/0/0/0/0/0/0/0/0/0/0/0/0/0/0/0/0/0/0/0/0/0/0,1-2:0.374528/1-3:0.377165/2-4:1.32456/2-16:0.0425689/2-17:0.147676/3-6:1.43385/3-12:0.00345662/3-16:0.0489827/3-18:0.436157/4-5:1.47355/4-13:0.026105/4-16:0.131712/4-17:0.00477532/5-8:0.925835/5-13:0.0862764/5-16:0.00172837/5-17:0.00172824/6-7:1.13455/6-16:0.0182825/6-18:0.0853182/7-11:0.194341/7-12:0.107696/7-14:0.814115/7-15:0.197657/7-17:0.0268339/8-9:1.36941/8-11:0.0213296/8-12:0.183742/8-13:0.00691323/9-10:0.933568/9-11:0.114429/9-12:0.00691323/9-14:0.682856/9-15:0.726659/9-17:0.211715/10-11:1.05197/10-14:1.43746/10-15:0.00996057/11-12:1.9883/11-13:0.0134169/11-14:0.456725/12-13:1.53104/12-14:0.00345675/12-16:0.243962/12-17:0.556507/13-16:1.41698/14-15:0.0582145/14-17:0.739936/15-17:0.131303/16-17:1.34858/93-94:0.00172824,1-2:-28.484/1-3:-33.896/2-4:-24.552/2-16:-24.43/2-17:-26.783/3-6:-37.879/3-12:-36.179/3-16:-37.608/3-18:-37.615/4-5:-20.552/4-13:-20.337/4-16:-21.507/4-17:-22.731/5-8:-16.611/5-13:-18.661/5-16:-19.739/5-17:-33.313/6-7:-41.822/6-16:-38.368/6-18:-38.347/7-11:-71.784/7-12:-72.975/7-14:-8.9176/7-15:0.91167/7-17:-0.24677/8-9:-12.613/8-11:-12.45/8-12:-13.943/8-13:-15.472/9-10:-8.6393/9-11:-10.216/9-12:-11.257/9-14:-15.027/9-15:-36.246/9-17:-55.913/10-11:-6.6101/10-14:-3.5582/10-15:1.6316/11-12:-53.032/11-13:0.39328/11-14:-21.018/12-13:-56.35/12-14:-36.884/12-16:-31.727/12-17:-19.752/13-16:-52.864/14-15:1.4722/14-17:-12.448/15-17:-17.491/16-17:-50.527/93-94:-53.771,11358,2.4666511974201762e-11,4.436718750000002e-11,-1.7628943847387043e-06,2.6044556855940395,1345,2.978690528287559e-12,69386,1.551289946366721e-10,2.710390625000001e-10,1.6654601638001744e-06,4.633516314392677e-06,4.087961078734728e-06,4.46835728695629e-06,1,1,nan,0.2643251826721169,28,94/17/16/13/12/11/7/93/17/94/6/3/12/1/16/2/4/5/8/9/10/14/15/93/18/94/16/94,17,4336.8,1.0,,,4.2807399361885134e-09,9,18/2/1/1/1/1/1/1/1,1/5/5/5/1/1/1/1/1,2,2,0.85026/0/0/0/0.14974/0/0/0/0/0/0/0,0.793477,18/2/1/1/1/1/1/1/1,7612/8372/6317/2937/4100/645/263/319/375,8340/8219/6257/2710/3738/450/548/472/288,6983/6983/4640/4022/707/619/354/486/221,17/2/1/1/1/1/1/1/1,30/9/5/2/2/1/1/1/1,1,79652,219,601456258.0423186,285246964.4302498,2.1085456921291446,1,-254376419.778625,-257239775.122031,-234334680.604988,48685951.941457,34326825.026597,94702946.437896,-215692811.534965,114685807.879529,38248,192033786.10832,188034504.481684,425082301.292744,446405840.53219,-125594710.088056,-145120100.703586,1.2218,1.3972,0.1557,0.2046,0.0108,0.1845,1.9063,0.3176,0.0092,0.7129,0.5996,0.649,2504,6814,33229,2945.7,662.9,1583.7
2020,0.000224062651,15278.87,2.74672076250056e-08,1.0514746093750004e-16,1.985253906250001e-17,276,20,19,16,17/16/13/12/11/15/6/3/1/2/4/5/8/9/10/14/15/93/18,0,156,4,0.135254/0.433838/0.320801/0.380615/0.238037/0.320557/0.943359/0.322998/1.09521/1.09595/1.95337/1.86914/1.76245/2.23779/0.48584/1.05981/1.4292/0.783203/0/0/0/0/0/0/0/0/0/0/0/0/0/0/0/0/0/0/0/0/0/0/0/0/0/0/0/0/0/0/0/0/0/0/0/0/0/0/0/0/0/0/0/0/0/0/0/0/0/0/0/0/0/0/0/0/0/0/0/0/0/0/0/0/0/0/0/0/0/0/0/0/0/0/1.74512/1.23999/0/0/0/0/0/0/0/0/0/0/0/0/0/0/0/0/0/0/0/0/0/0/0/0/0/0/0/0/0/0/0/0/0/0/0/0/0/0/0/0/0/0/0/0/0/0/0/0/0/0/0/0/0/0/0/0/0/0/0/0/0/0/0/0/0/0/0/0/0/0/0/0/0/0/0/0/0/0/0/0/0/0/0/0/0/0/0/0/0/0/0/0/0/0/0/0/0/0/0/0/0/0/0/0/0/0/0/0/0/0/0/0/0/0/0/0/0/0/0/0/0/0/0/0/0/0/0/0/0/0/0/0/0/0/0/0/0/0/0/0/0/0/0/0/0/0/0/0/0/0/0/0/0/0/0/0/0/0/0/0/0/0/0/0/0/0/0/0/0/0/0/0/0/0/0/0/0/0/0/0/0/0,383.482/2520.67/724.017/251.764/1322.93/271.428/4772.96/248.886/4277.95/4571.27/4861.65/5125.16/5285.08/4858.8/4478.19/7466.04/5683.2/6159.84/0/0/0/0/0/0/0/0/0/0/0/0/0/0/0/0/0/0/0/0/0/0/0/0/0/0/0/0/0/0/0/0/0/0/0/0/0/0/0/0/0/0/0/0/0/0/0/0/0/0/0/0/0/0/0/0/0/0/0/0/0/0/0/0/0/0/0/0/0/0/0/0/0/0/6340.34/8220.67/0/0/0/0/0/0/0/0/0/0/0/0/0/0/0/0/0/0/0/0/0/0/0/0/0/0/0/0/0/0/0/0/0/0/0/0/0/0/0/0/0/0/0/0/0/0/0/0/0/0/0/0/0/0/0/0/0/0/0/0/0/0/0/0/0/0/0/0/0/0/0/0/0/0/0/0/0/0/0/0/0/0/0/0/0/0/0/0/0/0/0/0/0/0/0/0/0/0/0/0/0/0/0/0/0/0/0/0/0/0/0/0/0/0/0/0/0/0/0/0/0/0/0/0/0/0/0/0/0/0/0/0/0/0/0/0/0/0/0/0/0/0/0/0/0/0/0/0/0/0/0/0/0/0/0/0/0/0/0/0/0/0/0/0/0/0/0/0/0/0/0/0/0/0/0/0/0/0/0/0/0/0,,,11384,2.4718041655517397e-11,4.446875000000002e-11,-1.7595192945180862e-06,2.6584571291239287,1336,2.9604982749832383e-12,69794,1.560688854718905e-10,2.726328125000001e-10,1.6668589448371583e-06,4.672114361199369e-06,4.087961078734728e-06,4.46835728695629e-06,1,1,nan,0.26414740300255585,28,94/17/16/13/12/11/7/93/17/94/6/3/12/1/16/2/4/5/8/9/10/14/15/93/18/94/16/94,17,4335.9,1.0,,,4.297993292213728e-09,,,,,,,,,,,,,,1,80126,223,601051730.9604521,286090089.7915457,2.1009176913412047,1,-254852299.643443,-258246235.098393,-234261747.865842,48290218.029196,32602735.797036,95190349.483104,-215682973.478907,114706963.487927,38605,191452079.128176,186990639.014049,428772821.663366,385105262.181905,-126417878.037277,-145854292.62938,1.2177,1.3835,0.1554,0.2002,0.0108,0.1857,1.8835,0.3139,0.0092,0.7163,0.5964,0.6506,2527,6801,33358,,,
2040,0.000224062651,15391.71,2.74672076250056e-08,1.0502514648437505e-16,1.9974853515625008e-17,276,20,19,16,17/16/13/12/11/15/6/3/1/2/4/5/8/9/10/14/15/93/18,0,158,5,0.135254/0.438965/0.32373/0.380615/0.237549/0.321045/0.946533/0.322998/1.09668/1.09937/1.96826/1.88062/1.77612/2.24951/0.489258/1.06396/1.43896/0.789795/0/0/0/0/0/0/0/0/0/0/0/0/0/0/0/0/0/0/0/0/0/0/0/0/0/0/0/0/0/0/0/0/0/0/0/0/0/0/0/0/0/0/0/0/0/0/0/0/0/0/0/0/0/0/0/0/0/0/0/0/0/0/0/0/0/0/0/0/0/0/0/0/0/0/1.76489/1.25073/0/0/0/0/0/0/0/0/0/0/0/0/0/0/0/0/0/0/0/0/0/0/0/0/0/0/0/0/0/0/0/0/0/0/0/0/0/0/0/0/0/0/0/0/0/0/0/0/0/0/0/0/0/0/0/0/0/0/0/0/0/0/0/0/0/0/0/0/0/0/0/0/0/0/0/0/0/0/0/0/0/0/0/0/0/0/0/0/0/0/0/0/0/0/0/0/0/0/0/0/0/0/0/0/0/0/0/0/0/0/0/0/0/0/0/0/0/0/0/0/0/0/0/0/0/0/0/0/0/0/0/0/0/0/0/0/0/0/0/0/0/0/0/0/0/0/0/0/0/0/0/0/0/0/0/0/0/0/0/0/0/0/0/0/0/0/0/0/0/0/0/0/0/0/0/0/0/0/0/0/0/0,383.482/2520.67/724.017/251.764/1322.93/246.779/4772.96/248.886/4277.95/4571.27/4861.65/5125.16/5285.08/4891.59/4478.19/7466.04/5683.98/6159.84/0/0/0/0/0/0/0/0/0/0/0/0/0/0/0/0/0/0/0/0/0/0/0/0/0/0/0/0/0/0/0/0/0/0/0/0/0/0/0/0/0/0/0/0/0/0/0/0/0/0/0/0/0/0/0/0/0/0/0/0/0/0/0/0/0/0/0/0/0/0/0/0/0/0/6340.34/8220.67/0/0/0/0/0/0/0/0/0/0/0/0/0/0/0/0/0/0/0/0/0/0/0/0/0/0/0/0/0/0/0/0/0/0/0/0/0/0/0/0/0/0/0/0/0/0/0/0/0/0/0/0/0/0/0/0/0/0/0/0/0/0/0/0/0/0/0/0/0/0/0/0/0/0/0/0/0/0/0/0/0/0/0/0/0/0/0/0/0/0/0/0/0/0/0/0/0/0/0/0/0/0/0/0/0/0/0/0/0/0/0/0/0/0/0/0/0/0/0/0/0/0/0/0/0/0/0/0/0/0/0/0/0/0/0/0/0/0/0/0/0/0/0/0/0/0/0/0/0/0/0/0/0/0/0/0/0/0/0/0/0/0/0/0/0/0/0/0/0/0/0/0/0/0/0/0/0/0/0/0/0/0,,,11414,2.4767253244931604e-11,4.4585937500000015e-11,-1.7593422735127816e-06,2.6612894652088013,1341,2.9691403932456565e-12,70188,1.5695293295880358e-10,2.7417187500000013e-10,1.665963706458821e-06,4.672114361199369e-06,4.1763494263830474e-06,4.46835728695629e-06,1,1,nan,0.26452618919738663,28,94/17/16/13/12/11/7/93/17/94/6/3/12/1/16/2/4/5/8/9/10/14/15/93/18/94/16/94,17,4335.6,1.0,,,4.3151073526042355e-09,,,,,,,,,,,,,,1,80604,229,601913636.4551835,285455279.8940153,2.108609224809798,1,-254360117.07479,-258291434.716529,-233632616.328351,49612328.358417,31657385.12856,96221727.265802,-215953318.224242,114413665.596926,38914,189896352.267149,188327586.870116,431314688.534903,384984132.130771,-124644550.56747,-145855607.79231,1.1922,1.3542,0.1508,0.2029,0.0111,0.1877,1.8525,0.3142,0.0092,0.7121,0.6004,0.6527,2536,6817,33520,,,
2060,0.000224062651,15495.3,2.74672076250056e-08,1.0490258789062505e-16,2.009741210937501e-17,276,20,19,16,17/16/13/12/11/15/6/3/1/2/4/5/8/9/10/14/15/93/18,0,158,5,0.13501/0.442627/0.32666/0.380615/0.237305/0.321533/0.949951/0.322998/1.09863/1.10498/1.97974/1.8894/1.79053/2.26538/0.492432/1.06665/1.44897/0.796143/0/0/0/0/0/0/0/0/0/0/0/0/0/0/0/0/0/0/0/0/0/0/0/0/0/0/0/0/0/0/0/0/0/0/0/0/0/0/0/0/0/0/0/0/0/0/0/0/0/0/0/0/0/0/0/0/0/0/0/0/0/0/0/0/0/0/0/0/0/0/0/0/0/0/1.7832/1.26465/0/0/0/0/0/0/0/0/0/0/0/0/0/0/0/0/0/0/0/0/0/0/0/0/0/0/0/0/0/0/0/0/0/0/0/0/0/0/0/0/0/0/0/0/0/0/0/0/0/0/0/0/0/0/0/0/0/0/0/0/0/0/0/0/0/0/0/0/0/0/0/0/0/0/0/0/0/0/0/0/0/0/0/0/0/0/0/0/0/0/0/0/0/0/0/0/0/0/0/0/0/0/0/0/0/0/0/0/0/0/0/0/0/0/0/0/0/0/0/0/0/0/0/0/0/0/0/0/0/0/0/0/0/0/0/0/0/0/0/0/0/0/0/0/0/0/0/0/0/0/0/0/0/0/0/0/0/0/0/0/0/0/0/0/0/0/0/0/0/0/0/0/0/0/0/0/0/0/0/0/0/0,383.482/2520.67/724.017/251.764/1322.93/246.779/4772.96/248.886/4277.95/4571.27/4861.65/5136.05/5285.08/4891.59/4478.19/7466.04/5683.98/6159.84/0/0/0/0/0/0/0/0/0/0/0/0/0/0/0/0/0/0/0/0/0/0/0/0/0/0/0/0/0/0/0/0/0/0/0/0/0/0/0/0/0/0/0/0/0/0/0/0/0/0/0/0/0/0/0/0/0/0/0/0/0/0/0/0/0/0/0/0/0/0/0/0/0/0/6340.34/8220.67/0/0/0/0/0/0/0/0/0/0/0/0/0/0/0/0/0/0/0/0/0/0/0/0/0/0/0/0/0/0/0/0/0/0/0/0/0/0/0/0/0/0/0/0/0/0/0/0/0/0/0/0/0/0/0/0/0/0/0/0/0/0/0/0/0/0/0/0/0/0/0/0/0/0/0/0/0/0/0/0/0/0/0/0/0/0/0/0/0/0/0/0/0/0/0/0/0/0/0/0/0/0/0/0/0/0/0/0/0/0/0/0/0/0/0/0/0/0/0/0/0/0/0/0/0/0/0/0/0/0/0/0/0/0/0/0/0/0/0/0/0/0/0/0/0/0/0/0/0/0/0/0/0/0/0/0/0/0/0/0/0/0/0/0/0/0/0/0/0/0/0/0/0/0/0/0/0/0/0/0/0/0,,,11457,2.4849483325664005e-11,4.475390625000002e-11,-1.7587143480644994e-06,2.671336272381317,1352,2.9947455098340536e-12,70554,1.577542970999417e-10,2.756015625000001e-10,1.6657068171436319e-06,4.672114361199369e-06,4.1763494263830474e-06,4.46835728695629e-06,1,1,nan,0.26385642089336026,28,94/17/16/13/12/11/7/93/17/94/6/3/12/1/16/2/4/5/8/9/10/14/15/93/18/94/16/94,17,4335.3,1.0,,,4.3320131074267745e-09,,,,,,,,,,,,,,1,81093,236,600389618.4489434,284346692.30401194,2.111470379993136,1,-254498147.69583,-257884488.694337,-233244439.113192,51549244.257807,32204432.291094,96606626.579305,-216168414.045069,114046967.954622,39265,188977478.014873,187987166.999305,431922918.562692,366202198.333436,-126764472.058337,-145993756.775853,1.2032,1.3646,0.1518,0.2021,0.0111,0.1873,1.8614,0.3136,0.0092,0.7136,0.603,0.6538,2563,6832,33639,,,
2080,0.000234246553,15594.85,2.6690323071058325e-08,1.0477368164062505e-16,2.022631835937501e-17,276,20,19,16,17/16/13/12/11/15/6/3/1/2/4/5/8/9/10/14/15/93/18,0,159,4,0.13501/0.445313/0.328125/0.380615/0.237549/0.321533/0.954834/0.322998/1.1001/1.11084/1.99341/1.90381/1.8064/2.27637/0.496338/1.07031/1.45874/0.804932/0/0/0/0/0/0/0/0/0/0/0/0/0/0/0/0/0/0/0/0/0/0/0/0/0/0/0/0/0/0/0/0/0/0/0/0/0/0/0/0/0/0/0/0/0/0/0/0/0/0/0/0/0/0/0/0/0/0/0/0/0/0/0/0/0/0/0/0/0/0/0/0/0/0/1.80249/1.27661/0/0/0/0/0/0/0/0/0/0/0/0/0/0/0/0/0/0/0/0/0/0/0/0/0/0/0/0/0/0/0/0/0/0/0/0/0/0/0/0/0/0/0/0/0/0/0/0/0/0/0/0/0/0/0/0/0/0/0/0/0/0/0/0/0/0/0/0/0/0/0/0/0/0/0/0/0/0/0/0/0/0/0/0/0/0/0/0/0/0/0/0/0/0/0/0/0/0/0/0/0/0/0/0/0/0/0/0/0/0/0/0/0/0/0/0/0/0/0/0/0/0/0/0/0/0/0/0/0/0/0/0/0/0/0/0/0/0/0/0/0/0/0/0/0/0/0/0/0/0/0/0/0/0/0/0/0/0/0/0/0/0/0/0/0/0/0/0/0/0/0/0/0/0/0/0/0/0/0/0/0/0,383.482/2520.67/724.017/251.764/1322.93/246.779/4771.52/248.886/4277.95/4571.27/4861.65/5136.05/5285.08/4891.59/4478.19/7466.04/5683.98/6159.84/0/0/0/0/0/0/0/0/0/0/0/0/0/0/0/0/0/0/0/0/0/0/0/0/0/0/0/0/0/0/0/0/0/0/0/0/0/0/0/0/0/0/0/0/0/0/0/0/0/0/0/0/0/0/0/0/0/0/0/0/0/0/0/0/0/0/0/0/0/0/0/0/0/0/6367.98/8220.67/0/0/0/0/0/0/0/0/0/0/0/0/0/0/0/0/0/0/0/0/0/0/0/0/0/0/0/0/0/0/0/0/0/0/0/0/0/0/0/0/0/0/0/0/0/0/0/0/0/0/0/0/0/0/0/0/0/0/0/0/0/0/0/0/0/0/0/0/0/0/0/0/0/0/0/0/0/0/0/0/0/0/0/0/0/0/0/0/0/0/0/0/0/0/0/0/0/0/0/0/0/0/0/0/0/0/0/0/0/0/0/0/0/0/0/0/0/0/0/0/0/0/0/0/0/0/0/0/0/0/0/0/0/0/0/0/0/0/0/0/0/0/0/0/0/0/0/0/0/0/0/0/0/0/0/0/0/0/0/0/0/0/0/0/0/0/0/0/0/0/0/0/0/0/0/0/0/0/0/0/0/0,,,11509,2.4959136730188076e-11,4.4957031250000016e-11,-1.7583431591399814e-06,2.6772752951736045,1364,3.02339770501978e-12,70920,1.585793982064122e-10,2.770312500000001e-10,1.6657740043378708e-06,4.671394660745012e-06,4.1763494263830474e-06,4.46835728695629e-06,1,1,nan,0.2566777872334155,28,94/17/16/13/12/11/7/93/17/94/6/3/12/1/16/2/4/5/8/9/10/14/15/93/18/94/16/94,17,4334.4,1.0,,,4.349716743633972e-09,,,,,,,,,,,,,,1,81671,248,601055358.5049715,294547741.2765855,2.040604201885799,1,-254705087.43052,-258562192.700995,-232738720.368081,60457575.353963,41033652.68264,107152472.504063,-216409268.02222,124007990.513848,39558,198872880.232554,195980282.178135,431924094.171728,476906606.135677,-127437059.881469,-147227134.680245,1.2677,1.412,0.1609,0.2073,0.0109,0.1947,1.9271,0.3216,0.0094,0.7127,0.6046,0.6558,2597,6854,33800,,,
2100,0.000234246553,15707.98,2.6690323071058325e-08,1.0463842773437505e-16,2.036157226562501e-17,276,20,19,16,17/16/13/12/11/15/6/3/1/2/4/5/8/9/10/14/15/93/18,0,159,4,0.13501/0.450928/0.332764/0.380859/0.237305/0.32251/0.959229/0.322998/1.10083/1.11719/2.00513/1.9231/1.81909/2.28931/0.499268/1.07495/1.47095/0.812256/0/0/0/0/0/0/0/0/0/0/0/0/0/0/0/0/0/0/0/0/0/0/0/0/0/0/0/0/0/0/0/0/0/0/0/0/0/0/0/0/0/0/0/0/0/0/0/0/0/0/0/0/0/0/0/0/0/0/0/0/0/0/0/0/0/0/0/0/0/0/0/0/0/0/1.82056/1.28735/0/0/0/0/0/0/0/0/0/0/0/0/0/0/0/0/0/0/0/0/0/0/0/0/0/0/0/0/0/0/0/0/0/0/0/0/0/0/0/0/0/0/0/0/0/0/0/0/0/0/0/0/0/0/0/0/0/0/0/0/0/0/0/0/0/0/0/0/0/0/0/0/0/0/0/0/0/0/0/0/0/0/0/0/0/0/0/0/0/0/0/0/0/0/0/0/0/0/0/0/0/0/0/0/0/0/0/0/0/0/0/0/0/0/0/0/0/0/0/0/0/0/0/0/0/0/0/0/0/0/0/0/0/0/0/0/0/0/0/0/0/0/0/0/0/0/0/0/0/0/0/0/0/0/0/0/0/0/0/0/0/0/0/0/0/0/0/0/0/0/0/0/0/0/0/0/0/0/0/0/0/0,383.482/2520.67/730.569/251.764/1322.93/246.779/4782.4/248.886/4291.06/4571.27/4861.65/5136.05/5285.08/4891.59/4478.19/7466.04/5683.98/6159.84/0/0/0/0/0/0/0/0/0/0/0/0/0/0/0/0/0/0/0/0/0/0/0/0/0/0/0/0/0/0/0/0/0/0/0/0/0/0/0/0/0/0/0/0/0/0/0/0/0/0/0/0/0/0/0/0/0/0/0/0/0/0/0/0/0/0/0/0/0/0/0/0/0/0/6367.98/8220.67/0/0/0/0/0/0/0/0/0/0/0/0/0/0/0/0/0/0/0/0/0/0/0/0/0/0/0/0/0/0/0/0/0/0/0/0/0/0/0/0/0/0/0/0/0/0/0/0/0/0/0/0/0/0/0/0/0/0/0/0/0/0/0/0/0/0/0/0/0/0/0/0/0/0/0/0/0/0/0/0/0/0/0/0/0/0/0/0/0/0/0/0/0/0/0/0/0/0/0/0/0/0/0/0/0/0/0/0/0/0/0/0/0/0/0/0/0/0/0/0/0/0/0/0/0/0/0/0/0/0/0/0/0/0/0/0/0/0/0/0/0/0/0/0/0/0/0/0/0/0/0/0/0/0/0/0/0/0/0/0/0/0/0/0/0/0/0/0/0/0/0/0/0/0/0/0/0/0/0/0/0/0,1-2:0.377575/1-3:0.377165/2-4:1.32761/2-16:0.0425689/2-17:0.154589/3-6:1.42521/3-12:0.00691323/3-16:0.042479/3-18:0.436157/4-5:1.46573/4-13:0.026105/4-16:0.125208/4-17:0.00477532/5-8:0.922788/5-13:0.0862764/5-16:0.00172837/5-17:0.00172824/6-7:1.13455/6-16:0.0247862/6-18:0.0853182/7-11:0.199116/7-12:0.105968/7-14:0.870011/7-15:0.197657/7-17:0.0268339/8-9:1.36636/8-11:0.0213296/8-12:0.183742/8-13:0.00691323/9-10:0.927474/9-11:0.114429/9-12:0.00691323/9-14:0.691088/9-15:0.726659/9-17:0.254513/10-11:1.07189/10-14:1.46388/10-15:0.0229682/11-12:1.98525/11-13:0.0406605/11-14:0.501751/12-13:1.54323/12-14:0.00518512/12-16:0.264701/12-17:0.624501/13-16:1.44118/14-15:0.0725408/14-17:0.749487/15-17:0.131303/16-17:1.34075/93-94:0.00345649,1-2:-28.485/1-3:-33.896/2-4:-24.55/2-16:-24.43/2-17:-26.744/3-6:-37.883/3-12:-36.144/3-16:-37.527/3-18:-37.615/4-5:-20.553/4-13:-20.337/4-16:-21.54/4-17:-22.731/5-8:-16.609/5-13:-18.661/5-16:-19.739/5-17:-33.313/6-7:-41.822/6-16:-38.41/6-18:-38.347/7-11:-71.762/7-12:-72.964/7-14:-8.6851/7-15:0.91167/7-17:-0.24677/8-9:-12.613/8-11:-12.45/8-12:-13.943/8-13:-15.472/9-10:-8.6393/9-11:-10.216/9-12:-11.257/9-14:-15.352/9-15:-36.246/9-17:-57.301/10-11:-6.8431/10-14:-3.4889/10-15:1.6594/11-12:-53.032/11-13:-7.3202/11-14:-22.38/12-13:-56.653/12-14:-36.979/12-16:-32.01/12-17:-21.017/13-16:-51.975/14-15:1.5576/14-17:-12.273/15-17:-17.491/16-17:-50.527/93-94:-54.772,11546,2.5030997087318727e-11,4.510156250000002e-11,-1.7597970214448403e-06,2.654013498295863,1377,3.0537784005748475e-12,71402,1.5967092224815132e-10,2.7891406250000013e-10,1.6666107397658535e-06,4.6768351850217974e-06,4.1763494263830474e-06,4.46835728695629e-06,1,1,nan,0.25668057648152215,28,94/17/16/13/12/11/7/93/17/94/6/3/12/1/16/2/4/5/8/9/10/14/15/93/18/94/16/94,17,4333.5,1.0,,,4.36967960478267e-09,8,18/2/1/1/1/1/1/1,1/5/5/5/1/1/1/1,2,2,0.847364/0/0/0/0.152636/0/0/0/0/0/0/0,0.789764,18/2/1/1/1/1/1/1,7612/8372/6331/2951/4100/667/293/346,8340/8219/6285/2710/3754/450/579/395,6983/6983/4729/4066/928/663/354/265,17/2/1/1/1/1/1/1,30/9/5/2/2/1/1/1,1,82172,255,601061890.0110233,295480956.30958337,2.0341814833619076,1,-258076152.592215,-260083398.160244,-232342686.526037,58905437.781213,38095096.933243,107888524.169166,-216691514.353288,123496206.366264,40001,197017701.519282,195699968.475531,427630314.413166,436731455.847679,-132235092.052563,-147682760.448786,1.2573,1.3901,0.1574,0.2046,0.0108,0.1963,1.8884,0.3174,0.0094,0.7187,0.6043,0.6579,2606,6809,33966,2868.8,662.9,1592.3
2120,0.000234246553,15861.81,2.6690323071058325e-08,1.0452075195312504e-16,2.047924804687501e-17,276,20,19,16,17/16/13/12/11/15/6/3/1/2/4/5/8/9/10/14/15/93/18,0,159,4,0.135254/0.45752/0.334717/0.380859/0.237305/0.322266/0.963135/0.322754/1.10181/1.12305/2.01807/1.93164/1.83374/2.30103/0.500732/1.07739/1.4834/0.820313/0/0/0/0/0/0/0/0/0/0/0/0/0/0/0/0/0/0/0/0/0/0/0/0/0/0/0/0/0/0/0/0/0/0/0/0/0/0/0/0/0/0/0/0/0/0/0/0/0/0/0/0/0/0/0/0/0/0/0/0/0/0/0/0/0/0/0/0/0/0/0/0/0/0/1.83789/1.29639/0/0/0/0/0/0/0/0/0/0/0/0/0/0/0/0/0/0/0/0/0/0/0/0/0/0/0/0/0/0/0/0/0/0/0/0/0/0/0/0/0/0/0/0/0/0/0/0/0/0/0/0/0/0/0/0/0/0/0/0/0/0/0/0/0/0/0/0/0/0/0/0/0/0/0/0/0/0/0/0/0/0/0/0/0/0/0/0/0/0/0/0/0/0/0/0/0/0/0/0/0/0/0/0/0/0/0/0/0/0/0/0/0/0/0/0/0/0/0/0/0/0/0/0/0/0/0/0/0/0/0/0/0/0/0/0/0/0/0/0/0/0/0/0/0/0/0/0/0/0/0/0/0/0/0/0/0/0/0/0/0/0/0/0/0/0/0/0/0/0/0/0/0/0/0/0/0/0/0/0/0/0,383.482/2520.67/745.116/251.764/1322.93/246.779/4782.4/248.886/4305.6/4571.27/4861.65/5136.05/5285.08/4891.59/4478.19/7466.04/5683.98/6159.84/0/0/0/0/0/0/0/0/0/0/0/0/0/0/0/0/0/0/0/0/0/0/0/0/0/0/0/0/0/0/0/0/0/0/0/0/0/0/0/0/0/0/0/0/0/0/0/0/0/0/0/0/0/0/0/0/0/0/0/0/0/0/0/0/0/0/0/0/0/0/0/0/0/0/6367.98/8220.67/0/0/0/0/0/0/0/0/0/0/0/0/0/0/0/0/0/0/0/0/0/0/0/0/0/0/0/0/0/0/0/0/0/0/0/0/0/0/0/0/0/0/0/0/0/0/0/0/0/0/0/0/0/0/0/0/0/0/0/0/0/0/0/0/0/0/0/0/0/0/0/0/0/0/0/0/0/0/0/0/0/0/0/0/0/0/0/0/0/0/0/0/0/0/0/0/0/0/0/0/0/0/0/0/0/0/0/0/0/0/0/0/0/0/0/0/0/0/0/0/0/0/0/0/0/0/0/0/0/0/0/0/0/0/0/0/0/0/0/0/0/0/0/0/0/0/0/0/0/0/0/0/0/0/0/0/0/0/0/0/0/0/0/0/0/0/0/0/0/0/0/0/0/0/0/0/0/0/0/0/0/0,,,11591,2.5120640159196635e-11,4.527734375000002e-11,-1.7623521981717104e-06,2.6131306706659414,1379,3.065147382127176e-12,71834,1.6066020421431325e-10,2.8060156250000013e-10,1.6679226854661612e-06,4.6768351850217974e-06,4.1763494263830474e-06,4.46835728695629e-06,1,1,nan,0.25651386699986023,29,94/17/16/13/12/11/7/93/17/93/94/6/3/12/1/16/2/4/5/8/9/10/14/15/93/18/94/16/94,18,4332.3,1.0,,,4.388825703245128e-09,,,,,,,,,,,,,,1,82597,265,600671510.9745414,295580184.79005355,2.032177872143865,1,-255224477.213842,-260441978.385026,-231990209.453471,62196567.427779,37713162.141718,108300971.67646,-217322772.881073,123107185.486528,40270,199688855.879017,194613556.976959,427540725.879928,438922094.98242,-129437114.465835,-149378635.108116,1.2659,1.4002,0.1567,0.2057,0.0109,0.1954,1.8976,0.3177,0.0094,0.7204,0.6058,0.659,2643,6816,34125,,,
2140,0.000234246553,15946.31,2.6690323071058325e-08,1.0438867187500005e-16,2.0611328125000008e-17,276,20,19,16,17/16/13/12/11/15/6/3/1/2/4/5/8/9/10/14/15/93/18,0,159,4,0.135254/0.461914/0.336914/0.381104/0.236816/0.322021/0.966553/0.32251/1.10181/1.12891/2.03149/1.9458/1.84644/2.31641/0.504395/1.08081/1.49438/0.829346/0/0/0/0/0/0/0/0/0/0/0/0/0/0/0/0/0/0/0/0/0/0/0/0/0/0/0/0/0/0/0/0/0/0/0/0/0/0/0/0/0/0/0/0/0/0/0/0/0/0/0/0/0/0/0/0/0/0/0/0/0/0/0/0/0/0/0/0/0/0/0/0/0/0/1.85864/1.30981/0/0/0/0/0/0/0/0/0/0/0/0/0/0/0/0/0/0/0/0/0/0/0/0/0/0/0/0/0/0/0/0/0/0/0/0/0/0/0/0/0/0/0/0/0/0/0/0/0/0/0/0/0/0/0/0/0/0/0/0/0/0/0/0/0/0/0/0/0/0/0/0/0/0/0/0/0/0/0/0/0/0/0/0/0/0/0/0/0/0/0/0/0/0/0/0/0/0/0/0/0/0/0/0/0/0/0/0/0/0/0/0/0/0/0/0/0/0/0/0/0/0/0/0/0/0/0/0/0/0/0/0/0/0/0/0/0/0/0/0/0/0/0/0/0/0/0/0/0/0/0/0/0/0/0/0/0/0/0/0/0/0/0/0/0/0/0/0/0/0/0/0/0/0/0/0/0/0/0/0/0/0,383.482/2520.67/745.116/251.764/1322.93/246.779/4782.4/248.886/4305.6/4571.27/4861.65/5136.05/5285.08/4891.59/4478.19/7466.04/5683.98/6159.84/0/0/0/0/0/0/0/0/0/0/0/0/0/0/0/0/0/0/0/0/0/0/0/0/0/0/0/0/0/0/0/0/0/0/0/0/0/0/0/0/0/0/0/0/0/0/0/0/0/0/0/0/0/0/0/0/0/0/0/0/0/0/0/0/0/0/0/0/0/0/0/0/0/0/6367.98/8220.67/0/0/0/0/0/0/0/0/0/0/0/0/0/0/0/0/0/0/0/0/0/0/0/0/0/0/0/0/0/0/0/0/0/0/0/0/0/0/0/0/0/0/0/0/0/0/0/0/0/0/0/0/0/0/0/0/0/0/0/0/0/0/0/0/0/0/0/0/0/0/0/0/0/0/0/0/0/0/0/0/0/0/0/0/0/0/0/0/0/0/0/0/0/0/0/0/0/0/0/0/0/0/0/0/0/0/0/0/0/0/0/0/0/0/0/0/0/0/0/0/0/0/0/0/0/0/0/0/0/0/0/0/0/0/0/0/0/0/0/0/0/0/0/0/0/0/0/0/0/0/0/0/0/0/0/0/0/0/0/0/0/0/0/0/0/0/0/0/0/0/0/0/0/0/0/0/0/0/0/0/0/0,,,11611,2.516971337633846e-11,4.5355468750000015e-11,-1.7596798029342827e-06,2.6558889944647843,1396,3.1037597623575884e-12,72326,1.617584610538018e-10,2.825234375000001e-10,1.6688264712937527e-06,4.6768351850217974e-06,4.1763494263830474e-06,4.46835728695629e-06,1,1,nan,0.3328853677966448,29,94/17/16/13/12/11/7/93/17/93/94/6/3/12/1/16/2/4/5/8/9/10/14/15/93/18/94/16/94,18,4331.6,1.0,,,4.408484475686365e-09,,,,,,,,,,,,,,1,83110,268,779508566.9026834,295849752.6005475,2.6348122993199383,1,-254607523.6027,-260317333.467783,-231660442.242798,64152337.985048,37529022.316156,108882099.478349,-217723488.39519,122814666.956942,40639,198941541.635914,195157532.388227,425843770.638723,456899344.365168,-129327494.968817,-148107124.288611,1.287,1.4375,0.1572,0.2076,0.011,0.1939,1.9367,0.3181,0.0094,0.7259,0.6071,0.6605,2660,6852,34245,,,
2160,0.000234246553,16033.06,2.6690323071058325e-08,1.0425341796875004e-16,2.074658203125001e-17,276,20,19,16,17/16/13/12/11/15/6/3/1/2/4/5/8/9/10/14/15/93/18,0,160,4,0.135254/0.466553/0.340088/0.381836/0.236572/0.32251/0.97168/0.32251/1.10303/1.13354/2.04272/1.9585/1.8584/2.3335/0.505371/1.08374/1.50562/0.839111/0/0/0/0/0/0/0/0/0/0/0/0/0/0/0/0/0/0/0/0/0/0/0/0/0/0/0/0/0/0/0/0/0/0/0/0/0/0/0/0/0/0/0/0/0/0/0/0/0/0/0/0/0/0/0/0/0/0/0/0/0/0/0/0/0/0/0/0/0/0/0/0/0/0/1.88184/1.32422/0/0/0/0/0/0/0/0/0/0/0/0/0/0/0/0/0/0/0/0/0/0/0/0/0/0/0/0/0/0/0/0/0/0/0/0/0/0/0/0/0/0/0/0/0/0/0/0/0/0/0/0/0/0/0/0/0/0/0/0/0/0/0/0/0/0/0/0/0/0/0/0/0/0/0/0/0/0/0/0/0/0/0/0/0/0/0/0/0/0/0/0/0/0/0/0/0/0/0/0/0/0/0/0/0/0/0/0/0/0/0/0/0/0/0/0/0/0/0/0/0/0/0/0/0/0/0/0/0/0/0/0/0/0/0/0/0/0/0/0/0/0/0/0/0/0/0/0/0/0/0/0/0/0/0/0/0/0/0/0/0/0/0/0/0/0/0/0/0/0/0/0/0/0/0/0/0/0/0/0/0/0,383.482/2548.32/751.669/251.764/1322.93/246.779/4782.4/248.886/4305.6/4571.27/4861.65/5136.05/5285.08/4891.59/4478.19/7466.04/5703.64/6159.84/0/0/0/0/0/0/0/0/0/0/0/0/0/0/0/0/0/0/0/0/0/0/0/0/0/0/0/0/0/0/0/0/0/0/0/0/0/0/0/0/0/0/0/0/0/0/0/0/0/0/0/0/0/0/0/0/0/0/0/0/0/0/0/0/0/0/0/0/0/0/0/0/0/0/6367.98/8220.67/0/0/0/0/0/0/0/0/0/0/0/0/0/0/0/0/0/0/0/0/0/0/0/0/0/0/0/0/0/0/0/0/0/0/0/0/0/0/0/0/0/0/0/0/0/0/0/0/0/0/0/0/0/0/0/0/0/0/0/0/0/0/0/0/0/0/0/0/0/0/0/0/0/0/0/0/0/0/0/0/0/0/0/0/0/0/0/0/0/0/0/0/0/0/0/0/0/0/0/0/0/0/0/0/0/0/0/0/0/0/0/0/0/0/0/0/0/0/0/0/0/0/0/0/0/0/0/0/0/0/0/0/0/0/0/0/0/0/0/0/0/0/0/0/0/0/0/0/0/0/0/0/0/0/0/0/0/0/0/0/0/0/0/0/0/0/0/0/0/0/0/0/0/0/0/0/0/0/0/0/0/0,,,11611,2.5163119590168517e-11,4.5355468750000015e-11,-1.7595963200567174e-06,2.6572247205058295,1413,3.1436913601231384e-12,72896,1.6300471442968166e-10,2.8475000000000013e-10,1.6706304894032475e-06,4.6768351850217974e-06,4.1763494263830474e-06,4.623139862807698e-06,1,1,nan,0.33274647853983547,29,94/17/16/13/12/11/7/93/17/93/94/6/3/12/1/16/2/4/5/8/9/10/14/15/93/18/94/16/94,18,4330.6,1.0,,,4.427633848659438e-09,,,,,,,,,,,,,,1,83613,273,779183333.7263194,295739788.6499243,2.6346922653977454,1,-255641203.101753,-259729946.436402,-231296404.65175,63680888.888696,38910070.518856,109036500.796224,-217963818.223735,122378443.402913,40971,198388799.349298,196054755.741622,422742201.381273,434281681.04958,-132086102.63256,-148517611.51083,1.2841,1.4404,0.1584,0.2075,0.0109,0.1941,1.9335,0.3177,0.0094,0.7286,0.6101,0.6622,2682,6902,34390,,,
