step,t_s,wall_s,dt,V0,Vt,M,nreg_used,nslab_n,nf3_col,runs,ncomp_min,ncomp_max,ncompbig_max,vols,ths,f3_pairs,f3_pairs_pos,nf3,f3_area_m2,f3_area_stair,f3_pos_m,f3_pos_dx,nf2,f2_area_m2,nf1,f1_area_m2,f1_area_stair,f3_std_m,n_lath,w_lath,a_lath,box_touch,finite,psi_mean,cfl_used,nslab_n1,runs1,nf3_col1,r_col_nm,col_cover_min,nslab_nu,nslab_nu1,E_el_J,nblk_sig,blk_laths,blk_vars,n_var_sig,n_habit,f_var,r_selfac,blk_nlath,blk_span_nm,blk_alen_nm,blk_wlen_nm,blk_nprof,blk_nruns,box_touch_core,core_vox,ncomp_all,dG_max_Jm3,dG_p999,dG_ratio,dG_near_max,ed_tip,ed_side,ed_wide,dG_tip,dG_side,dG_wide,ed_obl,dG_obl,n_obl,dG_tip_p90,dG_side_p90,dG_tip_max,dG_side_max,ed_tip_p90,ed_side_p90,v_tip_nsgn,v_tip_nabs,v_side_nsgn,v_side_nabs,v_wide_nabs,v_obl_nabs,v_tip_f1,v_side_f1,v_wide_f1,f1_tip,f1_side,f1_wide,n_tip,n_side,n_wide,tip_sep_nm,side_sep_nm,wide_sep_nm
0,0.0,7.36,7.638473182236092e-08,1.2475048828125007e-16,2.495117187500001e-19,72,1,1,0,1,0,1,1,0.249512/0/0/0/0/0/0/0/0/0/0/0/0/0/0/0/0/0/0/0/0/0/0/0/0/0/0/0/0/0/0/0/0/0/0/0/0/0/0/0/0/0/0/0/0/0/0/0/0/0/0/0/0/0/0/0/0/0/0/0/0/0/0/0/0/0/0/0/0/0/0/0,507.199/0/0/0/0/0/0/0/0/0/0/0/0/0/0/0/0/0/0/0/0/0/0/0/0/0/0/0/0/0/0/0/0/0/0/0/0/0/0/0/0/0/0/0/0/0/0/0/0/0/0/0/0/0/0/0/0/0/0/0/0/0/0/0/0/0/0/0/0/0/0/0,,,0,0.0,0.0,nan,nan,0,0.0,940,1.95694010763834e-12,3.671875000000001e-12,nan,5.071986094432838e-07,4.419417382415928e-07,1.042953646404103e-06,0,1,nan,nan,1,1,0,597.6,1.0,1,1,0.0,1,1,1,1,1,1/0/0,1.0,1,507,1043,442,1,1,0,1022,1,nan,nan,nan,-1,,,,,,,,,,,,,,,,,,,,,,,,,,,,0,0,0,1075.7,530.3,559.6
20,-0.0,189.09,7.638473182236092e-08,1.2336645507812505e-16,1.6335449218750008e-18,72,3,3,2,3/1/2,0,1,1,0.171631/0.730469/0.731445/0/0/0/0/0/0/0/0/0/0/0/0/0/0/0/0/0/0/0/0/0/0/0/0/0/0/0/0/0/0/0/0/0/0/0/0/0/0/0/0/0/0/0/0/0/0/0/0/0/0/0/0/0/0/0/0/0/0/0/0/0/0/0/0/0/0/0/0/0,380.599/311.525/311.525/0/0/0/0/0/0/0/0/0/0/0/0/0/0/0/0/0/0/0/0/0/0/0/0/0/0/0/0/0/0/0/0/0/0/0/0/0/0/0/0/0/0/0/0/0/0/0/0/0/0/0/0/0/0/0/0/0/0/0/0/0/0/0/0/0/0/0/0/0,,,402,9.400712717777397e-13,1.5703125000000006e-12,-1.9256728650883317e-06,0.0,0,0.0,5980,1.2877873890452053e-11,2.3359375000000008e-11,1.9512872345732365e-07,3.115248253206264e-07,6.187184335382297e-07,4.462377246446296e-06,0,1,nan,0.5775095161586886,3,3/1/2,2,2299.9,1.0,,,2.4900543501658397e-10,,,,,,,,,,,,,,0,6691,1,472533501.11719257,134935215.36203343,3.5019286836974124,1,-245119074.272329,-257130173.869854,-275980673.091708,-98475652.167173,-133021083.763814,-126260491.269211,-265290194.15674,-128995150.622954,1707,-276176.437221,-57759464.952631,-99495.722412,-130987.594284,-175720080.435254,-186154394.300625,-5.3987,5.3987,-1.0346,1.0346,0.0117,0.3275,6.2493,1.06,0.0152,0.8636,0.976,0.7721,88,1502,3410,,,
40,-0.0,354.9,7.638473182236092e-08,1.2342187500000005e-16,1.5781250000000006e-18,72,3,3,2,3/1/2,0,1,1,0.162354/0.708008/0.707764/0/0/0/0/0/0/0/0/0/0/0/0/0/0/0/0/0/0/0/0/0/0/0/0/0/0/0/0/0/0/0/0/0/0/0/0/0/0/0/0/0/0/0/0/0/0/0/0/0/0/0/0/0/0/0/0/0/0/0/0/0/0/0/0/0/0/0/0/0,380.599/311.525/311.525/0/0/0/0/0/0/0/0/0/0/0/0/0/0/0/0/0/0/0/0/0/0/0/0/0/0/0/0/0/0/0/0/0/0/0/0/0/0/0/0/0/0/0/0/0/0/0/0/0/0/0/0/0/0/0/0/0/0/0/0/0/0/0/0/0/0/0/0/0,,,402,9.400712717777397e-13,1.5703125000000006e-12,-1.9256728650883317e-06,0.0,0,0.0,5882,1.2695311949685447e-11,2.297656250000001e-11,1.9512872345732365e-07,3.115248253206264e-07,6.187184335382292e-07,4.433762144504359e-06,0,1,nan,0.5823128480664976,3,3/1/2,2,2300.0,1.0,,,2.4258441022673967e-10,,,,,,,,,,,,,,0,6464,1,476463713.83216584,135126014.2627378,3.5260694724979755,1,-273382953.853334,-243592114.194898,-276530935.270191,-120654355.57836,-117073264.793001,-122245253.402172,-264771122.644461,-121758563.388415,1525,-217139.93935,-53719787.955835,-89280.618094,-126550.294328,-158442756.232452,-180565199.466738,-6.7397,6.7397,-0.8724,0.8724,0.0116,0.3008,7.9861,0.892,0.0152,0.8438,0.978,0.7662,64,1682,3195,,,
60,-0.0,523.78,7.638473182236092e-08,1.2346752929687505e-16,1.5324707031250006e-18,72,3,3,2,3/1/2,0,1,1,0.160156/0.685791/0.686523/0/0/0/0/0/0/0/0/0/0/0/0/0/0/0/0/0/0/0/0/0/0/0/0/0/0/0/0/0/0/0/0/0/0/0/0/0/0/0/0/0/0/0/0/0/0/0/0/0/0/0/0/0/0/0/0/0/0/0/0/0/0/0/0/0/0/0/0/0,380.599/311.403/311.403/0/0/0/0/0/0/0/0/0/0/0/0/0/0/0/0/0/0/0/0/0/0/0/0/0/0/0/0/0/0/0/0/0/0/0/0/0/0/0/0/0/0/0/0/0/0/0/0/0/0/0/0/0/0/0/0/0/0/0/0/0/0/0/0/0/0/0/0/0,,,386,9.124183345425917e-13,1.5078125000000006e-12,-1.925672865088332e-06,-6.776263578034402e-15,0,0.0,5744,1.2401417025186728e-11,2.243750000000001e-11,1.945629273842205e-07,3.1140284063332254e-07,6.187184335382292e-07,4.419454593533389e-06,0,1,nan,0.5812405408738012,3,3/1/2,2,2286.9,1.0,,,2.3706386498119426e-10,,,,,,,,,,,,,,0,6277,1,475586323.8362254,135370562.62839156,3.5132181960546838,1,-284635329.796427,-233137231.590174,-276512433.798488,-139410813.210309,-107184339.298825,-118410552.571302,-248497212.703132,-116295201.539315,1585,-140870.917525,-47393987.822719,-84823.756971,-119313.915351,-213662551.469774,-174741065.026708,-7.4356,7.4356,-0.8044,0.8044,0.0113,0.3143,8.85,0.8245,0.0149,0.84,0.9756,0.7589,50,1636,3011,,,
80,-0.0,680.96,7.638473182236092e-08,1.2349462890625006e-16,1.5053710937500007e-18,72,3,3,2,3/1/2,0,1,1,0.15918/0.672852/0.67334/0/0/0/0/0/0/0/0/0/0/0/0/0/0/0/0/0/0/0/0/0/0/0/0/0/0/0/0/0/0/0/0/0/0/0/0/0/0/0/0/0/0/0/0/0/0/0/0/0/0/0/0/0/0/0/0/0/0/0/0/0/0/0/0/0/0/0/0/0,380.599/311.403/311.403/0/0/0/0/0/0/0/0/0/0/0/0/0/0/0/0/0/0/0/0/0/0/0/0/0/0/0/0/0/0/0/0/0/0/0/0/0/0/0/0/0/0/0/0/0/0/0/0/0/0/0/0/0/0/0/0/0/0/0/0/0/0/0/0/0/0/0/0/0,,,386,9.124183345425917e-13,1.5078125000000006e-12,-1.925672865088332e-06,-6.776263578034402e-15,0,0.0,5668,1.2301716053802957e-11,2.214062500000001e-11,1.945629273842205e-07,3.1140284063332254e-07,6.187184335382292e-07,4.419454593533389e-06,0,1,nan,0.5817448514562011,3,3/1/2,2,2284.0,1.0,,,2.3229655133939334e-10,,,,,,,,,,,,,,0,6166,1,475998964.0412509,135740811.44737688,3.5066753982517858,1,-281372925.610385,-228436592.595869,-276309825.81652,-140684898.717358,-101182803.198707,-114830387.508838,-242310090.075747,-111315355.975056,1694,-237782.353686,-42773618.757369,-82184.885391,-118445.87076,-209417283.505293,-167914289.313059,-7.2614,7.2614,-0.7517,0.7517,0.0109,0.283,8.2508,0.7686,0.0145,0.88,0.9779,0.7526,50,1587,2837,,,
100,-0.0,855.89,7.638473182236092e-08,1.2351635742187506e-16,1.4836425781250008e-18,72,3,3,2,3/1/2,0,1,1,0.15625/0.663574/0.663818/0/0/0/0/0/0/0/0/0/0/0/0/0/0/0/0/0/0/0/0/0/0/0/0/0/0/0/0/0/0/0/0/0/0/0/0/0/0/0/0/0/0/0/0/0/0/0/0/0/0/0/0/0/0/0/0/0/0/0/0/0/0/0/0/0/0/0/0/0,380.599/311.403/311.403/0/0/0/0/0/0/0/0/0/0/0/0/0/0/0/0/0/0/0/0/0/0/0/0/0/0/0/0/0/0/0/0/0/0/0/0/0/0/0/0/0/0/0/0/0/0/0/0/0/0/0/0/0/0/0/0/0/0/0/0/0/0/0/0/0/0/0/0/0,1-2:0.452753/1-3:0.452753,1-2:-28.519/1-3:-33.883,382,9.055051002338047e-13,1.4921875000000005e-12,-1.925672865088332e-06,-6.776263578034402e-15,0,0.0,5642,1.2277880223256528e-11,2.2039062500000007e-11,1.943944566794719e-07,3.1140284063332254e-07,6.187184335382292e-07,4.40514704256242e-06,0,1,nan,0.5823603942641198,3,3/1/2,2,2284.4,1.0,,,2.280674888784736e-10,1,3,1,1,1,1/0/0,1.0,3,1006,4503,619,3,3,0,6077,1,476502617.3837066,135768952.8488741,3.5096581905150797,1,-270414582.890921,-221223113.253956,-274419927.585926,-127691241.715614,-96800444.971058,-112518347.301968,-239860610.624785,-107420114.030934,1756,-42174969.138117,-39112947.673836,-80578.318512,45778.97496,-178563368.89865,-163492728.098004,-6.5701,6.5701,-0.7164,0.7164,0.0107,0.2547,7.117,0.7319,0.0144,0.9231,0.9787,0.7459,52,1596,2680,4554.4,618.7,372.6
120,1.0184666e-05,1050.27,7.066431797835207e-08,1.2186059570312505e-16,3.1394042968750016e-18,72,6,6,5,6/3/1/2/4/5,0,1,1,0.153564/0.500244/0.503906/0.559814/0.712402/0.709473/0/0/0/0/0/0/0/0/0/0/0/0/0/0/0/0/0/0/0/0/0/0/0/0/0/0/0/0/0/0/0/0/0/0/0/0/0/0/0/0/0/0/0/0/0/0/0/0/0/0/0/0/0/0/0/0/0/0/0/0/0/0/0/0/0/0,380.599/248.888/248.888/249.006/311.527/310.744/0/0/0/0/0/0/0/0/0/0/0/0/0/0/0/0/0/0/0/0/0/0/0/0/0/0/0/0/0/0/0/0/0/0/0/0/0/0/0/0/0/0/0/0/0/0/0/0/0/0/0/0/0/0/0/0/0/0/0/0/0/0/0/0/0/0,,,3064,7.248635944277798e-12,1.1968750000000004e-11,-1.715472560579405e-06,3.363204872142828,0,0.0,8602,1.79686573405367e-11,3.360156250000001e-11,4.6672949524046574e-07,2.798748562831662e-07,6.187184335382292e-07,4.388775320131924e-06,0,1,nan,0.6201728024154357,6,6/3/1/2/4/5,5,2347.1,1.0,,,7.265441776899579e-10,,,,,,,,,,,,,,0,12859,1,548520119.6286796,145628720.64109072,3.7665655319498064,1,-382064076.899793,-369174973.398566,-417902098.87225,-134575338.804981,-226745395.350711,-780229.198585,-383859501.417519,-164774306.636171,3383,-86258.501156,-124272794.495072,90860.465233,138679.394557,-248045744.960048,-280724060.704436,-5.0459,5.046,-1.3622,1.3622,0.0087,0.3689,7.6144,1.4568,0.0225,0.6623,0.935,0.3859,154,2661,6711,,,
140,1.0184666e-05,1219.17,7.066431797835207e-08,1.2202197265625005e-16,2.978027343750001e-18,72,6,6,5,6/3/1/2/4/5,0,6,1,0.151855/0.469727/0.473145/0.536133/0.67041/0.676758/0/0/0/0/0/0/0/0/0/0/0/0/0/0/0/0/0/0/0/0/0/0/0/0/0/0/0/0/0/0/0/0/0/0/0/0/0/0/0/0/0/0/0/0/0/0/0/0/0/0/0/0/0/0/0/0/0/0/0/0/0/0/0/0/0/0,380.599/248.888/248.888/249.006/311.527/310.744/0/0/0/0/0/0/0/0/0/0/0/0/0/0/0/0/0/0/0/0/0/0/0/0/0/0/0/0/0/0/0/0/0/0/0/0/0/0/0/0/0/0/0/0/0/0/0/0/0/0/0/0/0/0/0/0/0/0/0/0/0/0/0/0/0/0,,,2908,6.848461510311274e-12,1.1359375000000004e-11,-1.7097050586274734e-06,3.4554849033737334,0,0.0,8632,1.8207771940711417e-11,3.3718750000000016e-11,4.6623795207833547e-07,2.798748562831662e-07,6.187184335382292e-07,4.34378849575949e-06,0,1,nan,0.6192373574808275,6,6/3/1/2/4/5,5,2315.0,1.0,,,7.048396457127567e-10,,,,,,,,,,,,,,0,12198,1,547692752.8601937,145385607.9654342,3.7671731096685246,1,-397684455.52825,-359110981.963595,-422696973.111603,-127677569.900172,-204738678.979008,-722922.514334,-384849881.770847,-151531305.335214,3533,-76677.925646,-497002.43983,447063.631584,316739.18859,-269234089.633178,-269893638.061203,-5.2481,5.2488,-1.1655,1.1655,0.0084,0.3062,8.9778,1.3282,0.0222,0.5842,0.8773,0.3776,101,2185,6404,,,
160,1.0184666e-05,1389.81,7.066431797835207e-08,1.2212500000000006e-16,2.8750000000000017e-18,72,6,6,5,6/3/1/2/4/5,0,6,1,0.151367/0.455811/0.457275/0.520996/0.644775/0.644775/0/0/0/0/0/0/0/0/0/0/0/0/0/0/0/0/0/0/0/0/0/0/0/0/0/0/0/0/0/0/0/0/0/0/0/0/0/0/0/0/0/0/0/0/0/0/0/0/0/0/0/0/0/0/0/0/0/0/0/0/0/0/0/0/0/0,380.599/248.888/248.888/249.006/312.179/310.744/0/0/0/0/0/0/0/0/0/0/0/0/0/0/0/0/0/0/0/0/0/0/0/0/0/0/0/0/0/0/0/0/0/0/0/0/0/0/0/0/0/0/0/0/0/0/0/0/0/0/0/0/0/0/0/0/0/0/0/0/0/0/0/0/0/0,,,2874,6.7620049121945156e-12,1.1226562500000004e-11,-1.7089760708126789e-06,3.4671487084104458,0,0.0,8544,1.8037218389220534e-11,3.3375000000000014e-11,4.659618386834975e-07,2.798748562831662e-07,6.187184335382292e-07,4.336634720274006e-06,0,1,nan,0.6183323844849424,6,6/3/1/2/4/5,5,2312.9,1.0,,,6.898428897878747e-10,,,,,,,,,,,,,,0,11775,2,546892337.4049686,145364086.15895846,3.762224575930888,1,-391000395.927672,-363387296.097342,-425493671.2166,-145182727.417354,-199990345.177496,-706583.936491,-380551909.005146,-144321393.994407,3655,-109873.460284,-346381.12938,634003.25104,310117.312085,-274123658.028736,-264226878.406947,-6.2486,6.2491,-1.119,1.119,0.0081,0.2954,10.0636,1.3257,0.0218,0.6204,0.8439,0.37,108,1800,6237,,,
180,1.0184666e-05,1529.96,7.066431797835207e-08,1.2220288085937505e-16,2.797119140625001e-18,72,6,6,5,6/3/1/2/4/5,0,6,1,0.150391/0.442871/0.448486/0.513916/0.619141/0.622314/0/0/0/0/0/0/0/0/0/0/0/0/0/0/0/0/0/0/0/0/0/0/0/0/0/0/0/0/0/0/0/0/0/0/0/0/0/0/0/0/0/0/0/0/0/0/0/0/0/0/0/0/0/0/0/0/0/0/0/0/0/0/0/0/0/0,380.599/248.888/248.888/249.006/310.614/310.083/0/0/0/0/0/0/0/0/0/0/0/0/0/0/0/0/0/0/0/0/0/0/0/0/0/0/0/0/0/0/0/0/0/0/0/0/0/0/0/0/0/0/0/0/0/0/0/0/0/0/0/0/0/0/0/0/0/0/0/0/0/0/0/0/0/0,,,2869,6.750725765337551e-12,1.1207031250000005e-11,-1.7088420547388848e-06,3.4692929655911513,0,0.0,8522,1.8062496433627135e-11,3.3289062500000013e-11,4.658042254146478e-07,2.7954447933637343e-07,6.187184335382292e-07,4.336634720274006e-06,0,1,nan,0.617464067368761,6,6/3/1/2/4/5,5,2312.2,1.0,,,6.782334323002452e-10,,,,,,,,,,,,,,0,11452,6,546124342.7322122,145230215.7954736,3.76040440166607,1,-399603564.958207,-361287371.90827,-428040510.830391,-112675156.996494,-195692368.692986,-700404.863304,-379630806.246057,-145845519.987412,3725,-73220.155415,-273918.709656,746392.498578,595816.13573,-270986716.633422,-258135435.703361,-6.2112,6.2122,-1.1104,1.1105,0.0079,0.2688,11.2124,1.3313,0.0219,0.5536,0.8339,0.3606,112,1650,5987,,,
200,1.0184666e-05,1726.07,7.066431797835207e-08,1.2228930664062505e-16,2.710693359375001e-18,72,6,6,5,6/3/1/2/4/5,0,6,1,0.149658/0.428955/0.434326/0.508057/0.589844/0.599854/0/0/0/0/0/0/0/0/0/0/0/0/0/0/0/0/0/0/0/0/0/0/0/0/0/0/0/0/0/0/0/0/0/0/0/0/0/0/0/0/0/0/0/0/0/0/0/0/0/0/0/0/0/0/0/0/0/0/0/0/0/0/0/0/0/0,380.599/248.888/248.888/249.006/309.955/309.299/0/0/0/0/0/0/0/0/0/0/0/0/0/0/0/0/0/0/0/0/0/0/0/0/0/0/0/0/0/0/0/0/0/0/0/0/0/0/0/0/0/0/0/0/0/0/0/0/0/0/0/0/0/0/0/0/0/0/0/0/0/0/0/0/0/0,1-2:0.431423/1-3:0.422282/2-4:1.86345/3-6:1.86122/4-5:2.11282,1-2:-28.519/1-3:-33.883/2-4:-24.53/3-6:-37.876/4-5:-20.534,2846,6.691193117760039e-12,1.1117187500000004e-11,-1.7084736208312176e-06,3.4751879081138255,0,0.0,8388,1.7844090784484094e-11,3.2765625000000014e-11,4.6544277732653886e-07,2.79152087154489e-07,6.187184335382292e-07,4.336634720274006e-06,0,1,nan,0.6164299749229344,6,6/3/1/2/4/5,5,2313.1,1.0,,,6.680686926573648e-10,1,6,1,1,1,1/0/0,1.0,6,1751,4526,619,6,6,0,11096,8,545209725.8546536,145057177.18576545,3.7585849692665563,1,-399686901.150168,-359361697.501284,-429095688.098988,-1011484.497143,-187272355.377476,-678981.217999,-381307607.541199,-143518155.146939,3700,-71988.002124,-263165.152313,751925.024873,556216.120359,-269514438.777456,-259426529.62469,-4.8306,4.8318,-1.0635,1.0636,0.0075,0.2659,9.8232,1.3011,0.0211,0.4912,0.8172,0.3524,114,1521,5783,4553.4,618.7,361.0
220,2.0369332e-05,1967.23,6.574100727035609e-08,1.2065307617187505e-16,4.346923828125002e-18,72,9,9,8,7/6/3/1/2/4/5/8/9,0,6,1,0.14917/0.420166/0.42627/0.504639/0.44751/0.439209/0.704834/0.547363/0.707764/0/0/0/0/0/0/0/0/0/0/0/0/0/0/0/0/0/0/0/0/0/0/0/0/0/0/0/0/0/0/0/0/0/0/0/0/0/0/0/0/0/0/0/0/0/0/0/0/0/0/0/0/0/0/0/0/0/0/0/0/0/0/0,380.599/248.888/248.888/249.006/247.316/246.783/310.746/248.888/3949.8/0/0/0/0/0/0/0/0/0/0/0/0/0/0/0/0/0/0/0/0/0/0/0/0/0/0/0/0/0/0/0/0/0/0/0/0/0/0/0/0/0/0/0/0/0/0/0/0/0/0/0/0/0/0/0/0/0/0/0/0/0/0/0,,,5213,1.2268353460535511e-11,2.0363281250000007e-11,-1.5728693628238406e-06,5.644856036231857,0,0.0,11624,2.41332076551999e-11,4.5406250000000014e-11,6.743061042248e-07,2.4888768692217247e-07,6.187184335382292e-07,4.341724324299962e-06,1,1,nan,0.5986566388335147,10,9/7/6/3/1/2/4/5/8/9,9,2390.1,1.0,,,1.231409878921234e-09,,,,,,,,,,,,,,1,17799,7,569143088.6238687,148073299.728424,3.8436577672525285,1,-442712818.875117,-424168524.702152,-481465901.822352,-1025987.379886,-255661824.448667,-576058.203163,-446745897.797864,-127072123.379632,4949,19880.098102,-346454.454676,750550.116151,612124.560448,-305479887.572897,-317548920.598623,-4.2928,4.2939,-1.3427,1.3427,0.0064,0.3096,8.9345,1.577,0.0226,0.48,0.8513,0.2825,200,2797,9906,,,
240,2.0369332e-05,2164.74,6.574100727035609e-08,1.2079443359375005e-16,4.2055664062500016e-18,72,9,9,8,7/6/3/1/2/4/5/8/9,0,9,1,0.148682/0.41333/0.420898/0.503174/0.431152/0.426025/0.665771/0.518311/0.678223/0/0/0/0/0/0/0/0/0/0/0/0/0/0/0/0/0/0/0/0/0/0/0/0/0/0/0/0/0/0/0/0/0/0/0/0/0/0/0/0/0/0/0/0/0/0/0/0/0/0/0/0/0/0/0/0/0/0/0/0/0/0/0,380.599/248.888/248.888/249.006/246.664/246.783/310.744/248.888/3922.15/0/0/0/0/0/0/0/0/0/0/0/0/0/0/0/0/0/0/0/0/0/0/0/0/0/0/0/0/0/0/0/0/0/0/0/0/0/0/0/0/0/0/0/0/0/0/0/0/0/0/0/0/0/0/0/0/0/0/0/0/0/0/0,,,5163,1.2152925219094187e-11,2.0167968750000008e-11,-1.5719161398039161e-06,5.660107604550649,0,0.0,11468,2.3837216372477417e-11,4.4796875000000015e-11,6.727971087242693e-07,2.4888768692217247e-07,6.187184335382292e-07,4.341724324299962e-06,1,1,nan,0.5959667875581265,10,9/7/6/3/1/2/4/5/8/9,9,2384.4,1.0,,,1.200768440707366e-09,,,,,,,,,,,,,,1,17211,12,566585846.0184977,146720925.4331619,3.8616567087876192,1,-450525236.055041,-420352979.10047,-484095630.471426,-433917.133681,-228180487.872823,-575297.287337,-445048841.576309,-130368674.165433,5054,42098.363028,-238237.431831,745859.639088,639600.015587,-337252516.466422,-306194219.807915,-4.6284,4.6297,-1.1519,1.152,0.0063,0.2748,11.2838,1.4503,0.0229,0.4098,0.7941,0.275,183,2365,9639,,,
260,2.0369332e-05,2345.14,6.574100727035609e-08,1.2091308593750006e-16,4.0869140625000015e-18,72,9,9,8,7/6/3/1/2/4/5/8/9,0,12,1,0.148438/0.405029/0.417236/0.500244/0.418945/0.418213/0.628174/0.503418/0.647217/0/0/0/0/0/0/0/0/0/0/0/0/0/0/0/0/0/0/0/0/0/0/0/0/0/0/0/0/0/0/0/0/0/0/0/0/0/0/0/0/0/0/0/0/0/0/0/0/0/0/0/0/0/0/0/0/0/0/0/0/0/0/0,380.599/248.888/248.888/249.006/246.664/246.783/310.083/248.888/3922.15/0/0/0/0/0/0/0/0/0/0/0/0/0/0/0/0/0/0/0/0/0/0/0/0/0/0/0/0/0/0/0/0/0/0/0/0/0/0/0/0/0/0/0/0/0/0/0/0/0/0/0/0/0/0/0/0/0/0/0/0/0/0/0,,,5107,1.2020533084296876e-11,1.994921875000001e-11,-1.5717349504578904e-06,5.66300663408706,0,0.0,11374,2.3703768306663835e-11,4.442968750000002e-11,6.716150973460522e-07,2.4888768692217247e-07,6.187184335382292e-07,4.341724324299962e-06,1,1,nan,0.5936681545100824,10,9/7/6/3/1/2/4/5/8/9,9,2384.4,1.0,,,1.1776351972090765e-09,,,,,,,,,,,,,,1,16719,18,564400534.7269936,146331739.0974679,3.8569932825787063,1,-448291898.036145,-423826018.336348,-484790541.155524,-339907.637971,-221663114.674379,-574262.739468,-442650544.013872,-130956861.307432,5051,111770.595854,-213238.914147,760256.013294,659934.404201,-360439147.638805,-316335708.960197,-4.4697,4.4714,-1.1003,1.1003,0.006,0.2661,12.5908,1.4581,0.0223,0.3547,0.7544,0.2685,172,2060,9482,,,
280,2.0369332e-05,2521.39,6.574100727035609e-08,1.2101293945312504e-16,3.987060546875002e-18,72,9,9,8,7/6/3/1/2/4/5/8/9,0,18,1,0.148193/0.400635/0.4104/0.497803/0.412842/0.408691/0.595947/0.496094/0.616455/0/0/0/0/0/0/0/0/0/0/0/0/0/0/0/0/0/0/0/0/0/0/0/0/0/0/0/0/0/0/0/0/0/0/0/0/0/0/0/0/0/0/0/0/0/0/0/0/0/0/0/0/0/0/0/0/0/0/0/0/0/0/0,380.599/248.888/248.888/249.006/246.664/246.783/310.083/248.888/309.301/0/0/0/0/0/0/0/0/0/0/0/0/0/0/0/0/0/0/0/0/0/0/0/0/0/0/0/0/0/0/0/0/0/0/0/0/0/0/0/0/0/0/0/0/0/0/0/0/0/0/0/0/0/0/0/0/0/0/0/0/0/0/0,,,5077,1.1944945966618592e-11,1.983203125000001e-11,-1.5717852747969886e-06,5.662201444661489,0,0.0,11264,2.35268415519278e-11,4.4000000000000016e-11,6.713609667427499e-07,2.4888768692217247e-07,6.187184335382292e-07,4.341724324299962e-06,1,1,nan,0.590704559639514,9,7/6/3/1/2/4/5/8/9,8,2352.9,1.0,,,1.1585088666322951e-09,,,,,,,,,,,,,,1,16311,19,561583043.9841335,146164265.8172283,3.842136385690654,1,-445549096.667802,-420607258.803743,-486320180.419278,-370434.758714,-213109695.280032,-573749.593429,-442436724.15687,-110685648.438651,4973,138132.499941,-209119.458379,482139.114653,722004.429873,-377259830.976839,-305946330.962431,-4.0107,4.0125,-1.0806,1.0806,0.0058,0.2419,11.4255,1.4501,0.0218,0.3506,0.7449,0.2634,174,1968,9236,,,
300,2.0369332e-05,2712.22,6.574100727035609e-08,1.2109667968750007e-16,3.9033203125000016e-18,72,9,9,8,7/6/3/1/2/4/5/8/9,0,23,1,0.146729/0.397461/0.408203/0.495605/0.404541/0.404541/0.566162/0.487793/0.592285/0/0/0/0/0/0/0/0/0/0/0/0/0/0/0/0/0/0/0/0/0/0/0/0/0/0/0/0/0/0/0/0/0/0/0/0/0/0/0/0/0/0/0/0/0/0/0/0/0/0/0/0/0/0/0/0/0/0/0/0/0/0/0,380.599/248.888/248.888/249.006/246.664/246.783/309.303/248.888/309.301/0/0/0/0/0/0/0/0/0/0/0/0/0/0/0/0/0/0/0/0/0/0/0/0/0/0/0/0/0/0/0/0/0/0/0/0/0/0/0/0/0/0/0/0/0/0/0/0/0/0/0/0/0/0/0/0/0/0/0/0/0/0/0,1-2:0.428376/1-3:0.422282/2-4:1.81692/3-6:1.80596/4-5:2.06802/5-8:1.57734/6-7:1.67507/8-9:2.07875,1-2:-28.519/1-3:-33.883/2-4:-24.528/3-6:-37.874/4-5:-20.529/5-8:-16.577/6-7:-41.83/8-9:-12.581,5052,1.1872725375676471e-11,1.9734375000000008e-11,-1.5722150489060666e-06,5.655325058916241,0,0.0,11260,2.3580591099237956e-11,4.398437500000002e-11,6.704205010135248e-07,2.4888768692217247e-07,6.187184335382292e-07,4.341724324299962e-06,1,1,nan,0.5884163780341151,9,7/6/3/1/2/4/5/8/9,8,2354.3,1.0,,,1.1418458443433316e-09,1,9,1,1,1,1/0/0,1.0,9,2495,4603,619,9,9,1,15959,18,559407668.8830295,145969342.60884053,3.832364103893343,1,-440932763.500406,-419740547.620374,-487366122.95803,-319989.709766,-205850107.687027,-573765.507231,-441546037.38485,-89622558.585426,5037,132585.598435,-204799.52107,754328.349997,711646.63057,-378556569.073684,-303823643.739476,-4.0176,4.0193,-1.0377,1.0378,0.0056,0.225,11.7132,1.4279,0.0216,0.3425,0.7265,0.259,181,1817,8968,4523.7,618.7,342.1
320,3.0553998e-05,2893.31,6.145904459109765e-08,1.1953393554687506e-16,5.466064453125002e-18,72,12,12,11,12/11/7/6/3/1/2/4/5/8/9/10,0,28,1,0.14624/0.393066/0.407471/0.494629/0.395264/0.399902/0.532227/0.386963/0.334229/0.661377/0.585938/0.72876/0/0/0/0/0/0/0/0/0/0/0/0/0/0/0/0/0/0/0/0/0/0/0/0/0/0/0/0/0/0/0/0/0/0/0/0/0/0/0/0/0/0/0/0/0/0/0/0/0/0/0/0/0/0/0/0/0/0/0/0,380.599/248.888/248.888/249.006/246.664/246.783/309.303/248.888/246.783/4121.61/4211.01/4524.87/0/0/0/0/0/0/0/0/0/0/0/0/0/0/0/0/0/0/0/0/0/0/0/0/0/0/0/0/0/0/0/0/0/0/0/0/0/0/0/0/0/0/0/0/0/0/0/0/0/0/0/0/0/0/0/0/0/0/0/0,,,6852,1.6018915088642494e-11,2.676562500000001e-11,-1.7053034506939119e-06,3.5259106303107175,0,0.0,15330,3.2089193169551186e-11,5.988281250000002e-11,1.1761117659807725e-06,2.489466334829441e-07,6.187184335382292e-07,4.281397863226795e-06,1,1,nan,0.5519927177033955,13,12/11/10/7/6/3/1/2/4/5/8/9/10,12,3613.2,1.0,,,1.6425881470624e-09,,,,,,,,,,,,,,1,22358,24,561342030.0623986,138855305.87118325,4.042640117642738,1,-477327500.795633,-419596256.830455,-487483147.660337,-327521.719585,-196751363.218429,-569988.879575,-454494929.78635,-54846199.337169,6382,79131.759536,-195461.24364,576049.178321,664144.661589,-351416760.736321,-296555888.839873,-2.5409,2.5422,-0.9866,0.9867,0.0057,0.2166,9.1046,1.3233,0.019,0.2785,0.7453,0.2976,316,3106,12620,,,
340,3.0553998e-05,3010.02,6.145904459109765e-08,1.1966577148437506e-16,5.334228515625002e-18,72,12,12,11,12/11/7/6/3/1/2/4/5/8/9/10,0,28,1,0.145996/0.388184/0.405273/0.494141/0.388672/0.395752/0.510498/0.384766/0.323975/0.630615/0.565918/0.700439/0/0/0/0/0/0/0/0/0/0/0/0/0/0/0/0/0/0/0/0/0/0/0/0/0/0/0/0/0/0/0/0/0/0/0/0/0/0/0/0/0/0/0/0/0/0/0/0/0/0/0/0/0/0/0/0/0/0/0/0,380.599/248.888/248.888/249.006/246.661/246.783/308.64/249.67/246.783/4121.61/4211.01/4524.87/0/0/0/0/0/0/0/0/0/0/0/0/0/0/0/0/0/0/0/0/0/0/0/0/0/0/0/0/0/0/0/0/0/0/0/0/0/0/0/0/0/0/0/0/0/0/0/0/0/0/0/0/0/0/0/0/0/0/0/0,,,6783,1.5846910932079902e-11,2.649609375000001e-11,-1.7025068591093198e-06,3.570656095664191,0,0.0,15294,3.213247540665984e-11,5.974218750000002e-11,1.1680472636514968e-06,2.493380027733885e-07,6.187184335382292e-07,4.281397863226795e-06,1,1,nan,0.550231335561815,13,12/11/10/7/6/3/1/2/4/5/8/9/10,12,3613.1,1.0,,,1.6137951962522126e-09,,,,,,,,,,,,,,1,21820,22,559550814.715964,138868820.81908607,4.029348066870454,1,-475546292.372288,-416522969.734361,-489643547.436572,-310874.144317,-175443799.382043,-568523.875689,-454071556.41987,-1333379.031579,6318,58236.243424,-178639.584062,570068.154053,668887.852,-369512518.598253,-291520088.16476,-2.4396,2.441,-0.8751,0.8752,0.0055,0.2075,9.6991,1.2389,0.0187,0.2509,0.7061,0.2908,287,2977,12300,,,
360,3.0553998e-05,3124.1,6.145904459109765e-08,1.1976635742187505e-16,5.233642578125002e-18,72,12,12,11,12/11/7/6/3/1/2/4/5/8/9/10,0,28,1,0.145508/0.385742/0.404053/0.490479/0.385254/0.393311/0.48999/0.383301/0.319092/0.60498/0.554199/0.677734/0/0/0/0/0/0/0/0/0/0/0/0/0/0/0/0/0/0/0/0/0/0/0/0/0/0/0/0/0/0/0/0/0/0/0/0/0/0/0/0/0/0/0/0/0/0/0/0/0/0/0/0/0/0/0/0/0/0/0/0,380.599/248.888/248.888/249.006/246.661/246.783/307.859/249.67/246.783/4121.61/4211.01/4476.11/0/0/0/0/0/0/0/0/0/0/0/0/0/0/0/0/0/0/0/0/0/0/0/0/0/0/0/0/0/0/0/0/0/0/0/0/0/0/0/0/0/0/0/0/0/0/0/0/0/0/0/0/0/0/0/0/0/0/0/0,,,6731,1.5717475657600268e-11,2.629296875000001e-11,-1.7042872464069886e-06,3.54216989890149,0,0.0,15186,3.198801846524397e-11,5.932031250000002e-11,1.1662055756130947e-06,2.493380027733885e-07,6.187184335382292e-07,4.266058226526061e-06,1,1,nan,0.548983280368343,13,12/11/10/7/6/3/1/2/4/5/8/9/10,12,3613.0,1.0,,,1.5913284809327323e-09,,,,,,,,,,,,,,1,21407,23,558281620.733028,138980666.43140405,4.016973260151808,1,-470928196.870973,-422260655.645935,-490298269.727313,-300531.937317,-164587098.66649,-568135.446084,-452884776.076891,-1321636.365594,6341,69148.713246,-170042.833801,564316.619025,698062.786856,-387561898.719711,-286214901.250975,-2.5286,2.53,-0.8244,0.8245,0.0052,0.1988,10.5416,1.2288,0.0181,0.2393,0.6706,0.2871,280,2763,12074,,,
380,3.0553998e-05,3228.06,6.145904459109765e-08,1.1985571289062506e-16,5.144287109375003e-18,72,12,12,11,12/11/7/6/3/1/2/4/5/8/9/10,0,28,1,0.145508/0.384033/0.400635/0.489258/0.384521/0.389404/0.467285/0.382568/0.309326/0.584717/0.547607/0.659424/0/0/0/0/0/0/0/0/0/0/0/0/0/0/0/0/0/0/0/0/0/0/0/0/0/0/0/0/0/0/0/0/0/0/0/0/0/0/0/0/0/0/0/0/0/0/0/0/0/0/0/0/0/0/0/0/0/0/0/0,380.599/248.888/248.888/249.006/246.661/246.783/307.857/249.67/246.783/4120.17/4211.01/4476.11/0/0/0/0/0/0/0/0/0/0/0/0/0/0/0/0/0/0/0/0/0/0/0/0/0/0/0/0/0/0/0/0/0/0/0/0/0/0/0/0/0/0/0/0/0/0/0/0/0/0/0/0/0/0/0/0/0/0/0/0,,,6708,1.565926197183503e-11,2.620312500000001e-11,-1.7042551822256894e-06,3.5426829258022776,0,0.0,15174,3.201475422731952e-11,5.927343750000003e-11,1.166615551111336e-06,2.493380027733885e-07,6.187184335382292e-07,4.266058226526061e-06,1,1,nan,0.5478788164812418,13,12/11/10/7/6/3/1/2/4/5/8/9/10,12,3613.2,1.0,,,1.5729643438064798e-09,,,,,,,,,,,,,,1,21045,20,557158450.1174891,139004328.84730074,4.00820934669984,2,-463164819.859702,-418278312.862583,-491537294.802923,-273476.838869,-154397775.994411,-566377.121898,-453370291.164885,-1205661.609222,6368,30859.49338,-167499.636703,558699.73045,714322.534438,-373840512.211994,-277389770.79322,-2.3162,2.3175,-0.7776,0.7776,0.005,0.1998,9.774,1.1885,0.0177,0.2364,0.6539,0.2826,275,2612,11835,,,
400,3.0553998e-05,3356.24,6.145904459109765e-08,1.1993603515625006e-16,5.063964843750003e-18,72,12,12,11,12/11/7/6/3/1/2/4/5/8/9/10,0,28,1,0.145264/0.383301/0.398193/0.48877/0.383545/0.387451/0.446777/0.381348/0.304443/0.561523/0.541504/0.641846/0/0/0/0/0/0/0/0/0/0/0/0/0/0/0/0/0/0/0/0/0/0/0/0/0/0/0/0/0/0/0/0/0/0/0/0/0/0/0/0/0/0/0/0/0/0/0/0/0/0/0/0/0/0/0/0/0/0/0/0,380.599/248.888/248.888/249.006/246.661/246.783/307.857/249.67/246.783/4120.17/4211.01/4476.11/0/0/0/0/0/0/0/0/0/0/0/0/0/0/0/0/0/0/0/0/0/0/0/0/0/0/0/0/0/0/0/0/0/0/0/0/0/0/0/0/0/0/0/0/0/0/0/0/0/0/0/0/0/0/0/0/0/0/0/0,1-2:0.425329/1-3:0.422282/2-4:1.77081/3-6:1.76594/4-5:2.04019/5-8:1.32547/5-12:0.246682/6-7:1.61026/8-9:1.52604/8-11:0.0213296/8-12:0.302446/9-10:1.18502/9-11:0.140444/9-12:0.0138265/10-11:0.606204/11-12:2.20132,1-2:-28.519/1-3:-33.883/2-4:-24.527/3-6:-37.876/4-5:-20.529/5-8:-16.595/5-12:-16.474/6-7:-41.832/8-9:-12.57/8-11:-12.45/8-12:-14.568/9-10:-8.6355/9-11:-10.273/9-12:-11.362/10-11:-12.209/11-12:-53.207,6688,1.5603595607830406e-11,2.612500000000001e-11,-1.7056827100683255e-06,3.5198424803201,0,0.0,15108,3.1905961836335076e-11,5.901562500000002e-11,1.1676384829526113e-06,2.493380027733885e-07,6.187184335382292e-07,4.266058226526061e-06,1,1,nan,0.5467749745663956,13,12/11/10/7/6/3/1/2/4/5/8/9/10,12,3613.0,1.0,,,1.5566951576405506e-09,1,12,1,1,1,1/0/0,1.0,12,4695,5882,6983,12,13,1,20716,21,556035912.0087876,139026290.9174531,3.999501880827232,2,-458744354.89461,-420513503.731903,-491909822.081286,-260143.410477,-144973199.296658,-565020.017039,-453623085.748389,-1149698.973337,6369,-5605.976847,-155705.159869,553304.476797,728483.557784,-385429541.372548,-281507415.696809,-2.0708,2.072,-0.7382,0.7383,0.0048,0.1901,10.7416,1.1617,0.0174,0.1922,0.6351,0.2768,281,2480,11623,4507.4,618.7,348.2
420,4.0738664e-05,3479.13,5.7700773049183284e-08,1.1814868164062506e-16,6.851318359375003e-18,72,14,14,13,13/12/11/7/6/3/1/2/4/5/8/9/10/14,0,44,2,0.144775/0.382324/0.397949/0.488281/0.316406/0.385254/0.428467/0.374268/0.300049/0.420654/0.53418/1.26587/0.711182/0.70166/0/0/0/0/0/0/0/0/0/0/0/0/0/0/0/0/0/0/0/0/0/0/0/0/0/0/0/0/0/0/0/0/0/0/0/0/0/0/0/0/0/0/0/0/0/0/0/0/0/0/0/0/0/0/0/0/0/0,380.599/248.888/248.888/249.006/246.661/246.783/306.414/249.67/246.783/4120.17/4211.01/4991.24/4724.99/4231.44/0/0/0/0/0/0/0/0/0/0/0/0/0/0/0/0/0/0/0/0/0/0/0/0/0/0/0/0/0/0/0/0/0/0/0/0/0/0/0/0/0/0/0/0/0/0/0/0/0/0/0/0/0/0/0/0/0/0,,,8181,1.908863648346534e-11,3.1957031250000015e-11,-1.767364296972095e-06,2.532937089859789,0,0.0,20110,4.231283770278597e-11,7.855468750000004e-11,1.4042174344062954e-06,2.7804204030112684e-07,6.187184335382292e-07,4.266058226526061e-06,1,1,nan,0.5074983645082385,19,13/12/11/10/14/12/7/6/3/12/1/2/4/5/8/9/10/14/12,18,3762.4,1.0,,,2.0667605483062623e-09,,,,,,,,,,,,,,1,24911,23,549709234.4798987,156590794.76145142,3.5104824349178334,2,-462364187.264025,-409996921.025595,-487067097.184601,-560857.314416,-164930775.151402,-584240.210692,-453593207.754782,-53270457.413186,8015,-58934.761085,-179924.740693,6203806.617806,42632131.44364,-259493832.548436,-225556241.628274,-2.4586,2.4597,-0.7971,0.8012,0.0047,0.2038,6.2235,1.0597,0.0139,0.3942,0.7557,0.3346,411,4007,15665,,,
440,4.0738664e-05,3587.32,5.7700773049183284e-08,1.1827587890625005e-16,6.724121093750003e-18,72,14,14,13,13/12/11/7/6/3/1/2/4/5/8/9/10/14,0,48,2,0.144775/0.380615/0.395752/0.488281/0.31543/0.384521/0.409668/0.373779/0.298584/0.4104/0.532471/1.25171/0.670166/0.667969/0/0/0/0/0/0/0/0/0/0/0/0/0/0/0/0/0/0/0/0/0/0/0/0/0/0/0/0/0/0/0/0/0/0/0/0/0/0/0/0/0/0/0/0/0/0/0/0/0/0/0/0/0/0/0/0/0/0,380.599/248.888/248.888/249.006/246.661/246.783/306.414/249.67/246.783/4120.17/4211.01/4991.24/4724.99/4230.66/0/0/0/0/0/0/0/0/0/0/0/0/0/0/0/0/0/0/0/0/0/0/0/0/0/0/0/0/0/0/0/0/0/0/0/0/0/0/0/0/0/0/0/0/0/0/0/0/0/0/0/0/0/0/0/0/0/0,,,8108,1.8916313006625337e-11,3.1671875000000015e-11,-1.7616043012614147e-06,2.6250970212306717,0,0.0,20064,4.2288724104803354e-11,7.837500000000003e-11,1.3962535486785493e-06,2.7804204030112684e-07,6.187184335382292e-07,4.266058226526061e-06,1,1,nan,0.506297381691548,19,13/12/11/10/14/12/7/6/3/12/1/2/4/5/8/9/10/14/12,18,3762.6,1.0,,,2.0359700650661994e-09,,,,,,,,,,,,,,1,24383,23,548408360.6427462,150810373.07675397,3.6364100787923737,2,-464814181.284536,-402141444.105622,-489378801.63734,-450009.913907,-135760500.029666,-582344.511287,-454017806.020342,-45517676.47368,7967,-49899.088379,-164874.493188,588361.460549,48236186.538803,-217260261.726973,-209969046.215679,-2.2777,2.2788,-0.7046,0.7099,0.0045,0.1893,6.3808,0.9584,0.0137,0.356,0.7404,0.3277,382,3944,15284,,,
460,4.0738664e-05,3708.85,5.7700773049183284e-08,1.1838232421875006e-16,6.617675781250003e-18,72,14,14,13,13/12/11/7/6/3/1/2/4/5/8/9/10/14,0,49,2,0.144775/0.37915/0.393799/0.487793/0.314941/0.383057/0.390137/0.373535/0.296143/0.40625/0.53125/1.24463/0.644775/0.627441/0/0/0/0/0/0/0/0/0/0/0/0/0/0/0/0/0/0/0/0/0/0/0/0/0/0/0/0/0/0/0/0/0/0/0/0/0/0/0/0/0/0/0/0/0/0/0/0/0/0/0/0/0/0/0/0/0/0,380.599/248.888/248.888/249.006/246.661/246.783/306.414/249.67/246.783/4120.17/4211.01/4991.24/4724.99/4230.66/0/0/0/0/0/0/0/0/0/0/0/0/0/0/0/0/0/0/0/0/0/0/0/0/0/0/0/0/0/0/0/0/0/0/0/0/0/0/0/0/0/0/0/0/0/0/0/0/0/0/0/0/0/0/0/0/0/0,,,8066,1.8816029812029576e-11,3.150781250000001e-11,-1.761710518493932e-06,2.6233975455103944,0,0.0,19934,4.203503104932485e-11,7.786718750000003e-11,1.393627756507145e-06,2.7804204030112684e-07,6.187184335382292e-07,4.266058226526061e-06,1,1,nan,0.5052975701312044,19,13/12/11/10/14/12/7/6/3/12/1/2/4/5/8/9/10/14/12,18,3764.4,1.0,,,2.0105992481905567e-09,,,,,,,,,,,,,,1,23947,25,547325390.3596928,145724121.99082395,3.7559011019064994,3,-465004531.810053,-397072337.163547,-490788904.670777,-478686.233947,-110222248.980367,-581501.42666,-451233899.42002,-39155929.845213,8133,7371.167933,-134954.980582,844118.202873,48011884.144021,-268125531.283686,-196489230.264765,-2.3107,2.3124,-0.6777,0.6852,0.0045,0.1858,6.4099,0.9359,0.0137,0.3595,0.7317,0.3237,395,3652,14954,,,
480,4.0738664e-05,3817.41,5.7700773049183284e-08,1.1847875976562504e-16,6.521240234375003e-18,72,14,14,13,13/12/11/7/6/3/1/2/4/5/8/9/10/14,0,50,2,0.14502/0.378418/0.392822/0.486816/0.314941/0.382568/0.369629/0.372559/0.293213/0.405762/0.528564/1.23926/0.619629/0.592041/0/0/0/0/0/0/0/0/0/0/0/0/0/0/0/0/0/0/0/0/0/0/0/0/0/0/0/0/0/0/0/0/0/0/0/0/0/0/0/0/0/0/0/0/0/0/0/0/0/0/0/0/0/0/0/0/0/0,380.599/248.888/248.888/249.006/246.661/246.783/306.414/249.67/246.783/4120.17/4211.01/4991.24/4724.99/4230.65/0/0/0/0/0/0/0/0/0/0/0/0/0/0/0/0/0/0/0/0/0/0/0/0/0/0/0/0/0/0/0/0/0/0/0/0/0/0/0/0/0/0/0/0/0/0/0/0/0/0/0/0/0/0/0/0/0/0,,,8037,1.8743489900810052e-11,3.139453125000001e-11,-1.7624224182192056e-06,2.6120071499060176,0,0.0,19966,4.222748951733465e-11,7.799218750000003e-11,1.3917721252832001e-06,2.7804204030112684e-07,6.187184335382292e-07,4.266058226526061e-06,1,1,nan,0.5042279252289977,19,13/12/11/10/14/12/7/6/3/12/1/2/4/5/8/9/10/14/12,18,3766.7,1.0,,,1.9887731630750675e-09,,,,,,,,,,,,,,1,23546,30,546166778.3887417,143049322.18274793,3.8180312220634254,3,-459184912.04905,-392710524.998616,-492592447.637795,-429696.461081,-91342171.970046,-579320.679264,-450201293.560769,-26082787.957745,8163,53372.120971,-110532.951391,31249466.344754,51187215.855131,-266428792.914139,-188197027.525281,-2.0713,2.0797,-0.6251,0.6336,0.0044,0.1853,6.557,0.8782,0.0137,0.3159,0.721,0.319,402,3523,14647,,,
500,4.0738664e-05,3967.08,5.7700773049183284e-08,1.1857031250000006e-16,6.429687500000003e-18,72,14,14,13,13/12/11/7/6/3/1/2/4/5/8/9/10/14,0,50,2,0.144775/0.37793/0.391846/0.486084/0.315186/0.380859/0.347168/0.371826/0.291504/0.402588/0.526855/1.23608/0.594971/0.562012/0/0/0/0/0/0/0/0/0/0/0/0/0/0/0/0/0/0/0/0/0/0/0/0/0/0/0/0/0/0/0/0/0/0/0/0/0/0/0/0/0/0/0/0/0/0/0/0/0/0/0/0/0/0/0/0/0/0,380.599/248.888/248.888/249.006/246.661/246.783/305.629/249.67/246.783/4120.17/4211.01/4991.24/4722.76/4229.22/0/0/0/0/0/0/0/0/0/0/0/0/0/0/0/0/0/0/0/0/0/0/0/0/0/0/0/0/0/0/0/0/0/0/0/0/0/0/0/0/0/0/0/0/0/0/0/0/0/0/0/0/0/0/0/0/0/0,1-2:0.425329/1-3:0.422282/2-4:1.77081/3-6:1.75294/4-5:1.7115/4-13:0.330001/5-8:1.20617/5-12:0.0316994/5-13:0.189426/6-7:1.57979/8-9:1.51517/8-11:0.0213296/8-12:0.176239/8-13:0.00691323/9-10:1.1194/9-11:0.138716/9-12:0.0138265/10-11:0.590968/10-14:1.71896/11-12:2.17522/12-13:1.82598,1-2:-28.519/1-3:-33.883/2-4:-24.527/3-6:-37.874/4-5:-20.541/4-13:-20.429/5-8:-16.577/5-12:-16.344/5-13:-19.163/6-7:-41.835/8-9:-12.57/8-11:-12.45/8-12:-13.82/8-13:-15.472/9-10:-8.6351/9-11:-10.273/9-12:-11.362/10-11:-12.297/10-14:-6.0331/11-12:-53.529/12-13:-55.185,8028,1.8722659851742605e-11,3.135937500000001e-11,-1.7638411524684238e-06,2.589307401918527,0,0.0,19936,4.218619105948696e-11,7.787500000000003e-11,1.3933363835448406e-06,2.7764964811924243e-07,6.187184335382292e-07,4.266058226526061e-06,1,1,nan,0.5042016042234533,19,13/12/11/10/14/12/7/6/3/12/1/2/4/5/8/9/10/14/12,18,3767.2,1.0,,,1.9697149101376966e-09,2,14/1,1/1,1,1,1/0/0,1.0,14/1,5189/4210,6352/5370,6983/4154,14/1,16/3,1,23160,33,546138268.1494573,141353532.42734748,3.8636336762942944,3,-464406456.468823,-393748536.981006,-493037651.944731,-463568.02647,-59727005.095419,-578452.417897,-447461574.547353,-17458919.909093,8225,1099.396142,-35112.968909,21576545.483257,49672671.372617,-270826721.711887,-180176055.341338,-2.231,2.2379,-0.5728,0.5827,0.0043,0.1785,6.5045,0.8333,0.0135,0.3429,0.6987,0.3168,420,3309,14392,3662.3,618.7,350.4
520,5.092333e-05,4124.16,5.437565655933996e-08,1.1641479492187506e-16,8.585205078125003e-18,72,15,15,14,13/12/11/7/6/3/1/2/4/5/8/9/10/14/15,0,51,2,0.144531/0.377197/0.390869/0.486328/0.312988/0.380127/0.324219/0.371338/0.290283/1.1709/0.526123/1.23657/0.569336/1.28491/0.719482/0/0/0/0/0/0/0/0/0/0/0/0/0/0/0/0/0/0/0/0/0/0/0/0/0/0/0/0/0/0/0/0/0/0/0/0/0/0/0/0/0/0/0/0/0/0/0/0/0/0/0/0/0/0/0/0/0,380.599/248.888/249.66/251.893/246.661/246.783/305.629/249.67/246.783/4480.35/4211.01/4991.24/4722.76/4342.03/4210.34/0/0/0/0/0/0/0/0/0/0/0/0/0/0/0/0/0/0/0/0/0/0/0/0/0/0/0/0/0/0/0/0/0/0/0/0/0/0/0/0/0/0/0/0/0/0/0/0/0/0/0/0/0/0/0/0/0,,,8004,1.8653486339397815e-11,3.126562500000001e-11,-1.7660154696834074e-06,2.5545183264787896,0,0.0,29094,6.215497976770088e-11,1.1364843750000005e-10,1.3935670640420199e-06,3.0562887073542365e-07,6.187184335382292e-07,4.266058226526061e-06,1,1,nan,0.476363069909307,22,13/12/11/10/14/10/14/10/15/7/6/3/12/1/2/4/5/8/9/10/14/15,21,3754.2,1.0,,,2.3616091062778354e-09,,,,,,,,,,,,,,1,22787,37,547537147.1945512,166186486.372545,3.2947152271281643,3,-449388384.822982,-313308442.916414,-452627326.789508,-624666.516001,-65212937.36636,-1462800.374699,-428782134.652227,-66291143.004434,10394,182498.032763,186348.580934,24014311.46377,66975734.222103,-173119688.889326,-175579950.409648,-2.0609,2.0885,-0.4856,0.5068,0.0049,0.1685,4.1741,0.6252,0.0101,0.4991,0.8103,0.4852,541,5307,18944,,,
540,5.092333e-05,4258.0,5.437565655933996e-08,1.1651293945312504e-16,8.487060546875004e-18,72,15,15,14,13/12/11/7/6/3/1/2/4/5/8/9/10/14/15,0,51,2,0.144287/0.377686/0.389893/0.486084/0.312256/0.379395/0.30542/0.368652/0.289551/1.17505/0.52417/1.23755/0.55127/1.25415/0.69165/0/0/0/0/0/0/0/0/0/0/0/0/0/0/0/0/0/0/0/0/0/0/0/0/0/0/0/0/0/0/0/0/0/0/0/0/0/0/0/0/0/0/0/0/0/0/0/0/0/0/0/0/0/0/0/0/0,380.599/248.888/249.666/251.893/246.661/246.783/304.187/249.67/246.783/4480.35/4211.01/4991.24/4722.76/4342.03/4209.56/0/0/0/0/0/0/0/0/0/0/0/0/0/0/0/0/0/0/0/0/0/0/0/0/0/0/0/0/0/0/0/0/0/0/0/0/0/0/0/0/0/0/0/0/0/0/0/0/0/0/0/0/0/0/0/0/0,,,7983,1.859741018111327e-11,3.118359375000001e-11,-1.7659473936258608e-06,2.5556075433995353,0,0.0,28956,6.190856030820409e-11,1.1310937500000004e-10,1.3927661003070097e-06,3.04187424043829e-07,6.187184335382292e-07,4.266058226526061e-06,1,1,nan,0.47652223673012356,22,13/12/11/10/14/10/14/10/15/7/6/3/12/1/2/4/5/8/9/10/14/15,21,3756.7,1.0,,,2.340410410331617e-09,,,,,,,,,,,,,,1,22463,37,547720095.3542701,164024252.73041013,3.339262860441142,3,-452109350.483858,-299999119.524086,-455244870.717271,-537829.936866,-54630138.239492,-1417050.095787,-428185179.171298,-59024969.759567,10383,495157.181591,1295488.375741,56198839.345521,79088437.566068,-171643514.99137,-170462507.460085,-1.8368,1.8788,-0.433,0.4583,0.0047,0.1637,4.0202,0.5654,0.0097,0.4659,0.8101,0.4789,498,5344,18555,,,
560,5.092333e-05,4393.5,5.437565655933996e-08,1.1659375000000005e-16,8.406250000000004e-18,72,15,15,14,13/12/11/7/6/3/1/2/4/5/8/9/10/14/15,0,51,2,0.144287/0.377441/0.389404/0.485352/0.312012/0.37915/0.287109/0.366455/0.287842/1.17749/0.523438/1.23804/0.537354/1.22974/0.671143/0/0/0/0/0/0/0/0/0/0/0/0/0/0/0/0/0/0/0/0/0/0/0/0/0/0/0/0/0/0/0/0/0/0/0/0/0/0/0/0/0/0/0/0/0/0/0/0/0/0/0/0/0/0/0/0/0,380.599/248.888/249.666/251.893/246.661/246.781/302.744/249.67/246.783/4480.35/4211.01/4991.24/4722.76/4314.38/4209.55/0/0/0/0/0/0/0/0/0/0/0/0/0/0/0/0/0/0/0/0/0/0/0/0/0/0/0/0/0/0/0/0/0/0/0/0/0/0/0/0/0/0/0/0/0/0/0/0/0/0/0/0/0/0/0/0/0,,,7970,1.856043569938825e-11,3.113281250000001e-11,-1.763482526174672e-06,2.595045422618555,0,0.0,28824,6.171734888085497e-11,1.1259375000000004e-10,1.3924903634392445e-06,3.0274393156935425e-07,6.187184335382292e-07,4.266058226526061e-06,1,1,nan,0.47680928986412435,22,13/12/11/10/14/10/14/10/15/7/6/3/12/1/2/4/5/8/9/10/14/15,21,3759.1,1.0,,,2.3209838229390385e-09,,,,,,,,,,,,,,1,24934,35,548050037.501368,164027511.1275192,3.341208031104611,3,-452874279.7298,-286508563.098156,-457649200.432071,-448219.501485,-44760889.369029,-1370307.383082,-426730485.548892,-56194515.876928,10430,519325.676295,5431764.510524,54708745.986804,76851614.798719,-169845076.749111,-166452631.660668,-1.7788,1.8168,-0.4017,0.4309,0.0045,0.1578,4.1,0.5336,0.0094,0.4415,0.8071,0.4719,496,5360,18167,,,
580,5.092333e-05,4525.43,5.437565655933996e-08,1.1666943359375006e-16,8.330566406250004e-18,72,15,15,14,13/12/11/7/6/3/1/2/4/5/8/9/10/14/15,0,53,2,0.144287/0.377197/0.388916/0.484619/0.311035/0.377686/0.269043/0.365479/0.286865/1.18188/0.520752/1.24023/0.525635/1.20337/0.653564/0/0/0/0/0/0/0/0/0/0/0/0/0/0/0/0/0/0/0/0/0/0/0/0/0/0/0/0/0/0/0/0/0/0/0/0/0/0/0/0/0/0/0/0/0/0/0/0/0/0/0/0/0/0/0/0/0,380.599/248.888/249.666/251.893/246.661/246.781/302.744/249.67/246.783/4480.35/4211.01/4991.24/4722.76/4314.38/4236.55/0/0/0/0/0/0/0/0/0/0/0/0/0/0/0/0/0/0/0/0/0/0/0/0/0/0/0/0/0/0/0/0/0/0/0/0/0/0/0/0/0/0/0/0/0/0/0/0/0/0/0/0/0/0/0/0/0,,,7967,1.8547338217466582e-11,3.112109375000001e-11,-1.7635505685686899e-06,2.5939567443142697,0,0.0,28792,6.172270604372647e-11,1.1246875000000004e-10,1.392413393429404e-06,3.0274393156935425e-07,6.187184335382292e-07,4.266058226526061e-06,1,1,nan,0.47713368699841413,20,13/12/11/10/14/10/15/7/6/3/12/1/2/4/5/8/9/10/14/15,19,3761.4,1.0,,,2.302856880113883e-09,,,,,,,,,,,,,,1,24568,38,548422903.2684413,163750501.12596124,3.3491372514736906,2,-451980805.75181,-278306486.724842,-459631439.152987,-419690.819642,-38308162.666,-1234611.688129,-423866179.762242,-52256834.025645,10443,534693.26396,7380319.715896,29632599.864213,83191818.976564,-169231523.834315,-164288368.205962,-1.7018,1.7393,-0.3801,0.4126,0.0043,0.1518,4.1099,0.5117,0.0091,0.4216,0.8058,0.4653,491,5397,17797,,,
600,5.092333e-05,4660.6,5.437565655933996e-08,1.1674633789062505e-16,8.253662109375003e-18,72,15,15,14,13/12/11/7/6/3/1/2/4/5/8/9/10/14/15,0,53,2,0.144287/0.377197/0.388672/0.483887/0.309814/0.376953/0.250488/0.364746/0.285645/1.18872/0.520264/1.24048/0.510742/1.17969/0.63208/0/0/0/0/0/0/0/0/0/0/0/0/0/0/0/0/0/0/0/0/0/0/0/0/0/0/0/0/0/0/0/0/0/0/0/0/0/0/0/0/0/0/0/0/0/0/0/0/0/0/0/0/0/0/0/0/0,380.599/248.888/249.666/251.893/246.661/246.781/301.302/249.67/246.783/4480.35/4211.01/4991.24/4722.76/4314.38/4236.55/0/0/0/0/0/0/0/0/0/0/0/0/0/0/0/0/0/0/0/0/0/0/0/0/0/0/0/0/0/0/0/0/0/0/0/0/0/0/0/0/0/0/0/0/0/0/0/0/0/0/0/0/0/0/0/0/0,1-2:0.415778/1-3:0.422282/2-4:1.77386/3-6:1.74989/4-5:1.70846/4-13:0.330001/5-8:1.17052/5-12:0.0316994/5-13:0.180285/6-7:1.55846/8-9:1.49384/8-11:0.0213296/8-12:0.176239/8-13:0.00691323/9-10:1.11026/9-11:0.138716/9-12:0.0138265/10-11:0.581418/10-14:1.66025/11-12:2.16912/12-13:1.77295/14-15:0.0286525,1-2:-28.518/1-3:-33.883/2-4:-24.527/3-6:-37.878/4-5:-20.539/4-13:-20.429/5-8:-16.572/5-12:-16.344/5-13:-19.163/6-7:-41.837/8-9:-12.568/8-11:-12.45/8-12:-13.82/8-13:-15.472/9-10:-8.6342/9-11:-10.273/9-12:-11.362/10-11:-12.297/10-14:-5.5258/11-12:-53.529/12-13:-55.194/14-15:-30.528,7955,1.8514729648289744e-11,3.107421875000001e-11,-1.7614050290107795e-06,2.6282853772408363,0,0.0,28714,6.164064992626329e-11,1.1216406250000004e-10,1.3914406958965868e-06,3.0130248487775916e-07,6.187184335382292e-07,4.266058226526061e-06,1,1,nan,0.477601644955802,20,13/12/11/10/14/10/15/7/6/3/12/1/2/4/5/8/9/10/14/15,19,3763.2,1.0,,,2.285974101712042e-09,4,15/1/1/1,1/1/1/1,1,1,1/0/0,1.0,15/1/1/1,5549/4210/4210/4210,6352/3799/5370/3799,6983/3977/4198/3757,15/1/1/1,18/3/3/3,1,24202,37,548960779.483413,163608346.02199522,3.355334815313222,2,-447078222.247623,-270275143.026504,-461519894.141736,-479289.091571,-32381486.084802,-1112862.65838,-421375774.112772,-47818795.907798,10476,500798.809009,9354860.997357,45296190.484092,86288170.454827,-171088310.524344,-162432653.624521,-1.6293,1.6727,-0.3547,0.3898,0.004,0.1441,3.734,0.4848,0.0088,0.4462,0.8035,0.4569,502,5334,17507,3332.5,618.7,372.6
620,6.1107996e-05,4828.98,5.141289118816265e-08,1.1551562500000005e-16,9.484375000000005e-18,72,16,16,15,16/13/12/11/7/6/3/1/2/4/5/8/9/10/14/15,0,49,3,0.144287/0.376953/0.388672/0.403076/0.303955/0.376465/0.235107/0.363281/0.284668/1.19775/0.518799/1.24365/0.384521/1.93213/0.611816/0.719238/0/0/0/0/0/0/0/0/0/0/0/0/0/0/0/0/0/0/0/0/0/0/0/0/0/0/0/0/0/0/0/0/0/0/0/0/0/0/0/0/0/0/0/0/0/0/0/0/0/0/0/0/0/0/0/0,380.599/248.888/249.666/251.893/246.661/246.781/301.302/249.67/246.783/4480.35/4211.01/4991.24/4693.66/4307.83/4236.55/4727.87/0/0/0/0/0/0/0/0/0/0/0/0/0/0/0/0/0/0/0/0/0/0/0/0/0/0/0/0/0/0/0/0/0/0/0/0/0/0/0/0/0/0/0/0/0/0/0/0/0/0/0/0/0/0/0/0,,,8510,1.978649017057392e-11,3.324218750000001e-11,-1.8981573202087918e-06,0.4402487180726393,0,0.0,32824,7.046630773326924e-11,1.2821875000000004e-10,1.511798167900456e-06,3.409506090856021e-07,6.187184335382292e-07,4.229257263368875e-06,1,1,nan,0.4493428246768466,21,16/13/12/11/10/14/15/16/7/6/3/12/1/2/4/5/8/9/10/14/15,20,3838.0,1.0,,,2.6015669792762756e-09,,,,,,,,,,,,,,1,26009,36,546242895.3765779,171748918.63790914,3.1804735640181714,2,-447403097.291141,-270736319.352159,-458986846.520334,-496694.941036,-33033848.266749,-1556783.046241,-428652408.802936,-40088578.234399,11622,1261087.295681,15938553.014362,47242632.041735,90912154.714074,-177541785.654985,-165571069.512058,-1.5815,1.6386,-0.3526,0.3946,0.0038,0.1359,3.375,0.4785,0.0076,0.4838,0.8241,0.4925,587,6567,20080,,,
640,6.1107996e-05,4960.68,5.141289118816265e-08,1.1559643554687506e-16,9.403564453125005e-18,72,16,16,15,16/13/12/11/7/6/3/1/2/4/5/8/9/10/14/15,0,58,3,0.144287/0.376953/0.388184/0.403076/0.303467/0.375732/0.218262/0.362305/0.283691/1.20093/0.518799/1.2478/0.37793/1.92017/0.592285/0.689697/0/0/0/0/0/0/0/0/0/0/0/0/0/0/0/0/0/0/0/0/0/0/0/0/0/0/0/0/0/0/0/0/0/0/0/0/0/0/0/0/0/0/0/0/0/0/0/0/0/0/0/0/0/0/0/0,380.599/248.888/249.666/251.893/246.661/246.781/301.302/249.67/246.783/4480.35/4211.01/4991.24/4687.11/4307.83/4235.77/4727.87/0/0/0/0/0/0/0/0/0/0/0/0/0/0/0/0/0/0/0/0/0/0/0/0/0/0/0/0/0/0/0/0/0/0/0/0/0/0/0/0/0/0/0/0/0/0/0/0/0/0/0/0/0/0/0/0,,,8470,1.9683069551239746e-11,3.3085937500000016e-11,-1.895722767463598e-06,0.47920156199573843,0,0.0,32736,7.037487987154058e-11,1.2787500000000004e-10,1.5082363939020045e-06,3.409506090856021e-07,6.187184335382292e-07,4.228225177639112e-06,1,1,nan,0.44965536039389964,21,16/13/12/11/10/14/15/16/7/6/3/12/1/2/4/5/8/9/10/14/15,20,3841.4,1.0,,,2.5810576439004668e-09,,,,,,,,,,,,,,1,25583,39,546622828.9275686,170224643.0018475,3.211185051048313,2,-444355944.449535,-258956654.857486,-462307052.712779,-415814.466769,-25490316.468361,-1437102.897445,-426463082.324075,-38625508.466479,11678,3070841.324054,19471724.839842,66846523.537061,101301770.219386,-175790610.559314,-161978250.262329,-1.4423,1.5075,-0.3097,0.3575,0.0036,0.1326,3.1285,0.4348,0.0075,0.48,0.8214,0.4849,575,6547,19731,,,
660,6.1107996e-05,5106.48,5.141289118816265e-08,1.1566894531250006e-16,9.331054687500005e-18,72,16,16,15,16/13/12/11/7/6/3/1/2/4/5/8/9/10/14/15,0,58,3,0.143799/0.374512/0.388184/0.402832/0.301758/0.374268/0.201904/0.361328/0.283203/1.20435/0.517822/1.25122/0.37207/1.91064/0.579346/0.663818/0/0/0/0/0/0/0/0/0/0/0/0/0/0/0/0/0/0/0/0/0/0/0/0/0/0/0/0/0/0/0/0/0/0/0/0/0/0/0/0/0/0/0/0/0/0/0/0/0/0/0/0/0/0/0/0,380.599/248.888/249.666/251.893/246.661/246.781/301.302/249.67/246.783/4480.35/4211.01/4991.24/4687.11/4307.83/4235.77/4727.87/0/0/0/0/0/0/0/0/0/0/0/0/0/0/0/0/0/0/0/0/0/0/0/0/0/0/0/0/0/0/0/0/0/0/0/0/0/0/0/0/0/0/0/0/0/0/0/0/0/0/0/0/0/0/0/0,,,8451,1.9637043924140968e-11,3.3011718750000016e-11,-1.8940912284350771e-06,0.5053061864520735,0,0.0,32672,7.033020393851659e-11,1.2762500000000004e-10,1.5087972116459594e-06,3.409506090856021e-07,6.187184335382292e-07,4.228225177639112e-06,1,1,nan,0.45018108008392804,21,16/13/12/11/10/14/15/16/7/6/3/12/1/2/4/5/8/9/10/14/15,20,3842.8,1.0,,,2.5631302712291935e-09,,,,,,,,,,,,,,1,25201,36,547261919.2387227,169201656.7955053,3.2343768353293116,2,-445972802.838419,-249453262.813947,-464579221.105819,-378413.641744,-18780053.115522,-1399136.591368,-421468599.876342,-37129441.997313,11816,4000970.559608,21030877.155751,87585931.533648,95695443.589598,-175545161.58352,-160260282.887375,-1.3143,1.3962,-0.2767,0.3284,0.0035,0.1321,2.9951,0.4018,0.0073,0.4642,0.8166,0.4792,558,6445,19411,,,
680,6.1107996e-05,5244.44,5.141289118816265e-08,1.1574536132812504e-16,9.254638671875004e-18,72,16,16,15,16/13/12/11/7/6/3/1/2/4/5/8/9/10/14/15,0,63,3,0.143799/0.371582/0.387695/0.402832/0.301025/0.373779/0.187256/0.36084/0.282715/1.21094/0.51709/1.25342/0.366211/1.89868/0.560303/0.636475/0/0/0/0/0/0/0/0/0/0/0/0/0/0/0/0/0/0/0/0/0/0/0/0/0/0/0/0/0/0/0/0/0/0/0/0/0/0/0/0/0/0/0/0/0/0/0/0/0/0/0/0/0/0/0/0,380.599/248.888/249.666/251.893/246.661/246.781/301.3/249.67/246.783/4480.34/4211.01/4991.24/4687.11/4307.83/4206.01/4727.87/0/0/0/0/0/0/0/0/0/0/0/0/0/0/0/0/0/0/0/0/0/0/0/0/0/0/0/0/0/0/0/0/0/0/0/0/0/0/0/0/0/0/0/0/0/0/0/0/0/0/0/0/0/0/0/0,,,8419,1.9560637601487123e-11,3.288671875000001e-11,-1.892370863235743e-06,0.5328320296414201,0,0.0,32580,7.022394907160549e-11,1.2726562500000004e-10,1.5069405197789146e-06,3.4094958619416205e-07,6.187184335382292e-07,4.228225177639112e-06,1,1,nan,0.4502703805069549,21,16/13/12/11/10/14/15/16/7/6/3/12/1/2/4/5/8/9/10/14/15,20,3845.0,1.0,,,2.5468288519305407e-09,,,,,,,,,,,,,,1,24795,40,547370477.1569839,168535977.23146623,3.247796026395176,2,-446003083.151071,-240833084.194235,-465375098.368159,-390978.223778,-14108877.833264,-1387050.717188,-419425786.078168,-31275932.401948,11837,3867253.396436,22247259.152867,87510501.900223,99980328.420648,-175357885.884206,-159168165.5424,-1.272,1.345,-0.2542,0.3079,0.0034,0.1264,2.954,0.3782,0.0071,0.4533,0.8134,0.4777,567,6344,19180,,,
700,6.1107996e-05,5370.56,5.141289118816265e-08,1.1581494140625005e-16,9.185058593750005e-18,72,16,16,15,16/13/12/11/7/6/3/1/2/4/5/8/9/10/14/15,0,68,3,0.143555/0.370117/0.387695/0.401611/0.300293/0.373047/0.17334/0.360352/0.282471/1.21948/0.517334/1.25464/0.362061/1.88647/0.540771/0.611816/0/0/0/0/0/0/0/0/0/0/0/0/0/0/0/0/0/0/0/0/0/0/0/0/0/0/0/0/0/0/0/0/0/0/0/0/0/0/0/0/0/0/0/0/0/0/0/0/0/0/0/0/0/0/0/0,380.599/248.888/249.666/251.893/246.661/246.781/301.3/249.67/246.783/4473.79/4211.01/4991.23/4687.11/4307.83/4206.01/4727.87/0/0/0/0/0/0/0/0/0/0/0/0/0/0/0/0/0/0/0/0/0/0/0/0/0/0/0/0/0/0/0/0/0/0/0/0/0/0/0/0/0/0/0/0/0/0/0/0/0/0/0/0/0/0/0/0,1-2:0.415778/1-3:0.412731/2-4:1.56547/2-16:0.222305/3-6:1.73729/4-5:1.56701/4-13:0.0308803/4-16:0.258329/5-8:1.15833/5-12:0.0316994/5-13:0.0836385/5-16:0.00345662/6-7:1.53713/8-9:1.48469/8-11:0.0213296/8-12:0.176239/8-13:0.00691323/9-10:1.09329/9-11:0.136987/9-12:0.0138265/10-11:0.559269/10-14:1.60845/11-12:2.16221/12-13:1.75771/13-16:1.42007/14-15:0.0160545,1-2:-28.518/1-3:-33.884/2-4:-24.542/2-16:-24.402/3-6:-37.878/4-5:-20.528/4-13:-20.337/4-16:-22.538/5-8:-16.569/5-12:-16.344/5-13:-18.246/5-16:-20.065/6-7:-41.838/8-9:-12.568/8-11:-12.45/8-12:-13.82/8-13:-15.472/9-10:-8.6323/9-11:-10.273/9-12:-11.362/10-11:-10.113/10-14:-5.1762/11-12:-53.529/12-13:-55.246/13-16:-56.535/14-15:0.83441,8389,1.9481094365540585e-11,3.276953125000001e-11,-1.892929272590091e-06,0.5238974799718517,0,0.0,32524,7.016145142822163e-11,1.2704687500000005e-10,1.5068548044435739e-06,3.4094958619416205e-07,6.187184335382292e-07,4.228225177639112e-06,1,1,nan,0.45090784932726524,21,16/13/12/11/10/14/15/16/7/6/3/12/1/2/4/5/8/9/10/14/15,20,3844.8,1.0,,,2.532054271276212e-09,5,16/1/1/1/1,1/1/1/1/1,1,1,1/0/0,1.0,16/1/1/1/1,5797/4210/4210/4210/4210,6898/3799/5370/3799/4581,6983/4022/4243/3801/4110,16/1/1/1/1,20/3/3/3/3,1,24419,45,548145415.1219308,168475835.58733395,3.2535551060542747,2,-452439349.560007,-236057882.9158,-466008232.500327,-372125.703784,-11544409.94631,-1365500.843845,-417826715.651305,-25383715.819385,11844,2368028.261872,22565692.547217,39665124.397586,103900246.200452,-177052843.993392,-158923416.988304,-1.1628,1.2146,-0.2392,0.2932,0.0033,0.1185,2.8712,0.3594,0.0069,0.4208,0.8149,0.4754,549,6315,18929,3225.1,618.7,384.9
720,7.1292662e-05,5514.88,4.875630719935003e-08,1.1395239257812506e-16,1.1047607421875004e-17,72,17,17,16,17/16/13/12/11/7/6/3/1/2/4/5/8/9/10/14/15,0,69,3,0.143311/0.313477/0.386963/0.394531/0.300049/0.372803/0.164063/0.360352/0.281738/1.22461/1.26221/1.25659/1.13647/1.7522/0.516602/0.464844/0.716797/0/0/0/0/0/0/0/0/0/0/0/0/0/0/0/0/0/0/0/0/0/0/0/0/0/0/0/0/0/0/0/0/0/0/0/0/0/0/0/0/0/0/0/0/0/0/0/0/0/0/0/0/0/0/0,380.599/248.888/249.666/251.769/246.661/246.781/298.415/251.102/246.783/4478.9/4828.15/4991.23/5266.22/4307.83/4200.9/4664.57/4734.43/0/0/0/0/0/0/0/0/0/0/0/0/0/0/0/0/0/0/0/0/0/0/0/0/0/0/0/0/0/0/0/0/0/0/0/0/0/0/0/0/0/0/0/0/0/0/0/0/0/0/0/0/0/0/0,,,9446,2.1749704232659077e-11,3.6898437500000016e-11,-1.920798700211059e-06,0.07798663803636645,0,0.0,38442,8.304030983998406e-11,1.5016406250000006e-10,1.5946982118190975e-06,3.80598733293445e-07,6.187184335382292e-07,4.263994055066534e-06,1,1,nan,0.42494718272871695,26,17/16/13/12/11/10/14/15/17/16/7/6/3/12/13/1/17/2/17/4/5/8/9/10/14/15,25,4063.5,1.0,,,2.986649758948196e-09,,,,,,,,,,,,,,1,32804,39,544733603.6331085,177004402.6254706,3.0775144321451036,2,-442551947.608613,-251578290.204865,-449399386.607671,-344401.18359,-947979.438702,-819376.947884,-411746176.025987,-3832065.290597,13696,12134032.517119,44475032.914505,112861778.306061,192775924.766255,-177239515.566746,-146884163.299407,-0.9309,1.1131,-0.2217,0.324,0.0028,0.1138,2.3547,0.4147,0.0056,0.4702,0.7804,0.5073,704,8083,22779,,,
740,7.1292662e-05,5629.7,4.875630719935003e-08,1.1400830078125006e-16,1.0991699218750005e-17,72,17,17,16,17/16/13/12/11/7/6/3/1/2/4/5/8/9/10/14/15,0,76,3,0.143066/0.313232/0.385986/0.394287/0.299805/0.372803/0.152832/0.359619/0.281738/1.23389/1.25635/1.25854/1.1438/1.75806/0.497559/0.450195/0.689941/0/0/0/0/0/0/0/0/0/0/0/0/0/0/0/0/0/0/0/0/0/0/0/0/0/0/0/0/0/0/0/0/0/0/0/0/0/0/0/0/0/0/0/0/0/0/0/0/0/0/0/0/0/0/0,380.599/248.888/249.666/251.769/246.661/246.781/298.415/251.102/246.783/4478.9/4828.15/4991.23/5266.22/4321.57/4200.9/4664.57/4734.43/0/0/0/0/0/0/0/0/0/0/0/0/0/0/0/0/0/0/0/0/0/0/0/0/0/0/0/0/0/0/0/0/0/0/0/0/0/0/0/0/0/0/0/0/0/0/0/0/0/0/0/0/0/0/0,,,9402,2.1635414132886437e-11,3.6726562500000015e-11,-1.919495771988318e-06,0.09883348960021901,0,0.0,38386,8.296726331505344e-11,1.4994531250000007e-10,1.592675995644796e-06,3.80598733293445e-07,6.187184335382292e-07,4.263994055066534e-06,1,1,nan,0.4257463496043729,26,17/16/13/12/11/10/14/15/17/16/7/6/3/12/13/1/17/2/17/4/5/8/9/10/14/15,25,4063.8,1.0,,,2.966679101799582e-09,,,,,,,,,,,,,,1,32437,46,545758044.0101099,175713129.04910827,3.105960533305292,2,-443068439.833862,-241062851.144687,-451260445.520072,-353329.868684,-566001.816803,-762419.079475,-406186161.545535,-3129273.963345,13868,11660241.489888,45612025.35106,123204092.085979,164222338.099042,-177763570.559354,-145357816.470509,-0.8591,1.0263,-0.1827,0.291,0.0028,0.1111,2.2489,0.3751,0.0055,0.4535,0.7749,0.503,688,7961,22522,,,
760,7.1292662e-05,5736.2,4.875630719935003e-08,1.1407128906250006e-16,1.0928710937500005e-17,72,17,17,16,17/16/13/12/11/7/6/3/1/2/4/5/8/9/10/14/15,0,77,3,0.143066/0.312744/0.384766/0.394287/0.299316/0.372559/0.143311/0.358887/0.281494/1.23926/1.25513/1.25854/1.14917/1.75879/0.477783/0.441162/0.658447/0/0/0/0/0/0/0/0/0/0/0/0/0/0/0/0/0/0/0/0/0/0/0/0/0/0/0/0/0/0/0/0/0/0/0/0/0/0/0/0/0/0/0/0/0/0/0/0/0/0/0/0/0/0/0,380.599/248.888/249.666/251.769/246.661/246.781/298.415/251.112/246.783/4478.9/4828.15/4991.23/5271.33/4321.57/4200.9/4664.57/4734.43/0/0/0/0/0/0/0/0/0/0/0/0/0/0/0/0/0/0/0/0/0/0/0/0/0/0/0/0/0/0/0/0/0/0/0/0/0/0/0/0/0/0/0/0/0/0/0/0/0/0/0/0/0/0/0,,,9367,2.1552504242342297e-11,3.6589843750000015e-11,-1.9179973441757418e-06,0.12280833460143982,0,0.0,38336,8.295206351306364e-11,1.4975000000000005e-10,1.5909337416608119e-06,3.80598733293445e-07,6.187184335382292e-07,4.263994055066534e-06,1,1,nan,0.4266577004414751,26,17/16/13/12/11/10/14/15/17/16/7/6/3/12/13/1/17/2/17/4/5/8/9/10/14/15,25,4063.1,1.0,,,2.9497729261564137e-09,,,,,,,,,,,,,,1,32086,46,546926291.3731843,175400244.6133649,3.1181615087183885,2,-440198455.726922,-235494004.127506,-451945577.941624,-331907.861515,-446012.23114,-719699.149126,-401577140.842929,-1783163.530775,13956,12163724.516322,45554088.960485,140428744.131894,181593791.889156,-177127667.549274,-145684878.062134,-0.7879,0.9443,-0.163,0.2717,0.0027,0.1035,2.0897,0.3522,0.0053,0.4488,0.7706,0.5003,693,7825,22299,,,
780,7.1292662e-05,5847.01,4.875630719935003e-08,1.1412133789062506e-16,1.0878662109375006e-17,72,17,17,16,17/16/13/12/11/7/6/3/1/2/4/5/8/9/10/14/15,0,78,3,0.143066/0.312744/0.384766/0.394043/0.299072/0.37207/0.134277/0.35791/0.28125/1.24536/1.25171/1.25977/1.15674/1.76465/0.45752/0.43335/0.630371/0/0/0/0/0/0/0/0/0/0/0/0/0/0/0/0/0/0/0/0/0/0/0/0/0/0/0/0/0/0/0/0/0/0/0/0/0/0/0/0/0/0/0/0/0/0/0/0/0/0/0/0/0/0/0,380.599/248.888/249.666/251.769/246.661/246.781/298.415/251.112/246.783/4478.9/4828.15/4991.23/5271.33/4321.57/4200.9/4664.57/4734.43/0/0/0/0/0/0/0/0/0/0/0/0/0/0/0/0/0/0/0/0/0/0/0/0/0/0/0/0/0/0/0/0/0/0/0/0/0/0/0/0/0/0/0/0/0/0/0/0/0/0/0/0/0/0/0,,,9333,2.1470004146078083e-11,3.645703125000001e-11,-1.9200298726765165e-06,0.09028787858904372,0,0.0,38328,8.304373813461096e-11,1.4971875000000007e-10,1.5901854575886378e-06,3.80598733293445e-07,6.187184335382292e-07,4.263994055066534e-06,1,1,nan,0.42759691382818515,26,17/16/13/12/11/10/14/15/17/16/7/6/3/12/13/1/17/2/17/4/5/8/9/10/14/15,25,4062.6,1.0,,,2.9346911902365295e-09,,,,,,,,,,,,,,1,31765,49,548130255.3327469,174660640.0328433,3.1382585981001565,2,-434257323.852404,-230708876.95137,-452071297.729152,-326715.240132,-362134.387238,-695540.670102,-395783157.0527,-1343912.221314,14075,12578617.953953,45423529.443387,183141556.703486,196139728.055957,-175719111.308632,-145632635.805619,-0.7391,0.9556,-0.1494,0.259,0.0026,0.1018,2.106,0.3363,0.0052,0.4508,0.7693,0.4979,701,7669,22120,,,
800,7.1292662e-05,5974.7,4.875630719935003e-08,1.1415844726562506e-16,1.0841552734375005e-17,72,17,17,16,17/16/13/12/11/7/6/3/1/2/4/5/8/9/10/14/15,0,86,3,0.142822/0.311523/0.384766/0.393799/0.298584/0.371582/0.128174/0.357422/0.280762/1.25195/1.25098/1.26294/1.1626/1.77246/0.439941/0.425049/0.606201/0/0/0/0/0/0/0/0/0/0/0/0/0/0/0/0/0/0/0/0/0/0/0/0/0/0/0/0/0/0/0/0/0/0/0/0/0/0/0/0/0/0/0/0/0/0/0/0/0/0/0/0/0/0/0,380.599/248.888/249.666/251.769/246.661/246.781/298.415/251.112/246.783/4478.9/4807.84/4991.23/5271.33/4321.57/4200.9/4664.57/4727.88/0/0/0/0/0/0/0/0/0/0/0/0/0/0/0/0/0/0/0/0/0/0/0/0/0/0/0/0/0/0/0/0/0/0/0/0/0/0/0/0/0/0/0/0/0/0/0/0/0/0/0/0/0/0/0,1-2:0.415778/1-3:0.412731/2-4:1.4484/2-17:0.110882/3-6:1.73211/4-5:1.55787/4-13:0.0308803/4-16:0.13344/4-17:0.038023/5-8:1.14919/5-12:0.0316994/5-13:0.0836385/5-16:0.00345662/6-7:1.52799/8-9:1.48165/8-11:0.0213296/8-12:0.176239/8-13:0.00691323/9-10:1.09025/9-11:0.136987/9-12:0.0138265/10-11:0.651278/10-14:1.56101/11-12:2.14352/11-15:0.0992824/12-13:1.72378/13-14:0.460411/13-16:1.38145/14-15:0.00304708/16-17:1.77395,1-2:-28.518/1-3:-33.884/2-4:-24.53/2-17:-25.695/3-6:-37.876/4-5:-20.528/4-13:-20.337/4-16:-21.514/4-17:-23.408/5-8:-16.569/5-12:-16.344/5-13:-18.246/5-16:-20.065/6-7:-41.838/8-9:-12.564/8-11:-12.45/8-12:-13.82/8-13:-15.472/9-10:-8.6282/9-11:-10.273/9-12:-11.362/10-11:-7.7626/10-14:-5.1758/11-12:-53.529/11-15:1.9636/12-13:-55.068/13-14:-10.939/13-16:-56.311/14-15:1.1021/16-17:-49.151,9303,2.1401010814569743e-11,3.6339843750000015e-11,-1.9200949565041756e-06,0.08924653734649879,0,0.0,38376,8.32401133416921e-11,1.4990625000000005e-10,1.5886524831040743e-06,3.80598733293445e-07,6.187184335382292e-07,4.263994055066534e-06,1,1,nan,0.42850345861851963,27,17/16/13/12/11/10/14/15/17/16/7/6/3/12/13/1/2/17/2/17/4/5/8/9/10/14/15,26,4063.2,1.0,,,2.920606079949683e-09,4,17/2/1/1,1/1/1/1,1,1,1/0/0,1.0,17/2/1/1,6037/4239/4210/4210,7430/4581/3799/5370,6983/4640/3845/4243,17/2/1/1,28/3/3/3,1,31498,54,549292341.894476,174410569.5535004,3.1494211807271273,2,-441477792.889551,-227271148.584737,-450560715.232402,-309656.750119,-304809.482575,-668779.401265,-390941563.623053,-1159586.751216,14237,13539116.157363,46024880.389185,123680869.60001,208899689.865481,-176377610.067695,-144878945.783415,-0.7488,0.9471,-0.133,0.2446,0.0026,0.1002,2.0985,0.3183,0.0051,0.4484,0.7675,0.4979,707,7548,21931,3241.5,618.7,405.3
820,8.1477328e-05,6115.26,4.6360773959283e-08,1.1240527343750005e-16,1.2594726562500006e-17,72,19,19,18,19/17/16/13/12/11/7/6/3/1/2/4/5/8/9/10/14/15/18,0,79,4,0.142822/0.30957/0.384033/0.392822/0.297852/0.371338/0.12085/0.356445/0.280273/1.25708/1.16479/1.26318/1.17017/1.74097/0.31665/1.15186/0.44458/0.712158/0.717285/0/0/0/0/0/0/0/0/0/0/0/0/0/0/0/0/0/0/0/0/0/0/0/0/0/0/0/0/0/0/0/0/0/0/0/0/0/0/0/0/0/0/0/0/0/0/0/0/0/0/0/0/0,380.599/248.888/249.666/251.769/246.661/246.781/298.415/251.112/246.783/4487.55/4807.84/4991.23/5271.33/4321.59/4152.81/5487.49/4664.57/4211.78/4726.43/0/0/0/0/0/0/0/0/0/0/0/0/0/0/0/0/0/0/0/0/0/0/0/0/0/0/0/0/0/0/0/0/0/0/0/0/0/0/0/0/0/0/0/0/0/0/0/0/0/0/0/0/0,,,11281,2.591682017481657e-11,4.4066406250000014e-11,-1.8593905252056308e-06,1.0605174381232154,0,0.0,42436,9.170242935898197e-11,1.6576562500000007e-10,1.6739667429979196e-06,4.152807786119047e-06,6.187184335382292e-07,4.235378953124596e-06,1,1,nan,0.3964855561650749,29,19/17/16/13/12/11/16/10/14/15/18/17/16/7/6/3/12/13/1/19/2/4/5/8/9/10/14/15/18,28,4246.1,1.0,,,3.622218079008729e-09,,,,,,,,,,,,,,1,42036,41,534511077.8797798,179181665.92509905,2.9830679111065663,2,-474566380.434914,-258143184.136763,-479713150.51727,-310775.599646,-479253.00269,-587464.977359,-446939761.989962,-838520.290226,16110,19052655.207394,51635351.482617,182449250.968212,236757241.016176,-180303438.314173,-149539671.2904,-0.8144,1.0752,-0.2622,0.3762,0.0029,0.1227,2.478,0.4842,0.0059,0.4316,0.7764,0.4903,797,9030,25681,,,
840,8.1477328e-05,6259.44,4.6360773959283e-08,1.1252148437500006e-16,1.2478515625000005e-17,72,19,19,18,19/17/16/13/12/11/7/6/3/1/2/4/5/8/9/10/14/15/18,0,78,4,0.142822/0.309326/0.383789/0.391357/0.297607/0.37085/0.116699/0.356201/0.280029/1.26001/1.16992/1.26514/1.17749/1.75/0.297363/1.13086/0.429199/0.672363/0.67749/0/0/0/0/0/0/0/0/0/0/0/0/0/0/0/0/0/0/0/0/0/0/0/0/0/0/0/0/0/0/0/0/0/0/0/0/0/0/0/0/0/0/0/0/0/0/0/0/0/0/0/0/0,380.599/249.666/249.666/251.766/246.661/246.781/273.651/251.112/246.783/4487.55/4807.84/4991.23/5271.33/4321.59/4148.48/5513.69/4664.57/4210.34/4726.43/0/0/0/0/0/0/0/0/0/0/0/0/0/0/0/0/0/0/0/0/0/0/0/0/0/0/0/0/0/0/0/0/0/0/0/0/0/0/0/0/0/0/0/0/0/0/0/0/0/0/0/0/0,,,11171,2.5664724232170843e-11,4.363671875000002e-11,-1.864298682728159e-06,0.9819869177627631,0,0.0,42348,9.169276690070013e-11,1.6542187500000006e-10,1.6710083021492315e-06,4.148479354478502e-06,6.187184335382292e-07,4.235378953124596e-06,1,1,nan,0.39822447384075826,29,19/17/16/13/12/11/16/10/14/15/18/17/16/7/6/3/12/13/1/19/2/4/5/8/9/10/14/15/18,28,4247.3,1.0,,,3.5866897530779416e-09,,,,,,,,,,,,,,1,41488,42,536855351.8305482,178776705.55858544,3.002937939555105,2,-478222471.286077,-253663918.349225,-479595178.615833,-304488.546001,-390841.524799,-582490.337184,-440260164.735151,-749384.564094,16211,20166273.876012,51159167.774008,181441912.569885,232524152.805232,-178795795.368874,-149829775.13966,-0.7116,0.974,-0.2199,0.3332,0.0028,0.1125,2.2424,0.4334,0.0058,0.4319,0.768,0.4892,778,8733,25408,,,
860,8.1477328e-05,6413.37,4.6360773959283e-08,1.1260009765625005e-16,1.2399902343750006e-17,72,19,19,18,19/17/16/13/12/11/7/6/3/1/2/4/5/8/9/10/14/15/18,0,76,4,0.142822/0.308838/0.382568/0.391113/0.296875/0.370605/0.112793/0.355713/0.279541/1.26538/1.17163/1.26831/1.18433/1.75854/0.284668/1.11523/0.418701/0.645264/0.646973/0/0/0/0/0/0/0/0/0/0/0/0/0/0/0/0/0/0/0/0/0/0/0/0/0/0/0/0/0/0/0/0/0/0/0/0/0/0/0/0/0/0/0/0/0/0/0/0/0/0/0/0/0,380.599/249.666/249.666/251.766/246.661/246.781/273.651/251.112/246.783/4487.55/4807.84/4991.23/5271.33/4321.59/4148.48/5487.49/4664.57/4210.34/4726.43/0/0/0/0/0/0/0/0/0/0/0/0/0/0/0/0/0/0/0/0/0/0/0/0/0/0/0/0/0/0/0/0/0/0/0/0/0/0/0/0/0/0/0/0/0/0/0/0/0/0/0/0/0,,,11088,2.5473799602776612e-11,4.331250000000002e-11,-1.8664969035517714e-06,0.9468153845849657,0,0.0,42360,9.184274542629232e-11,1.6546875000000007e-10,1.6689866497786191e-06,4.148479354478502e-06,6.187184335382292e-07,4.235378953124596e-06,1,1,nan,0.3995990671877706,29,19/17/16/13/12/11/16/10/14/15/18/17/16/7/6/3/12/13/1/19/2/4/5/8/9/10/14/15/18,28,4250.2,1.0,,,3.5579804504414434e-09,,,,,,,,,,,,,,1,47406,41,538708471.9761206,178554672.6709093,3.0170505420992475,2,-466373715.811401,-248975685.750851,-480096913.379479,-277274.2824,-325058.93135,-577701.307758,-432709884.173717,-709952.856912,16469,21647466.693786,50427791.103078,229587235.303929,243064454.462301,-177249405.632449,-150719017.99269,-0.6828,0.9547,-0.1919,0.3048,0.0027,0.1059,2.1671,0.4013,0.0056,0.438,0.7586,0.4871,758,8427,25147,,,
880,8.1477328e-05,6563.56,4.6360773959283e-08,1.1266406250000005e-16,1.2335937500000006e-17,72,19,19,18,19/17/16/13/12/11/7/6/3/1/2/4/5/8/9/10/14/15/18,0,75,4,0.142578/0.30835/0.381836/0.390869/0.296143/0.369141/0.108887/0.355225/0.279541/1.27148/1.1731/1.26953/1.19385/1.76587/0.275879/1.10278/0.41333/0.620361/0.617188/0/0/0/0/0/0/0/0/0/0/0/0/0/0/0/0/0/0/0/0/0/0/0/0/0/0/0/0/0/0/0/0/0/0/0/0/0/0/0/0/0/0/0/0/0/0/0/0/0/0/0/0/0,380.599/249.666/249.666/251.766/246.661/246.781/273.651/251.112/246.783/4487.55/4814.39/4991.23/5271.33/4321.59/4133.94/5487.49/4664.57/4210.34/4726.43/0/0/0/0/0/0/0/0/0/0/0/0/0/0/0/0/0/0/0/0/0/0/0/0/0/0/0/0/0/0/0/0/0/0/0/0/0/0/0/0/0/0/0/0/0/0/0/0/0/0/0/0/0,,,11039,2.535086789618727e-11,4.3121093750000015e-11,-1.8645772771996734e-06,0.977529406218534,0,0.0,42366,9.197180432384457e-11,1.6549218750000007e-10,1.6672681893310152e-06,4.13393676552661e-06,6.187184335382292e-07,4.235378953124596e-06,1,1,nan,0.4007654391975548,29,19/17/16/13/12/11/16/10/14/15/18/17/16/7/6/3/12/13/1/19/2/4/5/8/9/10/14/15/18,28,4251.7,1.0,,,3.5330130924438475e-09,,,,,,,,,,,,,,1,47122,44,540280884.2631875,177398593.91081423,3.0455759110177025,2,-474896761.042116,-243829657.720133,-480218171.974502,-318572.374328,-291720.818072,-574576.872984,-424522880.097237,-642732.039148,16684,16203417.906723,50114627.486972,169217049.470521,229221609.105772,-182905763.521278,-151092029.811335,-0.8479,1.0511,-0.175,0.2874,0.0026,0.1016,2.4689,0.3802,0.0054,0.4233,0.7551,0.4852,737,8168,24953,,,
900,8.1477328e-05,6723.12,4.6360773959283e-08,1.1272216796875006e-16,1.2277832031250006e-17,72,19,19,18,19/17/16/13/12/11/7/6/3/1/2/4/5/8/9/10/14/15/18,0,75,3,0.142578/0.307861/0.380859/0.390625/0.294922/0.368652/0.106689/0.354492/0.278564/1.28052/1.17651/1.27075/1.20215/1.77124/0.27002/1.09106/0.4104/0.591064/0.588867/0/0/0/0/0/0/0/0/0/0/0/0/0/0/0/0/0/0/0/0/0/0/0/0/0/0/0/0/0/0/0/0/0/0/0/0/0/0/0/0/0/0/0/0/0/0/0/0/0/0/0/0/0,380.599/249.666/249.666/251.766/246.661/246.781/273.651/251.112/246.783/4487.55/4814.39/4991.23/5271.33/4321.59/4126.6/5487.49/4664.57/4210.34/4726.43/0/0/0/0/0/0/0/0/0/0/0/0/0/0/0/0/0/0/0/0/0/0/0/0/0/0/0/0/0/0/0/0/0/0/0/0/0/0/0/0/0/0/0/0/0/0/0/0/0/0/0/0/0,1-2:0.412321/1-3:0.405818/2-4:1.43144/2-17:0.0814109/2-19:0.0233774/3-6:1.71473/4-5:1.55483/4-13:0.0308803/4-16:0.13344/4-17:0.038023/5-8:1.1244/5-12:0.0316994/5-13:0.0836385/5-16:0.00345662/6-7:1.50057/8-9:1.46946/8-11:0.0213296/8-12:0.172782/8-13:0.00691323/9-10:1.08415/9-11:0.135259/9-12:0.0120981/10-11:0.682797/10-14:1.54059/10-16:0.00304708/11-12:1.82439/11-14:0.00172837/11-15:0.0784527/11-16:0.292306/12-13:1.69636/12-16:0.316084/13-14:0.465596/13-16:1.35107/14-16:0.447845/15-16:0.293847/15-18:1.30382/16-17:1.73656/17-19:1.74315,1-2:-28.518/1-3:-33.884/2-4:-24.525/2-17:-25.257/2-19:-26.81/3-6:-37.876/4-5:-20.528/4-13:-20.337/4-16:-21.514/4-17:-23.408/5-8:-16.564/5-12:-16.344/5-13:-18.246/5-16:-20.065/6-7:-41.84/8-9:-12.564/8-11:-12.45/8-12:-13.814/8-13:-15.472/9-10:-8.6256/9-11:-10.26/9-12:-11.451/10-11:-6.7652/10-14:-5.1774/10-16:-3.0414/11-12:-49.859/11-14:-0.94648/11-15:1.9177/11-16:-68.303/12-13:-54.948/12-16:-73.727/13-14:-10.437/13-16:-56.26/14-16:-1.852/15-16:2.8048/15-18:-12.606/16-17:-49.046/17-19:-44.464,10998,2.5249675789782013e-11,4.2960937500000014e-11,-1.8649683773449613e-06,0.9712718038939278,0,0.0,42382,9.21735361823515e-11,1.6555468750000006e-10,1.6673301955684288e-06,4.126601410032693e-06,6.187184335382292e-07,4.161777026810224e-06,1,1,nan,0.4018471103731707,29,19/17/16/13/12/11/16/10/14/15/18/17/16/7/6/3/12/13/1/19/2/4/5/8/9/10/14/15/18,28,4254.5,1.0,,,3.51044065867278e-09,2,19/1,1/1,1,1,1/0/0,1.0,19/1,6530/4210,7900/5370,6983/4287,19/1,28/3,1,46867,49,541739109.4544963,177455608.44720396,3.052814809263539,2,-471300199.930078,-241829336.804979,-480470958.695861,-294187.489573,-261314.845735,-571621.215218,-417693932.78167,-602075.916025,16858,20574021.63195,48518872.390448,237393232.926735,231195984.591403,-179651568.443009,-152360724.967803,-0.7024,0.9483,-0.1633,0.2729,0.0026,0.0981,2.2267,0.3637,0.0053,0.4233,0.7494,0.4842,737,7968,24738,3302.8,618.7,405.4
920,9.1661994e-05,6919.47,4.4189615031262974e-08,1.1065600585937505e-16,1.4343994140625007e-17,72,19,20,19,19/17/16/13/12/11/7/7/6/3/1/2/4/5/8/9/10/14/15/18,0,81,3,0.142334/0.307129/0.37207/0.390137/0.294434/0.368408/0.854736/0.353516/0.278076/1.27563/1.07446/1.28174/1.2085/1.78052/0.26001/1.08008/1.13281/0.556885/1.33252/0/0/0/0/0/0/0/0/0/0/0/0/0/0/0/0/0/0/0/0/0/0/0/0/0/0/0/0/0/0/0/0/0/0/0/0/0/0/0/0/0/0/0/0/0/0/0/0/0/0/0/0/0,380.599/249.666/249.666/251.766/249.666/246.781/4224.89/251.112/246.783/4487.56/4814.39/5005.78/5271.33/4321.59/4126.6/5487.49/8220.67/4210.33/6049.24/0/0/0/0/0/0/0/0/0/0/0/0/0/0/0/0/0/0/0/0/0/0/0/0/0/0/0/0/0/0/0/0/0/0/0/0/0/0/0/0/0/0/0/0/0/0/0/0/0/0/0/0/0,,,11470,2.6124780490856965e-11,4.480468750000002e-11,-1.8136177251817853e-06,1.7928822385047436,0,0.0,50094,1.0917634686798061e-10,1.9567968750000007e-10,1.676213011052875e-06,4.210329662730307e-06,6.187184335382292e-07,4.161777026810224e-06,1,1,nan,0.3743893325110839,33,17/19/17/16/13/12/11/16/10/14/7/14/15/18/17/16/7/6/3/12/13/1/19/17/4/5/8/9/10/14/15/18/17,32,4456.1,1.0,,,3.994976443727918e-09,,,,,,,,,,,,,,1,55291,44,529521093.70919716,180297929.77101204,2.936922761019592,2,-434209767.065381,-249036790.303365,-438924332.623857,-251722.955133,-209294.172587,-543186.046954,-410197951.952929,-501988.108091,19108,50597001.949414,77659499.272442,261165383.404018,238391504.443471,-158739339.665346,-133190561.592925,-0.5338,1.0573,-0.1439,0.303,0.0031,0.1042,2.109,0.4021,0.0055,0.4989,0.7527,0.5501,918,9773,28970,,,
940,9.1661994e-05,7056.46,4.4189615031262974e-08,1.1073730468750005e-16,1.4262695312500007e-17,72,19,20,19,19/17/16/13/12/11/7/7/6/3/1/2/4/5/8/9/10/14/15/18,0,86,3,0.14209/0.306396/0.371826/0.390137/0.293701/0.367676/0.850342/0.353271/0.278076/1.28076/1.07764/1.28784/1.21631/1.78491/0.256836/1.07031/1.10449/0.526123/1.30396/0/0/0/0/0/0/0/0/0/0/0/0/0/0/0/0/0/0/0/0/0/0/0/0/0/0/0/0/0/0/0/0/0/0/0/0/0/0/0/0/0/0/0/0/0/0/0/0/0/0/0/0/0,380.599/249.666/249.666/251.766/249.666/246.781/4224.89/251.112/246.783/4487.56/4814.38/5005.79/5271.33/4321.59/4126.6/5487.49/8220.67/4208.89/6049.24/0/0/0/0/0/0/0/0/0/0/0/0/0/0/0/0/0/0/0/0/0/0/0/0/0/0/0/0/0/0/0/0/0/0/0/0/0/0/0/0/0/0/0/0/0/0/0/0/0/0/0/0/0,,,11449,2.6068703948988132e-11,4.4722656250000015e-11,-1.81218042170956e-06,1.8158790940603486,0,0.0,49898,1.088982675615405e-10,1.9491406250000008e-10,1.6764891122061679e-06,4.208894353387352e-06,6.187184335382292e-07,4.161777026810224e-06,1,1,nan,0.3750648775935297,33,17/19/17/16/13/12/11/16/10/14/7/14/15/18/17/16/7/6/3/12/13/1/19/17/4/5/8/9/10/14/15/18/17,32,4456.2,1.0,,,3.969037586386689e-09,,,,,,,,,,,,,,1,54933,43,530476557.2863971,173493095.53473452,3.057623449805771,2,-432595725.203554,-247090824.963653,-436350152.494053,-216809.803315,-204420.816878,-527343.673443,-400129067.736638,-466049.920395,19226,48247790.393421,75680202.951961,314788173.297443,225281406.286872,-159589245.058582,-135314495.562577,-0.3835,0.8565,-0.1359,0.2917,0.003,0.1014,1.7615,0.3883,0.0054,0.4832,0.7504,0.5472,894,9657,28658,,,
960,9.1661994e-05,7188.61,4.4189615031262974e-08,1.1080541992187506e-16,1.4194580078125007e-17,72,19,20,19,19/17/16/13/12/11/7/7/6/3/1/2/4/5/8/9/10/14/15/18,0,86,4,0.141846/0.306641/0.371826/0.389893/0.293213/0.367432/0.844727/0.352051/0.277588/1.29028/1.07935/1.2981/1.22095/1.78906/0.253418/1.06104/1.07593/0.504883/1.27637/0/0/0/0/0/0/0/0/0/0/0/0/0/0/0/0/0/0/0/0/0/0/0/0/0/0/0/0/0/0/0/0/0/0/0/0/0/0/0/0/0/0/0/0/0/0/0/0/0/0/0/0/0,380.599/249.666/249.666/251.766/246.661/246.781/4224.89/251.112/246.783/4487.56/4814.38/5005.79/5271.33/4321.59/4126.6/5487.49/8220.67/4208.89/6049.24/0/0/0/0/0/0/0/0/0/0/0/0/0/0/0/0/0/0/0/0/0/0/0/0/0/0/0/0/0/0/0/0/0/0/0/0/0/0/0/0/0/0/0/0/0/0/0/0/0/0/0/0/0,,,11433,2.601731289566774e-11,4.4660156250000015e-11,-1.8131722469918097e-06,1.8000098895443526,0,0.0,49800,1.0885022003496597e-10,1.945312500000001e-10,1.6763738240937685e-06,4.208894353387352e-06,6.187184335382292e-07,4.161777026810224e-06,1,1,nan,0.3756256597059885,34,17/19/17/16/13/12/11/16/10/14/19/14/15/18/17/16/7/6/3/12/13/1/19/17/2/4/5/8/9/10/14/15/18/17,33,4454.4,1.0,,,3.945123932817466e-09,,,,,,,,,,,,,,1,54613,42,531269704.7714765,170827556.9535107,3.109976600063754,2,-428051011.494312,-244370249.433154,-433717837.865219,-203354.371589,-193758.680377,-503963.790972,-388602887.665077,-443390.939428,19370,51330544.904001,73873772.833763,205134358.247858,236202200.667551,-158653067.349176,-136705088.136357,-0.3727,0.8018,-0.1274,0.2817,0.0028,0.0971,1.6507,0.3767,0.0052,0.4825,0.7467,0.5448,916,9471,28412,,,
980,9.1661994e-05,7313.84,4.4189615031262974e-08,1.1085644531250005e-16,1.4143554687500007e-17,72,19,20,19,19/17/16/13/12/11/7/7/6/3/1/2/4/5/8/9/10/14/15/18,0,88,4,0.141602/0.306396/0.371826/0.389648/0.29248/0.366943/0.841797/0.352051/0.277344/1.29736/1.08301/1.30688/1.22583/1.79297/0.25/1.05273/1.0564/0.480469/1.25781/0/0/0/0/0/0/0/0/0/0/0/0/0/0/0/0/0/0/0/0/0/0/0/0/0/0/0/0/0/0/0/0/0/0/0/0/0/0/0/0/0/0/0/0/0/0/0/0/0/0/0/0/0,380.599/249.666/249.666/251.766/246.661/246.781/4224.89/251.112/246.783/4487.56/4814.38/5005.79/5271.33/4331.15/4126.6/5487.49/8220.67/4208.89/6050.02/0/0/0/0/0/0/0/0/0/0/0/0/0/0/0/0/0/0/0/0/0/0/0/0/0/0/0/0/0/0/0/0/0/0/0/0/0/0/0/0/0/0/0/0/0/0/0/0/0/0/0/0/0,,,11435,2.6000988154312287e-11,4.466796875000002e-11,-1.8102713273212835e-06,1.846424604272771,0,0.0,49722,1.0877343746324617e-10,1.9422656250000008e-10,1.6771870302334471e-06,4.208888216038713e-06,6.187184335382292e-07,4.161777026810224e-06,1,1,nan,0.37603068865013467,34,17/19/17/16/13/12/11/16/10/14/19/14/15/18/17/16/7/6/3/12/13/1/19/17/2/4/5/8/9/10/14/15/18/17,33,4455.1,1.0,,,3.923501921706095e-09,,,,,,,,,,,,,,1,57885,43,531842561.2897157,170007898.00824267,3.128340315483048,2,-418446382.056885,-242520270.569243,-430426096.566899,-201567.284087,-187011.473349,-486069.8608,-380938930.706294,-416264.524475,19580,52348427.255953,71017038.212538,256036576.215211,220500763.946625,-156036707.784263,-138935380.683396,-0.4256,0.8944,-0.1196,0.2715,0.0027,0.0966,1.8006,0.365,0.005,0.494,0.7429,0.5432,915,9266,28173,,,
1000,9.1661994e-05,7426.86,4.4189615031262974e-08,1.1090478515625005e-16,1.4095214843750005e-17,72,19,20,19,19/17/16/13/12/11/7/7/6/3/1/2/4/5/8/9/10/14/15/18,0,88,4,0.141602/0.305664/0.37085/0.389648/0.291992/0.366699/0.838623/0.351563/0.2771/1.30493/1.08569/1.31421/1.23047/1.79907/0.249268/1.04541/1.03442/0.458984/1.23901/0/0/0/0/0/0/0/0/0/0/0/0/0/0/0/0/0/0/0/0/0/0/0/0/0/0/0/0/0/0/0/0/0/0/0/0/0/0/0/0/0/0/0/0/0/0/0/0/0/0/0/0/0,380.599/249.666/249.666/251.766/246.661/246.781/4224.89/251.112/246.783/4487.56/4814.38/5005.78/5271.33/4331.15/4126.6/5487.49/8220.67/4207.45/6050.02/0/0/0/0/0/0/0/0/0/0/0/0/0/0/0/0/0/0/0/0/0/0/0/0/0/0/0/0/0/0/0/0/0/0/0/0/0/0/0/0/0/0/0/0/0/0/0/0/0/0/0/0/0,1-2:0.402771/1-3:0.405818/2-4:1.41925/2-17:0.0814109/2-19:0.0233774/3-6:1.66821/3-17:0.101921/4-5:1.54791/4-13:0.0308803/4-16:0.13344/4-17:0.038023/5-8:1.11617/5-12:0.0316994/5-13:0.0836385/5-16:0.00345662/6-7:1.47751/6-17:0.0465253/7-10:0.203121/7-11:0.22636/7-14:0.018602/7-15:0.172551/8-9:1.46337/8-11:0.0213296/8-12:0.172782/8-13:0.00691323/9-10:1.0811/9-11:0.135259/9-12:0.0120981/10-11:0.74115/10-14:1.49843/10-16:0.00304708/10-19:0.299906/11-12:1.81656/11-14:0.00172837/11-15:0.0503004/11-16:0.285393/12-13:1.6799/12-16:0.316084/12-19:0.00172824/13-14:0.491521/13-16:1.33807/14-16:0.427515/15-16:0.255644/15-18:1.26784/16-17:1.70873/17-19:1.66921,1-2:-28.514/1-3:-33.884/2-4:-24.522/2-17:-25.257/2-19:-26.81/3-6:-37.883/3-17:-37.649/4-5:-20.526/4-13:-20.337/4-16:-21.514/4-17:-23.408/5-8:-16.564/5-12:-16.344/5-13:-18.246/5-16:-20.065/6-7:-41.839/6-17:-38.462/7-10:-16.61/7-11:-0.14387/7-14:-7.4865/7-15:-6.6773/8-9:-12.564/8-11:-12.45/8-12:-13.814/8-13:-15.472/9-10:-8.6243/9-11:-10.26/9-12:-11.451/10-11:-6.0685/10-14:-5.1834/10-16:-3.0414/10-19:-21.877/11-12:-49.898/11-14:-0.94648/11-15:2.0006/11-16:-70.1/12-13:-54.7/12-16:-73.727/12-19:-0.11955/13-14:-9.5079/13-16:-56.174/14-16:-1.9628/15-16:2.8365/15-18:-12.24/16-17:-49.169/17-19:-44.165,11431,2.5978249807623343e-11,4.465234375000002e-11,-1.8105318163048934e-06,1.8422567805350132,0,0.0,49640,1.0867655817644344e-10,1.9390625000000008e-10,1.677669550203349e-06,4.207450860912877e-06,6.187184335382292e-07,4.161777026810224e-06,1,1,nan,0.3763381720412648,34,17/19/17/16/13/12/11/16/10/14/19/14/15/18/17/16/7/6/3/12/13/1/19/17/2/4/5/8/9/10/14/15/18/17,33,4452.7,1.0,,,3.903064770407072e-09,1,19,1,1,1,1/0/0,1.0,19,8221,8401,6983,19,34,1,57688,40,532277453.33238316,169164828.66495496,3.146501891280267,2,-409330578.822834,-240480254.963855,-427742439.335456,-197409.63066,-177620.028092,-466677.048011,-367935369.527686,-395857.268126,19747,59003042.004289,69632098.28844,247805587.253073,231652053.31258,-149180477.382506,-140632330.197713,-0.3793,0.8651,-0.1112,0.2597,0.0026,0.095,1.7203,0.3511,0.0048,0.5,0.7388,0.542,912,9090,27991,3284.4,618.7,434.8
1020,0.00010184666,7579.64,4.2212717110801314e-08,1.1093090820312506e-16,1.4069091796875006e-17,72,19,20,19,19/17/16/13/12/11/7/7/6/3/1/2/4/5/8/9/10/14/15/18,0,89,3,0.141602/0.305664/0.370361/0.389404/0.291748/0.365967/0.83667/0.351074/0.2771/1.31055/1.08887/1.32227/1.23706/1.80884/0.247314/1.03833/1.02075/0.44165/1.22388/0/0/0/0/0/0/0/0/0/0/0/0/0/0/0/0/0/0/0/0/0/0/0/0/0/0/0/0/0/0/0/0/0/0/0/0/0/0/0/0/0/0/0/0/0/0/0/0/0/0/0/0/0,380.599/249.666/249.666/251.766/246.661/246.781/4238.65/251.112/246.783/4487.56/4814.38/5005.78/5271.33/4331.15/4126.6/5487.49/8220.67/4207.45/6043.47/0/0/0/0/0/0/0/0/0/0/0/0/0/0/0/0/0/0/0/0/0/0/0/0/0/0/0/0/0/0/0/0/0/0/0/0/0/0/0/0/0/0/0/0/0/0/0/0/0/0/0/0/0,,,11432,2.5958877859809134e-11,4.465625000000002e-11,-1.8055192987755548e-06,1.9224570610044303,0,0.0,49650,1.088046178160451e-10,1.9394531250000007e-10,1.6775638124715257e-06,4.207450860912877e-06,6.187184335382292e-07,4.161777026810224e-06,1,1,nan,0.352988008864307,34,17/19/17/16/13/12/11/16/10/14/19/14/15/18/17/16/7/6/3/12/13/1/19/17/2/4/5/8/9/10/14/15/18/17,33,4450.7,1.0,,,3.886806475216165e-09,,,,,,,,,,,,,,1,57573,44,522632800.3504438,176398629.0191044,2.962794003879936,2,-422128824.875302,-238418722.686748,-424240614.728412,-175068.983318,-88515.254227,-382133.997446,-352307203.311002,-312842.785487,20018,59784560.043837,77984080.115108,331188311.397291,244503280.517889,-158763678.42448,-142140271.656228,-0.2668,0.8106,-0.0708,0.2409,0.0025,0.0926,1.6475,0.3281,0.0045,0.4891,0.7331,0.5413,916,8884,27815,,,
1040,0.00010184666,7677.09,4.2212717110801314e-08,1.1097167968750005e-16,1.4028320312500007e-17,72,19,20,19,19/17/16/13/12/11/7/7/6/3/1/2/4/5/8/9/10/14/15/18,0,90,3,0.141602/0.305908/0.370605/0.389404/0.291504/0.365723/0.835693/0.351074/0.276367/1.31616/1.09082/1.33154/1.24316/1.81836/0.244385/1.03076/1.00293/0.419678/1.20264/0/0/0/0/0/0/0/0/0/0/0/0/0/0/0/0/0/0/0/0/0/0/0/0/0/0/0/0/0/0/0/0/0/0/0/0/0/0/0/0/0/0/0/0/0/0/0/0/0/0/0/0/0,380.599/249.666/249.666/251.766/246.661/246.781/4238.65/251.112/246.783/4487.56/4814.38/5005.78/5271.33/4331.15/4126.6/5487.49/8220.67/4207.45/6043.47/0/0/0/0/0/0/0/0/0/0/0/0/0/0/0/0/0/0/0/0/0/0/0/0/0/0/0/0/0/0/0/0/0/0/0/0/0/0/0/0/0/0/0/0/0/0/0/0/0/0/0/0/0,,,11439,2.5961745141154306e-11,4.4683593750000016e-11,-1.8024269791443283e-06,1.9719341751040549,0,0.0,49602,1.0874539827117777e-10,1.9375781250000006e-10,1.677723722578899e-06,4.207448815129998e-06,6.187184335382292e-07,4.161777026810224e-06,1,1,nan,0.3530526346309102,34,17/19/17/16/13/12/11/16/10/14/19/14/15/18/17/16/7/6/3/12/13/1/19/17/2/4/5/8/9/10/14/15/18/17,33,4448.6,1.0,,,3.871304329318879e-09,,,,,,,,,,,,,,1,57401,51,522728485.0324343,175466025.72309104,2.9790865945603056,2,-412713646.835169,-237258052.257993,-421492237.61116,-164589.29694,-75849.069262,-369465.335442,-337730018.747768,-297407.475482,20170,60733913.132714,76134361.346399,299540979.719841,250712272.415721,-158900960.983295,-144553402.923695,-0.2473,0.7688,-0.064,0.2314,0.0024,0.0911,1.5701,0.3177,0.0044,0.4865,0.7274,0.5411,923,8683,27690,,,
1060,0.00010184666,7771.95,4.2212717110801314e-08,1.1100683593750006e-16,1.3993164062500007e-17,72,19,20,19,19/17/16/13/12/11/7/7/6/3/1/2/4/5/8/9/10/14/15/18,0,89,3,0.141602/0.30542/0.370117/0.389404/0.29126/0.364502/0.833496/0.351074/0.275879/1.32153/1.09229/1.34033/1.24878/1.823/0.243164/1.02515/0.988281/0.400879/1.18701/0/0/0/0/0/0/0/0/0/0/0/0/0/0/0/0/0/0/0/0/0/0/0/0/0/0/0/0/0/0/0/0/0/0/0/0/0/0/0/0/0/0/0/0/0/0/0/0/0/0/0/0/0,380.599/249.666/249.666/251.766/246.661/246.781/4238.65/251.112/246.783/4487.56/4814.38/5005.78/5271.33/4331.15/4126.6/5487.49/8220.67/4207.45/6043.47/0/0/0/0/0/0/0/0/0/0/0/0/0/0/0/0/0/0/0/0/0/0/0/0/0/0/0/0/0/0/0/0/0/0/0/0/0/0/0/0/0/0/0/0/0/0/0/0/0/0/0/0/0,,,11423,2.591167330536905e-11,4.4621093750000016e-11,-1.804007704666201e-06,1.9466425667540925,0,0.0,49594,1.0879487480930943e-10,1.9372656250000008e-10,1.6780980315919537e-06,4.207448815129998e-06,6.187184335382292e-07,4.161777026810224e-06,1,1,nan,0.35289601260109044,34,17/19/17/16/13/12/11/16/10/14/19/14/15/18/17/16/7/6/3/12/13/1/19/17/2/4/5/8/9/10/14/15/18/17,33,4448.3,1.0,,,3.8570687085408175e-09,,,,,,,,,,,,,,1,57258,50,522496591.0077488,173932368.28787857,3.004021598458059,2,-424278636.732606,-235929959.212766,-418136939.993869,-170033.580939,-60836.510654,-358788.601077,-323832081.305048,-281288.757971,20296,56749025.389092,75020998.687024,299297894.239628,253597118.266014,-162166393.624711,-145368409.234042,-0.2525,0.7291,-0.0563,0.22,0.0023,0.0881,1.5182,0.3044,0.0043,0.4769,0.7215,0.5406,931,8495,27599,,,
1080,0.000162954655,7948.47,3.3279756535161225e-08,1.0955908203125005e-16,1.5440917968750008e-17,72,21,21,20,19/17/16/13/12/11/7/7/6/3/1/2/4/5/8/9/10/14/7/15/18,0,89,4,0.141602/0.297607/0.367188/0.389404/0.29126/0.364502/0.832764/0.35083/0.275391/1.32959/1.09937/1.34766/1.25513/1.83374/0.241699/1.02344/0.897705/0.384033/1.17749/0/0/0/0/0/0/0/0/0/0/0/0/0/0/0/0/0/0/0/0/0/0/0/0/0/0/0/0/0/0.769531/0.770996/0/0/0/0/0/0/0/0/0/0/0/0/0/0/0/0/0/0/0/0/0/0,380.599/249.666/249.666/251.766/246.661/246.781/4238.65/251.112/246.783/4487.56/4814.38/5005.78/5271.33/4331.15/4126.6/5487.49/5716/4207.45/6036.92/0/0/0/0/0/0/0/0/0/0/0/0/0/0/0/0/0/0/0/0/0/0/0/0/0/0/0/0/0/6118.97/8220.67/0/0/0/0/0/0/0/0/0/0/0/0/0/0/0/0/0/0/0/0/0/0,,,11439,2.593141375034483e-11,4.4683593750000016e-11,-1.800840644486542e-06,1.9973155296286373,353,7.788952985352694e-13,55012,1.205721980273439e-10,2.148906250000001e-10,1.679122165308228e-06,4.2386525598819995e-06,1.016465997955663e-06,4.263994055066534e-06,1,1,nan,0.24074502319072133,34,50/19/17/16/13/12/11/16/10/14/19/14/50/18/49/7/6/3/12/13/49/19/17/2/4/5/8/9/10/14/15/18/49/50,25,4409.8,1.0,,,4.030513897363704e-09,,,,,,,,,,,,,,1,63189,49,452123618.55841297,228738750.06447038,1.9765939021306238,2,-327509258.014334,-235413962.116784,-346785143.719261,33658.555714,38674530.726172,-17353.711152,-286346041.053333,181837.976652,22051,116079923.711647,132937998.160613,354516861.000657,309092202.178768,-164972738.067537,-147389476.647379,0.1735,0.7035,0.0864,0.2116,0.0063,0.0958,1.2798,0.28,0.0101,0.5269,0.7454,0.5789,1080,9645,30447,,,
1100,0.000162954655,8044.26,3.3279756535161225e-08,1.0948828125000006e-16,1.5511718750000006e-17,72,21,21,20,19/17/16/13/12/11/7/7/6/3/1/2/4/5/8/9/10/14/7/15/18,0,90,4,0.141602/0.296631/0.369629/0.389404/0.290771/0.364746/0.836914/0.35083/0.275391/1.33716/1.10742/1.35718/1.26172/1.84595/0.241943/1.02393/0.89209/0.37085/1.17627/0/0/0/0/0/0/0/0/0/0/0/0/0/0/0/0/0/0/0/0/0/0/0/0/0/0/0/0/0/0.788818/0.79248/0/0/0/0/0/0/0/0/0/0/0/0/0/0/0/0/0/0/0/0/0/0,380.599/249.666/249.666/251.766/246.661/246.781/4238.65/251.112/246.783/4487.56/4814.38/5005.78/5271.33/4331.15/4126.6/5487.49/5716/4207.45/6036.92/0/0/0/0/0/0/0/0/0/0/0/0/0/0/0/0/0/0/0/0/0/0/0/0/0/0/0/0/0/6146.63/8220.67/0/0/0/0/0/0/0/0/0/0/0/0/0/0/0/0/0/0/0/0/0/0,1-2:0.402771/1-3:0.405818/2-4:1.41925/2-17:0.0814109/2-19:0.0233774/3-6:1.66953/3-17:0.0858668/4-5:1.54182/4-13:0.0308803/4-16:0.13344/4-17:0.038023/5-8:1.11617/5-12:0.0316994/5-13:0.0836385/5-16:0.00345662/6-7:1.46359/6-17:0.037384/7-10:0.239006/7-11:0.228088/7-14:0.0134171/7-15:0.159953/8-9:1.46032/8-11:0.0213296/8-12:0.172782/8-13:0.00691323/9-10:1.07196/9-11:0.130483/9-12:0.0103699/10-11:0.799094/10-14:1.48451/10-16:0.00304708/10-19:0.353484/11-12:1.81352/11-14:0.00172837/11-15:0.0359743/11-16:0.279299/12-13:1.6738/12-16:0.314356/12-19:0.0362943/13-14:0.549464/13-16:1.33197/14-16:0.414098/15-16:0.244774/15-18:1.21704/16-17:1.70568/17-19:1.66311,1-2:-28.514/1-3:-33.884/2-4:-24.522/2-17:-25.257/2-19:-26.81/3-6:-37.883/3-17:-37.62/4-5:-20.526/4-13:-20.337/4-16:-21.514/4-17:-23.408/5-8:-16.564/5-12:-16.344/5-13:-18.246/5-16:-20.065/6-7:-41.841/6-17:-38.459/7-10:-18.95/7-11:-0.14387/7-14:-0.43331/7-15:-3.2641/8-9:-12.564/8-11:-12.45/8-12:-13.814/8-13:-15.472/9-10:-8.6274/9-11:-10.247/9-12:-11.569/10-11:-5.6278/10-14:-5.187/10-16:-3.0414/10-19:-20.79/11-12:-49.898/11-14:-0.061585/11-15:2.0542/11-16:-70.1/12-13:-54.638/12-16:-73.727/12-19:-0.0077501/13-14:-8.9524/13-16:-56.174/14-16:-2.0145/15-16:2.8365/15-18:-12.463/16-17:-49.071/17-19:-44.265,11481,2.6004002327002805e-11,4.4847656250000014e-11,-1.795457284775326e-06,2.0834492850080926,351,7.728008856177508e-13,55170,1.2105627053350358e-10,2.155078125000001e-10,1.6792190244036495e-06,4.2386525598819995e-06,1.0606601717798212e-06,4.263994055066534e-06,1,1,nan,0.2405541064694086,35,50/19/17/16/13/12/11/16/10/14/19/14/19/50/18/49/7/6/3/12/13/49/19/17/2/4/5/8/9/10/14/15/18/49/50,26,4410.5,1.0,,,4.034175074232546e-09,4,19/1/1/1,1/3/3/1,2,2,0.898058/0/0.101942,0.964644,19/1/1/1,6514/8221/6187/4183,7935/8401/6070/6010,6983/6983/4110/3845,19/1/1/1,31/6/4/3,1,63481,49,451765073.41492796,223289753.33864433,2.0232234872407013,2,-310298988.875878,-235356121.332265,-341469601.133683,100948.126283,39082694.20249,-9771.920288,-278819660.850113,303312.205436,22377,116832783.701226,131288909.88814,353731791.636521,310504224.436783,-164013681.428767,-148930808.048679,0.1845,0.6883,0.0808,0.2044,0.0064,0.0965,1.2442,0.271,0.0103,0.5301,0.744,0.5813,1096,9488,30561,3272.1,618.7,420.6
1120,0.000162954655,8129.81,3.3279756535161225e-08,1.0943066406250005e-16,1.5569335937500008e-17,72,21,21,20,19/17/16/13/12/11/7/7/6/3/1/2/4/5/8/9/10/14/7/15/18,0,93,3,0.141602/0.296631/0.371582/0.38916/0.290283/0.364014/0.838135/0.350586/0.275391/1.34399/1.11377/1.36694/1.26611/1.85962/0.240723/1.02295/0.887695/0.362793/1.17261/0/0/0/0/0/0/0/0/0/0/0/0/0/0/0/0/0/0/0/0/0/0/0/0/0/0/0/0/0/0.802246/0.8125/0/0/0/0/0/0/0/0/0/0/0/0/0/0/0/0/0/0/0/0/0/0,380.599/249.666/249.666/251.766/246.661/246.781/4238.65/251.112/246.783/4487.56/4814.38/5005.78/5272.77/4331.15/4126.6/5487.49/5688.34/4207.45/6036.92/0/0/0/0/0/0/0/0/0/0/0/0/0/0/0/0/0/0/0/0/0/0/0/0/0/0/0/0/0/6146.63/8220.67/0/0/0/0/0/0/0/0/0/0/0/0/0/0/0/0/0/0/0/0/0/0,,,11494,2.6017238692642574e-11,4.489843750000002e-11,-1.7934059359661756e-06,2.1162708659544975,358,7.835800199151357e-13,55304,1.2146457676403997e-10,2.160312500000001e-10,1.6790563953550864e-06,4.2386525598819995e-06,1.0606601717798212e-06,4.263994055066534e-06,1,1,nan,0.24027256346874465,37,50/19/17/16/13/12/11/16/10/14/19/14/19/50/18/49/7/6/3/12/13/49/19/17/19/17/2/4/5/8/9/10/14/15/18/49/50,28,4408.8,1.0,,,4.037196799351354e-09,,,,,,,,,,,,,,1,63715,50,451236330.43801033,221970018.2953881,2.0328706277688573,2,-306364189.902411,-235758605.574924,-335030939.303592,113362.555103,38717857.68907,-6177.965005,-273461620.580334,447233.801666,22669,116600391.508045,129071180.171777,354337798.731509,347560770.005891,-162411863.065196,-151267062.170934,0.1644,0.6551,0.0785,0.1971,0.0062,0.0943,1.1829,0.2621,0.0101,0.5324,0.7413,0.5832,1112,9343,30633,,,
1140,0.000162954655,8211.54,3.3279756535161225e-08,1.0937792968750005e-16,1.5622070312500008e-17,72,21,21,20,19/17/16/13/12/11/7/7/6/3/1/2/4/5/8/9/10/14/7/15/18,0,94,3,0.141602/0.296631/0.372803/0.388916/0.290527/0.363525/0.838135/0.350342/0.275391/1.34888/1.11816/1.37695/1.27075/1.87207/0.239258/1.02441/0.882568/0.355225/1.17285/0/0/0/0/0/0/0/0/0/0/0/0/0/0/0/0/0/0/0/0/0/0/0/0/0/0/0/0/0/0.814941/0.828125/0/0/0/0/0/0/0/0/0/0/0/0/0/0/0/0/0/0/0/0/0/0,380.599/249.666/249.666/251.766/246.661/246.781/4238.65/251.112/246.783/4487.56/4814.38/5010.89/5272.77/4331.15/4126.6/5494.82/5688.34/4207.45/6036.92/0/0/0/0/0/0/0/0/0/0/0/0/0/0/0/0/0/0/0/0/0/0/0/0/0/0/0/0/0/6146.63/8220.67/0/0/0/0/0/0/0/0/0/0/0/0/0/0/0/0/0/0/0/0/0/0,,,11508,2.60374794059008e-11,4.495312500000002e-11,-1.79074202332404e-06,2.1588934682286673,357,7.792143630898189e-13,55470,1.219229155790261e-10,2.1667968750000008e-10,1.6803073173740957e-06,4.2386525598819995e-06,1.0606601717798212e-06,4.263994055066534e-06,1,1,nan,0.23991872756396046,36,50/19/17/16/13/12/11/16/10/14/19/14/19/50/18/49/7/6/3/12/13/49/17/19/17/2/4/5/8/9/10/14/15/18/49/50,27,4407.8,1.0,,,4.040188052152924e-09,,,,,,,,,,,,,,1,63927,53,450571820.0463658,220905021.52634025,2.0396630956288178,2,-293568473.410179,-236802217.405665,-329516489.123573,146600.994941,37539802.236401,-3599.348072,-269738449.34407,692892.66462,22946,117410097.847564,127863374.599785,352449967.139485,310584744.741518,-161223789.717801,-152336417.119097,0.1668,0.6224,0.0726,0.188,0.0061,0.092,1.1047,0.2501,0.0099,0.5297,0.7392,0.5846,1110,9196,30722,,,
1160,0.000162954655,8298.64,3.3279756535161225e-08,1.0932055664062505e-16,1.5679443359375008e-17,72,21,21,20,19/17/16/13/12/11/7/7/6/3/1/2/4/5/8/9/10/14/7/15/18,0,95,3,0.141602/0.295898/0.374023/0.388916/0.290527/0.363281/0.841553/0.350342/0.275391/1.354/1.12207/1.38306/1.27441/1.88452/0.239258/1.02563/0.881592/0.345703/1.17188/0/0/0/0/0/0/0/0/0/0/0/0/0/0/0/0/0/0/0/0/0/0/0/0/0/0/0/0/0/0.830566/0.845215/0/0/0/0/0/0/0/0/0/0/0/0/0/0/0/0/0/0/0/0/0/0,380.599/249.666/249.666/251.766/246.661/246.781/4238.65/251.112/246.783/4487.56/4814.38/5010.89/5272.77/4331.15/4126.6/5494.82/5688.34/4205.22/6036.92/0/0/0/0/0/0/0/0/0/0/0/0/0/0/0/0/0/0/0/0/0/0/0/0/0/0/0/0/0/6146.63/8220.67/0/0/0/0/0/0/0/0/0/0/0/0/0/0/0/0/0/0/0/0/0/0,,,11546,2.610447396578512e-11,4.510156250000002e-11,-1.7872664077342154e-06,2.2145033176658613,361,7.874461756265934e-13,55614,1.223221324357447e-10,2.172421875000001e-10,1.680824321902836e-06,4.2386525598819995e-06,1.0606601717798212e-06,4.263994055066534e-06,1,1,nan,0.23947850598914946,36,50/19/17/16/13/12/11/16/10/14/19/14/19/50/18/49/7/6/3/12/13/49/17/19/17/2/4/5/8/9/10/14/15/18/49/50,27,4406.7,1.0,,,4.0432151600012225e-09,,,,,,,,,,,,,,1,64150,59,449745075.7642489,221114304.34474078,2.0339935812702934,2,-278293515.181125,-238260803.004069,-324887126.321559,216914.309703,35775157.985155,-2195.897266,-264794606.386963,3217859.488851,23283,120924939.411573,126245518.764932,342819788.338324,359067702.001684,-159111176.056462,-153648512.347125,0.1598,0.6181,0.0717,0.1823,0.006,0.0915,1.0678,0.2442,0.0097,0.5508,0.7346,0.586,1162,8957,30814,,,
1180,0.000173139321,8416.43,3.21459798355071e-08,1.0925463867187505e-16,1.5745361328125006e-17,72,21,21,20,19/17/16/13/12/11/7/7/6/3/1/2/4/5/8/9/10/14/7/15/18,0,97,3,0.141602/0.295654/0.375732/0.388916/0.290771/0.363525/0.842285/0.349854/0.275391/1.35815/1.12793/1.39282/1.27808/1.89917/0.23877/1.02637/0.879395/0.338623/1.1731/0/0/0/0/0/0/0/0/0/0/0/0/0/0/0/0/0/0/0/0/0/0/0/0/0/0/0/0/0/0.846191/0.863037/0/0/0/0/0/0/0/0/0/0/0/0/0/0/0/0/0/0/0/0/0/0,380.599/249.666/249.666/251.766/246.661/248.217/4238.65/251.102/246.783/4487.56/4751.88/5010.89/5272.77/4331.15/4126.6/5494.82/5688.34/4205.22/6036.92/0/0/0/0/0/0/0/0/0/0/0/0/0/0/0/0/0/0/0/0/0/0/0/0/0/0/0/0/0/6146.63/8220.67/0/0/0/0/0/0/0/0/0/0/0/0/0/0/0/0/0/0/0/0/0/0,,,11569,2.613499392864258e-11,4.5191406250000016e-11,-1.7818625600036757e-06,2.300964881354497,371,8.12641753657926e-13,55770,1.227499984189747e-10,2.1785156250000009e-10,1.6807950636249488e-06,4.2386525598819995e-06,1.0606601717798212e-06,4.263994055066534e-06,1,1,nan,0.22576745191672754,36,50/19/17/16/13/12/11/16/10/14/19/14/19/50/18/49/7/6/3/12/13/49/17/19/17/2/4/5/8/9/10/14/15/18/49/50,27,4405.2,1.0,,,4.04653207292924e-09,,,,,,,,,,,,,,1,64420,59,438949623.4676799,231283223.2546429,1.8978878679168019,2,-278550113.401453,-239398582.332536,-319603801.657302,293734.779395,43708939.192028,7937.133177,-261214526.691437,19044594.648315,23647,129036158.786604,135127631.585766,350049592.06231,320946677.951798,-160799843.859488,-154556091.318004,0.2074,0.6622,0.0859,0.1821,0.0063,0.0909,1.1475,0.2446,0.0101,0.5508,0.732,0.5887,1182,8773,30876,,,
1200,0.000173139321,8544.45,3.21459798355071e-08,1.0919799804687504e-16,1.580200195312501e-17,72,21,21,20,19/17/16/13/12/11/7/7/6/3/1/2/4/5/8/9/10/14/7/15/18,0,99,3,0.141602/0.294434/0.376465/0.388672/0.290771/0.363281/0.844727/0.350098/0.275146/1.36255/1.13184/1.40186/1.28198/1.91284/0.238037/1.02808/0.875/0.331787/1.17432/0/0/0/0/0/0/0/0/0/0/0/0/0/0/0/0/0/0/0/0/0/0/0/0/0/0/0/0/0/0.861816/0.876709/0/0/0/0/0/0/0/0/0/0/0/0/0/0/0/0/0/0/0/0/0/0,380.599/249.666/249.666/251.766/246.664/248.217/4238.65/250.329/246.783/4487.56/4751.88/5010.89/5272.77/4331.15/4126.6/5494.82/5688.34/4205.22/6036.92/0/0/0/0/0/0/0/0/0/0/0/0/0/0/0/0/0/0/0/0/0/0/0/0/0/0/0/0/0/6146.63/8220.67/0/0/0/0/0/0/0/0/0/0/0/0/0/0/0/0/0/0/0/0/0/0,1-2:0.402771/1-3:0.405818/2-4:1.4162/2-17:0.0814109/2-19:0.0233774/3-6:1.67216/3-17:0.0858668/4-5:1.53836/4-13:0.0308803/4-16:0.13344/4-17:0.038023/5-8:1.11749/5-12:0.0316994/5-13:0.0836385/5-16:0.00345662/6-7:1.44358/6-17:0.037384/7-10:0.314233/7-11:0.224632/7-14:0.0134171/7-15:0.159953/8-9:1.45727/8-11:0.0213296/8-12:0.172782/8-13:0.00691323/9-10:1.07196/9-11:0.130483/9-12:0.0103699/10-11:0.812511/10-14:1.45759/10-19:0.44913/11-12:1.80224/11-14:0.00172837/11-15:0.031199/11-16:0.269748/12-13:1.66252/12-16:0.32086/12-19:0.11234/13-14:0.596129/13-16:1.31155/14-16:0.444798/15-16:0.241727/15-18:1.19317/16-17:1.69176/17-19:1.65356,1-2:-28.514/1-3:-33.884/2-4:-24.521/2-17:-25.257/2-19:-26.81/3-6:-37.882/3-17:-37.62/4-5:-20.527/4-13:-20.337/4-16:-21.514/4-17:-23.408/5-8:-16.561/5-12:-16.344/5-13:-18.246/5-16:-20.065/6-7:-41.842/6-17:-38.459/7-10:-24.334/7-11:-0.11621/7-14:-0.43331/7-15:-3.2641/8-9:-12.564/8-11:-12.45/8-12:-13.814/8-13:-15.472/9-10:-8.6274/9-11:-10.247/9-12:-11.569/10-11:-5.4833/10-14:-4.8201/10-19:-19.747/11-12:-49.773/11-14:-0.061585/11-15:2.1206/11-16:-70.056/12-13:-54.754/12-16:-73.732/12-19:-1.3849/13-14:-9.7595/13-16:-56.132/14-16:-1.7494/15-16:2.8319/15-18:-12.391/16-17:-49.12/17-19:-44.315,11602,2.6181478143321162e-11,4.532031250000002e-11,-1.7806560912285937e-06,2.3202683817558087,373,8.147795368614719e-13,55858,1.2302605254918473e-10,2.181953125000001e-10,1.6815629477404884e-06,4.2386525598819995e-06,1.0606601717798212e-06,4.263994055066534e-06,1,1,nan,0.22525026963495262,35,50/19/17/16/13/12/11/16/10/14/19/14/50/18/49/7/6/3/12/13/49/17/19/17/2/4/5/8/9/10/14/15/18/49/50,26,4404.8,1.0,,,4.051326498390158e-09,4,19/1/1/1,1/3/3/1,2,2,0.889981/0/0.110019,0.962138,19/1/1/1,6511/8221/6236/4156,7935/8401/6131/6010,6983/6983/4154/3801,19/1/1/1,31/6/4/3,1,64653,59,437944088.9412373,232082586.31873432,1.8870183062325054,2,-281208590.914906,-241172259.021341,-314974126.542592,381263.756921,41156274.996258,21000.288142,-258139262.939244,22801098.150924,23973,128168709.027502,134611154.75452,348552906.440777,321555760.778691,-163566346.176866,-155185893.788024,0.2246,0.673,0.0848,0.1767,0.0062,0.0902,1.1715,0.2398,0.0099,0.5471,0.7278,0.5899,1190,8610,30940,3283.4,618.7,429.3
1220,0.000173139321,8653.3,3.21459798355071e-08,1.0912988281250006e-16,1.5870117187500006e-17,72,21,21,20,19/17/16/13/12/11/7/7/6/3/1/2/4/5/8/9/10/14/7/15/18,0,99,3,0.141846/0.29541/0.377686/0.388672/0.290771/0.363037/0.847412/0.349365/0.275146/1.36743/1.13428/1.40991/1.28735/1.927/0.237305/1.02905/0.872803/0.327393/1.17676/0/0/0/0/0/0/0/0/0/0/0/0/0/0/0/0/0/0/0/0/0/0/0/0/0/0/0/0/0/0.877197/0.894287/0/0/0/0/0/0/0/0/0/0/0/0/0/0/0/0/0/0/0/0/0/0,380.599/249.666/249.666/251.766/246.664/248.217/4238.65/250.329/246.783/4498.55/4751.88/5010.89/5272.77/4331.15/4126.6/5494.82/5688.34/4200.12/6036.92/0/0/0/0/0/0/0/0/0/0/0/0/0/0/0/0/0/0/0/0/0/0/0/0/0/0/0/0/0/6146.63/8220.67/0/0/0/0/0/0/0/0/0/0/0/0/0/0/0/0/0/0/0/0/0/0,,,11646,2.6258843066114384e-11,4.5492187500000015e-11,-1.777021096220664e-06,2.378428301882685,379,8.2646809441407e-13,55952,1.2332302630743472e-10,2.185625000000001e-10,1.682398852124088e-06,4.2386525598819995e-06,1.0606601717798212e-06,4.263994055066534e-06,1,1,nan,0.22465839628385673,37,50/19/17/16/13/12/11/16/10/14/19/14/50/18/50/18/49/7/6/3/12/13/49/17/19/17/2/4/5/8/9/10/14/15/18/49/50,26,4404.3,1.0,,,4.05589230174536e-09,,,,,,,,,,,,,,1,64936,56,436793335.8880473,231797742.4638538,1.8843726916631216,2,-280585373.937298,-242929703.593659,-310979520.162397,502638.122453,39123181.939349,35008.875948,-254752685.030564,26450081.038311,24322,127390499.610431,132699886.363862,346072266.487123,325209264.108522,-163013171.237036,-157049340.880219,0.2296,0.6742,0.0813,0.171,0.0061,0.0884,1.156,0.2326,0.0097,0.5562,0.7256,0.5913,1210,8455,31007,,,
1240,0.000173139321,8755.13,3.21459798355071e-08,1.0907031250000005e-16,1.5929687500000008e-17,72,21,21,20,19/17/16/13/12/11/7/7/6/3/1/2/4/5/8/9/10/14/7/15/18,0,99,3,0.141602/0.295654/0.377686/0.388916/0.290771/0.362793/0.85083/0.349121/0.275146/1.37402/1.13794/1.41675/1.29199/1.93945/0.236328/1.02905/0.869385/0.321777/1.17822/0/0/0/0/0/0/0/0/0/0/0/0/0/0/0/0/0/0/0/0/0/0/0/0/0/0/0/0/0/0.894043/0.908203/0/0/0/0/0/0/0/0/0/0/0/0/0/0/0/0/0/0/0/0/0/0,380.599/249.666/249.666/251.766/246.664/248.217/4238.65/250.329/246.783/4498.55/4751.88/5010.89/5272.77/4331.15/4126.6/5494.82/5688.34/4200.12/6036.92/0/0/0/0/0/0/0/0/0/0/0/0/0/0/0/0/0/0/0/0/0/0/0/0/0/0/0/0/0/6146.63/8220.67/0/0/0/0/0/0/0/0/0/0/0/0/0/0/0/0/0/0/0/0/0/0,,,11690,2.6337526439274167e-11,4.5664062500000016e-11,-1.772871206256337e-06,2.444826541311914,384,8.324719054676439e-13,56066,1.2369412767563404e-10,2.1900781250000008e-10,1.682389815350451e-06,4.2386525598819995e-06,1.060660171779822e-06,4.263994055066534e-06,1,1,nan,0.22400104096172713,35,50/19/17/16/13/12/11/16/10/14/19/14/50/18/49/7/6/3/12/13/49/17/19/17/2/4/5/8/9/10/14/15/18/49/50,26,4403.1,1.0,,,4.060213025175968e-09,,,,,,,,,,,,,,1,65179,57,435515269.14864993,231541820.56829506,1.8809356688987047,2,-275474910.953882,-244281389.362421,-307263262.313571,1886615.297243,36861633.152646,51738.451175,-252112487.049528,29820053.775068,24634,132790049.234002,132598095.395611,342751596.576462,340075418.268555,-158146950.305498,-157368586.068723,0.2414,0.6651,0.0779,0.1671,0.006,0.089,1.121,0.2283,0.0096,0.5628,0.7222,0.5924,1226,8312,31062,,,
1260,0.000173139321,8844.98,3.21459798355071e-08,1.0901025390625005e-16,1.5989746093750008e-17,72,21,21,20,19/17/16/13/12/11/7/7/6/3/1/2/4/5/8/9/10/14/7/15/18,0,99,3,0.141357/0.294922/0.378906/0.388916/0.290771/0.362793/0.852539/0.349121/0.275146/1.37793/1.14282/1.42407/1.29834/1.95215/0.236328/1.02832/0.869385/0.316406/1.17944/0/0/0/0/0/0/0/0/0/0/0/0/0/0/0/0/0/0/0/0/0/0/0/0/0/0/0/0/0/0.907959/0.922119/0/0/0/0/0/0/0/0/0/0/0/0/0/0/0/0/0/0/0/0/0/0,380.599/249.666/249.666/251.766/246.664/248.217/4238.65/250.329/246.783/4498.55/4759.88/5010.89/5272.77/4331.15/4126.6/5494.82/5688.34/4200.12/6036.92/0/0/0/0/0/0/0/0/0/0/0/0/0/0/0/0/0/0/0/0/0/0/0/0/0/0/0/0/0/6146.63/8220.67/0/0/0/0/0/0/0/0/0/0/0/0/0/0/0/0/0/0/0/0/0/0,,,11721,2.6395060570950524e-11,4.578515625000002e-11,-1.7708497320808265e-06,2.477170128120084,384,8.32471649744784e-13,56200,1.2405495844116851e-10,2.1953125000000008e-10,1.6830322699108593e-06,4.2386525598819995e-06,1.1048543456039812e-06,4.263994055066534e-06,1,1,nan,0.22327194831564792,35,50/19/17/16/13/12/11/16/10/14/19/14/50/18/49/7/6/3/12/13/49/17/19/17/2/4/5/8/9/10/14/15/18/49/50,26,4403.1,1.0,,,4.064270295052223e-09,,,,,,,,,,,,,,1,65423,59,434097726.7183639,230816948.25449103,1.8807012656615765,2,-276822375.589507,-245705644.538866,-302534916.045105,696481.971939,34653355.869034,73331.841778,-249525542.069172,32928710.030827,24896,133921303.987035,131073490.777233,339433972.586237,349243658.056753,-155604973.128236,-158416933.330703,0.2345,0.6722,0.0752,0.1647,0.0059,0.0873,1.1624,0.2259,0.0093,0.5556,0.7188,0.5944,1222,8198,31166,,,
1280,0.000183323987,8940.19,3.108690918802771e-08,1.0895629882812505e-16,1.6043701171875006e-17,72,21,21,20,19/17/16/13/12/11/7/7/6/3/1/2/4/5/8/9/10/14/7/15/18,0,99,3,0.141357/0.294922/0.379639/0.388916/0.290771/0.362549/0.855469/0.349121/0.274902/1.38208/1.146/1.43335/1.30298/1.96338/0.23584/1.02905/0.867432/0.311035/1.17969/0/0/0/0/0/0/0/0/0/0/0/0/0/0/0/0/0/0/0/0/0/0/0/0/0/0/0/0/0/0.918457/0.936768/0/0/0/0/0/0/0/0/0/0/0/0/0/0/0/0/0/0/0/0/0/0,380.599/249.666/249.666/251.766/246.664/248.217/4238.65/250.329/246.783/4498.55/4759.88/5010.89/5272.77/4333.22/4113.49/5494.82/5688.34/4200.12/6036.92/0/0/0/0/0/0/0/0/0/0/0/0/0/0/0/0/0/0/0/0/0/0/0/0/0/0/0/0/0/6174.28/8220.67/0/0/0/0/0/0/0/0/0/0/0/0/0/0/0/0/0/0/0/0/0/0,,,11737,2.6417437916659423e-11,4.584765625000002e-11,-1.770637276875571e-06,2.480569411404173,390,8.44160079435952e-13,56294,1.2433610798206834e-10,2.1989843750000008e-10,1.6835181797288782e-06,4.2386525598819995e-06,1.1048543456039812e-06,4.263994055066534e-06,1,1,nan,0.21034594123946004,34,50/19/17/16/13/12/11/16/10/14/19/14/50/18/49/7/6/3/12/49/17/19/17/2/4/5/8/9/10/14/15/18/49/50,25,4403.0,1.0,,,4.0684493356254155e-09,,,,,,,,,,,,,,1,65639,61,422898952.3516002,240424914.18235338,1.7589647636552634,2,-278075006.085143,-246833347.965816,-297721133.656403,1496823.589239,43074949.94829,192942.008843,-248038081.230734,44457862.0911,25155,144542604.792074,141135296.20623,348046055.138296,366342472.543578,-153254015.950967,-158463764.69183,0.2698,0.7193,0.0877,0.1657,0.0063,0.0883,1.2244,0.2286,0.01,0.5573,0.7143,0.5967,1222,8075,31248,,,
1300,0.000183323987,9039.4,3.108690918802771e-08,1.0890136718750005e-16,1.6098632812500008e-17,72,21,21,20,19/17/16/13/12/11/7/7/6/3/1/2/4/5/8/9/10/14/7/15/18,0,99,3,0.141357/0.294434/0.380127/0.388672/0.290771/0.362549/0.856689/0.349365/0.274902/1.38721/1.15088/1.44043/1.30469/1.97314/0.235107/1.03247/0.86499/0.307129/1.18164/0/0/0/0/0/0/0/0/0/0/0/0/0/0/0/0/0/0/0/0/0/0/0/0/0/0/0/0/0/0.93335/0.94873/0/0/0/0/0/0/0/0/0/0/0/0/0/0/0/0/0/0/0/0/0/0,380.599/249.666/249.666/251.766/246.664/248.217/4238.65/250.329/246.783/4498.55/4759.88/5021.1/5272.77/4333.22/4113.49/5494.82/5688.34/4200.12/6036.92/0/0/0/0/0/0/0/0/0/0/0/0/0/0/0/0/0/0/0/0/0/0/0/0/0/0/0/0/0/6174.28/8220.67/0/0/0/0/0/0/0/0/0/0/0/0/0/0/0/0/0/0/0/0/0/0,1-2:0.402771/1-3:0.405818/2-4:1.41966/2-17:0.0814109/2-19:0.0233774/3-6:1.67084/3-17:0.0780442/4-5:1.53836/4-13:0.0308803/4-16:0.13344/4-17:0.038023/5-8:1.11749/5-12:0.0316994/5-13:0.0836385/5-16:0.00345662/6-7:1.44358/6-17:0.0343369/7-10:0.376542/7-11:0.224632/7-14:0.0134171/7-15:0.159953/8-9:1.45727/8-11:0.0213296/8-12:0.172782/8-13:0.00691323/9-10:1.07196/9-11:0.130483/9-12:0.0103699/10-11:0.867087/10-14:1.4459/10-19:0.507074/11-12:1.79614/11-15:0.031199/11-16:0.283574/12-13:1.65948/12-16:0.32086/12-19:0.158595/13-14:0.638927/13-16:1.30851/14-16:0.490234/15-16:0.241727/15-18:1.17925/16-17:1.68262/17-19:1.64055,1-2:-28.514/1-3:-33.884/2-4:-24.52/2-17:-25.257/2-19:-26.81/3-6:-37.883/3-17:-37.587/4-5:-20.527/4-13:-20.337/4-16:-21.514/4-17:-23.408/5-8:-16.561/5-12:-16.344/5-13:-18.246/5-16:-20.065/6-7:-41.842/6-17:-38.446/7-10:-27.849/7-11:-0.11621/7-14:-0.43331/7-15:-3.2641/8-9:-12.564/8-11:-12.45/8-12:-13.814/8-13:-15.472/9-10:-8.6274/9-11:-10.247/9-12:-11.569/10-11:-5.3454/10-14:-4.8108/10-19:-20.904/11-12:-49.876/11-15:2.1206/11-16:-66.589/12-13:-54.694/12-16:-73.732/12-19:-5.7301/13-14:-9.4569/13-16:-56.044/14-16:-1.5334/15-16:2.8319/15-18:-12.28/16-17:-49.12/17-19:-44.416,11749,2.6434220989871807e-11,4.589453125000002e-11,-1.7699786678117974e-06,2.4911071564245484,395,8.528019419755108e-13,56378,1.2459469820636284e-10,2.202265625000001e-10,1.683585886669571e-06,4.2386525598819995e-06,1.1048543456039812e-06,4.263994055066534e-06,1,1,nan,0.2095832631255344,34,50/19/17/16/13/12/11/16/10/14/19/14/50/18/49/7/6/3/12/49/17/19/17/2/4/5/8/9/10/14/15/18/49/50,25,4401.6,1.0,,,4.07384504383032e-09,4,19/1/1/1,1/3/3/1,2,2,0.883091/0/0.116909,0.960035,19/1/1/1,6510/8221/6243/4156,7935/8401/6162/5978,6983/6983/4198/3801,19/1/1/1,32/6/4/3,1,65866,59,421365593.6689458,239091593.9950408,1.7623605524068975,2,-274107521.114619,-248413509.349006,-294118827.936095,5990591.90929,41447802.511486,223609.653597,-246493865.225905,46635210.296656,25413,149241379.69308,141535417.667847,348227076.71083,317171794.912817,-150626554.739118,-157853319.264755,0.3039,0.7225,0.0847,0.1625,0.0062,0.0867,1.216,0.2247,0.0099,0.5684,0.7126,0.5984,1258,7915,31347,3282.4,618.7,434.4
1320,0.000183323987,9138.28,3.108690918802771e-08,1.0883203125000005e-16,1.6167968750000008e-17,72,21,21,20,19/17/16/13/12/11/7/7/6/3/1/2/4/5/8/9/10/14/7/15/18,0,100,3,0.141602/0.294434/0.382813/0.388916/0.291016/0.361816/0.858643/0.349121/0.274902/1.39038/1.15527/1.44775/1.30884/1.98682/0.235596/1.03418/0.86499/0.30127/1.18408/0/0/0/0/0/0/0/0/0/0/0/0/0/0/0/0/0/0/0/0/0/0/0/0/0/0/0/0/0/0.950195/0.965332/0/0/0/0/0/0/0/0/0/0/0/0/0/0/0/0/0/0/0/0/0/0,380.599/249.666/249.666/251.766/253.208/248.217/4238.65/250.329/246.783/4498.55/4759.88/5021.1/5272.77/4333.22/4113.49/5494.82/5688.34/4200.12/6036.92/0/0/0/0/0/0/0/0/0/0/0/0/0/0/0/0/0/0/0/0/0/0/0/0/0/0/0/0/0/6174.28/8220.67/0/0/0/0/0/0/0/0/0/0/0/0/0/0/0/0/0/0/0/0/0/0,,,11771,2.647356261252099e-11,4.598046875000002e-11,-1.7684309082281938e-06,2.5158713097622063,394,8.51073697329029e-13,56558,1.250587710725936e-10,2.209296875000001e-10,1.6842161361156026e-06,4.2386525598819995e-06,1.2816310409006168e-06,4.263994055066534e-06,1,1,nan,0.2087567726941567,34,50/19/17/16/13/12/11/16/10/14/19/14/50/18/49/7/6/3/12/49/17/19/17/2/4/5/8/9/10/14/15/18/49/50,25,4401.0,1.0,,,4.079186641231875e-09,,,,,,,,,,,,,,1,66145,63,419703940.7960703,238541001.69491303,1.759462473176244,2,-268173615.164338,-248907872.123173,-291119307.814748,15290166.169971,41159586.538307,265925.851891,-245262878.781233,48162318.782632,25675,147504037.582794,142912304.490703,349386014.535005,313852790.576984,-152298324.397565,-156334161.174194,0.299,0.679,0.0841,0.1601,0.006,0.0865,1.1217,0.2218,0.0095,0.5768,0.71,0.5995,1295,7825,31408,,,
1340,0.000183323987,9230.55,3.108690918802771e-08,1.0877172851562505e-16,1.6228271484375007e-17,72,21,21,20,19/17/16/13/12/11/7/7/6/3/1/2/4/5/8/9/10/14/7/15/18,0,100,3,0.141602/0.294678/0.383545/0.388916/0.291016/0.361328/0.858887/0.349121/0.274902/1.39575/1.16064/1.45508/1.31323/1.99756/0.235352/1.03564/0.866943/0.296143/1.18726/0/0/0/0/0/0/0/0/0/0/0/0/0/0/0/0/0/0/0/0/0/0/0/0/0/0/0/0/0/0.963379/0.977295/0/0/0/0/0/0/0/0/0/0/0/0/0/0/0/0/0/0/0/0/0/0,380.599/249.666/249.666/251.766/253.208/248.217/4238.65/250.329/246.783/4498.55/4759.88/5021.1/5272.77/4333.22/4113.49/5494.82/5688.34/4200.12/6036.92/0/0/0/0/0/0/0/0/0/0/0/0/0/0/0/0/0/0/0/0/0/0/0/0/0/0/0/0/0/6174.28/8220.67/0/0/0/0/0/0/0/0/0/0/0/0/0/0/0/0/0/0/0/0/0/0,,,11781,2.6485570873935283e-11,4.601953125000002e-11,-1.7657629775370193e-06,2.5585582008209995,401,8.658093334789562e-13,56722,1.2548727671926984e-10,2.215703125000001e-10,1.683744505810132e-06,4.2386525598819995e-06,1.2816310409006168e-06,4.263994055066534e-06,1,1,nan,0.2078680087914059,34,50/19/17/16/13/12/11/16/10/14/19/14/50/18/49/7/6/3/12/49/17/19/17/2/4/5/8/9/10/14/15/18/49/50,25,4400.8,1.0,,,4.084354585948638e-09,,,,,,,,,,,,,,1,66391,64,417917087.57158446,239422147.6918484,1.7455239275084544,2,-269178826.639568,-249775969.300911,-288753792.109172,12472375.525663,40294622.405716,318609.733143,-243738053.979566,50029393.806155,25930,144597986.028508,141370371.145637,378909182.590078,350885007.798218,-154571930.583554,-158336976.296101,0.2989,0.6994,0.0825,0.1587,0.006,0.0873,1.1603,0.2207,0.0094,0.5834,0.7103,0.6013,1301,7732,31493,,,
1360,0.000183323987,9319.89,3.108690918802771e-08,1.0871264648437505e-16,1.6287353515625007e-17,72,21,21,20,19/17/16/13/12/11/7/7/6/3/1/2/4/5/8/9/10/14/7/15/18,0,102,3,0.141602/0.294189/0.38501/0.388916/0.29126/0.361328/0.859619/0.348145/0.274658/1.39941/1.16357/1.46191/1.31689/2.01074/0.234375/1.03662/0.867676/0.291504/1.18652/0/0/0/0/0/0/0/0/0/0/0/0/0/0/0/0/0/0/0/0/0/0/0/0/0/0/0/0/0/0.981201/0.992188/0/0/0/0/0/0/0/0/0/0/0/0/0/0/0/0/0/0/0/0/0/0,380.599/249.666/249.666/251.766/253.214/248.217/4238.65/250.329/246.783/4498.55/4759.88/5021.1/5272.77/4333.22/4113.49/5494.82/5688.34/4200.12/6036.92/0/0/0/0/0/0/0/0/0/0/0/0/0/0/0/0/0/0/0/0/0/0/0/0/0/0/0/0/0/6174.28/8220.67/0/0/0/0/0/0/0/0/0/0/0/0/0/0/0/0/0/0/0/0/0/0,,,11795,2.6505810947886358e-11,4.6074218750000016e-11,-1.7658581828594465e-06,2.557034915662164,408,8.792262635394662e-13,56898,1.2594179689323014e-10,2.222578125000001e-10,1.6842086748692513e-06,4.2386525598819995e-06,1.2816310409006168e-06,4.263994055066534e-06,1,1,nan,0.20694208054793947,34,50/19/17/16/13/12/11/16/10/14/19/14/50/18/49/7/6/3/12/49/17/19/17/2/4/5/8/9/10/14/15/18/49/50,25,4400.7,1.0,,,4.089214307414637e-09,,,,,,,,,,,,,,1,66634,62,416055515.7161573,239080401.64087784,1.740232628273368,2,-267713900.056047,-249998449.074624,-285790926.181721,12297259.529169,39429032.373267,398508.594828,-242905209.637295,50994693.876838,26160,144719546.407135,141780349.194281,399220436.845488,355318062.413476,-153532330.385932,-157756284.989943,0.3251,0.6945,0.0828,0.1581,0.006,0.0856,1.1443,0.2205,0.0094,0.5866,0.7072,0.6029,1328,7631,31586,,,
1380,0.000193508653,9422.17,3.009539637407289e-08,1.0865625000000005e-16,1.6343750000000007e-17,72,21,21,20,19/17/16/13/12/11/7/7/6/3/1/2/4/5/8/9/10/14/7/15/18,0,103,3,0.14209/0.294189/0.384766/0.388916/0.29126/0.361084/0.86084/0.348145/0.274658/1.40186/1.16772/1.46875/1.32056/2.02197/0.233643/1.03711/0.866943/0.290039/1.18774/0/0/0/0/0/0/0/0/0/0/0/0/0/0/0/0/0/0/0/0/0/0/0/0/0/0/0/0/0/0.994873/1.00659/0/0/0/0/0/0/0/0/0/0/0/0/0/0/0/0/0/0/0/0/0/0,382.032/249.666/249.664/251.766/253.214/248.217/4238.65/250.329/246.783/4498.55/4759.88/5021.1/5272.77/4333.22/4113.49/5494.82/5688.34/4200.12/6036.92/0/0/0/0/0/0/0/0/0/0/0/0/0/0/0/0/0/0/0/0/0/0/0/0/0/0/0/0/0/6174.28/8220.67/0/0/0/0/0/0/0/0/0/0/0/0/0/0/0/0/0/0/0/0/0/0,,,11818,2.6546881070904873e-11,4.616406250000002e-11,-1.7667924684896477e-06,2.5420863455789444,404,8.709943231412615e-13,57058,1.263528388897137e-10,2.2288281250000008e-10,1.6846483242913295e-06,4.2386525598819995e-06,1.2816310409006168e-06,4.263994055066534e-06,1,1,nan,0.19483391315758708,34,50/19/17/16/13/12/11/16/10/14/19/14/50/18/49/7/6/3/12/49/17/19/17/2/4/5/8/9/10/14/15/18/49/50,25,4399.7,1.0,,,4.09428060166051e-09,,,,,,,,,,,,,,1,66862,65,404617351.47106254,247458855.96896183,1.6350893965250235,2,-265745525.52314,-251280831.578188,-283567882.350411,29296703.499565,48386912.551548,1994428.863724,-241616643.121453,62193482.525292,26382,161085343.478668,151168030.891767,424639923.524606,365381226.283827,-149150218.869109,-158754174.959581,0.3539,0.6876,0.0939,0.1599,0.0064,0.0874,1.1239,0.2244,0.0101,0.5945,0.7039,0.6044,1349,7534,31676,,,
1400,0.000193508653,9533.56,3.009539637407289e-08,1.0858544921875005e-16,1.6414550781250008e-17,72,21,21,20,19/17/16/13/12/11/7/7/6/3/1/2/4/5/8/9/10/14/7/15/18,0,105,3,0.14209/0.294189/0.387207/0.388916/0.29126/0.361084/0.862793/0.3479/0.274658/1.40479/1.17261/1.47681/1.32422/2.03516/0.233398/1.03809/0.868408/0.286621/1.19067/0/0/0/0/0/0/0/0/0/0/0/0/0/0/0/0/0/0/0/0/0/0/0/0/0/0/0/0/0/1.01074/1.02295/0/0/0/0/0/0/0/0/0/0/0/0/0/0/0/0/0/0/0/0/0/0,382.032/249.666/249.664/251.766/253.214/248.217/4238.65/250.329/246.783/4500/4759.88/5021.1/5272.77/4333.22/4113.49/5494.82/5688.34/4200.12/6036.92/0/0/0/0/0/0/0/0/0/0/0/0/0/0/0/0/0/0/0/0/0/0/0/0/0/0/0/0/0/6174.28/8220.67/0/0/0/0/0/0/0/0/0/0/0/0/0/0/0/0/0/0/0/0/0/0,1-2:0.396267/1-3:0.405818/2-4:1.41966/2-17:0.0814109/2-19:0.0233774/3-6:1.6678/3-17:0.0749971/4-5:1.53836/4-13:0.0308803/4-16:0.13344/4-17:0.038023/5-8:1.1123/5-12:0.0316994/5-13:0.0836385/5-16:0.00345662/6-7:1.4314/6-17:0.0343369/7-10:0.392097/7-11:0.224632/7-14:0.0134171/7-15:0.156496/8-9:1.45422/8-11:0.0213296/8-12:0.172782/8-13:0.00691323/9-10:1.07196/9-11:0.130483/9-12:0.0103699/10-11:0.901743/10-14:1.43594/10-19:0.539092/11-12:1.79919/11-15:0.0264237/11-16:0.328511/12-13:1.6547/12-16:0.319131/12-19:0.202303/13-14:0.678769/13-16:1.29764/14-16:0.545221/15-16:0.241727/15-18:1.16665/16-17:1.67958/17-19:1.631,1-2:-28.514/1-3:-33.893/2-4:-24.52/2-17:-25.257/2-19:-26.81/3-6:-37.883/3-17:-37.587/4-5:-20.527/4-13:-20.337/4-16:-21.514/4-17:-23.408/5-8:-16.554/5-12:-16.344/5-13:-18.246/5-16:-20.065/6-7:-41.843/6-17:-38.446/7-10:-29.241/7-11:-0.11621/7-14:-0.43331/7-15:-3.3646/8-9:-12.564/8-11:-12.45/8-12:-13.814/8-13:-15.472/9-10:-8.6274/9-11:-10.247/9-12:-11.569/10-11:-5.2824/10-14:-4.8093/10-19:-22.539/11-12:-49.936/11-15:2.1018/11-16:-58.261/12-13:-54.694/12-16:-73.732/12-19:-10.105/13-14:-9.5614/13-16:-55.953/14-16:-1.3573/15-16:2.8319/15-18:-12.418/16-17:-49.12/17-19:-44.367,11851,2.66091907815479e-11,4.629296875000002e-11,-1.7635611902568799e-06,2.59378679730323,409,8.809546360473778e-13,57188,1.26701481085136e-10,2.2339062500000009e-10,1.6843458447749055e-06,4.2386525598819995e-06,1.2816310409006172e-06,4.263994055066534e-06,1,1,nan,0.19390908746040564,34,50/19/17/16/13/12/11/16/10/14/19/14/50/18/49/7/6/3/12/49/17/19/17/2/4/5/8/9/10/14/15/18/49/50,25,4400.6,1.0,,,4.100410395397565e-09,4,19/1/1/1,1/3/3/1,2,2,0.876104/0/0.123896,0.957937,19/1/1/1,6510/8221/6270/4156,7935/8401/6223/5978,6983/6983/4243/3845,19/1/1/1,30/6/4/3,1,67150,65,402696738.5854441,247066256.63008207,1.6299139513348375,3,-266735549.832178,-251585192.982026,-281305350.18696,24712649.607593,47777812.927372,5466061.221287,-240802639.952272,63177413.683222,26609,163636265.069088,151718956.952986,430530782.90321,372484439.637578,-145154381.700146,-157419198.525086,0.3537,0.6964,0.093,0.1575,0.0064,0.0878,1.1427,0.2213,0.01,0.5889,0.7031,0.6061,1355,7453,31802,3264.5,618.7,443.9
