step,t_s,wall_s,dt,V0,Vt,M,nreg_used,nslab_n,nf3_col,runs,ncomp_min,ncomp_max,ncompbig_max,vols,ths,f3_pairs,f3_pairs_pos,nf3,f3_area_m2,f3_area_stair,f3_pos_m,f3_pos_dx,nf2,f2_area_m2,nf1,f1_area_m2,f1_area_stair,f3_std_m,n_lath,w_lath,a_lath,box_touch,finite,psi_mean,cfl_used,nslab_n1,runs1,nf3_col1,r_col_nm,col_cover_min,nslab_nu,nslab_nu1,E_el_J,nblk_sig,blk_laths,blk_vars,n_var_sig,n_habit,f_var,r_selfac,blk_nlath,blk_span_nm,blk_alen_nm,blk_wlen_nm,blk_nprof,blk_nruns,box_touch_core,core_vox,ncomp_all,dG_max_Jm3,dG_p999,dG_ratio,dG_near_max,ed_tip,ed_side,ed_wide,dG_tip,dG_side,dG_wide,ed_obl,dG_obl,n_obl,dG_tip_p90,dG_side_p90,dG_tip_max,dG_side_max,ed_tip_p90,ed_side_p90,v_tip_nsgn,v_tip_nabs,v_side_nsgn,v_side_nabs,v_wide_nabs,v_obl_nabs,v_tip_f1,v_side_f1,v_wide_f1,f1_tip,f1_side,f1_wide,n_tip,n_side,n_wide,tip_sep_nm,side_sep_nm,wide_sep_nm
0,0.0,8.94,7.638473182236092e-08,1.2475048828125007e-16,2.495117187500001e-19,276,1,1,0,1,0,1,1,0.249512/0/0/0/0/0/0/0/0/0/0/0/0/0/0/0/0/0/0/0/0/0/0/0/0/0/0/0/0/0/0/0/0/0/0/0/0/0/0/0/0/0/0/0/0/0/0/0/0/0/0/0/0/0/0/0/0/0/0/0/0/0/0/0/0/0/0/0/0/0/0/0/0/0/0/0/0/0/0/0/0/0/0/0/0/0/0/0/0/0/0/0/0/0/0/0/0/0/0/0/0/0/0/0/0/0/0/0/0/0/0/0/0/0/0/0/0/0/0/0/0/0/0/0/0/0/0/0/0/0/0/0/0/0/0/0/0/0/0/0/0/0/0/0/0/0/0/0/0/0/0/0/0/0/0/0/0/0/0/0/0/0/0/0/0/0/0/0/0/0/0/0/0/0/0/0/0/0/0/0/0/0/0/0/0/0/0/0/0/0/0/0/0/0/0/0/0/0/0/0/0/0/0/0/0/0/0/0/0/0/0/0/0/0/0/0/0/0/0/0/0/0/0/0/0/0/0/0/0/0/0/0/0/0/0/0/0/0/0/0/0/0/0/0/0/0/0/0/0/0/0/0/0/0/0/0/0/0/0/0/0/0/0/0/0/0/0/0/0/0/0/0/0/0/0/0,507.199/0/0/0/0/0/0/0/0/0/0/0/0/0/0/0/0/0/0/0/0/0/0/0/0/0/0/0/0/0/0/0/0/0/0/0/0/0/0/0/0/0/0/0/0/0/0/0/0/0/0/0/0/0/0/0/0/0/0/0/0/0/0/0/0/0/0/0/0/0/0/0/0/0/0/0/0/0/0/0/0/0/0/0/0/0/0/0/0/0/0/0/0/0/0/0/0/0/0/0/0/0/0/0/0/0/0/0/0/0/0/0/0/0/0/0/0/0/0/0/0/0/0/0/0/0/0/0/0/0/0/0/0/0/0/0/0/0/0/0/0/0/0/0/0/0/0/0/0/0/0/0/0/0/0/0/0/0/0/0/0/0/0/0/0/0/0/0/0/0/0/0/0/0/0/0/0/0/0/0/0/0/0/0/0/0/0/0/0/0/0/0/0/0/0/0/0/0/0/0/0/0/0/0/0/0/0/0/0/0/0/0/0/0/0/0/0/0/0/0/0/0/0/0/0/0/0/0/0/0/0/0/0/0/0/0/0/0/0/0/0/0/0/0/0/0/0/0/0/0/0/0/0/0/0/0/0/0/0/0/0/0/0/0/0/0/0/0/0/0/0/0/0/0/0/0,,,0,0.0,0.0,nan,nan,0,0.0,940,1.95694010763834e-12,3.671875000000001e-12,nan,5.071986094432838e-07,4.419417382415928e-07,1.042953646404103e-06,0,1,nan,nan,1,1,0,597.6,1.0,1,1,0.0,1,1,1,1,1,1/0/0/0/0/0/0/0/0/0/0/0,1.0,1,507,1043,442,1,1,0,1022,1,nan,nan,nan,-1,,,,,,,,,,,,,,,,,,,,,,,,,,,,0,0,0,1075.7,530.3,559.6
20,-0.0,180.82,7.638473182236092e-08,1.2340356445312505e-16,1.5964355468750008e-18,276,3,3,2,3/1/2,0,1,1,0.167725/0.714355/0.714355/0/0/0/0/0/0/0/0/0/0/0/0/0/0/0/0/0/0/0/0/0/0/0/0/0/0/0/0/0/0/0/0/0/0/0/0/0/0/0/0/0/0/0/0/0/0/0/0/0/0/0/0/0/0/0/0/0/0/0/0/0/0/0/0/0/0/0/0/0/0/0/0/0/0/0/0/0/0/0/0/0/0/0/0/0/0/0/0/0/0/0/0/0/0/0/0/0/0/0/0/0/0/0/0/0/0/0/0/0/0/0/0/0/0/0/0/0/0/0/0/0/0/0/0/0/0/0/0/0/0/0/0/0/0/0/0/0/0/0/0/0/0/0/0/0/0/0/0/0/0/0/0/0/0/0/0/0/0/0/0/0/0/0/0/0/0/0/0/0/0/0/0/0/0/0/0/0/0/0/0/0/0/0/0/0/0/0/0/0/0/0/0/0/0/0/0/0/0/0/0/0/0/0/0/0/0/0/0/0/0/0/0/0/0/0/0/0/0/0/0/0/0/0/0/0/0/0/0/0/0/0/0/0/0/0/0/0/0/0/0/0/0/0/0/0/0/0/0/0/0/0/0/0/0/0/0/0/0/0/0/0/0/0/0/0/0/0/0/0/0/0/0/0,380.599/311.401/311.401/0/0/0/0/0/0/0/0/0/0/0/0/0/0/0/0/0/0/0/0/0/0/0/0/0/0/0/0/0/0/0/0/0/0/0/0/0/0/0/0/0/0/0/0/0/0/0/0/0/0/0/0/0/0/0/0/0/0/0/0/0/0/0/0/0/0/0/0/0/0/0/0/0/0/0/0/0/0/0/0/0/0/0/0/0/0/0/0/0/0/0/0/0/0/0/0/0/0/0/0/0/0/0/0/0/0/0/0/0/0/0/0/0/0/0/0/0/0/0/0/0/0/0/0/0/0/0/0/0/0/0/0/0/0/0/0/0/0/0/0/0/0/0/0/0/0/0/0/0/0/0/0/0/0/0/0/0/0/0/0/0/0/0/0/0/0/0/0/0/0/0/0/0/0/0/0/0/0/0/0/0/0/0/0/0/0/0/0/0/0/0/0/0/0/0/0/0/0/0/0/0/0/0/0/0/0/0/0/0/0/0/0/0/0/0/0/0/0/0/0/0/0/0/0/0/0/0/0/0/0/0/0/0/0/0/0/0/0/0/0/0/0/0/0/0/0/0/0/0/0/0/0/0/0/0/0/0/0/0/0/0/0/0/0/0/0/0/0/0/0/0/0/0,,,402,9.400712717777397e-13,1.5703125000000006e-12,-1.9256728650883317e-06,0.0,0,0.0,5868,1.2676390837546651e-11,2.292187500000001e-11,1.9512872345732365e-07,3.114007948504429e-07,6.187184335382292e-07,4.433762144504359e-06,0,1,nan,0.5803935598531403,3,3/1/2,2,2299.2,1.0,,,2.4788381330592357e-10,,,,,,,,,,,,,,0,6539,1,474893301.6506607,136236549.66070715,3.4857995364193206,2,-273187175.368108,-258040164.580138,-276515933.178307,-100440079.755432,-133872872.881523,-127053062.510736,-272507043.122589,-128161479.775973,1612,-69758.581623,-54233763.132618,-37087.568568,-38061.00312,-179968295.903978,-182645001.075029,-7.3495,7.3495,-1.0265,1.0265,0.0182,0.5508,8.8434,1.0501,0.0234,0.831,0.9774,0.7767,71,1462,3403,,,
40,-0.0,256.15,7.638473182236092e-08,1.2346679687500005e-16,1.5332031250000006e-18,276,3,3,2,3/1/2,0,1,1,0.161865/0.685547/0.685791/0/0/0/0/0/0/0/0/0/0/0/0/0/0/0/0/0/0/0/0/0/0/0/0/0/0/0/0/0/0/0/0/0/0/0/0/0/0/0/0/0/0/0/0/0/0/0/0/0/0/0/0/0/0/0/0/0/0/0/0/0/0/0/0/0/0/0/0/0/0/0/0/0/0/0/0/0/0/0/0/0/0/0/0/0/0/0/0/0/0/0/0/0/0/0/0/0/0/0/0/0/0/0/0/0/0/0/0/0/0/0/0/0/0/0/0/0/0/0/0/0/0/0/0/0/0/0/0/0/0/0/0/0/0/0/0/0/0/0/0/0/0/0/0/0/0/0/0/0/0/0/0/0/0/0/0/0/0/0/0/0/0/0/0/0/0/0/0/0/0/0/0/0/0/0/0/0/0/0/0/0/0/0/0/0/0/0/0/0/0/0/0/0/0/0/0/0/0/0/0/0/0/0/0/0/0/0/0/0/0/0/0/0/0/0/0/0/0/0/0/0/0/0/0/0/0/0/0/0/0/0/0/0/0/0/0/0/0/0/0/0/0/0/0/0/0/0/0/0/0/0/0/0/0/0/0/0/0/0/0/0/0/0/0/0/0/0/0/0/0/0/0/0,380.599/310.742/310.742/0/0/0/0/0/0/0/0/0/0/0/0/0/0/0/0/0/0/0/0/0/0/0/0/0/0/0/0/0/0/0/0/0/0/0/0/0/0/0/0/0/0/0/0/0/0/0/0/0/0/0/0/0/0/0/0/0/0/0/0/0/0/0/0/0/0/0/0/0/0/0/0/0/0/0/0/0/0/0/0/0/0/0/0/0/0/0/0/0/0/0/0/0/0/0/0/0/0/0/0/0/0/0/0/0/0/0/0/0/0/0/0/0/0/0/0/0/0/0/0/0/0/0/0/0/0/0/0/0/0/0/0/0/0/0/0/0/0/0/0/0/0/0/0/0/0/0/0/0/0/0/0/0/0/0/0/0/0/0/0/0/0/0/0/0/0/0/0/0/0/0/0/0/0/0/0/0/0/0/0/0/0/0/0/0/0/0/0/0/0/0/0/0/0/0/0/0/0/0/0/0/0/0/0/0/0/0/0/0/0/0/0/0/0/0/0/0/0/0/0/0/0/0/0/0/0/0/0/0/0/0/0/0/0/0/0/0/0/0/0/0/0/0/0/0/0/0/0/0/0/0/0/0/0/0/0/0/0/0/0/0/0/0/0/0/0/0/0/0/0/0/0/0,,,390,9.193315688513787e-13,1.5234375000000006e-12,-1.925672865088332e-06,-6.776263578034402e-15,0,0.0,5688,1.2344194717606256e-11,2.2218750000000007e-11,1.946017080231595e-07,3.107420867397374e-07,6.187184335382292e-07,4.41945459353339e-06,0,1,nan,0.588746812234783,3,3/1/2,2,2283.9,1.0,,,2.400269158661691e-10,,,,,,,,,,,,,,0,6280,1,481728152.82310194,135995749.99296668,3.5422294656120914,2,-272935067.237005,-241692247.231542,-277353223.995058,-81145721.783199,-116359437.046961,-123050428.408592,-262888703.731234,-120046235.536277,1402,-54054.92116,-52736732.619459,-32774.737274,-36501.959259,-176848300.363717,-180272656.461264,-7.0633,7.0633,-0.9108,0.9108,0.0178,0.4753,8.5653,0.9327,0.0233,0.8246,0.9764,0.765,57,1653,3179,,,
60,-0.0,331.93,7.638473182236092e-08,1.2350146484375007e-16,1.4985351562500008e-18,276,3,3,2,3/1/2,0,1,1,0.15918/0.669922/0.669434/0/0/0/0/0/0/0/0/0/0/0/0/0/0/0/0/0/0/0/0/0/0/0/0/0/0/0/0/0/0/0/0/0/0/0/0/0/0/0/0/0/0/0/0/0/0/0/0/0/0/0/0/0/0/0/0/0/0/0/0/0/0/0/0/0/0/0/0/0/0/0/0/0/0/0/0/0/0/0/0/0/0/0/0/0/0/0/0/0/0/0/0/0/0/0/0/0/0/0/0/0/0/0/0/0/0/0/0/0/0/0/0/0/0/0/0/0/0/0/0/0/0/0/0/0/0/0/0/0/0/0/0/0/0/0/0/0/0/0/0/0/0/0/0/0/0/0/0/0/0/0/0/0/0/0/0/0/0/0/0/0/0/0/0/0/0/0/0/0/0/0/0/0/0/0/0/0/0/0/0/0/0/0/0/0/0/0/0/0/0/0/0/0/0/0/0/0/0/0/0/0/0/0/0/0/0/0/0/0/0/0/0/0/0/0/0/0/0/0/0/0/0/0/0/0/0/0/0/0/0/0/0/0/0/0/0/0/0/0/0/0/0/0/0/0/0/0/0/0/0/0/0/0/0/0/0/0/0/0/0/0/0/0/0/0/0/0/0/0/0/0/0/0,380.599/310.742/310.742/0/0/0/0/0/0/0/0/0/0/0/0/0/0/0/0/0/0/0/0/0/0/0/0/0/0/0/0/0/0/0/0/0/0/0/0/0/0/0/0/0/0/0/0/0/0/0/0/0/0/0/0/0/0/0/0/0/0/0/0/0/0/0/0/0/0/0/0/0/0/0/0/0/0/0/0/0/0/0/0/0/0/0/0/0/0/0/0/0/0/0/0/0/0/0/0/0/0/0/0/0/0/0/0/0/0/0/0/0/0/0/0/0/0/0/0/0/0/0/0/0/0/0/0/0/0/0/0/0/0/0/0/0/0/0/0/0/0/0/0/0/0/0/0/0/0/0/0/0/0/0/0/0/0/0/0/0/0/0/0/0/0/0/0/0/0/0/0/0/0/0/0/0/0/0/0/0/0/0/0/0/0/0/0/0/0/0/0/0/0/0/0/0/0/0/0/0/0/0/0/0/0/0/0/0/0/0/0/0/0/0/0/0/0/0/0/0/0/0/0/0/0/0/0/0/0/0/0/0/0/0/0/0/0/0/0/0/0/0/0/0/0/0/0/0/0/0/0/0/0/0/0/0/0/0/0/0/0/0/0/0/0/0/0/0/0/0/0/0/0/0/0/0,,,386,9.124183345425917e-13,1.5078125000000006e-12,-1.925672865088332e-06,-6.776263578034402e-15,0,0.0,5530,1.2034196529706886e-11,2.160156250000001e-11,1.945629273842205e-07,3.107420867397374e-07,6.187184335382292e-07,4.40514704256242e-06,0,1,nan,0.5940317821887757,3,3/1/2,2,2284.6,1.0,,,2.3361748246235627e-10,,,,,,,,,,,,,,0,6138,1,486052454.47664064,135874928.5647564,3.577204857517138,2,-229325744.991601,-233423767.699698,-276813324.610016,-96077944.94658,-105795303.347896,-119386209.997424,-251565602.618427,-114238896.429254,1494,-35525621.229422,-44372775.231939,-37407.337928,-30423.463445,-173643977.077445,-171702683.03253,-5.8042,5.8042,-0.8306,0.8306,0.0174,0.4495,6.1847,0.8525,0.0229,0.9385,0.9741,0.7561,65,1661,2927,,,
80,-0.0,406.29,7.638473182236092e-08,1.2352954101562505e-16,1.4704589843750006e-18,276,3,3,2,3/1/2,0,3,1,0.159912/0.65625/0.654297/0/0/0/0/0/0/0/0/0/0/0/0/0/0/0/0/0/0/0/0/0/0/0/0/0/0/0/0/0/0/0/0/0/0/0/0/0/0/0/0/0/0/0/0/0/0/0/0/0/0/0/0/0/0/0/0/0/0/0/0/0/0/0/0/0/0/0/0/0/0/0/0/0/0/0/0/0/0/0/0/0/0/0/0/0/0/0/0/0/0/0/0/0/0/0/0/0/0/0/0/0/0/0/0/0/0/0/0/0/0/0/0/0/0/0/0/0/0/0/0/0/0/0/0/0/0/0/0/0/0/0/0/0/0/0/0/0/0/0/0/0/0/0/0/0/0/0/0/0/0/0/0/0/0/0/0/0/0/0/0/0/0/0/0/0/0/0/0/0/0/0/0/0/0/0/0/0/0/0/0/0/0/0/0/0/0/0/0/0/0/0/0/0/0/0/0/0/0/0/0/0/0/0/0/0/0/0/0/0/0/0/0/0/0/0/0/0/0/0/0/0/0/0/0/0/0/0/0/0/0/0/0/0/0/0/0/0/0/0/0/0/0/0/0/0/0/0/0/0/0/0/0/0/0/0/0/0/0/0/0/0/0/0/0/0/0/0/0/0/0/0/0/0,380.599/309.959/309.959/0/0/0/0/0/0/0/0/0/0/0/0/0/0/0/0/0/0/0/0/0/0/0/0/0/0/0/0/0/0/0/0/0/0/0/0/0/0/0/0/0/0/0/0/0/0/0/0/0/0/0/0/0/0/0/0/0/0/0/0/0/0/0/0/0/0/0/0/0/0/0/0/0/0/0/0/0/0/0/0/0/0/0/0/0/0/0/0/0/0/0/0/0/0/0/0/0/0/0/0/0/0/0/0/0/0/0/0/0/0/0/0/0/0/0/0/0/0/0/0/0/0/0/0/0/0/0/0/0/0/0/0/0/0/0/0/0/0/0/0/0/0/0/0/0/0/0/0/0/0/0/0/0/0/0/0/0/0/0/0/0/0/0/0/0/0/0/0/0/0/0/0/0/0/0/0/0/0/0/0/0/0/0/0/0/0/0/0/0/0/0/0/0/0/0/0/0/0/0/0/0/0/0/0/0/0/0/0/0/0/0/0/0/0/0/0/0/0/0/0/0/0/0/0/0/0/0/0/0/0/0/0/0/0/0/0/0/0/0/0/0/0/0/0/0/0/0/0/0/0/0/0/0/0/0/0/0/0/0/0/0/0/0/0/0/0/0/0/0/0/0/0/0,,,382,9.055051002338047e-13,1.4921875000000005e-12,-1.925672865088332e-06,-6.776263578034402e-15,0,0.0,5490,1.1962426774440184e-11,2.144531250000001e-11,1.943944566794719e-07,3.099593481588478e-07,6.187184335382292e-07,4.40514704256242e-06,0,1,nan,0.597304299489188,3,3/1/2,2,2286.1,1.0,,,2.2800694206592007e-10,,,,,,,,,,,,,,0,6021,3,488730114.34918445,135902819.8184014,3.5961734642610397,2,-263908320.628751,-226669224.527621,-277564488.177273,-82761194.925419,-101555259.361088,-115722115.470933,-243089697.889341,-109906295.021415,1544,-41372.849182,-42595503.396058,-5964.400783,-36147.149763,-187794853.817036,-167635368.059555,-5.6594,5.6594,-0.7791,0.7791,0.0173,0.4096,6.4845,0.7966,0.0232,0.8727,0.9779,0.747,55,1719,2711,,,
100,-0.0,488.98,7.638473182236092e-08,1.2356176757812504e-16,1.4382324218750007e-18,276,3,3,2,3/1/2,0,1,1,0.157471/0.639893/0.640869/0/0/0/0/0/0/0/0/0/0/0/0/0/0/0/0/0/0/0/0/0/0/0/0/0/0/0/0/0/0/0/0/0/0/0/0/0/0/0/0/0/0/0/0/0/0/0/0/0/0/0/0/0/0/0/0/0/0/0/0/0/0/0/0/0/0/0/0/0/0/0/0/0/0/0/0/0/0/0/0/0/0/0/0/0/0/0/0/0/0/0/0/0/0/0/0/0/0/0/0/0/0/0/0/0/0/0/0/0/0/0/0/0/0/0/0/0/0/0/0/0/0/0/0/0/0/0/0/0/0/0/0/0/0/0/0/0/0/0/0/0/0/0/0/0/0/0/0/0/0/0/0/0/0/0/0/0/0/0/0/0/0/0/0/0/0/0/0/0/0/0/0/0/0/0/0/0/0/0/0/0/0/0/0/0/0/0/0/0/0/0/0/0/0/0/0/0/0/0/0/0/0/0/0/0/0/0/0/0/0/0/0/0/0/0/0/0/0/0/0/0/0/0/0/0/0/0/0/0/0/0/0/0/0/0/0/0/0/0/0/0/0/0/0/0/0/0/0/0/0/0/0/0/0/0/0/0/0/0/0/0/0/0/0/0/0/0/0/0/0/0/0/0,380.599/309.957/309.957/0/0/0/0/0/0/0/0/0/0/0/0/0/0/0/0/0/0/0/0/0/0/0/0/0/0/0/0/0/0/0/0/0/0/0/0/0/0/0/0/0/0/0/0/0/0/0/0/0/0/0/0/0/0/0/0/0/0/0/0/0/0/0/0/0/0/0/0/0/0/0/0/0/0/0/0/0/0/0/0/0/0/0/0/0/0/0/0/0/0/0/0/0/0/0/0/0/0/0/0/0/0/0/0/0/0/0/0/0/0/0/0/0/0/0/0/0/0/0/0/0/0/0/0/0/0/0/0/0/0/0/0/0/0/0/0/0/0/0/0/0/0/0/0/0/0/0/0/0/0/0/0/0/0/0/0/0/0/0/0/0/0/0/0/0/0/0/0/0/0/0/0/0/0/0/0/0/0/0/0/0/0/0/0/0/0/0/0/0/0/0/0/0/0/0/0/0/0/0/0/0/0/0/0/0/0/0/0/0/0/0/0/0/0/0/0/0/0/0/0/0/0/0/0/0/0/0/0/0/0/0/0/0/0/0/0/0/0/0/0/0/0/0/0/0/0/0/0/0/0/0/0/0/0/0/0/0/0/0/0/0/0/0/0/0/0/0/0/0/0/0/0/0,1-2:0.446658/1-3:0.446658,1-2:-28.519/1-3:-33.883,378,8.933167858444876e-13,1.4765625000000006e-12,-1.925672865088332e-06,-6.776263578034402e-15,0,0.0,5408,1.1815430263168088e-11,2.1125000000000008e-11,1.9411124887456574e-07,3.099573023759684e-07,6.187184335382292e-07,4.3744677691609546e-06,0,1,nan,0.5989482174441781,3,3/1/2,2,2277.9,1.0,,,2.2300888621098586e-10,1,3,1,1,1,1/0/0/0/0/0/0/0/0/0/0/0,1.0,3,1003,4473,619,3,3,0,5891,1,490075211.330422,135796359.91349158,3.6088979972852147,2,-251614559.814289,-218604413.216918,-277200932.204904,-88548022.337941,-95394462.18886,-113741470.73894,-237279364.11123,-104569809.738509,1686,-40665.594737,-39083427.846224,-23016.301241,-31133.005487,-182592599.607324,-162877756.039162,-6.5613,6.5613,-0.7295,0.7295,0.0169,0.3946,7.5971,0.7483,0.0229,0.8636,0.9746,0.7389,44,1656,2512,4521.7,618.7,375.5
120,1.0184666e-05,659.55,7.066431797835207e-08,1.2196215820312506e-16,3.0378417968750015e-18,276,6,6,5,6/3/1/2/4/5,0,2,1,0.156738/0.469727/0.474609/0.545166/0.694824/0.696777/0/0/0/0/0/0/0/0/0/0/0/0/0/0/0/0/0/0/0/0/0/0/0/0/0/0/0/0/0/0/0/0/0/0/0/0/0/0/0/0/0/0/0/0/0/0/0/0/0/0/0/0/0/0/0/0/0/0/0/0/0/0/0/0/0/0/0/0/0/0/0/0/0/0/0/0/0/0/0/0/0/0/0/0/0/0/0/0/0/0/0/0/0/0/0/0/0/0/0/0/0/0/0/0/0/0/0/0/0/0/0/0/0/0/0/0/0/0/0/0/0/0/0/0/0/0/0/0/0/0/0/0/0/0/0/0/0/0/0/0/0/0/0/0/0/0/0/0/0/0/0/0/0/0/0/0/0/0/0/0/0/0/0/0/0/0/0/0/0/0/0/0/0/0/0/0/0/0/0/0/0/0/0/0/0/0/0/0/0/0/0/0/0/0/0/0/0/0/0/0/0/0/0/0/0/0/0/0/0/0/0/0/0/0/0/0/0/0/0/0/0/0/0/0/0/0/0/0/0/0/0/0/0/0/0/0/0/0/0/0/0/0/0/0/0/0/0/0/0/0/0/0/0/0/0/0/0/0/0/0/0/0/0/0/0/0/0/0/0/0,380.599/247.444/247.444/248.888/310.744/310.744/0/0/0/0/0/0/0/0/0/0/0/0/0/0/0/0/0/0/0/0/0/0/0/0/0/0/0/0/0/0/0/0/0/0/0/0/0/0/0/0/0/0/0/0/0/0/0/0/0/0/0/0/0/0/0/0/0/0/0/0/0/0/0/0/0/0/0/0/0/0/0/0/0/0/0/0/0/0/0/0/0/0/0/0/0/0/0/0/0/0/0/0/0/0/0/0/0/0/0/0/0/0/0/0/0/0/0/0/0/0/0/0/0/0/0/0/0/0/0/0/0/0/0/0/0/0/0/0/0/0/0/0/0/0/0/0/0/0/0/0/0/0/0/0/0/0/0/0/0/0/0/0/0/0/0/0/0/0/0/0/0/0/0/0/0/0/0/0/0/0/0/0/0/0/0/0/0/0/0/0/0/0/0/0/0/0/0/0/0/0/0/0/0/0/0/0/0/0/0/0/0/0/0/0/0/0/0/0/0/0/0/0/0/0/0/0/0/0/0/0/0/0/0/0/0/0/0/0/0/0/0/0/0/0/0/0/0/0/0/0/0/0/0/0/0/0/0/0/0/0/0/0/0/0/0/0/0/0/0/0/0/0/0/0/0/0/0/0/0/0,,,2931,6.8934872401523235e-12,1.1449218750000004e-11,-1.7122510186295734e-06,3.4147495433401325,0,0.0,8492,1.7799643589505744e-11,3.317187500000001e-11,4.6627985446383245e-07,2.7981590972239423e-07,5.745242597140704e-07,4.348878099785446e-06,0,1,nan,0.6356689282719048,6,6/3/1/2/4/5,5,2326.7,1.0,,,7.164940715849039e-10,,,,,,,,,,,,,,0,12441,3,562225875.1462808,145943934.14142802,3.852341506714844,2,-413758697.150102,-368325669.135825,-417672095.846362,-119582802.06634,-226150538.175898,-231306.22447,-385336390.146782,-159947984.095773,3310,-1366.460111,-124693015.471484,93283.617131,56078.137866,-253999082.610714,-280862838.470781,-6.2564,6.2567,-1.4033,1.4033,0.0126,0.5952,10.4587,1.4995,0.0332,0.5981,0.9356,0.3789,107,2516,6558,,,
140,1.0184666e-05,736.06,7.066431797835207e-08,1.2213159179687505e-16,2.8684082031250013e-18,276,6,6,5,6/3/1/2/4/5,0,4,1,0.154785/0.438965/0.444824/0.522949/0.652344/0.654541/0/0/0/0/0/0/0/0/0/0/0/0/0/0/0/0/0/0/0/0/0/0/0/0/0/0/0/0/0/0/0/0/0/0/0/0/0/0/0/0/0/0/0/0/0/0/0/0/0/0/0/0/0/0/0/0/0/0/0/0/0/0/0/0/0/0/0/0/0/0/0/0/0/0/0/0/0/0/0/0/0/0/0/0/0/0/0/0/0/0/0/0/0/0/0/0/0/0/0/0/0/0/0/0/0/0/0/0/0/0/0/0/0/0/0/0/0/0/0/0/0/0/0/0/0/0/0/0/0/0/0/0/0/0/0/0/0/0/0/0/0/0/0/0/0/0/0/0/0/0/0/0/0/0/0/0/0/0/0/0/0/0/0/0/0/0/0/0/0/0/0/0/0/0/0/0/0/0/0/0/0/0/0/0/0/0/0/0/0/0/0/0/0/0/0/0/0/0/0/0/0/0/0/0/0/0/0/0/0/0/0/0/0/0/0/0/0/0/0/0/0/0/0/0/0/0/0/0/0/0/0/0/0/0/0/0/0/0/0/0/0/0/0/0/0/0/0/0/0/0/0/0/0/0/0/0/0/0/0/0/0/0/0/0/0/0/0/0/0/0,380.599/247.444/247.444/248.888/310.744/310.742/0/0/0/0/0/0/0/0/0/0/0/0/0/0/0/0/0/0/0/0/0/0/0/0/0/0/0/0/0/0/0/0/0/0/0/0/0/0/0/0/0/0/0/0/0/0/0/0/0/0/0/0/0/0/0/0/0/0/0/0/0/0/0/0/0/0/0/0/0/0/0/0/0/0/0/0/0/0/0/0/0/0/0/0/0/0/0/0/0/0/0/0/0/0/0/0/0/0/0/0/0/0/0/0/0/0/0/0/0/0/0/0/0/0/0/0/0/0/0/0/0/0/0/0/0/0/0/0/0/0/0/0/0/0/0/0/0/0/0/0/0/0/0/0/0/0/0/0/0/0/0/0/0/0/0/0/0/0/0/0/0/0/0/0/0/0/0/0/0/0/0/0/0/0/0/0/0/0/0/0/0/0/0/0/0/0/0/0/0/0/0/0/0/0/0/0/0/0/0/0/0/0/0/0/0/0/0/0/0/0/0/0/0/0/0/0/0/0/0/0/0/0/0/0/0/0/0/0/0/0/0/0/0/0/0/0/0/0/0/0/0/0/0/0/0/0/0/0/0/0/0/0/0/0/0/0/0/0/0/0/0/0/0/0/0/0/0/0/0/0,,,2821,6.630841137345538e-12,1.1019531250000004e-11,-1.7067948234472182e-06,3.502048666257816,0,0.0,8260,1.7322187722012705e-11,3.226562500000001e-11,4.650673516090875e-07,2.798148868309543e-07,5.745242597140704e-07,4.31207713662826e-06,0,1,nan,0.6340137105678807,6,6/3/1/2/4/5,5,2320.4,1.0,,,6.930656010584805e-10,,,,,,,,,,,,,,0,11741,9,560761895.7368538,145532423.0774612,3.8531750099315136,2,-413038555.58146,-357536350.774646,-424425761.358379,-250686.805288,-202782573.038133,-216094.390985,-387966833.281734,-143791013.986675,3350,-24127.724514,-153747.347246,165143.676021,77208.433809,-285326496.233576,-267704863.841753,-5.1853,5.1861,-1.2012,1.2012,0.0123,0.4926,10.5532,1.3701,0.0336,0.4912,0.8762,0.3655,114,2133,6181,,,
160,1.0184666e-05,812.17,7.066431797835207e-08,1.2224414062500006e-16,2.7558593750000013e-18,276,6,6,5,6/3/1/2/4/5,0,5,1,0.152832/0.423828/0.42749/0.510986/0.620361/0.620361/0/0/0/0/0/0/0/0/0/0/0/0/0/0/0/0/0/0/0/0/0/0/0/0/0/0/0/0/0/0/0/0/0/0/0/0/0/0/0/0/0/0/0/0/0/0/0/0/0/0/0/0/0/0/0/0/0/0/0/0/0/0/0/0/0/0/0/0/0/0/0/0/0/0/0/0/0/0/0/0/0/0/0/0/0/0/0/0/0/0/0/0/0/0/0/0/0/0/0/0/0/0/0/0/0/0/0/0/0/0/0/0/0/0/0/0/0/0/0/0/0/0/0/0/0/0/0/0/0/0/0/0/0/0/0/0/0/0/0/0/0/0/0/0/0/0/0/0/0/0/0/0/0/0/0/0/0/0/0/0/0/0/0/0/0/0/0/0/0/0/0/0/0/0/0/0/0/0/0/0/0/0/0/0/0/0/0/0/0/0/0/0/0/0/0/0/0/0/0/0/0/0/0/0/0/0/0/0/0/0/0/0/0/0/0/0/0/0/0/0/0/0/0/0/0/0/0/0/0/0/0/0/0/0/0/0/0/0/0/0/0/0/0/0/0/0/0/0/0/0/0/0/0/0/0/0/0/0/0/0/0/0/0/0/0/0/0/0/0/0,380.599/247.444/247.444/248.888/309.961/310.734/0/0/0/0/0/0/0/0/0/0/0/0/0/0/0/0/0/0/0/0/0/0/0/0/0/0/0/0/0/0/0/0/0/0/0/0/0/0/0/0/0/0/0/0/0/0/0/0/0/0/0/0/0/0/0/0/0/0/0/0/0/0/0/0/0/0/0/0/0/0/0/0/0/0/0/0/0/0/0/0/0/0/0/0/0/0/0/0/0/0/0/0/0/0/0/0/0/0/0/0/0/0/0/0/0/0/0/0/0/0/0/0/0/0/0/0/0/0/0/0/0/0/0/0/0/0/0/0/0/0/0/0/0/0/0/0/0/0/0/0/0/0/0/0/0/0/0/0/0/0/0/0/0/0/0/0/0/0/0/0/0/0/0/0/0/0/0/0/0/0/0/0/0/0/0/0/0/0/0/0/0/0/0/0/0/0/0/0/0/0/0/0/0/0/0/0/0/0/0/0/0/0/0/0/0/0/0/0/0/0/0/0/0/0/0/0/0/0/0/0/0/0/0/0/0/0/0/0/0/0/0/0/0/0/0/0/0/0/0/0/0/0/0/0/0/0/0/0/0/0/0/0/0/0/0/0/0/0/0/0/0/0/0/0/0/0/0/0/0/0,,,2799,6.583587150298427e-12,1.0933593750000005e-11,-1.704857801446881e-06,3.5330410182632126,0,0.0,8228,1.7396120925931103e-11,3.214062500000001e-11,4.6400714493156493e-07,2.794245404319497e-07,5.745242597140704e-07,4.311045050898497e-06,0,1,nan,0.6312011397545347,6,6/3/1/2/4/5,5,2301.3,1.0,,,6.758544925689648e-10,,,,,,,,,,,,,,0,11280,9,558274279.9094715,145467352.79279202,3.8377977545566107,2,-394818801.135233,-355901658.114964,-426276060.853506,-143020452.302811,-193434718.928691,-205351.337821,-384523869.164143,-135288227.280167,3326,-31598.702735,-119096.553461,191131.397668,71206.341246,-276234642.07646,-257149236.661636,-6.4287,6.4293,-1.1369,1.1369,0.0121,0.4447,11.2472,1.3358,0.0345,0.5714,0.8506,0.3505,98,1907,5972,,,
180,1.0184666e-05,889.49,7.066431797835207e-08,1.2235815429687505e-16,2.641845703125001e-18,276,6,6,5,6/3/1/2/4/5,0,5,1,0.1521/0.406006/0.41626/0.502441/0.579834/0.585205/0/0/0/0/0/0/0/0/0/0/0/0/0/0/0/0/0/0/0/0/0/0/0/0/0/0/0/0/0/0/0/0/0/0/0/0/0/0/0/0/0/0/0/0/0/0/0/0/0/0/0/0/0/0/0/0/0/0/0/0/0/0/0/0/0/0/0/0/0/0/0/0/0/0/0/0/0/0/0/0/0/0/0/0/0/0/0/0/0/0/0/0/0/0/0/0/0/0/0/0/0/0/0/0/0/0/0/0/0/0/0/0/0/0/0/0/0/0/0/0/0/0/0/0/0/0/0/0/0/0/0/0/0/0/0/0/0/0/0/0/0/0/0/0/0/0/0/0/0/0/0/0/0/0/0/0/0/0/0/0/0/0/0/0/0/0/0/0/0/0/0/0/0/0/0/0/0/0/0/0/0/0/0/0/0/0/0/0/0/0/0/0/0/0/0/0/0/0/0/0/0/0/0/0/0/0/0/0/0/0/0/0/0/0/0/0/0/0/0/0/0/0/0/0/0/0/0/0/0/0/0/0/0/0/0/0/0/0/0/0/0/0/0/0/0/0/0/0/0/0/0/0/0/0/0/0/0/0/0/0/0/0/0/0/0/0/0/0/0/0,380.599/247.444/247.444/248.888/309.301/309.951/0/0/0/0/0/0/0/0/0/0/0/0/0/0/0/0/0/0/0/0/0/0/0/0/0/0/0/0/0/0/0/0/0/0/0/0/0/0/0/0/0/0/0/0/0/0/0/0/0/0/0/0/0/0/0/0/0/0/0/0/0/0/0/0/0/0/0/0/0/0/0/0/0/0/0/0/0/0/0/0/0/0/0/0/0/0/0/0/0/0/0/0/0/0/0/0/0/0/0/0/0/0/0/0/0/0/0/0/0/0/0/0/0/0/0/0/0/0/0/0/0/0/0/0/0/0/0/0/0/0/0/0/0/0/0/0/0/0/0/0/0/0/0/0/0/0/0/0/0/0/0/0/0/0/0/0/0/0/0/0/0/0/0/0/0/0/0/0/0/0/0/0/0/0/0/0/0/0/0/0/0/0/0/0/0/0/0/0/0/0/0/0/0/0/0/0/0/0/0/0/0/0/0/0/0/0/0/0/0/0/0/0/0/0/0/0/0/0/0/0/0/0/0/0/0/0/0/0/0/0/0/0/0/0/0/0/0/0/0/0/0/0/0/0/0/0/0/0/0/0/0/0/0/0/0/0/0/0/0/0/0/0/0/0/0/0/0/0/0/0,,,2777,6.5310579553093556e-12,1.0847656250000004e-11,-1.7066029942683362e-06,3.5051179331199287,0,0.0,8070,1.709931056609449e-11,3.1523437500000015e-11,4.640697052035697e-07,2.7909416348515687e-07,5.745242597140704e-07,4.303891275413012e-06,0,1,nan,0.6294092474540801,6,6/3/1/2/4/5,5,2304.5,1.0,,,6.614056030191139e-10,,,,,,,,,,,,,,0,10809,11,556689416.8274741,145313585.76552212,3.8309523083804957,2,-396628533.174981,-357071007.734995,-428508592.888507,-126096581.42803,-191293217.57936,-205085.178562,-387275172.031473,-129349934.438761,3330,-35011.167325,-101465.19337,116287.419195,216906.191758,-275084755.749367,-260124826.973363,-6.8534,6.8539,-1.1169,1.1169,0.012,0.4271,12.0541,1.3379,0.0352,0.5684,0.8343,0.3403,95,1756,5660,,,
200,1.0184666e-05,980.01,7.066431797835207e-08,1.2245922851562505e-16,2.5407714843750013e-18,276,6,6,5,6/3/1/2/4/5,0,9,1,0.151123/0.393311/0.401611/0.497803/0.548828/0.548096/0/0/0/0/0/0/0/0/0/0/0/0/0/0/0/0/0/0/0/0/0/0/0/0/0/0/0/0/0/0/0/0/0/0/0/0/0/0/0/0/0/0/0/0/0/0/0/0/0/0/0/0/0/0/0/0/0/0/0/0/0/0/0/0/0/0/0/0/0/0/0/0/0/0/0/0/0/0/0/0/0/0/0/0/0/0/0/0/0/0/0/0/0/0/0/0/0/0/0/0/0/0/0/0/0/0/0/0/0/0/0/0/0/0/0/0/0/0/0/0/0/0/0/0/0/0/0/0/0/0/0/0/0/0/0/0/0/0/0/0/0/0/0/0/0/0/0/0/0/0/0/0/0/0/0/0/0/0/0/0/0/0/0/0/0/0/0/0/0/0/0/0/0/0/0/0/0/0/0/0/0/0/0/0/0/0/0/0/0/0/0/0/0/0/0/0/0/0/0/0/0/0/0/0/0/0/0/0/0/0/0/0/0/0/0/0/0/0/0/0/0/0/0/0/0/0/0/0/0/0/0/0/0/0/0/0/0/0/0/0/0/0/0/0/0/0/0/0/0/0/0/0/0/0/0/0/0/0/0/0/0/0/0/0/0/0/0/0/0/0,380.599/247.444/247.444/248.888/308.518/309.951/0/0/0/0/0/0/0/0/0/0/0/0/0/0/0/0/0/0/0/0/0/0/0/0/0/0/0/0/0/0/0/0/0/0/0/0/0/0/0/0/0/0/0/0/0/0/0/0/0/0/0/0/0/0/0/0/0/0/0/0/0/0/0/0/0/0/0/0/0/0/0/0/0/0/0/0/0/0/0/0/0/0/0/0/0/0/0/0/0/0/0/0/0/0/0/0/0/0/0/0/0/0/0/0/0/0/0/0/0/0/0/0/0/0/0/0/0/0/0/0/0/0/0/0/0/0/0/0/0/0/0/0/0/0/0/0/0/0/0/0/0/0/0/0/0/0/0/0/0/0/0/0/0/0/0/0/0/0/0/0/0/0/0/0/0/0/0/0/0/0/0/0/0/0/0/0/0/0/0/0/0/0/0/0/0/0/0/0/0/0/0/0/0/0/0/0/0/0/0/0/0/0/0/0/0/0/0/0/0/0/0/0/0/0/0/0/0/0/0/0/0/0/0/0/0/0/0/0/0/0/0/0/0/0/0/0/0/0/0/0/0/0/0/0/0/0/0/0/0/0/0/0/0/0/0/0/0/0/0/0/0/0/0/0/0/0/0/0/0/0,1-2:0.419235/1-3:0.422282/2-4:1.78268/3-6:1.77181/4-5:2.08721,1-2:-28.517/1-3:-33.883/2-4:-24.55/3-6:-37.85/4-5:-20.556,2760,6.483213865284441e-12,1.0781250000000005e-11,-1.7045108007495618e-06,3.538593029420318,0,0.0,7824,1.6558095022193858e-11,3.056250000000001e-11,4.632347859452364e-07,2.787027941947123e-07,5.524271728019908e-07,4.289583724442044e-06,0,1,nan,0.6274589177098527,6,6/3/1/2/4/5,5,2301.9,1.0,,,6.481887256440096e-10,1,6,1,1,1,1/0/0/0/0/0/0/0/0/0/0/0,1.0,6,1747,4448,619,6,6,0,10393,13,554964421.6318572,145094677.6906808,3.8248434089012875,2,-398103598.047357,-358002575.679446,-430908445.242006,-459092.634194,-188945029.178131,-194538.66359,-384295849.440852,-124065667.545505,3411,-34416.359597,-82662.768027,195524.688791,194642.925934,-265272683.082686,-266387281.579718,-5.3849,5.3857,-1.1172,1.1173,0.0116,0.4113,10.8691,1.3595,0.0358,0.4952,0.8212,0.3228,105,1566,5334,4544.2,618.7,365.9
220,2.0369332e-05,1152.7,6.574100727035609e-08,1.2084545898437505e-16,4.1545410156250016e-18,276,9,9,8,7/6/3/1/2/4/5/8/9,0,11,1,0.150146/0.385742/0.391846/0.491943/0.413818/0.40625/0.688232/0.537598/0.688965/0/0/0/0/0/0/0/0/0/0/0/0/0/0/0/0/0/0/0/0/0/0/0/0/0/0/0/0/0/0/0/0/0/0/0/0/0/0/0/0/0/0/0/0/0/0/0/0/0/0/0/0/0/0/0/0/0/0/0/0/0/0/0/0/0/0/0/0/0/0/0/0/0/0/0/0/0/0/0/0/0/0/0/0/0/0/0/0/0/0/0/0/0/0/0/0/0/0/0/0/0/0/0/0/0/0/0/0/0/0/0/0/0/0/0/0/0/0/0/0/0/0/0/0/0/0/0/0/0/0/0/0/0/0/0/0/0/0/0/0/0/0/0/0/0/0/0/0/0/0/0/0/0/0/0/0/0/0/0/0/0/0/0/0/0/0/0/0/0/0/0/0/0/0/0/0/0/0/0/0/0/0/0/0/0/0/0/0/0/0/0/0/0/0/0/0/0/0/0/0/0/0/0/0/0/0/0/0/0/0/0/0/0/0/0/0/0/0/0/0/0/0/0/0/0/0/0/0/0/0/0/0/0/0/0/0/0/0/0/0/0/0/0/0/0/0/0/0/0/0/0/0/0/0/0/0/0/0/0/0/0/0/0/0/0/0/0,380.599/247.444/248.221/248.888/246.001/247.434/310.744/248.89/3947.7/0/0/0/0/0/0/0/0/0/0/0/0/0/0/0/0/0/0/0/0/0/0/0/0/0/0/0/0/0/0/0/0/0/0/0/0/0/0/0/0/0/0/0/0/0/0/0/0/0/0/0/0/0/0/0/0/0/0/0/0/0/0/0/0/0/0/0/0/0/0/0/0/0/0/0/0/0/0/0/0/0/0/0/0/0/0/0/0/0/0/0/0/0/0/0/0/0/0/0/0/0/0/0/0/0/0/0/0/0/0/0/0/0/0/0/0/0/0/0/0/0/0/0/0/0/0/0/0/0/0/0/0/0/0/0/0/0/0/0/0/0/0/0/0/0/0/0/0/0/0/0/0/0/0/0/0/0/0/0/0/0/0/0/0/0/0/0/0/0/0/0/0/0/0/0/0/0/0/0/0/0/0/0/0/0/0/0/0/0/0/0/0/0/0/0/0/0/0/0/0/0/0/0/0/0/0/0/0/0/0/0/0/0/0/0/0/0/0/0/0/0/0/0/0/0/0/0/0/0/0/0/0/0/0/0/0/0/0/0/0/0/0/0/0/0/0/0/0/0/0/0/0/0/0/0/0/0/0/0/0/0/0/0/0/0/0/0,,,5032,1.183024645615031e-11,1.9656250000000006e-11,-1.5695213100630626e-06,5.698424880404305,0,0.0,11300,2.3486196726997976e-11,4.4140625000000014e-11,6.721981373453891e-07,2.4888768692217205e-07,6.187184335382292e-07,4.341724324299962e-06,1,1,nan,0.6089473338259666,10,9/7/6/3/1/2/4/5/8/9,9,2395.1,1.0,,,1.2047156290895506e-09,,,,,,,,,,,,,,1,17010,8,578926456.1707523,149847670.10412705,3.8634331502682984,2,-453989016.757711,-423338892.102435,-480408071.51717,-171871.151389,-256102592.425221,-180102.710406,-446874787.681025,-87273549.497804,4752,13233.847295,-107732.68585,409147.75691,191808.485398,-337074501.110584,-319785081.597208,-5.0161,5.0169,-1.3916,1.3916,0.0098,0.4943,12.2572,1.6466,0.0354,0.4091,0.8447,0.2765,176,2621,9523,,,
240,2.0369332e-05,1234.1,6.574100727035609e-08,1.2101342773437505e-16,3.986572265625002e-18,276,9,9,8,7/6/3/1/2/4/5/8/9,0,10,1,0.149902/0.380127/0.382568/0.488525/0.394531/0.386963/0.636475/0.507568/0.659912/0/0/0/0/0/0/0/0/0/0/0/0/0/0/0/0/0/0/0/0/0/0/0/0/0/0/0/0/0/0/0/0/0/0/0/0/0/0/0/0/0/0/0/0/0/0/0/0/0/0/0/0/0/0/0/0/0/0/0/0/0/0/0/0/0/0/0/0/0/0/0/0/0/0/0/0/0/0/0/0/0/0/0/0/0/0/0/0/0/0/0/0/0/0/0/0/0/0/0/0/0/0/0/0/0/0/0/0/0/0/0/0/0/0/0/0/0/0/0/0/0/0/0/0/0/0/0/0/0/0/0/0/0/0/0/0/0/0/0/0/0/0/0/0/0/0/0/0/0/0/0/0/0/0/0/0/0/0/0/0/0/0/0/0/0/0/0/0/0/0/0/0/0/0/0/0/0/0/0/0/0/0/0/0/0/0/0/0/0/0/0/0/0/0/0/0/0/0/0/0/0/0/0/0/0/0/0/0/0/0/0/0/0/0/0/0/0/0/0/0/0/0/0/0/0/0/0/0/0/0/0/0/0/0/0/0/0/0/0/0/0/0/0/0/0/0/0/0/0/0/0/0/0/0/0/0/0/0/0/0/0/0/0/0/0/0/0,380.599/247.444/247.444/248.888/246.001/247.434/310.744/248.89/310.74/0/0/0/0/0/0/0/0/0/0/0/0/0/0/0/0/0/0/0/0/0/0/0/0/0/0/0/0/0/0/0/0/0/0/0/0/0/0/0/0/0/0/0/0/0/0/0/0/0/0/0/0/0/0/0/0/0/0/0/0/0/0/0/0/0/0/0/0/0/0/0/0/0/0/0/0/0/0/0/0/0/0/0/0/0/0/0/0/0/0/0/0/0/0/0/0/0/0/0/0/0/0/0/0/0/0/0/0/0/0/0/0/0/0/0/0/0/0/0/0/0/0/0/0/0/0/0/0/0/0/0/0/0/0/0/0/0/0/0/0/0/0/0/0/0/0/0/0/0/0/0/0/0/0/0/0/0/0/0/0/0/0/0/0/0/0/0/0/0/0/0/0/0/0/0/0/0/0/0/0/0/0/0/0/0/0/0/0/0/0/0/0/0/0/0/0/0/0/0/0/0/0/0/0/0/0/0/0/0/0/0/0/0/0/0/0/0/0/0/0/0/0/0/0/0/0/0/0/0/0/0/0/0/0/0/0/0/0/0/0/0/0/0/0/0/0/0/0/0/0/0/0/0/0/0/0/0/0/0/0/0/0/0/0/0/0/0,,,4955,1.1660241071211737e-11,1.9355468750000008e-11,-1.5657704768325895e-06,5.758438212091875,0,0.0,11116,2.3125987563872395e-11,4.342187500000002e-11,6.699244437915057e-07,2.4888768692217205e-07,6.187184335382292e-07,4.2517506755550925e-06,1,1,nan,0.6069549165266528,9,7/6/3/1/2/4/5/8/9,8,2354.6,1.0,,,1.1699386166561346e-09,,,,,,,,,,,,,,1,16321,9,577032264.3051637,149085247.39988455,3.8704853388841114,2,-460678244.814605,-418552242.102833,-483219676.751662,-116913.267092,-222249530.605904,-179713.220075,-446949281.922595,-508954.987984,4638,36718.352111,-69966.166722,513251.799929,147687.060354,-328766513.349182,-304266400.655839,-3.7366,3.7375,-1.197,1.1971,0.0097,0.4447,11.0866,1.5353,0.0363,0.3368,0.7791,0.2663,190,2322,9206,,,
260,2.0369332e-05,1316.37,6.574100727035609e-08,1.2114575195312504e-16,3.854248046875002e-18,276,9,9,8,7/6/3/1/2/4/5/8/9,0,18,1,0.148682/0.377197/0.379883/0.487061/0.380127/0.375488/0.59082/0.493408/0.621582/0/0/0/0/0/0/0/0/0/0/0/0/0/0/0/0/0/0/0/0/0/0/0/0/0/0/0/0/0/0/0/0/0/0/0/0/0/0/0/0/0/0/0/0/0/0/0/0/0/0/0/0/0/0/0/0/0/0/0/0/0/0/0/0/0/0/0/0/0/0/0/0/0/0/0/0/0/0/0/0/0/0/0/0/0/0/0/0/0/0/0/0/0/0/0/0/0/0/0/0/0/0/0/0/0/0/0/0/0/0/0/0/0/0/0/0/0/0/0/0/0/0/0/0/0/0/0/0/0/0/0/0/0/0/0/0/0/0/0/0/0/0/0/0/0/0/0/0/0/0/0/0/0/0/0/0/0/0/0/0/0/0/0/0/0/0/0/0/0/0/0/0/0/0/0/0/0/0/0/0/0/0/0/0/0/0/0/0/0/0/0/0/0/0/0/0/0/0/0/0/0/0/0/0/0/0/0/0/0/0/0/0/0/0/0/0/0/0/0/0/0/0/0/0/0/0/0/0/0/0/0/0/0/0/0/0/0/0/0/0/0/0/0/0/0/0/0/0/0/0/0/0/0/0/0/0/0/0/0/0/0/0/0/0/0/0/0,380.599/247.444/248.219/248.888/246.001/246.783/310.081/248.89/309.961/0/0/0/0/0/0/0/0/0/0/0/0/0/0/0/0/0/0/0/0/0/0/0/0/0/0/0/0/0/0/0/0/0/0/0/0/0/0/0/0/0/0/0/0/0/0/0/0/0/0/0/0/0/0/0/0/0/0/0/0/0/0/0/0/0/0/0/0/0/0/0/0/0/0/0/0/0/0/0/0/0/0/0/0/0/0/0/0/0/0/0/0/0/0/0/0/0/0/0/0/0/0/0/0/0/0/0/0/0/0/0/0/0/0/0/0/0/0/0/0/0/0/0/0/0/0/0/0/0/0/0/0/0/0/0/0/0/0/0/0/0/0/0/0/0/0/0/0/0/0/0/0/0/0/0/0/0/0/0/0/0/0/0/0/0/0/0/0/0/0/0/0/0/0/0/0/0/0/0/0/0/0/0/0/0/0/0/0/0/0/0/0/0/0/0/0/0/0/0/0/0/0/0/0/0/0/0/0/0/0/0/0/0/0/0/0/0/0/0/0/0/0/0/0/0/0/0/0/0/0/0/0/0/0/0/0/0/0/0/0/0/0/0/0/0/0/0/0/0/0/0/0/0/0/0/0/0/0/0/0/0/0/0/0/0/0/0,,,4886,1.1497468496582217e-11,1.9085937500000006e-11,-1.5600889426981345e-06,5.8493427582431545,0,0.0,11038,2.3062392820215342e-11,4.3117187500000017e-11,6.669663265074469e-07,2.4888768692217205e-07,6.187184335382292e-07,4.329480944788521e-06,1,1,nan,0.6044410132791851,9,7/6/3/1/2/4/5/8/9,8,2352.8,1.0,,,1.1426335072772394e-09,,,,,,,,,,,,,,1,15777,11,574642295.5552084,148688606.9830031,3.8647365606222737,2,-453989088.827218,-414874625.705243,-483995958.397178,-116094.329057,-209200207.646141,-178546.691592,-444942223.449157,-395203.386178,4560,19955.757069,-65712.205743,601815.500998,230639.656041,-340970909.603894,-308673940.991036,-4.0199,4.0207,-1.1014,1.1016,0.0093,0.4266,12.1847,1.467,0.0365,0.3297,0.7501,0.2545,185,2125,8938,,,
280,2.0369332e-05,1394.7,6.574100727035609e-08,1.2126562500000004e-16,3.734375000000002e-18,276,9,9,8,7/6/3/1/2/4/5/8/9,0,22,1,0.147705/0.372803/0.377441/0.483887/0.369873/0.364258/0.548828/0.483154/0.586426/0/0/0/0/0/0/0/0/0/0/0/0/0/0/0/0/0/0/0/0/0/0/0/0/0/0/0/0/0/0/0/0/0/0/0/0/0/0/0/0/0/0/0/0/0/0/0/0/0/0/0/0/0/0/0/0/0/0/0/0/0/0/0/0/0/0/0/0/0/0/0/0/0/0/0/0/0/0/0/0/0/0/0/0/0/0/0/0/0/0/0/0/0/0/0/0/0/0/0/0/0/0/0/0/0/0/0/0/0/0/0/0/0/0/0/0/0/0/0/0/0/0/0/0/0/0/0/0/0/0/0/0/0/0/0/0/0/0/0/0/0/0/0/0/0/0/0/0/0/0/0/0/0/0/0/0/0/0/0/0/0/0/0/0/0/0/0/0/0/0/0/0/0/0/0/0/0/0/0/0/0/0/0/0/0/0/0/0/0/0/0/0/0/0/0/0/0/0/0/0/0/0/0/0/0/0/0/0/0/0/0/0/0/0/0/0/0/0/0/0/0/0/0/0/0/0/0/0/0/0/0/0/0/0/0/0/0/0/0/0/0/0/0/0/0/0/0/0/0/0/0/0/0/0/0/0/0/0/0/0/0/0/0/0/0/0/0,380.599/248.223/248.223/248.888/246.001/246.783/309.301/248.89/309.177/0/0/0/0/0/0/0/0/0/0/0/0/0/0/0/0/0/0/0/0/0/0/0/0/0/0/0/0/0/0/0/0/0/0/0/0/0/0/0/0/0/0/0/0/0/0/0/0/0/0/0/0/0/0/0/0/0/0/0/0/0/0/0/0/0/0/0/0/0/0/0/0/0/0/0/0/0/0/0/0/0/0/0/0/0/0/0/0/0/0/0/0/0/0/0/0/0/0/0/0/0/0/0/0/0/0/0/0/0/0/0/0/0/0/0/0/0/0/0/0/0/0/0/0/0/0/0/0/0/0/0/0/0/0/0/0/0/0/0/0/0/0/0/0/0/0/0/0/0/0/0/0/0/0/0/0/0/0/0/0/0/0/0/0/0/0/0/0/0/0/0/0/0/0/0/0/0/0/0/0/0/0/0/0/0/0/0/0/0/0/0/0/0/0/0/0/0/0/0/0/0/0/0/0/0/0/0/0/0/0/0/0/0/0/0/0/0/0/0/0/0/0/0/0/0/0/0/0/0/0/0/0/0/0/0/0/0/0/0/0/0/0/0/0/0/0/0/0/0/0/0/0/0/0/0/0/0/0/0/0/0/0/0/0/0/0/0,,,4854,1.1407874601588476e-11,1.8960937500000006e-11,-1.559887976175165e-06,5.852558222610667,0,0.0,10924,2.288646532342988e-11,4.2671875000000016e-11,6.661509667374513e-07,2.4888768692217205e-07,5.745242597140701e-07,4.2210714021536276e-06,1,1,nan,0.6020857433185308,9,7/6/3/1/2/4/5/8/9,8,2349.4,1.0,,,1.1190147947819537e-09,,,,,,,,,,,,,,1,15287,10,572403139.5298753,148381321.5901262,3.8576495572065657,2,-452992486.745767,-412896071.716653,-484829834.161661,-109383.616555,-200263580.899523,-178396.523377,-443915498.095946,-336313.511343,4477,27423.816117,-63867.336059,253646.719858,247704.384729,-376872272.018513,-299967760.517815,-3.815,3.8156,-1.0628,1.063,0.0092,0.3945,12.9241,1.4597,0.0374,0.295,0.7274,0.2467,200,1970,8675,,,
300,2.0369332e-05,1481.7,6.574100727035609e-08,1.2137036132812506e-16,3.629638671875002e-18,276,9,9,8,7/6/3/1/2/4/5/8/9,0,27,1,0.145752/0.368896/0.376709/0.482666/0.361816/0.360352/0.508789/0.476318/0.54834/0/0/0/0/0/0/0/0/0/0/0/0/0/0/0/0/0/0/0/0/0/0/0/0/0/0/0/0/0/0/0/0/0/0/0/0/0/0/0/0/0/0/0/0/0/0/0/0/0/0/0/0/0/0/0/0/0/0/0/0/0/0/0/0/0/0/0/0/0/0/0/0/0/0/0/0/0/0/0/0/0/0/0/0/0/0/0/0/0/0/0/0/0/0/0/0/0/0/0/0/0/0/0/0/0/0/0/0/0/0/0/0/0/0/0/0/0/0/0/0/0/0/0/0/0/0/0/0/0/0/0/0/0/0/0/0/0/0/0/0/0/0/0/0/0/0/0/0/0/0/0/0/0/0/0/0/0/0/0/0/0/0/0/0/0/0/0/0/0/0/0/0/0/0/0/0/0/0/0/0/0/0/0/0/0/0/0/0/0/0/0/0/0/0/0/0/0/0/0/0/0/0/0/0/0/0/0/0/0/0/0/0/0/0/0/0/0/0/0/0/0/0/0/0/0/0/0/0/0/0/0/0/0/0/0/0/0/0/0/0/0/0/0/0/0/0/0/0/0/0/0/0/0/0/0/0/0/0/0/0/0/0/0/0/0/0/0,380.599/248.223/248.223/248.888/246.001/246.783/309.301/248.89/309.177/0/0/0/0/0/0/0/0/0/0/0/0/0/0/0/0/0/0/0/0/0/0/0/0/0/0/0/0/0/0/0/0/0/0/0/0/0/0/0/0/0/0/0/0/0/0/0/0/0/0/0/0/0/0/0/0/0/0/0/0/0/0/0/0/0/0/0/0/0/0/0/0/0/0/0/0/0/0/0/0/0/0/0/0/0/0/0/0/0/0/0/0/0/0/0/0/0/0/0/0/0/0/0/0/0/0/0/0/0/0/0/0/0/0/0/0/0/0/0/0/0/0/0/0/0/0/0/0/0/0/0/0/0/0/0/0/0/0/0/0/0/0/0/0/0/0/0/0/0/0/0/0/0/0/0/0/0/0/0/0/0/0/0/0/0/0/0/0/0/0/0/0/0/0/0/0/0/0/0/0/0/0/0/0/0/0/0/0/0/0/0/0/0/0/0/0/0/0/0/0/0/0/0/0/0/0/0/0/0/0/0/0/0/0/0/0/0/0/0/0/0/0/0/0/0/0/0/0/0/0/0/0/0/0/0/0/0/0/0/0/0/0/0/0/0/0/0/0/0/0/0/0/0/0/0/0/0/0/0/0/0/0/0/0/0/0/0,1-2:0.406637/1-3:0.405818/2-4:1.72487/3-6:1.6944/4-5:2.05024/5-8:1.46882/6-7:1.51444/8-9:2.04878,1-2:-28.513/1-3:-33.884/2-4:-24.549/3-6:-37.853/4-5:-20.553/5-8:-16.6/6-7:-41.812/8-9:-12.611,4818,1.1314004884464783e-11,1.882031250000001e-11,-1.558194015589489e-06,5.879661591981484,0,0.0,10868,2.283979471034763e-11,4.2453125000000013e-11,6.643192623907478e-07,2.4888768692217205e-07,5.303300858899115e-07,4.2210714021536276e-06,1,1,nan,0.599184645325338,9,7/6/3/1/2/4/5/8/9,8,2345.5,1.0,,,1.0982633938832419e-09,1,9,1,1,1,1/0/0/0/0/0/0/0/0/0/0/0,1.0,9,2492,4530,619,9,9,1,14859,9,569645064.5915207,148071342.92041314,3.8470986576902946,2,-444244604.685168,-413248298.6676,-485662453.336836,-114945.10419,-190217547.371931,-178108.519621,-441772100.098108,-312087.383978,4493,32073.230158,-63318.506992,234443.334962,261268.630852,-372317602.060452,-303907179.332301,-3.3793,3.38,-1.0009,1.0011,0.009,0.3696,12.4015,1.4404,0.0379,0.2723,0.6941,0.2373,191,1824,8375,4553.4,618.7,346.3
320,3.0553998e-05,1662.09,6.145904459109765e-08,1.1980493164062506e-16,5.195068359375002e-18,276,12,12,11,12/11/7/6/3/1/2/4/5/8/9/10,0,29,1,0.144775/0.363525/0.374512/0.481201/0.357178/0.356201/0.477783/0.380371/0.312012/0.648682/0.576416/0.722412/0/0/0/0/0/0/0/0/0/0/0/0/0/0/0/0/0/0/0/0/0/0/0/0/0/0/0/0/0/0/0/0/0/0/0/0/0/0/0/0/0/0/0/0/0/0/0/0/0/0/0/0/0/0/0/0/0/0/0/0/0/0/0/0/0/0/0/0/0/0/0/0/0/0/0/0/0/0/0/0/0/0/0/0/0/0/0/0/0/0/0/0/0/0/0/0/0/0/0/0/0/0/0/0/0/0/0/0/0/0/0/0/0/0/0/0/0/0/0/0/0/0/0/0/0/0/0/0/0/0/0/0/0/0/0/0/0/0/0/0/0/0/0/0/0/0/0/0/0/0/0/0/0/0/0/0/0/0/0/0/0/0/0/0/0/0/0/0/0/0/0/0/0/0/0/0/0/0/0/0/0/0/0/0/0/0/0/0/0/0/0/0/0/0/0/0/0/0/0/0/0/0/0/0/0/0/0/0/0/0/0/0/0/0/0/0/0/0/0/0/0/0/0/0/0/0/0/0/0/0/0/0/0/0/0/0/0/0/0/0/0/0/0/0/0/0/0/0/0/0/0/0/0/0/0/0/0/0/0/0/0/0/0/0,380.599/248.223/248.223/248.888/246.001/246.783/309.301/248.89/246.661/4118.6/4211.01/4524.87/0/0/0/0/0/0/0/0/0/0/0/0/0/0/0/0/0/0/0/0/0/0/0/0/0/0/0/0/0/0/0/0/0/0/0/0/0/0/0/0/0/0/0/0/0/0/0/0/0/0/0/0/0/0/0/0/0/0/0/0/0/0/0/0/0/0/0/0/0/0/0/0/0/0/0/0/0/0/0/0/0/0/0/0/0/0/0/0/0/0/0/0/0/0/0/0/0/0/0/0/0/0/0/0/0/0/0/0/0/0/0/0/0/0/0/0/0/0/0/0/0/0/0/0/0/0/0/0/0/0/0/0/0/0/0/0/0/0/0/0/0/0/0/0/0/0/0/0/0/0/0/0/0/0/0/0/0/0/0/0/0/0/0/0/0/0/0/0/0/0/0/0/0/0/0/0/0/0/0/0/0/0/0/0/0/0/0/0/0/0/0/0/0/0/0/0/0/0/0/0/0/0/0/0/0/0/0/0/0/0/0/0/0/0/0/0/0/0/0/0/0/0/0/0/0/0/0/0/0/0/0/0/0/0/0/0/0/0/0/0/0/0/0/0/0/0/0/0/0/0/0/0/0/0/0/0/0/0/0/0/0/0/0/0,,,6552,1.531447575085264e-11,2.559375000000001e-11,-1.7040036571181206e-06,3.546707327523378,0,0.0,14994,3.149001883519265e-11,5.857031250000002e-11,1.1834527149662011e-06,2.4888870981361186e-07,6.187184335382292e-07,4.1678987165659454e-06,1,1,nan,0.5603814512928126,13,12/11/10/7/6/3/1/2/4/5/8/9/10,12,3616.8,1.0,,,1.5942964643293774e-09,,,,,,,,,,,,,,1,21272,8,569872846.8498516,139958169.45173627,4.07173692741365,2,-490508943.918067,-412699128.905041,-484676711.881848,-99020.648635,-189475624.997908,-177945.230819,-454514829.784479,-295071.128495,5978,27148.085834,-62331.384554,239866.975012,233465.314494,-383010401.700366,-293721286.126753,-2.5884,2.589,-0.9863,0.9865,0.0088,0.3583,11.9261,1.3417,0.0303,0.2168,0.7345,0.2902,286,3009,12030,,,
340,3.0553998e-05,1744.87,6.145904459109765e-08,1.1997094726562504e-16,5.029052734375002e-18,276,12,12,11,12/11/7/6/3/1/2/4/5/8/9/10,0,30,1,0.144043/0.358154/0.371582/0.47998/0.354736/0.354736/0.445801/0.376709/0.297363/0.612061/0.551514/0.682373/0/0/0/0/0/0/0/0/0/0/0/0/0/0/0/0/0/0/0/0/0/0/0/0/0/0/0/0/0/0/0/0/0/0/0/0/0/0/0/0/0/0/0/0/0/0/0/0/0/0/0/0/0/0/0/0/0/0/0/0/0/0/0/0/0/0/0/0/0/0/0/0/0/0/0/0/0/0/0/0/0/0/0/0/0/0/0/0/0/0/0/0/0/0/0/0/0/0/0/0/0/0/0/0/0/0/0/0/0/0/0/0/0/0/0/0/0/0/0/0/0/0/0/0/0/0/0/0/0/0/0/0/0/0/0/0/0/0/0/0/0/0/0/0/0/0/0/0/0/0/0/0/0/0/0/0/0/0/0/0/0/0/0/0/0/0/0/0/0/0/0/0/0/0/0/0/0/0/0/0/0/0/0/0/0/0/0/0/0/0/0/0/0/0/0/0/0/0/0/0/0/0/0/0/0/0/0/0/0/0/0/0/0/0/0/0/0/0/0/0/0/0/0/0/0/0/0/0/0/0/0/0/0/0/0/0/0/0/0/0/0/0/0/0/0/0/0/0/0/0/0/0/0/0/0/0/0/0/0/0/0/0/0/0,380.599/248.223/247.444/248.888/246.001/246.783/307.857/248.89/246.661/4118.6/4211.01/4524.86/0/0/0/0/0/0/0/0/0/0/0/0/0/0/0/0/0/0/0/0/0/0/0/0/0/0/0/0/0/0/0/0/0/0/0/0/0/0/0/0/0/0/0/0/0/0/0/0/0/0/0/0/0/0/0/0/0/0/0/0/0/0/0/0/0/0/0/0/0/0/0/0/0/0/0/0/0/0/0/0/0/0/0/0/0/0/0/0/0/0/0/0/0/0/0/0/0/0/0/0/0/0/0/0/0/0/0/0/0/0/0/0/0/0/0/0/0/0/0/0/0/0/0/0/0/0/0/0/0/0/0/0/0/0/0/0/0/0/0/0/0/0/0/0/0/0/0/0/0/0/0/0/0/0/0/0/0/0/0/0/0/0/0/0/0/0/0/0/0/0/0/0/0/0/0/0/0/0/0/0/0/0/0/0/0/0/0/0/0/0/0/0/0/0/0/0/0/0/0/0/0/0/0/0/0/0/0/0/0/0/0/0/0/0/0/0/0/0/0/0/0/0/0/0/0/0/0/0/0/0/0/0/0/0/0/0/0/0/0/0/0/0/0/0/0/0/0/0/0/0/0/0/0/0/0/0/0/0/0/0/0/0/0/0,,,6484,1.515606870518701e-11,2.532812500000001e-11,-1.7018779769553976e-06,3.580718210126946,0,0.0,14900,3.1459434703087976e-11,5.8203125000000024e-11,1.1793517760371645e-06,2.4888870981361186e-07,6.187184335382292e-07,4.1586807696209324e-06,1,1,nan,0.568158114071097,13,12/11/10/7/6/3/1/2/4/5/8/9/10,12,3616.0,1.0,,,1.5608428318582852e-09,,,,,,,,,,,,,,1,20591,9,577781225.9481035,139752296.71499568,4.134323653559724,1,-488745054.823238,-406609896.007726,-486412276.268159,-86930.754039,-166048198.996906,-177121.532353,-455664466.492307,-258435.25623,5849,28686.388728,-58165.48745,252524.447312,218507.178558,-378290347.051961,-288341084.4029,-2.1525,2.1532,-0.8653,0.8655,0.0087,0.3384,13.137,1.2504,0.0305,0.1636,0.6912,0.2833,275,2840,11661,,,
360,3.0553998e-05,1826.44,6.145904459109765e-08,1.2009179687500007e-16,4.908203125000002e-18,276,12,12,11,12/11/7/6/3/1/2/4/5/8/9/10,0,33,1,0.143066/0.352783/0.369873/0.47998/0.352051/0.351563/0.416748/0.374268/0.289307/0.58252/0.538818/0.657227/0/0/0/0/0/0/0/0/0/0/0/0/0/0/0/0/0/0/0/0/0/0/0/0/0/0/0/0/0/0/0/0/0/0/0/0/0/0/0/0/0/0/0/0/0/0/0/0/0/0/0/0/0/0/0/0/0/0/0/0/0/0/0/0/0/0/0/0/0/0/0/0/0/0/0/0/0/0/0/0/0/0/0/0/0/0/0/0/0/0/0/0/0/0/0/0/0/0/0/0/0/0/0/0/0/0/0/0/0/0/0/0/0/0/0/0/0/0/0/0/0/0/0/0/0/0/0/0/0/0/0/0/0/0/0/0/0/0/0/0/0/0/0/0/0/0/0/0/0/0/0/0/0/0/0/0/0/0/0/0/0/0/0/0/0/0/0/0/0/0/0/0/0/0/0/0/0/0/0/0/0/0/0/0/0/0/0/0/0/0/0/0/0/0/0/0/0/0/0/0/0/0/0/0/0/0/0/0/0/0/0/0/0/0/0/0/0/0/0/0/0/0/0/0/0/0/0/0/0/0/0/0/0/0/0/0/0/0/0/0/0/0/0/0/0/0/0/0/0/0/0/0/0/0/0/0/0/0/0/0/0/0/0/0,380.599/248.223/247.444/248.888/246.001/246.783/307.857/248.89/246.661/4117.94/4211.01/4476.11/0/0/0/0/0/0/0/0/0/0/0/0/0/0/0/0/0/0/0/0/0/0/0/0/0/0/0/0/0/0/0/0/0/0/0/0/0/0/0/0/0/0/0/0/0/0/0/0/0/0/0/0/0/0/0/0/0/0/0/0/0/0/0/0/0/0/0/0/0/0/0/0/0/0/0/0/0/0/0/0/0/0/0/0/0/0/0/0/0/0/0/0/0/0/0/0/0/0/0/0/0/0/0/0/0/0/0/0/0/0/0/0/0/0/0/0/0/0/0/0/0/0/0/0/0/0/0/0/0/0/0/0/0/0/0/0/0/0/0/0/0/0/0/0/0/0/0/0/0/0/0/0/0/0/0/0/0/0/0/0/0/0/0/0/0/0/0/0/0/0/0/0/0/0/0/0/0/0/0/0/0/0/0/0/0/0/0/0/0/0/0/0/0/0/0/0/0/0/0/0/0/0/0/0/0/0/0/0/0/0/0/0/0/0/0/0/0/0/0/0/0/0/0/0/0/0/0/0/0/0/0/0/0/0/0/0/0/0/0/0/0/0/0/0/0/0/0/0/0/0/0/0/0/0/0/0/0/0/0/0/0/0/0/0,,,6437,1.5039231539376614e-11,2.514453125000001e-11,-1.703227750483998e-06,3.5591218336693404,0,0.0,14728,3.1090952430307264e-11,5.7531250000000024e-11,1.1789355777028455e-06,2.4888870981361186e-07,6.187184335382292e-07,4.137219443164479e-06,1,1,nan,0.5767519540463474,13,12/11/10/7/6/3/1/2/4/5/8/9/10,12,3615.8,1.0,,,1.5340177566250113e-09,,,,,,,,,,,,,,1,20090,9,586520623.0869089,139834895.04824585,4.194379542277681,1,-467564690.627849,-408140557.74427,-487475327.279583,-86819.126145,-153356970.06544,-175757.630369,-454677205.895433,-256709.596289,5896,30534.50942,-56867.422533,240686.971129,227515.91273,-380437382.729741,-279338063.287025,-2.4794,2.4801,-0.8209,0.8211,0.0084,0.3258,11.922,1.2372,0.0305,0.2077,0.6626,0.2744,284,2632,11318,,,
380,3.0553998e-05,1907.59,6.145904459109765e-08,1.2019824218750006e-16,4.801757812500002e-18,276,12,12,11,12/11/7/6/3/1/2/4/5/8/9/10,0,35,1,0.14209/0.349854/0.366455/0.477783/0.350098/0.348633/0.38916/0.372803/0.282471/0.549805/0.534424/0.638184/0/0/0/0/0/0/0/0/0/0/0/0/0/0/0/0/0/0/0/0/0/0/0/0/0/0/0/0/0/0/0/0/0/0/0/0/0/0/0/0/0/0/0/0/0/0/0/0/0/0/0/0/0/0/0/0/0/0/0/0/0/0/0/0/0/0/0/0/0/0/0/0/0/0/0/0/0/0/0/0/0/0/0/0/0/0/0/0/0/0/0/0/0/0/0/0/0/0/0/0/0/0/0/0/0/0/0/0/0/0/0/0/0/0/0/0/0/0/0/0/0/0/0/0/0/0/0/0/0/0/0/0/0/0/0/0/0/0/0/0/0/0/0/0/0/0/0/0/0/0/0/0/0/0/0/0/0/0/0/0/0/0/0/0/0/0/0/0/0/0/0/0/0/0/0/0/0/0/0/0/0/0/0/0/0/0/0/0/0/0/0/0/0/0/0/0/0/0/0/0/0/0/0/0/0/0/0/0/0/0/0/0/0/0/0/0/0/0/0/0/0/0/0/0/0/0/0/0/0/0/0/0/0/0/0/0/0/0/0/0/0/0/0/0/0/0/0/0/0/0/0/0/0/0/0/0/0/0/0/0/0/0/0/0,380.599/248.223/247.444/248.888/246.001/246.783/307.857/248.89/246.661/4117.94/4211.01/4476.11/0/0/0/0/0/0/0/0/0/0/0/0/0/0/0/0/0/0/0/0/0/0/0/0/0/0/0/0/0/0/0/0/0/0/0/0/0/0/0/0/0/0/0/0/0/0/0/0/0/0/0/0/0/0/0/0/0/0/0/0/0/0/0/0/0/0/0/0/0/0/0/0/0/0/0/0/0/0/0/0/0/0/0/0/0/0/0/0/0/0/0/0/0/0/0/0/0/0/0/0/0/0/0/0/0/0/0/0/0/0/0/0/0/0/0/0/0/0/0/0/0/0/0/0/0/0/0/0/0/0/0/0/0/0/0/0/0/0/0/0/0/0/0/0/0/0/0/0/0/0/0/0/0/0/0/0/0/0/0/0/0/0/0/0/0/0/0/0/0/0/0/0/0/0/0/0/0/0/0/0/0/0/0/0/0/0/0/0/0/0/0/0/0/0/0/0/0/0/0/0/0/0/0/0/0/0/0/0/0/0/0/0/0/0/0/0/0/0/0/0/0/0/0/0/0/0/0/0/0/0/0/0/0/0/0/0/0/0/0/0/0/0/0/0/0/0/0/0/0/0/0/0/0/0/0/0/0/0/0/0/0/0/0/0,,,6409,1.4964463370951027e-11,2.503515625000001e-11,-1.7051943482345555e-06,3.527656269660419,0,0.0,14708,3.1132874792069586e-11,5.745312500000002e-11,1.1793189420255158e-06,2.4888870981361186e-07,6.18718433538229e-07,4.137219443164479e-06,1,1,nan,0.5563937931545759,13,12/11/10/7/6/3/1/2/4/5/8/9/10,12,3616.4,1.0,,,1.5112611929895208e-09,,,,,,,,,,,,,,1,19656,11,565817648.2163881,139948899.81759953,4.043030341459195,1,-470774276.156783,-404840950.886795,-487799828.994812,-87618.993021,-144058943.501201,-174947.049553,-454903601.059396,-238781.912178,5935,28204.09877,-54525.221819,243596.01894,234661.644416,-381238148.456842,-276174647.11574,-2.6126,2.6132,-0.7616,0.7619,0.0083,0.3168,12.4937,1.1841,0.031,0.2089,0.6422,0.2673,292,2457,11001,,,
400,3.0553998e-05,1998.12,6.145904459109765e-08,1.2030957031250005e-16,4.6904296875000025e-18,276,12,12,11,12/11/7/6/3/1/2/4/5/8/9/10,0,36,1,0.141113/0.346924/0.365967/0.477051/0.347168/0.346436/0.357178/0.370117/0.280273/0.52002/0.525635/0.612549/0/0/0/0/0/0/0/0/0/0/0/0/0/0/0/0/0/0/0/0/0/0/0/0/0/0/0/0/0/0/0/0/0/0/0/0/0/0/0/0/0/0/0/0/0/0/0/0/0/0/0/0/0/0/0/0/0/0/0/0/0/0/0/0/0/0/0/0/0/0/0/0/0/0/0/0/0/0/0/0/0/0/0/0/0/0/0/0/0/0/0/0/0/0/0/0/0/0/0/0/0/0/0/0/0/0/0/0/0/0/0/0/0/0/0/0/0/0/0/0/0/0/0/0/0/0/0/0/0/0/0/0/0/0/0/0/0/0/0/0/0/0/0/0/0/0/0/0/0/0/0/0/0/0/0/0/0/0/0/0/0/0/0/0/0/0/0/0/0/0/0/0/0/0/0/0/0/0/0/0/0/0/0/0/0/0/0/0/0/0/0/0/0/0/0/0/0/0/0/0/0/0/0/0/0/0/0/0/0/0/0/0/0/0/0/0/0/0/0/0/0/0/0/0/0/0/0/0/0/0/0/0/0/0/0/0/0/0/0/0/0/0/0/0/0/0/0/0/0/0/0/0/0/0/0/0/0/0/0/0/0/0/0/0,380.599/248.223/247.444/248.888/246.001/246.783/307.072/248.89/246.661/4117.16/4211.01/4474.67/0/0/0/0/0/0/0/0/0/0/0/0/0/0/0/0/0/0/0/0/0/0/0/0/0/0/0/0/0/0/0/0/0/0/0/0/0/0/0/0/0/0/0/0/0/0/0/0/0/0/0/0/0/0/0/0/0/0/0/0/0/0/0/0/0/0/0/0/0/0/0/0/0/0/0/0/0/0/0/0/0/0/0/0/0/0/0/0/0/0/0/0/0/0/0/0/0/0/0/0/0/0/0/0/0/0/0/0/0/0/0/0/0/0/0/0/0/0/0/0/0/0/0/0/0/0/0/0/0/0/0/0/0/0/0/0/0/0/0/0/0/0/0/0/0/0/0/0/0/0/0/0/0/0/0/0/0/0/0/0/0/0/0/0/0/0/0/0/0/0/0/0/0/0/0/0/0/0/0/0/0/0/0/0/0/0/0/0/0/0/0/0/0/0/0/0/0/0/0/0/0/0/0/0/0/0/0/0/0/0/0/0/0/0/0/0/0/0/0/0/0/0/0/0/0/0/0/0/0/0/0/0/0/0/0/0/0/0/0/0/0/0/0/0/0/0/0/0/0/0/0/0/0/0/0/0/0/0/0/0/0/0/0/0,1-2:0.377575/1-3:0.380622/2-4:1.70964/3-6:1.67053/4-5:2.035/5-8:1.24133/5-12:0.174551/6-7:1.43176/8-9:1.52167/8-11:0.0213296/8-12:0.281707/9-10:1.10944/9-11:0.127436/9-12:0.00691323/10-11:0.584465/11-12:2.18782,1-2:-28.501/1-3:-33.9/2-4:-24.548/3-6:-37.85/4-5:-20.553/5-8:-16.616/5-12:-16.473/6-7:-41.815/8-9:-12.615/8-11:-12.45/8-12:-14.61/9-10:-8.6499/9-11:-10.182/9-12:-11.257/10-11:-10.993/11-12:-53.611,6374,1.4861771994035617e-11,2.489843750000001e-11,-1.7047895769292052e-06,3.534132610546025,0,0.0,14652,3.1109939865705406e-11,5.7234375000000024e-11,1.178049765943242e-06,2.4888870981361186e-07,5.745242597140701e-07,4.137219443164479e-06,1,1,nan,0.5485955138930515,13,12/11/10/7/6/3/1/2/4/5/8/9/10,12,3615.8,1.0,,,1.4910634194028802e-09,1,12,1,1,1,1/0/0/0/0/0/0/0/0/0/0/0,1.0,12,4691,5851,6983,12,13,1,19194,17,557887286.5082291,140029919.82057083,3.9840577443955216,2,-483158706.661432,-404244826.636468,-488671981.658816,-87217.11904,-134367318.338198,-175110.716358,-454022384.827401,-220765.973616,5938,29389.916228,-52981.987416,243869.213139,239208.570603,-376594895.743486,-277255584.314148,-2.3221,2.3228,-0.7096,0.7099,0.0081,0.3102,13.0519,1.1545,0.0309,0.1777,0.6136,0.2615,287,2293,10713,4504.3,618.7,351.2
420,4.0738664e-05,2172.93,5.7700773049183284e-08,1.1852880859375004e-16,6.471191406250003e-18,276,15,14,13,13/12/11/7/6/3/1/2/4/5/8/9/10/14,0,63,1,0.141113/0.344238/0.362793/0.476318/0.293213/0.343994/0.333252/0.365234/0.279541/0.392334/0.520996/0.478027/0.69458/0.685303/0.760254/0/0/0/0/0/0/0/0/0/0/0/0/0/0/0/0/0/0/0/0/0/0/0/0/0/0/0/0/0/0/0/0/0/0/0/0/0/0/0/0/0/0/0/0/0/0/0/0/0/0/0/0/0/0/0/0/0/0/0/0/0/0/0/0/0/0/0/0/0/0/0/0/0/0/0/0/0/0/0/0/0/0/0/0/0/0/0/0/0/0/0/0/0/0/0/0/0/0/0/0/0/0/0/0/0/0/0/0/0/0/0/0/0/0/0/0/0/0/0/0/0/0/0/0/0/0/0/0/0/0/0/0/0/0/0/0/0/0/0/0/0/0/0/0/0/0/0/0/0/0/0/0/0/0/0/0/0/0/0/0/0/0/0/0/0/0/0/0/0/0/0/0/0/0/0/0/0/0/0/0/0/0/0/0/0/0/0/0/0/0/0/0/0/0/0/0/0/0/0/0/0/0/0/0/0/0/0/0/0/0/0/0/0/0/0/0/0/0/0/0/0/0/0/0/0/0/0/0/0/0/0/0/0/0/0/0/0/0/0/0/0/0/0/0/0/0/0/0/0/0/0/0/0/0/0/0/0/0/0/0/0,380.599/248.223/247.444/248.888/246.001/246.783/307.072/248.89/246.661/4113.62/4148.49/4146.27/4722.76/4200.12/4209.56/0/0/0/0/0/0/0/0/0/0/0/0/0/0/0/0/0/0/0/0/0/0/0/0/0/0/0/0/0/0/0/0/0/0/0/0/0/0/0/0/0/0/0/0/0/0/0/0/0/0/0/0/0/0/0/0/0/0/0/0/0/0/0/0/0/0/0/0/0/0/0/0/0/0/0/0/0/0/0/0/0/0/0/0/0/0/0/0/0/0/0/0/0/0/0/0/0/0/0/0/0/0/0/0/0/0/0/0/0/0/0/0/0/0/0/0/0/0/0/0/0/0/0/0/0/0/0/0/0/0/0/0/0/0/0/0/0/0/0/0/0/0/0/0/0/0/0/0/0/0/0/0/0/0/0/0/0/0/0/0/0/0/0/0/0/0/0/0/0/0/0/0/0/0/0/0/0/0/0/0/0/0/0/0/0/0/0/0/0/0/0/0/0/0/0/0/0/0/0/0/0/0/0/0/0/0/0/0/0/0/0/0/0/0/0/0/0/0/0/0/0/0/0/0/0/0/0/0/0/0/0/0/0/0/0/0/0/0/0/0/0/0/0/0/0/0/0/0/0/0/0/0/0/0/0/0/0/0/0/0/0,,,7838,1.8292735738732873e-11,3.0617187500000015e-11,-1.765917200030145e-06,2.5560906409309863,0,0.0,19728,4.172383791882969e-11,7.706250000000002e-11,1.4133085057202106e-06,3.070723632098988e-07,6.187184335382292e-07,4.1147260309782624e-06,1,1,nan,0.5083392607845624,22,13/12/11/10/14/15/7/6/3/15/1/2/4/5/13/5/13/8/9/10/14/15,21,3775.4,1.0,,,1.998553295128221e-09,,,,,,,,,,,,,,1,23375,17,550620071.7961586,156610636.52309465,3.515853610076868,2,-464728071.429324,-403439882.375088,-480773762.63397,-128197.184525,-159718136.386664,-181932.270351,-451928690.236971,-480176.679752,7636,11255.403961,-60772.768953,4934381.749431,35337476.335418,-279350309.005034,-223775264.900807,-2.3429,2.3446,-0.8102,0.8137,0.0077,0.3414,7.2765,1.0771,0.0233,0.3218,0.7544,0.3284,404,3762,14734,,,
440,4.0738664e-05,2259.02,5.7700773049183284e-08,1.1869018554687506e-16,6.309814453125003e-18,276,15,14,13,13/12/11/7/6/3/1/2/4/5/8/9/10/14,0,61,1,0.141113/0.34082/0.359619/0.475098/0.291748/0.342773/0.303223/0.363037/0.278076/0.378906/0.519043/0.465332/0.654297/0.637695/0.759033/0/0/0/0/0/0/0/0/0/0/0/0/0/0/0/0/0/0/0/0/0/0/0/0/0/0/0/0/0/0/0/0/0/0/0/0/0/0/0/0/0/0/0/0/0/0/0/0/0/0/0/0/0/0/0/0/0/0/0/0/0/0/0/0/0/0/0/0/0/0/0/0/0/0/0/0/0/0/0/0/0/0/0/0/0/0/0/0/0/0/0/0/0/0/0/0/0/0/0/0/0/0/0/0/0/0/0/0/0/0/0/0/0/0/0/0/0/0/0/0/0/0/0/0/0/0/0/0/0/0/0/0/0/0/0/0/0/0/0/0/0/0/0/0/0/0/0/0/0/0/0/0/0/0/0/0/0/0/0/0/0/0/0/0/0/0/0/0/0/0/0/0/0/0/0/0/0/0/0/0/0/0/0/0/0/0/0/0/0/0/0/0/0/0/0/0/0/0/0/0/0/0/0/0/0/0/0/0/0/0/0/0/0/0/0/0/0/0/0/0/0/0/0/0/0/0/0/0/0/0/0/0/0/0/0/0/0/0/0/0/0/0/0/0/0/0/0/0/0/0/0/0/0/0/0/0/0/0/0/0/0,380.599/248.223/247.444/248.888/246.001/246.783/305.631/248.89/246.661/4113.62/4148.49/4146.27/4722.76/4200.12/4209.56/0/0/0/0/0/0/0/0/0/0/0/0/0/0/0/0/0/0/0/0/0/0/0/0/0/0/0/0/0/0/0/0/0/0/0/0/0/0/0/0/0/0/0/0/0/0/0/0/0/0/0/0/0/0/0/0/0/0/0/0/0/0/0/0/0/0/0/0/0/0/0/0/0/0/0/0/0/0/0/0/0/0/0/0/0/0/0/0/0/0/0/0/0/0/0/0/0/0/0/0/0/0/0/0/0/0/0/0/0/0/0/0/0/0/0/0/0/0/0/0/0/0/0/0/0/0/0/0/0/0/0/0/0/0/0/0/0/0/0/0/0/0/0/0/0/0/0/0/0/0/0/0/0/0/0/0/0/0/0/0/0/0/0/0/0/0/0/0/0/0/0/0/0/0/0/0/0/0/0/0/0/0/0/0/0/0/0/0/0/0/0/0/0/0/0/0/0/0/0/0/0/0/0/0/0/0/0/0/0/0/0/0/0/0/0/0/0/0/0/0/0/0/0/0/0/0/0/0/0/0/0/0/0/0/0/0/0/0/0/0/0/0/0/0/0/0/0/0/0/0/0/0/0/0/0/0/0/0/0/0/0,,,7737,1.804828188923041e-11,3.022265625000001e-11,-1.7571495952768378e-06,2.696372316983903,0,0.0,19560,4.143612051293091e-11,7.640625000000003e-11,1.4012240795560752e-06,3.056309165183041e-07,6.187184335382292e-07,4.1147260309782624e-06,1,1,nan,0.5065822044168279,20,13/12/11/10/14/15/7/6/3/15/1/2/4/5/13/8/9/10/14/15,19,3778.4,1.0,,,1.962537228627643e-09,,,,,,,,,,,,,,1,22714,19,548716873.3261867,152481277.80537927,3.5985852245188155,2,-465181622.625814,-396362875.870774,-483734981.924008,-115837.76603,-127552301.959679,-181704.713308,-450795199.772846,-380365.79809,7459,28866.607434,-52936.357335,17609163.50601,45653728.054519,-284697044.139566,-208306555.718287,-2.2716,2.2791,-0.7383,0.7438,0.0076,0.3147,7.6103,1.0025,0.0235,0.299,0.7408,0.3215,418,3654,14341,,,
460,4.0738664e-05,2347.93,5.7700773049183284e-08,1.1882519531250005e-16,6.174804687500003e-18,276,15,14,13,13/12/11/7/6/3/1/2/4/5/8/9/10/14,0,65,1,0.140869/0.337158/0.35791/0.473633/0.288818/0.341797/0.275635/0.359863/0.27832/0.374023/0.51709/0.456787/0.618164/0.594727/0.76001/0/0/0/0/0/0/0/0/0/0/0/0/0/0/0/0/0/0/0/0/0/0/0/0/0/0/0/0/0/0/0/0/0/0/0/0/0/0/0/0/0/0/0/0/0/0/0/0/0/0/0/0/0/0/0/0/0/0/0/0/0/0/0/0/0/0/0/0/0/0/0/0/0/0/0/0/0/0/0/0/0/0/0/0/0/0/0/0/0/0/0/0/0/0/0/0/0/0/0/0/0/0/0/0/0/0/0/0/0/0/0/0/0/0/0/0/0/0/0/0/0/0/0/0/0/0/0/0/0/0/0/0/0/0/0/0/0/0/0/0/0/0/0/0/0/0/0/0/0/0/0/0/0/0/0/0/0/0/0/0/0/0/0/0/0/0/0/0/0/0/0/0/0/0/0/0/0/0/0/0/0/0/0/0/0/0/0/0/0/0/0/0/0/0/0/0/0/0/0/0/0/0/0/0/0/0/0/0/0/0/0/0/0/0/0/0/0/0/0/0/0/0/0/0/0/0/0/0/0/0/0/0/0/0/0/0/0/0/0/0/0/0/0/0/0/0/0/0/0/0/0/0/0/0/0/0/0/0/0/0/0,380.599/248.223/247.444/248.888/246.001/246.783/304.187/248.89/246.661/4113.62/4148.49/4146.27/4722.76/4199.46/4209.56/0/0/0/0/0/0/0/0/0/0/0/0/0/0/0/0/0/0/0/0/0/0/0/0/0/0/0/0/0/0/0/0/0/0/0/0/0/0/0/0/0/0/0/0/0/0/0/0/0/0/0/0/0/0/0/0/0/0/0/0/0/0/0/0/0/0/0/0/0/0/0/0/0/0/0/0/0/0/0/0/0/0/0/0/0/0/0/0/0/0/0/0/0/0/0/0/0/0/0/0/0/0/0/0/0/0/0/0/0/0/0/0/0/0/0/0/0/0/0/0/0/0/0/0/0/0/0/0/0/0/0/0/0/0/0/0/0/0/0/0/0/0/0/0/0/0/0/0/0/0/0/0/0/0/0/0/0/0/0/0/0/0/0/0/0/0/0/0/0/0/0/0/0/0/0/0/0/0/0/0/0/0/0/0/0/0/0/0/0/0/0/0/0/0/0/0/0/0/0/0/0/0/0/0/0/0/0/0/0/0/0/0/0/0/0/0/0/0/0/0/0/0/0/0/0/0/0/0/0/0/0/0/0/0/0/0/0/0/0/0/0/0/0/0/0/0/0/0/0/0/0/0/0/0/0/0/0/0/0/0/0,,,7691,1.794108558818729e-11,3.004296875000001e-11,-1.7612504391914035e-06,2.630758814350852,0,0.0,19424,4.119579674496592e-11,7.587500000000004e-11,1.4014525352339051e-06,3.041874240438294e-07,6.187184335382292e-07,4.1147260309782624e-06,1,1,nan,0.5048538846445921,19,13/12/11/10/14/15/7/6/3/15/1/2/4/5/8/9/10/14/15,18,3780.8,1.0,,,1.9316132162498365e-09,,,,,,,,,,,,,,1,22141,29,546844801.6006889,148647608.17903823,3.678799869702869,2,-461474396.130984,-390949666.893901,-486151125.275587,-108596.224753,-97807206.596747,-180472.948632,-447446946.638058,-397752.606855,7601,37086.962909,-41773.442036,13672570.643011,46213643.320997,-350990285.57279,-195481919.824568,-1.9838,1.9876,-0.675,0.682,0.0072,0.3172,7.5903,0.9453,0.0232,0.2614,0.7202,0.311,417,3424,13874,,,
480,4.0738664e-05,2436.38,5.7700773049183284e-08,1.1894604492187505e-16,6.053955078125003e-18,276,15,14,13,13/12/11/7/6/3/1/2/4/5/8/9/10/14,0,66,1,0.140869/0.335449/0.355713/0.472656/0.287354/0.340088/0.253418/0.358154/0.277344/0.371582/0.513672/0.448975/0.584961/0.554688/0.759033/0/0/0/0/0/0/0/0/0/0/0/0/0/0/0/0/0/0/0/0/0/0/0/0/0/0/0/0/0/0/0/0/0/0/0/0/0/0/0/0/0/0/0/0/0/0/0/0/0/0/0/0/0/0/0/0/0/0/0/0/0/0/0/0/0/0/0/0/0/0/0/0/0/0/0/0/0/0/0/0/0/0/0/0/0/0/0/0/0/0/0/0/0/0/0/0/0/0/0/0/0/0/0/0/0/0/0/0/0/0/0/0/0/0/0/0/0/0/0/0/0/0/0/0/0/0/0/0/0/0/0/0/0/0/0/0/0/0/0/0/0/0/0/0/0/0/0/0/0/0/0/0/0/0/0/0/0/0/0/0/0/0/0/0/0/0/0/0/0/0/0/0/0/0/0/0/0/0/0/0/0/0/0/0/0/0/0/0/0/0/0/0/0/0/0/0/0/0/0/0/0/0/0/0/0/0/0/0/0/0/0/0/0/0/0/0/0/0/0/0/0/0/0/0/0/0/0/0/0/0/0/0/0/0/0/0/0/0/0/0/0/0/0/0/0/0/0/0/0/0/0/0/0/0/0/0/0/0/0/0/0,380.599/248.219/247.444/248.888/246.001/246.783/304.187/248.89/246.661/4113.62/4148.49/4146.27/4722.76/4199.46/4209.56/0/0/0/0/0/0/0/0/0/0/0/0/0/0/0/0/0/0/0/0/0/0/0/0/0/0/0/0/0/0/0/0/0/0/0/0/0/0/0/0/0/0/0/0/0/0/0/0/0/0/0/0/0/0/0/0/0/0/0/0/0/0/0/0/0/0/0/0/0/0/0/0/0/0/0/0/0/0/0/0/0/0/0/0/0/0/0/0/0/0/0/0/0/0/0/0/0/0/0/0/0/0/0/0/0/0/0/0/0/0/0/0/0/0/0/0/0/0/0/0/0/0/0/0/0/0/0/0/0/0/0/0/0/0/0/0/0/0/0/0/0/0/0/0/0/0/0/0/0/0/0/0/0/0/0/0/0/0/0/0/0/0/0/0/0/0/0/0/0/0/0/0/0/0/0/0/0/0/0/0/0/0/0/0/0/0/0/0/0/0/0/0/0/0/0/0/0/0/0/0/0/0/0/0/0/0/0/0/0/0/0/0/0/0/0/0/0/0/0/0/0/0/0/0/0/0/0/0/0/0/0/0/0/0/0/0/0/0/0/0/0/0/0/0/0/0/0/0/0/0/0/0/0/0/0/0/0/0/0/0/0,,,7665,1.7873730410907207e-11,2.994140625000001e-11,-1.7652080988242727e-06,2.5674362602249436,0,0.0,19412,4.1254182476078926e-11,7.582812500000003e-11,1.402929103647738e-06,3.041874240438294e-07,6.187184335382292e-07,4.1147260309782624e-06,1,1,nan,0.5024093322682321,19,13/12/11/10/14/15/7/6/3/15/1/2/4/5/8/9/10/14/15,18,3782.2,1.0,,,1.905718113454489e-09,,,,,,,,,,,,,,1,21653,28,544196925.0567774,147559899.45771387,3.687972999823895,2,-466494966.732161,-386049281.870699,-487336944.082431,-104544.486252,-73911395.258148,-180112.903571,-447134231.071115,-346263.468828,7433,39436.755762,-30977.945297,21128168.511283,48782646.608907,-360877494.182072,-186664624.844517,-2.0555,2.0619,-0.606,0.6145,0.0072,0.2943,8.3694,0.8673,0.0234,0.2459,0.707,0.3057,431,3338,13613,,,
500,4.0738664e-05,2533.72,5.7700773049183284e-08,1.1905664062500004e-16,5.943359375000003e-18,276,15,14,13,13/12/11/7/6/3/1/2/4/5/8/9/10/14,0,67,1,0.140625/0.334229/0.35498/0.470703/0.285889/0.339111/0.225098/0.357178/0.275879/0.369629/0.51123/0.446777/0.549561/0.520508/0.761963/0/0/0/0/0/0/0/0/0/0/0/0/0/0/0/0/0/0/0/0/0/0/0/0/0/0/0/0/0/0/0/0/0/0/0/0/0/0/0/0/0/0/0/0/0/0/0/0/0/0/0/0/0/0/0/0/0/0/0/0/0/0/0/0/0/0/0/0/0/0/0/0/0/0/0/0/0/0/0/0/0/0/0/0/0/0/0/0/0/0/0/0/0/0/0/0/0/0/0/0/0/0/0/0/0/0/0/0/0/0/0/0/0/0/0/0/0/0/0/0/0/0/0/0/0/0/0/0/0/0/0/0/0/0/0/0/0/0/0/0/0/0/0/0/0/0/0/0/0/0/0/0/0/0/0/0/0/0/0/0/0/0/0/0/0/0/0/0/0/0/0/0/0/0/0/0/0/0/0/0/0/0/0/0/0/0/0/0/0/0/0/0/0/0/0/0/0/0/0/0/0/0/0/0/0/0/0/0/0/0/0/0/0/0/0/0/0/0/0/0/0/0/0/0/0/0/0/0/0/0/0/0/0/0/0/0/0/0/0/0/0/0/0/0/0/0/0/0/0/0/0/0/0/0/0/0/0/0/0/0/0,380.599/248.103/247.444/248.888/246.001/246.783/304.187/248.89/246.661/4113.62/4148.49/4146.27/4722.76/4198.68/4209.56/0/0/0/0/0/0/0/0/0/0/0/0/0/0/0/0/0/0/0/0/0/0/0/0/0/0/0/0/0/0/0/0/0/0/0/0/0/0/0/0/0/0/0/0/0/0/0/0/0/0/0/0/0/0/0/0/0/0/0/0/0/0/0/0/0/0/0/0/0/0/0/0/0/0/0/0/0/0/0/0/0/0/0/0/0/0/0/0/0/0/0/0/0/0/0/0/0/0/0/0/0/0/0/0/0/0/0/0/0/0/0/0/0/0/0/0/0/0/0/0/0/0/0/0/0/0/0/0/0/0/0/0/0/0/0/0/0/0/0/0/0/0/0/0/0/0/0/0/0/0/0/0/0/0/0/0/0/0/0/0/0/0/0/0/0/0/0/0/0/0/0/0/0/0/0/0/0/0/0/0/0/0/0/0/0/0/0/0/0/0/0/0/0/0/0/0/0/0/0/0/0/0/0/0/0/0/0/0/0/0/0/0/0/0/0/0/0/0/0/0/0/0/0/0/0/0/0/0/0/0/0/0/0/0/0/0/0/0/0/0/0/0/0/0/0/0/0/0/0/0/0/0/0/0/0/0/0/0/0/0/0,1-2:0.371481/1-3:0.377575/2-4:1.68353/3-6:1.66097/4-5:1.74657/4-13:0.29016/5-8:1.12904/5-13:0.221035/6-7:1.38523/8-9:1.51385/8-11:0.0213296/8-12:0.183742/8-13:0.0103699/9-10:1.05213/9-11:0.127436/9-12:0.00691323/10-11:0.572276/10-14:1.58648/11-12:2.14697/12-13:1.70009,1-2:-28.501/1-3:-33.9/2-4:-24.549/3-6:-37.85/4-5:-20.563/4-13:-20.455/5-8:-16.611/5-13:-19.309/6-7:-41.816/8-9:-12.615/8-11:-12.45/8-12:-14.09/8-13:-15.229/9-10:-8.653/9-11:-10.182/9-12:-11.257/10-11:-11.065/10-14:-5.6118/11-12:-53.531/12-13:-57.167,7634,1.7787183722372228e-11,2.982031250000001e-11,-1.7691402256745235e-06,2.5045222306209314,0,0.0,19404,4.131157099502424e-11,7.579687500000002e-11,1.404429254230389e-06,3.041874240438294e-07,6.187184335382292e-07,4.114726030978262e-06,1,1,nan,0.507302746036945,19,13/12/11/10/14/15/7/6/3/15/1/2/4/5/8/9/10/14/15,18,3784.6,1.0,,,1.882718002007061e-09,2,14/1,1/1,1,1,1/0/0/0/0/0/0/0/0/0/0/0,1.0,14/1,5186/4210,6352/5370,6983/4198,14/1,16/3,1,21191,31,549497345.5603963,146355820.97635785,3.7545301710217696,1,-462033252.915461,-378708213.272078,-487611609.567645,-102739.99656,-51860257.226232,-180004.116876,-445986178.024313,-342330.642963,7478,45502.095738,4314.323907,10579119.593318,44240678.884886,-370455293.200622,-179396092.51506,-1.6602,1.6651,-0.5448,0.5549,0.0072,0.2894,8.2848,0.8061,0.0236,0.2005,0.6866,0.3022,409,3137,13341,3799.8,618.7,352.9
520,5.092333e-05,2712.49,5.437565655933996e-08,1.1719799804687506e-16,7.802001953125003e-18,276,18,16,15,17/13/12/11/7/6/3/1/2/4/5/8/9/10/14/16,0,59,2,0.140625/0.33252/0.353271/0.400146/0.278809/0.338867/0.199951/0.355225/0.274414/0.366699/0.509521/0.446289/0.416992/0.467529/0.763672/0.695313/0.703125/0.759033/0/0/0/0/0/0/0/0/0/0/0/0/0/0/0/0/0/0/0/0/0/0/0/0/0/0/0/0/0/0/0/0/0/0/0/0/0/0/0/0/0/0/0/0/0/0/0/0/0/0/0/0/0/0/0/0/0/0/0/0/0/0/0/0/0/0/0/0/0/0/0/0/0/0/0/0/0/0/0/0/0/0/0/0/0/0/0/0/0/0/0/0/0/0/0/0/0/0/0/0/0/0/0/0/0/0/0/0/0/0/0/0/0/0/0/0/0/0/0/0/0/0/0/0/0/0/0/0/0/0/0/0/0/0/0/0/0/0/0/0/0/0/0/0/0/0/0/0/0/0/0/0/0/0/0/0/0/0/0/0/0/0/0/0/0/0/0/0/0/0/0/0/0/0/0/0/0/0/0/0/0/0/0/0/0/0/0/0/0/0/0/0/0/0/0/0/0/0/0/0/0/0/0/0/0/0/0/0/0/0/0/0/0/0/0/0/0/0/0/0/0/0/0/0/0/0/0/0/0/0/0/0/0/0/0/0/0/0/0/0/0/0/0/0/0/0/0/0/0/0/0/0/0/0/0/0/0/0,380.599/248.103/247.444/248.888/246.001/246.783/301.302/248.89/246.661/4113.62/4148.49/4146.27/4693.67/4190.68/4209.56/4210.34/4729.32/4209.56/0/0/0/0/0/0/0/0/0/0/0/0/0/0/0/0/0/0/0/0/0/0/0/0/0/0/0/0/0/0/0/0/0/0/0/0/0/0/0/0/0/0/0/0/0/0/0/0/0/0/0/0/0/0/0/0/0/0/0/0/0/0/0/0/0/0/0/0/0/0/0/0/0/0/0/0/0/0/0/0/0/0/0/0/0/0/0/0/0/0/0/0/0/0/0/0/0/0/0/0/0/0/0/0/0/0/0/0/0/0/0/0/0/0/0/0/0/0/0/0/0/0/0/0/0/0/0/0/0/0/0/0/0/0/0/0/0/0/0/0/0/0/0/0/0/0/0/0/0/0/0/0/0/0/0/0/0/0/0/0/0/0/0/0/0/0/0/0/0/0/0/0/0/0/0/0/0/0/0/0/0/0/0/0/0/0/0/0/0/0/0/0/0/0/0/0/0/0/0/0/0/0/0/0/0/0/0/0/0/0/0/0/0/0/0/0/0/0/0/0/0/0/0/0/0/0/0/0/0/0/0/0/0/0/0/0/0/0/0/0/0/0/0/0/0/0/0/0/0/0/0/0/0/0/0/0/0/0,,,8257,1.9208117279021795e-11,3.225390625000001e-11,-1.927209396480007e-06,-0.024584502266803143,0,0.0,26238,5.612435710828134e-11,1.0249218750000004e-10,1.5366296254361595e-06,2.2471074242022527e-06,6.187184335382292e-07,4.099386394277528e-06,1,1,nan,0.552848918161528,23,17/13/12/11/10/14/18/16/17/7/6/3/15/1/2/4/5/8/9/10/14/18/16,22,3955.7,1.0,,,2.4126791408318127e-09,,,,,,,,,,,,,,1,22838,35,635450853.7729173,162080880.92346224,3.9205787268208985,1,-467124357.169415,-395147264.503984,-482547876.182858,-130516.810513,-90405040.449108,-310781.326262,-453305407.032673,-34781890.264239,9231,42799.256298,-37065.298825,25952588.947553,55794859.322876,-195182963.280417,-189082778.169291,-1.76,1.778,-0.6555,0.665,0.0091,0.3094,5.5192,0.8553,0.0216,0.3215,0.7762,0.4196,507,4923,17334,,,
540,5.092333e-05,2804.74,5.437565655933996e-08,1.1738085937500006e-16,7.619140625000003e-18,276,18,16,15,17/13/12/11/7/6/3/1/2/4/5/8/9/10/14/16,0,64,3,0.139893/0.330322/0.351807/0.398926/0.278564/0.337891/0.180664/0.354492/0.272949/0.363037/0.509277/0.44458/0.39917/0.417236/0.765137/0.656738/0.663574/0.754883/0/0/0/0/0/0/0/0/0/0/0/0/0/0/0/0/0/0/0/0/0/0/0/0/0/0/0/0/0/0/0/0/0/0/0/0/0/0/0/0/0/0/0/0/0/0/0/0/0/0/0/0/0/0/0/0/0/0/0/0/0/0/0/0/0/0/0/0/0/0/0/0/0/0/0/0/0/0/0/0/0/0/0/0/0/0/0/0/0/0/0/0/0/0/0/0/0/0/0/0/0/0/0/0/0/0/0/0/0/0/0/0/0/0/0/0/0/0/0/0/0/0/0/0/0/0/0/0/0/0/0/0/0/0/0/0/0/0/0/0/0/0/0/0/0/0/0/0/0/0/0/0/0/0/0/0/0/0/0/0/0/0/0/0/0/0/0/0/0/0/0/0/0/0/0/0/0/0/0/0/0/0/0/0/0/0/0/0/0/0/0/0/0/0/0/0/0/0/0/0/0/0/0/0/0/0/0/0/0/0/0/0/0/0/0/0/0/0/0/0/0/0/0/0/0/0/0/0/0/0/0/0/0/0/0/0/0/0/0/0/0/0/0/0/0/0/0/0/0/0/0/0/0/0/0/0/0/0,380.599/248.103/248.101/248.886/246.001/246.783/301.302/248.89/246.661/4092.51/4148.49/4146.27/4693.67/4219.78/4209.56/4208.12/4727.87/4209.56/0/0/0/0/0/0/0/0/0/0/0/0/0/0/0/0/0/0/0/0/0/0/0/0/0/0/0/0/0/0/0/0/0/0/0/0/0/0/0/0/0/0/0/0/0/0/0/0/0/0/0/0/0/0/0/0/0/0/0/0/0/0/0/0/0/0/0/0/0/0/0/0/0/0/0/0/0/0/0/0/0/0/0/0/0/0/0/0/0/0/0/0/0/0/0/0/0/0/0/0/0/0/0/0/0/0/0/0/0/0/0/0/0/0/0/0/0/0/0/0/0/0/0/0/0/0/0/0/0/0/0/0/0/0/0/0/0/0/0/0/0/0/0/0/0/0/0/0/0/0/0/0/0/0/0/0/0/0/0/0/0/0/0/0/0/0/0/0/0/0/0/0/0/0/0/0/0/0/0/0/0/0/0/0/0/0/0/0/0/0/0/0/0/0/0/0/0/0/0/0/0/0/0/0/0/0/0/0/0/0/0/0/0/0/0/0/0/0/0/0/0/0/0/0/0/0/0/0/0/0/0/0/0/0/0/0/0/0/0/0/0/0/0/0/0/0/0/0/0/0/0/0/0/0/0/0/0/0,,,8209,1.9080320542354705e-11,3.206640625000001e-11,-1.9186501628519227e-06,0.11236323578254546,0,0.0,25976,5.565571566012135e-11,1.0146875000000004e-10,1.5349544304269057e-06,2.2365567525954723e-06,6.187184335382292e-07,4.099386394277528e-06,1,1,nan,0.4649224901789821,23,17/13/12/11/10/14/18/16/17/7/6/3/15/1/2/4/5/8/9/10/14/18/16,22,3964.2,1.0,,,2.372811918064091e-09,,,,,,,,,,,,,,1,24949,33,534387214.331396,159939268.45250276,3.3411883116752734,3,-481466651.945761,-378852854.539306,-483549931.536312,-118958.056436,-70355767.550593,-283246.766682,-452775395.548619,-28266350.768968,9065,68200.605876,-20307.5195,22333674.220768,60290109.450585,-206374975.425998,-182577114.90468,-1.8055,1.8161,-0.5907,0.602,0.0086,0.297,5.9414,0.7836,0.021,0.3051,0.7668,0.4077,495,4854,16833,,,
560,5.092333e-05,2893.83,5.437565655933996e-08,1.1754272460937505e-16,7.457275390625004e-18,276,18,16,15,17/13/12/11/7/6/3/1/2/4/5/8/9/10/14/16,0,75,3,0.139893/0.329102/0.350586/0.397461/0.277832/0.33667/0.158203/0.352295/0.271973/0.361328/0.509033/0.442383/0.392578/0.366943/0.76709/0.620605/0.628418/0.754883/0/0/0/0/0/0/0/0/0/0/0/0/0/0/0/0/0/0/0/0/0/0/0/0/0/0/0/0/0/0/0/0/0/0/0/0/0/0/0/0/0/0/0/0/0/0/0/0/0/0/0/0/0/0/0/0/0/0/0/0/0/0/0/0/0/0/0/0/0/0/0/0/0/0/0/0/0/0/0/0/0/0/0/0/0/0/0/0/0/0/0/0/0/0/0/0/0/0/0/0/0/0/0/0/0/0/0/0/0/0/0/0/0/0/0/0/0/0/0/0/0/0/0/0/0/0/0/0/0/0/0/0/0/0/0/0/0/0/0/0/0/0/0/0/0/0/0/0/0/0/0/0/0/0/0/0/0/0/0/0/0/0/0/0/0/0/0/0/0/0/0/0/0/0/0/0/0/0/0/0/0/0/0/0/0/0/0/0/0/0/0/0/0/0/0/0/0/0/0/0/0/0/0/0/0/0/0/0/0/0/0/0/0/0/0/0/0/0/0/0/0/0/0/0/0/0/0/0/0/0/0/0/0/0/0/0/0/0/0/0/0/0/0/0/0/0/0/0/0/0/0/0/0/0/0/0/0/0,380.599/248.103/248.101/248.886/246.001/246.783/296.193/248.89/246.661/4092.51/4148.49/4146.27/4693.67/4219.78/4209.56/4207.45/4727.87/4209.56/0/0/0/0/0/0/0/0/0/0/0/0/0/0/0/0/0/0/0/0/0/0/0/0/0/0/0/0/0/0/0/0/0/0/0/0/0/0/0/0/0/0/0/0/0/0/0/0/0/0/0/0/0/0/0/0/0/0/0/0/0/0/0/0/0/0/0/0/0/0/0/0/0/0/0/0/0/0/0/0/0/0/0/0/0/0/0/0/0/0/0/0/0/0/0/0/0/0/0/0/0/0/0/0/0/0/0/0/0/0/0/0/0/0/0/0/0/0/0/0/0/0/0/0/0/0/0/0/0/0/0/0/0/0/0/0/0/0/0/0/0/0/0/0/0/0/0/0/0/0/0/0/0/0/0/0/0/0/0/0/0/0/0/0/0/0/0/0/0/0/0/0/0/0/0/0/0/0/0/0/0/0/0/0/0/0/0/0/0/0/0/0/0/0/0/0/0/0/0/0/0/0/0/0/0/0/0/0/0/0/0/0/0/0/0/0/0/0/0/0/0/0/0/0/0/0/0/0/0/0/0/0/0/0/0/0/0/0/0/0/0/0/0/0/0/0/0/0/0/0/0/0/0/0/0/0/0/0,,,8167,1.897871889739239e-11,3.190234375000001e-11,-1.917456762400437e-06,0.13145764300631813,0,0.0,25718,5.5188709553238146e-11,1.0046093750000004e-10,1.5354179781863933e-06,2.2365567525954723e-06,6.187184335382292e-07,4.099386394277528e-06,1,1,nan,0.46316648312651293,23,17/13/12/11/10/14/18/16/17/7/6/3/15/1/2/4/5/8/9/10/14/18/16,22,3972.9,1.0,,,2.33766767005023e-09,,,,,,,,,,,,,,1,24252,43,532368839.79168713,158287833.36776125,3.3632960188089576,2,-472994399.901685,-361173521.341829,-483929584.661775,-120159.259267,-56023690.458658,-261801.910824,-452653175.998463,-20082270.141044,8969,98161.457413,51315.177043,14751663.456983,64313260.454187,-191501542.257146,-177022873.316313,-1.7162,1.736,-0.5385,0.552,0.0083,0.2843,5.3762,0.7218,0.0208,0.3222,0.763,0.3969,509,4717,16390,,,
580,5.092333e-05,2982.55,5.437565655933996e-08,1.1768847656250005e-16,7.311523437500003e-18,276,18,16,15,17/13/12/11/7/6/3/1/2/4/5/8/9/10/14/16,0,82,2,0.140381/0.327881/0.350098/0.396484/0.276367/0.335693/0.13916/0.350342/0.270996/0.361084/0.507568/0.440918/0.387695/0.321289/0.770996/0.581299/0.596191/0.75708/0/0/0/0/0/0/0/0/0/0/0/0/0/0/0/0/0/0/0/0/0/0/0/0/0/0/0/0/0/0/0/0/0/0/0/0/0/0/0/0/0/0/0/0/0/0/0/0/0/0/0/0/0/0/0/0/0/0/0/0/0/0/0/0/0/0/0/0/0/0/0/0/0/0/0/0/0/0/0/0/0/0/0/0/0/0/0/0/0/0/0/0/0/0/0/0/0/0/0/0/0/0/0/0/0/0/0/0/0/0/0/0/0/0/0/0/0/0/0/0/0/0/0/0/0/0/0/0/0/0/0/0/0/0/0/0/0/0/0/0/0/0/0/0/0/0/0/0/0/0/0/0/0/0/0/0/0/0/0/0/0/0/0/0/0/0/0/0/0/0/0/0/0/0/0/0/0/0/0/0/0/0/0/0/0/0/0/0/0/0/0/0/0/0/0/0/0/0/0/0/0/0/0/0/0/0/0/0/0/0/0/0/0/0/0/0/0/0/0/0/0/0/0/0/0/0/0/0/0/0/0/0/0/0/0/0/0/0/0/0/0/0/0/0/0/0/0/0/0/0/0/0/0/0/0/0/0/0,382.04/248.103/248.099/248.886/246.653/246.783/285.312/248.89/246.661/4092.51/4148.49/4146.27/4693.67/4219.78/4209.56/4207.45/4726.43/4209.56/0/0/0/0/0/0/0/0/0/0/0/0/0/0/0/0/0/0/0/0/0/0/0/0/0/0/0/0/0/0/0/0/0/0/0/0/0/0/0/0/0/0/0/0/0/0/0/0/0/0/0/0/0/0/0/0/0/0/0/0/0/0/0/0/0/0/0/0/0/0/0/0/0/0/0/0/0/0/0/0/0/0/0/0/0/0/0/0/0/0/0/0/0/0/0/0/0/0/0/0/0/0/0/0/0/0/0/0/0/0/0/0/0/0/0/0/0/0/0/0/0/0/0/0/0/0/0/0/0/0/0/0/0/0/0/0/0/0/0/0/0/0/0/0/0/0/0/0/0/0/0/0/0/0/0/0/0/0/0/0/0/0/0/0/0/0/0/0/0/0/0/0/0/0/0/0/0/0/0/0/0/0/0/0/0/0/0/0/0/0/0/0/0/0/0/0/0/0/0/0/0/0/0/0/0/0/0/0/0/0/0/0/0/0/0/0/0/0/0/0/0/0/0/0/0/0/0/0/0/0/0/0/0/0/0/0/0/0/0/0/0/0/0/0/0/0/0/0/0/0/0/0/0/0/0/0/0/0,,,8124,1.8872751595604754e-11,3.1734375000000015e-11,-1.9214094768867423e-06,0.06821421122543149,0,0.0,25422,5.4558440528991696e-11,9.930468750000004e-11,1.5351178571591132e-06,2.2372774759412695e-06,6.187184335382292e-07,4.099386394277528e-06,1,1,nan,0.4616485139367791,23,17/13/12/11/10/14/18/16/17/7/6/3/15/1/2/4/5/8/9/10/14/18/16,22,3982.0,1.0,,,2.3075208868189867e-09,,,,,,,,,,,,,,1,23628,41,530624068.68708766,156318066.04478338,3.3945153117175195,2,-483026165.533222,-342203278.857498,-484356381.083578,-115693.704726,-42355470.63039,-244338.912676,-452726967.676053,-15308437.544511,9007,107170.383213,169631.828721,11114238.741046,65408022.958104,-196735331.503665,-172679874.945975,-1.5882,1.605,-0.465,0.4812,0.0079,0.2653,5.3925,0.6361,0.0204,0.2969,0.7545,0.3857,512,4537,15920,,,
600,5.092333e-05,3078.92,5.437565655933996e-08,1.1782031250000005e-16,7.179687500000003e-18,276,18,16,15,17/13/12/11/7/6/3/1/2/4/5/8/9/10/14/16,0,84,2,0.140137/0.325684/0.349609/0.395996/0.275146/0.335205/0.125488/0.348877/0.269531/0.358398/0.503662/0.438721/0.384766/0.281982/0.775391/0.542236/0.568115/0.760742/0/0/0/0/0/0/0/0/0/0/0/0/0/0/0/0/0/0/0/0/0/0/0/0/0/0/0/0/0/0/0/0/0/0/0/0/0/0/0/0/0/0/0/0/0/0/0/0/0/0/0/0/0/0/0/0/0/0/0/0/0/0/0/0/0/0/0/0/0/0/0/0/0/0/0/0/0/0/0/0/0/0/0/0/0/0/0/0/0/0/0/0/0/0/0/0/0/0/0/0/0/0/0/0/0/0/0/0/0/0/0/0/0/0/0/0/0/0/0/0/0/0/0/0/0/0/0/0/0/0/0/0/0/0/0/0/0/0/0/0/0/0/0/0/0/0/0/0/0/0/0/0/0/0/0/0/0/0/0/0/0/0/0/0/0/0/0/0/0/0/0/0/0/0/0/0/0/0/0/0/0/0/0/0/0/0/0/0/0/0/0/0/0/0/0/0/0/0/0/0/0/0/0/0/0/0/0/0/0/0/0/0/0/0/0/0/0/0/0/0/0/0/0/0/0/0/0/0/0/0/0/0/0/0/0/0/0/0/0/0/0/0/0/0/0/0/0/0/0/0/0/0/0/0/0/0/0/0,382.04/248.103/248.099/248.886/246.653/246.783/285.312/248.89/246.661/4092.51/4148.49/4146.27/4693.67/4219.78/4209.56/4207.45/4726.43/4209.56/0/0/0/0/0/0/0/0/0/0/0/0/0/0/0/0/0/0/0/0/0/0/0/0/0/0/0/0/0/0/0/0/0/0/0/0/0/0/0/0/0/0/0/0/0/0/0/0/0/0/0/0/0/0/0/0/0/0/0/0/0/0/0/0/0/0/0/0/0/0/0/0/0/0/0/0/0/0/0/0/0/0/0/0/0/0/0/0/0/0/0/0/0/0/0/0/0/0/0/0/0/0/0/0/0/0/0/0/0/0/0/0/0/0/0/0/0/0/0/0/0/0/0/0/0/0/0/0/0/0/0/0/0/0/0/0/0/0/0/0/0/0/0/0/0/0/0/0/0/0/0/0/0/0/0/0/0/0/0/0/0/0/0/0/0/0/0/0/0/0/0/0/0/0/0/0/0/0/0/0/0/0/0/0/0/0/0/0/0/0/0/0/0/0/0/0/0/0/0/0/0/0/0/0/0/0/0/0/0/0/0/0/0/0/0/0/0/0/0/0/0/0/0/0/0/0/0/0/0/0/0/0/0/0/0/0/0/0/0/0/0/0/0/0/0/0/0/0/0/0/0/0/0/0/0/0/0/0,1-2:0.371481/1-3:0.371481/2-4:1.49934/2-17:0.159406/3-6:1.64838/4-5:1.60176/4-13:0.0308803/4-17:0.253964/5-8:1.07123/5-13:0.0983746/5-17:0.00518499/6-7:1.33475/8-9:1.50298/8-11:0.0213296/8-12:0.182013/8-13:0.00864161/9-10:1.02562/9-11:0.127436/9-12:0.00691323/10-11:0.56882/10-14:1.4912/11-12:2.12564/12-13:1.65315/13-17:1.6124/14-16:0.00609416,1-2:-28.501/1-3:-33.918/2-4:-24.554/2-17:-24.429/3-6:-37.852/4-5:-20.552/4-13:-20.376/4-17:-22.529/5-8:-16.61/5-13:-18.427/5-17:-19.949/6-7:-41.816/8-9:-12.615/8-11:-12.45/8-12:-14.077/8-13:-15.326/9-10:-8.6483/9-11:-10.182/9-12:-11.257/10-11:-11.065/10-14:-4.885/11-12:-53.531/12-13:-56.776/13-17:-57.01/14-16:1.0791,8087,1.8778472723508288e-11,3.158984375000001e-11,-1.921965929059445e-06,0.059310976462185645,0,0.0,25208,5.416748204528804e-11,9.846875000000004e-11,1.5352779111662884e-06,2.2372774759412695e-06,6.187184335382292e-07,4.099386394277528e-06,1,1,nan,0.4604237778346974,23,17/13/12/11/10/14/18/16/17/7/6/3/15/1/2/4/5/8/9/10/14/18/16,22,3990.4,1.0,,,2.2805054811228875e-09,3,16/1/1,1/1/1,1,1,1/0/0/0/0/0/0/0/0/0/0/0,1.0,16/1/1,5797/4210/4210,6898/5370/6835,6983/4198/4154,16/1/1,20/3/4,1,23056,39,529216343.0388176,156781920.01587838,3.3754934432823647,2,-476898259.548699,-323790416.705794,-484419153.885737,-123197.069793,-32846490.168347,-229181.970108,-452641303.854355,-8271847.205605,9116,98932.923909,2197439.826294,22269588.064075,62475781.645264,-190223232.823967,-169296874.537573,-1.6523,1.6732,-0.4109,0.4299,0.0075,0.2576,5.4734,0.5699,0.02,0.305,0.7522,0.3743,505,4346,15465,3658.7,618.7,390.0
620,6.1107996e-05,3265.93,5.141289118816265e-08,1.1569604492187505e-16,9.303955078125004e-18,276,21,16,15,17/13/12/11/7/6/3/1/2/4/5/8/9/10/14/16,0,91,2,0.140137/0.324951/0.348633/0.395264/0.274658/0.333984/0.11377/0.347656/0.268311/0.355469/0.502686/0.436523/0.38208/0.25708/0.780518/0.51709/0.539307/0.765625/0.764648/0.686279/0.769287/0/0/0/0/0/0/0/0/0/0/0/0/0/0/0/0/0/0/0/0/0/0/0/0/0/0/0/0/0/0/0/0/0/0/0/0/0/0/0/0/0/0/0/0/0/0/0/0/0/0/0/0/0/0/0/0/0/0/0/0/0/0/0/0/0/0/0/0/0/0/0/0/0/0/0/0/0/0/0/0/0/0/0/0/0/0/0/0/0/0/0/0/0/0/0/0/0/0/0/0/0/0/0/0/0/0/0/0/0/0/0/0/0/0/0/0/0/0/0/0/0/0/0/0/0/0/0/0/0/0/0/0/0/0/0/0/0/0/0/0/0/0/0/0/0/0/0/0/0/0/0/0/0/0/0/0/0/0/0/0/0/0/0/0/0/0/0/0/0/0/0/0/0/0/0/0/0/0/0/0/0/0/0/0/0/0/0/0/0/0/0/0/0/0/0/0/0/0/0/0/0/0/0/0/0/0/0/0/0/0/0/0/0/0/0/0/0/0/0/0/0/0/0/0/0/0/0/0/0/0/0/0/0/0/0/0/0/0/0/0/0/0/0/0/0/0/0/0/0/0/0/0/0/0/0,382.04/248.103/248.101/248.886/246.653/246.779/279.418/248.89/246.661/4092.51/4148.49/4146.27/4693.67/4219.78/4209.56/4200.12/4726.43/4209.56/4210.35/4210.35/2523.56/0/0/0/0/0/0/0/0/0/0/0/0/0/0/0/0/0/0/0/0/0/0/0/0/0/0/0/0/0/0/0/0/0/0/0/0/0/0/0/0/0/0/0/0/0/0/0/0/0/0/0/0/0/0/0/0/0/0/0/0/0/0/0/0/0/0/0/0/0/0/0/0/0/0/0/0/0/0/0/0/0/0/0/0/0/0/0/0/0/0/0/0/0/0/0/0/0/0/0/0/0/0/0/0/0/0/0/0/0/0/0/0/0/0/0/0/0/0/0/0/0/0/0/0/0/0/0/0/0/0/0/0/0/0/0/0/0/0/0/0/0/0/0/0/0/0/0/0/0/0/0/0/0/0/0/0/0/0/0/0/0/0/0/0/0/0/0/0/0/0/0/0/0/0/0/0/0/0/0/0/0/0/0/0/0/0/0/0/0/0/0/0/0/0/0/0/0/0/0/0/0/0/0/0/0/0/0/0/0/0/0/0/0/0/0/0/0/0/0/0/0/0/0/0/0/0/0/0/0/0/0/0/0/0/0/0/0/0/0/0/0/0/0/0/0/0/0/0/0/0/0/0/0/0/0,,,8269,1.9075880554642802e-11,3.230078125000001e-11,-1.8648441217372653e-06,0.9732598936170631,0,0.0,33708,7.276693826824175e-11,1.3167187500000005e-10,1.545861833593285e-06,4.0925147718975e-06,6.187184335382292e-07,3.871356015226066e-06,1,1,nan,0.4317529460014128,23,17/13/12/11/10/14/20/16/17/7/6/3/15/1/2/4/5/8/9/10/14/19/16,22,3847.0,1.0,,,2.570343857136144e-09,,,,,,,,,,,,,,1,22609,52,524859787.1364459,182060951.4615296,2.882879513278559,2,-438515177.813166,-261179345.643212,-430866281.089842,-127721.77012,-31724572.649264,-625445.590679,-411805316.168968,-26749689.908582,11259,2457729.633173,8285043.920357,78190576.4831,98176185.517617,-177032769.720617,-172941676.172698,-1.2684,1.3826,-0.2869,0.3183,0.0062,0.2188,3.1625,0.3994,0.012,0.4362,0.7948,0.5153,635,6441,19788,,,
640,6.1107996e-05,3360.6,5.141289118816265e-08,1.1576953125000004e-16,9.230468750000004e-18,276,21,16,15,17/13/12/11/7/6/3/1/2/4/5/8/9/10/14/16,0,96,2,0.139648/0.324951/0.347412/0.394775/0.272705/0.332764/0.102051/0.347168/0.266602/0.354248/0.502686/0.435547/0.379639/0.241211/0.78418/0.491211/0.514893/0.769043/0.770752/0.683594/0.775391/0/0/0/0/0/0/0/0/0/0/0/0/0/0/0/0/0/0/0/0/0/0/0/0/0/0/0/0/0/0/0/0/0/0/0/0/0/0/0/0/0/0/0/0/0/0/0/0/0/0/0/0/0/0/0/0/0/0/0/0/0/0/0/0/0/0/0/0/0/0/0/0/0/0/0/0/0/0/0/0/0/0/0/0/0/0/0/0/0/0/0/0/0/0/0/0/0/0/0/0/0/0/0/0/0/0/0/0/0/0/0/0/0/0/0/0/0/0/0/0/0/0/0/0/0/0/0/0/0/0/0/0/0/0/0/0/0/0/0/0/0/0/0/0/0/0/0/0/0/0/0/0/0/0/0/0/0/0/0/0/0/0/0/0/0/0/0/0/0/0/0/0/0/0/0/0/0/0/0/0/0/0/0/0/0/0/0/0/0/0/0/0/0/0/0/0/0/0/0/0/0/0/0/0/0/0/0/0/0/0/0/0/0/0/0/0/0/0/0/0/0/0/0/0/0/0/0/0/0/0/0/0/0/0/0/0/0/0/0/0/0/0/0/0/0/0/0/0/0/0/0/0/0/0/0,382.04/248.103/248.101/248.886/246.653/246.779/279.418/248.89/246.661/4092.51/4148.49/4146.27/4693.67/4219.78/4209.56/4198.68/4726.43/4209.56/4210.35/4210.35/2523.56/0/0/0/0/0/0/0/0/0/0/0/0/0/0/0/0/0/0/0/0/0/0/0/0/0/0/0/0/0/0/0/0/0/0/0/0/0/0/0/0/0/0/0/0/0/0/0/0/0/0/0/0/0/0/0/0/0/0/0/0/0/0/0/0/0/0/0/0/0/0/0/0/0/0/0/0/0/0/0/0/0/0/0/0/0/0/0/0/0/0/0/0/0/0/0/0/0/0/0/0/0/0/0/0/0/0/0/0/0/0/0/0/0/0/0/0/0/0/0/0/0/0/0/0/0/0/0/0/0/0/0/0/0/0/0/0/0/0/0/0/0/0/0/0/0/0/0/0/0/0/0/0/0/0/0/0/0/0/0/0/0/0/0/0/0/0/0/0/0/0/0/0/0/0/0/0/0/0/0/0/0/0/0/0/0/0/0/0/0/0/0/0/0/0/0/0/0/0/0/0/0/0/0/0/0/0/0/0/0/0/0/0/0/0/0/0/0/0/0/0/0/0/0/0/0/0/0/0/0/0/0/0/0/0/0/0/0/0/0/0/0/0/0/0/0/0/0/0/0/0/0/0/0/0/0,,,8232,1.8982920132912887e-11,3.2156250000000015e-11,-1.8649623270741897e-06,0.971368608226273,0,0.0,33558,7.250241523938311e-11,1.3108593750000006e-10,1.5451221259229999e-06,4.0925147718975e-06,6.187184335382292e-07,3.871356015226066e-06,1,1,nan,0.43072374469011787,23,17/13/12/11/10/14/20/16/17/7/6/3/15/1/2/4/5/8/9/10/14/19/16,22,3849.3,1.0,,,2.551682863001688e-09,,,,,,,,,,,,,,1,22240,54,523608640.18731755,173295126.00647256,3.021485094553443,2,-435705378.06826,-254408320.960932,-433625765.168872,-125312.893905,-25019530.467809,-562032.528478,-405589411.604296,-22595470.002167,11334,2535283.680334,12526042.075652,69792572.019868,90084780.343507,-176463688.687553,-169089590.951378,-1.1759,1.2987,-0.2595,0.2975,0.006,0.1998,3.0361,0.372,0.0117,0.4267,0.7976,0.5087,614,6501,19374,,,
660,6.1107996e-05,3456.67,5.141289118816265e-08,1.1584399414062506e-16,9.156005859375005e-18,276,21,16,15,17/13/12/11/7/6/3/1/2/4/5/8/9/10/14/16,0,94,2,0.140137/0.324951/0.346924/0.393555/0.271729/0.332031/0.0922852/0.34668/0.265625/0.352783/0.500977/0.43457/0.376465/0.225098/0.787109/0.467285/0.486572/0.774414/0.774658/0.678223/0.783936/0/0/0/0/0/0/0/0/0/0/0/0/0/0/0/0/0/0/0/0/0/0/0/0/0/0/0/0/0/0/0/0/0/0/0/0/0/0/0/0/0/0/0/0/0/0/0/0/0/0/0/0/0/0/0/0/0/0/0/0/0/0/0/0/0/0/0/0/0/0/0/0/0/0/0/0/0/0/0/0/0/0/0/0/0/0/0/0/0/0/0/0/0/0/0/0/0/0/0/0/0/0/0/0/0/0/0/0/0/0/0/0/0/0/0/0/0/0/0/0/0/0/0/0/0/0/0/0/0/0/0/0/0/0/0/0/0/0/0/0/0/0/0/0/0/0/0/0/0/0/0/0/0/0/0/0/0/0/0/0/0/0/0/0/0/0/0/0/0/0/0/0/0/0/0/0/0/0/0/0/0/0/0/0/0/0/0/0/0/0/0/0/0/0/0/0/0/0/0/0/0/0/0/0/0/0/0/0/0/0/0/0/0/0/0/0/0/0/0/0/0/0/0/0/0/0/0/0/0/0/0/0/0/0/0/0/0/0/0/0/0/0/0/0/0/0/0/0/0/0/0/0/0/0/0,383.473/248.101/248.101/248.886/246.653/246.779/279.418/248.89/246.661/4092.51/4148.49/4146.27/4693.67/4219.78/4209.56/4198.68/4724.99/4209.56/4210.34/4210.35/2533.76/0/0/0/0/0/0/0/0/0/0/0/0/0/0/0/0/0/0/0/0/0/0/0/0/0/0/0/0/0/0/0/0/0/0/0/0/0/0/0/0/0/0/0/0/0/0/0/0/0/0/0/0/0/0/0/0/0/0/0/0/0/0/0/0/0/0/0/0/0/0/0/0/0/0/0/0/0/0/0/0/0/0/0/0/0/0/0/0/0/0/0/0/0/0/0/0/0/0/0/0/0/0/0/0/0/0/0/0/0/0/0/0/0/0/0/0/0/0/0/0/0/0/0/0/0/0/0/0/0/0/0/0/0/0/0/0/0/0/0/0/0/0/0/0/0/0/0/0/0/0/0/0/0/0/0/0/0/0/0/0/0/0/0/0/0/0/0/0/0/0/0/0/0/0/0/0/0/0/0/0/0/0/0/0/0/0/0/0/0/0/0/0/0/0/0/0/0/0/0/0/0/0/0/0/0/0/0/0/0/0/0/0/0/0/0/0/0/0/0/0/0/0/0/0/0/0/0/0/0/0/0/0/0/0/0/0/0/0/0/0/0/0/0/0/0/0/0/0/0/0/0/0/0/0/0,,,8202,1.8911289389225714e-11,3.203906250000001e-11,-1.8666912533576347e-06,0.9437057876911532,0,0.0,33382,7.221669481504833e-11,1.3039843750000005e-10,1.5450609248689918e-06,4.0925147718975e-06,6.187184335382292e-07,3.871356015226066e-06,1,1,nan,0.42947903830527556,23,17/13/12/11/10/14/20/16/17/7/6/3/15/1/2/4/5/8/9/10/14/19/16,22,3850.6,1.0,,,2.534639615812736e-09,,,,,,,,,,,,,,1,21876,51,522095514.8357801,172120777.0030357,3.033309074746809,2,-433587861.69529,-247114622.639226,-436942069.310445,-109233.623007,-20444633.888626,-482701.865541,-402013675.281925,-16747903.480819,11402,3684737.118393,16007063.01573,79282092.707073,92436532.250134,-175818273.495215,-165637779.354932,-1.063,1.1891,-0.2416,0.2847,0.0058,0.187,2.7996,0.3532,0.0116,0.4236,0.8038,0.5024,576,6566,18974,,,
680,6.1107996e-05,3550.84,5.141289118816265e-08,1.1590820312500005e-16,9.091796875000003e-18,276,21,16,15,17/13/12/11/7/6/3/1/2/4/5/8/9/10/14/16,0,107,3,0.140381/0.32251/0.346436/0.393311/0.270996/0.331055/0.0866699/0.345459/0.264404/0.352295/0.500244/0.433594/0.373535/0.210693/0.789307/0.439209/0.463623/0.779053/0.781738/0.672363/0.794922/0/0/0/0/0/0/0/0/0/0/0/0/0/0/0/0/0/0/0/0/0/0/0/0/0/0/0/0/0/0/0/0/0/0/0/0/0/0/0/0/0/0/0/0/0/0/0/0/0/0/0/0/0/0/0/0/0/0/0/0/0/0/0/0/0/0/0/0/0/0/0/0/0/0/0/0/0/0/0/0/0/0/0/0/0/0/0/0/0/0/0/0/0/0/0/0/0/0/0/0/0/0/0/0/0/0/0/0/0/0/0/0/0/0/0/0/0/0/0/0/0/0/0/0/0/0/0/0/0/0/0/0/0/0/0/0/0/0/0/0/0/0/0/0/0/0/0/0/0/0/0/0/0/0/0/0/0/0/0/0/0/0/0/0/0/0/0/0/0/0/0/0/0/0/0/0/0/0/0/0/0/0/0/0/0/0/0/0/0/0/0/0/0/0/0/0/0/0/0/0/0/0/0/0/0/0/0/0/0/0/0/0/0/0/0/0/0/0/0/0/0/0/0/0/0/0/0/0/0/0/0/0/0/0/0/0/0/0/0/0/0/0/0/0/0/0/0/0/0/0/0/0/0/0/0,383.482/248.101/248.101/248.886/246.664/246.779/279.418/248.89/246.661/4092.51/4148.49/4146.27/4693.67/4219.77/4209.55/4198.68/4724.98/4209.56/4210.34/4210.35/2533.76/0/0/0/0/0/0/0/0/0/0/0/0/0/0/0/0/0/0/0/0/0/0/0/0/0/0/0/0/0/0/0/0/0/0/0/0/0/0/0/0/0/0/0/0/0/0/0/0/0/0/0/0/0/0/0/0/0/0/0/0/0/0/0/0/0/0/0/0/0/0/0/0/0/0/0/0/0/0/0/0/0/0/0/0/0/0/0/0/0/0/0/0/0/0/0/0/0/0/0/0/0/0/0/0/0/0/0/0/0/0/0/0/0/0/0/0/0/0/0/0/0/0/0/0/0/0/0/0/0/0/0/0/0/0/0/0/0/0/0/0/0/0/0/0/0/0/0/0/0/0/0/0/0/0/0/0/0/0/0/0/0/0/0/0/0/0/0/0/0/0/0/0/0/0/0/0/0/0/0/0/0/0/0/0/0/0/0/0/0/0/0/0/0/0/0/0/0/0/0/0/0/0/0/0/0/0/0/0/0/0/0/0/0/0/0/0/0/0/0/0/0/0/0/0/0/0/0/0/0/0/0/0/0/0/0/0/0/0/0/0/0/0/0/0/0/0/0/0/0/0/0/0/0/0/0,,,8165,1.8818329095357236e-11,3.189453125000001e-11,-1.8643793661070817e-06,0.9806959837000007,0,0.0,33314,7.212818238865758e-11,1.3013281250000004e-10,1.5437017104883346e-06,4.0925147718975e-06,6.187184335382292e-07,3.871356015226066e-06,1,1,nan,0.42854961280948517,23,17/13/12/11/10/14/20/16/17/7/6/3/15/1/2/4/5/8/9/10/14/19/16,22,3852.5,1.0,,,2.5185769486806288e-09,,,,,,,,,,,,,,1,21533,52,520965660.1992396,171524377.50595406,3.0372689163740327,2,-426676421.053347,-240535762.612944,-438958169.367728,-109504.754182,-16385110.79479,-454848.986241,-398575561.822632,-13791000.815675,11437,5001011.678455,19096993.80609,60714156.569039,121324515.2723,-174392750.04536,-162389985.831023,-0.92,1.0399,-0.2232,0.273,0.0056,0.1832,2.4942,0.3379,0.0113,0.4156,0.8054,0.4957,563,6619,18636,,,
700,6.1107996e-05,3656.16,5.141289118816265e-08,1.1596801757812506e-16,9.031982421875004e-18,276,21,16,15,17/13/12/11/7/6/3/1/2/4/5/8/9/10/14/16,0,107,2,0.140381/0.320801/0.345703/0.393066/0.270508/0.330322/0.081543/0.343994/0.263672/0.351318/0.499023/0.432373/0.372314/0.200439/0.791504/0.410889/0.438965/0.783447/0.791016/0.667236/0.803467/0/0/0/0/0/0/0/0/0/0/0/0/0/0/0/0/0/0/0/0/0/0/0/0/0/0/0/0/0/0/0/0/0/0/0/0/0/0/0/0/0/0/0/0/0/0/0/0/0/0/0/0/0/0/0/0/0/0/0/0/0/0/0/0/0/0/0/0/0/0/0/0/0/0/0/0/0/0/0/0/0/0/0/0/0/0/0/0/0/0/0/0/0/0/0/0/0/0/0/0/0/0/0/0/0/0/0/0/0/0/0/0/0/0/0/0/0/0/0/0/0/0/0/0/0/0/0/0/0/0/0/0/0/0/0/0/0/0/0/0/0/0/0/0/0/0/0/0/0/0/0/0/0/0/0/0/0/0/0/0/0/0/0/0/0/0/0/0/0/0/0/0/0/0/0/0/0/0/0/0/0/0/0/0/0/0/0/0/0/0/0/0/0/0/0/0/0/0/0/0/0/0/0/0/0/0/0/0/0/0/0/0/0/0/0/0/0/0/0/0/0/0/0/0/0/0/0/0/0/0/0/0/0/0/0/0/0/0/0/0/0/0/0/0/0/0/0/0/0/0/0/0/0/0/0,383.482/248.101/248.099/248.886/246.664/246.779/279.418/248.89/246.661/4092.51/4148.49/4146.27/4693.67/4218.33/4209.55/4198.68/4721.32/4209.56/4210.34/4210.35/2533.76/0/0/0/0/0/0/0/0/0/0/0/0/0/0/0/0/0/0/0/0/0/0/0/0/0/0/0/0/0/0/0/0/0/0/0/0/0/0/0/0/0/0/0/0/0/0/0/0/0/0/0/0/0/0/0/0/0/0/0/0/0/0/0/0/0/0/0/0/0/0/0/0/0/0/0/0/0/0/0/0/0/0/0/0/0/0/0/0/0/0/0/0/0/0/0/0/0/0/0/0/0/0/0/0/0/0/0/0/0/0/0/0/0/0/0/0/0/0/0/0/0/0/0/0/0/0/0/0/0/0/0/0/0/0/0/0/0/0/0/0/0/0/0/0/0/0/0/0/0/0/0/0/0/0/0/0/0/0/0/0/0/0/0/0/0/0/0/0/0/0/0/0/0/0/0/0/0/0/0/0/0/0/0/0/0/0/0/0/0/0/0/0/0/0/0/0/0/0/0/0/0/0/0/0/0/0/0/0/0/0/0/0/0/0/0/0/0/0/0/0/0/0/0/0/0/0/0/0/0/0/0/0/0/0/0/0/0/0/0/0/0/0/0/0/0/0/0/0/0/0/0/0/0/0/0,1-2:0.371481/1-3:0.371481/2-4:1.49243/2-17:0.151584/3-6:1.63446/4-5:1.60003/4-13:0.0278332/4-17:0.243094/5-8:1.05122/5-13:0.0983746/5-17:0.00518499/6-7:1.28863/8-9:1.48469/8-11:0.0213296/8-12:0.178557/8-13:0.00864161/9-10:0.999514/9-11:0.127436/9-12:0.00691323/10-11:0.559269/10-14:1.44517/11-12:2.10736/12-13:1.62623/13-17:1.51508/14-16:0.00304708/20-21:0.347979,1-2:-28.483/1-3:-33.918/2-4:-24.555/2-17:-24.419/3-6:-37.853/4-5:-20.552/4-13:-20.337/4-17:-22.501/5-8:-16.605/5-13:-18.427/5-17:-19.949/6-7:-41.817/8-9:-12.611/8-11:-12.45/8-12:-14.018/8-13:-15.326/9-10:-8.6429/9-11:-10.182/9-12:-11.257/10-11:-10.159/10-14:-4.8839/11-12:-53.625/12-13:-56.667/13-17:-57.187/14-16:1.056/20-21:-0.037728,8146,1.8767028516039356e-11,3.1820312500000015e-11,-1.8647716545724613e-06,0.974419368253927,0,0.0,33166,7.186711789487478e-11,1.2955468750000005e-10,1.5434428638401337e-06,4.0925147718975e-06,6.187184335382292e-07,3.871356015226066e-06,1,1,nan,0.42768231303157644,24,17/13/12/11/10/14/19/20/16/17/7/6/3/15/1/2/4/5/8/9/10/14/19/16,23,3852.6,1.0,,,2.5035345469074704e-09,5,16/2/1/1/1,1/1/1/1/1,1,1,1/0/0/0/0/0/0/0/0/0/0/0,1.0,16/2/1/1/1,5789/4215/4210/4210/4210,6853/3799/5370/3799/6835,6983/4198/4243/663/4198,16/2/1/1/1,21/3/3/2/4,1,21223,42,519911328.5935552,171365747.43056884,3.0339279371112617,2,-431662779.145675,-234147494.444062,-440681975.325725,-99583.196849,-12483433.445732,-422610.349967,-395891571.667797,-10557322.059629,11369,4153614.661538,22084727.284415,54370118.3066,114891910.758543,-174693678.048996,-159381628.06867,-0.9317,1.0407,-0.2035,0.2607,0.0054,0.1741,2.6053,0.3225,0.011,0.3982,0.8057,0.4895,550,6723,18359,3315.1,618.7,405.4
720,7.1292662e-05,3846.96,4.875630719935003e-08,1.1396435546875006e-16,1.1035644531250004e-17,276,24,16,15,17/13/12/11/7/6/3/1/2/4/5/8/9/10/14/16,0,109,2,0.140137/0.321533/0.337891/0.392822/0.269043/0.32959/0.0776367/0.343262/0.262939/0.351074/0.497803/0.431396/0.370117/0.189941/0.800781/0.385254/0.417236/0.79834/0.625732/0.659668/0.783447/0.739014/0.766113/0/0/0/0/0/0/0/0/0/0/0/0/0/0/0/0/0/0/0/0/0/0/0/0/0/0/0/0/0/0/0/0/0/0/0/0/0/0/0/0/0/0/0/0/0/0/0/0/0/0/0/0/0/0/0/0/0/0/0/0/0/0/0/0/0/0/0/0/0/0.744873/0/0/0/0/0/0/0/0/0/0/0/0/0/0/0/0/0/0/0/0/0/0/0/0/0/0/0/0/0/0/0/0/0/0/0/0/0/0/0/0/0/0/0/0/0/0/0/0/0/0/0/0/0/0/0/0/0/0/0/0/0/0/0/0/0/0/0/0/0/0/0/0/0/0/0/0/0/0/0/0/0/0/0/0/0/0/0/0/0/0/0/0/0/0/0/0/0/0/0/0/0/0/0/0/0/0/0/0/0/0/0/0/0/0/0/0/0/0/0/0/0/0/0/0/0/0/0/0/0/0/0/0/0/0/0/0/0/0/0/0/0/0/0/0/0/0/0/0/0/0/0/0/0/0/0/0/0/0/0/0/0/0/0/0/0/0/0/0/0/0/0/0/0/0/0/0/0/0/0/0/0/0/0,383.482/248.101/346.504/248.886/246.664/246.779/279.418/248.89/246.661/4092.51/4148.49/4146.27/4659.46/4218.33/4209.55/4198.68/4721.32/4209.56/4209.56/4231.45/2541.76/8220.67/4703.1/0/0/0/0/0/0/0/0/0/0/0/0/0/0/0/0/0/0/0/0/0/0/0/0/0/0/0/0/0/0/0/0/0/0/0/0/0/0/0/0/0/0/0/0/0/0/0/0/0/0/0/0/0/0/0/0/0/0/0/0/0/0/0/0/0/0/0/0/0/6257.38/0/0/0/0/0/0/0/0/0/0/0/0/0/0/0/0/0/0/0/0/0/0/0/0/0/0/0/0/0/0/0/0/0/0/0/0/0/0/0/0/0/0/0/0/0/0/0/0/0/0/0/0/0/0/0/0/0/0/0/0/0/0/0/0/0/0/0/0/0/0/0/0/0/0/0/0/0/0/0/0/0/0/0/0/0/0/0/0/0/0/0/0/0/0/0/0/0/0/0/0/0/0/0/0/0/0/0/0/0/0/0/0/0/0/0/0/0/0/0/0/0/0/0/0/0/0/0/0/0/0/0/0/0/0/0/0/0/0/0/0/0/0/0/0/0/0/0/0/0/0/0/0/0/0/0/0/0/0/0/0/0/0/0/0/0/0/0/0/0/0/0/0/0/0/0/0/0/0/0/0/0/0/0,,,8350,1.9131471564869393e-11,3.2617187500000014e-11,-1.818805516905557e-06,1.7098775709243965,352,7.718922295311175e-13,40860,8.874121904854156e-11,1.5960937500000006e-10,1.5482433133916053e-06,4.147376467865219e-06,6.408155204503094e-07,3.9245287008137486e-06,1,1,nan,0.3997104294561394,26,22/17/13/12/11/93/20/16/17/7/6/3/15/1/22/2/4/5/8/9/10/14/21/16/93/22,21,4513.5,1.0,,,2.7912685461785624e-09,,,,,,,,,,,,,,1,32885,45,512382977.21903247,189962581.29235518,2.6972837162623495,2,-331291773.547676,-233322602.901931,-357426088.181576,-98017.539081,-263939.986913,-484621.820022,-320314951.591845,-1624275.803236,13772,25163308.969773,47228360.503385,169287502.94437,208960881.973868,-141458538.439786,-144173570.396496,-0.5771,1.1196,-0.1395,0.2573,0.0106,0.2118,2.31,0.3087,0.0082,0.4053,0.8113,0.5682,760,8620,22055,,,
740,8.1477328e-05,3958.93,4.6360773959283e-08,1.1397167968750005e-16,1.1028320312500006e-17,276,24,16,15,17/13/12/11/7/6/3/1/2/4/5/8/9/10/14/16,0,115,2,0.140137/0.320801/0.338135/0.392334/0.267822/0.327881/0.0756836/0.343018/0.260986/0.350342/0.498779/0.431885/0.370117/0.177979/0.813232/0.36499/0.398193/0.810059/0.633545/0.658447/0.801025/0.730957/0.767822/0/0/0/0/0/0/0/0/0/0/0/0/0/0/0/0/0/0/0/0/0/0/0/0/0/0/0/0/0/0/0/0/0/0/0/0/0/0/0/0/0/0/0/0/0/0/0/0/0/0/0/0/0/0/0/0/0/0/0/0/0/0/0/0/0/0/0/0/0/0.75415/0/0/0/0/0/0/0/0/0/0/0/0/0/0/0/0/0/0/0/0/0/0/0/0/0/0/0/0/0/0/0/0/0/0/0/0/0/0/0/0/0/0/0/0/0/0/0/0/0/0/0/0/0/0/0/0/0/0/0/0/0/0/0/0/0/0/0/0/0/0/0/0/0/0/0/0/0/0/0/0/0/0/0/0/0/0/0/0/0/0/0/0/0/0/0/0/0/0/0/0/0/0/0/0/0/0/0/0/0/0/0/0/0/0/0/0/0/0/0/0/0/0/0/0/0/0/0/0/0/0/0/0/0/0/0/0/0/0/0/0/0/0/0/0/0/0/0/0/0/0/0/0/0/0/0/0/0/0/0/0/0/0/0/0/0/0/0/0/0/0/0/0/0/0/0/0/0/0/0/0/0/0/0,383.482/248.101/346.504/248.886/246.664/246.779/279.418/248.89/246.661/4092.51/4148.49/4146.27/4659.46/4184.13/4209.55/4192.12/4721.32/4224.11/4224.1/4231.45/2543.2/8220.67/4703.1/0/0/0/0/0/0/0/0/0/0/0/0/0/0/0/0/0/0/0/0/0/0/0/0/0/0/0/0/0/0/0/0/0/0/0/0/0/0/0/0/0/0/0/0/0/0/0/0/0/0/0/0/0/0/0/0/0/0/0/0/0/0/0/0/0/0/0/0/0/6257.38/0/0/0/0/0/0/0/0/0/0/0/0/0/0/0/0/0/0/0/0/0/0/0/0/0/0/0/0/0/0/0/0/0/0/0/0/0/0/0/0/0/0/0/0/0/0/0/0/0/0/0/0/0/0/0/0/0/0/0/0/0/0/0/0/0/0/0/0/0/0/0/0/0/0/0/0/0/0/0/0/0/0/0/0/0/0/0/0/0/0/0/0/0/0/0/0/0/0/0/0/0/0/0/0/0/0/0/0/0/0/0/0/0/0/0/0/0/0/0/0/0/0/0/0/0/0/0/0/0/0/0/0/0/0/0/0/0/0/0/0/0/0/0/0/0/0/0/0/0/0/0/0/0/0/0/0/0/0/0/0/0/0/0/0/0/0/0/0/0/0/0/0/0/0/0/0/0/0/0/0/0/0/0,,,8323,1.9063706721170816e-11,3.251171875000001e-11,-1.822069705880803e-06,1.6576505473204581,361,7.80853156625226e-13,40918,8.90076277586157e-11,1.5983593750000006e-10,1.5483618725563004e-06,4.147376467865219e-06,6.408155204503094e-07,3.9245287008137486e-06,1,1,nan,0.3723750308662721,26,22/17/13/12/11/93/20/16/17/7/6/3/15/1/22/2/4/5/8/9/10/14/21/16/93/22,21,4515.1,1.0,,,2.7768191290535573e-09,,,,,,,,,,,,,,1,22160,51,502007137.5336018,192629404.35012603,2.606077401460196,2,-312514540.922561,-225872317.068559,-356809523.417349,-84796.020792,-75520.05121,-279355.596938,-308279399.414912,-311344.576251,13980,31189766.853632,58216423.265843,171844689.459731,181096883.608662,-142679976.116342,-142783152.44417,-0.4316,0.9974,-0.0794,0.2295,0.0074,0.1738,2.0811,0.2757,0.0071,0.4058,0.8168,0.5663,764,8689,21732,,,
760,8.1477328e-05,4055.76,4.6360773959283e-08,1.1395800781250005e-16,1.1041992187500005e-17,276,24,16,15,17/13/12/11/7/6/3/1/2/4/5/8/9/10/14/16,0,115,2,0.139893/0.321777/0.338135/0.392334/0.26709/0.326904/0.0722656/0.343262/0.260254/0.349609/0.498779/0.432129/0.368652/0.171387/0.82251/0.350342/0.378662/0.826416/0.641357/0.663086/0.816406/0.722412/0.771973/0/0/0/0/0/0/0/0/0/0/0/0/0/0/0/0/0/0/0/0/0/0/0/0/0/0/0/0/0/0/0/0/0/0/0/0/0/0/0/0/0/0/0/0/0/0/0/0/0/0/0/0/0/0/0/0/0/0/0/0/0/0/0/0/0/0/0/0/0/0.766357/0/0/0/0/0/0/0/0/0/0/0/0/0/0/0/0/0/0/0/0/0/0/0/0/0/0/0/0/0/0/0/0/0/0/0/0/0/0/0/0/0/0/0/0/0/0/0/0/0/0/0/0/0/0/0/0/0/0/0/0/0/0/0/0/0/0/0/0/0/0/0/0/0/0/0/0/0/0/0/0/0/0/0/0/0/0/0/0/0/0/0/0/0/0/0/0/0/0/0/0/0/0/0/0/0/0/0/0/0/0/0/0/0/0/0/0/0/0/0/0/0/0/0/0/0/0/0/0/0/0/0/0/0/0/0/0/0/0/0/0/0/0/0/0/0/0/0/0/0/0/0/0/0/0/0/0/0/0/0/0/0/0/0/0/0/0/0/0/0/0/0/0/0/0/0/0/0/0/0/0/0/0/0,383.482/248.101/346.504/248.886/246.664/246.779/279.418/248.89/246.661/4092.51/4148.49/4146.27/4659.46/4163.03/4224.1/4192.12/4721.32/4238.66/4224.1/4231.45/2543.2/8220.67/4703.1/0/0/0/0/0/0/0/0/0/0/0/0/0/0/0/0/0/0/0/0/0/0/0/0/0/0/0/0/0/0/0/0/0/0/0/0/0/0/0/0/0/0/0/0/0/0/0/0/0/0/0/0/0/0/0/0/0/0/0/0/0/0/0/0/0/0/0/0/0/6257.38/0/0/0/0/0/0/0/0/0/0/0/0/0/0/0/0/0/0/0/0/0/0/0/0/0/0/0/0/0/0/0/0/0/0/0/0/0/0/0/0/0/0/0/0/0/0/0/0/0/0/0/0/0/0/0/0/0/0/0/0/0/0/0/0/0/0/0/0/0/0/0/0/0/0/0/0/0/0/0/0/0/0/0/0/0/0/0/0/0/0/0/0/0/0/0/0/0/0/0/0/0/0/0/0/0/0/0/0/0/0/0/0/0/0/0/0/0/0/0/0/0/0/0/0/0/0/0/0/0/0/0/0/0/0/0/0/0/0/0/0/0/0/0/0/0/0/0/0/0/0/0/0/0/0/0/0/0/0/0/0/0/0/0/0/0/0/0/0/0/0/0/0/0/0/0/0/0/0/0/0/0/0/0,,,8309,1.9025003994799318e-11,3.2457031250000014e-11,-1.822231895610208e-06,1.6550555116499812,338,7.371461328735929e-13,40982,8.925011599812379e-11,1.6008593750000006e-10,1.5481229061752229e-06,4.147376467865219e-06,6.408155204503094e-07,3.9245287008137486e-06,1,1,nan,0.37181422186274116,26,22/17/13/12/11/93/20/16/17/7/6/3/15/1/22/2/4/5/8/9/10/14/21/16/93/22,21,4515.5,1.0,,,2.7679776428761546e-09,,,,,,,,,,,,,,1,21984,52,501251098.32788306,191561880.8419537,2.61665366890731,2,-334512608.673466,-219837905.276228,-354707597.403963,-78725.767897,-62777.600722,-249529.769989,-296974812.426581,-281826.54792,14254,27926002.818337,58965883.485481,126911539.616869,196148987.490328,-141607484.988632,-142058766.834637,-0.456,0.9087,-0.0659,0.2228,0.007,0.1663,1.9899,0.266,0.0069,0.4081,0.8204,0.5637,745,8727,21498,,,
780,9.1661994e-05,4163.3,4.4189615031262974e-08,1.1321337890625005e-16,1.1786621093750006e-17,276,25,17,15,94/17/13/12/11/7/6/3/1/2/4/5/8/9/10/14/16,0,117,2,0.139648/0.322021/0.338867/0.391846/0.266357/0.325684/0.0695801/0.343018/0.259766/0.348877/0.499756/0.431641/0.367432/0.164063/0.802246/0.332031/0.358643/0.84082/0.650391/0.667725/0.830322/0.707275/0.778809/0/0/0/0/0/0/0/0/0/0/0/0/0/0/0/0/0/0/0/0/0/0/0/0/0/0/0/0/0/0/0/0/0/0/0/0/0/0/0/0/0/0/0/0/0/0/0/0/0/0/0/0/0/0/0/0/0/0/0/0/0/0/0/0/0/0/0/0/0/0.779785/0.77002/0/0/0/0/0/0/0/0/0/0/0/0/0/0/0/0/0/0/0/0/0/0/0/0/0/0/0/0/0/0/0/0/0/0/0/0/0/0/0/0/0/0/0/0/0/0/0/0/0/0/0/0/0/0/0/0/0/0/0/0/0/0/0/0/0/0/0/0/0/0/0/0/0/0/0/0/0/0/0/0/0/0/0/0/0/0/0/0/0/0/0/0/0/0/0/0/0/0/0/0/0/0/0/0/0/0/0/0/0/0/0/0/0/0/0/0/0/0/0/0/0/0/0/0/0/0/0/0/0/0/0/0/0/0/0/0/0/0/0/0/0/0/0/0/0/0/0/0/0/0/0/0/0/0/0/0/0/0/0/0/0/0/0/0/0/0/0/0/0/0/0/0/0/0/0/0/0/0/0/0/0/0,383.482/248.101/346.504/248.886/246.664/246.779/279.418/248.89/246.661/4092.51/4148.49/4146.27/4659.46/4163.03/4224.11/4171.02/4721.32/4238.66/4238.65/4231.45/2543.2/6208.63/4709.65/0/0/0/0/0/0/0/0/0/0/0/0/0/0/0/0/0/0/0/0/0/0/0/0/0/0/0/0/0/0/0/0/0/0/0/0/0/0/0/0/0/0/0/0/0/0/0/0/0/0/0/0/0/0/0/0/0/0/0/0/0/0/0/0/0/0/0/0/0/6285.03/6257.38/0/0/0/0/0/0/0/0/0/0/0/0/0/0/0/0/0/0/0/0/0/0/0/0/0/0/0/0/0/0/0/0/0/0/0/0/0/0/0/0/0/0/0/0/0/0/0/0/0/0/0/0/0/0/0/0/0/0/0/0/0/0/0/0/0/0/0/0/0/0/0/0/0/0/0/0/0/0/0/0/0/0/0/0/0/0/0/0/0/0/0/0/0/0/0/0/0/0/0/0/0/0/0/0/0/0/0/0/0/0/0/0/0/0/0/0/0/0/0/0/0/0/0/0/0/0/0/0/0/0/0/0/0/0/0/0/0/0/0/0/0/0/0/0/0/0/0/0/0/0/0/0/0/0/0/0/0/0/0/0/0/0/0/0/0/0/0/0/0/0/0/0/0/0/0/0/0/0/0/0/0/0,,,8284,1.8960696023977994e-11,3.235937500000001e-11,-1.8228408619592689e-06,1.6453120500650058,666,1.4688752332742361e-12,43598,9.505321416130215e-11,1.7030468750000007e-10,1.54882658074235e-06,4.1484875376100214e-06,6.629126073623892e-07,3.977701386401431e-06,1,1,nan,0.46386593244842933,27,94/17/13/12/11/93/20/94/16/94/7/6/3/15/1/22/2/4/5/8/9/10/14/21/16/93/22,17,4458.6,1.0,,,2.8256699795862386e-09,,,,,,,,,,,,,,1,28220,54,656073169.1714454,213100526.12503865,3.078702718859026,1,-258866215.428557,-213465734.947728,-293310301.813942,-66218.655269,9794.120729,-180154.064058,-278278423.024332,-188242.729066,15287,42146653.371892,70130131.70919,181429008.491866,243405989.050763,-118332253.361663,-140122386.112131,-0.2632,0.9864,-0.022,0.2164,0.018,0.2006,1.8448,0.248,0.0058,0.448,0.8272,0.5845,866,9367,22741,,,
800,9.1661994e-05,4270.62,4.4189615031262974e-08,1.1314428710937505e-16,1.1855712890625006e-17,276,25,17,15,94/17/13/12/11/7/6/3/1/2/4/5/8/9/10/14/16,0,119,3,0.13916/0.322021/0.339111/0.391357/0.265625/0.325439/0.0681152/0.342285/0.259277/0.348389/0.499512/0.431152/0.366943/0.1604/0.818604/0.322266/0.344727/0.855957/0.658203/0.67334/0.841797/0.711426/0.787842/0/0/0/0/0/0/0/0/0/0/0/0/0/0/0/0/0/0/0/0/0/0/0/0/0/0/0/0/0/0/0/0/0/0/0/0/0/0/0/0/0/0/0/0/0/0/0/0/0/0/0/0/0/0/0/0/0/0/0/0/0/0/0/0/0/0/0/0/0/0.790527/0.792236/0/0/0/0/0/0/0/0/0/0/0/0/0/0/0/0/0/0/0/0/0/0/0/0/0/0/0/0/0/0/0/0/0/0/0/0/0/0/0/0/0/0/0/0/0/0/0/0/0/0/0/0/0/0/0/0/0/0/0/0/0/0/0/0/0/0/0/0/0/0/0/0/0/0/0/0/0/0/0/0/0/0/0/0/0/0/0/0/0/0/0/0/0/0/0/0/0/0/0/0/0/0/0/0/0/0/0/0/0/0/0/0/0/0/0/0/0/0/0/0/0/0/0/0/0/0/0/0/0/0/0/0/0/0/0/0/0/0/0/0/0/0/0/0/0/0/0/0/0/0/0/0/0/0/0/0/0/0/0/0/0/0/0/0/0/0/0/0/0/0/0/0/0/0/0/0/0/0/0/0/0/0,383.482/248.101/346.504/248.886/246.653/246.779/279.418/248.89/246.661/4092.51/4148.49/4146.27/4659.46/4163.03/4227.77/4171.02/4721.32/4238.66/4238.66/4259.1/2543.2/6208.63/4709.65/0/0/0/0/0/0/0/0/0/0/0/0/0/0/0/0/0/0/0/0/0/0/0/0/0/0/0/0/0/0/0/0/0/0/0/0/0/0/0/0/0/0/0/0/0/0/0/0/0/0/0/0/0/0/0/0/0/0/0/0/0/0/0/0/0/0/0/0/0/6285.03/6257.38/0/0/0/0/0/0/0/0/0/0/0/0/0/0/0/0/0/0/0/0/0/0/0/0/0/0/0/0/0/0/0/0/0/0/0/0/0/0/0/0/0/0/0/0/0/0/0/0/0/0/0/0/0/0/0/0/0/0/0/0/0/0/0/0/0/0/0/0/0/0/0/0/0/0/0/0/0/0/0/0/0/0/0/0/0/0/0/0/0/0/0/0/0/0/0/0/0/0/0/0/0/0/0/0/0/0/0/0/0/0/0/0/0/0/0/0/0/0/0/0/0/0/0/0/0/0/0/0/0/0/0/0/0/0/0/0/0/0/0/0/0/0/0/0/0/0/0/0/0/0/0/0/0/0/0/0/0/0/0/0/0/0/0/0/0/0/0/0/0/0/0/0/0/0/0/0/0/0/0/0/0/0,1-2:0.371481/1-3:0.371481/2-4:1.48633/2-17:0.143352/3-6:1.57493/3-22:0.0962367/4-5:1.58307/4-13:0.0278332/4-17:0.246551/5-8:1.04472/5-13:0.0966463/5-17:0.00518499/6-7:1.24902/6-22:0.0404311/8-9:1.46641/8-11:0.0213296/8-12:0.180285/8-13:0.00691323/9-10:0.986916/9-11:0.127436/9-12:0.00691323/10-11:0.559269/10-14:1.38951/11-12:2.10127/12-13:1.6049/13-17:1.47423/19-23:0.335561/20-21:0.325511,1-2:-28.483/1-3:-33.918/2-4:-24.554/2-17:-24.412/3-6:-37.86/3-22:-37.214/4-5:-20.552/4-13:-20.337/4-17:-22.526/5-8:-16.606/5-13:-18.346/5-17:-19.949/6-7:-41.822/6-22:-38.42/8-9:-12.612/8-11:-12.45/8-12:-13.973/8-13:-15.472/9-10:-8.6426/9-11:-10.182/9-12:-11.257/10-11:-10.159/10-14:-4.8847/11-12:-53.72/12-13:-56.492/13-17:-57.012/19-23:-0.010017/20-21:-0.096905,8271,1.892372141439155e-11,3.2308593750000013e-11,-1.823390515247484e-06,1.6365175974535644,696,1.5246815038884012e-12,43720,9.542759618524659e-11,1.7078125000000007e-10,1.5491768283761181e-06,4.1484875376100214e-06,7.071067811865487e-07,3.977701386401431e-06,1,1,nan,0.34636611815532736,27,94/17/13/12/11/93/20/94/16/94/7/6/3/15/1/22/2/4/5/8/9/10/14/21/16/93/22,17,4456.4,1.0,,,2.8214594144992773e-09,8,16/2/2/1/1/1/1/1,1/1/1/1/1/5/5/1,2,2,0.866498/0/0/0/0.133502/0/0/0/0/0/0/0,0.814533,16/2/2/1/1/1/1/1,7549/4259/4715/4239/4228/8372/6163/4171,8371/3799/3978/6865/5401/8192/6147/3707,6983/4287/4464/4331/4287/4110/4154/486,16/2/2/1/1/1/1/1,24/3/4/4/3/6/5/2,1,28301,52,489886195.41927814,206204423.78137448,2.37573077451856,2,-257725910.775048,-209449175.831668,-290114665.094715,-67737.095706,251927.775389,-177124.058743,-270307808.986194,-166759.99683,15674,38360411.883338,70911686.290916,344387421.645373,211528145.559573,-115038081.094277,-139299015.920948,-0.2765,0.9162,-0.0101,0.2081,0.0136,0.1854,1.6922,0.2401,0.0057,0.4385,0.8305,0.584,894,9400,22585,3164.8,618.7,419.1
820,9.1661994e-05,4445.55,4.4189615031262974e-08,1.1308837890625005e-16,1.1911621093750006e-17,276,25,17,15,94/17/13/12/11/7/6/3/1/2/4/5/8/9/10/14/16,0,119,3,0.13916/0.321289/0.338623/0.390137/0.265137/0.324707/0.0671387/0.342041/0.258301/0.347168/0.500488/0.431152/0.366211/0.154785/0.835693/0.309326/0.328857/0.866943/0.666748/0.676025/0.852051/0.715332/0.796631/0/0/0/0/0/0/0/0/0/0/0/0/0/0/0/0/0/0/0/0/0/0/0/0/0/0/0/0/0/0/0/0/0/0/0/0/0/0/0/0/0/0/0/0/0/0/0/0/0/0/0/0/0/0/0/0/0/0/0/0/0/0/0/0/0/0/0/0/0/0.802002/0.815674/0/0/0/0/0/0/0/0/0/0/0/0/0/0/0/0/0/0/0/0/0/0/0/0/0/0/0/0/0/0/0/0/0/0/0/0/0/0/0/0/0/0/0/0/0/0/0/0/0/0/0/0/0/0/0/0/0/0/0/0/0/0/0/0/0/0/0/0/0/0/0/0/0/0/0/0/0/0/0/0/0/0/0/0/0/0/0/0/0/0/0/0/0/0/0/0/0/0/0/0/0/0/0/0/0/0/0/0/0/0/0/0/0/0/0/0/0/0/0/0/0/0/0/0/0/0/0/0/0/0/0/0/0/0/0/0/0/0/0/0/0/0/0/0/0/0/0/0/0/0/0/0/0/0/0/0/0/0/0/0/0/0/0/0/0/0/0/0/0/0/0/0/0/0/0/0/0/0/0/0/0/0,383.482/248.101/346.504/248.886/246.653/246.779/279.418/248.89/246.661/4092.51/4148.49/4146.27/4659.46/4163.02/4245.21/4171.02/4721.32/4238.66/4238.66/4259.1/2543.2/6208.63/4709.65/0/0/0/0/0/0/0/0/0/0/0/0/0/0/0/0/0/0/0/0/0/0/0/0/0/0/0/0/0/0/0/0/0/0/0/0/0/0/0/0/0/0/0/0/0/0/0/0/0/0/0/0/0/0/0/0/0/0/0/0/0/0/0/0/0/0/0/0/0/6285.03/6257.38/0/0/0/0/0/0/0/0/0/0/0/0/0/0/0/0/0/0/0/0/0/0/0/0/0/0/0/0/0/0/0/0/0/0/0/0/0/0/0/0/0/0/0/0/0/0/0/0/0/0/0/0/0/0/0/0/0/0/0/0/0/0/0/0/0/0/0/0/0/0/0/0/0/0/0/0/0/0/0/0/0/0/0/0/0/0/0/0/0/0/0/0/0/0/0/0/0/0/0/0/0/0/0/0/0/0/0/0/0/0/0/0/0/0/0/0/0/0/0/0/0/0/0/0/0/0/0/0/0/0/0/0/0/0/0/0/0/0/0/0/0/0/0/0/0/0/0/0/0/0/0/0/0/0/0/0/0/0/0/0/0/0/0/0/0/0/0/0/0/0/0/0/0/0/0/0/0/0/0/0/0/0,,,8249,1.8867235589688504e-11,3.222265625000001e-11,-1.8247708309905264e-06,1.6144325455648851,713,1.5606564719399785e-12,43850,9.58289942959314e-11,1.7128906250000007e-10,1.549815043654848e-06,4.1484875376100214e-06,7.071067811865487e-07,3.977701386401431e-06,1,1,nan,0.3466635492317307,27,94/17/13/12/11/93/20/94/16/94/7/6/3/15/1/22/2/4/5/8/9/10/14/21/16/93/22,17,4454.0,1.0,,,2.8176358856749355e-09,,,,,,,,,,,,,,1,28367,51,490306869.87552893,204187309.09902063,2.4012602548072888,2,-249414459.795877,-206557376.435817,-286672842.882394,-63514.476015,3408483.404086,-173181.265029,-263450441.442361,-150047.924859,15973,42075105.921026,72378175.263423,377153574.95909,186292348.796124,-112353484.486129,-137334977.069221,-0.2141,0.8713,-0.0004,0.203,0.0094,0.179,1.5987,0.233,0.0057,0.4471,0.8321,0.5837,908,9447,22459,,,
840,9.1661994e-05,4539.5,4.4189615031262974e-08,1.1304345703125005e-16,1.1956542968750006e-17,276,25,18,16,94/17/13/12/11/7/6/3/1/2/4/5/8/9/10/14/20/16,0,129,3,0.138916/0.320313/0.338867/0.389404/0.263672/0.322998/0.0649414/0.341553/0.257324/0.347168/0.499512/0.430908/0.365967/0.148926/0.847412/0.295654/0.314941/0.880859/0.678955/0.678223/0.86499/0.718262/0.802002/0/0/0/0/0/0/0/0/0/0/0/0/0/0/0/0/0/0/0/0/0/0/0/0/0/0/0/0/0/0/0/0/0/0/0/0/0/0/0/0/0/0/0/0/0/0/0/0/0/0/0/0/0/0/0/0/0/0/0/0/0/0/0/0/0/0/0/0/0/0.813965/0.830811/0/0/0/0/0/0/0/0/0/0/0/0/0/0/0/0/0/0/0/0/0/0/0/0/0/0/0/0/0/0/0/0/0/0/0/0/0/0/0/0/0/0/0/0/0/0/0/0/0/0/0/0/0/0/0/0/0/0/0/0/0/0/0/0/0/0/0/0/0/0/0/0/0/0/0/0/0/0/0/0/0/0/0/0/0/0/0/0/0/0/0/0/0/0/0/0/0/0/0/0/0/0/0/0/0/0/0/0/0/0/0/0/0/0/0/0/0/0/0/0/0/0/0/0/0/0/0/0/0/0/0/0/0/0/0/0/0/0/0/0/0/0/0/0/0/0/0/0/0/0/0/0/0/0/0/0/0/0/0/0/0/0/0/0/0/0/0/0/0/0/0/0/0/0/0/0/0/0/0/0/0/0,383.482/248.101/346.504/248.886/246.653/246.779/279.418/248.89/246.661/4092.51/4148.49/4146.27/4659.46/4137.6/4245.21/4164.47/4721.32/4238.66/4238.66/4259.1/2543.2/6208.63/4709.65/0/0/0/0/0/0/0/0/0/0/0/0/0/0/0/0/0/0/0/0/0/0/0/0/0/0/0/0/0/0/0/0/0/0/0/0/0/0/0/0/0/0/0/0/0/0/0/0/0/0/0/0/0/0/0/0/0/0/0/0/0/0/0/0/0/0/0/0/0/6285.03/6257.38/0/0/0/0/0/0/0/0/0/0/0/0/0/0/0/0/0/0/0/0/0/0/0/0/0/0/0/0/0/0/0/0/0/0/0/0/0/0/0/0/0/0/0/0/0/0/0/0/0/0/0/0/0/0/0/0/0/0/0/0/0/0/0/0/0/0/0/0/0/0/0/0/0/0/0/0/0/0/0/0/0/0/0/0/0/0/0/0/0/0/0/0/0/0/0/0/0/0/0/0/0/0/0/0/0/0/0/0/0/0/0/0/0/0/0/0/0/0/0/0/0/0/0/0/0/0/0/0/0/0/0/0/0/0/0/0/0/0/0/0/0/0/0/0/0/0/0/0/0/0/0/0/0/0/0/0/0/0/0/0/0/0/0/0/0/0/0/0/0/0/0/0/0/0/0/0/0/0/0/0/0/0,,,8235,1.8824576233603037e-11,3.2167968750000015e-11,-1.8235405472299542e-06,1.6341170857340404,730,1.5992692357546809e-12,44044,9.636737699873081e-11,1.7204687500000005e-10,1.5501626736896178e-06,4.146265398120417e-06,7.071067811865487e-07,3.977701386401431e-06,1,1,nan,0.3463442096290696,27,94/17/13/12/11/93/20/94/16/94/7/6/3/15/1/22/2/4/5/8/9/10/14/21/16/93/22,17,4453.5,1.0,,,2.814321111610162e-09,,,,,,,,,,,,,,1,31975,54,489855208.8879372,203214028.335243,2.4105383516133103,2,-252261855.893484,-204747074.709646,-282362241.107671,-68191.869624,5294444.630086,-168544.773697,-255649886.722793,-135382.410182,16306,41254960.521747,72435288.392442,367578928.24204,226046632.107605,-109102114.306491,-137756003.66752,-0.2817,0.89,0.0045,0.1978,0.0092,0.1709,1.6437,0.2269,0.0055,0.4558,0.8323,0.5818,939,9364,22348,,,
860,9.1661994e-05,4643.19,4.4189615031262974e-08,1.1301245117187505e-16,1.1987548828125005e-17,276,25,18,16,94/17/13/12/11/7/6/3/1/2/4/5/8/9/10/14/20/16,0,131,3,0.138916/0.319092/0.338623/0.38916/0.262939/0.322754/0.0637207/0.341553/0.256836/0.346436/0.499512/0.43042/0.364746/0.141846/0.858643/0.281738/0.301514/0.893555/0.686035/0.679443/0.878174/0.717529/0.807617/0/0/0/0/0/0/0/0/0/0/0/0/0/0/0/0/0/0/0/0/0/0/0/0/0/0/0/0/0/0/0/0/0/0/0/0/0/0/0/0/0/0/0/0/0/0/0/0/0/0/0/0/0/0/0/0/0/0/0/0/0/0/0/0/0/0/0/0/0/0.82251/0.844238/0/0/0/0/0/0/0/0/0/0/0/0/0/0/0/0/0/0/0/0/0/0/0/0/0/0/0/0/0/0/0/0/0/0/0/0/0/0/0/0/0/0/0/0/0/0/0/0/0/0/0/0/0/0/0/0/0/0/0/0/0/0/0/0/0/0/0/0/0/0/0/0/0/0/0/0/0/0/0/0/0/0/0/0/0/0/0/0/0/0/0/0/0/0/0/0/0/0/0/0/0/0/0/0/0/0/0/0/0/0/0/0/0/0/0/0/0/0/0/0/0/0/0/0/0/0/0/0/0/0/0/0/0/0/0/0/0/0/0/0/0/0/0/0/0/0/0/0/0/0/0/0/0/0/0/0/0/0/0/0/0/0/0/0/0/0/0/0/0/0/0/0/0/0/0/0/0/0/0/0/0/0,383.482/248.101/346.504/248.886/246.653/246.779/279.418/248.89/246.661/4092.51/4148.49/4146.27/4659.46/4137.6/4245.21/4164.47/4732.98/4238.66/4238.66/4259.1/2549.75/6208.63/4709.65/0/0/0/0/0/0/0/0/0/0/0/0/0/0/0/0/0/0/0/0/0/0/0/0/0/0/0/0/0/0/0/0/0/0/0/0/0/0/0/0/0/0/0/0/0/0/0/0/0/0/0/0/0/0/0/0/0/0/0/0/0/0/0/0/0/0/0/0/0/6285.03/6257.38/0/0/0/0/0/0/0/0/0/0/0/0/0/0/0/0/0/0/0/0/0/0/0/0/0/0/0/0/0/0/0/0/0/0/0/0/0/0/0/0/0/0/0/0/0/0/0/0/0/0/0/0/0/0/0/0/0/0/0/0/0/0/0/0/0/0/0/0/0/0/0/0/0/0/0/0/0/0/0/0/0/0/0/0/0/0/0/0/0/0/0/0/0/0/0/0/0/0/0/0/0/0/0/0/0/0/0/0/0/0/0/0/0/0/0/0/0/0/0/0/0/0/0/0/0/0/0/0/0/0/0/0/0/0/0/0/0/0/0/0/0/0/0/0/0/0/0/0/0/0/0/0/0/0/0/0/0/0/0/0/0/0/0/0/0/0/0/0/0/0/0/0/0/0/0/0/0/0/0/0/0/0,,,8218,1.8779369811479816e-11,3.210156250000001e-11,-1.8227183731233818e-06,1.6472718714391994,733,1.6018170689610113e-12,44192,9.679460868869462e-11,1.7262500000000006e-10,1.5499818308469022e-06,4.146265398120417e-06,7.513009550107079e-07,3.977701386401431e-06,1,1,nan,0.34596513167157666,27,94/17/13/12/11/93/20/94/16/94/7/6/3/15/1/22/2/4/5/8/9/10/14/21/16/93/22,17,4453.0,1.0,,,2.810941957397236e-09,,,,,,,,,,,,,,1,32010,60,489319056.39313614,203919101.82808262,2.399574399879736,2,-248206596.15673,-203147385.403878,-279673003.582029,-68842.015646,6739373.811282,-159337.578656,-249722021.877306,-121302.134831,16600,42004014.856366,72337873.828073,358602606.262259,210061007.052953,-112190783.345793,-137179905.182132,-0.2578,0.9053,0.0145,0.1876,0.0083,0.1709,1.6266,0.2189,0.0055,0.4631,0.8304,0.5829,948,9264,22285,,,
880,0.00010184666,4756.84,4.2212717110801314e-08,1.1295434570312506e-16,1.2045654296875006e-17,276,25,18,16,94/17/13/12/11/7/6/3/1/2/4/5/8/9/10/14/20/16,0,129,3,0.138916/0.319092/0.339355/0.388916/0.262451/0.32251/0.0622559/0.340576/0.256348/0.345703/0.499268/0.430908/0.364258/0.13623/0.870117/0.272461/0.287842/0.908447/0.696045/0.683105/0.88916/0.721436/0.813477/0/0/0/0/0/0/0/0/0/0/0/0/0/0/0/0/0/0/0/0/0/0/0/0/0/0/0/0/0/0/0/0/0/0/0/0/0/0/0/0/0/0/0/0/0/0/0/0/0/0/0/0/0/0/0/0/0/0/0/0/0/0/0/0/0/0/0/0/0/0.837891/0.858887/0/0/0/0/0/0/0/0/0/0/0/0/0/0/0/0/0/0/0/0/0/0/0/0/0/0/0/0/0/0/0/0/0/0/0/0/0/0/0/0/0/0/0/0/0/0/0/0/0/0/0/0/0/0/0/0/0/0/0/0/0/0/0/0/0/0/0/0/0/0/0/0/0/0/0/0/0/0/0/0/0/0/0/0/0/0/0/0/0/0/0/0/0/0/0/0/0/0/0/0/0/0/0/0/0/0/0/0/0/0/0/0/0/0/0/0/0/0/0/0/0/0/0/0/0/0/0/0/0/0/0/0/0/0/0/0/0/0/0/0/0/0/0/0/0/0/0/0/0/0/0/0/0/0/0/0/0/0/0/0/0/0/0/0/0/0/0/0/0/0/0/0/0/0/0/0/0/0/0/0/0/0,383.482/248.101/346.504/248.886/246.653/246.779/279.418/248.886/246.661/4092.51/4148.49/4222.01/4659.46/4137.6/4245.21/4164.47/4732.98/4238.66/4238.66/4259.1/2549.75/6208.63/4709.65/0/0/0/0/0/0/0/0/0/0/0/0/0/0/0/0/0/0/0/0/0/0/0/0/0/0/0/0/0/0/0/0/0/0/0/0/0/0/0/0/0/0/0/0/0/0/0/0/0/0/0/0/0/0/0/0/0/0/0/0/0/0/0/0/0/0/0/0/0/6285.03/6257.38/0/0/0/0/0/0/0/0/0/0/0/0/0/0/0/0/0/0/0/0/0/0/0/0/0/0/0/0/0/0/0/0/0/0/0/0/0/0/0/0/0/0/0/0/0/0/0/0/0/0/0/0/0/0/0/0/0/0/0/0/0/0/0/0/0/0/0/0/0/0/0/0/0/0/0/0/0/0/0/0/0/0/0/0/0/0/0/0/0/0/0/0/0/0/0/0/0/0/0/0/0/0/0/0/0/0/0/0/0/0/0/0/0/0/0/0/0/0/0/0/0/0/0/0/0/0/0/0/0/0/0/0/0/0/0/0/0/0/0/0/0/0/0/0/0/0/0/0/0/0/0/0/0/0/0/0/0/0/0/0/0/0/0/0/0/0/0/0/0/0/0/0/0/0/0/0/0/0/0/0/0/0,,,8216,1.8769319024571185e-11,3.2093750000000015e-11,-1.8226056079282304e-06,1.649076114561621,740,1.6205098462706308e-12,44388,9.733117228926076e-11,1.7339062500000008e-10,1.5503321084071181e-06,4.1484875376100214e-06,7.513009550107079e-07,3.871356015226066e-06,1,1,nan,0.3235689458556681,27,94/17/13/12/11/93/20/94/16/94/7/6/3/15/1/22/2/4/5/8/9/10/14/21/16/93/22,17,4451.6,1.0,,,2.809964350321462e-09,,,,,,,,,,,,,,1,32087,63,479075039.46967244,212848631.6769966,2.25077810317654,2,-245428173.227256,-202674330.521958,-277013724.380791,-59763.824605,17185899.490278,-93838.081066,-243563030.805726,-72379.081295,16958,46449803.690368,81528698.578832,347696321.227516,208415618.375642,-117953114.584429,-137853586.591614,-0.1031,0.8479,0.0459,0.1887,0.0076,0.1651,1.5816,0.2186,0.0052,0.456,0.8291,0.5837,943,9164,22260,,,
900,0.00010184666,4870.0,4.2212717110801314e-08,1.1290869140625006e-16,1.2091308593750006e-17,276,25,18,16,94/17/13/12/11/7/6/3/1/2/4/5/8/9/10/14/20/16,0,132,2,0.137939/0.319336/0.339111/0.388672/0.262207/0.322021/0.0612793/0.339844/0.255615/0.344971/0.499023/0.431396/0.363037/0.129639/0.881104/0.262207/0.27417/0.920898/0.706055/0.689697/0.900146/0.724121/0.818115/0/0/0/0/0/0/0/0/0/0/0/0/0/0/0/0/0/0/0/0/0/0/0/0/0/0/0/0/0/0/0/0/0/0/0/0/0/0/0/0/0/0/0/0/0/0/0/0/0/0/0/0/0/0/0/0/0/0/0/0/0/0/0/0/0/0/0/0/0/0.849854/0.87085/0/0/0/0/0/0/0/0/0/0/0/0/0/0/0/0/0/0/0/0/0/0/0/0/0/0/0/0/0/0/0/0/0/0/0/0/0/0/0/0/0/0/0/0/0/0/0/0/0/0/0/0/0/0/0/0/0/0/0/0/0/0/0/0/0/0/0/0/0/0/0/0/0/0/0/0/0/0/0/0/0/0/0/0/0/0/0/0/0/0/0/0/0/0/0/0/0/0/0/0/0/0/0/0/0/0/0/0/0/0/0/0/0/0/0/0/0/0/0/0/0/0/0/0/0/0/0/0/0/0/0/0/0/0/0/0/0/0/0/0/0/0/0/0/0/0/0/0/0/0/0/0/0/0/0/0/0/0/0/0/0/0/0/0/0/0/0/0/0/0/0/0/0/0/0/0/0/0/0/0/0/0,383.482/248.101/347.949/248.886/246.653/246.779/279.418/248.886/246.661/4092.51/4148.49/4222.01/4659.46/4137.6/4245.21/4164.47/4732.98/4238.66/4238.66/4259.1/2549.75/6208.63/4709.65/0/0/0/0/0/0/0/0/0/0/0/0/0/0/0/0/0/0/0/0/0/0/0/0/0/0/0/0/0/0/0/0/0/0/0/0/0/0/0/0/0/0/0/0/0/0/0/0/0/0/0/0/0/0/0/0/0/0/0/0/0/0/0/0/0/0/0/0/0/6312.68/6257.38/0/0/0/0/0/0/0/0/0/0/0/0/0/0/0/0/0/0/0/0/0/0/0/0/0/0/0/0/0/0/0/0/0/0/0/0/0/0/0/0/0/0/0/0/0/0/0/0/0/0/0/0/0/0/0/0/0/0/0/0/0/0/0/0/0/0/0/0/0/0/0/0/0/0/0/0/0/0/0/0/0/0/0/0/0/0/0/0/0/0/0/0/0/0/0/0/0/0/0/0/0/0/0/0/0/0/0/0/0/0/0/0/0/0/0/0/0/0/0/0/0/0/0/0/0/0/0/0/0/0/0/0/0/0/0/0/0/0/0/0/0/0/0/0/0/0/0/0/0/0/0/0/0/0/0/0/0/0/0/0/0/0/0/0/0/0/0/0/0/0/0/0/0/0/0/0/0/0/0/0/0/0,1-2:0.371481/1-3:0.371481/2-4:1.46987/2-17:0.141623/3-6:1.55624/3-22:0.0880047/4-5:1.56611/4-13:0.0278332/4-17:0.246551/5-8:1.03822/5-13:0.0966463/5-17:0.00518499/6-7:1.21246/6-22:0.037384/8-9:1.45118/8-11:0.0213296/8-12:0.183742/8-13:0.00691323/9-10:0.970452/9-11:0.121342/9-12:0.00691323/10-11:0.556631/10-14:1.33343/11-12:2.09476/12-13:1.60663/13-17:1.43298/18-22:0.0241962/19-23:0.330376/20-21:0.338928,1-2:-28.483/1-3:-33.915/2-4:-24.557/2-17:-24.412/3-6:-37.859/3-22:-37.254/4-5:-20.553/4-13:-20.337/4-17:-22.526/5-8:-16.606/5-13:-18.346/5-17:-19.949/6-7:-41.824/6-22:-38.404/8-9:-12.612/8-11:-12.45/8-12:-13.943/8-13:-15.472/9-10:-8.6401/9-11:-10.182/9-12:-11.257/10-11:-10.118/10-14:-4.8929/11-12:-53.634/12-13:-56.617/13-17:-57.104/18-22:-10.505/19-23:-0.030796/20-21:-0.13821,8194,1.870887695373846e-11,3.2007812500000015e-11,-1.8208112198163938e-06,1.677786324351007,741,1.6235566691451002e-12,44566,9.77917930134872e-11,1.7408593750000007e-10,1.5506042235540646e-06,4.1484875376100214e-06,7.513009550107079e-07,3.871356015226066e-06,1,1,nan,0.32313081341680794,26,94/17/13/12/11/93/20/94/7/6/3/15/1/22/2/4/5/8/9/10/14/94/21/16/93/22,16,4449.5,1.0,,,2.809638973241838e-09,7,17/2/2/1/1/1/1,1/1/1/1/5/5/1,2,2,0.857691/0/0/0/0.142309/0/0/0/0/0/0/0,0.803063,17/2/2/1/1/1/1,7561/4259/4715/4245/8341/6253/4164,8401/3799/4008/5432/8164/6202/3707,6983/4375/4508/4375/4154/4198/530,17/2/2/1/1/1/1,27/3/6/3/6/5/2,1,32129,66,478426342.1267157,211831322.77355176,2.2585250182200616,3,-244524685.179767,-202253369.627154,-275040326.221539,-59294.013508,17437697.786841,-90531.841009,-237380780.32862,-59548.30497,17283,46938457.453864,80135323.220196,215369504.294839,198285489.59795,-118001288.720953,-139339242.256398,-0.1069,0.84,0.0484,0.1821,0.0078,0.1631,1.5992,0.2133,0.0051,0.4506,0.8295,0.5844,941,9034,22256,3167.9,618.7,438.4
920,0.00010184666,5047.34,4.2212717110801314e-08,1.1285937500000006e-16,1.2140625000000005e-17,276,25,18,16,94/17/13/12/11/7/6/3/1/2/4/5/8/9/10/14/20/16,0,131,2,0.137939/0.319824/0.339355/0.388672/0.261963/0.321533/0.0605469/0.339355/0.254395/0.344971/0.500488/0.430908/0.362793/0.123291/0.889893/0.252686/0.261719/0.93335/0.713623/0.694092/0.908936/0.72583/0.82666/0/0/0/0/0/0/0/0/0/0/0/0/0/0/0/0/0/0/0/0/0/0/0/0/0/0/0/0/0/0/0/0/0/0/0/0/0/0/0/0/0/0/0/0/0/0/0/0/0/0/0/0/0/0/0/0/0/0/0/0/0/0/0/0/0/0/0/0/0/0.862061/0.885742/0/0/0/0/0/0/0/0/0/0/0/0/0/0/0/0/0/0/0/0/0/0/0/0/0/0/0/0/0/0/0/0/0/0/0/0/0/0/0/0/0/0/0/0/0/0/0/0/0/0/0/0/0/0/0/0/0/0/0/0/0/0/0/0/0/0/0/0/0/0/0/0/0/0/0/0/0/0/0/0/0/0/0/0/0/0/0/0/0/0/0/0/0/0/0/0/0/0/0/0/0/0/0/0/0/0/0/0/0/0/0/0/0/0/0/0/0/0/0/0/0/0/0/0/0/0/0/0/0/0/0/0/0/0/0/0/0/0/0/0/0/0/0/0/0/0/0/0/0/0/0/0/0/0/0/0/0/0/0/0/0/0/0/0/0/0/0/0/0/0/0/0/0/0/0/0/0/0/0/0/0/0,383.482/248.101/347.949/248.886/246.653/246.779/279.418/248.886/246.661/4092.51/4148.49/4222.01/4659.46/4137.6/4245.21/4155.03/4732.98/4238.66/4238.66/4259.1/2549.75/6208.63/4709.65/0/0/0/0/0/0/0/0/0/0/0/0/0/0/0/0/0/0/0/0/0/0/0/0/0/0/0/0/0/0/0/0/0/0/0/0/0/0/0/0/0/0/0/0/0/0/0/0/0/0/0/0/0/0/0/0/0/0/0/0/0/0/0/0/0/0/0/0/0/6312.68/6257.38/0/0/0/0/0/0/0/0/0/0/0/0/0/0/0/0/0/0/0/0/0/0/0/0/0/0/0/0/0/0/0/0/0/0/0/0/0/0/0/0/0/0/0/0/0/0/0/0/0/0/0/0/0/0/0/0/0/0/0/0/0/0/0/0/0/0/0/0/0/0/0/0/0/0/0/0/0/0/0/0/0/0/0/0/0/0/0/0/0/0/0/0/0/0/0/0/0/0/0/0/0/0/0/0/0/0/0/0/0/0/0/0/0/0/0/0/0/0/0/0/0/0/0/0/0/0/0/0/0/0/0/0/0/0/0/0/0/0/0/0/0/0/0/0/0/0/0/0/0/0/0/0/0/0/0/0/0/0/0/0/0/0/0/0/0/0/0/0/0/0/0/0/0/0/0/0/0/0/0/0/0/0,,,8190,1.8687457057416068e-11,3.199218750000001e-11,-1.8199348472327918e-06,1.6918082856886392,756,1.6521194132197514e-12,44704,9.816745436432416e-11,1.7462500000000006e-10,1.5500819927884908e-06,4.1484875376100214e-06,7.513009550107079e-07,3.871356015226066e-06,1,1,nan,0.32264749653535074,26,94/17/13/12/11/93/20/94/7/6/3/15/1/22/2/4/5/8/9/10/14/94/21/16/93/22,16,4447.0,1.0,,,2.8092128324045876e-09,,,,,,,,,,,,,,1,32201,62,477710744.8574903,212395241.4480023,2.2491593578118905,3,-245113855.325812,-201656538.76936,-272487268.628447,-60369.612938,18012108.615819,-88948.461335,-232882755.360723,-49230.820834,17691,48654618.725252,79015095.364772,207489719.764343,209017339.710029,-119024351.219638,-139735156.555125,-0.1001,0.8395,0.0516,0.1764,0.0076,0.162,1.625,0.2081,0.0051,0.4537,0.8277,0.5847,939,8835,22264,,,
940,0.00010184666,5147.74,4.2212717110801314e-08,1.1280590820312506e-16,1.2194091796875005e-17,276,25,17,15,94/17/13/12/11/6/3/1/2/4/5/8/9/10/14/20/16,0,133,2,0.137695/0.321045/0.340088/0.388428/0.261719/0.320557/0.0593262/0.338867/0.253906/0.344238/0.500488/0.43042/0.362549/0.120117/0.901367/0.241943/0.246582/0.950928/0.722168/0.697266/0.918701/0.727295/0.83374/0/0/0/0/0/0/0/0/0/0/0/0/0/0/0/0/0/0/0/0/0/0/0/0/0/0/0/0/0/0/0/0/0/0/0/0/0/0/0/0/0/0/0/0/0/0/0/0/0/0/0/0/0/0/0/0/0/0/0/0/0/0/0/0/0/0/0/0/0/0.875/0.899658/0/0/0/0/0/0/0/0/0/0/0/0/0/0/0/0/0/0/0/0/0/0/0/0/0/0/0/0/0/0/0/0/0/0/0/0/0/0/0/0/0/0/0/0/0/0/0/0/0/0/0/0/0/0/0/0/0/0/0/0/0/0/0/0/0/0/0/0/0/0/0/0/0/0/0/0/0/0/0/0/0/0/0/0/0/0/0/0/0/0/0/0/0/0/0/0/0/0/0/0/0/0/0/0/0/0/0/0/0/0/0/0/0/0/0/0/0/0/0/0/0/0/0/0/0/0/0/0/0/0/0/0/0/0/0/0/0/0/0/0/0/0/0/0/0/0/0/0/0/0/0/0/0/0/0/0/0/0/0/0/0/0/0/0/0/0/0/0/0/0/0/0/0/0/0/0/0/0/0/0/0/0,383.482/258.226/347.949/248.886/246.653/246.779/279.418/248.886/246.661/4092.51/4148.49/4222.01/4659.46/4137.6/4245.21/4155.03/4732.98/4238.66/4238.66/4259.1/2549.75/6208.63/4709.65/0/0/0/0/0/0/0/0/0/0/0/0/0/0/0/0/0/0/0/0/0/0/0/0/0/0/0/0/0/0/0/0/0/0/0/0/0/0/0/0/0/0/0/0/0/0/0/0/0/0/0/0/0/0/0/0/0/0/0/0/0/0/0/0/0/0/0/0/0/6312.68/6257.38/0/0/0/0/0/0/0/0/0/0/0/0/0/0/0/0/0/0/0/0/0/0/0/0/0/0/0/0/0/0/0/0/0/0/0/0/0/0/0/0/0/0/0/0/0/0/0/0/0/0/0/0/0/0/0/0/0/0/0/0/0/0/0/0/0/0/0/0/0/0/0/0/0/0/0/0/0/0/0/0/0/0/0/0/0/0/0/0/0/0/0/0/0/0/0/0/0/0/0/0/0/0/0/0/0/0/0/0/0/0/0/0/0/0/0/0/0/0/0/0/0/0/0/0/0/0/0/0/0/0/0/0/0/0/0/0/0/0/0/0/0/0/0/0/0/0/0/0/0/0/0/0/0/0/0/0/0/0/0/0/0/0/0/0/0/0/0/0/0/0/0/0/0/0/0/0/0/0/0/0/0/0,,,8183,1.8664808289699627e-11,3.196484375000001e-11,-1.8193349365298146e-06,1.7014068569362732,765,1.672949590148627e-12,44920,9.868847535081927e-11,1.7546875000000006e-10,1.5505172957162263e-06,4.1484875376100214e-06,7.513009550107079e-07,3.871356015226066e-06,1,1,nan,0.32536561158572286,26,94/17/13/12/11/93/20/94/7/6/3/15/1/22/2/4/5/8/9/10/14/94/21/16/93/22,16,4443.9,1.0,,,2.8096086011729203e-09,,,,,,,,,,,,,,1,32276,63,481735176.4097722,213047058.83997118,2.2611679270898746,2,-240358511.000562,-202184775.523077,-270211288.84594,-58033.453608,17518422.947321,-86567.953592,-227432091.663611,-23572.826789,18069,47809332.852704,78616287.547274,207230745.615649,222965784.002523,-111134240.612638,-140287019.977686,-0.1149,0.8163,0.0514,0.1722,0.0073,0.1601,1.5436,0.2037,0.005,0.451,0.8244,0.5849,938,8667,22262,,,
960,0.00010184666,5244.24,4.2212717110801314e-08,1.1275317382812504e-16,1.2246826171875005e-17,276,25,16,15,17/13/12/11/6/3/1/2/4/5/8/9/10/14/20/16,0,135,2,0.137207/0.320313/0.340576/0.388184/0.261719/0.320557/0.0588379/0.338623/0.253174/0.343506/0.500977/0.430664/0.361572/0.117432/0.909668/0.233643/0.238037/0.964111/0.730225/0.700684/0.927979/0.733154/0.840332/0/0/0/0/0/0/0/0/0/0/0/0/0/0/0/0/0/0/0/0/0/0/0/0/0/0/0/0/0/0/0/0/0/0/0/0/0/0/0/0/0/0/0/0/0/0/0/0/0/0/0/0/0/0/0/0/0/0/0/0/0/0/0/0/0/0/0/0/0/0.886475/0.90918/0/0/0/0/0/0/0/0/0/0/0/0/0/0/0/0/0/0/0/0/0/0/0/0/0/0/0/0/0/0/0/0/0/0/0/0/0/0/0/0/0/0/0/0/0/0/0/0/0/0/0/0/0/0/0/0/0/0/0/0/0/0/0/0/0/0/0/0/0/0/0/0/0/0/0/0/0/0/0/0/0/0/0/0/0/0/0/0/0/0/0/0/0/0/0/0/0/0/0/0/0/0/0/0/0/0/0/0/0/0/0/0/0/0/0/0/0/0/0/0/0/0/0/0/0/0/0/0/0/0/0/0/0/0/0/0/0/0/0/0/0/0/0/0/0/0/0/0/0/0/0/0/0/0/0/0/0/0/0/0/0/0/0/0/0/0/0/0/0/0/0/0/0/0/0/0/0/0/0/0/0/0,383.482/258.226/347.949/248.886/246.653/271.428/279.418/248.886/246.661/4092.51/4148.49/4222.01/4659.46/4137.6/4245.21/4155.03/4732.98/4238.66/4238.66/4259.1/2562.85/6208.63/4709.65/0/0/0/0/0/0/0/0/0/0/0/0/0/0/0/0/0/0/0/0/0/0/0/0/0/0/0/0/0/0/0/0/0/0/0/0/0/0/0/0/0/0/0/0/0/0/0/0/0/0/0/0/0/0/0/0/0/0/0/0/0/0/0/0/0/0/0/0/0/6312.68/6257.38/0/0/0/0/0/0/0/0/0/0/0/0/0/0/0/0/0/0/0/0/0/0/0/0/0/0/0/0/0/0/0/0/0/0/0/0/0/0/0/0/0/0/0/0/0/0/0/0/0/0/0/0/0/0/0/0/0/0/0/0/0/0/0/0/0/0/0/0/0/0/0/0/0/0/0/0/0/0/0/0/0/0/0/0/0/0/0/0/0/0/0/0/0/0/0/0/0/0/0/0/0/0/0/0/0/0/0/0/0/0/0/0/0/0/0/0/0/0/0/0/0/0/0/0/0/0/0/0/0/0/0/0/0/0/0/0/0/0/0/0/0/0/0/0/0/0/0/0/0/0/0/0/0/0/0/0/0/0/0/0/0/0/0/0/0/0/0/0/0/0/0/0/0/0/0/0/0/0/0/0/0/0,,,8188,1.866158128598871e-11,3.1984375000000014e-11,-1.8214482759241527e-06,1.6675934266268646,779,1.7037400799836192e-12,45080,9.912061894623921e-11,1.7609375000000007e-10,1.5499866118228328e-06,4.1484875376100214e-06,7.513009550107079e-07,3.871356015226066e-06,1,1,nan,0.3259898902269217,26,94/17/13/12/11/93/20/94/7/6/3/15/1/22/2/4/5/8/9/10/14/94/21/16/93/22,16,4442.7,1.0,,,2.8102488635195304e-09,,,,,,,,,,,,,,1,32355,67,482659481.1630652,212970334.9861833,2.2663225899249224,1,-238580653.149343,-202341565.869295,-267720362.137829,-55418.030115,17298504.169512,-83392.789948,-223731365.61503,5729.619162,18446,53274604.289619,77711621.858454,203357748.780735,254181383.709447,-108877217.264121,-140976794.843992,-0.17,0.9639,0.052,0.1687,0.0072,0.1539,1.754,0.1996,0.0051,0.4653,0.8206,0.5864,952,8500,22255,,,
980,0.000112031326,5355.33,4.040512482501092e-08,1.1269091796875004e-16,1.2309082031250005e-17,276,25,16,15,17/13/12/11/6/3/1/2/4/5/8/9/10/14/20/16,0,135,2,0.136963/0.32251/0.341064/0.387939/0.26123/0.319824/0.0588379/0.338379/0.252686/0.343262/0.501465/0.430176/0.360352/0.113525/0.919922/0.226563/0.227539/0.977539/0.739746/0.705078/0.938721/0.73999/0.848633/0/0/0/0/0/0/0/0/0/0/0/0/0/0/0/0/0/0/0/0/0/0/0/0/0/0/0/0/0/0/0/0/0/0/0/0/0/0/0/0/0/0/0/0/0/0/0/0/0/0/0/0/0/0/0/0/0/0/0/0/0/0/0/0/0/0/0/0/0/0.89624/0.920898/0/0/0/0/0/0/0/0/0/0/0/0/0/0/0/0/0/0/0/0/0/0/0/0/0/0/0/0/0/0/0/0/0/0/0/0/0/0/0/0/0/0/0/0/0/0/0/0/0/0/0/0/0/0/0/0/0/0/0/0/0/0/0/0/0/0/0/0/0/0/0/0/0/0/0/0/0/0/0/0/0/0/0/0/0/0/0/0/0/0/0/0/0/0/0/0/0/0/0/0/0/0/0/0/0/0/0/0/0/0/0/0/0/0/0/0/0/0/0/0/0/0/0/0/0/0/0/0/0/0/0/0/0/0/0/0/0/0/0/0/0/0/0/0/0/0/0/0/0/0/0/0/0/0/0/0/0/0/0/0/0/0/0/0/0/0/0/0/0/0/0/0/0/0/0/0/0/0/0/0/0/0,383.482/272.866/347.949/248.886/246.653/271.428/279.418/248.886/246.661/4092.51/4148.49/4222.01/4659.46/4137.6/4245.21/4155.03/4732.98/4238.66/4238.66/4259.1/2569.41/6208.63/4711.1/0/0/0/0/0/0/0/0/0/0/0/0/0/0/0/0/0/0/0/0/0/0/0/0/0/0/0/0/0/0/0/0/0/0/0/0/0/0/0/0/0/0/0/0/0/0/0/0/0/0/0/0/0/0/0/0/0/0/0/0/0/0/0/0/0/0/0/0/0/6312.68/6257.38/0/0/0/0/0/0/0/0/0/0/0/0/0/0/0/0/0/0/0/0/0/0/0/0/0/0/0/0/0/0/0/0/0/0/0/0/0/0/0/0/0/0/0/0/0/0/0/0/0/0/0/0/0/0/0/0/0/0/0/0/0/0/0/0/0/0/0/0/0/0/0/0/0/0/0/0/0/0/0/0/0/0/0/0/0/0/0/0/0/0/0/0/0/0/0/0/0/0/0/0/0/0/0/0/0/0/0/0/0/0/0/0/0/0/0/0/0/0/0/0/0/0/0/0/0/0/0/0/0/0/0/0/0/0/0/0/0/0/0/0/0/0/0/0/0/0/0/0/0/0/0/0/0/0/0/0/0/0/0/0/0/0/0/0/0/0/0/0/0/0/0/0/0/0/0/0/0/0/0/0/0/0,,,8179,1.8626244958491953e-11,3.194921875000001e-11,-1.8204532813099541e-06,1.6835133404540412,771,1.6806822851558327e-12,45260,9.957678264460783e-11,1.7679687500000006e-10,1.5495574977474134e-06,4.1484875376100214e-06,7.513009550107079e-07,3.871356015226066e-06,1,1,nan,0.33551237691738856,26,94/17/13/12/11/93/20/94/7/6/3/15/1/22/2/4/5/8/9/10/14/94/21/16/93/22,16,4439.2,1.0,,,2.812182877352579e-09,,,,,,,,,,,,,,1,32450,71,518981778.87465835,222156952.154824,2.3361041544762164,1,-243160201.346331,-203154200.948246,-265052541.504075,-44297.754063,26478940.012956,-15303.689242,-219775633.864706,572584.465648,18804,63157190.382235,86838955.740039,211465300.830508,220286056.752369,-120169764.565039,-141531031.867168,-0.0569,0.9552,0.0778,0.1752,0.0069,0.1555,1.7264,0.2091,0.005,0.4714,0.8183,0.5876,963,8314,22326,,,
1000,0.000112031326,5462.78,4.040512482501092e-08,1.1262231445312506e-16,1.2377685546875006e-17,276,25,16,15,17/13/12/11/6/3/1/2/4/5/8/9/10/14/20/16,0,136,2,0.136963/0.322998/0.341797/0.387939/0.260986/0.318604/0.0585938/0.338135/0.252441/0.343262/0.503906/0.429932/0.359863/0.111816/0.931885/0.219727/0.216064/0.990967/0.748535/0.70752/0.95166/0.745117/0.858398/0/0/0/0/0/0/0/0/0/0/0/0/0/0/0/0/0/0/0/0/0/0/0/0/0/0/0/0/0/0/0/0/0/0/0/0/0/0/0/0/0/0/0/0/0/0/0/0/0/0/0/0/0/0/0/0/0/0/0/0/0/0/0/0/0/0/0/0/0/0.907715/0.932861/0/0/0/0/0/0/0/0/0/0/0/0/0/0/0/0/0/0/0/0/0/0/0/0/0/0/0/0/0/0/0/0/0/0/0/0/0/0/0/0/0/0/0/0/0/0/0/0/0/0/0/0/0/0/0/0/0/0/0/0/0/0/0/0/0/0/0/0/0/0/0/0/0/0/0/0/0/0/0/0/0/0/0/0/0/0/0/0/0/0/0/0/0/0/0/0/0/0/0/0/0/0/0/0/0/0/0/0/0/0/0/0/0/0/0/0/0/0/0/0/0/0/0/0/0/0/0/0/0/0/0/0/0/0/0/0/0/0/0/0/0/0/0/0/0/0/0/0/0/0/0/0/0/0/0/0/0/0/0/0/0/0/0/0/0/0/0/0/0/0/0/0/0/0/0/0/0/0/0/0/0/0,383.482/312.181/347.949/248.886/246.653/271.428/279.418/248.886/246.661/4092.51/4148.49/4222.01/4659.46/4137.6/4245.21/4155.03/4732.98/4238.66/4238.66/4259.1/2569.41/6208.63/4711.1/0/0/0/0/0/0/0/0/0/0/0/0/0/0/0/0/0/0/0/0/0/0/0/0/0/0/0/0/0/0/0/0/0/0/0/0/0/0/0/0/0/0/0/0/0/0/0/0/0/0/0/0/0/0/0/0/0/0/0/0/0/0/0/0/0/0/0/0/0/6312.68/6257.38/0/0/0/0/0/0/0/0/0/0/0/0/0/0/0/0/0/0/0/0/0/0/0/0/0/0/0/0/0/0/0/0/0/0/0/0/0/0/0/0/0/0/0/0/0/0/0/0/0/0/0/0/0/0/0/0/0/0/0/0/0/0/0/0/0/0/0/0/0/0/0/0/0/0/0/0/0/0/0/0/0/0/0/0/0/0/0/0/0/0/0/0/0/0/0/0/0/0/0/0/0/0/0/0/0/0/0/0/0/0/0/0/0/0/0/0/0/0/0/0/0/0/0/0/0/0/0/0/0/0/0/0/0/0/0/0/0/0/0/0/0/0/0/0/0/0/0/0/0/0/0/0/0/0/0/0/0/0/0/0/0/0/0/0/0/0/0/0/0/0/0/0/0/0/0/0/0/0/0/0/0/0,1-2:0.371481/1-3:0.369753/2-4:1.4525/2-17:0.141623/3-6:1.541/3-22:0.0784538/4-5:1.55828/4-13:0.026105/4-17:0.243504/5-8:1.03212/5-13:0.0983746/5-17:0.00518499/6-7:1.18808/6-22:0.0312899/8-9:1.43076/8-11:0.0213296/8-12:0.183742/8-13:0.00691323/9-10:0.968723/9-11:0.121342/9-12:0.00691323/10-11:0.556631/10-14:1.27431/11-12:2.08867/12-13:1.59535/13-17:1.41561/18-22:0.124029/19-23:0.328648/20-21:0.348888,1-2:-28.483/1-3:-33.911/2-4:-24.558/2-17:-24.412/3-6:-37.854/3-22:-37.254/4-5:-20.553/4-13:-20.337/4-17:-22.526/5-8:-16.606/5-13:-18.422/5-17:-19.949/6-7:-41.827/6-22:-38.408/8-9:-12.612/8-11:-12.45/8-12:-13.943/8-13:-15.472/9-10:-8.6401/9-11:-10.182/9-12:-11.257/10-11:-10.118/10-14:-4.8932/11-12:-53.634/12-13:-56.623/13-17:-57.26/18-22:-20.372/19-23:-0.030796/20-21:-0.1648,8177,1.8609600768997665e-11,3.194140625000001e-11,-1.8194380339527906e-06,1.6997572981686577,778,1.7020122189214273e-12,45538,1.0028408074466988e-10,1.7788281250000008e-10,1.5502172193484663e-06,4.1484875376100214e-06,7.954951288348665e-07,3.871356015226066e-06,1,1,nan,0.35062460233233883,26,94/17/13/12/11/93/20/94/7/6/3/15/1/22/2/4/5/8/9/10/14/94/21/16/93/22,16,4437.5,1.0,,,2.8146610222936456e-09,9,17/2/2/1/1/1/1/1/1,1/1/1/5/1/5/1/5/1,2,2,0.851299/0/0/0/0.148701/0/0/0/0/0/0/0,0.794812,17/2/2/1/1/1/1/1/1,7561/4264/4715/6192/4245/6284/4155/2776/236,8401/3799/4008/8164/5493/6230/3707/2550/305,6983/4464/4596/4198/4464/4287/530/3845/354,17/2/2/1/1/1/1/1/1,26/3/5/5/3/5/2/2/1,1,32565,75,542357875.1625662,221323006.9371595,2.450526416878831,1,-238513328.633937,-203679060.524601,-262594625.305784,-26297.340472,25839067.673803,-10300.833297,-216991982.215016,3596602.027644,19195,64232020.681877,85736237.963636,209444428.76124,180988863.028719,-116398241.493552,-142334717.842465,0.0282,0.9412,0.0786,0.169,0.0071,0.1565,1.6938,0.2022,0.005,0.4761,0.813,0.5883,962,8135,22390,3026.2,618.7,436.5
1020,0.000112031326,5642.1,4.040512482501092e-08,1.1256372070312506e-16,1.2436279296875006e-17,276,25,16,15,17/13/12/11/6/3/1/2/4/5/8/9/10/14/20/16,0,136,4,0.136963/0.325195/0.341309/0.387451/0.260498/0.318115/0.0585938/0.337402/0.252441/0.343506/0.504395/0.429199/0.359375/0.108398/0.943359/0.210938/0.205566/1.00024/0.756104/0.71167/0.962402/0.751221/0.866943/0/0/0/0/0/0/0/0/0/0/0/0/0/0/0/0/0/0/0/0/0/0/0/0/0/0/0/0/0/0/0/0/0/0/0/0/0/0/0/0/0/0/0/0/0/0/0/0/0/0/0/0/0/0/0/0/0/0/0/0/0/0/0/0/0/0/0/0/0/0.916504/0.948486/0/0/0/0/0/0/0/0/0/0/0/0/0/0/0/0/0/0/0/0/0/0/0/0/0/0/0/0/0/0/0/0/0/0/0/0/0/0/0/0/0/0/0/0/0/0/0/0/0/0/0/0/0/0/0/0/0/0/0/0/0/0/0/0/0/0/0/0/0/0/0/0/0/0/0/0/0/0/0/0/0/0/0/0/0/0/0/0/0/0/0/0/0/0/0/0/0/0/0/0/0/0/0/0/0/0/0/0/0/0/0/0/0/0/0/0/0/0/0/0/0/0/0/0/0/0/0/0/0/0/0/0/0/0/0/0/0/0/0/0/0/0/0/0/0/0/0/0/0/0/0/0/0/0/0/0/0/0/0/0/0/0/0/0/0/0/0/0/0/0/0/0/0/0/0/0/0/0/0/0/0/0,383.482/312.181/347.949/248.886/246.653/271.428/279.418/248.886/246.661/4092.51/4148.49/4222.01/4659.46/4137.6/4245.21/4155.03/4732.98/4238.66/4238.66/4259.1/2570.85/6208.63/4738.76/0/0/0/0/0/0/0/0/0/0/0/0/0/0/0/0/0/0/0/0/0/0/0/0/0/0/0/0/0/0/0/0/0/0/0/0/0/0/0/0/0/0/0/0/0/0/0/0/0/0/0/0/0/0/0/0/0/0/0/0/0/0/0/0/0/0/0/0/0/6312.68/6257.38/0/0/0/0/0/0/0/0/0/0/0/0/0/0/0/0/0/0/0/0/0/0/0/0/0/0/0/0/0/0/0/0/0/0/0/0/0/0/0/0/0/0/0/0/0/0/0/0/0/0/0/0/0/0/0/0/0/0/0/0/0/0/0/0/0/0/0/0/0/0/0/0/0/0/0/0/0/0/0/0/0/0/0/0/0/0/0/0/0/0/0/0/0/0/0/0/0/0/0/0/0/0/0/0/0/0/0/0/0/0/0/0/0/0/0/0/0/0/0/0/0/0/0/0/0/0/0/0/0/0/0/0/0/0/0/0/0/0/0/0/0/0/0/0/0/0/0/0/0/0/0/0/0/0/0/0/0/0/0/0/0/0/0/0/0/0/0/0/0/0/0/0/0/0/0/0/0/0/0/0/0/0,,,8173,1.858818074481384e-11,3.192578125000001e-11,-1.8212253982803608e-06,1.6711594689275358,785,1.718066816883632e-12,45676,1.0064655324455264e-10,1.7842187500000007e-10,1.5495741861815756e-06,4.1484875376100214e-06,7.954951288348665e-07,3.871356015226066e-06,1,1,nan,0.36983554852630146,27,94/17/13/12/11/93/20/94/7/6/3/15/1/22/2/4/5/8/9/10/14/94/21/93/16/93/22,15,4436.0,1.0,,,2.81722630340779e-09,,,,,,,,,,,,,,1,32657,81,572074009.9925578,221577367.21430853,2.5818251077929393,1,-232066744.141446,-204385394.027813,-260371948.369571,-17121.418755,25096992.916753,-7375.311955,-214804643.84392,6493924.609932,19543,65491723.82733,85004194.234825,207677502.308622,255209981.957433,-117088020.276254,-143018481.70987,0.056,0.923,0.0785,0.1678,0.0072,0.1529,1.6381,0.2004,0.0051,0.4878,0.8092,0.5901,986,7946,22445,,,
1040,0.000112031326,5752.83,4.040512482501092e-08,1.1250585937500006e-16,1.2494140625000005e-17,276,25,16,15,17/13/12/11/6/3/1/2/4/5/8/9/10/14/20/16,0,137,4,0.136475/0.324951/0.341064/0.387695/0.259033/0.318115/0.0583496/0.336182/0.252197/0.343262/0.504395/0.428467/0.359131/0.105225/0.953857/0.204346/0.197754/1.01025/0.763428/0.717773/0.971924/0.754639/0.874268/0/0/0/0/0/0/0/0/0/0/0/0/0/0/0/0/0/0/0/0/0/0/0/0/0/0/0/0/0/0/0/0/0/0/0/0/0/0/0/0/0/0/0/0/0/0/0/0/0/0/0/0/0/0/0/0/0/0/0/0/0/0/0/0/0/0/0/0/0/0.927246/0.964111/0/0/0/0/0/0/0/0/0/0/0/0/0/0/0/0/0/0/0/0/0/0/0/0/0/0/0/0/0/0/0/0/0/0/0/0/0/0/0/0/0/0/0/0/0/0/0/0/0/0/0/0/0/0/0/0/0/0/0/0/0/0/0/0/0/0/0/0/0/0/0/0/0/0/0/0/0/0/0/0/0/0/0/0/0/0/0/0/0/0/0/0/0/0/0/0/0/0/0/0/0/0/0/0/0/0/0/0/0/0/0/0/0/0/0/0/0/0/0/0/0/0/0/0/0/0/0/0/0/0/0/0/0/0/0/0/0/0/0/0/0/0/0/0/0/0/0/0/0/0/0/0/0/0/0/0/0/0/0/0/0/0/0/0/0/0/0/0/0/0/0/0/0/0/0/0/0/0/0/0/0/0,383.482/312.181/347.949/248.886/246.653/271.428/279.418/248.886/246.661/4092.51/4148.49/4222.01/4659.46/4137.6/4245.21/4155.03/4732.98/4238.66/4238.66/4259.1/2589.08/6208.63/4738.76/0/0/0/0/0/0/0/0/0/0/0/0/0/0/0/0/0/0/0/0/0/0/0/0/0/0/0/0/0/0/0/0/0/0/0/0/0/0/0/0/0/0/0/0/0/0/0/0/0/0/0/0/0/0/0/0/0/0/0/0/0/0/0/0/0/0/0/0/0/6312.68/6257.38/0/0/0/0/0/0/0/0/0/0/0/0/0/0/0/0/0/0/0/0/0/0/0/0/0/0/0/0/0/0/0/0/0/0/0/0/0/0/0/0/0/0/0/0/0/0/0/0/0/0/0/0/0/0/0/0/0/0/0/0/0/0/0/0/0/0/0/0/0/0/0/0/0/0/0/0/0/0/0/0/0/0/0/0/0/0/0/0/0/0/0/0/0/0/0/0/0/0/0/0/0/0/0/0/0/0/0/0/0/0/0/0/0/0/0/0/0/0/0/0/0/0/0/0/0/0/0/0/0/0/0/0/0/0/0/0/0/0/0/0/0/0/0/0/0/0/0/0/0/0/0/0/0/0/0/0/0/0/0/0/0/0/0/0/0/0/0/0/0/0/0/0/0/0/0/0/0/0/0/0/0/0,,,8168,1.8572945479688626e-11,3.190625000000001e-11,-1.8194435247092226e-06,1.699669446065746,787,1.7228422679888731e-12,45858,1.0108507004321778e-10,1.7913281250000008e-10,1.5492720447485984e-06,4.1484875376100214e-06,7.954951288348665e-07,3.871356015226066e-06,1,1,nan,0.3906077029602539,27,94/17/13/12/11/93/20/94/7/6/3/15/1/22/2/4/5/8/9/10/14/94/21/93/16/93/22,15,4434.2,1.0,,,2.8194839103181847e-09,,,,,,,,,,,,,,1,32750,84,604205074.0034873,220848067.76674175,2.7358404359763053,1,-229313458.487129,-205040852.572627,-257516598.199984,-15698.041672,24110436.123197,-4531.502285,-212026046.114477,9140262.471164,19903,69668884.430323,83614370.036908,216476307.943103,261762022.099591,-119074664.370193,-143972400.62883,0.0569,0.9301,0.0763,0.1647,0.007,0.1529,1.5777,0.1981,0.0051,0.5096,0.8048,0.5913,989,7757,22521,,,
1060,0.000112031326,5874.22,4.040512482501092e-08,1.1245727539062504e-16,1.2542724609375005e-17,276,25,16,15,17/13/12/11/6/3/1/2/4/5/8/9/10/14/20/16,0,137,4,0.13623/0.326172/0.341309/0.387695/0.258789/0.317627/0.0583496/0.335693/0.251465/0.342773/0.505127/0.428711/0.358643/0.102295/0.962158/0.197021/0.188965/1.02124/0.771973/0.720947/0.980957/0.756592/0.881592/0/0/0/0/0/0/0/0/0/0/0/0/0/0/0/0/0/0/0/0/0/0/0/0/0/0/0/0/0/0/0/0/0/0/0/0/0/0/0/0/0/0/0/0/0/0/0/0/0/0/0/0/0/0/0/0/0/0/0/0/0/0/0/0/0/0/0/0/0/0.936279/0.974121/0/0/0/0/0/0/0/0/0/0/0/0/0/0/0/0/0/0/0/0/0/0/0/0/0/0/0/0/0/0/0/0/0/0/0/0/0/0/0/0/0/0/0/0/0/0/0/0/0/0/0/0/0/0/0/0/0/0/0/0/0/0/0/0/0/0/0/0/0/0/0/0/0/0/0/0/0/0/0/0/0/0/0/0/0/0/0/0/0/0/0/0/0/0/0/0/0/0/0/0/0/0/0/0/0/0/0/0/0/0/0/0/0/0/0/0/0/0/0/0/0/0/0/0/0/0/0/0/0/0/0/0/0/0/0/0/0/0/0/0/0/0/0/0/0/0/0/0/0/0/0/0/0/0/0/0/0/0/0/0/0/0/0/0/0/0/0/0/0/0/0/0/0/0/0/0/0/0/0/0/0/0,383.482/334.722/347.949/248.886/246.653/271.428/279.418/248.886/246.661/4092.51/4148.49/4222.01/4659.46/4137.6/4245.21/4155.03/4732.98/4242.32/4238.66/4259.1/2589.08/6208.63/4738.76/0/0/0/0/0/0/0/0/0/0/0/0/0/0/0/0/0/0/0/0/0/0/0/0/0/0/0/0/0/0/0/0/0/0/0/0/0/0/0/0/0/0/0/0/0/0/0/0/0/0/0/0/0/0/0/0/0/0/0/0/0/0/0/0/0/0/0/0/0/6312.68/6257.38/0/0/0/0/0/0/0/0/0/0/0/0/0/0/0/0/0/0/0/0/0/0/0/0/0/0/0/0/0/0/0/0/0/0/0/0/0/0/0/0/0/0/0/0/0/0/0/0/0/0/0/0/0/0/0/0/0/0/0/0/0/0/0/0/0/0/0/0/0/0/0/0/0/0/0/0/0/0/0/0/0/0/0/0/0/0/0/0/0/0/0/0/0/0/0/0/0/0/0/0/0/0/0/0/0/0/0/0/0/0/0/0/0/0/0/0/0/0/0/0/0/0/0/0/0/0/0/0/0/0/0/0/0/0/0/0/0/0/0/0/0/0/0/0/0/0/0/0/0/0/0/0/0/0/0/0/0/0/0/0/0/0/0/0/0/0/0/0/0/0/0/0/0/0/0/0/0/0/0/0/0/0,,,8158,1.854379352766618e-11,3.186718750000001e-11,-1.8204592558812566e-06,1.6834177473132028,804,1.760136453575588e-12,46062,1.0161700180726968e-10,1.7992968750000007e-10,1.5484921836720927e-06,4.1484875376100214e-06,7.954951288348665e-07,3.871356015226066e-06,1,1,nan,0.39974254391679814,27,94/17/13/12/11/93/20/94/7/6/3/15/1/22/2/4/5/8/9/10/14/94/21/93/16/93/22,15,4432.3,1.0,,,2.8221681461466554e-09,,,,,,,,,,,,,,1,32817,91,618335151.8650613,221131073.69434756,2.7962381836925294,1,-228361234.585559,-206000528.099511,-255176963.758543,7862.363347,23163917.117968,-2824.353239,-210232173.441641,11265400.353372,20183,67865218.838285,83182523.041474,221285219.461962,216741558.715378,-121245159.285748,-144319525.538873,0.0491,0.9249,0.0756,0.1621,0.0076,0.1491,1.5646,0.1962,0.0051,0.511,0.8016,0.5934,1002,7591,22591,,,
1080,0.000122215992,6009.08,3.874598173989343e-08,1.1162817382812505e-16,1.3371826171875006e-17,276,26,16,14,94/17/13/12/11/6/3/1/2/4/5/8/9/10/14/16,0,138,4,0.13623/0.327637/0.334473/0.387695/0.258545/0.313232/0.0581055/0.334717/0.250732/0.343018/0.506348/0.428711/0.35791/0.0986328/0.962402/0.193115/0.183838/1.03149/0.779297/0.727051/0.990479/0.753662/0.889404/0/0/0/0/0/0/0/0/0/0/0/0/0/0/0/0/0/0/0/0/0/0/0/0/0/0/0/0/0/0/0/0/0/0/0/0/0/0/0/0/0/0/0/0/0/0/0/0/0/0/0/0/0/0/0/0/0/0/0/0/0/0/0/0/0/0/0/0/0/0.949951/0.984863/0.790283/0/0/0/0/0/0/0/0/0/0/0/0/0/0/0/0/0/0/0/0/0/0/0/0/0/0/0/0/0/0/0/0/0/0/0/0/0/0/0/0/0/0/0/0/0/0/0/0/0/0/0/0/0/0/0/0/0/0/0/0/0/0/0/0/0/0/0/0/0/0/0/0/0/0/0/0/0/0/0/0/0/0/0/0/0/0/0/0/0/0/0/0/0/0/0/0/0/0/0/0/0/0/0/0/0/0/0/0/0/0/0/0/0/0/0/0/0/0/0/0/0/0/0/0/0/0/0/0/0/0/0/0/0/0/0/0/0/0/0/0/0/0/0/0/0/0/0/0/0/0/0/0/0/0/0/0/0/0/0/0/0/0/0/0/0/0/0/0/0/0/0/0/0/0/0/0/0/0/0/0/0,383.482/334.722/347.949/248.886/247.436/271.428/279.418/248.886/246.661/4092.51/4148.49/4222.01/4659.46/4137.6/4245.21/4155.03/4732.98/4242.32/4238.66/4259.1/2616.73/6229.73/4738.76/0/0/0/0/0/0/0/0/0/0/0/0/0/0/0/0/0/0/0/0/0/0/0/0/0/0/0/0/0/0/0/0/0/0/0/0/0/0/0/0/0/0/0/0/0/0/0/0/0/0/0/0/0/0/0/0/0/0/0/0/0/0/0/0/0/0/0/0/0/6312.68/6257.38/5987.26/0/0/0/0/0/0/0/0/0/0/0/0/0/0/0/0/0/0/0/0/0/0/0/0/0/0/0/0/0/0/0/0/0/0/0/0/0/0/0/0/0/0/0/0/0/0/0/0/0/0/0/0/0/0/0/0/0/0/0/0/0/0/0/0/0/0/0/0/0/0/0/0/0/0/0/0/0/0/0/0/0/0/0/0/0/0/0/0/0/0/0/0/0/0/0/0/0/0/0/0/0/0/0/0/0/0/0/0/0/0/0/0/0/0/0/0/0/0/0/0/0/0/0/0/0/0/0/0/0/0/0/0/0/0/0/0/0/0/0/0/0/0/0/0/0/0/0/0/0/0/0/0/0/0/0/0/0/0/0/0/0/0/0/0/0/0/0/0/0/0/0/0/0/0/0/0/0/0/0/0/0,,,8082,1.837024207446214e-11,3.157031250000001e-11,-1.8182960962340558e-06,1.718028301668415,1018,2.236813901765701e-12,49068,1.0825502744505946e-10,1.9167187500000008e-10,1.5540147880978318e-06,4.151758731609336e-06,8.838834764831843e-07,3.871356015226066e-06,1,1,nan,0.4032495550102454,26,94/17/13/12/11/93/20/94/6/3/15/95/22/2/4/5/8/9/10/14/94/21/93/16/93/22,12,4526.2,1.0,,,2.8789978300890838e-09,,,,,,,,,,,,,,1,36030,97,650469959.8872434,241234817.3731066,2.6964182325356125,1,-228774632.979756,-208894969.448788,-246637991.226592,80828.844905,30119632.475933,27376.405637,-207567839.90042,22710175.45966,21399,89353016.704734,95785218.286627,290984466.023505,348237143.138951,-110642266.140437,-141486832.157334,0.2355,1.0467,0.0958,0.1817,0.0259,0.169,1.69,0.2091,0.0051,0.545,0.8088,0.6139,1088,8033,24227,,,
1100,0.000122215992,6142.3,3.874598173989343e-08,1.1153588867187505e-16,1.3464111328125006e-17,276,26,16,14,94/17/13/12/11/6/3/1/2/4/5/8/9/10/14/16,0,140,4,0.135742/0.328857/0.336182/0.387207/0.257813/0.313232/0.0576172/0.333984/0.250732/0.343018/0.507813/0.428467/0.356934/0.0961914/0.974854/0.188477/0.177734/1.04102/0.785889/0.731201/1.00098/0.760498/0.896973/0/0/0/0/0/0/0/0/0/0/0/0/0/0/0/0/0/0/0/0/0/0/0/0/0/0/0/0/0/0/0/0/0/0/0/0/0/0/0/0/0/0/0/0/0/0/0/0/0/0/0/0/0/0/0/0/0/0/0/0/0/0/0/0/0/0/0/0/0/0.962646/0.994873/0.815186/0/0/0/0/0/0/0/0/0/0/0/0/0/0/0/0/0/0/0/0/0/0/0/0/0/0/0/0/0/0/0/0/0/0/0/0/0/0/0/0/0/0/0/0/0/0/0/0/0/0/0/0/0/0/0/0/0/0/0/0/0/0/0/0/0/0/0/0/0/0/0/0/0/0/0/0/0/0/0/0/0/0/0/0/0/0/0/0/0/0/0/0/0/0/0/0/0/0/0/0/0/0/0/0/0/0/0/0/0/0/0/0/0/0/0/0/0/0/0/0/0/0/0/0/0/0/0/0/0/0/0/0/0/0/0/0/0/0/0/0/0/0/0/0/0/0/0/0/0/0/0/0/0/0/0/0/0/0/0/0/0/0/0/0/0/0/0/0/0/0/0/0/0/0/0/0/0/0/0/0/0,383.482/334.722/347.949/248.886/247.444/271.428/279.418/248.886/246.661/4092.51/4148.49/4222.01/4659.46/4137.6/4245.21/4155.03/4732.98/4242.32/4238.66/4259.1/2616.73/6229.73/4738.76/0/0/0/0/0/0/0/0/0/0/0/0/0/0/0/0/0/0/0/0/0/0/0/0/0/0/0/0/0/0/0/0/0/0/0/0/0/0/0/0/0/0/0/0/0/0/0/0/0/0/0/0/0/0/0/0/0/0/0/0/0/0/0/0/0/0/0/0/0/6312.68/6257.38/5987.26/0/0/0/0/0/0/0/0/0/0/0/0/0/0/0/0/0/0/0/0/0/0/0/0/0/0/0/0/0/0/0/0/0/0/0/0/0/0/0/0/0/0/0/0/0/0/0/0/0/0/0/0/0/0/0/0/0/0/0/0/0/0/0/0/0/0/0/0/0/0/0/0/0/0/0/0/0/0/0/0/0/0/0/0/0/0/0/0/0/0/0/0/0/0/0/0/0/0/0/0/0/0/0/0/0/0/0/0/0/0/0/0/0/0/0/0/0/0/0/0/0/0/0/0/0/0/0/0/0/0/0/0/0/0/0/0/0/0/0/0/0/0/0/0/0/0/0/0/0/0/0/0/0/0/0/0/0/0/0/0/0/0/0/0/0/0/0/0/0/0/0/0/0/0/0/0/0/0/0/0/0,1-2:0.371481/1-3:0.368024/2-4:1.4525/2-17:0.143352/3-6:1.4851/3-22:0.00996031/4-5:1.54569/4-13:0.026105/4-17:0.240047/5-8:1.01475/5-13:0.0983746/5-17:0.00518499/6-7:1.17416/6-22:0.00609416/8-9:1.42162/8-11:0.0213296/8-12:0.183742/8-13:0.00691323/9-10:0.965267/9-11:0.117886/9-12:0.00691323/10-11:0.556631/10-14:1.19304/11-12:2.08562/12-13:1.58102/13-17:1.37955/15-22:0.00172837/18-22:0.187567/19-23:0.335152/20-21:0.374902,1-2:-28.483/1-3:-33.911/2-4:-24.558/2-17:-24.412/3-6:-37.849/3-22:-38.109/4-5:-20.553/4-13:-20.337/4-17:-22.497/5-8:-16.604/5-13:-18.422/5-17:-19.949/6-7:-41.825/6-22:-38.473/8-9:-12.612/8-11:-12.45/8-12:-13.943/8-13:-15.472/9-10:-8.6401/9-11:-10.187/9-12:-11.257/10-11:-10.118/10-14:-4.8879/11-12:-53.634/12-13:-56.381/13-17:-57.583/15-22:-63.001/18-22:-27.461/19-23:-0.031525/20-21:-0.1628,8082,1.8359691914301082e-11,3.157031250000001e-11,-1.8182007752868305e-06,1.7195534368240193,1050,2.300032779941082e-12,49312,1.0885345055990038e-10,1.9262500000000007e-10,1.554779743687125e-06,4.151758731609336e-06,1.0606601717798214e-06,3.871356015226066e-06,1,1,nan,0.39536218358293834,26,94/17/13/12/11/93/20/94/6/3/15/95/22/2/4/5/8/9/10/14/94/21/93/16/93/22,12,4526.5,1.0,,,2.8840955916543976e-09,11,15/3/2/2/1/1/1/1/1/1/1,1/1/1/1/5/5/5/1/5/1/1,2,2,0.794067/0/0/0/0.205933/0/0/0/0/0/0/0,0.724067,15/3/2/2/1/1/1/1/1/1/1,5342/6233/4266/4742/6194/6284/2634/4122/2790/327/263,6628/8401/3830/4084/8164/6230/4609/3707/2550/423/305,6983/6983/4508/4685/4198/4331/6894/530/3845/354/265,15/3/2/2/1/1/1/1/1/1/1,18/7/3/5/5/5/2/2/2/1/1,1,36242,102,637747073.7434362,235645554.23154932,2.706382795224624,1,-229671685.353335,-208744038.89008,-244868811.42991,111115.870406,29822437.716673,43326.403902,-205584722.646927,24960078.301126,21801,89627632.161015,96955557.884581,220676256.763609,458161145.450666,-115544846.748941,-138924035.984608,0.2442,0.9974,0.1012,0.1772,0.0204,0.1664,1.5912,0.209,0.0051,0.5497,0.8089,0.6158,1117,7948,24260,3078.9,618.7,423.4
1120,0.000122215992,6355.99,3.874598173989343e-08,1.1144213867187504e-16,1.3557861328125006e-17,276,26,16,14,94/17/13/12/11/6/3/1/2/4/5/8/9/10/14/16,0,139,4,0.135742/0.330811/0.337158/0.386963/0.257324/0.312988/0.057373/0.333496/0.250488/0.343018/0.508057/0.428223/0.356445/0.0947266/0.989258/0.184326/0.172852/1.05054/0.795654/0.734375/1.00952/0.764893/0.904053/0/0/0/0/0/0/0/0/0/0/0/0/0/0/0/0/0/0/0/0/0/0/0/0/0/0/0/0/0/0/0/0/0/0/0/0/0/0/0/0/0/0/0/0/0/0/0/0/0/0/0/0/0/0/0/0/0/0/0/0/0/0/0/0/0/0/0/0/0/0.972168/1.00513/0.842285/0/0/0/0/0/0/0/0/0/0/0/0/0/0/0/0/0/0/0/0/0/0/0/0/0/0/0/0/0/0/0/0/0/0/0/0/0/0/0/0/0/0/0/0/0/0/0/0/0/0/0/0/0/0/0/0/0/0/0/0/0/0/0/0/0/0/0/0/0/0/0/0/0/0/0/0/0/0/0/0/0/0/0/0/0/0/0/0/0/0/0/0/0/0/0/0/0/0/0/0/0/0/0/0/0/0/0/0/0/0/0/0/0/0/0/0/0/0/0/0/0/0/0/0/0/0/0/0/0/0/0/0/0/0/0/0/0/0/0/0/0/0/0/0/0/0/0/0/0/0/0/0/0/0/0/0/0/0/0/0/0/0/0/0/0/0/0/0/0/0/0/0/0/0/0/0/0/0/0/0/0,383.482/342.718/347.949/248.886/247.444/271.428/152.16/248.886/246.661/4092.51/4148.49/4222.01/4659.46/4137.6/4272.86/4155.03/4732.98/4242.32/4238.66/4259.1/2616.73/6229.73/4738.76/0/0/0/0/0/0/0/0/0/0/0/0/0/0/0/0/0/0/0/0/0/0/0/0/0/0/0/0/0/0/0/0/0/0/0/0/0/0/0/0/0/0/0/0/0/0/0/0/0/0/0/0/0/0/0/0/0/0/0/0/0/0/0/0/0/0/0/0/0/6312.68/6285.03/6014.91/0/0/0/0/0/0/0/0/0/0/0/0/0/0/0/0/0/0/0/0/0/0/0/0/0/0/0/0/0/0/0/0/0/0/0/0/0/0/0/0/0/0/0/0/0/0/0/0/0/0/0/0/0/0/0/0/0/0/0/0/0/0/0/0/0/0/0/0/0/0/0/0/0/0/0/0/0/0/0/0/0/0/0/0/0/0/0/0/0/0/0/0/0/0/0/0/0/0/0/0/0/0/0/0/0/0/0/0/0/0/0/0/0/0/0/0/0/0/0/0/0/0/0/0/0/0/0/0/0/0/0/0/0/0/0/0/0/0/0/0/0/0/0/0/0/0/0/0/0/0/0/0/0/0/0/0/0/0/0/0/0/0/0/0/0/0/0/0/0/0/0/0/0/0/0/0/0/0/0/0/0,,,8081,1.8350050793810944e-11,3.156640625000001e-11,-1.8192006303663613e-06,1.7035557555515273,1082,2.3698449328406907e-12,49528,1.0936128167254985e-10,1.9346875000000007e-10,1.5546505487492441e-06,4.151758731609336e-06,1.0606601717798214e-06,3.871356015226066e-06,1,1,nan,0.38838309750219274,26,94/17/13/12/11/93/20/94/6/3/15/95/22/2/4/5/8/9/10/14/94/21/93/16/93/22,12,4527.1,1.0,,,2.8892672576735476e-09,,,,,,,,,,,,,,1,36467,108,626489315.894511,233594231.46642905,2.681955423135296,1,-230092469.938763,-209119652.375877,-242665071.835064,656602.847163,29636623.985465,68758.855401,-203973815.920108,26720798.444905,22228,85886275.44341,97225478.696788,213622411.30102,356729436.037859,-122138008.204848,-139176030.469297,0.2383,0.9726,0.0999,0.1756,0.0184,0.166,1.5255,0.2072,0.0051,0.5599,0.8063,0.6182,1136,7811,24346,,,
1140,0.000122215992,6475.03,3.874598173989343e-08,1.1135668945312504e-16,1.3643310546875006e-17,276,26,16,14,94/17/13/12/11/6/3/1/2/4/5/8/9/10/14/16,0,139,4,0.135498/0.33374/0.337891/0.386719/0.25708/0.313232/0.057373/0.333496/0.250488/0.343018/0.508301/0.428223/0.356201/0.0942383/0.998779/0.178955/0.166504/1.0625/0.802979/0.737793/1.02051/0.768555/0.911865/0/0/0/0/0/0/0/0/0/0/0/0/0/0/0/0/0/0/0/0/0/0/0/0/0/0/0/0/0/0/0/0/0/0/0/0/0/0/0/0/0/0/0/0/0/0/0/0/0/0/0/0/0/0/0/0/0/0/0/0/0/0/0/0/0/0/0/0/0/0.981689/1.01709/0.860596/0/0/0/0/0/0/0/0/0/0/0/0/0/0/0/0/0/0/0/0/0/0/0/0/0/0/0/0/0/0/0/0/0/0/0/0/0/0/0/0/0/0/0/0/0/0/0/0/0/0/0/0/0/0/0/0/0/0/0/0/0/0/0/0/0/0/0/0/0/0/0/0/0/0/0/0/0/0/0/0/0/0/0/0/0/0/0/0/0/0/0/0/0/0/0/0/0/0/0/0/0/0/0/0/0/0/0/0/0/0/0/0/0/0/0/0/0/0/0/0/0/0/0/0/0/0/0/0/0/0/0/0/0/0/0/0/0/0/0/0/0/0/0/0/0/0/0/0/0/0/0/0/0/0/0/0/0/0/0/0/0/0/0/0/0/0/0/0/0/0/0/0/0/0/0/0/0/0/0/0/0,383.482/342.718/347.949/248.886/247.444/271.428/152.16/248.886/246.661/4092.51/4148.49/4222.01/4659.46/4137.6/4272.86/4155.03/4732.98/4242.32/4238.66/4259.1/2644.38/8082.4/4738.76/0/0/0/0/0/0/0/0/0/0/0/0/0/0/0/0/0/0/0/0/0/0/0/0/0/0/0/0/0/0/0/0/0/0/0/0/0/0/0/0/0/0/0/0/0/0/0/0/0/0/0/0/0/0/0/0/0/0/0/0/0/0/0/0/0/0/0/0/0/6312.68/6285.03/6042.57/0/0/0/0/0/0/0/0/0/0/0/0/0/0/0/0/0/0/0/0/0/0/0/0/0/0/0/0/0/0/0/0/0/0/0/0/0/0/0/0/0/0/0/0/0/0/0/0/0/0/0/0/0/0/0/0/0/0/0/0/0/0/0/0/0/0/0/0/0/0/0/0/0/0/0/0/0/0/0/0/0/0/0/0/0/0/0/0/0/0/0/0/0/0/0/0/0/0/0/0/0/0/0/0/0/0/0/0/0/0/0/0/0/0/0/0/0/0/0/0/0/0/0/0/0/0/0/0/0/0/0/0/0/0/0/0/0/0/0/0/0/0/0/0/0/0/0/0/0/0/0/0/0/0/0/0/0/0/0/0/0/0/0/0/0/0/0/0/0/0/0/0/0/0/0/0/0/0/0/0/0,,,8084,1.8352598115571553e-11,3.157812500000001e-11,-1.8179502135238064e-06,1.7235624250324058,1102,2.412323724505421e-12,49782,1.0993479145194568e-10,1.9446093750000009e-10,1.5547940288132824e-06,4.151758731609336e-06,1.082757258691901e-06,3.871356015226066e-06,1,1,nan,0.37746210028900357,26,94/17/13/12/11/93/20/94/6/3/15/95/22/2/4/5/8/9/10/14/94/21/93/16/93/22,12,4527.5,1.0,,,2.8941692750276625e-09,,,,,,,,,,,,,,1,36664,119,608872977.4982755,232346947.47149184,2.620533577584367,1,-230436780.332151,-209584264.309663,-241160738.558098,577324.352512,29171476.057134,83860.668517,-202595776.636465,28620145.062234,22612,89404650.435477,98218183.711385,226270144.127633,326651944.911816,-119506407.79426,-138948639.777848,0.2368,0.9848,0.097,0.1781,0.0172,0.1609,1.5224,0.2073,0.0052,0.5597,0.8048,0.6196,1165,7674,24421,,,
1160,0.000122215992,6593.41,3.874598173989343e-08,1.1127905273437504e-16,1.3720947265625006e-17,276,26,16,14,94/17/13/12/11/6/3/1/2/4/5/8/9/10/14/16,0,139,4,0.135254/0.333008/0.338379/0.38623/0.256104/0.312988/0.057373/0.332764/0.25/0.342773/0.508545/0.427246/0.355957/0.0935059/1.00952/0.176025/0.161621/1.07202/0.80957/0.742676/1.02856/0.773926/0.918701/0/0/0/0/0/0/0/0/0/0/0/0/0/0/0/0/0/0/0/0/0/0/0/0/0/0/0/0/0/0/0/0/0/0/0/0/0/0/0/0/0/0/0/0/0/0/0/0/0/0/0/0/0/0/0/0/0/0/0/0/0/0/0/0/0/0/0/0/0/0.99292/1.02954/0.875732/0/0/0/0/0/0/0/0/0/0/0/0/0/0/0/0/0/0/0/0/0/0/0/0/0/0/0/0/0/0/0/0/0/0/0/0/0/0/0/0/0/0/0/0/0/0/0/0/0/0/0/0/0/0/0/0/0/0/0/0/0/0/0/0/0/0/0/0/0/0/0/0/0/0/0/0/0/0/0/0/0/0/0/0/0/0/0/0/0/0/0/0/0/0/0/0/0/0/0/0/0/0/0/0/0/0/0/0/0/0/0/0/0/0/0/0/0/0/0/0/0/0/0/0/0/0/0/0/0/0/0/0/0/0/0/0/0/0/0/0/0/0/0/0/0/0/0/0/0/0/0/0/0/0/0/0/0/0/0/0/0/0/0/0/0/0/0/0/0/0/0/0/0/0/0/0/0/0/0/0/0,383.482/342.718/347.949/248.875/247.444/271.428/152.16/248.886/246.661/4092.51/4148.49/4222.01/4659.46/4137.6/4272.86/4155.03/4732.98/4242.32/4238.66/4259.1/2644.38/8082.4/4738.76/0/0/0/0/0/0/0/0/0/0/0/0/0/0/0/0/0/0/0/0/0/0/0/0/0/0/0/0/0/0/0/0/0/0/0/0/0/0/0/0/0/0/0/0/0/0/0/0/0/0/0/0/0/0/0/0/0/0/0/0/0/0/0/0/0/0/0/0/0/6312.68/6285.03/6042.57/0/0/0/0/0/0/0/0/0/0/0/0/0/0/0/0/0/0/0/0/0/0/0/0/0/0/0/0/0/0/0/0/0/0/0/0/0/0/0/0/0/0/0/0/0/0/0/0/0/0/0/0/0/0/0/0/0/0/0/0/0/0/0/0/0/0/0/0/0/0/0/0/0/0/0/0/0/0/0/0/0/0/0/0/0/0/0/0/0/0/0/0/0/0/0/0/0/0/0/0/0/0/0/0/0/0/0/0/0/0/0/0/0/0/0/0/0/0/0/0/0/0/0/0/0/0/0/0/0/0/0/0/0/0/0/0/0/0/0/0/0/0/0/0/0/0/0/0/0/0/0/0/0/0/0/0/0/0/0/0/0/0/0/0/0/0/0/0/0/0/0/0/0/0/0/0/0/0/0/0/0,,,8080,1.8340409673320807e-11,3.1562500000000014e-11,-1.8193876205477295e-06,1.7005639126496357,1137,2.4807278480659674e-12,49988,1.1040951538933444e-10,1.9526562500000007e-10,1.5557634604908863e-06,4.151758731609336e-06,1.082757258691901e-06,3.871356015226066e-06,1,1,nan,0.36358064926542843,26,94/17/13/12/11/93/20/94/6/3/15/95/22/2/4/5/8/9/10/14/94/21/93/16/93/22,12,4527.7,1.0,,,2.8987430188241256e-09,,,,,,,,,,,,,,1,36829,128,586481218.4044503,232840744.65226495,2.518808378148456,1,-229137274.00511,-210211499.315247,-239551494.200892,1465372.271256,28540617.058209,110978.36336,-201612821.93269,29813918.151658,22966,92935044.780156,96926101.357015,389125968.874807,261292139.452448,-112256323.096087,-139765913.381204,0.3249,0.9853,0.0958,0.178,0.0167,0.16,1.522,0.2067,0.0052,0.5654,0.803,0.6214,1185,7533,24503,,,
1180,0.000132400657,6729.53,3.721772198705095e-08,1.1119506835937505e-16,1.3804931640625006e-17,276,26,16,14,94/17/13/12/11/6/3/1/2/4/5/8/9/10/14/16,0,140,3,0.135254/0.336182/0.338623/0.38623/0.255127/0.312988/0.0571289/0.332764/0.248779/0.342773/0.509277/0.42749/0.355469/0.0915527/1.02051/0.173584/0.156982/1.08032/0.817139/0.747314/1.03735/0.778809/0.928223/0/0/0/0/0/0/0/0/0/0/0/0/0/0/0/0/0/0/0/0/0/0/0/0/0/0/0/0/0/0/0/0/0/0/0/0/0/0/0/0/0/0/0/0/0/0/0/0/0/0/0/0/0/0/0/0/0/0/0/0/0/0/0/0/0/0/0/0/0/1.00122/1.03955/0.894287/0/0/0/0/0/0/0/0/0/0/0/0/0/0/0/0/0/0/0/0/0/0/0/0/0/0/0/0/0/0/0/0/0/0/0/0/0/0/0/0/0/0/0/0/0/0/0/0/0/0/0/0/0/0/0/0/0/0/0/0/0/0/0/0/0/0/0/0/0/0/0/0/0/0/0/0/0/0/0/0/0/0/0/0/0/0/0/0/0/0/0/0/0/0/0/0/0/0/0/0/0/0/0/0/0/0/0/0/0/0/0/0/0/0/0/0/0/0/0/0/0/0/0/0/0/0/0/0/0/0/0/0/0/0/0/0/0/0/0/0/0/0/0/0/0/0/0/0/0/0/0/0/0/0/0/0/0/0/0/0/0/0/0/0/0/0/0/0/0/0/0/0/0/0/0/0/0/0/0/0/0,383.482/354.382/347.949/248.875/247.444/271.428/152.16/248.886/246.661/4092.51/4148.49/4222.01/4659.46/4137.6/4272.86/4155.03/4732.98/4242.32/4238.66/4259.1/2644.38/8165.36/4738.76/0/0/0/0/0/0/0/0/0/0/0/0/0/0/0/0/0/0/0/0/0/0/0/0/0/0/0/0/0/0/0/0/0/0/0/0/0/0/0/0/0/0/0/0/0/0/0/0/0/0/0/0/0/0/0/0/0/0/0/0/0/0/0/0/0/0/0/0/0/6312.68/6285.03/6042.57/0/0/0/0/0/0/0/0/0/0/0/0/0/0/0/0/0/0/0/0/0/0/0/0/0/0/0/0/0/0/0/0/0/0/0/0/0/0/0/0/0/0/0/0/0/0/0/0/0/0/0/0/0/0/0/0/0/0/0/0/0/0/0/0/0/0/0/0/0/0/0/0/0/0/0/0/0/0/0/0/0/0/0/0/0/0/0/0/0/0/0/0/0/0/0/0/0/0/0/0/0/0/0/0/0/0/0/0/0/0/0/0/0/0/0/0/0/0/0/0/0/0/0/0/0/0/0/0/0/0/0/0/0/0/0/0/0/0/0/0/0/0/0/0/0/0/0/0/0/0/0/0/0/0/0/0/0/0/0/0/0/0/0/0/0/0/0/0/0/0/0/0/0/0/0/0/0/0/0/0/0,,,8078,1.83277217299562e-11,3.155468750000001e-11,-1.8210292490978617e-06,1.6742978558475212,1139,2.4960534593322683e-12,50342,1.1118222605667255e-10,1.9664843750000008e-10,1.554979837091235e-06,4.151758731609336e-06,1.082757258691901e-06,3.871356015226066e-06,1,1,nan,0.3329507709587428,26,94/17/13/12/11/93/20/94/6/3/15/95/22/2/4/5/8/9/10/14/94/21/93/16/93/22,12,4527.3,1.0,,,2.905115594924389e-09,,,,,,,,,,,,,,1,37009,134,559126729.7918338,242180394.3984878,2.3087200397891703,1,-229674899.121588,-210595920.889399,-237919221.386592,8061476.819322,37960796.205729,6549687.06635,-200793532.522033,40657766.929039,23335,99337337.457469,108036072.698279,378572938.43272,311219482.062352,-109239983.532843,-139442153.3308,0.4059,1.0302,0.1184,0.1907,0.016,0.164,1.6104,0.2228,0.0055,0.5645,0.8025,0.6235,1194,7363,24635,,,
1200,0.000132400657,6857.93,3.721772198705095e-08,1.1110473632812504e-16,1.3895263671875007e-17,276,26,16,14,94/17/13/12/11/6/3/1/2/4/5/8/9/10/14/16,0,141,3,0.135254/0.338135/0.338867/0.385742/0.25415/0.312988/0.0568848/0.33252/0.248535/0.342773/0.510254/0.42749/0.354736/0.0900879/1.03003/0.169678/0.155273/1.09033/0.825439/0.75415/1.04639/0.7854/0.936279/0/0/0/0/0/0/0/0/0/0/0/0/0/0/0/0/0/0/0/0/0/0/0/0/0/0/0/0/0/0/0/0/0/0/0/0/0/0/0/0/0/0/0/0/0/0/0/0/0/0/0/0/0/0/0/0/0/0/0/0/0/0/0/0/0/0/0/0/0/1.01172/1.04883/0.91333/0/0/0/0/0/0/0/0/0/0/0/0/0/0/0/0/0/0/0/0/0/0/0/0/0/0/0/0/0/0/0/0/0/0/0/0/0/0/0/0/0/0/0/0/0/0/0/0/0/0/0/0/0/0/0/0/0/0/0/0/0/0/0/0/0/0/0/0/0/0/0/0/0/0/0/0/0/0/0/0/0/0/0/0/0/0/0/0/0/0/0/0/0/0/0/0/0/0/0/0/0/0/0/0/0/0/0/0/0/0/0/0/0/0/0/0/0/0/0/0/0/0/0/0/0/0/0/0/0/0/0/0/0/0/0/0/0/0/0/0/0/0/0/0/0/0/0/0/0/0/0/0/0/0/0/0/0/0/0/0/0/0/0/0/0/0/0/0/0/0/0/0/0/0/0/0/0/0/0/0/0,383.482/354.382/347.949/248.875/247.444/271.428/152.16/248.886/246.661/4092.51/4148.49/4222.01/4659.46/4137.6/4272.86/4155.03/4732.98/4242.32/4238.66/4259.1/2647.92/8165.36/4738.76/0/0/0/0/0/0/0/0/0/0/0/0/0/0/0/0/0/0/0/0/0/0/0/0/0/0/0/0/0/0/0/0/0/0/0/0/0/0/0/0/0/0/0/0/0/0/0/0/0/0/0/0/0/0/0/0/0/0/0/0/0/0/0/0/0/0/0/0/0/6312.68/6285.03/6063.66/0/0/0/0/0/0/0/0/0/0/0/0/0/0/0/0/0/0/0/0/0/0/0/0/0/0/0/0/0/0/0/0/0/0/0/0/0/0/0/0/0/0/0/0/0/0/0/0/0/0/0/0/0/0/0/0/0/0/0/0/0/0/0/0/0/0/0/0/0/0/0/0/0/0/0/0/0/0/0/0/0/0/0/0/0/0/0/0/0/0/0/0/0/0/0/0/0/0/0/0/0/0/0/0/0/0/0/0/0/0/0/0/0/0/0/0/0/0/0/0/0/0/0/0/0/0/0/0/0/0/0/0/0/0/0/0/0/0/0/0/0/0/0/0/0/0/0/0/0/0/0/0/0/0/0/0/0/0/0/0/0/0/0/0/0/0/0/0/0/0/0/0/0/0/0/0/0/0/0/0/0,1-2:0.371481/1-3:0.371071/2-4:1.4464/2-17:0.140305/3-6:1.48379/3-22:0.00691323/4-5:1.53572/4-13:0.026105/4-17:0.23659/5-8:1.00438/5-13:0.0966463/5-17:0.00518499/6-7:1.16025/6-22:0.00609416/8-9:1.41552/8-11:0.0213296/8-12:0.183742/8-13:0.00691323/9-10:0.965267/9-11:0.114429/9-12:0.00691323/10-11:0.556631/10-14:1.17302/11-12:2.08735/12-13:1.57279/13-17:1.35699/15-22:0.00345662/18-22:0.246329/19-23:0.338608/20-21:0.381815,1-2:-28.483/1-3:-33.907/2-4:-24.557/2-17:-24.412/3-6:-37.85/3-22:-38.135/4-5:-20.555/4-13:-20.337/4-17:-22.515/5-8:-16.608/5-13:-18.346/5-17:-19.949/6-7:-41.826/6-22:-38.473/8-9:-12.612/8-11:-12.45/8-12:-13.943/8-13:-15.472/9-10:-8.6401/9-11:-10.216/9-12:-11.257/10-11:-10.118/10-14:-4.8879/11-12:-53.677/12-13:-56.443/13-17:-58.026/15-22:-48.91/18-22:-30.983/19-23:-0.032361/20-21:-0.18497,8077,1.8322037111318607e-11,3.1550781250000013e-11,-1.8217859881972304e-06,1.662190030257621,1172,2.568913330136356e-12,50590,1.1173481288363125e-10,1.9761718750000007e-10,1.5553630635070019e-06,4.151758731609336e-06,1.082757258691901e-06,3.871356015226066e-06,1,1,nan,0.31589879443394503,28,94/17/94/17/13/12/11/93/20/94/6/3/15/95/22/2/4/5/8/9/10/14/94/21/93/16/93/22,12,4528.0,1.0,,,2.911957092682433e-09,11,15/3/2/2/1/1/1/1/1/1/1,1/1/1/1/5/5/5/1/5/1/1,2,2,0.785979/0/0/0/0.214021/0/0/0/0/0/0/0,0.71458,15/3/2/2/1/1/1/1/1/1/1,5342/8165/4293/4742/6194/6284/2728/4122/2790/354/270,6628/8401/3857/4145/8164/6230/4713/3707/2599/423/305,6983/6983/4552/4729/4243/4419/6983/530/3845/354/309,15/3/2/2/1/1/1/1/1/1/1,18/9/3/5/5/5/2/2/2/1/1,1,37207,131,530491217.5707832,241247496.46890074,2.1989501459517484,1,-230139254.161977,-210548824.605581,-236319934.280096,7320667.047577,37772940.905592,8364598.014464,-200305669.167695,41382465.571545,23681,107726177.13033,108868424.611183,377883892.082872,307041258.209044,-105833566.314712,-138310909.887473,0.4419,1.0551,0.1183,0.1916,0.0156,0.1612,1.6439,0.2247,0.0055,0.5746,0.802,0.6255,1206,7263,24734,3051.3,618.7,423.2
1220,0.000132400657,7063.29,3.721772198705095e-08,1.1102441406250005e-16,1.3975585937500007e-17,276,26,16,14,94/17/13/12/11/6/3/1/2/4/5/8/9/10/14/16,0,141,3,0.13501/0.339355/0.340088/0.385742/0.253906/0.312988/0.0568848/0.332031/0.247314/0.342773/0.512207/0.427734/0.354248/0.088623/1.04077/0.167969/0.15332/1.09985/0.833496/0.758545/1.05469/0.79126/0.945068/0/0/0/0/0/0/0/0/0/0/0/0/0/0/0/0/0/0/0/0/0/0/0/0/0/0/0/0/0/0/0/0/0/0/0/0/0/0/0/0/0/0/0/0/0/0/0/0/0/0/0/0/0/0/0/0/0/0/0/0/0/0/0/0/0/0/0/0/0/1.01782/1.05688/0.927002/0/0/0/0/0/0/0/0/0/0/0/0/0/0/0/0/0/0/0/0/0/0/0/0/0/0/0/0/0/0/0/0/0/0/0/0/0/0/0/0/0/0/0/0/0/0/0/0/0/0/0/0/0/0/0/0/0/0/0/0/0/0/0/0/0/0/0/0/0/0/0/0/0/0/0/0/0/0/0/0/0/0/0/0/0/0/0/0/0/0/0/0/0/0/0/0/0/0/0/0/0/0/0/0/0/0/0/0/0/0/0/0/0/0/0/0/0/0/0/0/0/0/0/0/0/0/0/0/0/0/0/0/0/0/0/0/0/0/0/0/0/0/0/0/0/0/0/0/0/0/0/0/0/0/0/0/0/0/0/0/0/0/0/0/0/0/0/0/0/0/0/0/0/0/0/0/0/0/0/0/0,383.482/400.24/347.949/248.875/247.444/271.428/152.16/248.886/246.661/4092.51/4148.49/4222.01/4659.46/4137.6/4272.86/4155.03/4732.98/4242.32/4238.66/4259.1/2647.92/8165.36/4738.76/0/0/0/0/0/0/0/0/0/0/0/0/0/0/0/0/0/0/0/0/0/0/0/0/0/0/0/0/0/0/0/0/0/0/0/0/0/0/0/0/0/0/0/0/0/0/0/0/0/0/0/0/0/0/0/0/0/0/0/0/0/0/0/0/0/0/0/0/0/6312.68/6285.03/6091.32/0/0/0/0/0/0/0/0/0/0/0/0/0/0/0/0/0/0/0/0/0/0/0/0/0/0/0/0/0/0/0/0/0/0/0/0/0/0/0/0/0/0/0/0/0/0/0/0/0/0/0/0/0/0/0/0/0/0/0/0/0/0/0/0/0/0/0/0/0/0/0/0/0/0/0/0/0/0/0/0/0/0/0/0/0/0/0/0/0/0/0/0/0/0/0/0/0/0/0/0/0/0/0/0/0/0/0/0/0/0/0/0/0/0/0/0/0/0/0/0/0/0/0/0/0/0/0/0/0/0/0/0/0/0/0/0/0/0/0/0/0/0/0/0/0/0/0/0/0/0/0/0/0/0/0/0/0/0/0/0/0/0/0/0/0/0/0/0/0/0/0/0/0/0/0/0/0/0/0/0/0,,,8082,1.8329360139907314e-11,3.157031250000001e-11,-1.8222570162946995e-06,1.654653580698115,1175,2.574098064075801e-12,50812,1.122503757962579e-10,1.9848437500000007e-10,1.5549500510767798e-06,4.151758731609336e-06,1.1048543456039805e-06,3.871356015226066e-06,1,1,nan,0.2971368450747813,30,94/17/94/17/13/12/11/93/20/19/20/94/6/3/15/95/22/2/4/5/8/9/10/14/94/21/93/16/93/22,14,4527.5,1.0,,,2.9189746170255328e-09,,,,,,,,,,,,,,1,37369,138,498984135.1288293,240828535.2590204,2.071947722441415,3,-232904147.680033,-212108870.536139,-235304516.973485,4886291.657881,36257612.369646,9440345.640713,-199211859.155333,42683474.413022,24083,103248125.48922,107834139.453025,384407833.210687,301739148.606738,-115296436.801486,-138692536.874919,0.4084,1.0424,0.1158,0.1883,0.0154,0.1651,1.6388,0.2224,0.0055,0.5695,0.7958,0.6279,1173,7109,24863,,,
1240,0.000132400657,7189.74,3.721772198705095e-08,1.1093969726562505e-16,1.4060302734375008e-17,276,26,16,14,94/17/13/12/11/6/3/1/2/4/5/8/9/10/14/16,0,142,3,0.13501/0.339355/0.34082/0.385742/0.25293/0.3125/0.0566406/0.331543/0.246826/0.342529/0.512695/0.427979/0.35376/0.0881348/1.0498/0.164795/0.150391/1.10938/0.841553/0.762939/1.06323/0.797607/0.953613/0/0/0/0/0/0/0/0/0/0/0/0/0/0/0/0/0/0/0/0/0/0/0/0/0/0/0/0/0/0/0/0/0/0/0/0/0/0/0/0/0/0/0/0/0/0/0/0/0/0/0/0/0/0/0/0/0/0/0/0/0/0/0/0/0/0/0/0/0/1.03247/1.06714/0.940918/0/0/0/0/0/0/0/0/0/0/0/0/0/0/0/0/0/0/0/0/0/0/0/0/0/0/0/0/0/0/0/0/0/0/0/0/0/0/0/0/0/0/0/0/0/0/0/0/0/0/0/0/0/0/0/0/0/0/0/0/0/0/0/0/0/0/0/0/0/0/0/0/0/0/0/0/0/0/0/0/0/0/0/0/0/0/0/0/0/0/0/0/0/0/0/0/0/0/0/0/0/0/0/0/0/0/0/0/0/0/0/0/0/0/0/0/0/0/0/0/0/0/0/0/0/0/0/0/0/0/0/0/0/0/0/0/0/0/0/0/0/0/0/0/0/0/0/0/0/0/0/0/0/0/0/0/0/0/0/0/0/0/0/0/0/0/0/0/0/0/0/0/0/0/0/0/0/0/0/0/0,383.482/400.24/347.949/248.875/247.444/271.428/152.16/248.886/246.661/4092.51/4148.49/4222.01/4659.46/4137.6/4272.86/4155.03/4732.98/4242.32/4238.66/4259.1/2647.92/8165.36/4758.41/0/0/0/0/0/0/0/0/0/0/0/0/0/0/0/0/0/0/0/0/0/0/0/0/0/0/0/0/0/0/0/0/0/0/0/0/0/0/0/0/0/0/0/0/0/0/0/0/0/0/0/0/0/0/0/0/0/0/0/0/0/0/0/0/0/0/0/0/0/6312.68/6285.03/6091.32/0/0/0/0/0/0/0/0/0/0/0/0/0/0/0/0/0/0/0/0/0/0/0/0/0/0/0/0/0/0/0/0/0/0/0/0/0/0/0/0/0/0/0/0/0/0/0/0/0/0/0/0/0/0/0/0/0/0/0/0/0/0/0/0/0/0/0/0/0/0/0/0/0/0/0/0/0/0/0/0/0/0/0/0/0/0/0/0/0/0/0/0/0/0/0/0/0/0/0/0/0/0/0/0/0/0/0/0/0/0/0/0/0/0/0/0/0/0/0/0/0/0/0/0/0/0/0/0/0/0/0/0/0/0/0/0/0/0/0/0/0/0/0/0/0/0/0/0/0/0/0/0/0/0/0/0/0/0/0/0/0/0/0/0/0/0/0/0/0/0/0/0/0/0/0/0/0/0/0/0/0,,,8084,1.832226621331636e-11,3.157812500000001e-11,-1.8217428792355417e-06,1.6628797736446401,1191,2.6123012893334394e-12,51088,1.1288300548813843e-10,1.9956250000000008e-10,1.5545356274906492e-06,4.151758731609336e-06,1.1048543456039805e-06,3.871356015226066e-06,1,1,nan,0.3012640441232363,28,94/17/94/17/13/12/11/93/20/94/6/3/15/95/22/2/4/5/8/9/10/14/94/21/93/16/93/22,12,4527.7,1.0,,,2.925673515161629e-09,,,,,,,,,,,,,,1,37540,144,505914971.4819566,240825430.34789744,2.10075393927921,2,-232528409.473313,-212452638.508957,-234324984.320365,3963808.225522,35792324.864578,10624210.409129,-198502648.67354,43966313.388512,24495,104763668.479307,108762512.080993,388837189.196676,293718466.610291,-107719852.56259,-137288609.019197,0.4275,1.0442,0.1156,0.1898,0.015,0.1656,1.6326,0.2231,0.0056,0.5729,0.7925,0.6294,1180,6974,24932,,,
1260,0.000132400657,7311.68,3.721772198705095e-08,1.1085913085937505e-16,1.4140869140625007e-17,276,26,16,14,94/17/13/12/11/6/3/1/2/4/5/8/9/10/14/16,0,143,2,0.13501/0.340332/0.340576/0.385742/0.25293/0.312012/0.0563965/0.330811/0.246338/0.342529/0.513184/0.428223/0.352783/0.0874023/1.05981/0.162109/0.148682/1.12134/0.848633/0.76709/1.07178/0.801514/0.960449/0/0/0/0/0/0/0/0/0/0/0/0/0/0/0/0/0/0/0/0/0/0/0/0/0/0/0/0/0/0/0/0/0/0/0/0/0/0/0/0/0/0/0/0/0/0/0/0/0/0/0/0/0/0/0/0/0/0/0/0/0/0/0/0/0/0/0/0/0/1.04199/1.07617/0.957031/0/0/0/0/0/0/0/0/0/0/0/0/0/0/0/0/0/0/0/0/0/0/0/0/0/0/0/0/0/0/0/0/0/0/0/0/0/0/0/0/0/0/0/0/0/0/0/0/0/0/0/0/0/0/0/0/0/0/0/0/0/0/0/0/0/0/0/0/0/0/0/0/0/0/0/0/0/0/0/0/0/0/0/0/0/0/0/0/0/0/0/0/0/0/0/0/0/0/0/0/0/0/0/0/0/0/0/0/0/0/0/0/0/0/0/0/0/0/0/0/0/0/0/0/0/0/0/0/0/0/0/0/0/0/0/0/0/0/0/0/0/0/0/0/0/0/0/0/0/0/0/0/0/0/0/0/0/0/0/0/0/0/0/0/0/0/0/0/0/0/0/0/0/0/0/0/0/0/0/0/0,383.482/400.24/347.949/248.875/247.444/271.428/152.16/248.886/246.661/4092.51/4148.49/4767.19/4659.46/4137.6/4272.86/4155.03/4732.98/4242.32/4238.66/4259.1/2647.92/8165.36/4758.41/0/0/0/0/0/0/0/0/0/0/0/0/0/0/0/0/0/0/0/0/0/0/0/0/0/0/0/0/0/0/0/0/0/0/0/0/0/0/0/0/0/0/0/0/0/0/0/0/0/0/0/0/0/0/0/0/0/0/0/0/0/0/0/0/0/0/0/0/0/6340.33/6285.03/6118.97/0/0/0/0/0/0/0/0/0/0/0/0/0/0/0/0/0/0/0/0/0/0/0/0/0/0/0/0/0/0/0/0/0/0/0/0/0/0/0/0/0/0/0/0/0/0/0/0/0/0/0/0/0/0/0/0/0/0/0/0/0/0/0/0/0/0/0/0/0/0/0/0/0/0/0/0/0/0/0/0/0/0/0/0/0/0/0/0/0/0/0/0/0/0/0/0/0/0/0/0/0/0/0/0/0/0/0/0/0/0/0/0/0/0/0/0/0/0/0/0/0/0/0/0/0/0/0/0/0/0/0/0/0/0/0/0/0/0/0/0/0/0/0/0/0/0/0/0/0/0/0/0/0/0/0/0/0/0/0/0/0/0/0/0/0/0/0/0/0/0/0/0/0/0/0/0/0/0/0/0/0,,,8081,1.8310487437484106e-11,3.156640625000001e-11,-1.8211704034934908e-06,1.6720393855174542,1215,2.6656496892980688e-12,51342,1.1344596229442173e-10,2.0055468750000007e-10,1.5552865214118292e-06,4.151758731609336e-06,1.1269514325160605e-06,3.977701386401431e-06,1,1,nan,0.30774632223309517,28,94/17/94/17/13/12/11/93/20/94/6/3/15/95/22/2/4/5/8/9/10/14/94/21/93/16/93/22,12,4528.0,1.0,,,2.9324169539416694e-09,,,,,,,,,,,,,,1,37721,151,516800709.78714204,240818753.71475974,2.1460152160710537,1,-231708390.835126,-213340091.432653,-233276772.298155,4188478.555274,34904870.171676,11893008.613892,-198096818.623944,44825129.367098,24859,103779975.961635,109882075.483234,390582486.870896,276770306.751542,-110454114.443554,-136374726.444222,0.4611,1.026,0.1139,0.1885,0.0154,0.1652,1.6268,0.2238,0.0056,0.5731,0.7883,0.631,1190,6827,25027,,,
1280,0.000142585323,7443.33,3.580544593920658e-08,1.1075903320312505e-16,1.4240966796875006e-17,276,26,16,14,94/17/13/12/11/6/3/1/2/4/5/8/9/10/14/16,0,143,2,0.134766/0.344971/0.342529/0.385986/0.25293/0.312256/0.0563965/0.330322/0.246338/0.342529/0.515625/0.427979/0.352295/0.0869141/1.07056/0.161865/0.145508/1.13208/0.85498/0.773926/1.08276/0.808105/0.968994/0/0/0/0/0/0/0/0/0/0/0/0/0/0/0/0/0/0/0/0/0/0/0/0/0/0/0/0/0/0/0/0/0/0/0/0/0/0/0/0/0/0/0/0/0/0/0/0/0/0/0/0/0/0/0/0/0/0/0/0/0/0/0/0/0/0/0/0/0/1.05127/1.08838/0.970703/0/0/0/0/0/0/0/0/0/0/0/0/0/0/0/0/0/0/0/0/0/0/0/0/0/0/0/0/0/0/0/0/0/0/0/0/0/0/0/0/0/0/0/0/0/0/0/0/0/0/0/0/0/0/0/0/0/0/0/0/0/0/0/0/0/0/0/0/0/0/0/0/0/0/0/0/0/0/0/0/0/0/0/0/0/0/0/0/0/0/0/0/0/0/0/0/0/0/0/0/0/0/0/0/0/0/0/0/0/0/0/0/0/0/0/0/0/0/0/0/0/0/0/0/0/0/0/0/0/0/0/0/0/0/0/0/0/0/0/0/0/0/0/0/0/0/0/0/0/0/0/0/0/0/0/0/0/0/0/0/0/0/0/0/0/0/0/0/0/0/0/0/0/0/0/0/0/0/0/0/0,383.482/463.534/347.949/248.875/247.444/271.428/152.16/248.886/246.661/4092.51/4148.49/4788.29/4659.46/4137.6/4272.86/4155.03/4732.98/4243.77/4238.66/4259.1/2647.92/8165.36/4758.41/0/0/0/0/0/0/0/0/0/0/0/0/0/0/0/0/0/0/0/0/0/0/0/0/0/0/0/0/0/0/0/0/0/0/0/0/0/0/0/0/0/0/0/0/0/0/0/0/0/0/0/0/0/0/0/0/0/0/0/0/0/0/0/0/0/0/0/0/0/6340.33/6285.03/6118.97/0/0/0/0/0/0/0/0/0/0/0/0/0/0/0/0/0/0/0/0/0/0/0/0/0/0/0/0/0/0/0/0/0/0/0/0/0/0/0/0/0/0/0/0/0/0/0/0/0/0/0/0/0/0/0/0/0/0/0/0/0/0/0/0/0/0/0/0/0/0/0/0/0/0/0/0/0/0/0/0/0/0/0/0/0/0/0/0/0/0/0/0/0/0/0/0/0/0/0/0/0/0/0/0/0/0/0/0/0/0/0/0/0/0/0/0/0/0/0/0/0/0/0/0/0/0/0/0/0/0/0/0/0/0/0/0/0/0/0/0/0/0/0/0/0/0/0/0/0/0/0/0/0/0/0/0/0/0/0/0/0/0/0/0/0/0/0/0/0/0/0/0/0/0/0/0/0/0/0/0/0,,,8093,1.8331227140410468e-11,3.161328125000001e-11,-1.8211149935445199e-06,1.6729259447009897,1228,2.6947118066251494e-12,51672,1.1419829566628926e-10,2.0184375000000008e-10,1.5545927620226818e-06,4.151758731609336e-06,1.1269514325160605e-06,3.977701386401431e-06,1,1,nan,0.29618788104013616,26,94/17/13/12/11/93/20/94/6/3/15/95/22/2/4/5/8/9/10/14/94/21/93/16/93/22,12,4526.4,1.0,,,2.9403875745471753e-09,,,,,,,,,,,,,,1,37930,155,517009133.0921913,249893341.40582505,2.068919204423987,1,-230229114.647842,-214161711.46281,-232281822.027695,13103692.49818,43794911.943438,23040100.303655,-197539581.079176,55321129.988645,25278,116516338.261306,119564406.506352,394259048.225132,337921275.261383,-118711150.302773,-137163855.330976,0.5858,1.0881,0.1339,0.2,0.0149,0.1713,1.7019,0.2399,0.0059,0.5841,0.7847,0.6331,1236,6697,25097,,,
1300,0.000142585323,7577.94,3.580544593920658e-08,1.1066748046875005e-16,1.4332519531250006e-17,276,26,16,14,94/17/13/12/11/6/3/1/2/4/5/8/9/10/14/16,0,143,2,0.134766/0.345459/0.34375/0.385986/0.251709/0.312012/0.0563965/0.32959/0.245605/0.342529/0.516602/0.42749/0.352295/0.0856934/1.08154/0.162354/0.143311/1.14038/0.863281/0.781006/1.09253/0.815186/0.977295/0/0/0/0/0/0/0/0/0/0/0/0/0/0/0/0/0/0/0/0/0/0/0/0/0/0/0/0/0/0/0/0/0/0/0/0/0/0/0/0/0/0/0/0/0/0/0/0/0/0/0/0/0/0/0/0/0/0/0/0/0/0/0/0/0/0/0/0/0/1.0625/1.09839/0.984863/0/0/0/0/0/0/0/0/0/0/0/0/0/0/0/0/0/0/0/0/0/0/0/0/0/0/0/0/0/0/0/0/0/0/0/0/0/0/0/0/0/0/0/0/0/0/0/0/0/0/0/0/0/0/0/0/0/0/0/0/0/0/0/0/0/0/0/0/0/0/0/0/0/0/0/0/0/0/0/0/0/0/0/0/0/0/0/0/0/0/0/0/0/0/0/0/0/0/0/0/0/0/0/0/0/0/0/0/0/0/0/0/0/0/0/0/0/0/0/0/0/0/0/0/0/0/0/0/0/0/0/0/0/0/0/0/0/0/0/0/0/0/0/0/0/0/0/0/0/0/0/0/0/0/0/0/0/0/0/0/0/0/0/0/0/0/0/0/0/0/0/0/0/0/0/0/0/0/0/0/0,383.482/463.534/347.949/248.875/247.444/271.428/152.16/248.886/246.661/4092.51/4148.49/4788.29/4659.46/4137.6/4300.51/4155.03/4698.77/4243.77/4238.66/4259.1/2647.92/8165.36/4758.41/0/0/0/0/0/0/0/0/0/0/0/0/0/0/0/0/0/0/0/0/0/0/0/0/0/0/0/0/0/0/0/0/0/0/0/0/0/0/0/0/0/0/0/0/0/0/0/0/0/0/0/0/0/0/0/0/0/0/0/0/0/0/0/0/0/0/0/0/0/6340.33/6285.03/6118.97/0/0/0/0/0/0/0/0/0/0/0/0/0/0/0/0/0/0/0/0/0/0/0/0/0/0/0/0/0/0/0/0/0/0/0/0/0/0/0/0/0/0/0/0/0/0/0/0/0/0/0/0/0/0/0/0/0/0/0/0/0/0/0/0/0/0/0/0/0/0/0/0/0/0/0/0/0/0/0/0/0/0/0/0/0/0/0/0/0/0/0/0/0/0/0/0/0/0/0/0/0/0/0/0/0/0/0/0/0/0/0/0/0/0/0/0/0/0/0/0/0/0/0/0/0/0/0/0/0/0/0/0/0/0/0/0/0/0/0/0/0/0/0/0/0/0/0/0/0/0/0/0/0/0/0/0/0/0/0/0/0/0/0/0/0/0/0/0/0/0/0/0/0/0/0/0/0/0/0/0/0,1-2:0.371481/1-3:0.371071/2-4:1.4464/2-17:0.140305/3-6:1.46773/3-22:0.00691323/4-5:1.52486/4-13:0.026105/4-17:0.23659/5-8:0.991372/5-13:0.0966463/5-17:0.00518499/6-7:1.15374/6-22:0.00609416/8-9:1.40029/8-11:0.0213296/8-12:0.183742/8-13:0.00691323/9-10:0.965267/9-11:0.114429/9-12:0.00691323/10-11:0.556631/10-14:1.16388/11-12:2.08126/12-13:1.57279/13-17:1.34002/15-22:0.0207397/18-22:0.303363/19-23:0.348569/20-21:0.393504,1-2:-28.483/1-3:-33.907/2-4:-24.557/2-17:-24.412/3-6:-37.853/3-22:-38.135/4-5:-20.555/4-13:-20.337/4-17:-22.515/5-8:-16.61/5-13:-18.346/5-17:-19.949/6-7:-41.823/6-22:-38.473/8-9:-12.612/8-11:-12.45/8-12:-13.943/8-13:-15.472/9-10:-8.6401/9-11:-10.216/9-12:-11.257/10-11:-10.118/10-14:-4.8879/11-12:-53.677/12-13:-56.563/13-17:-58.137/15-22:-37.645/18-22:-31.855/19-23:-0.010976/20-21:-0.1902,8095,1.832413385312666e-11,3.162109375000001e-11,-1.8224579597886823e-06,1.6514384847943906,1234,2.7077193259900246e-12,52024,1.1499656649275877e-10,2.032187500000001e-10,1.5546827966703918e-06,4.151758731609336e-06,1.14904851942814e-06,3.977701386401431e-06,1,1,nan,0.29381161747568046,26,94/17/13/12/11/93/20/94/6/3/15/95/22/2/4/5/8/9/10/14/94/21/93/16/93/22,12,4525.6,1.0,,,2.948346832273772e-09,11,15/3/2/2/1/1/1/1/1/1/1,1/1/1/1/5/5/5/1/5/1/1,2,2,0.780516/0/0/0/0.219484/0/0/0/0/0/0/0,0.708253,15/3/2/2/1/1/1/1/1/1/1,5234/8165/4293/4758/6223/2792/6284/4122/2790/291/354,6628/8401/3861/4145/8136/4762/6257/3707/2599/366/438,6983/6983/4596/4817/4287/6983/4419/619/3889/354/354,15/3/2/2/1/1/1/1/1/1/1,19/8/3/5/5/2/5/2/2/1/1,1,38105,162,512861259.2455523,249801753.42920402,2.053073095785541,1,-231177735.655258,-215076459.751793,-231351124.245864,11297134.045721,42792665.970443,24380312.294305,-197041856.744276,55974482.877539,25635,115804911.862545,119763364.575192,396757811.470428,333291929.358943,-117876096.564144,-136632163.583466,0.5789,1.0761,0.1328,0.1979,0.0157,0.1704,1.669,0.2398,0.006,0.5837,0.7804,0.6351,1249,6580,25216,2470.1,618.7,422.3
1320,0.000142585323,7802.55,3.580544593920658e-08,1.1057470703125005e-16,1.4425292968750007e-17,276,26,16,14,94/17/13/12/11/6/3/1/2/4/5/8/9/10/14/16,0,144,3,0.13501/0.348145/0.344482/0.385986/0.251221/0.312256/0.0561523/0.329346/0.245361/0.342529/0.516846/0.42749/0.352051/0.0844727/1.09595/0.161865/0.141357/1.14917/0.870605/0.78833/1.10425/0.819824/0.983154/0/0/0/0/0/0/0/0/0/0/0/0/0/0/0/0/0/0/0/0/0/0/0/0/0/0/0/0/0/0/0/0/0/0/0/0/0/0/0/0/0/0/0/0/0/0/0/0/0/0/0/0/0/0/0/0/0/0/0/0/0/0/0/0/0/0/0/0/0/1.07227/1.10889/0.998291/0/0/0/0/0/0/0/0/0/0/0/0/0/0/0/0/0/0/0/0/0/0/0/0/0/0/0/0/0/0/0/0/0/0/0/0/0/0/0/0/0/0/0/0/0/0/0/0/0/0/0/0/0/0/0/0/0/0/0/0/0/0/0/0/0/0/0/0/0/0/0/0/0/0/0/0/0/0/0/0/0/0/0/0/0/0/0/0/0/0/0/0/0/0/0/0/0/0/0/0/0/0/0/0/0/0/0/0/0/0/0/0/0/0/0/0/0/0/0/0/0/0/0/0/0/0/0/0/0/0/0/0/0/0/0/0/0/0/0/0/0/0/0/0/0/0/0/0/0/0/0/0/0/0/0/0/0/0/0/0/0/0/0/0/0/0/0/0/0/0/0/0/0/0/0/0/0/0/0/0/0,383.482/463.534/347.949/248.875/247.444/271.428/152.16/248.886/246.661/4092.51/4148.49/4815.94/4659.46/4137.6/4300.51/4155.03/4698.77/4243.77/4238.66/4259.1/2669.02/8165.36/4758.41/0/0/0/0/0/0/0/0/0/0/0/0/0/0/0/0/0/0/0/0/0/0/0/0/0/0/0/0/0/0/0/0/0/0/0/0/0/0/0/0/0/0/0/0/0/0/0/0/0/0/0/0/0/0/0/0/0/0/0/0/0/0/0/0/0/0/0/0/0/6340.33/6285.03/6118.97/0/0/0/0/0/0/0/0/0/0/0/0/0/0/0/0/0/0/0/0/0/0/0/0/0/0/0/0/0/0/0/0/0/0/0/0/0/0/0/0/0/0/0/0/0/0/0/0/0/0/0/0/0/0/0/0/0/0/0/0/0/0/0/0/0/0/0/0/0/0/0/0/0/0/0/0/0/0/0/0/0/0/0/0/0/0/0/0/0/0/0/0/0/0/0/0/0/0/0/0/0/0/0/0/0/0/0/0/0/0/0/0/0/0/0/0/0/0/0/0/0/0/0/0/0/0/0/0/0/0/0/0/0/0/0/0/0/0/0/0/0/0/0/0/0/0/0/0/0/0/0/0/0/0/0/0/0/0/0/0/0/0/0/0/0/0/0/0/0/0/0/0/0/0/0/0/0/0/0/0/0,,,8099,1.83270909691672e-11,3.1636718750000014e-11,-1.821853491006396e-06,1.6611099853109719,1272,2.7879019696599637e-12,52294,1.1563465246844771e-10,2.0427343750000007e-10,1.5547450305163902e-06,4.151758731609336e-06,1.14904851942814e-06,3.977701386401431e-06,1,1,nan,0.28837624204693224,26,94/17/13/12/11/93/20/94/6/3/15/95/22/2/4/5/8/9/10/14/94/21/93/16/93/22,12,4524.5,1.0,,,2.95637129389266e-09,,,,,,,,,,,,,,1,38302,167,503373569.44346035,250378532.81121445,2.010450192321417,2,-233062316.530667,-216479258.127081,-230626025.156105,9411472.708326,41020247.395723,25208377.512685,-196368625.378095,56746311.559289,26084,120569963.704868,118207860.308199,395432656.40674,327380606.853241,-114315143.742271,-137952963.745973,0.5958,1.1363,0.1296,0.1947,0.0155,0.17,1.759,0.2372,0.006,0.582,0.7723,0.6372,1225,6442,25309,,,
1340,0.000142585323,7937.03,3.580544593920658e-08,1.1048291015625005e-16,1.4517089843750006e-17,276,26,16,14,94/17/13/12/11/6/3/1/2/4/5/8/9/10/14/16,0,145,3,0.13501/0.351807/0.344482/0.385986/0.250977/0.312256/0.0559082/0.32959/0.245117/0.341797/0.517822/0.42749/0.351807/0.0837402/1.11011/0.15918/0.139648/1.15918/0.878174/0.795166/1.11377/0.825439/0.988281/0/0/0/0/0/0/0/0/0/0/0/0/0/0/0/0/0/0/0/0/0/0/0/0/0/0/0/0/0/0/0/0/0/0/0/0/0/0/0/0/0/0/0/0/0/0/0/0/0/0/0/0/0/0/0/0/0/0/0/0/0/0/0/0/0/0/0/0/0/1.08203/1.11938/1.01294/0/0/0/0/0/0/0/0/0/0/0/0/0/0/0/0/0/0/0/0/0/0/0/0/0/0/0/0/0/0/0/0/0/0/0/0/0/0/0/0/0/0/0/0/0/0/0/0/0/0/0/0/0/0/0/0/0/0/0/0/0/0/0/0/0/0/0/0/0/0/0/0/0/0/0/0/0/0/0/0/0/0/0/0/0/0/0/0/0/0/0/0/0/0/0/0/0/0/0/0/0/0/0/0/0/0/0/0/0/0/0/0/0/0/0/0/0/0/0/0/0/0/0/0/0/0/0/0/0/0/0/0/0/0/0/0/0/0/0/0/0/0/0/0/0/0/0/0/0/0/0/0/0/0/0/0/0/0/0/0/0/0/0/0/0/0/0/0/0/0/0/0/0/0/0/0/0/0/0/0/0,383.482/463.534/347.949/248.875/247.444/271.428/152.16/248.886/246.661/4092.51/4148.49/4815.94/4659.46/4137.6/4300.51/4168.13/4698.77/4243.77/4238.66/4259.1/2669.02/8165.36/4758.41/0/0/0/0/0/0/0/0/0/0/0/0/0/0/0/0/0/0/0/0/0/0/0/0/0/0/0/0/0/0/0/0/0/0/0/0/0/0/0/0/0/0/0/0/0/0/0/0/0/0/0/0/0/0/0/0/0/0/0/0/0/0/0/0/0/0/0/0/0/6340.34/6285.03/6118.97/0/0/0/0/0/0/0/0/0/0/0/0/0/0/0/0/0/0/0/0/0/0/0/0/0/0/0/0/0/0/0/0/0/0/0/0/0/0/0/0/0/0/0/0/0/0/0/0/0/0/0/0/0/0/0/0/0/0/0/0/0/0/0/0/0/0/0/0/0/0/0/0/0/0/0/0/0/0/0/0/0/0/0/0/0/0/0/0/0/0/0/0/0/0/0/0/0/0/0/0/0/0/0/0/0/0/0/0/0/0/0/0/0/0/0/0/0/0/0/0/0/0/0/0/0/0/0/0/0/0/0/0/0/0/0/0/0/0/0/0/0/0/0/0/0/0/0/0/0/0/0/0/0/0/0/0/0/0/0/0/0/0/0/0/0/0/0/0/0/0/0/0/0/0/0/0/0/0/0/0/0,,,8103,1.8335323037426833e-11,3.165234375000001e-11,-1.82062465599568e-06,1.680771345482428,1298,2.844706603194697e-12,52546,1.1621525259431447e-10,2.0525781250000008e-10,1.554272149500455e-06,4.158309302739484e-06,1.14904851942814e-06,4.121879806463746e-06,1,1,nan,0.4988810825673664,26,94/17/13/12/11/93/20/94/6/3/15/95/22/2/4/5/8/9/10/14/94/21/93/16/93/22,12,4523.9,1.0,,,2.965314535560444e-09,,,,,,,,,,,,,,1,38523,167,870819140.5687414,249305916.23458004,3.492974229096751,1,-233473606.865816,-217668351.088827,-229848645.879231,9250926.585343,39783292.152552,25978120.501981,-195787751.701508,57524924.865244,26415,121964590.905932,118232587.831011,292940449.964044,321272486.389395,-113594200.790279,-137615062.912363,0.5933,1.1593,0.1295,0.1909,0.0156,0.1693,1.7626,0.2354,0.006,0.5935,0.7699,0.6393,1252,6341,25440,,,
1360,0.000142585323,8073.06,3.580544593920658e-08,1.1039697265625006e-16,1.4603027343750006e-17,276,26,16,14,94/17/13/12/11/6/3/1/2/4/5/8/9/10/14/16,0,147,3,0.134766/0.353027/0.345459/0.385986/0.250977/0.312256/0.0554199/0.329834/0.244873/0.341797/0.519287/0.42749/0.351807/0.0834961/1.12012/0.156494/0.13916/1.17017/0.883301/0.801514/1.12085/0.831055/0.993408/0/0/0/0/0/0/0/0/0/0/0/0/0/0/0/0/0/0/0/0/0/0/0/0/0/0/0/0/0/0/0/0/0/0/0/0/0/0/0/0/0/0/0/0/0/0/0/0/0/0/0/0/0/0/0/0/0/0/0/0/0/0/0/0/0/0/0/0/0/1.09473/1.12769/1.02808/0/0/0/0/0/0/0/0/0/0/0/0/0/0/0/0/0/0/0/0/0/0/0/0/0/0/0/0/0/0/0/0/0/0/0/0/0/0/0/0/0/0/0/0/0/0/0/0/0/0/0/0/0/0/0/0/0/0/0/0/0/0/0/0/0/0/0/0/0/0/0/0/0/0/0/0/0/0/0/0/0/0/0/0/0/0/0/0/0/0/0/0/0/0/0/0/0/0/0/0/0/0/0/0/0/0/0/0/0/0/0/0/0/0/0/0/0/0/0/0/0/0/0/0/0/0/0/0/0/0/0/0/0/0/0/0/0/0/0/0/0/0/0/0/0/0/0/0/0/0/0/0/0/0/0/0/0/0/0/0/0/0/0/0/0/0/0/0/0/0/0/0/0/0/0/0/0/0/0/0/0,383.482/463.534/347.949/248.875/247.444/271.428/152.16/248.886/246.661/4092.51/4148.49/4815.94/4659.46/4137.6/4300.51/4168.13/4698.77/4266.3/4238.66/4259.1/2669.02/8165.36/4758.41/0/0/0/0/0/0/0/0/0/0/0/0/0/0/0/0/0/0/0/0/0/0/0/0/0/0/0/0/0/0/0/0/0/0/0/0/0/0/0/0/0/0/0/0/0/0/0/0/0/0/0/0/0/0/0/0/0/0/0/0/0/0/0/0/0/0/0/0/0/6340.34/6285.03/6118.97/0/0/0/0/0/0/0/0/0/0/0/0/0/0/0/0/0/0/0/0/0/0/0/0/0/0/0/0/0/0/0/0/0/0/0/0/0/0/0/0/0/0/0/0/0/0/0/0/0/0/0/0/0/0/0/0/0/0/0/0/0/0/0/0/0/0/0/0/0/0/0/0/0/0/0/0/0/0/0/0/0/0/0/0/0/0/0/0/0/0/0/0/0/0/0/0/0/0/0/0/0/0/0/0/0/0/0/0/0/0/0/0/0/0/0/0/0/0/0/0/0/0/0/0/0/0/0/0/0/0/0/0/0/0/0/0/0/0/0/0/0/0/0/0/0/0/0/0/0/0/0/0/0/0/0/0/0/0/0/0/0/0/0/0/0/0/0/0/0/0/0/0/0/0/0/0/0/0/0/0/0,,,8098,1.8324044018431302e-11,3.163281250000001e-11,-1.820985326426911e-06,1.67500061858273,1338,2.9336208162381296e-12,52820,1.16847061163298e-10,2.0632812500000007e-10,1.5546116639688219e-06,4.158309302739484e-06,1.14904851942814e-06,4.121879806463746e-06,1,1,nan,0.5497456022951808,26,94/17/13/12/11/93/20/94/6/3/15/95/22/2/4/5/8/9/10/14/94/21/93/16/93/22,12,4524.1,1.0,,,2.973483952769197e-09,,,,,,,,,,,,,,1,38729,169,959605424.319711,250192629.0221214,3.8354664087040913,1,-231776360.798683,-218182225.148569,-229198579.574231,10003460.683396,38959158.349332,26903193.417888,-195665011.295768,58034806.700514,26722,122289573.301516,117716303.788286,295735637.844976,316461185.378557,-114066203.10826,-137664486.855576,0.5572,1.1717,0.1275,0.19,0.0159,0.1654,1.7528,0.2351,0.006,0.6026,0.7663,0.6409,1286,6239,25550,,,
1380,0.000152769989,8233.0,3.449643283398588e-08,1.0961669921875005e-16,1.5383300781250006e-17,276,27,18,16,94/17/13/12/11/7/6/3/1/2/4/5/8/9/10/14/20/16,0,147,3,0.134766/0.354248/0.348633/0.339844/0.19165/0.312256/0.0554199/0.319336/0.244629/0.341553/0.519287/0.427246/0.351807/0.0827637/1.13184/0.157227/0.137695/1.17749/0.889648/0.806885/1.12891/0.834717/1.00146/0/0/0/0/0/0/0/0/0/0/0/0/0/0/0/0/0/0/0/0/0/0/0/0/0/0/0/0/0/0/0/0/0/0/0/0/0/0/0/0/0/0/0/0/0/0/0/0/0/0/0/0/0/0/0/0/0/0/0/0/0/0/0/0/0/0/0/0/0/1.10474/1.14038/1.03979/0/0/0/0/0/0/0/0/0/0/0/0/0/0/0/0/0/0/0/0/0/0/0/0/0/0/0/0/0/0/0/0/0/0/0/0/0/0/0/0/0/0/0/0/0/0/0/0/0/0/0/0/0/0/0/0/0/0/0/0/0/0/0/0/0/0/0/0/0/0/0/0/0/0/0/0/0/0/0/0/0/0/0/0/0/0/0/0/0/0.809082/0/0/0/0/0/0/0/0/0/0/0/0/0/0/0/0/0/0/0/0/0/0/0/0/0/0/0/0/0/0/0/0/0/0/0/0/0/0/0/0/0/0/0/0/0/0/0/0/0/0/0/0/0/0/0/0/0/0/0/0/0/0/0/0/0/0/0/0/0/0/0/0/0/0/0/0/0/0/0/0/0/0/0/0/0/0/0/0/0/0/0,383.482/435.882/347.949/248.875/246.783/271.428/152.16/248.886/246.661/4092.51/4148.49/4815.94/4659.46/4137.6/4300.51/4168.13/4698.77/4266.3/4238.66/4259.1/2669.02/8165.36/4758.41/0/0/0/0/0/0/0/0/0/0/0/0/0/0/0/0/0/0/0/0/0/0/0/0/0/0/0/0/0/0/0/0/0/0/0/0/0/0/0/0/0/0/0/0/0/0/0/0/0/0/0/0/0/0/0/0/0/0/0/0/0/0/0/0/0/0/0/0/0/6340.34/6285.03/6118.97/0/0/0/0/0/0/0/0/0/0/0/0/0/0/0/0/0/0/0/0/0/0/0/0/0/0/0/0/0/0/0/0/0/0/0/0/0/0/0/0/0/0/0/0/0/0/0/0/0/0/0/0/0/0/0/0/0/0/0/0/0/0/0/0/0/0/0/0/0/0/0/0/0/0/0/0/0/0/0/0/0/0/0/0/0/0/0/0/0/3906.94/0/0/0/0/0/0/0/0/0/0/0/0/0/0/0/0/0/0/0/0/0/0/0/0/0/0/0/0/0/0/0/0/0/0/0/0/0/0/0/0/0/0/0/0/0/0/0/0/0/0/0/0/0/0/0/0/0/0/0/0/0/0/0/0/0/0/0/0/0/0/0/0/0/0/0/0/0/0/0/0/0/0/0/0/0/0/0/0/0/0/0,,,7867,1.7771827350832764e-11,3.0730468750000014e-11,-1.8394804680586365e-06,1.3790783524751238,1791,3.924911223849919e-12,55626,1.2303129655649624e-10,2.172890625000001e-10,1.5718234714885964e-06,4.1484875376100214e-06,1.1932426932522994e-06,4.084046757576796e-06,1,1,nan,0.36285239762499244,28,94/17/13/12/11/93/20/94/6/3/15/95/22/2/4/5/185/5/8/9/10/14/94/21/93/16/93/22,12,4480.0,1.0,,,2.997916241921224e-09,,,,,,,,,,,,,,1,49495,169,657409273.6110209,272817662.9839588,2.4097020200985866,1,-231163788.952196,-213841236.513029,-220066401.35712,15859728.501409,52381102.947762,45599670.562905,-193542392.889344,69799681.925911,27983,132227995.319797,132980464.575423,474950925.848297,470824923.091333,-109786991.935882,-133305795.270166,0.7059,1.1801,0.1724,0.2357,0.0402,0.2014,1.8108,0.2583,0.0064,0.5915,0.7718,0.6683,1349,6849,26802,,,
1400,0.000152769989,8382.78,3.449643283398588e-08,1.0948657226562506e-16,1.5513427734375007e-17,276,27,18,16,94/17/13/12/11/7/6/3/1/2/4/5/8/9/10/14/20/16,0,149,3,0.134277/0.357178/0.350586/0.336426/0.189941/0.312256/0.0554199/0.317139/0.244385/0.341553/0.52002/0.42749/0.351807/0.0822754/1.14404/0.158203/0.136475/1.18677/0.899902/0.811035/1.13672/0.839355/1.00977/0/0/0/0/0/0/0/0/0/0/0/0/0/0/0/0/0/0/0/0/0/0/0/0/0/0/0/0/0/0/0/0/0/0/0/0/0/0/0/0/0/0/0/0/0/0/0/0/0/0/0/0/0/0/0/0/0/0/0/0/0/0/0/0/0/0/0/0/0/1.11597/1.14966/1.052/0/0/0/0/0/0/0/0/0/0/0/0/0/0/0/0/0/0/0/0/0/0/0/0/0/0/0/0/0/0/0/0/0/0/0/0/0/0/0/0/0/0/0/0/0/0/0/0/0/0/0/0/0/0/0/0/0/0/0/0/0/0/0/0/0/0/0/0/0/0/0/0/0/0/0/0/0/0/0/0/0/0/0/0/0/0/0/0/0/0.852783/0/0/0/0/0/0/0/0/0/0/0/0/0/0/0/0/0/0/0/0/0/0/0/0/0/0/0/0/0/0/0/0/0/0/0/0/0/0/0/0/0/0/0/0/0/0/0/0/0/0/0/0/0/0/0/0/0/0/0/0/0/0/0/0/0/0/0/0/0/0/0/0/0/0/0/0/0/0/0/0/0/0/0/0/0/0/0/0/0/0/0,383.482/435.882/347.949/248.875/246.783/271.428/152.16/248.886/246.661/4092.51/4148.49/4815.94/4664.57/4137.6/4300.51/4168.13/4698.77/4266.3/4238.66/4259.1/2669.02/8165.36/4758.41/0/0/0/0/0/0/0/0/0/0/0/0/0/0/0/0/0/0/0/0/0/0/0/0/0/0/0/0/0/0/0/0/0/0/0/0/0/0/0/0/0/0/0/0/0/0/0/0/0/0/0/0/0/0/0/0/0/0/0/0/0/0/0/0/0/0/0/0/0/6340.34/6285.03/6146.63/0/0/0/0/0/0/0/0/0/0/0/0/0/0/0/0/0/0/0/0/0/0/0/0/0/0/0/0/0/0/0/0/0/0/0/0/0/0/0/0/0/0/0/0/0/0/0/0/0/0/0/0/0/0/0/0/0/0/0/0/0/0/0/0/0/0/0/0/0/0/0/0/0/0/0/0/0/0/0/0/0/0/0/0/0/0/0/0/0/3928.04/0/0/0/0/0/0/0/0/0/0/0/0/0/0/0/0/0/0/0/0/0/0/0/0/0/0/0/0/0/0/0/0/0/0/0/0/0/0/0/0/0/0/0/0/0/0/0/0/0/0/0/0/0/0/0/0/0/0/0/0/0/0/0/0/0/0/0/0/0/0/0/0/0/0/0/0/0/0/0/0/0/0/0/0/0/0/0/0/0/0/0,1-2:0.371481/1-3:0.374118/2-4:1.40301/2-17:0.138576/3-6:1.46641/3-22:0.00691323/4-5:1.16679/4-13:0.026105/4-17:0.23659/5-8:0.851977/5-13:0.0966463/5-17:0.00518499/6-7:1.1446/6-22:0.00609416/8-9:1.40029/8-11:0.0213296/8-12:0.183742/8-13:0.00691323/9-10:0.965267/9-11:0.114429/9-12:0.00691323/10-11:0.556631/10-14:1.1517/11-12:2.07212/12-13:1.57279/13-17:1.32611/15-22:0.0293813/18-22:0.312005/19-23:0.364214/20-21:0.390457,1-2:-28.483/1-3:-33.901/2-4:-24.561/2-17:-24.412/3-6:-37.855/3-22:-38.135/4-5:-20.547/4-13:-20.337/4-17:-22.515/5-8:-16.597/5-13:-18.346/5-17:-19.949/6-7:-41.822/6-22:-38.473/8-9:-12.612/8-11:-12.45/8-12:-13.943/8-13:-15.472/9-10:-8.6401/9-11:-10.216/9-12:-11.257/10-11:-10.118/10-14:-4.8879/11-12:-53.773/12-13:-56.563/13-17:-57.987/15-22:-33.47/18-22:-32.228/19-23:0.040597/20-21:-0.1792,7866,1.776878027223543e-11,3.072656250000001e-11,-1.838797528859922e-06,1.390005379654555,1814,3.96993810444384e-12,56056,1.2399074740013115e-10,2.189687500000001e-10,1.5710986043329709e-06,4.1484875376100214e-06,1.1932426932522994e-06,4.084046757576796e-06,1,1,nan,0.42919516778638056,28,94/17/13/12/11/93/20/94/6/3/15/95/22/2/4/5/185/5/8/9/10/14/94/21/93/16/93/22,12,4477.7,1.0,,,3.0061675669646106e-09,13,15/3/2/2/1/1/1/1/1/1/1/1,1/1/1/1/5/5/5/9/1/5/1/1,3,3,0.731174/0/0/0/0.213855/0/0/0/0.0549706/0/0/0,0.632769,15/3/2/2/1/1/1/1/1/1/1/1,5234/8165/4314/4758/6223/5125/6286/4012/255/2818/4092/291,6536/8401/3861/4221/8164/4789/6257/4075/1716/2675/3707/380,6983/6983/4596/4817/4331/6983/4419/663/619/3889/442/354,15/3/2/2/1/1/1/1/1/1/1/1,19/10/3/5/5/3/5/2/1/2/2/1,1,49894,171,777607879.5086633,265599492.1513731,2.9277461082850316,1,-231813556.498409,-213942179.52345,-219390791.849282,14927657.765589,51844057.686852,46423074.032713,-193092919.587997,70335647.289023,28447,131309241.808845,133118840.660207,308809100.138946,658615801.561641,-114437455.424137,-132998347.253855,0.6961,1.1781,0.1637,0.2272,0.0316,0.1941,1.7889,0.2602,0.0064,0.5997,0.7707,0.6713,1329,6807,26927,2141.2,618.7,412.2
1420,0.000152769989,8630.7,3.449643283398588e-08,1.0936718750000005e-16,1.5632812500000006e-17,276,27,18,16,94/17/13/12/11/7/6/3/1/2/4/5/8/9/10/14/20/16,0,149,2,0.134033/0.359863/0.351318/0.335449/0.187744/0.312012/0.0554199/0.316895/0.244385/0.341797/0.52002/0.427979/0.351318/0.0822754/1.15356/0.158447/0.134766/1.19507/0.908203/0.815918/1.14893/0.843994/1.01733/0/0/0/0/0/0/0/0/0/0/0/0/0/0/0/0/0/0/0/0/0/0/0/0/0/0/0/0/0/0/0/0/0/0/0/0/0/0/0/0/0/0/0/0/0/0/0/0/0/0/0/0/0/0/0/0/0/0/0/0/0/0/0/0/0/0/0/0/0/1.12793/1.15918/1.06445/0/0/0/0/0/0/0/0/0/0/0/0/0/0/0/0/0/0/0/0/0/0/0/0/0/0/0/0/0/0/0/0/0/0/0/0/0/0/0/0/0/0/0/0/0/0/0/0/0/0/0/0/0/0/0/0/0/0/0/0/0/0/0/0/0/0/0/0/0/0/0/0/0/0/0/0/0/0/0/0/0/0/0/0/0/0/0/0/0/0.884521/0/0/0/0/0/0/0/0/0/0/0/0/0/0/0/0/0/0/0/0/0/0/0/0/0/0/0/0/0/0/0/0/0/0/0/0/0/0/0/0/0/0/0/0/0/0/0/0/0/0/0/0/0/0/0/0/0/0/0/0/0/0/0/0/0/0/0/0/0/0/0/0/0/0/0/0/0/0/0/0/0/0/0/0/0/0/0/0/0/0/0,383.482/438.771/347.949/248.875/246.783/271.428/152.16/248.886/246.661/4092.51/4148.49/4815.94/4664.57/4137.6/4300.51/4168.13/4698.77/4266.3/4238.66/4259.1/2696.67/8165.36/4758.41/0/0/0/0/0/0/0/0/0/0/0/0/0/0/0/0/0/0/0/0/0/0/0/0/0/0/0/0/0/0/0/0/0/0/0/0/0/0/0/0/0/0/0/0/0/0/0/0/0/0/0/0/0/0/0/0/0/0/0/0/0/0/0/0/0/0/0/0/0/6340.34/6285.03/6146.63/0/0/0/0/0/0/0/0/0/0/0/0/0/0/0/0/0/0/0/0/0/0/0/0/0/0/0/0/0/0/0/0/0/0/0/0/0/0/0/0/0/0/0/0/0/0/0/0/0/0/0/0/0/0/0/0/0/0/0/0/0/0/0/0/0/0/0/0/0/0/0/0/0/0/0/0/0/0/0/0/0/0/0/0/0/0/0/0/0/3928.04/0/0/0/0/0/0/0/0/0/0/0/0/0/0/0/0/0/0/0/0/0/0/0/0/0/0/0/0/0/0/0/0/0/0/0/0/0/0/0/0/0/0/0/0/0/0/0/0/0/0/0/0/0/0/0/0/0/0/0/0/0/0/0/0/0/0/0/0/0/0/0/0/0/0/0/0/0/0/0/0/0/0/0/0/0/0/0/0/0/0/0,,,7869,1.777264630008546e-11,3.073828125000001e-11,-1.8379050471521966e-06,1.4042850869781625,1830,4.013416793366297e-12,56452,1.2489143434566563e-10,2.2051562500000008e-10,1.5709263324748832e-06,4.1484875376100214e-06,1.2374368670764585e-06,4.084046757576796e-06,1,1,nan,0.4946352201833861,28,94/17/13/12/11/93/20/94/6/3/15/95/22/2/4/5/185/5/8/9/10/14/94/21/93/16/93/22,12,4475.4,1.0,,,3.014621831613796e-09,,,,,,,,,,,,,,1,50248,171,896170958.0303178,263899319.3680503,3.3958820362869613,1,-232070686.104262,-213127210.670139,-218512148.04779,14866843.176441,52672047.103954,47131245.34125,-192880818.493215,70540726.112101,28787,129269485.900817,135417185.479278,314211074.697404,612345469.111017,-117538558.006387,-131242808.701207,0.6865,1.178,0.1622,0.2285,0.029,0.1902,1.768,0.2635,0.0065,0.609,0.773,0.6728,1358,6781,27078,,,
1440,0.000152769989,8768.08,3.449643283398588e-08,1.0924731445312505e-16,1.5752685546875007e-17,276,27,18,16,94/17/13/12/11/7/6/3/1/2/4/5/8/9/10/14/20/16,0,150,2,0.134033/0.360352/0.352783/0.335205/0.187012/0.312256/0.0554199/0.315918/0.244385/0.341309/0.519775/0.42749/0.351074/0.0820313/1.16626/0.157959/0.133301/1.20605/0.916504/0.823975/1.15918/0.850098/1.02441/0/0/0/0/0/0/0/0/0/0/0/0/0/0/0/0/0/0/0/0/0/0/0/0/0/0/0/0/0/0/0/0/0/0/0/0/0/0/0/0/0/0/0/0/0/0/0/0/0/0/0/0/0/0/0/0/0/0/0/0/0/0/0/0/0/0/0/0/0/1.13818/1.17163/1.07959/0/0/0/0/0/0/0/0/0/0/0/0/0/0/0/0/0/0/0/0/0/0/0/0/0/0/0/0/0/0/0/0/0/0/0/0/0/0/0/0/0/0/0/0/0/0/0/0/0/0/0/0/0/0/0/0/0/0/0/0/0/0/0/0/0/0/0/0/0/0/0/0/0/0/0/0/0/0/0/0/0/0/0/0/0/0/0/0/0/0.906494/0/0/0/0/0/0/0/0/0/0/0/0/0/0/0/0/0/0/0/0/0/0/0/0/0/0/0/0/0/0/0/0/0/0/0/0/0/0/0/0/0/0/0/0/0/0/0/0/0/0/0/0/0/0/0/0/0/0/0/0/0/0/0/0/0/0/0/0/0/0/0/0/0/0/0/0/0/0/0/0/0/0/0/0/0/0/0/0/0/0/0,383.482/438.771/347.949/248.875/246.783/271.428/152.16/248.886/246.661/4092.51/4148.49/4815.94/4664.57/4137.6/4300.51/4168.13/4698.77/4293.94/4238.66/4259.1/2696.67/8165.36/4758.41/0/0/0/0/0/0/0/0/0/0/0/0/0/0/0/0/0/0/0/0/0/0/0/0/0/0/0/0/0/0/0/0/0/0/0/0/0/0/0/0/0/0/0/0/0/0/0/0/0/0/0/0/0/0/0/0/0/0/0/0/0/0/0/0/0/0/0/0/0/6340.34/6285.03/6146.63/0/0/0/0/0/0/0/0/0/0/0/0/0/0/0/0/0/0/0/0/0/0/0/0/0/0/0/0/0/0/0/0/0/0/0/0/0/0/0/0/0/0/0/0/0/0/0/0/0/0/0/0/0/0/0/0/0/0/0/0/0/0/0/0/0/0/0/0/0/0/0/0/0/0/0/0/0/0/0/0/0/0/0/0/0/0/0/0/0/3928.04/0/0/0/0/0/0/0/0/0/0/0/0/0/0/0/0/0/0/0/0/0/0/0/0/0/0/0/0/0/0/0/0/0/0/0/0/0/0/0/0/0/0/0/0/0/0/0/0/0/0/0/0/0/0/0/0/0/0/0/0/0/0/0/0/0/0/0/0/0/0/0/0/0/0/0/0/0/0/0/0/0/0/0/0/0/0/0/0/0/0/0,,,7883,1.7796842748027647e-11,3.0792968750000014e-11,-1.8365647454213735e-06,1.4257299146713314,1869,4.096646132049276e-12,56746,1.255709933341358e-10,2.216640625000001e-10,1.5698535538151008e-06,4.1484875376100214e-06,1.2816310409006176e-06,4.084046757576796e-06,1,1,nan,0.5100717997812104,28,94/17/13/12/11/93/20/94/6/3/15/95/22/2/4/5/185/5/8/9/10/14/94/21/93/16/93/22,12,4474.9,1.0,,,3.02331742722337e-09,,,,,,,,,,,,,,1,50621,168,924138667.8949016,262167198.3195645,3.5249973063694937,1,-230531109.471413,-212659453.279939,-217918205.46196,15105169.753502,53056596.351616,47866723.446107,-192557221.580499,71038954.296417,29205,129799810.928722,135763752.573274,411487531.278193,471091922.811125,-118346225.314158,-130936636.921363,0.6996,1.182,0.1602,0.2346,0.0275,0.1874,1.7735,0.2667,0.0065,0.6088,0.7731,0.6749,1383,6721,27191,,,
1460,0.000152769989,8910.74,3.449643283398588e-08,1.0913696289062505e-16,1.5863037109375008e-17,276,27,18,16,94/17/13/12/11/7/6/3/1/2/4/5/8/9/10/14/20/16,0,154,2,0.134521/0.361084/0.35376/0.334473/0.186035/0.312256/0.0551758/0.316162/0.244629/0.341553/0.520264/0.428223/0.350586/0.0810547/1.17676/0.158447/0.131836/1.21484/0.923096/0.828857/1.16772/0.852783/1.03467/0/0/0/0/0/0/0/0/0/0/0/0/0/0/0/0/0/0/0/0/0/0/0/0/0/0/0/0/0/0/0/0/0/0/0/0/0/0/0/0/0/0/0/0/0/0/0/0/0/0/0/0/0/0/0/0/0/0/0/0/0/0/0/0/0/0/0/0/0/1.14771/1.18311/1.09204/0/0/0/0/0/0/0/0/0/0/0/0/0/0/0/0/0/0/0/0/0/0/0/0/0/0/0/0/0/0/0/0/0/0/0/0/0/0/0/0/0/0/0/0/0/0/0/0/0/0/0/0/0/0/0/0/0/0/0/0/0/0/0/0/0/0/0/0/0/0/0/0/0/0/0/0/0/0/0/0/0/0/0/0/0/0/0/0/0/0.931396/0/0/0/0/0/0/0/0/0/0/0/0/0/0/0/0/0/0/0/0/0/0/0/0/0/0/0/0/0/0/0/0/0/0/0/0/0/0/0/0/0/0/0/0/0/0/0/0/0/0/0/0/0/0/0/0/0/0/0/0/0/0/0/0/0/0/0/0/0/0/0/0/0/0/0/0/0/0/0/0/0/0/0/0/0/0/0/0/0/0/0,383.482/438.771/347.949/248.875/246.783/271.428/152.16/248.886/502.862/4092.51/4148.49/4815.94/4664.57/4137.6/4300.51/4168.13/4698.77/4293.94/4238.66/4259.1/2696.67/8165.36/4758.41/0/0/0/0/0/0/0/0/0/0/0/0/0/0/0/0/0/0/0/0/0/0/0/0/0/0/0/0/0/0/0/0/0/0/0/0/0/0/0/0/0/0/0/0/0/0/0/0/0/0/0/0/0/0/0/0/0/0/0/0/0/0/0/0/0/0/0/0/0/6340.34/6285.03/6146.63/0/0/0/0/0/0/0/0/0/0/0/0/0/0/0/0/0/0/0/0/0/0/0/0/0/0/0/0/0/0/0/0/0/0/0/0/0/0/0/0/0/0/0/0/0/0/0/0/0/0/0/0/0/0/0/0/0/0/0/0/0/0/0/0/0/0/0/0/0/0/0/0/0/0/0/0/0/0/0/0/0/0/0/0/0/0/0/0/0/3928.04/0/0/0/0/0/0/0/0/0/0/0/0/0/0/0/0/0/0/0/0/0/0/0/0/0/0/0/0/0/0/0/0/0/0/0/0/0/0/0/0/0/0/0/0/0/0/0/0/0/0/0/0/0/0/0/0/0/0/0/0/0/0/0/0/0/0/0/0/0/0/0/0/0/0/0/0/0/0/0/0/0/0/0/0/0/0/0/0/0/0/0,,,7891,1.781066934450665e-11,3.082421875000001e-11,-1.8357782001649203e-06,1.4383146387745838,1890,4.140853424083348e-12,57086,1.2638017161376495e-10,2.2299218750000007e-10,1.5703602872669031e-06,4.1484875376100214e-06,1.2816310409006176e-06,4.084046757576796e-06,1,1,nan,0.49841226295373675,29,94/17/13/12/11/93/20/94/6/3/15/95/185/22/2/4/5/185/5/8/9/10/14/94/21/93/16/93/22,12,4473.3,1.0,,,3.03205920100063e-09,,,,,,,,,,,,,,1,50953,173,903014134.3750424,262321827.29625443,3.4423903785757752,1,-227892745.367928,-212811532.431185,-217401540.559475,17322703.589162,52915325.168857,48539665.835378,-192306614.372457,71392179.607815,29642,135200962.594478,135271859.177002,392314404.350171,632093345.491276,-115915578.607186,-131105250.25468,0.7348,1.2175,0.1617,0.2269,0.027,0.189,1.8073,0.2657,0.0065,0.6176,0.7696,0.676,1399,6636,27279,,,
1480,0.000162954655,9048.86,3.3279756535161225e-08,1.0901806640625005e-16,1.598193359375001e-17,276,27,18,16,94/17/13/12/11/7/6/3/1/2/4/5/8/9/10/14/20/16,0,157,2,0.134521/0.362793/0.356934/0.333496/0.185791/0.312256/0.0551758/0.316162/0.244385/0.341797/0.520508/0.428711/0.350098/0.0803223/1.19043/0.15918/0.131104/1.22729/0.932617/0.834229/1.17578/0.856934/1.04126/0/0/0/0/0/0/0/0/0/0/0/0/0/0/0/0/0/0/0/0/0/0/0/0/0/0/0/0/0/0/0/0/0/0/0/0/0/0/0/0/0/0/0/0/0/0/0/0/0/0/0/0/0/0/0/0/0/0/0/0/0/0/0/0/0/0/0/0/0/1.15942/1.19385/1.10278/0/0/0/0/0/0/0/0/0/0/0/0/0/0/0/0/0/0/0/0/0/0/0/0/0/0/0/0/0/0/0/0/0/0/0/0/0/0/0/0/0/0/0/0/0/0/0/0/0/0/0/0/0/0/0/0/0/0/0/0/0/0/0/0/0/0/0/0/0/0/0/0/0/0/0/0/0/0/0/0/0/0/0/0/0/0/0/0/0/0.954102/0/0/0/0/0/0/0/0/0/0/0/0/0/0/0/0/0/0/0/0/0/0/0/0/0/0/0/0/0/0/0/0/0/0/0/0/0/0/0/0/0/0/0/0/0/0/0/0/0/0/0/0/0/0/0/0/0/0/0/0/0/0/0/0/0/0/0/0/0/0/0/0/0/0/0/0/0/0/0/0/0/0/0/0/0/0/0/0/0/0/0,383.482/512.287/347.949/248.875/246.783/271.428/152.16/248.886/502.862/4092.51/4148.49/4892.35/4664.57/4137.6/4300.51/4168.13/4698.77/4293.94/4238.66/4259.1/2696.67/8165.36/4758.41/0/0/0/0/0/0/0/0/0/0/0/0/0/0/0/0/0/0/0/0/0/0/0/0/0/0/0/0/0/0/0/0/0/0/0/0/0/0/0/0/0/0/0/0/0/0/0/0/0/0/0/0/0/0/0/0/0/0/0/0/0/0/0/0/0/0/0/0/0/6340.34/6285.03/6146.63/0/0/0/0/0/0/0/0/0/0/0/0/0/0/0/0/0/0/0/0/0/0/0/0/0/0/0/0/0/0/0/0/0/0/0/0/0/0/0/0/0/0/0/0/0/0/0/0/0/0/0/0/0/0/0/0/0/0/0/0/0/0/0/0/0/0/0/0/0/0/0/0/0/0/0/0/0/0/0/0/0/0/0/0/0/0/0/0/0/3928.04/0/0/0/0/0/0/0/0/0/0/0/0/0/0/0/0/0/0/0/0/0/0/0/0/0/0/0/0/0/0/0/0/0/0/0/0/0/0/0/0/0/0/0/0/0/0/0/0/0/0/0/0/0/0/0/0/0/0/0/0/0/0/0/0/0/0/0/0/0/0/0/0/0/0/0/0/0/0/0/0/0/0/0/0/0/0/0/0/0/0/0,,,7896,1.7819310695600494e-11,3.084375000000001e-11,-1.8362842503910835e-06,1.4302178351559713,1914,4.194201696186548e-12,57502,1.2729696361276012e-10,2.2461718750000008e-10,1.5701927278468974e-06,4.1484875376100214e-06,1.2816310409006176e-06,4.084046757576796e-06,1,1,nan,0.4742948100533344,29,94/17/13/12/11/93/20/94/6/3/15/95/185/22/2/4/5/185/5/8/9/10/14/94/21/93/16/93/22,12,4471.5,1.0,,,3.0422148165984356e-09,,,,,,,,,,,,,,1,51306,176,890734449.8453313,269779680.28536636,3.3017106733284516,1,-229782499.035688,-213060350.438892,-216916620.377325,27514347.063487,62195303.021188,58991515.833711,-191995433.426963,81687465.271278,30126,145697886.720249,144549724.348368,452352893.064151,606007088.272314,-110303026.064222,-131929756.690723,0.8468,1.2677,0.1775,0.2355,0.0257,0.1938,1.886,0.2827,0.0069,0.6259,0.7657,0.6776,1406,6474,27431,,,
1500,0.000162954655,9182.14,3.3279756535161225e-08,1.0889648437500005e-16,1.6103515625000007e-17,276,27,18,16,94/17/13/12/11/7/6/3/1/2/4/5/8/9/10/14/20/16,0,158,3,0.134766/0.36499/0.359131/0.333496/0.185547/0.312256/0.0549316/0.315918/0.244141/0.341797/0.522461/0.428955/0.350098/0.0805664/1.20386/0.159912/0.130127/1.23828/0.941162/0.841553/1.1853/0.862549/1.04712/0/0/0/0/0/0/0/0/0/0/0/0/0/0/0/0/0/0/0/0/0/0/0/0/0/0/0/0/0/0/0/0/0/0/0/0/0/0/0/0/0/0/0/0/0/0/0/0/0/0/0/0/0/0/0/0/0/0/0/0/0/0/0/0/0/0/0/0/0/1.17236/1.20264/1.11401/0/0/0/0/0/0/0/0/0/0/0/0/0/0/0/0/0/0/0/0/0/0/0/0/0/0/0/0/0/0/0/0/0/0/0/0/0/0/0/0/0/0/0/0/0/0/0/0/0/0/0/0/0/0/0/0/0/0/0/0/0/0/0/0/0/0/0/0/0/0/0/0/0/0/0/0/0/0/0/0/0/0/0/0/0/0/0/0/0/0.975586/0/0/0/0/0/0/0/0/0/0/0/0/0/0/0/0/0/0/0/0/0/0/0/0/0/0/0/0/0/0/0/0/0/0/0/0/0/0/0/0/0/0/0/0/0/0/0/0/0/0/0/0/0/0/0/0/0/0/0/0/0/0/0/0/0/0/0/0/0/0/0/0/0/0/0/0/0/0/0/0/0/0/0/0/0/0/0/0/0/0/0,383.482/512.287/347.949/248.875/438.928/271.428/152.16/248.886/502.862/4092.51/4148.49/4892.35/4664.57/4176.91/4300.51/4168.13/4698.77/4293.94/4238.66/4259.1/2696.67/8220.67/4766.41/0/0/0/0/0/0/0/0/0/0/0/0/0/0/0/0/0/0/0/0/0/0/0/0/0/0/0/0/0/0/0/0/0/0/0/0/0/0/0/0/0/0/0/0/0/0/0/0/0/0/0/0/0/0/0/0/0/0/0/0/0/0/0/0/0/0/0/0/0/6340.34/6257.38/6146.63/0/0/0/0/0/0/0/0/0/0/0/0/0/0/0/0/0/0/0/0/0/0/0/0/0/0/0/0/0/0/0/0/0/0/0/0/0/0/0/0/0/0/0/0/0/0/0/0/0/0/0/0/0/0/0/0/0/0/0/0/0/0/0/0/0/0/0/0/0/0/0/0/0/0/0/0/0/0/0/0/0/0/0/0/0/0/0/0/0/3934.6/0/0/0/0/0/0/0/0/0/0/0/0/0/0/0/0/0/0/0/0/0/0/0/0/0/0/0/0/0/0/0/0/0/0/0/0/0/0/0/0/0/0/0/0/0/0/0/0/0/0/0/0/0/0/0/0/0/0/0/0/0/0/0/0/0/0/0/0/0/0/0/0/0/0/0/0/0/0/0/0/0/0/0/0/0/0/0/0/0/0/0,1-2:0.371481/1-3:0.377165/2-4:1.40606/2-17:0.138576/3-6:1.4716/3-22:0.00691323/4-5:1.16374/4-13:0.026105/4-17:0.23659/5-8:0.844154/5-13:0.089733/5-17:0.00518499/6-7:1.14155/6-22:0.00609416/8-9:1.39724/8-11:0.0213296/8-12:0.183742/8-13:0.00691323/9-10:0.966586/9-11:0.114429/9-12:0.00691323/10-11:0.556631/10-14:1.14387/11-12:2.07516/12-13:1.5667/13-17:1.30701/15-22:0.0600813/18-22:0.350528/19-23:0.385044/20-21:0.402555,1-2:-28.483/1-3:-33.896/2-4:-24.562/2-17:-24.412/3-6:-37.855/3-22:-38.135/4-5:-20.547/4-13:-20.337/4-17:-22.515/5-8:-16.597/5-13:-18.437/5-17:-19.949/6-7:-41.822/6-22:-38.473/8-9:-12.612/8-11:-12.45/8-12:-13.943/8-13:-15.472/9-10:-8.6385/9-11:-10.216/9-12:-11.257/10-11:-10.118/10-14:-4.8839/11-12:-53.815/12-13:-56.623/13-17:-58.118/15-22:-31.217/18-22:-32.486/19-23:0.076414/20-21:-0.15579,7902,1.7829680547063667e-11,3.0867187500000014e-11,-1.8342432211391452e-06,1.4628743031869844,1937,4.2458224908118446e-12,57922,1.2823121542610507e-10,2.2625781250000008e-10,1.5693379357657674e-06,4.1681310678689475e-06,1.2816310409006176e-06,4.084046757576796e-06,1,1,nan,0.4424863522015598,29,94/17/13/12/11/93/20/94/6/3/15/95/185/22/2/4/5/185/5/8/9/10/14/94/21/93/16/93/22,12,4469.5,1.0,,,3.0524399958796714e-09,14,15/3/2/2/1/1/1/1/1/1/1/1,1/1/1/1/5/5/5/9/5/1/1/1,3,3,0.722756/0/0/0/0.216662/0/0/0/0.0605822/0/0/0,0.621241,15/3/2/2/1/1/1/1/1/1/1/1,5207/8221/4314/4766/6253/5154/6286/4028/2835/255/4024/2352,6536/8401/3861/4221/8164/4789/6257/4130/2675/1716/3707/2514,6983/6983/4596/4906/4375/6983/4508/795/3889/619/486/3536,15/3/2/2/1/1/1/1/1/1/1/1,19/11/3/5/5/3/5/2/2/1/2/2,1,51649,181,830997576.0603477,270014617.04665595,3.0776021874280945,1,-226974701.406313,-213722688.978635,-216303353.895641,31869667.801244,61042913.935702,59556604.481915,-191781429.337383,81717879.171239,30574,149436844.848249,145146870.719032,441446887.524953,573117714.914065,-110118696.609661,-131774558.370311,0.8909,1.3078,0.1683,0.2402,0.0255,0.1903,1.9037,0.2829,0.0069,0.6442,0.7622,0.679,1436,6371,27556,2163.6,662.9,414.7
1520,0.000162954655,9387.4,3.3279756535161225e-08,1.0878540039062505e-16,1.6214599609375006e-17,276,27,18,16,94/17/13/12/11/7/6/3/1/2/4/5/8/9/10/14/20/16,0,159,3,0.135254/0.367432/0.360352/0.333496/0.18457/0.312744/0.0549316/0.31543/0.243896/0.342041/0.52417/0.429199/0.349854/0.0800781/1.21631/0.159668/0.129639/1.24683/0.947998/0.849609/1.19043/0.865723/1.05298/0/0/0/0/0/0/0/0/0/0/0/0/0/0/0/0/0/0/0/0/0/0/0/0/0/0/0/0/0/0/0/0/0/0/0/0/0/0/0/0/0/0/0/0/0/0/0/0/0/0/0/0/0/0/0/0/0/0/0/0/0/0/0/0/0/0/0/0/0/1.18628/1.20972/1.12915/0/0/0/0/0/0/0/0/0/0/0/0/0/0/0/0/0/0/0/0/0/0/0/0/0/0/0/0/0/0/0/0/0/0/0/0/0/0/0/0/0/0/0/0/0/0/0/0/0/0/0/0/0/0/0/0/0/0/0/0/0/0/0/0/0/0/0/0/0/0/0/0/0/0/0/0/0/0/0/0/0/0/0/0/0/0/0/0/0/0.996826/0/0/0/0/0/0/0/0/0/0/0/0/0/0/0/0/0/0/0/0/0/0/0/0/0/0/0/0/0/0/0/0/0/0/0/0/0/0/0/0/0/0/0/0/0/0/0/0/0/0/0/0/0/0/0/0/0/0/0/0/0/0/0/0/0/0/0/0/0/0/0/0/0/0/0/0/0/0/0/0/0/0/0/0/0/0/0/0/0/0/0,383.482/521.729/347.949/248.875/438.928/271.428/152.16/248.886/502.862/4092.51/4148.49/4892.35/4664.57/4176.91/4300.52/4168.13/4698.77/4293.94/4238.66/4259.1/2696.67/8220.67/4766.41/0/0/0/0/0/0/0/0/0/0/0/0/0/0/0/0/0/0/0/0/0/0/0/0/0/0/0/0/0/0/0/0/0/0/0/0/0/0/0/0/0/0/0/0/0/0/0/0/0/0/0/0/0/0/0/0/0/0/0/0/0/0/0/0/0/0/0/0/0/6340.34/6257.38/6146.63/0/0/0/0/0/0/0/0/0/0/0/0/0/0/0/0/0/0/0/0/0/0/0/0/0/0/0/0/0/0/0/0/0/0/0/0/0/0/0/0/0/0/0/0/0/0/0/0/0/0/0/0/0/0/0/0/0/0/0/0/0/0/0/0/0/0/0/0/0/0/0/0/0/0/0/0/0/0/0/0/0/0/0/0/0/0/0/0/0/3934.6/0/0/0/0/0/0/0/0/0/0/0/0/0/0/0/0/0/0/0/0/0/0/0/0/0/0/0/0/0/0/0/0/0/0/0/0/0/0/0/0/0/0/0/0/0/0/0/0/0/0/0/0/0/0/0/0/0/0/0/0/0/0/0/0/0/0/0/0/0/0/0/0/0/0/0/0/0/0/0/0/0/0/0/0/0/0/0/0/0/0/0,,,7908,1.78466441846968e-11,3.0890625000000014e-11,-1.8348753774969815e-06,1.4527598014616039,1976,4.32641441731599e-12,58252,1.2894662093590313e-10,2.275468750000001e-10,1.5690121224785972e-06,4.1681310678689475e-06,2.8284271247461907e-06,4.084046757576796e-06,1,1,nan,0.29738150378310557,29,94/17/13/12/11/93/20/94/6/3/15/95/185/22/2/4/5/185/5/8/9/10/14/94/21/93/16/93/22,12,4468.6,1.0,,,3.0623208638454096e-09,,,,,,,,,,,,,,1,51973,183,558487979.5261416,270068751.5127767,2.0679474259713464,1,-226819101.627972,-214104204.128627,-215674709.903893,34123922.662173,60438486.098099,60218436.558067,-191554153.402359,82183842.275904,30949,144860580.869771,143632205.821545,428026432.320574,575827488.774227,-115706800.729343,-132445678.784549,0.8602,1.2822,0.1712,0.2348,0.0243,0.189,1.8456,0.2835,0.007,0.6529,0.761,0.6808,1475,6259,27712,,,
1540,0.000162954655,9489.87,3.3279756535161225e-08,1.0867529296875004e-16,1.632470703125001e-17,276,27,18,16,94/17/13/12/11/7/6/3/1/2/4/5/8/9/10/14/20/16,0,162,3,0.135254/0.368896/0.362305/0.333252/0.184082/0.313232/0.0549316/0.314697/0.243896/0.342285/0.526123/0.430176/0.349365/0.0788574/1.22949/0.161133/0.12915/1.25977/0.953613/0.856201/1.19995/0.871338/1.05835/0/0/0/0/0/0/0/0/0/0/0/0/0/0/0/0/0/0/0/0/0/0/0/0/0/0/0/0/0/0/0/0/0/0/0/0/0/0/0/0/0/0/0/0/0/0/0/0/0/0/0/0/0/0/0/0/0/0/0/0/0/0/0/0/0/0/0/0/0/1.19775/1.21899/1.1377/0/0/0/0/0/0/0/0/0/0/0/0/0/0/0/0/0/0/0/0/0/0/0/0/0/0/0/0/0/0/0/0/0/0/0/0/0/0/0/0/0/0/0/0/0/0/0/0/0/0/0/0/0/0/0/0/0/0/0/0/0/0/0/0/0/0/0/0/0/0/0/0/0/0/0/0/0/0/0/0/0/0/0/0/0/0/0/0/0/1.01392/0/0/0/0/0/0/0/0/0/0/0/0/0/0/0/0/0/0/0/0/0/0/0/0/0/0/0/0/0/0/0/0/0/0/0/0/0/0/0/0/0/0/0/0/0/0/0/0/0/0/0/0/0/0/0/0/0/0/0/0/0/0/0/0/0/0/0/0/0/0/0/0/0/0/0/0/0/0/0/0/0/0/0/0/0/0/0/0/0/0/0,383.482/521.729/347.949/248.875/438.928/271.428/152.16/248.886/502.862/4092.51/4148.49/4892.35/4664.57/4176.91/4321.61/4168.13/4698.77/4293.94/4266.3/4286.75/2696.67/8220.67/4766.41/0/0/0/0/0/0/0/0/0/0/0/0/0/0/0/0/0/0/0/0/0/0/0/0/0/0/0/0/0/0/0/0/0/0/0/0/0/0/0/0/0/0/0/0/0/0/0/0/0/0/0/0/0/0/0/0/0/0/0/0/0/0/0/0/0/0/0/0/0/6340.34/6257.38/6146.63/0/0/0/0/0/0/0/0/0/0/0/0/0/0/0/0/0/0/0/0/0/0/0/0/0/0/0/0/0/0/0/0/0/0/0/0/0/0/0/0/0/0/0/0/0/0/0/0/0/0/0/0/0/0/0/0/0/0/0/0/0/0/0/0/0/0/0/0/0/0/0/0/0/0/0/0/0/0/0/0/0/0/0/0/0/0/0/0/0/3934.6/0/0/0/0/0/0/0/0/0/0/0/0/0/0/0/0/0/0/0/0/0/0/0/0/0/0/0/0/0/0/0/0/0/0/0/0/0/0/0/0/0/0/0/0/0/0/0/0/0/0/0/0/0/0/0/0/0/0/0/0/0/0/0/0/0/0/0/0/0/0/0/0/0/0/0/0/0/0/0/0/0/0/0/0/0/0/0/0/0/0/0,,,7918,1.7862608820102208e-11,3.0929687500000014e-11,-1.8352049316150376e-06,1.4474869355727056,1994,4.365436336103465e-12,58602,1.297203329069747e-10,2.289140625000001e-10,1.569216205993551e-06,4.1681310678689475e-06,2.8284271247461907e-06,4.084046757576796e-06,1,1,nan,0.3321737709921538,29,94/17/13/12/11/93/20/94/6/3/15/95/185/22/2/4/5/185/5/8/9/10/14/94/21/93/16/93/22,12,4467.7,1.0,,,3.0723227082029248e-09,,,,,,,,,,,,,,1,52293,185,623828502.6236607,269232571.8934314,2.317061781330777,1,-227368522.901043,-214228544.985885,-215026420.301347,32759368.555591,60089917.857995,61054890.63924,-191480376.891974,82223983.463963,31274,142753334.255228,143614682.488002,436818046.556473,561472216.130893,-116579468.707167,-131860251.372033,0.8696,1.2641,0.1682,0.2372,0.0253,0.1884,1.8319,0.2833,0.007,0.6534,0.758,0.683,1480,6195,27898,,,
1560,0.000162954655,9590.61,3.3279756535161225e-08,1.0856469726562505e-16,1.6435302734375006e-17,276,27,18,16,94/17/13/12/11/7/6/3/1/2/4/5/8/9/10/14/20/16,0,164,3,0.13501/0.37085/0.363281/0.333008/0.183838/0.313232/0.0549316/0.314453/0.243896/0.342285/0.527344/0.430664/0.349609/0.0786133/1.24194/0.162109/0.128906/1.26929/0.961914/0.861572/1.20923/0.875488/1.06763/0/0/0/0/0/0/0/0/0/0/0/0/0/0/0/0/0/0/0/0/0/0/0/0/0/0/0/0/0/0/0/0/0/0/0/0/0/0/0/0/0/0/0/0/0/0/0/0/0/0/0/0/0/0/0/0/0/0/0/0/0/0/0/0/0/0/0/0/0/1.21045/1.22852/1.14624/0/0/0/0/0/0/0/0/0/0/0/0/0/0/0/0/0/0/0/0/0/0/0/0/0/0/0/0/0/0/0/0/0/0/0/0/0/0/0/0/0/0/0/0/0/0/0/0/0/0/0/0/0/0/0/0/0/0/0/0/0/0/0/0/0/0/0/0/0/0/0/0/0/0/0/0/0/0/0/0/0/0/0/0/0/0/0/0/0/1.03101/0/0/0/0/0/0/0/0/0/0/0/0/0/0/0/0/0/0/0/0/0/0/0/0/0/0/0/0/0/0/0/0/0/0/0/0/0/0/0/0/0/0/0/0/0/0/0/0/0/0/0/0/0/0/0/0/0/0/0/0/0/0/0/0/0/0/0/0/0/0/0/0/0/0/0/0/0/0/0/0/0/0/0/0/0/0/0/0/0/0/0,383.482/521.729/347.949/248.875/438.928/271.428/152.16/248.886/502.862/4092.51/4148.49/4892.35/4664.57/4176.91/4321.61/4168.13/4698.77/4293.94/4266.3/4286.75/2696.67/8220.67/4766.41/0/0/0/0/0/0/0/0/0/0/0/0/0/0/0/0/0/0/0/0/0/0/0/0/0/0/0/0/0/0/0/0/0/0/0/0/0/0/0/0/0/0/0/0/0/0/0/0/0/0/0/0/0/0/0/0/0/0/0/0/0/0/0/0/0/0/0/0/0/6340.34/6257.38/6146.63/0/0/0/0/0/0/0/0/0/0/0/0/0/0/0/0/0/0/0/0/0/0/0/0/0/0/0/0/0/0/0/0/0/0/0/0/0/0/0/0/0/0/0/0/0/0/0/0/0/0/0/0/0/0/0/0/0/0/0/0/0/0/0/0/0/0/0/0/0/0/0/0/0/0/0/0/0/0/0/0/0/0/0/0/0/0/0/0/0/3941.15/0/0/0/0/0/0/0/0/0/0/0/0/0/0/0/0/0/0/0/0/0/0/0/0/0/0/0/0/0/0/0/0/0/0/0/0/0/0/0/0/0/0/0/0/0/0/0/0/0/0/0/0/0/0/0/0/0/0/0/0/0/0/0/0/0/0/0/0/0/0/0/0/0/0/0/0/0/0/0/0/0/0/0/0/0/0/0/0/0/0/0,,,7930,1.7887304897019682e-11,3.0976562500000015e-11,-1.8332277908591043e-06,1.4791211876676387,2008,4.393589925205342e-12,58978,1.3055216604402607e-10,2.3038281250000008e-10,1.5687037269922314e-06,4.1681310678689475e-06,2.8284271247461907e-06,4.084046757576796e-06,1,1,nan,0.44148163394483164,31,94/17/13/12/11/93/185/93/20/94/6/3/15/95/185/22/2/4/5/185/5/8/9/10/14/94/21/93/16/93/22,12,4466.3,1.0,,,3.0827311111923543e-09,,,,,,,,,,,,,,1,52611,194,829110696.5400853,266417760.93976733,3.1120699071092846,1,-227689442.376273,-215057727.190833,-214602913.22473,30954138.247567,59101670.78465,61436779.796005,-191363770.571637,82474102.007648,31692,143457973.902191,144263309.886431,431468956.953046,540500675.253733,-114939720.525194,-131724612.923063,0.8711,1.2454,0.1719,0.2313,0.0241,0.1883,1.8272,0.2838,0.007,0.6449,0.7535,0.684,1487,6070,28050,,,
1580,0.000173139321,9704.9,3.21459798355071e-08,1.0767187500000005e-16,1.7328125000000007e-17,276,28,17,15,94/17/13/12/11/6/3/1/2/4/5/8/9/10/14/20/16,0,165,3,0.135254/0.374268/0.364746/0.333008/0.182861/0.313232/0.0549316/0.314453/0.243896/0.342285/0.529785/0.431152/0.349121/0.0783691/1.25293/0.162842/0.128662/1.27856/0.971924/0.867432/1.21313/0.880859/1.07544/0/0/0/0/0/0/0/0/0/0/0/0/0/0/0/0/0/0/0/0/0/0/0/0/0/0/0/0/0/0/0/0/0/0/0/0/0/0/0/0/0/0/0/0/0/0/0/0/0/0/0/0/0/0/0/0/0/0/0/0/0/0/0/0/0/0/0/0/0/1.21997/1.24146/1.15771/0.779785/0/0/0/0/0/0/0/0/0/0/0/0/0/0/0/0/0/0/0/0/0/0/0/0/0/0/0/0/0/0/0/0/0/0/0/0/0/0/0/0/0/0/0/0/0/0/0/0/0/0/0/0/0/0/0/0/0/0/0/0/0/0/0/0/0/0/0/0/0/0/0/0/0/0/0/0/0/0/0/0/0/0/0/0/0/0/0/0/1.05005/0/0/0/0/0/0/0/0/0/0/0/0/0/0/0/0/0/0/0/0/0/0/0/0/0/0/0/0/0/0/0/0/0/0/0/0/0/0/0/0/0/0/0/0/0/0/0/0/0/0/0/0/0/0/0/0/0/0/0/0/0/0/0/0/0/0/0/0/0/0/0/0/0/0/0/0/0/0/0/0/0/0/0/0/0/0/0/0/0/0/0,383.482/521.729/347.949/248.875/438.802/271.428/152.16/248.886/502.862/4092.51/4148.49/4892.35/4664.57/4176.91/4321.61/4168.13/4698.77/4293.94/4293.95/4286.75/2696.68/8220.67/4766.41/0/0/0/0/0/0/0/0/0/0/0/0/0/0/0/0/0/0/0/0/0/0/0/0/0/0/0/0/0/0/0/0/0/0/0/0/0/0/0/0/0/0/0/0/0/0/0/0/0/0/0/0/0/0/0/0/0/0/0/0/0/0/0/0/0/0/0/0/0/6340.34/6257.38/6146.63/4424.34/0/0/0/0/0/0/0/0/0/0/0/0/0/0/0/0/0/0/0/0/0/0/0/0/0/0/0/0/0/0/0/0/0/0/0/0/0/0/0/0/0/0/0/0/0/0/0/0/0/0/0/0/0/0/0/0/0/0/0/0/0/0/0/0/0/0/0/0/0/0/0/0/0/0/0/0/0/0/0/0/0/0/0/0/0/0/0/0/3941.15/0/0/0/0/0/0/0/0/0/0/0/0/0/0/0/0/0/0/0/0/0/0/0/0/0/0/0/0/0/0/0/0/0/0/0/0/0/0/0/0/0/0/0/0/0/0/0/0/0/0/0/0/0/0/0/0/0/0/0/0/0/0/0/0/0/0/0/0/0/0/0/0/0/0/0/0/0/0/0/0/0/0/0/0/0/0/0/0/0/0/0,,,7936,1.789767462062143e-11,3.100000000000001e-11,-1.832611617363098e-06,1.4889799636037402,2135,4.667154941057623e-12,62444,1.3811972497284413e-10,2.439218750000001e-10,1.56849830764748e-06,4.1725184460702636e-06,3.3808542975481805e-06,4.0392724070729515e-06,1,1,nan,0.3903402180460473,30,94/17/13/12/11/93/96/20/94/6/3/15/95/185/22/2/4/5/185/5/8/9/10/14/94/21/93/16/93/22,13,4492.1,1.0,,,3.1847377013936794e-09,,,,,,,,,,,,,,1,52985,197,758921138.9018191,294529750.1630402,2.576721497511575,1,-228072309.820994,-218347333.165685,-214670770.078969,39837212.007316,65052575.715136,71522271.818289,-193193600.831663,90231136.9779,32847,156532533.543699,153186301.219926,422714620.421027,530323958.006879,-108594172.439899,-133820579.747651,1.0022,1.3313,0.1815,0.2389,0.023,0.1955,1.8984,0.2852,0.0072,0.6464,0.777,0.7016,1581,6694,29819,,,
1600,0.000173139321,9816.14,3.21459798355071e-08,1.0753100585937505e-16,1.746899414062501e-17,276,28,17,15,94/17/13/12/11/6/3/1/2/4/5/8/9/10/14/20/16,0,166,3,0.135254/0.376221/0.367432/0.333252/0.182129/0.314209/0.0549316/0.314453/0.243652/0.342773/0.530762/0.431885/0.349121/0.0786133/1.2627/0.164551/0.128418/1.28857/0.983154/0.875732/1.22754/0.88501/1.08447/0/0/0/0/0/0/0/0/0/0/0/0/0/0/0/0/0/0/0/0/0/0/0/0/0/0/0/0/0/0/0/0/0/0/0/0/0/0/0/0/0/0/0/0/0/0/0/0/0/0/0/0/0/0/0/0/0/0/0/0/0/0/0/0/0/0/0/0/0/1.23145/1.25342/1.16895/0.796631/0/0/0/0/0/0/0/0/0/0/0/0/0/0/0/0/0/0/0/0/0/0/0/0/0/0/0/0/0/0/0/0/0/0/0/0/0/0/0/0/0/0/0/0/0/0/0/0/0/0/0/0/0/0/0/0/0/0/0/0/0/0/0/0/0/0/0/0/0/0/0/0/0/0/0/0/0/0/0/0/0/0/0/0/0/0/0/0/1.06372/0/0/0/0/0/0/0/0/0/0/0/0/0/0/0/0/0/0/0/0/0/0/0/0/0/0/0/0/0/0/0/0/0/0/0/0/0/0/0/0/0/0/0/0/0/0/0/0/0/0/0/0/0/0/0/0/0/0/0/0/0/0/0/0/0/0/0/0/0/0/0/0/0/0/0/0/0/0/0/0/0/0/0/0/0/0/0/0/0/0/0,383.482/521.729/347.949/248.875/438.802/271.428/152.16/248.886/502.862/4224.21/4148.49/4892.35/4664.57/4176.91/4321.61/4168.13/4698.77/4293.96/4293.95/4286.75/2696.68/8220.67/4766.41/0/0/0/0/0/0/0/0/0/0/0/0/0/0/0/0/0/0/0/0/0/0/0/0/0/0/0/0/0/0/0/0/0/0/0/0/0/0/0/0/0/0/0/0/0/0/0/0/0/0/0/0/0/0/0/0/0/0/0/0/0/0/0/0/0/0/0/0/0/6340.34/6257.38/6146.63/4403.24/0/0/0/0/0/0/0/0/0/0/0/0/0/0/0/0/0/0/0/0/0/0/0/0/0/0/0/0/0/0/0/0/0/0/0/0/0/0/0/0/0/0/0/0/0/0/0/0/0/0/0/0/0/0/0/0/0/0/0/0/0/0/0/0/0/0/0/0/0/0/0/0/0/0/0/0/0/0/0/0/0/0/0/0/0/0/0/0/3941.15/0/0/0/0/0/0/0/0/0/0/0/0/0/0/0/0/0/0/0/0/0/0/0/0/0/0/0/0/0/0/0/0/0/0/0/0/0/0/0/0/0/0/0/0/0/0/0/0/0/0/0/0/0/0/0/0/0/0/0/0/0/0/0/0/0/0/0/0/0/0/0/0/0/0/0/0/0/0/0/0/0/0/0/0/0/0/0/0/0/0/0,1-2:0.371481/1-3:0.377165/2-4:1.40738/2-17:0.138576/3-6:1.46987/3-15:0.00864148/3-22:0.00518486/4-5:1.16374/4-13:0.026105/4-17:0.23659/5-8:0.836332/5-13:0.089733/5-17:0.00172837/6-7:1.14806/6-22:0.00609416/8-9:1.39724/8-11:0.0213296/8-12:0.183742/8-13:0.00691323/9-10:0.966586/9-11:0.114429/9-12:0.00691323/10-11:0.556631/10-14:1.13778/11-12:2.09213/12-13:1.56842/13-17:1.30223/15-22:0.0903718/18-22:0.350937/19-23:0.40933/20-21:0.409878,1-2:-28.483/1-3:-33.896/2-4:-24.564/2-17:-24.412/3-6:-37.854/3-15:-36.068/3-22:-38.135/4-5:-20.547/4-13:-20.337/4-17:-22.515/5-8:-16.596/5-13:-18.437/5-17:-19.739/6-7:-41.822/6-22:-38.473/8-9:-12.612/8-11:-12.45/8-12:-13.943/8-13:-15.472/9-10:-8.6385/9-11:-10.216/9-12:-11.257/10-11:-10.118/10-14:-4.8839/11-12:-53.751/12-13:-56.683/13-17:-58.249/15-22:-26.996/18-22:-32.398/19-23:-0.18508/20-21:-0.1691,7939,1.790154052061003e-11,3.101171875000001e-11,-1.83279028615494e-06,1.4861212629342664,2154,4.7118621177898435e-12,62894,1.3916121898736205e-10,2.456796875000001e-10,1.5680624098185847e-06,4.200559683921537e-06,3.3808542975481805e-06,4.0392724070729515e-06,1,1,nan,0.38958808857625543,32,94/17/13/12/11/93/185/93/96/20/94/6/3/15/95/185/22/2/4/5/185/5/8/9/10/14/94/21/93/16/93/22,13,4491.0,1.0,,,3.197222498809052e-09,15,18/2/2/1/1/1/1/1/1/1/1/1,1/1/1/5/5/5/9/5/5/1/1/1,3,3,0.684346/0/0/0/0.254762/0/0/0/0.0608919/0/0/0,0.577786,18/2/2/1/1/1/1/1/1/1/1/1,8221/4342/4777/6253/5260/6317/4028/3922/2851/255/4024/2380,8401/3861/4221/8164/4866/6257/4130/4075/2675/1716/3707/2514,6983/4640/4950/4375/6983/4508/884/4066/3889/663/486/3536,18/2/2/1/1/1/1/1/1/1/1/1,27/3/5/5/3/5/2/3/2/1/2/2,1,53316,200,757458806.9989643,289484911.88684845,2.6165743909134505,1,-225143669.947939,-217234082.741321,-213959966.521033,41571305.051086,65727570.790505,72407947.11395,-193055222.698554,90379275.534743,33275,155238282.206438,153425782.726232,412478284.695136,498906352.359992,-112608883.021923,-133043827.616561,0.9794,1.3273,0.1787,0.2447,0.0238,0.1936,1.8543,0.2885,0.0072,0.6601,0.7773,0.7029,1627,6658,29963,2041.6,662.9,406.4
1620,0.000173139321,10006.04,3.21459798355071e-08,1.0738061523437504e-16,1.761938476562501e-17,276,28,17,15,94/17/13/12/11/6/3/1/2/4/5/8/9/10/14/20/16,0,169,3,0.135254/0.378662/0.369385/0.33374/0.181396/0.314697/0.0549316/0.314209/0.243652/0.343262/0.533447/0.431885/0.349609/0.078125/1.27441/0.166992/0.127686/1.29883/0.992676/0.88208/1.23975/0.887207/1.09204/0/0/0/0/0/0/0/0/0/0/0/0/0/0/0/0/0/0/0/0/0/0/0/0/0/0/0/0/0/0/0/0/0/0/0/0/0/0/0/0/0/0/0/0/0/0/0/0/0/0/0/0/0/0/0/0/0/0/0/0/0/0/0/0/0/0/0/0/0/1.24048/1.26538/1.18335/0.825439/0/0/0/0/0/0/0/0/0/0/0/0/0/0/0/0/0/0/0/0/0/0/0/0/0/0/0/0/0/0/0/0/0/0/0/0/0/0/0/0/0/0/0/0/0/0/0/0/0/0/0/0/0/0/0/0/0/0/0/0/0/0/0/0/0/0/0/0/0/0/0/0/0/0/0/0/0/0/0/0/0/0/0/0/0/0/0/0/1.08081/0/0/0/0/0/0/0/0/0/0/0/0/0/0/0/0/0/0/0/0/0/0/0/0/0/0/0/0/0/0/0/0/0/0/0/0/0/0/0/0/0/0/0/0/0/0/0/0/0/0/0/0/0/0/0/0/0/0/0/0/0/0/0/0/0/0/0/0/0/0/0/0/0/0/0/0/0/0/0/0/0/0/0/0/0/0/0/0/0/0/0,383.482/521.729/347.949/248.875/438.802/271.428/152.16/248.886/502.862/4224.21/4148.49/4892.35/4664.57/4176.91/4321.61/4168.13/4687.11/4293.96/4293.95/4286.75/2696.68/8220.67/4766.41/0/0/0/0/0/0/0/0/0/0/0/0/0/0/0/0/0/0/0/0/0/0/0/0/0/0/0/0/0/0/0/0/0/0/0/0/0/0/0/0/0/0/0/0/0/0/0/0/0/0/0/0/0/0/0/0/0/0/0/0/0/0/0/0/0/0/0/0/0/6340.34/6257.38/6146.63/4354.49/0/0/0/0/0/0/0/0/0/0/0/0/0/0/0/0/0/0/0/0/0/0/0/0/0/0/0/0/0/0/0/0/0/0/0/0/0/0/0/0/0/0/0/0/0/0/0/0/0/0/0/0/0/0/0/0/0/0/0/0/0/0/0/0/0/0/0/0/0/0/0/0/0/0/0/0/0/0/0/0/0/0/0/0/0/0/0/0/3955.69/0/0/0/0/0/0/0/0/0/0/0/0/0/0/0/0/0/0/0/0/0/0/0/0/0/0/0/0/0/0/0/0/0/0/0/0/0/0/0/0/0/0/0/0/0/0/0/0/0/0/0/0/0/0/0/0/0/0/0/0/0/0/0/0/0/0/0/0/0/0/0/0/0/0/0/0/0/0/0/0/0/0/0/0/0/0/0/0/0/0/0,,,7938,1.7894537068021586e-11,3.100781250000001e-11,-1.8342669719287198e-06,1.46249429055379,2171,4.749156431237989e-12,63460,1.4043221293381343e-10,2.478906250000001e-10,1.5689789873121827e-06,4.200559683921537e-06,3.40295138446026e-06,4.0392724070729515e-06,1,1,nan,0.3874915071031287,32,94/17/13/12/11/93/185/93/96/20/94/6/3/15/95/185/22/2/4/5/185/5/8/9/10/14/94/21/93/16/93/22,13,4490.5,1.0,,,3.208994646385906e-09,,,,,,,,,,,,,,1,53662,207,753382516.8145946,283571120.49103624,2.656767429313766,1,-225971797.384298,-216813152.723677,-213125388.761373,41027417.718295,65689182.348966,73263940.397,-192904218.59686,90620437.367628,33740,150579466.409351,153631601.838386,406814513.175196,506893058.056344,-117381425.006569,-131523654.065164,0.9908,1.3202,0.1875,0.2445,0.0232,0.191,1.8766,0.2889,0.0072,0.6615,0.778,0.7037,1616,6650,30121,,,
1640,0.000173139321,10106.67,3.21459798355071e-08,1.0723486328125004e-16,1.7765136718750007e-17,276,28,17,15,94/17/13/12/11/6/3/1/2/4/5/8/9/10/14/20/16,0,170,3,0.135498/0.381592/0.372803/0.33374/0.180664/0.315186/0.0549316/0.314209/0.243652/0.343506/0.534912/0.432373/0.348877/0.0778809/1.2854/0.167969/0.126709/1.31128/0.999023/0.890137/1.25098/0.892334/1.10107/0/0/0/0/0/0/0/0/0/0/0/0/0/0/0/0/0/0/0/0/0/0/0/0/0/0/0/0/0/0/0/0/0/0/0/0/0/0/0/0/0/0/0/0/0/0/0/0/0/0/0/0/0/0/0/0/0/0/0/0/0/0/0/0/0/0/0/0/0/1.25537/1.27759/1.19531/0.844727/0/0/0/0/0/0/0/0/0/0/0/0/0/0/0/0/0/0/0/0/0/0/0/0/0/0/0/0/0/0/0/0/0/0/0/0/0/0/0/0/0/0/0/0/0/0/0/0/0/0/0/0/0/0/0/0/0/0/0/0/0/0/0/0/0/0/0/0/0/0/0/0/0/0/0/0/0/0/0/0/0/0/0/0/0/0/0/0/1.09741/0/0/0/0/0/0/0/0/0/0/0/0/0/0/0/0/0/0/0/0/0/0/0/0/0/0/0/0/0/0/0/0/0/0/0/0/0/0/0/0/0/0/0/0/0/0/0/0/0/0/0/0/0/0/0/0/0/0/0/0/0/0/0/0/0/0/0/0/0/0/0/0/0/0/0/0/0/0/0/0/0/0/0/0/0/0/0/0/0/0/0,383.482/549.381/347.949/248.875/438.802/271.428/152.16/248.886/502.862/4224.21/4148.49/4892.35/4664.57/4176.91/4321.61/4168.13/4687.11/4293.96/4293.95/4286.75/2741.89/8220.67/4766.41/0/0/0/0/0/0/0/0/0/0/0/0/0/0/0/0/0/0/0/0/0/0/0/0/0/0/0/0/0/0/0/0/0/0/0/0/0/0/0/0/0/0/0/0/0/0/0/0/0/0/0/0/0/0/0/0/0/0/0/0/0/0/0/0/0/0/0/0/0/6340.34/6257.38/6146.63/4354.48/0/0/0/0/0/0/0/0/0/0/0/0/0/0/0/0/0/0/0/0/0/0/0/0/0/0/0/0/0/0/0/0/0/0/0/0/0/0/0/0/0/0/0/0/0/0/0/0/0/0/0/0/0/0/0/0/0/0/0/0/0/0/0/0/0/0/0/0/0/0/0/0/0/0/0/0/0/0/0/0/0/0/0/0/0/0/0/0/3962.25/0/0/0/0/0/0/0/0/0/0/0/0/0/0/0/0/0/0/0/0/0/0/0/0/0/0/0/0/0/0/0/0/0/0/0/0/0/0/0/0/0/0/0/0/0/0/0/0/0/0/0/0/0/0/0/0/0/0/0/0/0/0/0/0/0/0/0/0/0/0/0/0/0/0/0/0/0/0/0/0/0/0/0/0/0/0/0/0/0/0/0,,,7934,1.7884986165811107e-11,3.0992187500000013e-11,-1.8349463074775438e-06,1.4516249217726072,2204,4.8233353917157834e-12,63930,1.4146607145633959e-10,2.497265625000001e-10,1.5700534737518206e-06,4.200559683921537e-06,3.380854297548181e-06,4.0392724070729515e-06,1,1,nan,0.38612925282851673,33,22/94/17/13/12/11/93/185/93/96/20/94/6/3/15/95/185/22/2/4/5/185/5/8/9/10/14/94/21/93/16/93/22,13,4488.8,1.0,,,3.2209132695396803e-09,,,,,,,,,,,,,,1,54012,212,750733946.3681837,280151137.9163443,2.6797461968273706,1,-225266555.404467,-216412694.932099,-212433614.796885,42984441.865893,65862021.320272,73819905.471675,-192667406.875937,90978671.197504,34138,149924780.727044,155816448.014644,403860517.954687,393643106.004475,-113383957.53248,-130297760.51095,0.9948,1.3088,0.1835,0.2455,0.0234,0.1889,1.8351,0.2879,0.0072,0.6679,0.7805,0.7054,1650,6665,30271,,,
1660,0.000173139321,10207.21,3.21459798355071e-08,1.0709619140625005e-16,1.790380859375001e-17,276,28,18,16,94/17/13/12/11/7/6/3/1/2/4/5/8/9/10/14/20/16,0,170,3,0.135254/0.383057/0.375488/0.333496/0.180176/0.316406/0.0549316/0.313477/0.243896/0.343994/0.534912/0.432861/0.348389/0.0778809/1.2959/0.168701/0.125732/1.32446/1.00439/0.895996/1.26123/0.897217/1.11157/0/0/0/0/0/0/0/0/0/0/0/0/0/0/0/0/0/0/0/0/0/0/0/0/0/0/0/0/0/0/0/0/0/0/0/0/0/0/0/0/0/0/0/0/0/0/0/0/0/0/0/0/0/0/0/0/0/0/0/0/0/0/0/0/0/0/0/0/0/1.26904/1.28906/1.20874/0.86377/0/0/0/0/0/0/0/0/0/0/0/0/0/0/0/0/0/0/0/0/0/0/0/0/0/0/0/0/0/0/0/0/0/0/0/0/0/0/0/0/0/0/0/0/0/0/0/0/0/0/0/0/0/0/0/0/0/0/0/0/0/0/0/0/0/0/0/0/0/0/0/0/0/0/0/0/0/0/0/0/0/0/0/0/0/0/0/0/1.11377/0/0/0/0/0/0/0/0/0/0/0/0/0/0/0/0/0/0/0/0/0/0/0/0/0/0/0/0/0/0/0/0/0/0/0/0/0/0/0/0/0/0/0/0/0/0/0/0/0/0/0/0/0/0/0/0/0/0/0/0/0/0/0/0/0/0/0/0/0/0/0/0/0/0/0/0/0/0/0/0/0/0/0/0/0/0/0/0/0/0/0,383.482/549.383/347.949/248.875/438.802/271.428/152.16/248.886/502.862/4245.31/4148.49/4892.35/4664.57/4176.91/4321.61/4168.13/4674/4293.96/4293.95/4286.75/2741.89/8220.67/4766.41/0/0/0/0/0/0/0/0/0/0/0/0/0/0/0/0/0/0/0/0/0/0/0/0/0/0/0/0/0/0/0/0/0/0/0/0/0/0/0/0/0/0/0/0/0/0/0/0/0/0/0/0/0/0/0/0/0/0/0/0/0/0/0/0/0/0/0/0/0/6340.34/6257.38/6174.28/4375.58/0/0/0/0/0/0/0/0/0/0/0/0/0/0/0/0/0/0/0/0/0/0/0/0/0/0/0/0/0/0/0/0/0/0/0/0/0/0/0/0/0/0/0/0/0/0/0/0/0/0/0/0/0/0/0/0/0/0/0/0/0/0/0/0/0/0/0/0/0/0/0/0/0/0/0/0/0/0/0/0/0/0/0/0/0/0/0/0/3962.25/0/0/0/0/0/0/0/0/0/0/0/0/0/0/0/0/0/0/0/0/0/0/0/0/0/0/0/0/0/0/0/0/0/0/0/0/0/0/0/0/0/0/0/0/0/0/0/0/0/0/0/0/0/0/0/0/0/0/0/0/0/0/0/0/0/0/0/0/0/0/0/0/0/0/0/0/0/0/0/0/0/0/0/0/0/0/0/0/0/0/0,,,7943,1.7903178930561148e-11,3.1027343750000014e-11,-1.8341566056163528e-06,1.4642601515516627,2228,4.871408967322744e-12,64386,1.424757373667665e-10,2.5150781250000007e-10,1.5697049106882547e-06,4.211109332636876e-06,3.380854297548181e-06,4.0392724070729515e-06,1,1,nan,0.3844718792479745,31,22/94/17/13/12/11/93/96/20/94/6/3/15/95/185/22/2/4/5/185/5/8/9/10/14/94/21/93/16/93/22,13,4487.9,1.0,,,3.232648681452899e-09,,,,,,,,,,,,,,1,54341,223,747511588.5706007,279140040.76905847,2.677908860767994,1,-223658884.496011,-216210999.995507,-211767457.093634,45634417.084146,65804272.842017,74684285.778083,-192519787.911973,91070736.647034,34534,151869413.768113,155960803.624016,399131045.547622,392032316.482883,-113697495.366366,-129682404.129065,1.0098,1.3134,0.1821,0.2473,0.0231,0.1889,1.8288,0.2876,0.0073,0.6736,0.7806,0.7071,1691,6664,30420,,,
1680,0.000183323987,10322.16,3.108690918802771e-08,1.0694970703125005e-16,1.8050292968750008e-17,276,28,18,16,94/17/13/12/11/7/6/3/1/2/4/5/8/9/10/14/20/16,0,176,3,0.135254/0.387207/0.378174/0.333252/0.180176/0.317627/0.0549316/0.313477/0.243896/0.344238/0.537354/0.432861/0.348145/0.0776367/1.30664/0.169922/0.125732/1.33179/1.01416/0.901367/1.27295/0.902344/1.11963/0/0/0/0/0/0/0/0/0/0/0/0/0/0/0/0/0/0/0/0/0/0/0/0/0/0/0/0/0/0/0/0/0/0/0/0/0/0/0/0/0/0/0/0/0/0/0/0/0/0/0/0/0/0/0/0/0/0/0/0/0/0/0/0/0/0/0/0/0/1.2832/1.30396/1.22046/0.884521/0/0/0/0/0/0/0/0/0/0/0/0/0/0/0/0/0/0/0/0/0/0/0/0/0/0/0/0/0/0/0/0/0/0/0/0/0/0/0/0/0/0/0/0/0/0/0/0/0/0/0/0/0/0/0/0/0/0/0/0/0/0/0/0/0/0/0/0/0/0/0/0/0/0/0/0/0/0/0/0/0/0/0/0/0/0/0/0/1.12939/0/0/0/0/0/0/0/0/0/0/0/0/0/0/0/0/0/0/0/0/0/0/0/0/0/0/0/0/0/0/0/0/0/0/0/0/0/0/0/0/0/0/0/0/0/0/0/0/0/0/0/0/0/0/0/0/0/0/0/0/0/0/0/0/0/0/0/0/0/0/0/0/0/0/0/0/0/0/0/0/0/0/0/0/0/0/0/0/0/0/0,383.482/555.936/347.949/248.875/438.802/271.428/152.16/248.886/502.862/4245.31/4148.49/4892.35/4664.57/4176.91/4321.61/4168.13/4674/4293.96/4293.95/4286.75/2741.89/8220.67/4766.41/0/0/0/0/0/0/0/0/0/0/0/0/0/0/0/0/0/0/0/0/0/0/0/0/0/0/0/0/0/0/0/0/0/0/0/0/0/0/0/0/0/0/0/0/0/0/0/0/0/0/0/0/0/0/0/0/0/0/0/0/0/0/0/0/0/0/0/0/0/6340.34/6257.38/6174.28/4375.58/0/0/0/0/0/0/0/0/0/0/0/0/0/0/0/0/0/0/0/0/0/0/0/0/0/0/0/0/0/0/0/0/0/0/0/0/0/0/0/0/0/0/0/0/0/0/0/0/0/0/0/0/0/0/0/0/0/0/0/0/0/0/0/0/0/0/0/0/0/0/0/0/0/0/0/0/0/0/0/0/0/0/0/0/0/0/0/0/3962.25/0/0/0/0/0/0/0/0/0/0/0/0/0/0/0/0/0/0/0/0/0/0/0/0/0/0/0/0/0/0/0/0/0/0/0/0/0/0/0/0/0/0/0/0/0/0/0/0/0/0/0/0/0/0/0/0/0/0/0/0/0/0/0/0/0/0/0/0/0/0/0/0/0/0/0/0/0/0/0/0/0/0/0/0/0/0/0/0/0/0/0,,,7945,1.7903998263398135e-11,3.103515625000001e-11,-1.8343087056300884e-06,1.461826551331893,2261,4.935036872609469e-12,64898,1.4361119830142354e-10,2.535078125000001e-10,1.5698193853963842e-06,4.211109332636876e-06,3.4029513844602605e-06,4.0392724070729515e-06,1,1,nan,0.3705119030374796,31,22/94/17/13/12/11/93/96/20/94/6/3/15/95/185/22/2/4/5/185/5/8/9/10/14/94/21/93/16/93/22,13,4487.1,1.0,,,3.245749260617212e-09,,,,,,,,,,,,,,1,54705,228,744911428.7875481,287538740.02311987,2.5906471897583354,1,-222357016.70991,-216372665.721338,-211061485.720529,54636234.370087,75565664.322475,85228050.354004,-192269546.57738,101143779.445406,34923,160932113.665628,166792759.096391,398404231.761366,385862235.677424,-113612562.381104,-129416627.193698,1.0771,1.3833,0.1927,0.2607,0.0225,0.1973,1.9263,0.302,0.0077,0.6739,0.7812,0.7095,1699,6660,30631,,,
1700,0.000183323987,10438.22,3.108690918802771e-08,1.0681005859375004e-16,1.8189941406250007e-17,276,28,18,16,94/17/13/12/11/7/6/3/1/2/4/5/8/9/10/14/20/16,0,177,3,0.135254/0.389404/0.380371/0.333252/0.179932/0.317871/0.0549316/0.313477/0.243652/0.344238/0.539795/0.43335/0.348145/0.0773926/1.31909/0.172119/0.125244/1.34229/1.02319/0.907715/1.28613/0.908203/1.12866/0/0/0/0/0/0/0/0/0/0/0/0/0/0/0/0/0/0/0/0/0/0/0/0/0/0/0/0/0/0/0/0/0/0/0/0/0/0/0/0/0/0/0/0/0/0/0/0/0/0/0/0/0/0/0/0/0/0/0/0/0/0/0/0/0/0/0/0/0/1.29224/1.31909/1.22852/0.9021/0/0/0/0/0/0/0/0/0/0/0/0/0/0/0/0/0/0/0/0/0/0/0/0/0/0/0/0/0/0/0/0/0/0/0/0/0/0/0/0/0/0/0/0/0/0/0/0/0/0/0/0/0/0/0/0/0/0/0/0/0/0/0/0/0/0/0/0/0/0/0/0/0/0/0/0/0/0/0/0/0/0/0/0/0/0/0/0/1.14429/0/0/0/0/0/0/0/0/0/0/0/0/0/0/0/0/0/0/0/0/0/0/0/0/0/0/0/0/0/0/0/0/0/0/0/0/0/0/0/0/0/0/0/0/0/0/0/0/0/0/0/0/0/0/0/0/0/0/0/0/0/0/0/0/0/0/0/0/0/0/0/0/0/0/0/0/0/0/0/0/0/0/0/0/0/0/0/0/0/0/0,383.482/555.936/438.92/248.875/438.802/271.428/152.16/248.886/502.862/4245.31/4148.49/4892.35/4664.57/4176.91/4321.61/4168.13/4674/4293.96/4293.95/4286.75/2741.89/8220.67/4766.41/0/0/0/0/0/0/0/0/0/0/0/0/0/0/0/0/0/0/0/0/0/0/0/0/0/0/0/0/0/0/0/0/0/0/0/0/0/0/0/0/0/0/0/0/0/0/0/0/0/0/0/0/0/0/0/0/0/0/0/0/0/0/0/0/0/0/0/0/0/6340.34/6285.03/6174.28/4382.13/0/0/0/0/0/0/0/0/0/0/0/0/0/0/0/0/0/0/0/0/0/0/0/0/0/0/0/0/0/0/0/0/0/0/0/0/0/0/0/0/0/0/0/0/0/0/0/0/0/0/0/0/0/0/0/0/0/0/0/0/0/0/0/0/0/0/0/0/0/0/0/0/0/0/0/0/0/0/0/0/0/0/0/0/0/0/0/0/3968.8/0/0/0/0/0/0/0/0/0/0/0/0/0/0/0/0/0/0/0/0/0/0/0/0/0/0/0/0/0/0/0/0/0/0/0/0/0/0/0/0/0/0/0/0/0/0/0/0/0/0/0/0/0/0/0/0/0/0/0/0/0/0/0/0/0/0/0/0/0/0/0/0/0/0/0/0/0/0/0/0/0/0/0/0/0/0/0/0/0/0/0,1-2:0.371481/1-3:0.377165/2-4:1.40606/2-17:0.138576/3-6:1.46509/3-15:0.0120981/3-22:0.00345662/4-5:1.1546/4-13:0.026105/4-17:0.23659/5-8:0.823324/5-13:0.089733/5-17:0.00172837/6-7:1.15283/6-22:0.00609416/8-9:1.39419/8-11:0.0213296/8-12:0.183742/8-13:0.00691323/9-10:0.966586/9-11:0.114429/9-12:0.00691323/10-11:0.556631/10-14:1.13168/11-12:2.10168/12-13:1.56842/13-17:1.27967/15-22:0.101151/16-20:0.00172837/18-22:0.352666/19-23:0.429251/20-21:0.409878,1-2:-28.483/1-3:-33.896/2-4:-24.563/2-17:-24.412/3-6:-37.855/3-15:-36.225/3-22:-38.135/4-5:-20.547/4-13:-20.337/4-17:-22.515/5-8:-16.595/5-13:-18.437/5-17:-19.739/6-7:-41.822/6-22:-38.473/8-9:-12.612/8-11:-12.45/8-12:-13.943/8-13:-15.472/9-10:-8.6385/9-11:-10.216/9-12:-11.257/10-11:-10.118/10-14:-4.8815/11-12:-53.876/12-13:-56.742/13-17:-58.514/15-22:-27.493/16-20:2.8257/18-22:-32.413/19-23:0.117/20-21:-0.17597,7941,1.7891809821147386e-11,3.101953125000001e-11,-1.833018668068434e-06,1.4824671523183648,2289,4.991342260753203e-12,65360,1.4463914591626581e-10,2.553125000000001e-10,1.5688648721468992e-06,4.211109332636876e-06,3.4029513844602605e-06,4.0392724070729515e-06,1,1,nan,0.3688109102580382,30,22/94/17/13/12/11/93/96/20/94/6/3/15/95/185/22/2/4/5/185/5/8/9/10/14/21/93/16/93/22,14,4485.3,1.0,,,3.2590277916593466e-09,14,18/3/2/1/1/1/1/1/1/1/1/1,1/1/1/5/5/5/9/5/5/1/1/1,3,3,0.676402/0/0/0/0.26069/0/0/0/0.0629077/0/0/0,0.568508,18/3/2/1/1/1/1/1/1/1/1/1,8221/4509/4777/6253/5260/6317/4037/3930/2880/4024/2380/382,8401/3978/4221/8192/4866/6257/4130/4075/2703/3738/2514/681,6983/4773/4950/4419/6983/4552/1016/4198/3889/530/3580/575,18/3/2/1/1/1/1/1/1/1/1/1,27/4/5/5/3/5/2/3/2/2/2/1,1,55055,233,741491595.4399462,286253814.4301371,2.590329134708925,1,-223276391.854781,-217250251.767205,-210457432.706597,53644962.817401,74072892.067473,85727055.609281,-192072149.579833,101586661.638697,35391,159982078.723183,165898973.142195,387418100.503373,381905809.312222,-114856180.397565,-130098650.14157,1.11,1.409,0.1964,0.2539,0.0226,0.1966,1.9692,0.3012,0.0077,0.6746,0.7783,0.711,1727,6550,30819,2136.4,662.9,402.9
1720,0.000183323987,10629.9,3.108690918802771e-08,1.0666918945312505e-16,1.8330810546875008e-17,276,28,18,16,94/17/13/12/11/7/6/3/1/2/4/5/8/9/10/14/20/16,0,183,3,0.135498/0.390869/0.383057/0.333252/0.179688/0.317871/0.0549316/0.313232/0.243652/0.344971/0.541504/0.433594/0.348389/0.0766602/1.33301/0.175293/0.124756/1.35083/1.03125/0.914795/1.29858/0.911133/1.13574/0/0/0/0/0/0/0/0/0/0/0/0/0/0/0/0/0/0/0/0/0/0/0/0/0/0/0/0/0/0/0/0/0/0/0/0/0/0/0/0/0/0/0/0/0/0/0/0/0/0/0/0/0/0/0/0/0/0/0/0/0/0/0/0/0/0/0/0/0/1.3042/1.33228/1.24146/0.917969/0/0/0/0/0/0/0/0/0/0/0/0/0/0/0/0/0/0/0/0/0/0/0/0/0/0/0/0/0/0/0/0/0/0/0/0/0/0/0/0/0/0/0/0/0/0/0/0/0/0/0/0/0/0/0/0/0/0/0/0/0/0/0/0/0/0/0/0/0/0/0/0/0/0/0/0/0/0/0/0/0/0/0/0/0/0/0/0/1.16235/0/0/0/0/0/0/0/0/0/0/0/0/0/0/0/0/0/0/0/0/0/0/0/0/0/0/0/0/0/0/0/0/0/0/0/0/0/0/0/0/0/0/0/0/0/0/0/0/0/0/0/0/0/0/0/0/0/0/0/0/0/0/0/0/0/0/0/0/0/0/0/0/0/0/0/0/0/0/0/0/0/0/0/0/0/0/0/0/0/0/0,383.482/555.936/438.92/248.875/438.802/271.428/152.16/248.886/502.862/4245.31/4148.49/4892.35/4664.57/4176.91/4321.61/4168.13/4674/4293.96/4293.95/4301.3/2741.89/8220.67/4766.41/0/0/0/0/0/0/0/0/0/0/0/0/0/0/0/0/0/0/0/0/0/0/0/0/0/0/0/0/0/0/0/0/0/0/0/0/0/0/0/0/0/0/0/0/0/0/0/0/0/0/0/0/0/0/0/0/0/0/0/0/0/0/0/0/0/0/0/0/0/6340.34/6285.03/6174.28/4382.13/0/0/0/0/0/0/0/0/0/0/0/0/0/0/0/0/0/0/0/0/0/0/0/0/0/0/0/0/0/0/0/0/0/0/0/0/0/0/0/0/0/0/0/0/0/0/0/0/0/0/0/0/0/0/0/0/0/0/0/0/0/0/0/0/0/0/0/0/0/0/0/0/0/0/0/0/0/0/0/0/0/0/0/0/0/0/0/0/3968.8/0/0/0/0/0/0/0/0/0/0/0/0/0/0/0/0/0/0/0/0/0/0/0/0/0/0/0/0/0/0/0/0/0/0/0/0/0/0/0/0/0/0/0/0/0/0/0/0/0/0/0/0/0/0/0/0/0/0/0/0/0/0/0/0/0/0/0/0/0/0/0/0/0/0/0/0/0/0/0/0/0/0/0/0/0/0/0/0/0/0/0,,,7944,1.7898313644760543e-11,3.103125000000001e-11,-1.833097509969328e-06,1.4812056819040593,2314,5.047737867176592e-12,65850,1.4571021185835765e-10,2.572265625000001e-10,1.5690828601141235e-06,4.211109332636876e-06,3.4029513844602605e-06,4.0392724070729515e-06,1,1,nan,0.36730959372466027,32,22/94/17/13/12/11/93/185/93/96/20/94/6/3/15/95/185/22/2/4/5/185/5/8/9/10/14/21/93/16/93/22,14,4484.1,1.0,,,3.2724658707281236e-09,,,,,,,,,,,,,,1,55468,242,738473209.7018023,283822907.2980514,2.6018802242988377,1,-224053654.441084,-217192709.672452,-209822356.850214,53533584.91409,74046417.377206,86486103.340842,-192097085.976889,101400495.609964,35855,161544748.118208,166479976.207845,548303203.543907,373861570.449794,-115721853.842945,-130246426.669405,1.0864,1.3823,0.1917,0.258,0.0229,0.1952,1.9468,0.3011,0.0077,0.67,0.7785,0.7123,1715,6514,30970,,,
1740,0.000183323987,10744.49,3.108690918802771e-08,1.0653198242187505e-16,1.8468017578125007e-17,276,28,18,16,94/17/13/12/11/7/6/3/1/2/4/5/8/9/10/14/20/16,0,185,3,0.135498/0.395264/0.385254/0.333496/0.179443/0.317627/0.0549316/0.313477/0.243408/0.345459/0.543213/0.43457/0.348877/0.076416/1.34326/0.177734/0.124512/1.36133/1.04272/0.919678/1.31079/0.916504/1.14136/0/0/0/0/0/0/0/0/0/0/0/0/0/0/0/0/0/0/0/0/0/0/0/0/0/0/0/0/0/0/0/0/0/0/0/0/0/0/0/0/0/0/0/0/0/0/0/0/0/0/0/0/0/0/0/0/0/0/0/0/0/0/0/0/0/0/0/0/0/1.31689/1.34351/1.25317/0.932129/0/0/0/0/0/0/0/0/0/0/0/0/0/0/0/0/0/0/0/0/0/0/0/0/0/0/0/0/0/0/0/0/0/0/0/0/0/0/0/0/0/0/0/0/0/0/0/0/0/0/0/0/0/0/0/0/0/0/0/0/0/0/0/0/0/0/0/0/0/0/0/0/0/0/0/0/0/0/0/0/0/0/0/0/0/0/0/0/1.17749/0/0/0/0/0/0/0/0/0/0/0/0/0/0/0/0/0/0/0/0/0/0/0/0/0/0/0/0/0/0/0/0/0/0/0/0/0/0/0/0/0/0/0/0/0/0/0/0/0/0/0/0/0/0/0/0/0/0/0/0/0/0/0/0/0/0/0/0/0/0/0/0/0/0/0/0/0/0/0/0/0/0/0/0/0/0/0/0/0/0/0,383.482/569.047/505.637/248.875/438.802/271.428/152.16/248.886/502.862/4245.31/4148.49/4892.35/4664.57/4176.91/4321.61/4168.13/4674/4293.96/4293.95/4301.3/2741.89/8220.67/4766.41/0/0/0/0/0/0/0/0/0/0/0/0/0/0/0/0/0/0/0/0/0/0/0/0/0/0/0/0/0/0/0/0/0/0/0/0/0/0/0/0/0/0/0/0/0/0/0/0/0/0/0/0/0/0/0/0/0/0/0/0/0/0/0/0/0/0/0/0/0/6340.34/6285.03/6174.28/4388.68/0/0/0/0/0/0/0/0/0/0/0/0/0/0/0/0/0/0/0/0/0/0/0/0/0/0/0/0/0/0/0/0/0/0/0/0/0/0/0/0/0/0/0/0/0/0/0/0/0/0/0/0/0/0/0/0/0/0/0/0/0/0/0/0/0/0/0/0/0/0/0/0/0/0/0/0/0/0/0/0/0/0/0/0/0/0/0/0/3968.8/0/0/0/0/0/0/0/0/0/0/0/0/0/0/0/0/0/0/0/0/0/0/0/0/0/0/0/0/0/0/0/0/0/0/0/0/0/0/0/0/0/0/0/0/0/0/0/0/0/0/0/0/0/0/0/0/0/0/0/0/0/0/0/0/0/0/0/0/0/0/0/0/0/0/0/0/0/0/0/0/0/0/0/0/0/0/0/0/0/0/0,,,7954,1.7915596730532505e-11,3.107031250000001e-11,-1.8324367805894763e-06,1.4917773519816868,2326,5.071114598697499e-12,66430,1.470212244243185e-10,2.594921875000001e-10,1.5692758921626438e-06,4.211109332636876e-06,3.4029513844602605e-06,4.0392724070729515e-06,1,1,nan,0.36565312434806313,32,22/94/17/13/12/11/93/185/93/96/20/94/6/3/15/95/185/22/2/4/5/185/5/8/9/10/14/21/93/16/93/22,14,4482.2,1.0,,,3.286012701775275e-09,,,,,,,,,,,,,,1,74603,254,735142890.3248861,282798065.97670984,2.599532948663905,1,-222018231.536961,-218481230.59769,-209268783.907523,57574683.523455,72752416.801975,87098271.832466,-191992520.022834,101633737.487285,36288,161818768.261865,164941061.694564,563265336.265306,370804691.040352,-115200681.748563,-130687041.349592,1.1422,1.4413,0.1889,0.2549,0.0224,0.1943,2.0098,0.2999,0.0078,0.6808,0.7728,0.7142,1748,6390,31187,,,
1760,0.000183323987,10852.75,3.108690918802771e-08,1.0637817382812505e-16,1.8621826171875008e-17,276,28,18,16,94/17/13/12/11/7/6/3/1/2/4/5/8/9/10/14/20/16,0,186,3,0.135498/0.398682/0.387451/0.333496/0.179688/0.318604/0.0549316/0.313477/0.243408/0.34668/0.543945/0.435059/0.348877/0.0759277/1.35498/0.179443/0.124023/1.37012/1.05249/0.925781/1.32495/0.922852/1.15161/0/0/0/0/0/0/0/0/0/0/0/0/0/0/0/0/0/0/0/0/0/0/0/0/0/0/0/0/0/0/0/0/0/0/0/0/0/0/0/0/0/0/0/0/0/0/0/0/0/0/0/0/0/0/0/0/0/0/0/0/0/0/0/0/0/0/0/0/0/1.33032/1.36011/1.26807/0.949707/0/0/0/0/0/0/0/0/0/0/0/0/0/0/0/0/0/0/0/0/0/0/0/0/0/0/0/0/0/0/0/0/0/0/0/0/0/0/0/0/0/0/0/0/0/0/0/0/0/0/0/0/0/0/0/0/0/0/0/0/0/0/0/0/0/0/0/0/0/0/0/0/0/0/0/0/0/0/0/0/0/0/0/0/0/0/0/0/1.19165/0/0/0/0/0/0/0/0/0/0/0/0/0/0/0/0/0/0/0/0/0/0/0/0/0/0/0/0/0/0/0/0/0/0/0/0/0/0/0/0/0/0/0/0/0/0/0/0/0/0/0/0/0/0/0/0/0/0/0/0/0/0/0/0/0/0/0/0/0/0/0/0/0/0/0/0/0/0/0/0/0/0/0/0/0/0/0/0/0/0/0,383.482/569.047/505.637/248.875/438.802/271.428/152.16/248.886/502.862/4245.31/4148.49/4892.35/4664.57/4176.91/4349.27/4168.13/4674/4293.96/4293.95/4301.3/2741.89/8220.67/4766.41/0/0/0/0/0/0/0/0/0/0/0/0/0/0/0/0/0/0/0/0/0/0/0/0/0/0/0/0/0/0/0/0/0/0/0/0/0/0/0/0/0/0/0/0/0/0/0/0/0/0/0/0/0/0/0/0/0/0/0/0/0/0/0/0/0/0/0/0/0/6340.34/6285.03/6174.28/4388.68/0/0/0/0/0/0/0/0/0/0/0/0/0/0/0/0/0/0/0/0/0/0/0/0/0/0/0/0/0/0/0/0/0/0/0/0/0/0/0/0/0/0/0/0/0/0/0/0/0/0/0/0/0/0/0/0/0/0/0/0/0/0/0/0/0/0/0/0/0/0/0/0/0/0/0/0/0/0/0/0/0/0/0/0/0/0/0/0/3996.46/0/0/0/0/0/0/0/0/0/0/0/0/0/0/0/0/0/0/0/0/0/0/0/0/0/0/0/0/0/0/0/0/0/0/0/0/0/0/0/0/0/0/0/0/0/0/0/0/0/0/0/0/0/0/0/0/0/0/0/0/0/0/0/0/0/0/0/0/0/0/0/0/0/0/0/0/0/0/0/0/0/0/0/0/0/0/0/0/0/0/0,,,7965,1.7935927278486098e-11,3.1113281250000015e-11,-1.8300938284112573e-06,1.5292645868331913,2357,5.135242260820942e-12,66902,1.481112904926658e-10,2.613359375000001e-10,1.5687671651137046e-06,4.211109332636876e-06,3.4029513844602605e-06,4.0392724070729515e-06,1,1,nan,0.36348432507939066,30,22/94/17/13/12/11/93/96/20/94/6/3/15/95/185/22/2/4/5/185/5/8/9/10/14/21/93/16/93/22,14,4481.8,1.0,,,3.299236717531585e-09,,,,,,,,,,,,,,1,75215,255,730782535.5056868,282129375.4292259,2.5902390858587094,1,-220243189.533637,-219066270.82395,-208732871.723206,60244046.435644,72020755.80122,87749812.236851,-191973200.193833,101823853.230515,36743,161019616.902275,164595036.213272,572700605.146021,396614545.569324,-116854019.573757,-130297931.810805,1.1331,1.4435,0.1864,0.2539,0.022,0.195,1.9767,0.2995,0.0078,0.6927,0.7707,0.7157,1780,6328,31395,,,
1780,0.000193508653,10970.48,3.009539637407289e-08,1.0622119140625005e-16,1.8778808593750008e-17,276,28,18,16,94/17/13/12/11/7/6/3/1/2/4/5/8/9/10/14/20/16,0,186,3,0.135498/0.403809/0.390137/0.333496/0.179932/0.320068/0.0549316/0.313477/0.243408/0.347656/0.546143/0.435791/0.349854/0.0761719/1.37012/0.182617/0.124268/1.37939/1.06323/0.934814/1.33618/0.927979/1.15942/0/0/0/0/0/0/0/0/0/0/0/0/0/0/0/0/0/0/0/0/0/0/0/0/0/0/0/0/0/0/0/0/0/0/0/0/0/0/0/0/0/0/0/0/0/0/0/0/0/0/0/0/0/0/0/0/0/0/0/0/0/0/0/0/0/0/0/0/0/1.34351/1.3772/1.27979/0.9646/0/0/0/0/0/0/0/0/0/0/0/0/0/0/0/0/0/0/0/0/0/0/0/0/0/0/0/0/0/0/0/0/0/0/0/0/0/0/0/0/0/0/0/0/0/0/0/0/0/0/0/0/0/0/0/0/0/0/0/0/0/0/0/0/0/0/0/0/0/0/0/0/0/0/0/0/0/0/0/0/0/0/0/0/0/0/0/0/1.20532/0/0/0/0/0/0/0/0/0/0/0/0/0/0/0/0/0/0/0/0/0/0/0/0/0/0/0/0/0/0/0/0/0/0/0/0/0/0/0/0/0/0/0/0/0/0/0/0/0/0/0/0/0/0/0/0/0/0/0/0/0/0/0/0/0/0/0/0/0/0/0/0/0/0/0/0/0/0/0/0/0/0/0/0/0/0/0/0/0/0/0,383.482/569.047/505.637/248.875/438.802/271.428/152.16/248.886/502.862/4245.31/4148.49/4892.35/4664.57/4176.91/4349.27/4168.13/4674/4293.96/4293.95/4301.3/2741.89/8220.67/4778.06/0/0/0/0/0/0/0/0/0/0/0/0/0/0/0/0/0/0/0/0/0/0/0/0/0/0/0/0/0/0/0/0/0/0/0/0/0/0/0/0/0/0/0/0/0/0/0/0/0/0/0/0/0/0/0/0/0/0/0/0/0/0/0/0/0/0/0/0/0/6340.34/6285.03/6174.28/4388.68/0/0/0/0/0/0/0/0/0/0/0/0/0/0/0/0/0/0/0/0/0/0/0/0/0/0/0/0/0/0/0/0/0/0/0/0/0/0/0/0/0/0/0/0/0/0/0/0/0/0/0/0/0/0/0/0/0/0/0/0/0/0/0/0/0/0/0/0/0/0/0/0/0/0/0/0/0/0/0/0/0/0/0/0/0/0/0/0/3996.46/0/0/0/0/0/0/0/0/0/0/0/0/0/0/0/0/0/0/0/0/0/0/0/0/0/0/0/0/0/0/0/0/0/0/0/0/0/0/0/0/0/0/0/0/0/0/0/0/0/0/0/0/0/0/0/0/0/0/0/0/0/0/0/0/0/0/0/0/0/0/0/0/0/0/0/0/0/0/0/0/0/0/0/0/0/0/0/0/0/0/0,,,7975,1.7955847776436897e-11,3.1152343750000014e-11,-1.83014947306804e-06,1.528374272324666,2391,5.212467788450347e-12,67492,1.4944222215010173e-10,2.636406250000001e-10,1.5679160303421064e-06,4.211109332636876e-06,3.4029513844602605e-06,4.0392724070729515e-06,1,1,nan,0.35052915821570185,30,22/94/17/13/12/11/93/96/20/94/6/3/15/95/185/22/2/4/5/185/5/8/9/10/14/21/93/16/93/22,14,4480.3,1.0,,,3.313999867658053e-09,,,,,,,,,,,,,,1,75804,267,727954273.0115068,290664020.1375793,2.5044526414619392,1,-220976780.789832,-218987602.700799,-208100775.3184,70043722.088072,80845899.179716,98238124.330922,-191920385.67213,111757630.315178,37251,168168953.556583,173731235.423336,575810472.370373,384095004.759937,-117396840.241487,-131706196.391166,1.223,1.4907,0.201,0.2609,0.0222,0.2042,2.0283,0.3126,0.0082,0.6989,0.7682,0.7175,1807,6237,31597,,,
1800,0.000193508653,11093.44,3.009539637407289e-08,1.0606640625000005e-16,1.893359375000001e-17,276,28,18,16,94/17/13/12/11/7/6/3/1/2/4/5/8/9/10/14/20/16,0,188,3,0.135742/0.407715/0.392334/0.33374/0.179932/0.320801/0.0549316/0.312988/0.243408/0.3479/0.547852/0.436279/0.349609/0.0756836/1.38403/0.185303/0.124023/1.39087/1.07397/0.944824/1.34839/0.932129/1.16919/0/0/0/0/0/0/0/0/0/0/0/0/0/0/0/0/0/0/0/0/0/0/0/0/0/0/0/0/0/0/0/0/0/0/0/0/0/0/0/0/0/0/0/0/0/0/0/0/0/0/0/0/0/0/0/0/0/0/0/0/0/0/0/0/0/0/0/0/0/1.35596/1.39307/1.29346/0.980469/0/0/0/0/0/0/0/0/0/0/0/0/0/0/0/0/0/0/0/0/0/0/0/0/0/0/0/0/0/0/0/0/0/0/0/0/0/0/0/0/0/0/0/0/0/0/0/0/0/0/0/0/0/0/0/0/0/0/0/0/0/0/0/0/0/0/0/0/0/0/0/0/0/0/0/0/0/0/0/0/0/0/0/0/0/0/0/0/1.21899/0/0/0/0/0/0/0/0/0/0/0/0/0/0/0/0/0/0/0/0/0/0/0/0/0/0/0/0/0/0/0/0/0/0/0/0/0/0/0/0/0/0/0/0/0/0/0/0/0/0/0/0/0/0/0/0/0/0/0/0/0/0/0/0/0/0/0/0/0/0/0/0/0/0/0/0/0/0/0/0/0/0/0/0/0/0/0/0/0/0/0,383.482/590.146/505.637/248.875/438.802/271.428/152.16/248.886/502.862/4245.31/4148.49/4892.35/4664.57/4176.91/4349.27/4168.13/4674/4293.96/4293.95/4301.3/2741.89/8220.67/4778.06/0/0/0/0/0/0/0/0/0/0/0/0/0/0/0/0/0/0/0/0/0/0/0/0/0/0/0/0/0/0/0/0/0/0/0/0/0/0/0/0/0/0/0/0/0/0/0/0/0/0/0/0/0/0/0/0/0/0/0/0/0/0/0/0/0/0/0/0/0/6340.34/6285.03/6174.28/4388.68/0/0/0/0/0/0/0/0/0/0/0/0/0/0/0/0/0/0/0/0/0/0/0/0/0/0/0/0/0/0/0/0/0/0/0/0/0/0/0/0/0/0/0/0/0/0/0/0/0/0/0/0/0/0/0/0/0/0/0/0/0/0/0/0/0/0/0/0/0/0/0/0/0/0/0/0/0/0/0/0/0/0/0/0/0/0/0/0/4011/0/0/0/0/0/0/0/0/0/0/0/0/0/0/0/0/0/0/0/0/0/0/0/0/0/0/0/0/0/0/0/0/0/0/0/0/0/0/0/0/0/0/0/0/0/0/0/0/0/0/0/0/0/0/0/0/0/0/0/0/0/0/0/0/0/0/0/0/0/0/0/0/0/0/0/0/0/0/0/0/0/0/0/0/0/0/0/0/0/0/0,1-2:0.371481/1-3:0.377165/2-4:1.41256/2-17:0.138576/3-6:1.46205/3-15:0.0138265/3-22:0.00345662/4-5:1.1546/4-13:0.026105/4-17:0.23659/5-8:0.823324/5-13:0.089733/5-17:0.00172837/6-7:1.15588/6-22:0.00609416/8-9:1.39419/8-11:0.0213296/8-12:0.183742/8-13:0.00691323/9-10:0.963129/9-11:0.114429/9-12:0.00691323/10-11:0.556631/10-14:1.11818/11-12:2.10036/12-13:1.57147/13-17:1.2749/15-22:0.118434/16-23:0.00172824/18-22:0.370858/19-23:0.451809/20-21:0.42807,1-2:-28.483/1-3:-33.896/2-4:-24.562/2-17:-24.412/3-6:-37.856/3-15:-36.014/3-22:-38.135/4-5:-20.547/4-13:-20.337/4-17:-22.515/5-8:-16.595/5-13:-18.437/5-17:-19.739/6-7:-41.822/6-22:-38.473/8-9:-12.612/8-11:-12.45/8-12:-13.943/8-13:-15.472/9-10:-8.6394/9-11:-10.216/9-12:-11.257/10-11:-10.118/10-14:-4.8704/11-12:-54.012/12-13:-56.801/13-17:-58.517/15-22:-28.071/16-23:2.2786/18-22:-32.45/19-23:0.11345/20-21:-0.17644,7976,1.795625744285539e-11,3.115625000000001e-11,-1.8298629713816405e-06,1.5329582993070594,2408,5.241848458886256e-12,68052,1.5070547918211872e-10,2.6582812500000013e-10,1.5683742889760937e-06,4.211109332636876e-06,3.4029513844602605e-06,4.054612043773684e-06,1,1,nan,0.3489911556676635,30,22/94/17/13/12/11/93/96/20/94/6/3/15/95/185/22/2/4/5/185/5/8/9/10/14/21/93/16/93/22,14,4479.1,1.0,,,3.3286789456240816e-09,13,18/3/2/1/1/1/1/1/1/1/1/1,1/1/1/5/5/9/5/5/5/1/1/1,3,3,0.670324/0/0/0/0.265293/0/0/0/0.0643826/0/0/0,0.561515,18/3/2/1/1/1/1/1/1/1/1/1,8221/4992/4370/6515/5274/4068/6317/3930/2880/4113/2380/403,8401/4221/3978/8164/4866/4130/6257/4075/2703/3738/2544/681,6983/4994/4817/4419/6983/1105/4640/4287/3889/530/3580/575,18/3/2/1/1/1/1/1/1/1/1/1,27/6/3/5/3/2/5/3/2/2/2/1,1,76411,272,724760257.6193316,289318785.21002436,2.505057724105984,1,-219937251.461924,-219255985.924621,-207684673.282942,70610185.853955,80434121.626266,98678230.332889,-191837106.867166,111858520.936497,37719,167033915.69872,173366580.456691,566586858.403619,382755606.14999,-119695881.72597,-132049993.741833,1.1984,1.4819,0.2011,0.2584,0.0215,0.2015,1.9904,0.3117,0.0082,0.7032,0.7696,0.7185,1850,6223,31728,2131.5,662.9,401.8
1820,0.000193508653,11286.78,3.009539637407289e-08,1.0591528320312505e-16,1.9084716796875008e-17,276,28,18,16,94/17/13/12/11/7/6/3/1/2/4/5/8/9/10/14/20/16,0,190,3,0.135742/0.410156/0.395264/0.33374/0.178955/0.321045/0.0549316/0.312988/0.243652/0.348633/0.551025/0.4375/0.349121/0.0751953/1.39868/0.187744/0.123779/1.4021/1.08398/0.950928/1.3606/0.938965/1.17847/0/0/0/0/0/0/0/0/0/0/0/0/0/0/0/0/0/0/0/0/0/0/0/0/0/0/0/0/0/0/0/0/0/0/0/0/0/0/0/0/0/0/0/0/0/0/0/0/0/0/0/0/0/0/0/0/0/0/0/0/0/0/0/0/0/0/0/0/0/1.36963/1.4082/1.30542/0.995605/0/0/0/0/0/0/0/0/0/0/0/0/0/0/0/0/0/0/0/0/0/0/0/0/0/0/0/0/0/0/0/0/0/0/0/0/0/0/0/0/0/0/0/0/0/0/0/0/0/0/0/0/0/0/0/0/0/0/0/0/0/0/0/0/0/0/0/0/0/0/0/0/0/0/0/0/0/0/0/0/0/0/0/0/0/0/0/0/1.23267/0/0/0/0/0/0/0/0/0/0/0/0/0/0/0/0/0/0/0/0/0/0/0/0/0/0/0/0/0/0/0/0/0/0/0/0/0/0/0/0/0/0/0/0/0/0/0/0/0/0/0/0/0/0/0/0/0/0/0/0/0/0/0/0/0/0/0/0/0/0/0/0/0/0/0/0/0/0/0/0/0/0/0/0/0/0/0/0/0/0/0,383.482/590.146/505.637/248.875/438.802/271.428/152.16/248.886/502.862/4245.31/4148.49/4892.35/4664.57/4176.91/4349.27/4168.13/4674/4293.96/4293.97/4301.3/2741.89/8220.67/4786.05/0/0/0/0/0/0/0/0/0/0/0/0/0/0/0/0/0/0/0/0/0/0/0/0/0/0/0/0/0/0/0/0/0/0/0/0/0/0/0/0/0/0/0/0/0/0/0/0/0/0/0/0/0/0/0/0/0/0/0/0/0/0/0/0/0/0/0/0/0/6340.34/6285.03/6174.28/4388.68/0/0/0/0/0/0/0/0/0/0/0/0/0/0/0/0/0/0/0/0/0/0/0/0/0/0/0/0/0/0/0/0/0/0/0/0/0/0/0/0/0/0/0/0/0/0/0/0/0/0/0/0/0/0/0/0/0/0/0/0/0/0/0/0/0/0/0/0/0/0/0/0/0/0/0/0/0/0/0/0/0/0/0/0/0/0/0/0/4011/0/0/0/0/0/0/0/0/0/0/0/0/0/0/0/0/0/0/0/0/0/0/0/0/0/0/0/0/0/0/0/0/0/0/0/0/0/0/0/0/0/0/0/0/0/0/0/0/0/0/0/0/0/0/0/0/0/0/0/0/0/0/0/0/0/0/0/0/0/0/0/0/0/0/0/0/0/0/0/0/0/0/0/0/0/0/0/0/0/0/0,,,7970,1.7934018469418874e-11,3.113281250000001e-11,-1.8335991150019484e-06,1.473180001382134,2463,5.355368530567508e-12,68594,1.5194554260426418e-10,2.679453125000001e-10,1.5685861351816264e-06,4.211109332636876e-06,3.42504847137234e-06,4.054612043773684e-06,1,1,nan,0.3483018988912311,34,22/94/17/13/12/11/93/185/93/96/20/94/96/94/6/3/15/95/185/22/2/4/5/185/5/8/9/10/14/21/93/16/93/22,16,4478.1,1.0,,,3.3431468743757225e-09,,,,,,,,,,,,,,1,77182,275,723328857.6805644,287654930.9523754,2.514571383448038,1,-221345305.464549,-219723811.277257,-207163725.922836,71103039.102246,79815816.748519,99180598.637768,-191771834.458855,111974532.521473,38116,167582742.880404,174792696.442311,353979059.954127,456315867.079329,-121282094.240974,-130237316.619065,1.2309,1.495,0.1994,0.2597,0.0218,0.2019,1.9966,0.3125,0.0082,0.7116,0.7673,0.7198,1890,6188,31955,,,
1840,0.000193508653,11411.18,3.009539637407289e-08,1.0576611328125005e-16,1.923388671875001e-17,276,28,18,16,94/17/13/12/11/7/6/3/1/2/4/5/8/9/10/14/20/16,0,190,3,0.135742/0.412842/0.397949/0.33374/0.178711/0.322021/0.0546875/0.313232/0.243408/0.349609/0.552734/0.437744/0.349121/0.0749512/1.41382/0.189697/0.123779/1.41699/1.0918/0.958252/1.37036/0.944336/1.18896/0/0/0/0/0/0/0/0/0/0/0/0/0/0/0/0/0/0/0/0/0/0/0/0/0/0/0/0/0/0/0/0/0/0/0/0/0/0/0/0/0/0/0/0/0/0/0/0/0/0/0/0/0/0/0/0/0/0/0/0/0/0/0/0/0/0/0/0/0/1.38208/1.42334/1.31763/1.0105/0/0/0/0/0/0/0/0/0/0/0/0/0/0/0/0/0/0/0/0/0/0/0/0/0/0/0/0/0/0/0/0/0/0/0/0/0/0/0/0/0/0/0/0/0/0/0/0/0/0/0/0/0/0/0/0/0/0/0/0/0/0/0/0/0/0/0/0/0/0/0/0/0/0/0/0/0/0/0/0/0/0/0/0/0/0/0/0/1.24585/0/0/0/0/0/0/0/0/0/0/0/0/0/0/0/0/0/0/0/0/0/0/0/0/0/0/0/0/0/0/0/0/0/0/0/0/0/0/0/0/0/0/0/0/0/0/0/0/0/0/0/0/0/0/0/0/0/0/0/0/0/0/0/0/0/0/0/0/0/0/0/0/0/0/0/0/0/0/0/0/0/0/0/0/0/0/0/0/0/0/0,383.482/590.146/505.637/248.875/438.802/271.428/152.16/248.886/502.862/4245.31/4148.49/4892.35/4664.57/4176.91/4349.27/4168.13/4674/4434.45/4293.97/4301.3/2741.89/8220.67/4786.05/0/0/0/0/0/0/0/0/0/0/0/0/0/0/0/0/0/0/0/0/0/0/0/0/0/0/0/0/0/0/0/0/0/0/0/0/0/0/0/0/0/0/0/0/0/0/0/0/0/0/0/0/0/0/0/0/0/0/0/0/0/0/0/0/0/0/0/0/0/6340.34/6285.03/6174.28/4388.68/0/0/0/0/0/0/0/0/0/0/0/0/0/0/0/0/0/0/0/0/0/0/0/0/0/0/0/0/0/0/0/0/0/0/0/0/0/0/0/0/0/0/0/0/0/0/0/0/0/0/0/0/0/0/0/0/0/0/0/0/0/0/0/0/0/0/0/0/0/0/0/0/0/0/0/0/0/0/0/0/0/0/0/0/0/0/0/0/4011/0/0/0/0/0/0/0/0/0/0/0/0/0/0/0/0/0/0/0/0/0/0/0/0/0/0/0/0/0/0/0/0/0/0/0/0/0/0/0/0/0/0/0/0/0/0/0/0/0/0/0/0/0/0/0/0/0/0/0/0/0/0/0/0/0/0/0/0/0/0/0/0/0/0/0/0/0/0/0/0/0/0/0/0/0/0/0/0/0/0/0,,,7981,1.7954348633788173e-11,3.1175781250000015e-11,-1.8342819753596518e-06,1.4622542356588792,2505,5.447739105042475e-12,69056,1.5295238708583288e-10,2.6975000000000013e-10,1.5686343749496833e-06,4.211109332636876e-06,3.42504847137234e-06,4.054612043773684e-06,1,1,nan,0.34722190204554626,33,22/94/17/13/12/11/93/185/93/96/20/94/96/94/6/3/15/95/185/22/2/4/5/185/8/9/10/14/21/93/16/93/22,15,4476.7,1.0,,,3.357287984017638e-09,,,,,,,,,,,,,,1,77767,277,721085996.2802256,286604298.8838352,2.515963644259544,1,-218728037.174186,-220164765.80296,-206670879.273862,73194197.261309,78947107.151806,99776162.946922,-191665519.265316,111934690.625908,38575,168294159.674876,174592193.021462,549105228.50172,433382761.371408,-120133783.928136,-130317206.949322,1.241,1.5017,0.1997,0.2582,0.0219,0.2007,1.9878,0.3133,0.0083,0.718,0.7649,0.7213,1947,6143,32094,,,
1860,0.000193508653,11528.05,3.009539637407289e-08,1.0562304687500005e-16,1.937695312500001e-17,276,28,18,16,94/17/13/12/11/7/6/3/1/2/4/5/8/9/10/14/20/16,0,191,3,0.135742/0.414063/0.401855/0.333496/0.178467/0.32251/0.0546875/0.313721/0.243408/0.350586/0.553955/0.438232/0.349365/0.0749512/1.42651/0.193115/0.123535/1.43408/1.10132/0.964355/1.3811/0.949219/1.19849/0/0/0/0/0/0/0/0/0/0/0/0/0/0/0/0/0/0/0/0/0/0/0/0/0/0/0/0/0/0/0/0/0/0/0/0/0/0/0/0/0/0/0/0/0/0/0/0/0/0/0/0/0/0/0/0/0/0/0/0/0/0/0/0/0/0/0/0/0/1.39478/1.43311/1.33008/1.02393/0/0/0/0/0/0/0/0/0/0/0/0/0/0/0/0/0/0/0/0/0/0/0/0/0/0/0/0/0/0/0/0/0/0/0/0/0/0/0/0/0/0/0/0/0/0/0/0/0/0/0/0/0/0/0/0/0/0/0/0/0/0/0/0/0/0/0/0/0/0/0/0/0/0/0/0/0/0/0/0/0/0/0/0/0/0/0/0/1.2583/0/0/0/0/0/0/0/0/0/0/0/0/0/0/0/0/0/0/0/0/0/0/0/0/0/0/0/0/0/0/0/0/0/0/0/0/0/0/0/0/0/0/0/0/0/0/0/0/0/0/0/0/0/0/0/0/0/0/0/0/0/0/0/0/0/0/0/0/0/0/0/0/0/0/0/0/0/0/0/0/0/0/0/0/0/0/0/0/0/0/0,383.482/590.146/505.637/248.875/438.802/271.428/152.16/248.886/502.862/4245.31/4148.49/4892.35/4664.57/4176.91/4349.27/4168.13/4674/4434.45/4293.97/4307.85/2741.89/8220.67/4786.05/0/0/0/0/0/0/0/0/0/0/0/0/0/0/0/0/0/0/0/0/0/0/0/0/0/0/0/0/0/0/0/0/0/0/0/0/0/0/0/0/0/0/0/0/0/0/0/0/0/0/0/0/0/0/0/0/0/0/0/0/0/0/0/0/0/0/0/0/0/6340.34/6285.03/6174.28/4388.68/0/0/0/0/0/0/0/0/0/0/0/0/0/0/0/0/0/0/0/0/0/0/0/0/0/0/0/0/0/0/0/0/0/0/0/0/0/0/0/0/0/0/0/0/0/0/0/0/0/0/0/0/0/0/0/0/0/0/0/0/0/0/0/0/0/0/0/0/0/0/0/0/0/0/0/0/0/0/0/0/0/0/0/0/0/0/0/0/4011/0/0/0/0/0/0/0/0/0/0/0/0/0/0/0/0/0/0/0/0/0/0/0/0/0/0/0/0/0/0/0/0/0/0/0/0/0/0/0/0/0/0/0/0/0/0/0/0/0/0/0/0/0/0/0/0/0/0/0/0/0/0/0/0/0/0/0/0/0/0/0/0/0/0/0/0/0/0/0/0/0/0/0/0/0/0/0/0/0/0/0,,,7995,1.7979863915681203e-11,3.123046875000001e-11,-1.8340418411686898e-06,1.4660963827142712,2544,5.5375618463111105e-12,69584,1.5411813913707249e-10,2.718125000000001e-10,1.5687928989885256e-06,4.211109332636876e-06,3.42504847137234e-06,4.054612043773684e-06,1,1,nan,0.3463869673849661,33,22/94/17/13/12/11/93/185/93/96/20/94/96/94/6/3/15/95/185/22/2/4/5/185/8/9/10/14/21/93/16/93/22,15,4475.9,1.0,,,3.3718489452296554e-09,,,,,,,,,,,,,,1,78329,284,719352062.7696767,285661830.32668746,2.5181945447419913,1,-220403458.9047,-220230938.023227,-206164783.484287,70767025.409138,78374702.277058,100224900.39681,-191881811.889789,111783420.793908,38983,169577636.261346,175931835.889833,557174538.311373,379842365.70114,-120021434.919089,-128857376.970805,1.2658,1.5025,0.199,0.2578,0.022,0.2019,2.0023,0.313,0.0083,0.7147,0.7676,0.7229,1949,6149,32255,,,
1880,0.000203693319,11658.24,2.916517695292748e-08,1.0546411132812505e-16,1.953588867187501e-17,276,28,18,16,94/17/13/12/11/7/6/3/1/2/4/5/8/9/10/14/20/16,0,190,3,0.135742/0.42041/0.405518/0.333252/0.178223/0.322754/0.0546875/0.313477/0.243408/0.351074/0.556641/0.439453/0.350586/0.0754395/1.44165/0.194824/0.124023/1.44653/1.11182/0.97168/1.39111/0.954834/1.20801/0/0/0/0/0/0/0/0/0/0/0/0/0/0/0/0/0/0/0/0/0/0/0/0/0/0/0/0/0/0/0/0/0/0/0/0/0/0/0/0/0/0/0/0/0/0/0/0/0/0/0/0/0/0/0/0/0/0/0/0/0/0/0/0/0/0/0/0/0/1.4082/1.44873/1.34399/1.03735/0/0/0/0/0/0/0/0/0/0/0/0/0/0/0/0/0/0/0/0/0/0/0/0/0/0/0/0/0/0/0/0/0/0/0/0/0/0/0/0/0/0/0/0/0/0/0/0/0/0/0/0/0/0/0/0/0/0/0/0/0/0/0/0/0/0/0/0/0/0/0/0/0/0/0/0/0/0/0/0/0/0/0/0/0/0/0/0/1.27246/0/0/0/0/0/0/0/0/0/0/0/0/0/0/0/0/0/0/0/0/0/0/0/0/0/0/0/0/0/0/0/0/0/0/0/0/0/0/0/0/0/0/0/0/0/0/0/0/0/0/0/0/0/0/0/0/0/0/0/0/0/0/0/0/0/0/0/0/0/0/0/0/0/0/0/0/0/0/0/0/0/0/0/0/0/0/0/0/0/0/0,383.482/590.146/505.637/248.875/438.802/271.428/152.16/248.886/502.862/4245.31/4148.49/4892.35/4664.57/4176.91/4349.27/4168.13/4674/4434.45/4293.97/4557.51/2741.89/8220.67/4790.38/0/0/0/0/0/0/0/0/0/0/0/0/0/0/0/0/0/0/0/0/0/0/0/0/0/0/0/0/0/0/0/0/0/0/0/0/0/0/0/0/0/0/0/0/0/0/0/0/0/0/0/0/0/0/0/0/0/0/0/0/0/0/0/0/0/0/0/0/0/6340.34/7908.49/6201.93/4416.34/0/0/0/0/0/0/0/0/0/0/0/0/0/0/0/0/0/0/0/0/0/0/0/0/0/0/0/0/0/0/0/0/0/0/0/0/0/0/0/0/0/0/0/0/0/0/0/0/0/0/0/0/0/0/0/0/0/0/0/0/0/0/0/0/0/0/0/0/0/0/0/0/0/0/0/0/0/0/0/0/0/0/0/0/0/0/0/0/4017.56/0/0/0/0/0/0/0/0/0/0/0/0/0/0/0/0/0/0/0/0/0/0/0/0/0/0/0/0/0/0/0/0/0/0/0/0/0/0/0/0/0/0/0/0/0/0/0/0/0/0/0/0/0/0/0/0/0/0/0/0/0/0/0/0/0/0/0/0/0/0/0/0/0/0/0/0/0/0/0/0/0/0/0/0/0/0/0/0/0/0/0,,,8000,1.798982435644875e-11,3.1250000000000015e-11,-1.8330310789983032e-06,1.482268577440456,2561,5.576174610125813e-12,70200,1.5547290841511483e-10,2.7421875000000013e-10,1.5685677563572269e-06,4.211109332636876e-06,3.42504847137234e-06,4.054612043773684e-06,1,1,nan,0.33537857093299744,35,22/94/17/13/12/11/93/185/93/96/20/94/96/94/6/3/15/95/185/22/2/4/5/185/8/9/10/14/21/93/16/93/94/94/22,17,4474.1,1.0,,,3.3868444227281915e-09,,,,,,,,,,,,,,1,78938,290,718705074.7932577,293033538.156409,2.452637603582574,1,-217477450.00934,-220432682.544828,-205821272.760755,83392581.634959,87221639.423847,110506429.822419,-191728242.194395,121538027.530223,39440,178345917.063143,185810950.341891,560717576.556971,387561256.392168,-119020952.762794,-128305298.35854,1.3819,1.5896,0.2129,0.2694,0.0217,0.207,2.1056,0.3271,0.0087,0.7245,0.764,0.724,2011,6109,32425,,,
1900,0.000203693319,11786.32,2.916517695292748e-08,1.0530590820312505e-16,1.9694091796875008e-17,276,28,18,16,94/17/13/12/11/7/6/3/1/2/4/5/8/9/10/14/20/16,0,190,3,0.135742/0.424072/0.409912/0.33374/0.177979/0.323975/0.0546875/0.313232/0.243164/0.353027/0.558838/0.440186/0.351074/0.0756836/1.45874/0.196777/0.124023/1.46021/1.12256/0.978516/1.40332/0.961182/1.21484/0/0/0/0/0/0/0/0/0/0/0/0/0/0/0/0/0/0/0/0/0/0/0/0/0/0/0/0/0/0/0/0/0/0/0/0/0/0/0/0/0/0/0/0/0/0/0/0/0/0/0/0/0/0/0/0/0/0/0/0/0/0/0/0/0/0/0/0/0/1.41895/1.46582/1.35449/1.05273/0/0/0/0/0/0/0/0/0/0/0/0/0/0/0/0/0/0/0/0/0/0/0/0/0/0/0/0/0/0/0/0/0/0/0/0/0/0/0/0/0/0/0/0/0/0/0/0/0/0/0/0/0/0/0/0/0/0/0/0/0/0/0/0/0/0/0/0/0/0/0/0/0/0/0/0/0/0/0/0/0/0/0/0/0/0/0/0/1.28662/0/0/0/0/0/0/0/0/0/0/0/0/0/0/0/0/0/0/0/0/0/0/0/0/0/0/0/0/0/0/0/0/0/0/0/0/0/0/0/0/0/0/0/0/0/0/0/0/0/0/0/0/0/0/0/0/0/0/0/0/0/0/0/0/0/0/0/0/0/0/0/0/0/0/0/0/0/0/0/0/0/0/0/0/0/0/0/0/0/0/0,383.482/590.146/505.637/248.875/438.802/271.428/152.16/248.886/502.862/4272.97/4148.49/4892.35/4664.57/4176.91/4349.27/4168.13/4674/4434.45/4293.97/4557.51/2741.89/8220.67/4790.38/0/0/0/0/0/0/0/0/0/0/0/0/0/0/0/0/0/0/0/0/0/0/0/0/0/0/0/0/0/0/0/0/0/0/0/0/0/0/0/0/0/0/0/0/0/0/0/0/0/0/0/0/0/0/0/0/0/0/0/0/0/0/0/0/0/0/0/0/0/6340.34/7908.49/6201.93/4416.34/0/0/0/0/0/0/0/0/0/0/0/0/0/0/0/0/0/0/0/0/0/0/0/0/0/0/0/0/0/0/0/0/0/0/0/0/0/0/0/0/0/0/0/0/0/0/0/0/0/0/0/0/0/0/0/0/0/0/0/0/0/0/0/0/0/0/0/0/0/0/0/0/0/0/0/0/0/0/0/0/0/0/0/0/0/0/0/0/4024.11/0/0/0/0/0/0/0/0/0/0/0/0/0/0/0/0/0/0/0/0/0/0/0/0/0/0/0/0/0/0/0/0/0/0/0/0/0/0/0/0/0/0/0/0/0/0/0/0/0/0/0/0/0/0/0/0/0/0/0/0/0/0/0/0/0/0/0/0/0/0/0/0/0/0/0/0/0/0/0/0/0/0/0/0/0/0/0/0/0/0/0,1-2:0.371481/1-3:0.377165/2-4:1.41602/2-17:0.138576/3-6:1.46591/3-15:0.0224679/3-17:0.00304708/3-22:0.00345662/4-5:1.14678/4-13:0.026105/4-17:0.23659/5-8:0.801176/5-13:0.0862764/5-17:0.00172837/6-7:1.15588/6-22:0.00609416/8-9:1.39419/8-11:0.0213296/8-12:0.183742/8-13:0.00691323/9-10:0.964857/9-11:0.114429/9-12:0.00691323/10-11:0.556631/10-14:1.11859/11-12:2.09772/12-13:1.5671/13-17:1.26921/15-22:0.13267/16-20:0.00172837/16-23:0.00172824/17-18:0.00304708/18-22:0.40033/19-23:0.459222/20-21:0.433255/93-96:0.00345675,1-2:-28.483/1-3:-33.896/2-4:-24.562/2-17:-24.412/3-6:-37.864/3-15:-36.624/3-17:-34.117/3-22:-38.135/4-5:-20.548/4-13:-20.337/4-17:-22.515/5-8:-16.596/5-13:-18.661/5-17:-19.739/6-7:-41.821/6-22:-38.473/8-9:-12.612/8-11:-12.45/8-12:-13.943/8-13:-15.472/9-10:-8.6406/9-11:-10.216/9-12:-11.257/10-11:-10.118/10-14:-4.8668/11-12:-54.189/12-13:-56.86/13-17:-58.95/15-22:-30.458/16-20:4.0482/16-23:2.2786/17-18:-25.849/18-22:-31.786/19-23:-0.42955/20-21:-0.1372/93-96:-3.974,8005,1.7995828423225185e-11,3.126953125000001e-11,-1.8324273186606698e-06,1.4919287428425905,2589,5.643030286292037e-12,70820,1.5684514083190422e-10,2.766406250000001e-10,1.5680253499602302e-06,4.2249363127001706e-06,3.42504847137234e-06,4.054612043773684e-06,1,1,nan,0.3367149705583034,34,22/94/17/13/12/11/93/185/93/96/20/94/96/94/6/3/15/95/185/22/2/4/5/185/8/9/10/14/21/93/16/93/94/22,16,4472.2,1.0,,,3.4027274956331997e-09,10,18/5/1/1/1/1/2/1/1/1,1/1/5/5/9/5/5/1/1/1,3,3,0.66596/0/0/0/0.26871/0/0/0/0.0653303/0/0/0,0.556586,18/5/1/1/1/1/2/1/1/1,8221/5000/6530/5313/4113/6317/3939/2380/403/229,8401/4221/8164/4866/4130/6257/4075/2544/681/472,6983/6408/6850/6983/1193/4640/4375/3580/575/309,18/5/1/1/1/1/2/1/1/1,27/12/5/4/2/5/5/2/1/1,1,79553,295,721568934.5502697,292394495.6683105,2.467792469557329,1,-217792877.567826,-219889148.055446,-205323398.10872,84508511.987332,87168834.01661,111062840.273118,-191971992.115591,121409891.739499,39827,178936871.575066,184962266.354079,389869478.912483,385551124.994368,-121696492.005177,-129362416.490959,1.4094,1.6084,0.2112,0.2715,0.0216,0.2058,2.1277,0.3283,0.0087,0.7285,0.7654,0.7258,2011,6121,32670,2069.4,674.0,399.9
1920,0.000203693319,11986.14,2.916517695292748e-08,1.0514184570312504e-16,1.985815429687501e-17,276,28,18,16,94/17/13/12/11/7/6/3/1/2/4/5/8/9/10/14/20/16,0,191,4,0.135742/0.426514/0.414063/0.333496/0.17749/0.324951/0.0546875/0.312744/0.243164/0.353516/0.560059/0.440918/0.35083/0.0761719/1.47534/0.199707/0.123291/1.47485/1.12939/0.986572/1.41528/0.965088/1.22632/0/0/0/0/0/0/0/0/0/0/0/0/0/0/0/0/0/0/0/0/0/0/0/0/0/0/0/0/0/0/0/0/0/0/0/0/0/0/0/0/0/0/0/0/0/0/0/0/0/0/0/0/0/0/0/0/0/0/0/0/0/0/0/0/0/0/0/0/0/1.43726/1.48267/1.36792/1.06641/0/0/0/0/0/0/0/0/0/0/0/0/0/0/0/0/0/0/0/0/0/0/0/0/0/0/0/0/0/0/0/0/0/0/0/0/0/0/0/0/0/0/0/0/0/0/0/0/0/0/0/0/0/0/0/0/0/0/0/0/0/0/0/0/0/0/0/0/0/0/0/0/0/0/0/0/0/0/0/0/0/0/0/0/0/0/0/0/1.30371/0/0/0/0/0/0/0/0/0/0/0/0/0/0/0/0/0/0/0/0/0/0/0/0/0/0/0/0/0/0/0/0/0/0/0/0/0/0/0/0/0/0/0/0/0/0/0/0/0/0/0/0/0/0/0/0/0/0/0/0/0/0/0/0/0/0/0/0/0/0/0/0/0/0/0/0/0/0/0/0/0/0/0/0/0/0/0/0/0/0/0,383.482/590.146/505.637/248.875/438.802/271.428/152.16/248.886/502.862/4272.97/4148.49/4941.1/4664.57/4176.91/4376.92/4168.13/4674/4434.45/4293.97/4585.16/2741.89/8193.02/4790.38/0/0/0/0/0/0/0/0/0/0/0/0/0/0/0/0/0/0/0/0/0/0/0/0/0/0/0/0/0/0/0/0/0/0/0/0/0/0/0/0/0/0/0/0/0/0/0/0/0/0/0/0/0/0/0/0/0/0/0/0/0/0/0/0/0/0/0/0/0/6340.34/7936.14/6201.93/4437.44/0/0/0/0/0/0/0/0/0/0/0/0/0/0/0/0/0/0/0/0/0/0/0/0/0/0/0/0/0/0/0/0/0/0/0/0/0/0/0/0/0/0/0/0/0/0/0/0/0/0/0/0/0/0/0/0/0/0/0/0/0/0/0/0/0/0/0/0/0/0/0/0/0/0/0/0/0/0/0/0/0/0/0/0/0/0/0/0/4024.11/0/0/0/0/0/0/0/0/0/0/0/0/0/0/0/0/0/0/0/0/0/0/0/0/0/0/0/0/0/0/0/0/0/0/0/0/0/0/0/0/0/0/0/0/0/0/0/0/0/0/0/0/0/0/0/0/0/0/0/0/0/0/0/0/0/0/0/0/0/0/0/0/0/0/0/0/0/0/0/0/0/0/0/0/0/0/0/0/0/0/0,,,7994,1.7974179680627898e-11,3.1226562500000014e-11,-1.83281705692721e-06,1.4856929305779476,2625,5.718436711688155e-12,71532,1.5841330422125083e-10,2.794218750000001e-10,1.567745323658838e-06,4.2249363127001706e-06,3.42504847137234e-06,4.054612043773684e-06,1,1,nan,0.3336350752283333,32,94/17/13/12/11/185/93/96/20/94/96/94/6/3/15/95/185/22/2/4/5/185/8/9/10/14/21/93/16/93/94/22,16,4470.2,1.0,,,3.4185523570005427e-09,,,,,,,,,,,,,,1,80180,304,714968821.7364913,291290992.6582089,2.454483110555402,1,-218809226.35785,-219030305.989679,-204815959.648853,83268582.701807,87205267.095147,111508162.538769,-192073259.714486,121358623.433199,40231,178283995.93286,184321761.126609,380369935.512998,453510869.077751,-122676835.66127,-128797865.041805,1.3801,1.5696,0.2109,0.2703,0.022,0.2054,2.071,0.3273,0.0087,0.7286,0.7642,0.7273,2060,6112,32896,,,
1940,0.000203693319,12097.72,2.916517695292748e-08,1.0497656250000005e-16,2.002343750000001e-17,276,28,18,16,94/17/13/12/11/7/6/3/1/2/4/5/8/9/10/14/20/16,0,191,4,0.135742/0.431152/0.415771/0.333252/0.177246/0.325439/0.0544434/0.312256/0.243652/0.354736/0.562744/0.441162/0.351318/0.0761719/1.49194/0.202393/0.123535/1.48779/1.13916/0.994629/1.42822/0.973633/1.23706/0/0/0/0/0/0/0/0/0/0/0/0/0/0/0/0/0/0/0/0/0/0/0/0/0/0/0/0/0/0/0/0/0/0/0/0/0/0/0/0/0/0/0/0/0/0/0/0/0/0/0/0/0/0/0/0/0/0/0/0/0/0/0/0/0/0/0/0/0/1.44995/1.50171/1.37842/1.08203/0/0/0/0/0/0/0/0/0/0/0/0/0/0/0/0/0/0/0/0/0/0/0/0/0/0/0/0/0/0/0/0/0/0/0/0/0/0/0/0/0/0/0/0/0/0/0/0/0/0/0/0/0/0/0/0/0/0/0/0/0/0/0/0/0/0/0/0/0/0/0/0/0/0/0/0/0/0/0/0/0/0/0/0/0/0/0/0/1.31787/0/0/0/0/0/0/0/0/0/0/0/0/0/0/0/0/0/0/0/0/0/0/0/0/0/0/0/0/0/0/0/0/0/0/0/0/0/0/0/0/0/0/0/0/0/0/0/0/0/0/0/0/0/0/0/0/0/0/0/0/0/0/0/0/0/0/0/0/0/0/0/0/0/0/0/0/0/0/0/0/0/0/0/0/0/0/0/0/0/0/0,383.482/590.146/505.637/248.875/438.802/271.428/152.16/248.886/502.862/4272.97/4148.49/4941.1/4664.57/4176.91/4376.92/4168.13/4674/4434.45/4293.97/4585.16/2762.99/8193.02/4796.94/0/0/0/0/0/0/0/0/0/0/0/0/0/0/0/0/0/0/0/0/0/0/0/0/0/0/0/0/0/0/0/0/0/0/0/0/0/0/0/0/0/0/0/0/0/0/0/0/0/0/0/0/0/0/0/0/0/0/0/0/0/0/0/0/0/0/0/0/0/6340.34/7936.14/6201.93/4437.44/0/0/0/0/0/0/0/0/0/0/0/0/0/0/0/0/0/0/0/0/0/0/0/0/0/0/0/0/0/0/0/0/0/0/0/0/0/0/0/0/0/0/0/0/0/0/0/0/0/0/0/0/0/0/0/0/0/0/0/0/0/0/0/0/0/0/0/0/0/0/0/0/0/0/0/0/0/0/0/0/0/0/0/0/0/0/0/0/4158.71/0/0/0/0/0/0/0/0/0/0/0/0/0/0/0/0/0/0/0/0/0/0/0/0/0/0/0/0/0/0/0/0/0/0/0/0/0/0/0/0/0/0/0/0/0/0/0/0/0/0/0/0/0/0/0/0/0/0/0/0/0/0/0/0/0/0/0/0/0/0/0/0/0/0/0/0/0/0/0/0/0/0/0/0/0/0/0/0/0/0/0,,,8005,1.799187204923407e-11,3.126953125000001e-11,-1.8329766233849899e-06,1.4831398672534695,2667,5.808169873984286e-12,72046,1.5957068429762127e-10,2.814296875000001e-10,1.566987032688772e-06,4.2249363127001706e-06,3.42504847137234e-06,4.054612043773684e-06,1,1,nan,0.3328027159422841,32,94/17/13/12/11/185/93/96/20/94/96/94/6/3/15/95/185/22/2/4/5/185/8/9/10/14/21/93/16/93/94/22,16,4468.4,1.0,,,3.435205267569055e-09,,,,,,,,,,,,,,1,80799,307,713185103.5899483,291635604.30909175,2.4454665104404563,1,-219185296.516267,-219024903.08326,-204342119.2554,81367708.339884,86830281.374642,112076398.588003,-192281627.910483,121216965.519603,40723,175095809.5763,185437595.8631,380284291.052985,396615948.092347,-122922089.124341,-127673909.803546,1.3592,1.57,0.2121,0.2708,0.0217,0.2069,2.0567,0.3287,0.0088,0.7319,0.7601,0.7287,2096,6049,33124,,,
1960,0.000203693319,12208.17,2.916517695292748e-08,1.0482031250000005e-16,2.017968750000001e-17,276,28,18,16,94/17/13/12/11/7/6/3/1/2/4/5/8/9/10/14/20/16,0,191,4,0.135742/0.436035/0.418213/0.333496/0.177246/0.325928/0.0544434/0.3125/0.243652/0.355469/0.564209/0.441162/0.351807/0.0766602/1.51123/0.204346/0.124023/1.50049/1.1499/1.00122/1.44043/0.979248/1.24561/0/0/0/0/0/0/0/0/0/0/0/0/0/0/0/0/0/0/0/0/0/0/0/0/0/0/0/0/0/0/0/0/0/0/0/0/0/0/0/0/0/0/0/0/0/0/0/0/0/0/0/0/0/0/0/0/0/0/0/0/0/0/0/0/0/0/0/0/0/1.46216/1.51929/1.39111/1.09326/0/0/0/0/0/0/0/0/0/0/0/0/0/0/0/0/0/0/0/0/0/0/0/0/0/0/0/0/0/0/0/0/0/0/0/0/0/0/0/0/0/0/0/0/0/0/0/0/0/0/0/0/0/0/0/0/0/0/0/0/0/0/0/0/0/0/0/0/0/0/0/0/0/0/0/0/0/0/0/0/0/0/0/0/0/0/0/0/1.33081/0/0/0/0/0/0/0/0/0/0/0/0/0/0/0/0/0/0/0/0/0/0/0/0/0/0/0/0/0/0/0/0/0/0/0/0/0/0/0/0/0/0/0/0/0/0/0/0/0/0/0/0/0/0/0/0/0/0/0/0/0/0/0/0/0/0/0/0/0/0/0/0/0/0/0/0/0/0/0/0/0/0/0/0/0/0/0/0/0/0/0,383.482/597.439/738.504/248.875/438.802/271.428/152.16/248.886/502.862/4272.97/4157.93/4941.1/4664.57/4176.91/4376.92/4168.13/4674/4457.77/4293.97/4585.16/2762.99/8193.02/4796.94/0/0/0/0/0/0/0/0/0/0/0/0/0/0/0/0/0/0/0/0/0/0/0/0/0/0/0/0/0/0/0/0/0/0/0/0/0/0/0/0/0/0/0/0/0/0/0/0/0/0/0/0/0/0/0/0/0/0/0/0/0/0/0/0/0/0/0/0/0/6340.34/7936.14/6201.93/4437.43/0/0/0/0/0/0/0/0/0/0/0/0/0/0/0/0/0/0/0/0/0/0/0/0/0/0/0/0/0/0/0/0/0/0/0/0/0/0/0/0/0/0/0/0/0/0/0/0/0/0/0/0/0/0/0/0/0/0/0/0/0/0/0/0/0/0/0/0/0/0/0/0/0/0/0/0/0/0/0/0/0/0/0/0/0/0/0/0/4186.36/0/0/0/0/0/0/0/0/0/0/0/0/0/0/0/0/0/0/0/0/0/0/0/0/0/0/0/0/0/0/0/0/0/0/0/0/0/0/0/0/0/0/0/0/0/0/0/0/0/0/0/0/0/0/0/0/0/0/0/0/0/0/0/0/0/0/0/0/0/0/0/0/0/0/0/0/0/0/0/0/0/0/0/0/0/0/0/0/0/0/0,,,8018,1.8014339485361193e-11,3.132031250000001e-11,-1.8363984605442312e-06,1.4283904727056087,2690,5.859790412886725e-12,72664,1.6089725907302773e-10,2.8384375000000013e-10,1.5672780757414609e-06,4.22966429676268e-06,3.42504847137234e-06,4.054612043773684e-06,1,1,nan,0.3971882635131625,32,94/17/13/12/11/185/93/96/20/94/96/94/6/3/15/95/185/22/2/4/5/185/8/9/10/14/21/93/16/93/94/22,16,4466.3,1.0,,,3.4514978923482477e-09,,,,,,,,,,,,,,1,81395,309,851161181.3512723,291112213.7221473,2.923825044879996,1,-219699943.509007,-219417971.695239,-204074876.349965,80987518.592431,86058499.584145,112392000.890953,-192021582.485095,121370686.502231,41237,178456895.299943,183454959.309067,379182140.128273,408521991.118134,-119930972.784798,-129918627.443974,1.3696,1.6066,0.208,0.2708,0.0214,0.2074,2.0966,0.3255,0.0088,0.7324,0.7614,0.73,2108,6009,33269,,,
1980,0.000213877985,12335.5,2.829073777332103e-08,1.0465112304687505e-16,2.0348876953125008e-17,276,28,18,16,94/17/13/12/11/7/6/3/1/2/4/5/8/9/10/14/20/16,0,191,4,0.135986/0.442139/0.422119/0.33374/0.177002/0.326416/0.0544434/0.312256/0.243652/0.355713/0.565918/0.442871/0.352539/0.0773926/1.52734/0.206787/0.124023/1.51685/1.16064/1.00903/1.45386/0.984619/1.25464/0/0/0/0/0/0/0/0/0/0/0/0/0/0/0/0/0/0/0/0/0/0/0/0/0/0/0/0/0/0/0/0/0/0/0/0/0/0/0/0/0/0/0/0/0/0/0/0/0/0/0/0/0/0/0/0/0/0/0/0/0/0/0/0/0/0/0/0/0/1.47485/1.53882/1.40308/1.10571/0/0/0/0/0/0/0/0/0/0/0/0/0/0/0/0/0/0/0/0/0/0/0/0/0/0/0/0/0/0/0/0/0/0/0/0/0/0/0/0/0/0/0/0/0/0/0/0/0/0/0/0/0/0/0/0/0/0/0/0/0/0/0/0/0/0/0/0/0/0/0/0/0/0/0/0/0/0/0/0/0/0/0/0/0/0/0/0/1.34644/0/0/0/0/0/0/0/0/0/0/0/0/0/0/0/0/0/0/0/0/0/0/0/0/0/0/0/0/0/0/0/0/0/0/0/0/0/0/0/0/0/0/0/0/0/0/0/0/0/0/0/0/0/0/0/0/0/0/0/0/0/0/0/0/0/0/0/0/0/0/0/0/0/0/0/0/0/0/0/0/0/0/0/0/0/0/0/0/0/0/0,383.482/710.929/738.504/251.891/438.802/271.428/152.16/248.886/502.862/4272.97/4157.93/5232.86/4664.57/4176.91/4376.92/4189.23/4674/4457.77/4293.97/4585.16/2762.99/8193.02/4796.94/0/0/0/0/0/0/0/0/0/0/0/0/0/0/0/0/0/0/0/0/0/0/0/0/0/0/0/0/0/0/0/0/0/0/0/0/0/0/0/0/0/0/0/0/0/0/0/0/0/0/0/0/0/0/0/0/0/0/0/0/0/0/0/0/0/0/0/0/0/6340.34/7936.14/6201.94/4458.53/0/0/0/0/0/0/0/0/0/0/0/0/0/0/0/0/0/0/0/0/0/0/0/0/0/0/0/0/0/0/0/0/0/0/0/0/0/0/0/0/0/0/0/0/0/0/0/0/0/0/0/0/0/0/0/0/0/0/0/0/0/0/0/0/0/0/0/0/0/0/0/0/0/0/0/0/0/0/0/0/0/0/0/0/0/0/0/0/4207.46/0/0/0/0/0/0/0/0/0/0/0/0/0/0/0/0/0/0/0/0/0/0/0/0/0/0/0/0/0/0/0/0/0/0/0/0/0/0/0/0/0/0/0/0/0/0/0/0/0/0/0/0/0/0/0/0/0/0/0/0/0/0/0/0/0/0/0/0/0/0/0/0/0/0/0/0/0/0/0/0/0/0/0/0/0/0/0/0/0/0/0,,,8036,1.805336178773296e-11,3.139062500000001e-11,-1.8343546387672636e-06,1.4610916211370906,2715,5.910911322813873e-12,73290,1.6228249657981473e-10,2.862890625000001e-10,1.5680298561071918e-06,4.240213945478019e-06,3.42504847137234e-06,4.090168447332516e-06,1,1,nan,0.34270468116551894,33,94/17/13/12/11/93/185/93/96/20/94/96/94/6/3/15/95/185/22/2/4/5/185/8/9/10/14/21/93/16/93/94/22,16,4465.0,1.0,,,3.469657456505781e-09,,,,,,,,,,,,,,1,82035,320,757104418.5720634,299369075.9403546,2.5290000852422936,1,-219933188.857625,-219142593.664798,-203695670.470385,91012417.375149,95722147.311965,122707051.973194,-192362166.257368,131096352.352847,41747,189788671.521831,193403431.453477,393388197.658223,430430396.422458,-120295168.813992,-130312582.232578,1.455,1.6652,0.2213,0.2788,0.0213,0.2141,2.1846,0.3392,0.0091,0.7339,0.7579,0.7316,2138,5973,33449,,,
2000,0.000213877985,12459.23,2.829073777332103e-08,1.0447949218750005e-16,2.052050781250001e-17,276,28,18,16,94/17/13/12/11/7/6/3/1/2/4/5/8/9/10/14/20/16,0,193,5,0.135986/0.447021/0.425049/0.33374/0.177002/0.327148/0.0544434/0.312256/0.243652/0.356689/0.568115/0.444336/0.352295/0.0776367/1.54224/0.209717/0.124023/1.53125/1.17065/1.0166/1.46826/0.990723/1.26563/0/0/0/0/0/0/0/0/0/0/0/0/0/0/0/0/0/0/0/0/0/0/0/0/0/0/0/0/0/0/0/0/0/0/0/0/0/0/0/0/0/0/0/0/0/0/0/0/0/0/0/0/0/0/0/0/0/0/0/0/0/0/0/0/0/0/0/0/0/1.49219/1.55835/1.41992/1.11523/0/0/0/0/0/0/0/0/0/0/0/0/0/0/0/0/0/0/0/0/0/0/0/0/0/0/0/0/0/0/0/0/0/0/0/0/0/0/0/0/0/0/0/0/0/0/0/0/0/0/0/0/0/0/0/0/0/0/0/0/0/0/0/0/0/0/0/0/0/0/0/0/0/0/0/0/0/0/0/0/0/0/0/0/0/0/0/0/1.36035/0/0/0/0/0/0/0/0/0/0/0/0/0/0/0/0/0/0/0/0/0/0/0/0/0/0/0/0/0/0/0/0/0/0/0/0/0/0/0/0/0/0/0/0/0/0/0/0/0/0/0/0/0/0/0/0/0/0/0/0/0/0/0/0/0/0/0/0/0/0/0/0/0/0/0/0/0/0/0/0/0/0/0/0/0/0/0/0/0/0/0,383.482/710.929/738.504/251.891/438.802/271.428/152.16/248.886/502.862/4300.62/4157.93/5232.86/4664.57/4176.91/4376.92/4189.23/4674/4457.77/4293.97/4585.16/2762.99/8193.02/4796.94/0/0/0/0/0/0/0/0/0/0/0/0/0/0/0/0/0/0/0/0/0/0/0/0/0/0/0/0/0/0/0/0/0/0/0/0/0/0/0/0/0/0/0/0/0/0/0/0/0/0/0/0/0/0/0/0/0/0/0/0/0/0/0/0/0/0/0/0/0/6340.34/8012.55/6201.94/4458.53/0/0/0/0/0/0/0/0/0/0/0/0/0/0/0/0/0/0/0/0/0/0/0/0/0/0/0/0/0/0/0/0/0/0/0/0/0/0/0/0/0/0/0/0/0/0/0/0/0/0/0/0/0/0/0/0/0/0/0/0/0/0/0/0/0/0/0/0/0/0/0/0/0/0/0/0/0/0/0/0/0/0/0/0/0/0/0/0/4207.46/0/0/0/0/0/0/0/0/0/0/0/0/0/0/0/0/0/0/0/0/0/0/0/0/0/0/0/0/0/0/0/0/0/0/0/0/0/0/0/0/0/0/0/0/0/0/0/0/0/0/0/0/0/0/0/0/0/0/0/0/0/0/0/0/0/0/0/0/0/0/0/0/0/0/0/0/0/0/0/0/0/0/0/0/0/0/0/0/0/0/0,1-2:0.376256/1-3:0.377165/2-4:1.4147/2-17:0.138576/3-6:1.47283/3-15:0.0358847/3-17:0.00304708/3-22:0.00345662/4-5:1.13896/4-13:0.026105/4-17:0.23659/5-8:0.799447/5-13:0.0862764/5-17:0.00172837/6-7:1.16502/6-22:0.00609416/8-9:1.39114/8-11:0.0213296/8-12:0.183742/8-13:0.00691323/9-10:0.964857/9-11:0.114429/9-12:0.00691323/10-11:0.554903/10-14:1.10945/10-21:0.00172824/11-12:2.09986/12-13:1.5732/13-17:1.26312/14-20:0.00172824/15-22:0.139584/16-20:0.00172837/16-23:0.00172824/17-18:0.00304708/18-21:0.00345662/18-22:0.407652/19-23:0.496516/20-21:0.441487/93-96:0.00345675,1-2:-28.487/1-3:-33.896/2-4:-24.562/2-17:-24.412/3-6:-37.865/3-15:-36.771/3-17:-34.117/3-22:-38.135/4-5:-20.546/4-13:-20.337/4-17:-22.515/5-8:-16.597/5-13:-18.661/5-17:-19.739/6-7:-41.818/6-22:-38.473/8-9:-12.612/8-11:-12.45/8-12:-13.943/8-13:-15.472/9-10:-8.6406/9-11:-10.216/9-12:-11.257/10-11:-10.118/10-14:-4.8618/10-21:-0.38695/11-12:-54.269/12-13:-56.975/13-17:-59.024/14-20:-1.8315/15-22:-30.756/16-20:4.0482/16-23:2.2786/17-18:-25.849/18-21:0.61286/18-22:-31.909/19-23:-0.4258/20-21:-0.13446/93-96:-3.974,8048,1.807410136279789e-11,3.1437500000000014e-11,-1.8312569949836918e-06,1.5106539216742394,2755,5.997187356509891e-12,73856,1.6350073691250943e-10,2.885000000000001e-10,1.5671984393477705e-06,4.250714876546987e-06,3.42504847137234e-06,4.090168447332516e-06,1,1,nan,0.3229889543225964,33,94/17/13/12/11/93/185/93/96/20/94/96/94/6/3/15/95/185/22/2/4/5/185/8/9/10/14/21/93/16/93/94/22,16,4464.1,1.0,,,3.4884867811130885e-09,13,23/1/1/1/1/2/1/1/1/1/1/1,1/5/5/9/5/5/1/1/1/1/1/5,3,3,0.661507/0/0/0/0.272201/0/0/0/0.0662923/0/0/0,0.5516,23/1/1/1/1/2/1/1/1/1/1/1,8193/6546/5315/4123/6317/3950/2414/403/263/229/299/2653,8401/8164/4866/4130/6285/4075/2559/681/683/472/350/2287,6983/6894/6983/1237/4729/4419/3624/575/309/398/221/3491,21/1/1/1/1/2/1/1/1/1/1/1,30/5/4/2/5/5/3/1/1/1/1/2,1,82716,315,713548363.669717,298044796.1218014,2.3940977093192144,1,-219807031.380116,-218448501.962304,-203260364.653702,91393916.548551,97118127.26078,123178980.340276,-192605895.467813,130946672.380275,42211,190221539.505846,194887974.364008,403922083.528056,511770288.288787,-122380509.235984,-129176041.889177,1.4512,1.6462,0.2221,0.2819,0.0219,0.2148,2.1446,0.3408,0.0092,0.7399,0.7606,0.7333,2138,6012,33654,2120.4,707.1,399.4
2020,0.000213877985,12677.22,2.829073777332103e-08,1.0429858398437505e-16,2.070141601562501e-17,276,28,18,16,94/17/13/12/11/7/6/3/1/2/4/5/8/9/10/14/20/16,0,194,5,0.135986/0.452148/0.427734/0.334717/0.176514/0.327637/0.0544434/0.312012/0.243652/0.35791/0.56958/0.444824/0.353271/0.0778809/1.56201/0.212402/0.124023/1.54492/1.1814/1.02856/1.48267/0.996582/1.27539/0/0/0/0/0/0/0/0/0/0/0/0/0/0/0/0/0/0/0/0/0/0/0/0/0/0/0/0/0/0/0/0/0/0/0/0/0/0/0/0/0/0/0/0/0/0/0/0/0/0/0/0/0/0/0/0/0/0/0/0/0/0/0/0/0/0/0/0/0/1.50659/1.57813/1.43555/1.12744/0/0/0/0/0/0/0/0/0/0/0/0/0/0/0/0/0/0/0/0/0/0/0/0/0/0/0/0/0/0/0/0/0/0/0/0/0/0/0/0/0/0/0/0/0/0/0/0/0/0/0/0/0/0/0/0/0/0/0/0/0/0/0/0/0/0/0/0/0/0/0/0/0/0/0/0/0/0/0/0/0/0/0/0/0/0/0/0/1.37744/0/0/0/0/0/0/0/0/0/0/0/0/0/0/0/0/0/0/0/0/0/0/0/0/0/0/0/0/0/0/0/0/0/0/0/0/0/0/0/0/0/0/0/0/0/0/0/0/0/0/0/0/0/0/0/0/0/0/0/0/0/0/0/0/0/0/0/0/0/0/0/0/0/0/0/0/0/0/0/0/0/0/0/0/0/0/0/0/0/0/0,383.482/710.929/738.504/251.891/473.006/271.428/152.16/248.886/502.862/4300.62/4157.93/5232.86/4664.57/4176.91/4376.92/4189.23/4674/4457.77/4293.97/4612.82/2762.99/8193.02/4796.94/0/0/0/0/0/0/0/0/0/0/0/0/0/0/0/0/0/0/0/0/0/0/0/0/0/0/0/0/0/0/0/0/0/0/0/0/0/0/0/0/0/0/0/0/0/0/0/0/0/0/0/0/0/0/0/0/0/0/0/0/0/0/0/0/0/0/0/0/0/6340.34/8012.55/6201.94/4458.53/0/0/0/0/0/0/0/0/0/0/0/0/0/0/0/0/0/0/0/0/0/0/0/0/0/0/0/0/0/0/0/0/0/0/0/0/0/0/0/0/0/0/0/0/0/0/0/0/0/0/0/0/0/0/0/0/0/0/0/0/0/0/0/0/0/0/0/0/0/0/0/0/0/0/0/0/0/0/0/0/0/0/0/0/0/0/0/0/4207.46/0/0/0/0/0/0/0/0/0/0/0/0/0/0/0/0/0/0/0/0/0/0/0/0/0/0/0/0/0/0/0/0/0/0/0/0/0/0/0/0/0/0/0/0/0/0/0/0/0/0/0/0/0/0/0/0/0/0/0/0/0/0/0/0/0/0/0/0/0/0/0/0/0/0/0/0/0/0/0/0/0/0/0/0/0/0/0/0/0/0/0,,,8068,1.8112623396887218e-11,3.151562500000001e-11,-1.8272220099065412e-06,1.5752136829086485,2780,6.061495838776934e-12,74532,1.649961302657473e-10,2.9114062500000014e-10,1.5679381743477609e-06,4.250714876546987e-06,3.42504847137234e-06,4.115828941330889e-06,1,1,nan,0.3231682069337121,31,94/17/13/12/11/185/93/96/20/94/96/94/6/3/15/95/185/22/2/4/185/8/9/10/14/21/93/16/93/94/22,15,4462.3,1.0,,,3.507246252471012e-09,,,,,,,,,,,,,,1,83439,316,713944369.1851794,298736636.31678367,2.389878851109861,1,-219948924.803643,-218084953.307809,-202786574.408889,91854936.214595,97958649.924666,123675900.286921,-192646018.27818,130851114.213167,42567,191810948.903934,194720767.323946,405146820.21062,451474365.438802,-120856013.155824,-129504460.213124,1.47,1.6445,0.2217,0.283,0.0226,0.2138,2.1326,0.3421,0.0092,0.7425,0.7615,0.7352,2198,6043,33941,,,
2040,0.000213877985,12786.02,2.829073777332103e-08,1.0411938476562505e-16,2.088061523437501e-17,276,28,18,16,94/17/13/12/11/7/6/3/1/2/4/5/8/9/10/14/20/16,0,196,5,0.135742/0.45459/0.431885/0.334717/0.176758/0.328857/0.0544434/0.312256/0.243652/0.358643/0.572266/0.445801/0.353516/0.0778809/1.58105/0.216064/0.123779/1.55933/1.19043/1.04053/1.49854/1.0022/1.28613/0/0/0/0/0/0/0/0/0/0/0/0/0/0/0/0/0/0/0/0/0/0/0/0/0/0/0/0/0/0/0/0/0/0/0/0/0/0/0/0/0/0/0/0/0/0/0/0/0/0/0/0/0/0/0/0/0/0/0/0/0/0/0/0/0/0/0/0/0/1.52148/1.59668/1.44995/1.13892/0/0/0/0/0/0/0/0/0/0/0/0/0/0/0/0/0/0/0/0/0/0/0/0/0/0/0/0/0/0/0/0/0/0/0/0/0/0/0/0/0/0/0/0/0/0/0/0/0/0/0/0/0/0/0/0/0/0/0/0/0/0/0/0/0/0/0/0/0/0/0/0/0/0/0/0/0/0/0/0/0/0/0/0/0/0/0/0/1.39453/0/0/0/0/0/0/0/0/0/0/0/0/0/0/0/0/0/0/0/0/0/0/0/0/0/0/0/0/0/0/0/0/0/0/0/0/0/0/0/0/0/0/0/0/0/0/0/0/0/0/0/0/0/0/0/0/0/0/0/0/0/0/0/0/0/0/0/0/0/0/0/0/0/0/0/0/0/0/0/0/0/0/0/0/0/0/0/0/0/0/0,383.482/746.589/738.504/251.891/473.006/271.428/152.16/248.886/502.862/4300.62/4157.93/5232.86/4664.57/4176.91/4376.92/4189.23/4674/4457.77/4293.97/4612.82/2762.99/8193.02/4887.89/0/0/0/0/0/0/0/0/0/0/0/0/0/0/0/0/0/0/0/0/0/0/0/0/0/0/0/0/0/0/0/0/0/0/0/0/0/0/0/0/0/0/0/0/0/0/0/0/0/0/0/0/0/0/0/0/0/0/0/0/0/0/0/0/0/0/0/0/0/6340.34/8012.55/6201.94/4465.08/0/0/0/0/0/0/0/0/0/0/0/0/0/0/0/0/0/0/0/0/0/0/0/0/0/0/0/0/0/0/0/0/0/0/0/0/0/0/0/0/0/0/0/0/0/0/0/0/0/0/0/0/0/0/0/0/0/0/0/0/0/0/0/0/0/0/0/0/0/0/0/0/0/0/0/0/0/0/0/0/0/0/0/0/0/0/0/0/4207.46/0/0/0/0/0/0/0/0/0/0/0/0/0/0/0/0/0/0/0/0/0/0/0/0/0/0/0/0/0/0/0/0/0/0/0/0/0/0/0/0/0/0/0/0/0/0/0/0/0/0/0/0/0/0/0/0/0/0/0/0/0/0/0/0/0/0/0/0/0/0/0/0/0/0/0/0/0/0/0/0/0/0/0/0/0/0/0/0/0/0/0,,,8083,1.814118537379329e-11,3.1574218750000014e-11,-1.8270686915899882e-06,1.5776667759734968,2820,6.151728885771214e-12,75098,1.6627239622360488e-10,2.933515625000001e-10,1.5682728290384342e-06,4.250714876546987e-06,3.42504847137234e-06,4.115828941330889e-06,1,1,nan,0.32367688270508144,31,94/17/13/12/11/185/93/96/20/94/96/94/6/3/15/95/185/22/2/4/185/8/9/10/14/21/93/16/93/94/22,15,4461.2,1.0,,,3.525928534858065e-09,,,,,,,,,,,,,,1,84142,325,715068137.5352774,298032250.76645136,2.3992978467811192,1,-218679301.69679,-218549167.711313,-202326496.549097,93467878.834944,97664458.85506,124311446.642999,-192772940.323965,130596877.991724,42993,192212929.510484,194685677.62353,429471588.923705,459845522.33164,-120183060.674621,-129242586.379318,1.4881,1.6627,0.2222,0.2813,0.0218,0.2115,2.1277,0.3403,0.0093,0.7543,0.7613,0.7369,2279,6075,34142,,,
2060,0.000213877985,12892.4,2.829073777332103e-08,1.0394848632812504e-16,2.105151367187501e-17,276,28,18,16,94/17/13/12/11/7/6/3/1/2/4/5/8/9/10/14/20/16,0,196,5,0.135986/0.460938/0.435547/0.334473/0.177002/0.328613/0.0544434/0.3125/0.244141/0.359619/0.575195/0.446289/0.354248/0.078125/1.5979/0.220215/0.123779/1.57275/1.19897/1.04907/1.51245/1.00659/1.29761/0/0/0/0/0/0/0/0/0/0/0/0/0/0/0/0/0/0/0/0/0/0/0/0/0/0/0/0/0/0/0/0/0/0/0/0/0/0/0/0/0/0/0/0/0/0/0/0/0/0/0/0/0/0/0/0/0/0/0/0/0/0/0/0/0/0/0/0/0/1.53589/1.61475/1.46631/1.14868/0/0/0/0/0/0/0/0/0/0/0/0/0/0/0/0/0/0/0/0/0/0/0/0/0/0/0/0/0/0/0/0/0/0/0/0/0/0/0/0/0/0/0/0/0/0/0/0/0/0/0/0/0/0/0/0/0/0/0/0/0/0/0/0/0/0/0/0/0/0/0/0/0/0/0/0/0/0/0/0/0/0/0/0/0/0/0/0/1.40942/0/0/0/0/0/0/0/0/0/0/0/0/0/0/0/0/0/0/0/0/0/0/0/0/0/0/0/0/0/0/0/0/0/0/0/0/0/0/0/0/0/0/0/0/0/0/0/0/0/0/0/0/0/0/0/0/0/0/0/0/0/0/0/0/0/0/0/0/0/0/0/0/0/0/0/0/0/0/0/0/0/0/0/0/0/0/0/0/0/0/0,383.482/748.737/738.504/251.891/473.006/271.428/152.16/248.886/502.862/4300.62/4159.37/5232.86/4674/4176.91/4404.56/4189.23/4674/4457.77/4293.97/4612.82/2762.99/8193.02/4887.89/0/0/0/0/0/0/0/0/0/0/0/0/0/0/0/0/0/0/0/0/0/0/0/0/0/0/0/0/0/0/0/0/0/0/0/0/0/0/0/0/0/0/0/0/0/0/0/0/0/0/0/0/0/0/0/0/0/0/0/0/0/0/0/0/0/0/0/0/0/6340.34/8061.3/6201.94/4465.08/0/0/0/0/0/0/0/0/0/0/0/0/0/0/0/0/0/0/0/0/0/0/0/0/0/0/0/0/0/0/0/0/0/0/0/0/0/0/0/0/0/0/0/0/0/0/0/0/0/0/0/0/0/0/0/0/0/0/0/0/0/0/0/0/0/0/0/0/0/0/0/0/0/0/0/0/0/0/0/0/0/0/0/0/0/0/0/0/4235.12/0/0/0/0/0/0/0/0/0/0/0/0/0/0/0/0/0/0/0/0/0/0/0/0/0/0/0/0/0/0/0/0/0/0/0/0/0/0/0/0/0/0/0/0/0/0/0/0/0/0/0/0/0/0/0/0/0/0/0/0/0/0/0/0/0/0/0/0/0/0/0/0/0/0/0/0/0/0/0/0/0/0/0/0/0/0/0/0/0/0/0,,,8093,1.8159786782070384e-11,3.161328125000001e-11,-1.825640429268703e-06,1.6005189731140606,2857,6.219632229603602e-12,75670,1.6757485637813728e-10,2.955859375000001e-10,1.5672354579296803e-06,4.26454185661028e-06,3.42504847137234e-06,4.115828941330889e-06,1,1,nan,0.32433044961221563,31,94/17/13/12/11/185/93/96/20/94/96/94/6/3/15/95/185/22/2/4/185/8/9/10/14/21/93/16/93/94/22,15,4459.6,1.0,,,3.54450684976058e-09,,,,,,,,,,,,,,1,84784,324,716511999.9054701,297867726.06250525,2.4054704058643654,1,-221416991.461573,-217724515.33618,-202089154.383666,91605345.639305,98093266.785263,124568000.301621,-192799912.080813,130640410.643263,43554,188750262.894555,195431399.435649,382469877.819182,473392878.931994,-123274604.111014,-128754526.885716,1.4365,1.6216,0.2231,0.2835,0.0223,0.2121,2.0684,0.3407,0.0093,0.7562,0.7626,0.7376,2289,6099,34253,,,
2080,0.000224062651,13013.21,2.74672076250056e-08,1.0302246093750005e-16,2.197753906250001e-17,276,29,19,17,94/17/13/12/11/20/7/6/3/1/2/4/5/8/9/10/14/20/16,0,181,5,0.13623/0.469238/0.437744/0.334229/0.176758/0.329834/0.0544434/0.3125/0.244873/0.350098/0.558594/0.445313/0.355469/0.0766602/1.62183/0.224609/0.124512/1.59058/1.20825/1.05811/1.52661/1.0127/1.26904/0/0/0/0/0/0/0/0/0/0/0/0/0/0/0/0/0/0/0/0/0/0/0/0/0/0/0/0/0/0/0/0/0/0/0/0/0/0/0/0/0/0/0/0/0/0/0/0/0/0/0/0/0/0/0/0/0/0/0/0/0/0/0/0/0/0/0/0/0/1.54932/1.63428/1.4873/1.16357/0.797119/0/0/0/0/0/0/0/0/0/0/0/0/0/0/0/0/0/0/0/0/0/0/0/0/0/0/0/0/0/0/0/0/0/0/0/0/0/0/0/0/0/0/0/0/0/0/0/0/0/0/0/0/0/0/0/0/0/0/0/0/0/0/0/0/0/0/0/0/0/0/0/0/0/0/0/0/0/0/0/0/0/0/0/0/0/0/0/1.42773/0/0/0/0/0/0/0/0/0/0/0/0/0/0/0/0/0/0/0/0/0/0/0/0/0/0/0/0/0/0/0/0/0/0/0/0/0/0/0/0/0/0/0/0/0/0/0/0/0/0/0/0/0/0/0/0/0/0/0/0/0/0/0/0/0/0/0/0/0/0/0/0/0/0/0/0/0/0/0/0/0/0/0/0/0/0/0/0/0/0/0,383.482/758.241/738.504/251.891/473.006/271.428/152.16/248.886/502.862/491.975/4159.37/5232.86/4674/4176.9/4404.56/4189.23/4674/4457.77/4293.97/4612.82/2762.99/8193.02/4887.89/0/0/0/0/0/0/0/0/0/0/0/0/0/0/0/0/0/0/0/0/0/0/0/0/0/0/0/0/0/0/0/0/0/0/0/0/0/0/0/0/0/0/0/0/0/0/0/0/0/0/0/0/0/0/0/0/0/0/0/0/0/0/0/0/0/0/0/0/0/6367.99/8061.3/6229.59/4465.08/5152/0/0/0/0/0/0/0/0/0/0/0/0/0/0/0/0/0/0/0/0/0/0/0/0/0/0/0/0/0/0/0/0/0/0/0/0/0/0/0/0/0/0/0/0/0/0/0/0/0/0/0/0/0/0/0/0/0/0/0/0/0/0/0/0/0/0/0/0/0/0/0/0/0/0/0/0/0/0/0/0/0/0/0/0/0/0/0/4235.12/0/0/0/0/0/0/0/0/0/0/0/0/0/0/0/0/0/0/0/0/0/0/0/0/0/0/0/0/0/0/0/0/0/0/0/0/0/0/0/0/0/0/0/0/0/0/0/0/0/0/0/0/0/0/0/0/0/0/0/0/0/0/0/0/0/0/0/0/0/0/0/0/0/0/0/0/0/0/0/0/0/0/0/0/0/0/0/0/0/0/0,,,8017,1.7980959609478663e-11,3.131640625000001e-11,-1.8323568868656591e-06,1.493055651562762,3287,7.163256554382616e-12,78868,1.7452625512177412e-10,3.080781250000001e-10,1.5666944605584774e-06,4.235115049953865e-06,3.933281470350171e-06,4.084046757576796e-06,1,1,nan,0.38803198689651347,32,94/17/13/12/11/185/93/96/20/96/94/96/94/6/3/15/95/185/22/2/4/185/8/9/10/14/21/93/16/93/94/22,16,4480.3,1.0,,,3.617833660023188e-09,,,,,,,,,,,,,,1,88504,324,882943745.5794945,309444354.21093357,2.8533199380255407,1,-220585251.388301,-216023022.738141,-202872798.218048,98279566.705777,109431164.214979,133337356.675291,-193371791.35914,139397505.911297,44954,198899809.9272,204812336.946496,493790780.422904,486810185.935262,-118916345.607775,-127359059.647823,1.4708,1.7051,0.2393,0.3098,0.0273,0.233,2.1381,0.349,0.0094,0.754,0.7699,0.752,2431,6780,35814,,,
2100,0.000224062651,13127.2,2.74672076250056e-08,1.0277856445312505e-16,2.222143554687501e-17,276,29,19,17,94/17/13/12/11/20/7/6/3/1/2/4/5/8/9/10/14/20/16,0,180,5,0.136475/0.476318/0.441406/0.334717/0.17627/0.331055/0.0541992/0.312744/0.244873/0.350098/0.560059/0.446045/0.355225/0.0793457/1.64014/0.229736/0.124756/1.60767/1.21924/1.0686/1.5459/1.01733/1.28198/0/0/0/0/0/0/0/0/0/0/0/0/0/0/0/0/0/0/0/0/0/0/0/0/0/0/0/0/0/0/0/0/0/0/0/0/0/0/0/0/0/0/0/0/0/0/0/0/0/0/0/0/0/0/0/0/0/0/0/0/0/0/0/0/0/0/0/0/0/1.56689/1.65479/1.50586/1.17651/0.837891/0/0/0/0/0/0/0/0/0/0/0/0/0/0/0/0/0/0/0/0/0/0/0/0/0/0/0/0/0/0/0/0/0/0/0/0/0/0/0/0/0/0/0/0/0/0/0/0/0/0/0/0/0/0/0/0/0/0/0/0/0/0/0/0/0/0/0/0/0/0/0/0/0/0/0/0/0/0/0/0/0/0/0/0/0/0/0/1.44531/0/0/0/0/0/0/0/0/0/0/0/0/0/0/0/0/0/0/0/0/0/0/0/0/0/0/0/0/0/0/0/0/0/0/0/0/0/0/0/0/0/0/0/0/0/0/0/0/0/0/0/0/0/0/0/0/0/0/0/0/0/0/0/0/0/0/0/0/0/0/0/0/0/0/0/0/0/0/0/0/0/0/0/0/0/0/0/0/0/0/0,383.482/758.241/738.504/3078.16/473.006/433.026/152.16/248.886/502.862/491.975/4159.37/5232.86/4674/4176.9/4404.56/4189.23/4674/4457.77/4321.6/4612.82/2784.09/8193.02/4887.89/0/0/0/0/0/0/0/0/0/0/0/0/0/0/0/0/0/0/0/0/0/0/0/0/0/0/0/0/0/0/0/0/0/0/0/0/0/0/0/0/0/0/0/0/0/0/0/0/0/0/0/0/0/0/0/0/0/0/0/0/0/0/0/0/0/0/0/0/0/6367.99/8061.3/6229.59/4465.08/5152/0/0/0/0/0/0/0/0/0/0/0/0/0/0/0/0/0/0/0/0/0/0/0/0/0/0/0/0/0/0/0/0/0/0/0/0/0/0/0/0/0/0/0/0/0/0/0/0/0/0/0/0/0/0/0/0/0/0/0/0/0/0/0/0/0/0/0/0/0/0/0/0/0/0/0/0/0/0/0/0/0/0/0/0/0/0/0/4235.12/0/0/0/0/0/0/0/0/0/0/0/0/0/0/0/0/0/0/0/0/0/0/0/0/0/0/0/0/0/0/0/0/0/0/0/0/0/0/0/0/0/0/0/0/0/0/0/0/0/0/0/0/0/0/0/0/0/0/0/0/0/0/0/0/0/0/0/0/0/0/0/0/0/0/0/0/0/0/0/0/0/0/0/0/0/0/0/0/0/0/0,1-2:0.379303/1-3:0.378894/2-4:1.4147/2-17:0.138576/3-6:1.48106/3-15:0.0527583/3-17:0.00304708/3-22:0.00345662/4-5:1.12372/4-13:0.026105/4-17:0.228358/5-8:0.7964/5-13:0.0862764/5-17:0.00172837/6-7:1.16675/6-22:0.00609416/8-9:1.39114/8-11:0.0213296/8-12:0.183742/8-13:0.00691323/9-10:0.979184/9-11:0.114429/9-12:0.00691323/10-11:0.473312/10-14:1.01444/10-21:0.00518473/11-12:2.06643/11-23:0.00172837/12-13:1.5732/13-17:1.25875/14-20:0.00518473/15-22:0.153/16-20:0.00691349/16-23:0.0103695/17-18:0.00477532/18-21:0.00864135/18-22:0.442309/19-23:0.512571/20-21:0.451447/93-96:0.00864173,1-2:-28.489/1-3:-33.896/2-4:-24.561/2-17:-24.412/3-6:-37.872/3-15:-36.742/3-17:-34.117/3-22:-38.135/4-5:-20.543/4-13:-20.337/4-17:-22.523/5-8:-16.595/5-13:-18.661/5-17:-19.739/6-7:-41.816/6-22:-38.473/8-9:-12.612/8-11:-12.45/8-12:-13.943/8-13:-15.472/9-10:-8.6431/9-11:-10.216/9-12:-11.257/10-11:-6.7779/10-14:-4.6644/10-21:-1.0195/11-12:-55.112/11-23:-71.818/12-13:-57.033/13-17:-59.024/14-20:-1.4862/15-22:-32.562/16-20:3.3059/16-23:2.2825/17-18:-25.849/18-21:0.29833/18-22:-31.313/19-23:-0.64185/20-21:-0.11408/93-96:-3.6684,8024,1.7987782369784934e-11,3.134375000000001e-11,-1.8310247360211734e-06,1.514370065074534,3354,7.318617032896639e-12,79618,1.762075772458805e-10,3.110078125000001e-10,1.5668357365473794e-06,4.235115049953865e-06,3.933281470350171e-06,4.1476111250849815e-06,1,1,nan,0.31379985970378266,32,94/17/13/12/11/185/93/96/20/96/94/96/94/6/3/15/95/185/22/2/4/185/8/9/10/14/21/93/16/93/94/22,16,4479.3,1.0,,,3.6392846721663184e-09,15,23/1/1/1/1/2/1/1/1/1/1/1,1/5/5/9/5/5/5/1/1/1/1/1,3,3,0.63156/0/0/0/0.303398/0/0/0/0.0650414/0/0/0,0.523384,23/1/1/1/1/2/1/1/1/1/1/1,8193/6546/5360/4158/6362/3981/3964/2414/403/298/293/348,8401/8164/4866/4130/6313/4075/4075/2589/681/775/517/423,6983/6938/6983/1282/4817/4464/4022/3624/619/398/398/265,21/1/1/1/1/2/1/1/1/1/1/1,30/5/4/2/5/5/3/3/1/1/1/1,1,89484,326,714032947.9153751,309132950.2508429,2.309792428584465,2,-222503727.726001,-214713741.92891,-202247856.111248,100046750.868252,112029531.303294,134110269.130477,-193203340.24667,139423019.323282,45556,196344128.266594,206106636.067983,486364815.616693,460576792.158954,-121311630.976557,-127268283.073142,1.4536,1.7025,0.2415,0.3084,0.0257,0.2282,2.1304,0.3514,0.0094,0.7605,0.7759,0.7537,2501,6858,36050,2101.4,707.1,403.1
2120,0.000224062651,13330.59,2.74672076250056e-08,1.0255468750000004e-16,2.244531250000001e-17,276,29,19,17,94/17/13/12/11/20/7/6/3/1/2/4/5/8/9/10/14/20/16,0,179,5,0.136475/0.483887/0.443848/0.334717/0.17627/0.331543/0.0541992/0.312744/0.244873/0.350586/0.5625/0.44751/0.355225/0.0805664/1.66504/0.234619/0.124756/1.62476/1.229/1.0813/1.56372/1.02271/1.2937/0/0/0/0/0/0/0/0/0/0/0/0/0/0/0/0/0/0/0/0/0/0/0/0/0/0/0/0/0/0/0/0/0/0/0/0/0/0/0/0/0/0/0/0/0/0/0/0/0/0/0/0/0/0/0/0/0/0/0/0/0/0/0/0/0/0/0/0/0/1.58154/1.67358/1.51953/1.18799/0.867432/0/0/0/0/0/0/0/0/0/0/0/0/0/0/0/0/0/0/0/0/0/0/0/0/0/0/0/0/0/0/0/0/0/0/0/0/0/0/0/0/0/0/0/0/0/0/0/0/0/0/0/0/0/0/0/0/0/0/0/0/0/0/0/0/0/0/0/0/0/0/0/0/0/0/0/0/0/0/0/0/0/0/0/0/0/0/0/1.46069/0/0/0/0/0/0/0/0/0/0/0/0/0/0/0/0/0/0/0/0/0/0/0/0/0/0/0/0/0/0/0/0/0/0/0/0/0/0/0/0/0/0/0/0/0/0/0/0/0/0/0/0/0/0/0/0/0/0/0/0/0/0/0/0/0/0/0/0/0/0/0/0/0/0/0/0/0/0/0/0/0/0/0/0/0/0/0/0/0/0/0,383.482/785.895/738.504/3078.16/473.006/433.026/152.16/248.886/502.862/491.975/4159.37/5232.86/4674/4176.9/4404.56/4189.23/4674/4457.77/4321.6/4612.82/2784.09/8220.67/4887.89/0/0/0/0/0/0/0/0/0/0/0/0/0/0/0/0/0/0/0/0/0/0/0/0/0/0/0/0/0/0/0/0/0/0/0/0/0/0/0/0/0/0/0/0/0/0/0/0/0/0/0/0/0/0/0/0/0/0/0/0/0/0/0/0/0/0/0/0/0/6367.99/8033.65/6229.59/4443.98/5158.55/0/0/0/0/0/0/0/0/0/0/0/0/0/0/0/0/0/0/0/0/0/0/0/0/0/0/0/0/0/0/0/0/0/0/0/0/0/0/0/0/0/0/0/0/0/0/0/0/0/0/0/0/0/0/0/0/0/0/0/0/0/0/0/0/0/0/0/0/0/0/0/0/0/0/0/0/0/0/0/0/0/0/0/0/0/0/0/4241.67/0/0/0/0/0/0/0/0/0/0/0/0/0/0/0/0/0/0/0/0/0/0/0/0/0/0/0/0/0/0/0/0/0/0/0/0/0/0/0/0/0/0/0/0/0/0/0/0/0/0/0/0/0/0/0/0/0/0/0/0/0/0/0/0/0/0/0/0/0/0/0/0/0/0/0/0/0/0/0/0/0/0/0/0/0/0/0/0/0/0/0,,,8042,1.8021529336353312e-11,3.1414062500000013e-11,-1.8303822160855304e-06,1.5246503840448218,3418,7.46615370309379e-12,80424,1.779408453188725e-10,3.1415625000000013e-10,1.5678826269173995e-06,4.241665621084013e-06,3.933281470350171e-06,4.159712855350697e-06,1,1,nan,0.3123333023755402,31,22/94/17/13/12/11/185/93/96/20/96/94/6/3/15/95/185/22/2/4/185/8/9/10/14/21/93/16/93/94/22,14,4477.4,1.0,,,3.661556887554775e-09,,,,,,,,,,,,,,1,90328,331,710695883.7963524,308342225.1283022,2.304893154029194,1,-222882616.348771,-213775452.738786,-201811950.752057,99509210.553017,113200978.041479,134703157.612211,-193380303.303821,139137831.451616,46213,198821857.555893,207795985.307053,463872867.971587,471916395.61311,-122036516.643199,-125810500.503842,1.4854,1.692,0.246,0.3028,0.0255,0.2288,2.121,0.3529,0.0094,0.7628,0.7786,0.7549,2559,6882,36240,,,
2140,0.000224062651,13455.82,2.74672076250056e-08,1.0235351562500005e-16,2.264648437500001e-17,276,29,19,17,94/17/13/12/11/20/7/6/3/1/2/4/5/8/9/10/14/20/16,0,178,5,0.13623/0.489746/0.44751/0.334961/0.176514/0.331787/0.0541992/0.312744/0.245117/0.35083/0.564697/0.448486/0.355713/0.081543/1.68188/0.239502/0.125/1.64185/1.24097/1.09033/1.58008/1.02637/1.30835/0/0/0/0/0/0/0/0/0/0/0/0/0/0/0/0/0/0/0/0/0/0/0/0/0/0/0/0/0/0/0/0/0/0/0/0/0/0/0/0/0/0/0/0/0/0/0/0/0/0/0/0/0/0/0/0/0/0/0/0/0/0/0/0/0/0/0/0/0/1.59741/1.69165/1.53394/1.19873/0.884277/0/0/0/0/0/0/0/0/0/0/0/0/0/0/0/0/0/0/0/0/0/0/0/0/0/0/0/0/0/0/0/0/0/0/0/0/0/0/0/0/0/0/0/0/0/0/0/0/0/0/0/0/0/0/0/0/0/0/0/0/0/0/0/0/0/0/0/0/0/0/0/0/0/0/0/0/0/0/0/0/0/0/0/0/0/0/0/1.47607/0/0/0/0/0/0/0/0/0/0/0/0/0/0/0/0/0/0/0/0/0/0/0/0/0/0/0/0/0/0/0/0/0/0/0/0/0/0/0/0/0/0/0/0/0/0/0/0/0/0/0/0/0/0/0/0/0/0/0/0/0/0/0/0/0/0/0/0/0/0/0/0/0/0/0/0/0/0/0/0/0/0/0/0/0/0/0/0/0/0/0,383.482/834.648/738.504/3078.16/479.557/433.026/152.16/248.886/502.862/491.975/4159.37/5232.86/4674/4176.9/4404.56/4189.23/4674/4457.77/4321.6/4612.82/2784.09/8220.67/4894.44/0/0/0/0/0/0/0/0/0/0/0/0/0/0/0/0/0/0/0/0/0/0/0/0/0/0/0/0/0/0/0/0/0/0/0/0/0/0/0/0/0/0/0/0/0/0/0/0/0/0/0/0/0/0/0/0/0/0/0/0/0/0/0/0/0/0/0/0/0/6367.99/8033.65/6229.59/4492.74/5158.55/0/0/0/0/0/0/0/0/0/0/0/0/0/0/0/0/0/0/0/0/0/0/0/0/0/0/0/0/0/0/0/0/0/0/0/0/0/0/0/0/0/0/0/0/0/0/0/0/0/0/0/0/0/0/0/0/0/0/0/0/0/0/0/0/0/0/0/0/0/0/0/0/0/0/0/0/0/0/0/0/0/0/0/0/0/0/0/4241.67/0/0/0/0/0/0/0/0/0/0/0/0/0/0/0/0/0/0/0/0/0/0/0/0/0/0/0/0/0/0/0/0/0/0/0/0/0/0/0/0/0/0/0/0/0/0/0/0/0/0/0/0/0/0/0/0/0/0/0/0/0/0/0/0/0/0/0/0/0/0/0/0/0/0/0/0/0/0/0/0/0/0/0/0/0/0/0/0/0/0/0,,,8053,1.8041859372861174e-11,3.145703125000001e-11,-1.8312961135618246e-06,1.5100280244241142,3443,7.510680187543841e-12,81170,1.7955458119813673e-10,3.170703125000001e-10,1.5676078673337093e-06,4.241665621084013e-06,3.933281470350171e-06,4.159712855350697e-06,1,1,nan,0.3499082395586858,32,22/94/17/13/12/11/185/93/96/20/96/94/6/3/15/95/185/22/2/185/4/185/8/9/10/14/21/93/16/93/94/22,13,4475.9,1.0,,,3.6840262862202846e-09,,,,,,,,,,,,,,1,91080,336,796195422.228087,307464583.6866733,2.5895516572388795,1,-220454704.411798,-213666972.447407,-201251857.143706,100836767.186193,113521578.965132,135340710.103056,-193844728.967145,138891487.145879,46662,199262950.643476,208201721.008493,442112606.284745,408691980.463396,-120089233.804997,-124877081.633713,1.5092,1.6817,0.2483,0.3,0.025,0.2275,2.1191,0.3538,0.0095,0.7687,0.7778,0.7565,2642,6907,36504,,,
2160,0.000224062651,13586.42,2.74672076250056e-08,1.0212548828125004e-16,2.287451171875001e-17,276,29,19,17,94/17/13/12/11/20/7/6/3/1/2/4/5/8/9/10/14/20/16,0,177,5,0.136475/0.495117/0.449951/0.334717/0.176514/0.332031/0.0541992/0.313232/0.245361/0.352051/0.56665/0.449707/0.355957/0.0825195/1.70239/0.242188/0.125488/1.65771/1.25513/1.10132/1.59644/1.03101/1.32349/0/0/0/0/0/0/0/0/0/0/0/0/0/0/0/0/0/0/0/0/0/0/0/0/0/0/0/0/0/0/0/0/0/0/0/0/0/0/0/0/0/0/0/0/0/0/0/0/0/0/0/0/0/0/0/0/0/0/0/0/0/0/0/0/0/0/0/0/0/1.61157/1.71045/1.55249/1.21167/0.911865/0/0/0/0/0/0/0/0/0/0/0/0/0/0/0/0/0/0/0/0/0/0/0/0/0/0/0/0/0/0/0/0/0/0/0/0/0/0/0/0/0/0/0/0/0/0/0/0/0/0/0/0/0/0/0/0/0/0/0/0/0/0/0/0/0/0/0/0/0/0/0/0/0/0/0/0/0/0/0/0/0/0/0/0/0/0/0/1.49683/0/0/0/0/0/0/0/0/0/0/0/0/0/0/0/0/0/0/0/0/0/0/0/0/0/0/0/0/0/0/0/0/0/0/0/0/0/0/0/0/0/0/0/0/0/0/0/0/0/0/0/0/0/0/0/0/0/0/0/0/0/0/0/0/0/0/0/0/0/0/0/0/0/0/0/0/0/0/0/0/0/0/0/0/0/0/0/0/0/0/0,383.482/834.648/738.504/3078.16/479.557/433.026/152.16/248.886/502.862/491.975/4185.58/5232.86/4674/4176.9/4404.56/4189.23/4674/4506.52/4321.6/4612.82/2811.74/8220.67/4894.44/0/0/0/0/0/0/0/0/0/0/0/0/0/0/0/0/0/0/0/0/0/0/0/0/0/0/0/0/0/0/0/0/0/0/0/0/0/0/0/0/0/0/0/0/0/0/0/0/0/0/0/0/0/0/0/0/0/0/0/0/0/0/0/0/0/0/0/0/0/6367.99/8033.65/6229.59/4492.74/5158.55/0/0/0/0/0/0/0/0/0/0/0/0/0/0/0/0/0/0/0/0/0/0/0/0/0/0/0/0/0/0/0/0/0/0/0/0/0/0/0/0/0/0/0/0/0/0/0/0/0/0/0/0/0/0/0/0/0/0/0/0/0/0/0/0/0/0/0/0/0/0/0/0/0/0/0/0/0/0/0/0/0/0/0/0/0/0/0/4241.67/0/0/0/0/0/0/0/0/0/0/0/0/0/0/0/0/0/0/0/0/0/0/0/0/0/0/0/0/0/0/0/0/0/0/0/0/0/0/0/0/0/0/0/0/0/0/0/0/0/0/0/0/0/0/0/0/0/0/0/0/0/0/0/0/0/0/0/0/0/0/0/0/0/0/0/0/0/0/0/0/0/0/0/0/0/0/0/0/0/0/0,,,8071,1.808351870382749e-11,3.152734375000001e-11,-1.826630974341118e-06,1.584670251955418,3483,7.595638026596163e-12,81876,1.8106489914315682e-10,3.1982812500000015e-10,1.5679441953130788e-06,4.241665621084013e-06,3.933281470350171e-06,4.159712855350697e-06,1,1,nan,0.34972404624443465,32,22/94/17/13/12/11/185/93/96/20/96/94/6/3/15/95/185/22/2/185/4/185/8/9/10/14/21/93/16/93/94/22,13,4475.2,1.0,,,3.7063760470644023e-09,,,,,,,,,,,,,,1,91957,336,795776301.2785583,308233185.2341603,2.5817346716707954,1,-220832349.629557,-213632743.813237,-200810626.026166,100293779.081814,112393915.460625,135832594.006706,-193865407.526909,138898716.249388,47381,198931621.565932,208616479.235801,437977153.556785,453767633.8207,-119275236.836025,-125362724.007354,1.485,1.6722,0.2453,0.2993,0.0253,0.2288,2.1163,0.3513,0.0095,0.7641,0.7781,0.758,2649,6886,36740,,,
2180,0.000234246553,13726.84,2.6690323071058325e-08,1.0189624023437505e-16,2.3103759765625012e-17,276,29,19,17,94/17/13/12/11/20/7/6/3/1/2/4/5/8/9/10/14/20/16,0,175,5,0.136719/0.501953/0.453369/0.335205/0.176758/0.333252/0.0541992/0.313232/0.24585/0.353516/0.568359/0.450928/0.356689/0.0849609/1.72559/0.247559/0.125732/1.67407/1.26831/1.10962/1.61304/1.03467/1.33545/0/0/0/0/0/0/0/0/0/0/0/0/0/0/0/0/0/0/0/0/0/0/0/0/0/0/0/0/0/0/0/0/0/0/0/0/0/0/0/0/0/0/0/0/0/0/0/0/0/0/0/0/0/0/0/0/0/0/0/0/0/0/0/0/0/0/0/0/0/1.62793/1.72998/1.56787/1.22339/0.937256/0/0/0/0/0/0/0/0/0/0/0/0/0/0/0/0/0/0/0/0/0/0/0/0/0/0/0/0/0/0/0/0/0/0/0/0/0/0/0/0/0/0/0/0/0/0/0/0/0/0/0/0/0/0/0/0/0/0/0/0/0/0/0/0/0/0/0/0/0/0/0/0/0/0/0/0/0/0/0/0/0/0/0/0/0/0/0/1.51831/0/0/0/0/0/0/0/0/0/0/0/0/0/0/0/0/0/0/0/0/0/0/0/0/0/0/0/0/0/0/0/0/0/0/0/0/0/0/0/0/0/0/0/0/0/0/0/0/0/0/0/0/0/0/0/0/0/0/0/0/0/0/0/0/0/0/0/0/0/0/0/0/0/0/0/0/0/0/0/0/0/0/0/0/0/0/0/0/0/0/0,383.482/834.65/738.504/3078.16/479.557/433.026/152.16/248.886/502.862/491.977/4185.58/5232.86/4674/4176.9/4404.56/4189.23/4674/4756.84/4321.6/4612.82/2811.74/8220.67/4894.44/0/0/0/0/0/0/0/0/0/0/0/0/0/0/0/0/0/0/0/0/0/0/0/0/0/0/0/0/0/0/0/0/0/0/0/0/0/0/0/0/0/0/0/0/0/0/0/0/0/0/0/0/0/0/0/0/0/0/0/0/0/0/0/0/0/0/0/0/0/6367.99/8033.65/6229.59/4492.74/5186.21/0/0/0/0/0/0/0/0/0/0/0/0/0/0/0/0/0/0/0/0/0/0/0/0/0/0/0/0/0/0/0/0/0/0/0/0/0/0/0/0/0/0/0/0/0/0/0/0/0/0/0/0/0/0/0/0/0/0/0/0/0/0/0/0/0/0/0/0/0/0/0/0/0/0/0/0/0/0/0/0/0/0/0/0/0/0/0/4241.67/0/0/0/0/0/0/0/0/0/0/0/0/0/0/0/0/0/0/0/0/0/0/0/0/0/0/0/0/0/0/0/0/0/0/0/0/0/0/0/0/0/0/0/0/0/0/0/0/0/0/0/0/0/0/0/0/0/0/0/0/0/0/0/0/0/0/0/0/0/0/0/0/0/0/0/0/0/0/0/0/0/0/0/0/0/0/0/0/0/0/0,,,8093,1.813341074236059e-11,3.161328125000001e-11,-1.8236658731911872e-06,1.632111870354313,3510,7.655491017342524e-12,82708,1.8285364841272123e-10,3.230781250000001e-10,1.5678313010074967e-06,4.241665621084013e-06,3.933281470350171e-06,4.159712855350697e-06,1,1,nan,0.3589151879044429,32,22/94/17/13/12/11/185/93/96/20/96/94/6/3/15/95/185/22/2/185/4/185/8/9/10/14/21/93/16/93/94/22,13,4473.8,1.0,,,3.729402631293871e-09,,,,,,,,,,,,,,1,92811,341,840461885.1673646,317305477.19435465,2.6487468561803875,1,-219197983.099689,-214337637.754028,-200276264.476728,110684986.238128,120604139.637175,146361260.067832,-194192940.327803,148587225.95902,48027,209970496.532895,217089062.317599,501690996.747002,515307253.473055,-118797041.810085,-126841250.034806,1.5545,1.7323,0.2521,0.304,0.0248,0.2359,2.1961,0.3596,0.0098,0.7638,0.7759,0.7596,2709,6876,36979,,,
2200,0.000234246553,13887.59,2.6690323071058325e-08,1.0166650390625005e-16,2.333349609375001e-17,276,29,19,17,94/17/13/12/11/20/7/6/3/1/2/4/5/8/9/10/14/20/16,0,173,5,0.136963/0.507324/0.455566/0.334717/0.176758/0.334717/0.0541992/0.313232/0.246094/0.355713/0.571289/0.45166/0.358398/0.0866699/1.74951/0.25293/0.125488/1.69336/1.28271/1.12036/1.62622/1.04102/1.34619/0/0/0/0/0/0/0/0/0/0/0/0/0/0/0/0/0/0/0/0/0/0/0/0/0/0/0/0/0/0/0/0/0/0/0/0/0/0/0/0/0/0/0/0/0/0/0/0/0/0/0/0/0/0/0/0/0/0/0/0/0/0/0/0/0/0/0/0/0/1.64185/1.74854/1.58569/1.23413/0.959717/0/0/0/0/0/0/0/0/0/0/0/0/0/0/0/0/0/0/0/0/0/0/0/0/0/0/0/0/0/0/0/0/0/0/0/0/0/0/0/0/0/0/0/0/0/0/0/0/0/0/0/0/0/0/0/0/0/0/0/0/0/0/0/0/0/0/0/0/0/0/0/0/0/0/0/0/0/0/0/0/0/0/0/0/0/0/0/1.54248/0/0/0/0/0/0/0/0/0/0/0/0/0/0/0/0/0/0/0/0/0/0/0/0/0/0/0/0/0/0/0/0/0/0/0/0/0/0/0/0/0/0/0/0/0/0/0/0/0/0/0/0/0/0/0/0/0/0/0/0/0/0/0/0/0/0/0/0/0/0/0/0/0/0/0/0/0/0/0/0/0/0/0/0/0/0/0/0/0/0/0,383.482/862.302/738.504/3078.16/479.557/433.026/152.16/248.886/502.862/491.977/4185.58/5232.86/4674/4176.9/4404.56/4189.23/4674/4756.84/4321.6/4612.82/2811.74/8220.67/4894.44/0/0/0/0/0/0/0/0/0/0/0/0/0/0/0/0/0/0/0/0/0/0/0/0/0/0/0/0/0/0/0/0/0/0/0/0/0/0/0/0/0/0/0/0/0/0/0/0/0/0/0/0/0/0/0/0/0/0/0/0/0/0/0/0/0/0/0/0/0/6395.64/8033.65/6229.59/4492.74/5186.21/0/0/0/0/0/0/0/0/0/0/0/0/0/0/0/0/0/0/0/0/0/0/0/0/0/0/0/0/0/0/0/0/0/0/0/0/0/0/0/0/0/0/0/0/0/0/0/0/0/0/0/0/0/0/0/0/0/0/0/0/0/0/0/0/0/0/0/0/0/0/0/0/0/0/0/0/0/0/0/0/0/0/0/0/0/0/0/4241.67/0/0/0/0/0/0/0/0/0/0/0/0/0/0/0/0/0/0/0/0/0/0/0/0/0/0/0/0/0/0/0/0/0/0/0/0/0/0/0/0/0/0/0/0/0/0/0/0/0/0/0/0/0/0/0/0/0/0/0/0/0/0/0/0/0/0/0/0/0/0/0/0/0/0/0/0/0/0/0/0/0/0/0/0/0/0/0/0/0/0/0,1-2:0.38235/1-3:0.378894/2-4:1.41948/2-15:0.00172824/2-17:0.138576/3-6:1.4897/3-15:0.0575336/3-17:0.00304708/3-22:0.00345662/4-5:1.12068/4-13:0.026105/4-17:0.228358/5-8:0.7964/5-13:0.0862764/5-17:0.00172837/6-7:1.17153/6-22:0.00609416/8-9:1.39114/8-11:0.0213296/8-12:0.183742/8-13:0.00691323/9-10:0.976136/9-11:0.114429/9-12:0.00691323/10-11:0.471584/10-14:1.01271/10-21:0.012098/11-12:2.06684/12-13:1.57147/13-17:1.2618/14-20:0.015145/14-23:0.00172837/15-22:0.182471/16-20:0.0303811/16-23:0.0229672/17-18:0.00477532/18-21:0.0186017/18-22:0.479603/19-23:0.54418/20-21:0.477871/93-96:0.0103701,1-2:-28.492/1-3:-33.896/2-4:-24.559/2-15:-26.211/2-17:-24.412/3-6:-37.879/3-15:-36.899/3-17:-34.117/3-22:-38.135/4-5:-20.543/4-13:-20.337/4-17:-22.523/5-8:-16.595/5-13:-18.661/5-17:-19.739/6-7:-41.815/6-22:-38.473/8-9:-12.612/8-11:-12.45/8-12:-13.943/8-13:-15.472/9-10:-8.6394/9-11:-10.216/9-12:-11.257/10-11:-6.7779/10-14:-4.6603/10-21:-1.297/11-12:-55.29/12-13:-56.975/13-17:-59.517/14-20:-11.596/14-23:-0.81854/15-22:-32.241/16-20:3.2465/16-23:2.494/17-18:-25.849/18-21:-3.712/18-22:-31.656/19-23:-0.62243/20-21:-0.17728/93-96:-3.8413,8123,1.8197129121649824e-11,3.173046875000001e-11,-1.8220266622379055e-06,1.6583392456068191,3572,7.783746469450844e-12,83426,1.8444009273931466e-10,3.2588281250000014e-10,1.566248770396543e-06,4.241665621084013e-06,3.933281470350171e-06,4.159712855350697e-06,1,1,nan,0.37065547588321046,32,22/94/17/13/12/11/185/93/96/20/96/94/6/3/15/95/185/22/2/185/4/185/8/9/10/14/21/93/16/93/94/22,13,4472.2,1.0,,,3.7525367334618e-09,16,23/1/1/1/1/2/1/1/2/1/1/1,1/5/5/9/5/5/5/1/1/1/1/1,3,3,0.626614/0/0/0/0.30728/0/0/0/0.0661058/0/0/0,0.518354,23/1/1/1/1/2/1/1/2/1/1/1,8221/6546/5376/4184/6362/3981/4033/2414/2561/298/333/348,8401/8164/4866/4157/6313/4075/4075/2589/2485/926/517/485,6983/6938/6983/1414/4906/4419/4110/3668/3933/442/442/354,22/1/1/1/1/2/1/1/2/1/1/1,27/5/4/2/5/5/3/2/2/1/1/1,1,93722,346,867953796.6260399,316857027.32104397,2.739260050390541,1,-219315954.451099,-214708041.81932,-199870314.10773,112535304.594163,120213347.430588,146863503.743507,-194179334.512816,148368233.807779,48589,209069337.455399,215956968.261604,506667468.177,540324557.98349,-121412006.818936,-127016909.305922,1.593,1.7682,0.2536,0.3035,0.0247,0.2336,2.2063,0.3594,0.0098,0.7754,0.7778,0.7614,2810,6896,37227,2146.9,707.1,409.0
2220,0.000234246553,14116.71,2.6690323071058325e-08,1.0144116210937505e-16,2.355883789062501e-17,276,29,19,17,94/17/13/12/11/20/7/6/3/1/2/4/5/8/9/10/14/20/16,0,174,5,0.137695/0.512695/0.45874/0.334961/0.177002/0.335938/0.0541992/0.313232/0.246582/0.357422/0.574219/0.452881/0.359131/0.0864258/1.77173/0.257324/0.125488/1.71582/1.29688/1.13062/1.64209/1.04468/1.35645/0/0/0/0/0/0/0/0/0/0/0/0/0/0/0/0/0/0/0/0/0/0/0/0/0/0/0/0/0/0/0/0/0/0/0/0/0/0/0/0/0/0/0/0/0/0/0/0/0/0/0/0/0/0/0/0/0/0/0/0/0/0/0/0/0/0/0/0/0/1.65601/1.76831/1.60718/1.24731/0.976807/0/0/0/0/0/0/0/0/0/0/0/0/0/0/0/0/0/0/0/0/0/0/0/0/0/0/0/0/0/0/0/0/0/0/0/0/0/0/0/0/0/0/0/0/0/0/0/0/0/0/0/0/0/0/0/0/0/0/0/0/0/0/0/0/0/0/0/0/0/0/0/0/0/0/0/0/0/0/0/0/0/0/0/0/0/0/0/1.56104/0/0/0/0/0/0/0/0/0/0/0/0/0/0/0/0/0/0/0/0/0/0/0/0/0/0/0/0/0/0/0/0/0/0/0/0/0/0/0/0/0/0/0/0/0/0/0/0/0/0/0/0/0/0/0/0/0/0/0/0/0/0/0/0/0/0/0/0/0/0/0/0/0/0/0/0/0/0/0/0/0/0/0/0/0/0/0/0/0/0/0,383.482/862.302/738.504/3078.16/479.557/433.026/152.16/248.886/502.862/491.977/4185.58/5232.86/4674/4176.9/4404.56/4189.23/4674/4756.84/4321.6/4612.82/2811.74/8220.67/4900.99/0/0/0/0/0/0/0/0/0/0/0/0/0/0/0/0/0/0/0/0/0/0/0/0/0/0/0/0/0/0/0/0/0/0/0/0/0/0/0/0/0/0/0/0/0/0/0/0/0/0/0/0/0/0/0/0/0/0/0/0/0/0/0/0/0/0/0/0/0/6395.64/8033.65/6229.59/4492.74/5207.31/0/0/0/0/0/0/0/0/0/0/0/0/0/0/0/0/0/0/0/0/0/0/0/0/0/0/0/0/0/0/0/0/0/0/0/0/0/0/0/0/0/0/0/0/0/0/0/0/0/0/0/0/0/0/0/0/0/0/0/0/0/0/0/0/0/0/0/0/0/0/0/0/0/0/0/0/0/0/0/0/0/0/0/0/0/0/0/4262.77/0/0/0/0/0/0/0/0/0/0/0/0/0/0/0/0/0/0/0/0/0/0/0/0/0/0/0/0/0/0/0/0/0/0/0/0/0/0/0/0/0/0/0/0/0/0/0/0/0/0/0/0/0/0/0/0/0/0/0/0/0/0/0/0/0/0/0/0/0/0/0/0/0/0/0/0/0/0/0/0/0/0/0/0/0/0/0/0/0/0/0,,,8119,1.8190216398786758e-11,3.171484375000001e-11,-1.8232523019942569e-06,1.6387290095051978,3605,7.848693080826986e-12,84168,1.8607329462051565e-10,3.287812500000001e-10,1.5666957239932688e-06,4.262766964297572e-06,3.933281470350171e-06,4.159712855350697e-06,1,1,nan,0.3737808983353368,32,22/94/17/13/12/11/185/93/96/20/96/94/6/3/15/95/185/22/2/185/4/185/8/9/10/94/21/93/16/93/94/22,11,4470.4,1.0,,,3.775280089825593e-09,,,,,,,,,,,,,,1,94610,357,875272512.9539703,316459312.14679784,2.765829537504501,1,-219444885.645394,-214272286.950827,-199229019.779134,112826792.67114,119955355.565678,147639464.841665,-194637732.679884,147989654.294144,49246,207759981.660308,216388292.325506,510149498.096858,447738271.838037,-125188544.380652,-127682317.669538,1.626,1.7909,0.252,0.3044,0.0246,0.2329,2.2368,0.3586,0.0099,0.775,0.7796,0.7633,2800,6895,37497,,,
2240,0.000234246553,14243.94,2.6690323071058325e-08,1.0121582031250005e-16,2.378417968750001e-17,276,29,19,17,94/17/13/12/11/20/7/6/3/1/2/4/5/8/9/10/14/20/16,0,173,6,0.137939/0.518066/0.463623/0.334717/0.177002/0.337646/0.0539551/0.314209/0.24707/0.359619/0.578125/0.455078/0.360352/0.0874023/1.7937/0.262695/0.125732/1.73608/1.30713/1.14185/1.6604/1.04932/1.36621/0/0/0/0/0/0/0/0/0/0/0/0/0/0/0/0/0/0/0/0/0/0/0/0/0/0/0/0/0/0/0/0/0/0/0/0/0/0/0/0/0/0/0/0/0/0/0/0/0/0/0/0/0/0/0/0/0/0/0/0/0/0/0/0/0/0/0/0/0/1.6709/1.79443/1.62378/1.25537/0.993164/0/0/0/0/0/0/0/0/0/0/0/0/0/0/0/0/0/0/0/0/0/0/0/0/0/0/0/0/0/0/0/0/0/0/0/0/0/0/0/0/0/0/0/0/0/0/0/0/0/0/0/0/0/0/0/0/0/0/0/0/0/0/0/0/0/0/0/0/0/0/0/0/0/0/0/0/0/0/0/0/0/0/0/0/0/0/0/1.57861/0/0/0/0/0/0/0/0/0/0/0/0/0/0/0/0/0/0/0/0/0/0/0/0/0/0/0/0/0/0/0/0/0/0/0/0/0/0/0/0/0/0/0/0/0/0/0/0/0/0/0/0/0/0/0/0/0/0/0/0/0/0/0/0/0/0/0/0/0/0/0/0/0/0/0/0/0/0/0/0/0/0/0/0/0/0/0/0/0/0/0,383.482/862.302/738.504/3078.16/479.557/433.026/152.16/1329.38/530.514/491.977/4187.02/5232.86/4674/4176.9/4404.56/4189.23/4674/4756.84/4321.6/4612.82/2811.74/8220.67/4928.65/0/0/0/0/0/0/0/0/0/0/0/0/0/0/0/0/0/0/0/0/0/0/0/0/0/0/0/0/0/0/0/0/0/0/0/0/0/0/0/0/0/0/0/0/0/0/0/0/0/0/0/0/0/0/0/0/0/0/0/0/0/0/0/0/0/0/0/0/0/6395.64/8033.65/6229.59/4492.74/5207.31/0/0/0/0/0/0/0/0/0/0/0/0/0/0/0/0/0/0/0/0/0/0/0/0/0/0/0/0/0/0/0/0/0/0/0/0/0/0/0/0/0/0/0/0/0/0/0/0/0/0/0/0/0/0/0/0/0/0/0/0/0/0/0/0/0/0/0/0/0/0/0/0/0/0/0/0/0/0/0/0/0/0/0/0/0/0/0/4262.77/0/0/0/0/0/0/0/0/0/0/0/0/0/0/0/0/0/0/0/0/0/0/0/0/0/0/0/0/0/0/0/0/0/0/0/0/0/0/0/0/0/0/0/0/0/0/0/0/0/0/0/0/0/0/0/0/0/0/0/0/0/0/0/0/0/0/0/0/0/0/0/0/0/0/0/0/0/0/0/0/0/0/0/0/0/0/0/0/0/0/0,,,8128,1.8207089818140234e-11,3.175000000000001e-11,-1.8213306616137408e-06,1.669475255593455,3670,7.979495598973056e-12,84828,1.874909231822291e-10,3.3135937500000014e-10,1.5678290669647337e-06,4.262766964297572e-06,3.933281470350171e-06,4.159712855350697e-06,1,1,nan,0.36337029089629336,31,22/94/17/13/12/11/185/93/96/20/96/94/6/3/15/95/185/22/2/185/4/185/8/9/10/94/21/16/93/94/22,12,4468.4,1.0,,,3.797941969462999e-09,,,,,,,,,,,,,,1,95539,352,850894278.0705657,316467801.4828091,2.688723067824602,1,-219786726.727157,-215067056.305678,-198700300.51757,111194374.919601,119055029.878164,148056340.824372,-194986167.500503,147546317.787252,49913,209660305.488718,215763836.374409,513701419.944526,451774579.681815,-122116499.994151,-128334713.844271,1.6589,1.8045,0.2498,0.3039,0.024,0.2314,2.2458,0.3571,0.0099,0.7799,0.7776,0.7646,2872,6854,37739,,,
2260,0.000234246553,14370.13,2.6690323071058325e-08,1.0099536132812505e-16,2.400463867187501e-17,276,29,19,17,94/17/13/12/11/20/7/6/3/1/2/4/5/8/9/10/14/20/16,0,173,6,0.138184/0.523682/0.468262/0.334961/0.177246/0.338867/0.0539551/0.313965/0.246582/0.361572/0.581055/0.456543/0.362549/0.088623/1.81641/0.26709/0.125732/1.75269/1.31934/1.15332/1.67505/1.05176/1.3772/0/0/0/0/0/0/0/0/0/0/0/0/0/0/0/0/0/0/0/0/0/0/0/0/0/0/0/0/0/0/0/0/0/0/0/0/0/0/0/0/0/0/0/0/0/0/0/0/0/0/0/0/0/0/0/0/0/0/0/0/0/0/0/0/0/0/0/0/0/1.6875/1.81226/1.6416/1.26611/1.01123/0/0/0/0/0/0/0/0/0/0/0/0/0/0/0/0/0/0/0/0/0/0/0/0/0/0/0/0/0/0/0/0/0/0/0/0/0/0/0/0/0/0/0/0/0/0/0/0/0/0/0/0/0/0/0/0/0/0/0/0/0/0/0/0/0/0/0/0/0/0/0/0/0/0/0/0/0/0/0/0/0/0/0/0/0/0/0/1.60132/0/0/0/0/0/0/0/0/0/0/0/0/0/0/0/0/0/0/0/0/0/0/0/0/0/0/0/0/0/0/0/0/0/0/0/0/0/0/0/0/0/0/0/0/0/0/0/0/0/0/0/0/0/0/0/0/0/0/0/0/0/0/0/0/0/0/0/0/0/0/0/0/0/0/0/0/0/0/0/0/0/0/0/0/0/0/0/0/0/0/0,383.482/862.302/738.504/3078.16/479.557/433.026/152.16/1329.38/530.514/491.977/4187.02/5232.86/4674/4176.9/4432.22/4189.23/4674/4756.84/4321.6/4620.81/2811.74/8220.67/4928.65/0/0/0/0/0/0/0/0/0/0/0/0/0/0/0/0/0/0/0/0/0/0/0/0/0/0/0/0/0/0/0/0/0/0/0/0/0/0/0/0/0/0/0/0/0/0/0/0/0/0/0/0/0/0/0/0/0/0/0/0/0/0/0/0/0/0/0/0/0/6395.64/8033.65/6229.59/5582.1/5213.86/0/0/0/0/0/0/0/0/0/0/0/0/0/0/0/0/0/0/0/0/0/0/0/0/0/0/0/0/0/0/0/0/0/0/0/0/0/0/0/0/0/0/0/0/0/0/0/0/0/0/0/0/0/0/0/0/0/0/0/0/0/0/0/0/0/0/0/0/0/0/0/0/0/0/0/0/0/0/0/0/0/0/0/0/0/0/0/4262.77/0/0/0/0/0/0/0/0/0/0/0/0/0/0/0/0/0/0/0/0/0/0/0/0/0/0/0/0/0/0/0/0/0/0/0/0/0/0/0/0/0/0/0/0/0/0/0/0/0/0/0/0/0/0/0/0/0/0/0/0/0/0/0/0/0/0/0/0/0/0/0/0/0/0/0/0/0/0/0/0/0/0/0/0/0/0/0/0/0/0/0,,,8157,1.8262485399444464e-11,3.186328125000001e-11,-1.819829265405163e-06,1.6934975949306987,3713,8.076231830273339e-12,85524,1.8902087861544514e-10,3.340781250000001e-10,1.5672303011957602e-06,4.262766964297572e-06,3.933281470350171e-06,4.159712855350697e-06,1,1,nan,0.34717848335935825,31,22/94/17/13/12/11/185/93/96/20/96/94/6/3/15/95/185/22/2/185/4/185/8/9/10/94/21/16/93/94/22,12,4466.7,1.0,,,3.8204034809163e-09,,,,,,,,,,,,,,1,96398,353,812978364.9373975,315621620.1018722,2.575800620613363,1,-219156465.67869,-215952716.423959,-198386395.941828,112562941.863621,118382200.044653,148305846.285125,-195126242.388105,147375025.83166,50604,209983945.022844,215353573.529727,516375016.520944,505055381.112321,-121899349.487917,-127438309.605147,1.6564,1.7963,0.2501,0.3039,0.0236,0.231,2.2263,0.3558,0.0099,0.7825,0.7805,0.7659,2869,6838,37962,,,
