
[36m
*** Info ***
The following paired boundaries were automatically detected for periodicity:

  2D x-direction: left <-> right
  2D y-direction: bottom <-> top
[39m
Framework Information:
MOOSE Version:           git commit b892bff54e on 2026-08-22
LibMesh Version:         
PETSc Version:           3.25.4
SLEPc Version:           3.25.1
Current Time:            Wed Sep 16 01:22:27 2026
Executable Timestamp:    Wed Sep 16 01:21:41 2026

Input File(s):
  /root/work/phase0a/phase0a.i

Checkpoint:
  Wall Time Interval:      Every 3600 s
  Checkpoint:              Outputs/checkpoint
  # Checkpoints Kept:      2
  Execute On:              INITIAL TIMESTEP_END 

Parallelism:
  Num Processors:          4
  Num Threads:             1

Mesh: 
  Parallel Type:           replicated
  Mesh Dimension:          2
  Spatial Dimension:       2
  Nodes:                   
    Total:                 6561
    Local:                 1684
    Min/Max/Avg:           1585/1684/1640
  Elems:                   
    Total:                 6400
    Local:                 1600
    Min/Max/Avg:           1600/1600/1600
  Max h-Refinement Level:  1
  Num Subdomains:          1
  Num Partitions:          4
  Partitioner:             metis

Nonlinear System:
  Num DOFs:                59049
  Num Local DOFs:          15156
  Num Constrained DOFs:    1449
  Local Constrained DOFs:  369
  Variables:               { "gr0" "gr1" "gr2" "gr3" "gr4" "gr5" "gr6" "gr7" "c" } 
  Finite Element Types:    "LAGRANGE" 
  Approximation Orders:    "FIRST" 

Auxiliary System:
  Num DOFs:                12961
  Num Local DOFs:          3284
  Variables:               "bnds" "unique_grains" 
  Finite Element Types:    "LAGRANGE" "MONOMIAL" 
  Approximation Orders:    "FIRST" "CONSTANT" 

Execution Information:
  Executioner:             Transient
  TimeStepper:             IterationAdaptiveDT
  TimeIntegrator(s):       BDF2
  Solver Mode:             Preconditioned JFNK 
  PETSc Preconditioner:    hypre boomeramg 

Finished inside of GrainTracker


Time Step 0, time = 0

Postprocessor Values:
+----------------+----------------+----------------+----------------+----------------+----------------+
| time           | dt             | gb_area        | grain_tracker  | ngrains        | total_solute   |
+----------------+----------------+----------------+----------------+----------------+----------------+
|   0.000000e+00 |   0.000000e+00 |   1.090778e+04 |   3.000000e+01 |   1.000000e+00 |   3.498547e+05 |
+----------------+----------------+----------------+----------------+----------------+----------------+


Time Step 1, time = 20, dt = 20
[32m Solve Converged![39m


Grain Tracker Status:
Grains active index 0: 6 -> 6
Grains active index 1: 6 -> 6
Grains active index 2: 5 -> 5
Grains active index 3: 6 -> 6
Grains active index 4: 3 -> 3
Grains active index 5: 2 -> 2
Grains active index 6: 2 -> 2
Grains active index 7: 0 -> 0

Finished inside of GrainTracker


Postprocessor Values:
+----------------+----------------+----------------+----------------+----------------+----------------+
| time           | dt             | gb_area        | grain_tracker  | ngrains        | total_solute   |
+----------------+----------------+----------------+----------------+----------------+----------------+
|   0.000000e+00 |   0.000000e+00 |   1.090778e+04 |   3.000000e+01 |   1.000000e+00 |   3.498547e+05 |
|   2.000000e+01 |   2.000000e+01 |   9.985146e+03 |   3.000000e+01 |   1.000000e+00 |   3.498547e+05 |
+----------------+----------------+----------------+----------------+----------------+----------------+


Time Step 2, time = 40, dt = 20
[32m Solve Converged![39m


Grain Tracker Status:
Grains active index 0: 6 -> 6
Grains active index 1: 6 -> 6
Grains active index 2: 5 -> 5
Grains active index 3: 6 -> 6
Grains active index 4: 3 -> 3
Grains active index 5: 2 -> 2
Grains active index 6: 2 -> 2
Grains active index 7: 0 -> 0

Finished inside of GrainTracker


Outlier Variable Residual Norms:
  gr1: [33m2.138234e-08[39m

Postprocessor Values:
+----------------+----------------+----------------+----------------+----------------+----------------+
| time           | dt             | gb_area        | grain_tracker  | ngrains        | total_solute   |
+----------------+----------------+----------------+----------------+----------------+----------------+
|   0.000000e+00 |   0.000000e+00 |   1.090778e+04 |   3.000000e+01 |   1.000000e+00 |   3.498547e+05 |
|   2.000000e+01 |   2.000000e+01 |   9.985146e+03 |   3.000000e+01 |   1.000000e+00 |   3.498547e+05 |
|   4.000000e+01 |   2.000000e+01 |   9.257582e+03 |   3.000000e+01 |   1.000000e+00 |   3.498547e+05 |
+----------------+----------------+----------------+----------------+----------------+----------------+


Time Step 3, time = 60, dt = 20
[32m Solve Converged![39m


Grain Tracker Status:
Grains active index 0: 6 -> 6
Grains active index 1: 6 -> 6
Grains active index 2: 5 -> 5
Grains active index 3: 6 -> 6
Grains active index 4: 3 -> 3
Grains active index 5: 2 -> 2
Grains active index 6: 2 -> 2
Grains active index 7: 0 -> 0

Finished inside of GrainTracker


Outlier Variable Residual Norms:
  gr0: [33m2.061161e-08[39m
  gr3: [33m2.227829e-08[39m
  gr6: [33m2.286758e-08[39m

Postprocessor Values:
+----------------+----------------+----------------+----------------+----------------+----------------+
| time           | dt             | gb_area        | grain_tracker  | ngrains        | total_solute   |
+----------------+----------------+----------------+----------------+----------------+----------------+
|   0.000000e+00 |   0.000000e+00 |   1.090778e+04 |   3.000000e+01 |   1.000000e+00 |   3.498547e+05 |
|   2.000000e+01 |   2.000000e+01 |   9.985146e+03 |   3.000000e+01 |   1.000000e+00 |   3.498547e+05 |
|   4.000000e+01 |   2.000000e+01 |   9.257582e+03 |   3.000000e+01 |   1.000000e+00 |   3.498547e+05 |
|   6.000000e+01 |   2.000000e+01 |   8.962596e+03 |   3.000000e+01 |   1.000000e+00 |   3.498547e+05 |
+----------------+----------------+----------------+----------------+----------------+----------------+


Time Step 4, time = 80, dt = 20
[32m Solve Converged![39m


Grain Tracker Status:
Grains active index 0: 6 -> 6
Grains active index 1: 6 -> 6
Grains active index 2: 5 -> 5
Grains active index 3: 6 -> 6
Grains active index 4: 3 -> 3
Grains active index 5: 2 -> 2
Grains active index 6: 2 -> 2
Grains active index 7: 0 -> 0

Finished inside of GrainTracker


Outlier Variable Residual Norms:
  gr1: [33m1.673526e-09[39m
  gr6: [33m2.002091e-09[39m

Postprocessor Values:
+----------------+----------------+----------------+----------------+----------------+----------------+
| time           | dt             | gb_area        | grain_tracker  | ngrains        | total_solute   |
+----------------+----------------+----------------+----------------+----------------+----------------+
|   0.000000e+00 |   0.000000e+00 |   1.090778e+04 |   3.000000e+01 |   1.000000e+00 |   3.498547e+05 |
|   2.000000e+01 |   2.000000e+01 |   9.985146e+03 |   3.000000e+01 |   1.000000e+00 |   3.498547e+05 |
|   4.000000e+01 |   2.000000e+01 |   9.257582e+03 |   3.000000e+01 |   1.000000e+00 |   3.498547e+05 |
|   6.000000e+01 |   2.000000e+01 |   8.962596e+03 |   3.000000e+01 |   1.000000e+00 |   3.498547e+05 |
|   8.000000e+01 |   2.000000e+01 |   8.822614e+03 |   3.000000e+01 |   1.000000e+00 |   3.498547e+05 |
+----------------+----------------+----------------+----------------+----------------+----------------+


Time Step 5, time = 100, dt = 20
[32m Solve Converged![39m


Grain Tracker Status:
Grains active index 0: 6 -> 6
Grains active index 1: 6 -> 6
Grains active index 2: 5 -> 5
Grains active index 3: 6 -> 6
Grains active index 4: 3 -> 3
Grains active index 5: 2 -> 2
Grains active index 6: 2 -> 2
Grains active index 7: 0 -> 0

Finished inside of GrainTracker


Outlier Variable Residual Norms:
  gr0: [33m6.187130e-10[39m
  gr3: [33m6.723523e-10[39m
  gr6: [33m6.573982e-10[39m

Postprocessor Values:
+----------------+----------------+----------------+----------------+----------------+----------------+
| time           | dt             | gb_area        | grain_tracker  | ngrains        | total_solute   |
+----------------+----------------+----------------+----------------+----------------+----------------+
|   0.000000e+00 |   0.000000e+00 |   1.090778e+04 |   3.000000e+01 |   1.000000e+00 |   3.498547e+05 |
|   2.000000e+01 |   2.000000e+01 |   9.985146e+03 |   3.000000e+01 |   1.000000e+00 |   3.498547e+05 |
|   4.000000e+01 |   2.000000e+01 |   9.257582e+03 |   3.000000e+01 |   1.000000e+00 |   3.498547e+05 |
|   6.000000e+01 |   2.000000e+01 |   8.962596e+03 |   3.000000e+01 |   1.000000e+00 |   3.498547e+05 |
|   8.000000e+01 |   2.000000e+01 |   8.822614e+03 |   3.000000e+01 |   1.000000e+00 |   3.498547e+05 |
|   1.000000e+02 |   2.000000e+01 |   8.722898e+03 |   3.000000e+01 |   1.000000e+00 |   3.498547e+05 |
+----------------+----------------+----------------+----------------+----------------+----------------+


Time Step 6, time = 120, dt = 20
[32m Solve Converged![39m


Grain Tracker Status:
Grains active index 0: 6 -> 6
Grains active index 1: 6 -> 6
Grains active index 2: 5 -> 5
Grains active index 3: 6 -> 6
Grains active index 4: 3 -> 3
Grains active index 5: 2 -> 2
Grains active index 6: 2 -> 2
Grains active index 7: 0 -> 0

Finished inside of GrainTracker


Outlier Variable Residual Norms:
  gr0: [33m1.137092e-09[39m
  gr3: [33m1.081261e-09[39m

Postprocessor Values:
+----------------+----------------+----------------+----------------+----------------+----------------+
| time           | dt             | gb_area        | grain_tracker  | ngrains        | total_solute   |
+----------------+----------------+----------------+----------------+----------------+----------------+
|   0.000000e+00 |   0.000000e+00 |   1.090778e+04 |   3.000000e+01 |   1.000000e+00 |   3.498547e+05 |
|   2.000000e+01 |   2.000000e+01 |   9.985146e+03 |   3.000000e+01 |   1.000000e+00 |   3.498547e+05 |
|   4.000000e+01 |   2.000000e+01 |   9.257582e+03 |   3.000000e+01 |   1.000000e+00 |   3.498547e+05 |
|   6.000000e+01 |   2.000000e+01 |   8.962596e+03 |   3.000000e+01 |   1.000000e+00 |   3.498547e+05 |
|   8.000000e+01 |   2.000000e+01 |   8.822614e+03 |   3.000000e+01 |   1.000000e+00 |   3.498547e+05 |
|   1.000000e+02 |   2.000000e+01 |   8.722898e+03 |   3.000000e+01 |   1.000000e+00 |   3.498547e+05 |
|   1.200000e+02 |   2.000000e+01 |   8.643381e+03 |   3.000000e+01 |   1.000000e+00 |   3.498547e+05 |
+----------------+----------------+----------------+----------------+----------------+----------------+


Time Step 7, time = 140, dt = 20
[32m Solve Converged![39m


Grain Tracker Status:
Grains active index 0: 6 -> 6
Grains active index 1: 6 -> 6
Grains active index 2: 5 -> 5
Grains active index 3: 6 -> 6
Grains active index 4: 3 -> 3
Grains active index 5: 2 -> 2
Grains active index 6: 2 -> 2
Grains active index 7: 0 -> 0

Finished inside of GrainTracker


Outlier Variable Residual Norms:
  gr0: [33m6.092688e-11[39m

Postprocessor Values:
+----------------+----------------+----------------+----------------+----------------+----------------+
| time           | dt             | gb_area        | grain_tracker  | ngrains        | total_solute   |
+----------------+----------------+----------------+----------------+----------------+----------------+
|   0.000000e+00 |   0.000000e+00 |   1.090778e+04 |   3.000000e+01 |   1.000000e+00 |   3.498547e+05 |
|   2.000000e+01 |   2.000000e+01 |   9.985146e+03 |   3.000000e+01 |   1.000000e+00 |   3.498547e+05 |
|   4.000000e+01 |   2.000000e+01 |   9.257582e+03 |   3.000000e+01 |   1.000000e+00 |   3.498547e+05 |
|   6.000000e+01 |   2.000000e+01 |   8.962596e+03 |   3.000000e+01 |   1.000000e+00 |   3.498547e+05 |
|   8.000000e+01 |   2.000000e+01 |   8.822614e+03 |   3.000000e+01 |   1.000000e+00 |   3.498547e+05 |
|   1.000000e+02 |   2.000000e+01 |   8.722898e+03 |   3.000000e+01 |   1.000000e+00 |   3.498547e+05 |
|   1.200000e+02 |   2.000000e+01 |   8.643381e+03 |   3.000000e+01 |   1.000000e+00 |   3.498547e+05 |
|   1.400000e+02 |   2.000000e+01 |   8.579431e+03 |   3.000000e+01 |   1.000000e+00 |   3.498547e+05 |
+----------------+----------------+----------------+----------------+----------------+----------------+


Time Step 8, time = 160, dt = 20
[32m Solve Converged![39m


Grain Tracker Status:
Grains active index 0: 6 -> 6
Grains active index 1: 6 -> 6
Grains active index 2: 5 -> 5
Grains active index 3: 6 -> 6
Grains active index 4: 3 -> 3
Grains active index 5: 2 -> 2
Grains active index 6: 2 -> 2
Grains active index 7: 0 -> 0

Finished inside of GrainTracker


Outlier Variable Residual Norms:
  gr0: [33m2.473376e-10[39m
  gr1: [33m2.431979e-10[39m
  gr6: [33m2.422176e-10[39m

Postprocessor Values:
+----------------+----------------+----------------+----------------+----------------+----------------+
| time           | dt             | gb_area        | grain_tracker  | ngrains        | total_solute   |
+----------------+----------------+----------------+----------------+----------------+----------------+
|   0.000000e+00 |   0.000000e+00 |   1.090778e+04 |   3.000000e+01 |   1.000000e+00 |   3.498547e+05 |
|   2.000000e+01 |   2.000000e+01 |   9.985146e+03 |   3.000000e+01 |   1.000000e+00 |   3.498547e+05 |
|   4.000000e+01 |   2.000000e+01 |   9.257582e+03 |   3.000000e+01 |   1.000000e+00 |   3.498547e+05 |
|   6.000000e+01 |   2.000000e+01 |   8.962596e+03 |   3.000000e+01 |   1.000000e+00 |   3.498547e+05 |
|   8.000000e+01 |   2.000000e+01 |   8.822614e+03 |   3.000000e+01 |   1.000000e+00 |   3.498547e+05 |
|   1.000000e+02 |   2.000000e+01 |   8.722898e+03 |   3.000000e+01 |   1.000000e+00 |   3.498547e+05 |
|   1.200000e+02 |   2.000000e+01 |   8.643381e+03 |   3.000000e+01 |   1.000000e+00 |   3.498547e+05 |
|   1.400000e+02 |   2.000000e+01 |   8.579431e+03 |   3.000000e+01 |   1.000000e+00 |   3.498547e+05 |
|   1.600000e+02 |   2.000000e+01 |   8.527109e+03 |   3.000000e+01 |   1.000000e+00 |   3.498547e+05 |
+----------------+----------------+----------------+----------------+----------------+----------------+


Time Step 9, time = 180, dt = 20
[32m Solve Converged![39m


Grain Tracker Status:
Grains active index 0: 6 -> 6
Grains active index 1: 6 -> 6
Grains active index 2: 5 -> 5
Grains active index 3: 6 -> 6
Grains active index 4: 3 -> 3
Grains active index 5: 2 -> 2
Grains active index 6: 2 -> 2
Grains active index 7: 0 -> 0

Finished inside of GrainTracker


Outlier Variable Residual Norms:
  gr0: [33m1.492274e-10[39m
  gr3: [33m1.447275e-10[39m
  gr6: [33m1.695784e-10[39m

Postprocessor Values:
+----------------+----------------+----------------+----------------+----------------+----------------+
| time           | dt             | gb_area        | grain_tracker  | ngrains        | total_solute   |
+----------------+----------------+----------------+----------------+----------------+----------------+
|   0.000000e+00 |   0.000000e+00 |   1.090778e+04 |   3.000000e+01 |   1.000000e+00 |   3.498547e+05 |
|   2.000000e+01 |   2.000000e+01 |   9.985146e+03 |   3.000000e+01 |   1.000000e+00 |   3.498547e+05 |
|   4.000000e+01 |   2.000000e+01 |   9.257582e+03 |   3.000000e+01 |   1.000000e+00 |   3.498547e+05 |
|   6.000000e+01 |   2.000000e+01 |   8.962596e+03 |   3.000000e+01 |   1.000000e+00 |   3.498547e+05 |
|   8.000000e+01 |   2.000000e+01 |   8.822614e+03 |   3.000000e+01 |   1.000000e+00 |   3.498547e+05 |
|   1.000000e+02 |   2.000000e+01 |   8.722898e+03 |   3.000000e+01 |   1.000000e+00 |   3.498547e+05 |
|   1.200000e+02 |   2.000000e+01 |   8.643381e+03 |   3.000000e+01 |   1.000000e+00 |   3.498547e+05 |
|   1.400000e+02 |   2.000000e+01 |   8.579431e+03 |   3.000000e+01 |   1.000000e+00 |   3.498547e+05 |
|   1.600000e+02 |   2.000000e+01 |   8.527109e+03 |   3.000000e+01 |   1.000000e+00 |   3.498547e+05 |
|   1.800000e+02 |   2.000000e+01 |   8.482833e+03 |   3.000000e+01 |   1.000000e+00 |   3.498547e+05 |
+----------------+----------------+----------------+----------------+----------------+----------------+


Time Step 10, time = 200, dt = 20
[32m Solve Converged![39m


Grain Tracker Status:
Grains active index 0: 6 -> 6
Grains active index 1: 6 -> 6
Grains active index 2: 5 -> 5
Grains active index 3: 6 -> 6
Grains active index 4: 3 -> 3
Grains active index 5: 2 -> 2
Grains active index 6: 2 -> 2
Grains active index 7: 0 -> 0

Finished inside of GrainTracker


Outlier Variable Residual Norms:
  gr0: [33m6.241246e-11[39m

Postprocessor Values:
+----------------+----------------+----------------+----------------+----------------+----------------+
| time           | dt             | gb_area        | grain_tracker  | ngrains        | total_solute   |
+----------------+----------------+----------------+----------------+----------------+----------------+
|   0.000000e+00 |   0.000000e+00 |   1.090778e+04 |   3.000000e+01 |   1.000000e+00 |   3.498547e+05 |
|   2.000000e+01 |   2.000000e+01 |   9.985146e+03 |   3.000000e+01 |   1.000000e+00 |   3.498547e+05 |
|   4.000000e+01 |   2.000000e+01 |   9.257582e+03 |   3.000000e+01 |   1.000000e+00 |   3.498547e+05 |
|   6.000000e+01 |   2.000000e+01 |   8.962596e+03 |   3.000000e+01 |   1.000000e+00 |   3.498547e+05 |
|   8.000000e+01 |   2.000000e+01 |   8.822614e+03 |   3.000000e+01 |   1.000000e+00 |   3.498547e+05 |
|   1.000000e+02 |   2.000000e+01 |   8.722898e+03 |   3.000000e+01 |   1.000000e+00 |   3.498547e+05 |
|   1.200000e+02 |   2.000000e+01 |   8.643381e+03 |   3.000000e+01 |   1.000000e+00 |   3.498547e+05 |
|   1.400000e+02 |   2.000000e+01 |   8.579431e+03 |   3.000000e+01 |   1.000000e+00 |   3.498547e+05 |
|   1.600000e+02 |   2.000000e+01 |   8.527109e+03 |   3.000000e+01 |   1.000000e+00 |   3.498547e+05 |
|   1.800000e+02 |   2.000000e+01 |   8.482833e+03 |   3.000000e+01 |   1.000000e+00 |   3.498547e+05 |
|   2.000000e+02 |   2.000000e+01 |   8.444137e+03 |   3.000000e+01 |   1.000000e+00 |   3.498547e+05 |
+----------------+----------------+----------------+----------------+----------------+----------------+


Time Step 11, time = 220, dt = 20
[32m Solve Converged![39m


Grain Tracker Status:
Grains active index 0: 6 -> 6
Grains active index 1: 6 -> 6
Grains active index 2: 5 -> 5
Grains active index 3: 6 -> 6
Grains active index 4: 3 -> 3
Grains active index 5: 2 -> 2
Grains active index 6: 2 -> 2
Grains active index 7: 0 -> 0

Finished inside of GrainTracker


Outlier Variable Residual Norms:
  gr0: [33m3.270733e-11[39m
  gr1: [33m3.651199e-11[39m

Postprocessor Values:
+----------------+----------------+----------------+----------------+----------------+----------------+
| time           | dt             | gb_area        | grain_tracker  | ngrains        | total_solute   |
+----------------+----------------+----------------+----------------+----------------+----------------+
|   0.000000e+00 |   0.000000e+00 |   1.090778e+04 |   3.000000e+01 |   1.000000e+00 |   3.498547e+05 |
|   2.000000e+01 |   2.000000e+01 |   9.985146e+03 |   3.000000e+01 |   1.000000e+00 |   3.498547e+05 |
|   4.000000e+01 |   2.000000e+01 |   9.257582e+03 |   3.000000e+01 |   1.000000e+00 |   3.498547e+05 |
|   6.000000e+01 |   2.000000e+01 |   8.962596e+03 |   3.000000e+01 |   1.000000e+00 |   3.498547e+05 |
|   8.000000e+01 |   2.000000e+01 |   8.822614e+03 |   3.000000e+01 |   1.000000e+00 |   3.498547e+05 |
|   1.000000e+02 |   2.000000e+01 |   8.722898e+03 |   3.000000e+01 |   1.000000e+00 |   3.498547e+05 |
|   1.200000e+02 |   2.000000e+01 |   8.643381e+03 |   3.000000e+01 |   1.000000e+00 |   3.498547e+05 |
|   1.400000e+02 |   2.000000e+01 |   8.579431e+03 |   3.000000e+01 |   1.000000e+00 |   3.498547e+05 |
|   1.600000e+02 |   2.000000e+01 |   8.527109e+03 |   3.000000e+01 |   1.000000e+00 |   3.498547e+05 |
|   1.800000e+02 |   2.000000e+01 |   8.482833e+03 |   3.000000e+01 |   1.000000e+00 |   3.498547e+05 |
|   2.000000e+02 |   2.000000e+01 |   8.444137e+03 |   3.000000e+01 |   1.000000e+00 |   3.498547e+05 |
|   2.200000e+02 |   2.000000e+01 |   8.409426e+03 |   3.000000e+01 |   1.000000e+00 |   3.498547e+05 |
+----------------+----------------+----------------+----------------+----------------+----------------+


Time Step 12, time = 240, dt = 20
[32m Solve Converged![39m


Grain Tracker Status:
Grains active index 0: 6 -> 6
Grains active index 1: 6 -> 6
Grains active index 2: 5 -> 5
Grains active index 3: 6 -> 6
Grains active index 4: 3 -> 3
Grains active index 5: 2 -> 2
Grains active index 6: 2 -> 2
Grains active index 7: 0 -> 0

Finished inside of GrainTracker


Outlier Variable Residual Norms:
  gr3: [33m3.689084e-11[39m

Postprocessor Values:
+----------------+----------------+----------------+----------------+----------------+----------------+
| time           | dt             | gb_area        | grain_tracker  | ngrains        | total_solute   |
+----------------+----------------+----------------+----------------+----------------+----------------+
|   0.000000e+00 |   0.000000e+00 |   1.090778e+04 |   3.000000e+01 |   1.000000e+00 |   3.498547e+05 |
|   2.000000e+01 |   2.000000e+01 |   9.985146e+03 |   3.000000e+01 |   1.000000e+00 |   3.498547e+05 |
|   4.000000e+01 |   2.000000e+01 |   9.257582e+03 |   3.000000e+01 |   1.000000e+00 |   3.498547e+05 |
|   6.000000e+01 |   2.000000e+01 |   8.962596e+03 |   3.000000e+01 |   1.000000e+00 |   3.498547e+05 |
|   8.000000e+01 |   2.000000e+01 |   8.822614e+03 |   3.000000e+01 |   1.000000e+00 |   3.498547e+05 |
|   1.000000e+02 |   2.000000e+01 |   8.722898e+03 |   3.000000e+01 |   1.000000e+00 |   3.498547e+05 |
|   1.200000e+02 |   2.000000e+01 |   8.643381e+03 |   3.000000e+01 |   1.000000e+00 |   3.498547e+05 |
|   1.400000e+02 |   2.000000e+01 |   8.579431e+03 |   3.000000e+01 |   1.000000e+00 |   3.498547e+05 |
|   1.600000e+02 |   2.000000e+01 |   8.527109e+03 |   3.000000e+01 |   1.000000e+00 |   3.498547e+05 |
|   1.800000e+02 |   2.000000e+01 |   8.482833e+03 |   3.000000e+01 |   1.000000e+00 |   3.498547e+05 |
|   2.000000e+02 |   2.000000e+01 |   8.444137e+03 |   3.000000e+01 |   1.000000e+00 |   3.498547e+05 |
|   2.200000e+02 |   2.000000e+01 |   8.409426e+03 |   3.000000e+01 |   1.000000e+00 |   3.498547e+05 |
|   2.400000e+02 |   2.000000e+01 |   8.377746e+03 |   3.000000e+01 |   1.000000e+00 |   3.498547e+05 |
+----------------+----------------+----------------+----------------+----------------+----------------+


Time Step 13, time = 260, dt = 20
[32m Solve Converged![39m


Grain Tracker Status:
Grains active index 0: 6 -> 6
Grains active index 1: 6 -> 6
Grains active index 2: 5 -> 5
Grains active index 3: 6 -> 6
Grains active index 4: 3 -> 3
Grains active index 5: 2 -> 2
Grains active index 6: 2 -> 2
Grains active index 7: 0 -> 0

Finished inside of GrainTracker


Outlier Variable Residual Norms:
  gr0: [33m5.956251e-11[39m
  gr3: [33m4.776141e-11[39m

Postprocessor Values:
+----------------+----------------+----------------+----------------+----------------+----------------+
| time           | dt             | gb_area        | grain_tracker  | ngrains        | total_solute   |
+----------------+----------------+----------------+----------------+----------------+----------------+
|   0.000000e+00 |   0.000000e+00 |   1.090778e+04 |   3.000000e+01 |   1.000000e+00 |   3.498547e+05 |
|   2.000000e+01 |   2.000000e+01 |   9.985146e+03 |   3.000000e+01 |   1.000000e+00 |   3.498547e+05 |
|   4.000000e+01 |   2.000000e+01 |   9.257582e+03 |   3.000000e+01 |   1.000000e+00 |   3.498547e+05 |
|   6.000000e+01 |   2.000000e+01 |   8.962596e+03 |   3.000000e+01 |   1.000000e+00 |   3.498547e+05 |
|   8.000000e+01 |   2.000000e+01 |   8.822614e+03 |   3.000000e+01 |   1.000000e+00 |   3.498547e+05 |
|   1.000000e+02 |   2.000000e+01 |   8.722898e+03 |   3.000000e+01 |   1.000000e+00 |   3.498547e+05 |
|   1.200000e+02 |   2.000000e+01 |   8.643381e+03 |   3.000000e+01 |   1.000000e+00 |   3.498547e+05 |
|   1.400000e+02 |   2.000000e+01 |   8.579431e+03 |   3.000000e+01 |   1.000000e+00 |   3.498547e+05 |
|   1.600000e+02 |   2.000000e+01 |   8.527109e+03 |   3.000000e+01 |   1.000000e+00 |   3.498547e+05 |
|   1.800000e+02 |   2.000000e+01 |   8.482833e+03 |   3.000000e+01 |   1.000000e+00 |   3.498547e+05 |
|   2.000000e+02 |   2.000000e+01 |   8.444137e+03 |   3.000000e+01 |   1.000000e+00 |   3.498547e+05 |
|   2.200000e+02 |   2.000000e+01 |   8.409426e+03 |   3.000000e+01 |   1.000000e+00 |   3.498547e+05 |
|   2.400000e+02 |   2.000000e+01 |   8.377746e+03 |   3.000000e+01 |   1.000000e+00 |   3.498547e+05 |
|   2.600000e+02 |   2.000000e+01 |   8.348586e+03 |   3.000000e+01 |   1.000000e+00 |   3.498547e+05 |
+----------------+----------------+----------------+----------------+----------------+----------------+


Time Step 14, time = 280, dt = 20
[32m Solve Converged![39m


Grain Tracker Status:
Grains active index 0: 6 -> 6
Grains active index 1: 6 -> 6
Grains active index 2: 5 -> 5
Grains active index 3: 6 -> 6
Grains active index 4: 3 -> 3
Grains active index 5: 2 -> 2
Grains active index 6: 2 -> 2
Grains active index 7: 0 -> 0

Finished inside of GrainTracker


Outlier Variable Residual Norms:
  gr0: [33m1.381421e-10[39m
  gr1: [33m1.318720e-10[39m
  gr3: [33m1.465207e-10[39m

Postprocessor Values:
+----------------+----------------+----------------+----------------+----------------+----------------+
| time           | dt             | gb_area        | grain_tracker  | ngrains        | total_solute   |
+----------------+----------------+----------------+----------------+----------------+----------------+
|   0.000000e+00 |   0.000000e+00 |   1.090778e+04 |   3.000000e+01 |   1.000000e+00 |   3.498547e+05 |
|   2.000000e+01 |   2.000000e+01 |   9.985146e+03 |   3.000000e+01 |   1.000000e+00 |   3.498547e+05 |
|   4.000000e+01 |   2.000000e+01 |   9.257582e+03 |   3.000000e+01 |   1.000000e+00 |   3.498547e+05 |
|   6.000000e+01 |   2.000000e+01 |   8.962596e+03 |   3.000000e+01 |   1.000000e+00 |   3.498547e+05 |
|   8.000000e+01 |   2.000000e+01 |   8.822614e+03 |   3.000000e+01 |   1.000000e+00 |   3.498547e+05 |
|   1.000000e+02 |   2.000000e+01 |   8.722898e+03 |   3.000000e+01 |   1.000000e+00 |   3.498547e+05 |
|   1.200000e+02 |   2.000000e+01 |   8.643381e+03 |   3.000000e+01 |   1.000000e+00 |   3.498547e+05 |
|   1.400000e+02 |   2.000000e+01 |   8.579431e+03 |   3.000000e+01 |   1.000000e+00 |   3.498547e+05 |
|   1.600000e+02 |   2.000000e+01 |   8.527109e+03 |   3.000000e+01 |   1.000000e+00 |   3.498547e+05 |
|   1.800000e+02 |   2.000000e+01 |   8.482833e+03 |   3.000000e+01 |   1.000000e+00 |   3.498547e+05 |
|   2.000000e+02 |   2.000000e+01 |   8.444137e+03 |   3.000000e+01 |   1.000000e+00 |   3.498547e+05 |
|   2.200000e+02 |   2.000000e+01 |   8.409426e+03 |   3.000000e+01 |   1.000000e+00 |   3.498547e+05 |
|   2.400000e+02 |   2.000000e+01 |   8.377746e+03 |   3.000000e+01 |   1.000000e+00 |   3.498547e+05 |
|   2.600000e+02 |   2.000000e+01 |   8.348586e+03 |   3.000000e+01 |   1.000000e+00 |   3.498547e+05 |
|   2.800000e+02 |   2.000000e+01 |   8.321815e+03 |   3.000000e+01 |   1.000000e+00 |   3.498547e+05 |
+----------------+----------------+----------------+----------------+----------------+----------------+


Time Step 15, time = 300, dt = 20
[32m Solve Converged![39m


Grain Tracker Status:
Grains active index 0: 6 -> 6
Grains active index 1: 6 -> 6
Grains active index 2: 5 -> 5
Grains active index 3: 6 -> 6
Grains active index 4: 3 -> 3
Grains active index 5: 2 -> 2
Grains active index 6: 2 -> 2
Grains active index 7: 0 -> 0

Finished inside of GrainTracker


Outlier Variable Residual Norms:
  gr0: [33m1.200525e-10[39m
  gr1: [33m1.354192e-10[39m

Postprocessor Values:
+----------------+----------------+----------------+----------------+----------------+----------------+
| time           | dt             | gb_area        | grain_tracker  | ngrains        | total_solute   |
+----------------+----------------+----------------+----------------+----------------+----------------+
:                :                :                :                :                :                :
|   2.000000e+01 |   2.000000e+01 |   9.985146e+03 |   3.000000e+01 |   1.000000e+00 |   3.498547e+05 |
|   4.000000e+01 |   2.000000e+01 |   9.257582e+03 |   3.000000e+01 |   1.000000e+00 |   3.498547e+05 |
|   6.000000e+01 |   2.000000e+01 |   8.962596e+03 |   3.000000e+01 |   1.000000e+00 |   3.498547e+05 |
|   8.000000e+01 |   2.000000e+01 |   8.822614e+03 |   3.000000e+01 |   1.000000e+00 |   3.498547e+05 |
|   1.000000e+02 |   2.000000e+01 |   8.722898e+03 |   3.000000e+01 |   1.000000e+00 |   3.498547e+05 |
|   1.200000e+02 |   2.000000e+01 |   8.643381e+03 |   3.000000e+01 |   1.000000e+00 |   3.498547e+05 |
|   1.400000e+02 |   2.000000e+01 |   8.579431e+03 |   3.000000e+01 |   1.000000e+00 |   3.498547e+05 |
|   1.600000e+02 |   2.000000e+01 |   8.527109e+03 |   3.000000e+01 |   1.000000e+00 |   3.498547e+05 |
|   1.800000e+02 |   2.000000e+01 |   8.482833e+03 |   3.000000e+01 |   1.000000e+00 |   3.498547e+05 |
|   2.000000e+02 |   2.000000e+01 |   8.444137e+03 |   3.000000e+01 |   1.000000e+00 |   3.498547e+05 |
|   2.200000e+02 |   2.000000e+01 |   8.409426e+03 |   3.000000e+01 |   1.000000e+00 |   3.498547e+05 |
|   2.400000e+02 |   2.000000e+01 |   8.377746e+03 |   3.000000e+01 |   1.000000e+00 |   3.498547e+05 |
|   2.600000e+02 |   2.000000e+01 |   8.348586e+03 |   3.000000e+01 |   1.000000e+00 |   3.498547e+05 |
|   2.800000e+02 |   2.000000e+01 |   8.321815e+03 |   3.000000e+01 |   1.000000e+00 |   3.498547e+05 |
|   3.000000e+02 |   2.000000e+01 |   8.297370e+03 |   3.000000e+01 |   1.000000e+00 |   3.498547e+05 |
+----------------+----------------+----------------+----------------+----------------+----------------+


Time Step 16, time = 320, dt = 20
[32m Solve Converged![39m


Grain Tracker Status:
Grains active index 0: 6 -> 6
Grains active index 1: 6 -> 6
Grains active index 2: 5 -> 5
Grains active index 3: 6 -> 6
Grains active index 4: 3 -> 3
Grains active index 5: 2 -> 2
Grains active index 6: 2 -> 2
Grains active index 7: 0 -> 0

Finished inside of GrainTracker


Outlier Variable Residual Norms:
  gr1: [33m4.793571e-11[39m

Postprocessor Values:
+----------------+----------------+----------------+----------------+----------------+----------------+
| time           | dt             | gb_area        | grain_tracker  | ngrains        | total_solute   |
+----------------+----------------+----------------+----------------+----------------+----------------+
:                :                :                :                :                :                :
|   4.000000e+01 |   2.000000e+01 |   9.257582e+03 |   3.000000e+01 |   1.000000e+00 |   3.498547e+05 |
|   6.000000e+01 |   2.000000e+01 |   8.962596e+03 |   3.000000e+01 |   1.000000e+00 |   3.498547e+05 |
|   8.000000e+01 |   2.000000e+01 |   8.822614e+03 |   3.000000e+01 |   1.000000e+00 |   3.498547e+05 |
|   1.000000e+02 |   2.000000e+01 |   8.722898e+03 |   3.000000e+01 |   1.000000e+00 |   3.498547e+05 |
|   1.200000e+02 |   2.000000e+01 |   8.643381e+03 |   3.000000e+01 |   1.000000e+00 |   3.498547e+05 |
|   1.400000e+02 |   2.000000e+01 |   8.579431e+03 |   3.000000e+01 |   1.000000e+00 |   3.498547e+05 |
|   1.600000e+02 |   2.000000e+01 |   8.527109e+03 |   3.000000e+01 |   1.000000e+00 |   3.498547e+05 |
|   1.800000e+02 |   2.000000e+01 |   8.482833e+03 |   3.000000e+01 |   1.000000e+00 |   3.498547e+05 |
|   2.000000e+02 |   2.000000e+01 |   8.444137e+03 |   3.000000e+01 |   1.000000e+00 |   3.498547e+05 |
|   2.200000e+02 |   2.000000e+01 |   8.409426e+03 |   3.000000e+01 |   1.000000e+00 |   3.498547e+05 |
|   2.400000e+02 |   2.000000e+01 |   8.377746e+03 |   3.000000e+01 |   1.000000e+00 |   3.498547e+05 |
|   2.600000e+02 |   2.000000e+01 |   8.348586e+03 |   3.000000e+01 |   1.000000e+00 |   3.498547e+05 |
|   2.800000e+02 |   2.000000e+01 |   8.321815e+03 |   3.000000e+01 |   1.000000e+00 |   3.498547e+05 |
|   3.000000e+02 |   2.000000e+01 |   8.297370e+03 |   3.000000e+01 |   1.000000e+00 |   3.498547e+05 |
|   3.200000e+02 |   2.000000e+01 |   8.274957e+03 |   3.000000e+01 |   1.000000e+00 |   3.498547e+05 |
+----------------+----------------+----------------+----------------+----------------+----------------+


Time Step 17, time = 340, dt = 20
[32m Solve Converged![39m


Grain Tracker Status:
Grains active index 0: 6 -> 6
Grains active index 1: 6 -> 6
Grains active index 2: 5 -> 5
Grains active index 3: 6 -> 6
Grains active index 4: 3 -> 3
Grains active index 5: 2 -> 2
Grains active index 6: 2 -> 2
Grains active index 7: 0 -> 0

Finished inside of GrainTracker


Postprocessor Values:
+----------------+----------------+----------------+----------------+----------------+----------------+
| time           | dt             | gb_area        | grain_tracker  | ngrains        | total_solute   |
+----------------+----------------+----------------+----------------+----------------+----------------+
:                :                :                :                :                :                :
|   6.000000e+01 |   2.000000e+01 |   8.962596e+03 |   3.000000e+01 |   1.000000e+00 |   3.498547e+05 |
|   8.000000e+01 |   2.000000e+01 |   8.822614e+03 |   3.000000e+01 |   1.000000e+00 |   3.498547e+05 |
|   1.000000e+02 |   2.000000e+01 |   8.722898e+03 |   3.000000e+01 |   1.000000e+00 |   3.498547e+05 |
|   1.200000e+02 |   2.000000e+01 |   8.643381e+03 |   3.000000e+01 |   1.000000e+00 |   3.498547e+05 |
|   1.400000e+02 |   2.000000e+01 |   8.579431e+03 |   3.000000e+01 |   1.000000e+00 |   3.498547e+05 |
|   1.600000e+02 |   2.000000e+01 |   8.527109e+03 |   3.000000e+01 |   1.000000e+00 |   3.498547e+05 |
|   1.800000e+02 |   2.000000e+01 |   8.482833e+03 |   3.000000e+01 |   1.000000e+00 |   3.498547e+05 |
|   2.000000e+02 |   2.000000e+01 |   8.444137e+03 |   3.000000e+01 |   1.000000e+00 |   3.498547e+05 |
|   2.200000e+02 |   2.000000e+01 |   8.409426e+03 |   3.000000e+01 |   1.000000e+00 |   3.498547e+05 |
|   2.400000e+02 |   2.000000e+01 |   8.377746e+03 |   3.000000e+01 |   1.000000e+00 |   3.498547e+05 |
|   2.600000e+02 |   2.000000e+01 |   8.348586e+03 |   3.000000e+01 |   1.000000e+00 |   3.498547e+05 |
|   2.800000e+02 |   2.000000e+01 |   8.321815e+03 |   3.000000e+01 |   1.000000e+00 |   3.498547e+05 |
|   3.000000e+02 |   2.000000e+01 |   8.297370e+03 |   3.000000e+01 |   1.000000e+00 |   3.498547e+05 |
|   3.200000e+02 |   2.000000e+01 |   8.274957e+03 |   3.000000e+01 |   1.000000e+00 |   3.498547e+05 |
|   3.400000e+02 |   2.000000e+01 |   8.254078e+03 |   3.000000e+01 |   1.000000e+00 |   3.498547e+05 |
+----------------+----------------+----------------+----------------+----------------+----------------+


Time Step 18, time = 360, dt = 20
[32m Solve Converged![39m


Grain Tracker Status:
Grains active index 0: 6 -> 6
Grains active index 1: 6 -> 6
Grains active index 2: 5 -> 5
Grains active index 3: 6 -> 6
Grains active index 4: 3 -> 3
Grains active index 5: 2 -> 2
Grains active index 6: 2 -> 2
Grains active index 7: 0 -> 0

[33mGrain #17 intersects Grain #22 (variable index: 3)
[39m[32m- Depth 0: Remapping grain #17 from variable index 3 to 7 which currently contains zero grains.

[39mFinished inside of GrainTracker


Outlier Variable Residual Norms:
  gr0: [33m4.276122e-12[39m
  gr1: [33m4.139997e-12[39m

Postprocessor Values:
+----------------+----------------+----------------+----------------+----------------+----------------+
| time           | dt             | gb_area        | grain_tracker  | ngrains        | total_solute   |
+----------------+----------------+----------------+----------------+----------------+----------------+
:                :                :                :                :                :                :
|   8.000000e+01 |   2.000000e+01 |   8.822614e+03 |   3.000000e+01 |   1.000000e+00 |   3.498547e+05 |
|   1.000000e+02 |   2.000000e+01 |   8.722898e+03 |   3.000000e+01 |   1.000000e+00 |   3.498547e+05 |
|   1.200000e+02 |   2.000000e+01 |   8.643381e+03 |   3.000000e+01 |   1.000000e+00 |   3.498547e+05 |
|   1.400000e+02 |   2.000000e+01 |   8.579431e+03 |   3.000000e+01 |   1.000000e+00 |   3.498547e+05 |
|   1.600000e+02 |   2.000000e+01 |   8.527109e+03 |   3.000000e+01 |   1.000000e+00 |   3.498547e+05 |
|   1.800000e+02 |   2.000000e+01 |   8.482833e+03 |   3.000000e+01 |   1.000000e+00 |   3.498547e+05 |
|   2.000000e+02 |   2.000000e+01 |   8.444137e+03 |   3.000000e+01 |   1.000000e+00 |   3.498547e+05 |
|   2.200000e+02 |   2.000000e+01 |   8.409426e+03 |   3.000000e+01 |   1.000000e+00 |   3.498547e+05 |
|   2.400000e+02 |   2.000000e+01 |   8.377746e+03 |   3.000000e+01 |   1.000000e+00 |   3.498547e+05 |
|   2.600000e+02 |   2.000000e+01 |   8.348586e+03 |   3.000000e+01 |   1.000000e+00 |   3.498547e+05 |
|   2.800000e+02 |   2.000000e+01 |   8.321815e+03 |   3.000000e+01 |   1.000000e+00 |   3.498547e+05 |
|   3.000000e+02 |   2.000000e+01 |   8.297370e+03 |   3.000000e+01 |   1.000000e+00 |   3.498547e+05 |
|   3.200000e+02 |   2.000000e+01 |   8.274957e+03 |   3.000000e+01 |   1.000000e+00 |   3.498547e+05 |
|   3.400000e+02 |   2.000000e+01 |   8.254078e+03 |   3.000000e+01 |   1.000000e+00 |   3.498547e+05 |
|   3.600000e+02 |   2.000000e+01 |   8.236397e+03 |   3.000000e+01 |   1.000000e+00 |   3.498547e+05 |
+----------------+----------------+----------------+----------------+----------------+----------------+


Time Step 19, time = 380, dt = 20
[32m Solve Converged![39m


Grain Tracker Status:
Grains active index 0: 6 -> 6
Grains active index 1: 6 -> 6
Grains active index 2: 5 -> 5
Grains active index 3: 5 -> 5
Grains active index 4: 3 -> 3
Grains active index 5: 2 -> 2
Grains active index 6: 2 -> 2
Grains active index 7: 1 -> 1

Finished inside of GrainTracker


Postprocessor Values:
+----------------+----------------+----------------+----------------+----------------+----------------+
| time           | dt             | gb_area        | grain_tracker  | ngrains        | total_solute   |
+----------------+----------------+----------------+----------------+----------------+----------------+
:                :                :                :                :                :                :
|   1.000000e+02 |   2.000000e+01 |   8.722898e+03 |   3.000000e+01 |   1.000000e+00 |   3.498547e+05 |
|   1.200000e+02 |   2.000000e+01 |   8.643381e+03 |   3.000000e+01 |   1.000000e+00 |   3.498547e+05 |
|   1.400000e+02 |   2.000000e+01 |   8.579431e+03 |   3.000000e+01 |   1.000000e+00 |   3.498547e+05 |
|   1.600000e+02 |   2.000000e+01 |   8.527109e+03 |   3.000000e+01 |   1.000000e+00 |   3.498547e+05 |
|   1.800000e+02 |   2.000000e+01 |   8.482833e+03 |   3.000000e+01 |   1.000000e+00 |   3.498547e+05 |
|   2.000000e+02 |   2.000000e+01 |   8.444137e+03 |   3.000000e+01 |   1.000000e+00 |   3.498547e+05 |
|   2.200000e+02 |   2.000000e+01 |   8.409426e+03 |   3.000000e+01 |   1.000000e+00 |   3.498547e+05 |
|   2.400000e+02 |   2.000000e+01 |   8.377746e+03 |   3.000000e+01 |   1.000000e+00 |   3.498547e+05 |
|   2.600000e+02 |   2.000000e+01 |   8.348586e+03 |   3.000000e+01 |   1.000000e+00 |   3.498547e+05 |
|   2.800000e+02 |   2.000000e+01 |   8.321815e+03 |   3.000000e+01 |   1.000000e+00 |   3.498547e+05 |
|   3.000000e+02 |   2.000000e+01 |   8.297370e+03 |   3.000000e+01 |   1.000000e+00 |   3.498547e+05 |
|   3.200000e+02 |   2.000000e+01 |   8.274957e+03 |   3.000000e+01 |   1.000000e+00 |   3.498547e+05 |
|   3.400000e+02 |   2.000000e+01 |   8.254078e+03 |   3.000000e+01 |   1.000000e+00 |   3.498547e+05 |
|   3.600000e+02 |   2.000000e+01 |   8.236397e+03 |   3.000000e+01 |   1.000000e+00 |   3.498547e+05 |
|   3.800000e+02 |   2.000000e+01 |   8.216449e+03 |   3.000000e+01 |   1.000000e+00 |   3.498547e+05 |
+----------------+----------------+----------------+----------------+----------------+----------------+


Time Step 20, time = 400, dt = 20
[32m Solve Converged![39m


Grain Tracker Status:
Grains active index 0: 6 -> 6
Grains active index 1: 6 -> 6
Grains active index 2: 5 -> 5
Grains active index 3: 5 -> 5
Grains active index 4: 3 -> 3
Grains active index 5: 2 -> 2
Grains active index 6: 2 -> 2
Grains active index 7: 1 -> 1

Finished inside of GrainTracker


Outlier Variable Residual Norms:
  gr3: [33m1.200340e-12[39m

Postprocessor Values:
+----------------+----------------+----------------+----------------+----------------+----------------+
| time           | dt             | gb_area        | grain_tracker  | ngrains        | total_solute   |
+----------------+----------------+----------------+----------------+----------------+----------------+
:                :                :                :                :                :                :
|   1.200000e+02 |   2.000000e+01 |   8.643381e+03 |   3.000000e+01 |   1.000000e+00 |   3.498547e+05 |
|   1.400000e+02 |   2.000000e+01 |   8.579431e+03 |   3.000000e+01 |   1.000000e+00 |   3.498547e+05 |
|   1.600000e+02 |   2.000000e+01 |   8.527109e+03 |   3.000000e+01 |   1.000000e+00 |   3.498547e+05 |
|   1.800000e+02 |   2.000000e+01 |   8.482833e+03 |   3.000000e+01 |   1.000000e+00 |   3.498547e+05 |
|   2.000000e+02 |   2.000000e+01 |   8.444137e+03 |   3.000000e+01 |   1.000000e+00 |   3.498547e+05 |
|   2.200000e+02 |   2.000000e+01 |   8.409426e+03 |   3.000000e+01 |   1.000000e+00 |   3.498547e+05 |
|   2.400000e+02 |   2.000000e+01 |   8.377746e+03 |   3.000000e+01 |   1.000000e+00 |   3.498547e+05 |
|   2.600000e+02 |   2.000000e+01 |   8.348586e+03 |   3.000000e+01 |   1.000000e+00 |   3.498547e+05 |
|   2.800000e+02 |   2.000000e+01 |   8.321815e+03 |   3.000000e+01 |   1.000000e+00 |   3.498547e+05 |
|   3.000000e+02 |   2.000000e+01 |   8.297370e+03 |   3.000000e+01 |   1.000000e+00 |   3.498547e+05 |
|   3.200000e+02 |   2.000000e+01 |   8.274957e+03 |   3.000000e+01 |   1.000000e+00 |   3.498547e+05 |
|   3.400000e+02 |   2.000000e+01 |   8.254078e+03 |   3.000000e+01 |   1.000000e+00 |   3.498547e+05 |
|   3.600000e+02 |   2.000000e+01 |   8.236397e+03 |   3.000000e+01 |   1.000000e+00 |   3.498547e+05 |
|   3.800000e+02 |   2.000000e+01 |   8.216449e+03 |   3.000000e+01 |   1.000000e+00 |   3.498547e+05 |
|   4.000000e+02 |   2.000000e+01 |   8.198050e+03 |   3.000000e+01 |   1.000000e+00 |   3.498547e+05 |
+----------------+----------------+----------------+----------------+----------------+----------------+


Time Step 21, time = 420, dt = 20
[32m Solve Converged![39m


Grain Tracker Status:
Grains active index 0: 6 -> 6
Grains active index 1: 6 -> 6
Grains active index 2: 5 -> 5
Grains active index 3: 5 -> 5
Grains active index 4: 3 -> 3
Grains active index 5: 2 -> 2
Grains active index 6: 2 -> 2
Grains active index 7: 1 -> 1

Finished inside of GrainTracker


Outlier Variable Residual Norms:
  gr0: [33m6.948757e-12[39m
  gr3: [33m6.532052e-12[39m

Postprocessor Values:
+----------------+----------------+----------------+----------------+----------------+----------------+
| time           | dt             | gb_area        | grain_tracker  | ngrains        | total_solute   |
+----------------+----------------+----------------+----------------+----------------+----------------+
:                :                :                :                :                :                :
|   1.400000e+02 |   2.000000e+01 |   8.579431e+03 |   3.000000e+01 |   1.000000e+00 |   3.498547e+05 |
|   1.600000e+02 |   2.000000e+01 |   8.527109e+03 |   3.000000e+01 |   1.000000e+00 |   3.498547e+05 |
|   1.800000e+02 |   2.000000e+01 |   8.482833e+03 |   3.000000e+01 |   1.000000e+00 |   3.498547e+05 |
|   2.000000e+02 |   2.000000e+01 |   8.444137e+03 |   3.000000e+01 |   1.000000e+00 |   3.498547e+05 |
|   2.200000e+02 |   2.000000e+01 |   8.409426e+03 |   3.000000e+01 |   1.000000e+00 |   3.498547e+05 |
|   2.400000e+02 |   2.000000e+01 |   8.377746e+03 |   3.000000e+01 |   1.000000e+00 |   3.498547e+05 |
|   2.600000e+02 |   2.000000e+01 |   8.348586e+03 |   3.000000e+01 |   1.000000e+00 |   3.498547e+05 |
|   2.800000e+02 |   2.000000e+01 |   8.321815e+03 |   3.000000e+01 |   1.000000e+00 |   3.498547e+05 |
|   3.000000e+02 |   2.000000e+01 |   8.297370e+03 |   3.000000e+01 |   1.000000e+00 |   3.498547e+05 |
|   3.200000e+02 |   2.000000e+01 |   8.274957e+03 |   3.000000e+01 |   1.000000e+00 |   3.498547e+05 |
|   3.400000e+02 |   2.000000e+01 |   8.254078e+03 |   3.000000e+01 |   1.000000e+00 |   3.498547e+05 |
|   3.600000e+02 |   2.000000e+01 |   8.236397e+03 |   3.000000e+01 |   1.000000e+00 |   3.498547e+05 |
|   3.800000e+02 |   2.000000e+01 |   8.216449e+03 |   3.000000e+01 |   1.000000e+00 |   3.498547e+05 |
|   4.000000e+02 |   2.000000e+01 |   8.198050e+03 |   3.000000e+01 |   1.000000e+00 |   3.498547e+05 |
|   4.200000e+02 |   2.000000e+01 |   8.180453e+03 |   3.000000e+01 |   1.000000e+00 |   3.498547e+05 |
+----------------+----------------+----------------+----------------+----------------+----------------+


Time Step 22, time = 440, dt = 20
[32m Solve Converged![39m


Grain Tracker Status:
Grains active index 0: 6 -> 6
Grains active index 1: 6 -> 6
Grains active index 2: 5 -> 5
Grains active index 3: 5 -> 5
Grains active index 4: 3 -> 3
Grains active index 5: 2 -> 2
Grains active index 6: 2 -> 2
Grains active index 7: 1 -> 1

Finished inside of GrainTracker


Outlier Variable Residual Norms:
  gr1: [33m7.856517e-12[39m

Postprocessor Values:
+----------------+----------------+----------------+----------------+----------------+----------------+
| time           | dt             | gb_area        | grain_tracker  | ngrains        | total_solute   |
+----------------+----------------+----------------+----------------+----------------+----------------+
:                :                :                :                :                :                :
|   1.600000e+02 |   2.000000e+01 |   8.527109e+03 |   3.000000e+01 |   1.000000e+00 |   3.498547e+05 |
|   1.800000e+02 |   2.000000e+01 |   8.482833e+03 |   3.000000e+01 |   1.000000e+00 |   3.498547e+05 |
|   2.000000e+02 |   2.000000e+01 |   8.444137e+03 |   3.000000e+01 |   1.000000e+00 |   3.498547e+05 |
|   2.200000e+02 |   2.000000e+01 |   8.409426e+03 |   3.000000e+01 |   1.000000e+00 |   3.498547e+05 |
|   2.400000e+02 |   2.000000e+01 |   8.377746e+03 |   3.000000e+01 |   1.000000e+00 |   3.498547e+05 |
|   2.600000e+02 |   2.000000e+01 |   8.348586e+03 |   3.000000e+01 |   1.000000e+00 |   3.498547e+05 |
|   2.800000e+02 |   2.000000e+01 |   8.321815e+03 |   3.000000e+01 |   1.000000e+00 |   3.498547e+05 |
|   3.000000e+02 |   2.000000e+01 |   8.297370e+03 |   3.000000e+01 |   1.000000e+00 |   3.498547e+05 |
|   3.200000e+02 |   2.000000e+01 |   8.274957e+03 |   3.000000e+01 |   1.000000e+00 |   3.498547e+05 |
|   3.400000e+02 |   2.000000e+01 |   8.254078e+03 |   3.000000e+01 |   1.000000e+00 |   3.498547e+05 |
|   3.600000e+02 |   2.000000e+01 |   8.236397e+03 |   3.000000e+01 |   1.000000e+00 |   3.498547e+05 |
|   3.800000e+02 |   2.000000e+01 |   8.216449e+03 |   3.000000e+01 |   1.000000e+00 |   3.498547e+05 |
|   4.000000e+02 |   2.000000e+01 |   8.198050e+03 |   3.000000e+01 |   1.000000e+00 |   3.498547e+05 |
|   4.200000e+02 |   2.000000e+01 |   8.180453e+03 |   3.000000e+01 |   1.000000e+00 |   3.498547e+05 |
|   4.400000e+02 |   2.000000e+01 |   8.163224e+03 |   3.000000e+01 |   1.000000e+00 |   3.498547e+05 |
+----------------+----------------+----------------+----------------+----------------+----------------+


Time Step 23, time = 460, dt = 20
[32m Solve Converged![39m


Grain Tracker Status:
Grains active index 0: 6 -> 6
Grains active index 1: 6 -> 6
Grains active index 2: 5 -> 5
Grains active index 3: 5 -> 5
Grains active index 4: 3 -> 3
Grains active index 5: 2 -> 2
Grains active index 6: 2 -> 2
Grains active index 7: 1 -> 1

Finished inside of GrainTracker


Outlier Variable Residual Norms:
  gr0: [33m7.767696e-11[39m
  gr1: [33m6.169397e-11[39m

Postprocessor Values:
+----------------+----------------+----------------+----------------+----------------+----------------+
| time           | dt             | gb_area        | grain_tracker  | ngrains        | total_solute   |
+----------------+----------------+----------------+----------------+----------------+----------------+
:                :                :                :                :                :                :
|   1.800000e+02 |   2.000000e+01 |   8.482833e+03 |   3.000000e+01 |   1.000000e+00 |   3.498547e+05 |
|   2.000000e+02 |   2.000000e+01 |   8.444137e+03 |   3.000000e+01 |   1.000000e+00 |   3.498547e+05 |
|   2.200000e+02 |   2.000000e+01 |   8.409426e+03 |   3.000000e+01 |   1.000000e+00 |   3.498547e+05 |
|   2.400000e+02 |   2.000000e+01 |   8.377746e+03 |   3.000000e+01 |   1.000000e+00 |   3.498547e+05 |
|   2.600000e+02 |   2.000000e+01 |   8.348586e+03 |   3.000000e+01 |   1.000000e+00 |   3.498547e+05 |
|   2.800000e+02 |   2.000000e+01 |   8.321815e+03 |   3.000000e+01 |   1.000000e+00 |   3.498547e+05 |
|   3.000000e+02 |   2.000000e+01 |   8.297370e+03 |   3.000000e+01 |   1.000000e+00 |   3.498547e+05 |
|   3.200000e+02 |   2.000000e+01 |   8.274957e+03 |   3.000000e+01 |   1.000000e+00 |   3.498547e+05 |
|   3.400000e+02 |   2.000000e+01 |   8.254078e+03 |   3.000000e+01 |   1.000000e+00 |   3.498547e+05 |
|   3.600000e+02 |   2.000000e+01 |   8.236397e+03 |   3.000000e+01 |   1.000000e+00 |   3.498547e+05 |
|   3.800000e+02 |   2.000000e+01 |   8.216449e+03 |   3.000000e+01 |   1.000000e+00 |   3.498547e+05 |
|   4.000000e+02 |   2.000000e+01 |   8.198050e+03 |   3.000000e+01 |   1.000000e+00 |   3.498547e+05 |
|   4.200000e+02 |   2.000000e+01 |   8.180453e+03 |   3.000000e+01 |   1.000000e+00 |   3.498547e+05 |
|   4.400000e+02 |   2.000000e+01 |   8.163224e+03 |   3.000000e+01 |   1.000000e+00 |   3.498547e+05 |
|   4.600000e+02 |   2.000000e+01 |   8.146377e+03 |   3.000000e+01 |   1.000000e+00 |   3.498547e+05 |
+----------------+----------------+----------------+----------------+----------------+----------------+


Time Step 24, time = 480, dt = 20
[32m Solve Converged![39m


Grain Tracker Status:
Grains active index 0: 6 -> 6
Grains active index 1: 6 -> 6
Grains active index 2: 5 -> 5
Grains active index 3: 5 -> 5
Grains active index 4: 3 -> 3
Grains active index 5: 2 -> 2
Grains active index 6: 2 -> 2
Grains active index 7: 1 -> 1

Finished inside of GrainTracker


Outlier Variable Residual Norms:
  gr0: [33m1.005178e-10[39m
  gr1: [33m8.664173e-11[39m

Postprocessor Values:
+----------------+----------------+----------------+----------------+----------------+----------------+
| time           | dt             | gb_area        | grain_tracker  | ngrains        | total_solute   |
+----------------+----------------+----------------+----------------+----------------+----------------+
:                :                :                :                :                :                :
|   2.000000e+02 |   2.000000e+01 |   8.444137e+03 |   3.000000e+01 |   1.000000e+00 |   3.498547e+05 |
|   2.200000e+02 |   2.000000e+01 |   8.409426e+03 |   3.000000e+01 |   1.000000e+00 |   3.498547e+05 |
|   2.400000e+02 |   2.000000e+01 |   8.377746e+03 |   3.000000e+01 |   1.000000e+00 |   3.498547e+05 |
|   2.600000e+02 |   2.000000e+01 |   8.348586e+03 |   3.000000e+01 |   1.000000e+00 |   3.498547e+05 |
|   2.800000e+02 |   2.000000e+01 |   8.321815e+03 |   3.000000e+01 |   1.000000e+00 |   3.498547e+05 |
|   3.000000e+02 |   2.000000e+01 |   8.297370e+03 |   3.000000e+01 |   1.000000e+00 |   3.498547e+05 |
|   3.200000e+02 |   2.000000e+01 |   8.274957e+03 |   3.000000e+01 |   1.000000e+00 |   3.498547e+05 |
|   3.400000e+02 |   2.000000e+01 |   8.254078e+03 |   3.000000e+01 |   1.000000e+00 |   3.498547e+05 |
|   3.600000e+02 |   2.000000e+01 |   8.236397e+03 |   3.000000e+01 |   1.000000e+00 |   3.498547e+05 |
|   3.800000e+02 |   2.000000e+01 |   8.216449e+03 |   3.000000e+01 |   1.000000e+00 |   3.498547e+05 |
|   4.000000e+02 |   2.000000e+01 |   8.198050e+03 |   3.000000e+01 |   1.000000e+00 |   3.498547e+05 |
|   4.200000e+02 |   2.000000e+01 |   8.180453e+03 |   3.000000e+01 |   1.000000e+00 |   3.498547e+05 |
|   4.400000e+02 |   2.000000e+01 |   8.163224e+03 |   3.000000e+01 |   1.000000e+00 |   3.498547e+05 |
|   4.600000e+02 |   2.000000e+01 |   8.146377e+03 |   3.000000e+01 |   1.000000e+00 |   3.498547e+05 |
|   4.800000e+02 |   2.000000e+01 |   8.129971e+03 |   3.000000e+01 |   1.000000e+00 |   3.498547e+05 |
+----------------+----------------+----------------+----------------+----------------+----------------+


Time Step 25, time = 500, dt = 20
[32m Solve Converged![39m


Grain Tracker Status:
Grains active index 0: 6 -> 6
Grains active index 1: 6 -> 6
Grains active index 2: 5 -> 5
Grains active index 3: 5 -> 5
Grains active index 4: 3 -> 3
Grains active index 5: 2 -> 2
Grains active index 6: 2 -> 2
Grains active index 7: 1 -> 1

Finished inside of GrainTracker


Outlier Variable Residual Norms:
  gr1: [33m1.162497e-11[39m

Postprocessor Values:
+----------------+----------------+----------------+----------------+----------------+----------------+
| time           | dt             | gb_area        | grain_tracker  | ngrains        | total_solute   |
+----------------+----------------+----------------+----------------+----------------+----------------+
:                :                :                :                :                :                :
|   2.200000e+02 |   2.000000e+01 |   8.409426e+03 |   3.000000e+01 |   1.000000e+00 |   3.498547e+05 |
|   2.400000e+02 |   2.000000e+01 |   8.377746e+03 |   3.000000e+01 |   1.000000e+00 |   3.498547e+05 |
|   2.600000e+02 |   2.000000e+01 |   8.348586e+03 |   3.000000e+01 |   1.000000e+00 |   3.498547e+05 |
|   2.800000e+02 |   2.000000e+01 |   8.321815e+03 |   3.000000e+01 |   1.000000e+00 |   3.498547e+05 |
|   3.000000e+02 |   2.000000e+01 |   8.297370e+03 |   3.000000e+01 |   1.000000e+00 |   3.498547e+05 |
|   3.200000e+02 |   2.000000e+01 |   8.274957e+03 |   3.000000e+01 |   1.000000e+00 |   3.498547e+05 |
|   3.400000e+02 |   2.000000e+01 |   8.254078e+03 |   3.000000e+01 |   1.000000e+00 |   3.498547e+05 |
|   3.600000e+02 |   2.000000e+01 |   8.236397e+03 |   3.000000e+01 |   1.000000e+00 |   3.498547e+05 |
|   3.800000e+02 |   2.000000e+01 |   8.216449e+03 |   3.000000e+01 |   1.000000e+00 |   3.498547e+05 |
|   4.000000e+02 |   2.000000e+01 |   8.198050e+03 |   3.000000e+01 |   1.000000e+00 |   3.498547e+05 |
|   4.200000e+02 |   2.000000e+01 |   8.180453e+03 |   3.000000e+01 |   1.000000e+00 |   3.498547e+05 |
|   4.400000e+02 |   2.000000e+01 |   8.163224e+03 |   3.000000e+01 |   1.000000e+00 |   3.498547e+05 |
|   4.600000e+02 |   2.000000e+01 |   8.146377e+03 |   3.000000e+01 |   1.000000e+00 |   3.498547e+05 |
|   4.800000e+02 |   2.000000e+01 |   8.129971e+03 |   3.000000e+01 |   1.000000e+00 |   3.498547e+05 |
|   5.000000e+02 |   2.000000e+01 |   8.113897e+03 |   3.000000e+01 |   1.000000e+00 |   3.498547e+05 |
+----------------+----------------+----------------+----------------+----------------+----------------+


Time Step 26, time = 520, dt = 20
[32m Solve Converged![39m


Grain Tracker Status:
Grains active index 0: 6 -> 6
Grains active index 1: 6 -> 6
Grains active index 2: 5 -> 5
Grains active index 3: 5 -> 5
Grains active index 4: 3 -> 3
Grains active index 5: 2 -> 2
Grains active index 6: 2 -> 2
Grains active index 7: 1 -> 1

Finished inside of GrainTracker


Postprocessor Values:
+----------------+----------------+----------------+----------------+----------------+----------------+
| time           | dt             | gb_area        | grain_tracker  | ngrains        | total_solute   |
+----------------+----------------+----------------+----------------+----------------+----------------+
:                :                :                :                :                :                :
|   2.400000e+02 |   2.000000e+01 |   8.377746e+03 |   3.000000e+01 |   1.000000e+00 |   3.498547e+05 |
|   2.600000e+02 |   2.000000e+01 |   8.348586e+03 |   3.000000e+01 |   1.000000e+00 |   3.498547e+05 |
|   2.800000e+02 |   2.000000e+01 |   8.321815e+03 |   3.000000e+01 |   1.000000e+00 |   3.498547e+05 |
|   3.000000e+02 |   2.000000e+01 |   8.297370e+03 |   3.000000e+01 |   1.000000e+00 |   3.498547e+05 |
|   3.200000e+02 |   2.000000e+01 |   8.274957e+03 |   3.000000e+01 |   1.000000e+00 |   3.498547e+05 |
|   3.400000e+02 |   2.000000e+01 |   8.254078e+03 |   3.000000e+01 |   1.000000e+00 |   3.498547e+05 |
|   3.600000e+02 |   2.000000e+01 |   8.236397e+03 |   3.000000e+01 |   1.000000e+00 |   3.498547e+05 |
|   3.800000e+02 |   2.000000e+01 |   8.216449e+03 |   3.000000e+01 |   1.000000e+00 |   3.498547e+05 |
|   4.000000e+02 |   2.000000e+01 |   8.198050e+03 |   3.000000e+01 |   1.000000e+00 |   3.498547e+05 |
|   4.200000e+02 |   2.000000e+01 |   8.180453e+03 |   3.000000e+01 |   1.000000e+00 |   3.498547e+05 |
|   4.400000e+02 |   2.000000e+01 |   8.163224e+03 |   3.000000e+01 |   1.000000e+00 |   3.498547e+05 |
|   4.600000e+02 |   2.000000e+01 |   8.146377e+03 |   3.000000e+01 |   1.000000e+00 |   3.498547e+05 |
|   4.800000e+02 |   2.000000e+01 |   8.129971e+03 |   3.000000e+01 |   1.000000e+00 |   3.498547e+05 |
|   5.000000e+02 |   2.000000e+01 |   8.113897e+03 |   3.000000e+01 |   1.000000e+00 |   3.498547e+05 |
|   5.200000e+02 |   2.000000e+01 |   8.097914e+03 |   3.000000e+01 |   1.000000e+00 |   3.498547e+05 |
+----------------+----------------+----------------+----------------+----------------+----------------+


Time Step 27, time = 540, dt = 20
[32m Solve Converged![39m


Grain Tracker Status:
Grains active index 0: 6 -> 6
Grains active index 1: 6 -> 6
Grains active index 2: 5 -> 5
Grains active index 3: 5 -> 5
Grains active index 4: 3 -> 3
Grains active index 5: 2 -> 2
Grains active index 6: 2 -> 2
Grains active index 7: 1 -> 1

Finished inside of GrainTracker


Outlier Variable Residual Norms:
  gr1: [33m5.243782e-11[39m
  gr3: [33m4.443212e-11[39m

Postprocessor Values:
+----------------+----------------+----------------+----------------+----------------+----------------+
| time           | dt             | gb_area        | grain_tracker  | ngrains        | total_solute   |
+----------------+----------------+----------------+----------------+----------------+----------------+
:                :                :                :                :                :                :
|   2.600000e+02 |   2.000000e+01 |   8.348586e+03 |   3.000000e+01 |   1.000000e+00 |   3.498547e+05 |
|   2.800000e+02 |   2.000000e+01 |   8.321815e+03 |   3.000000e+01 |   1.000000e+00 |   3.498547e+05 |
|   3.000000e+02 |   2.000000e+01 |   8.297370e+03 |   3.000000e+01 |   1.000000e+00 |   3.498547e+05 |
|   3.200000e+02 |   2.000000e+01 |   8.274957e+03 |   3.000000e+01 |   1.000000e+00 |   3.498547e+05 |
|   3.400000e+02 |   2.000000e+01 |   8.254078e+03 |   3.000000e+01 |   1.000000e+00 |   3.498547e+05 |
|   3.600000e+02 |   2.000000e+01 |   8.236397e+03 |   3.000000e+01 |   1.000000e+00 |   3.498547e+05 |
|   3.800000e+02 |   2.000000e+01 |   8.216449e+03 |   3.000000e+01 |   1.000000e+00 |   3.498547e+05 |
|   4.000000e+02 |   2.000000e+01 |   8.198050e+03 |   3.000000e+01 |   1.000000e+00 |   3.498547e+05 |
|   4.200000e+02 |   2.000000e+01 |   8.180453e+03 |   3.000000e+01 |   1.000000e+00 |   3.498547e+05 |
|   4.400000e+02 |   2.000000e+01 |   8.163224e+03 |   3.000000e+01 |   1.000000e+00 |   3.498547e+05 |
|   4.600000e+02 |   2.000000e+01 |   8.146377e+03 |   3.000000e+01 |   1.000000e+00 |   3.498547e+05 |
|   4.800000e+02 |   2.000000e+01 |   8.129971e+03 |   3.000000e+01 |   1.000000e+00 |   3.498547e+05 |
|   5.000000e+02 |   2.000000e+01 |   8.113897e+03 |   3.000000e+01 |   1.000000e+00 |   3.498547e+05 |
|   5.200000e+02 |   2.000000e+01 |   8.097914e+03 |   3.000000e+01 |   1.000000e+00 |   3.498547e+05 |
|   5.400000e+02 |   2.000000e+01 |   8.081699e+03 |   3.000000e+01 |   1.000000e+00 |   3.498547e+05 |
+----------------+----------------+----------------+----------------+----------------+----------------+


Time Step 28, time = 560, dt = 20
[32m Solve Converged![39m


Grain Tracker Status:
Grains active index 0: 6 -> 6
Grains active index 1: 6 -> 6
Grains active index 2: 5 -> 5
Grains active index 3: 5 -> 5
Grains active index 4: 3 -> 3
Grains active index 5: 2 -> 2
Grains active index 6: 2 -> 2
Grains active index 7: 1 -> 1

Finished inside of GrainTracker


Outlier Variable Residual Norms:
  gr1: [33m8.495425e-11[39m

Postprocessor Values:
+----------------+----------------+----------------+----------------+----------------+----------------+
| time           | dt             | gb_area        | grain_tracker  | ngrains        | total_solute   |
+----------------+----------------+----------------+----------------+----------------+----------------+
:                :                :                :                :                :                :
|   2.800000e+02 |   2.000000e+01 |   8.321815e+03 |   3.000000e+01 |   1.000000e+00 |   3.498547e+05 |
|   3.000000e+02 |   2.000000e+01 |   8.297370e+03 |   3.000000e+01 |   1.000000e+00 |   3.498547e+05 |
|   3.200000e+02 |   2.000000e+01 |   8.274957e+03 |   3.000000e+01 |   1.000000e+00 |   3.498547e+05 |
|   3.400000e+02 |   2.000000e+01 |   8.254078e+03 |   3.000000e+01 |   1.000000e+00 |   3.498547e+05 |
|   3.600000e+02 |   2.000000e+01 |   8.236397e+03 |   3.000000e+01 |   1.000000e+00 |   3.498547e+05 |
|   3.800000e+02 |   2.000000e+01 |   8.216449e+03 |   3.000000e+01 |   1.000000e+00 |   3.498547e+05 |
|   4.000000e+02 |   2.000000e+01 |   8.198050e+03 |   3.000000e+01 |   1.000000e+00 |   3.498547e+05 |
|   4.200000e+02 |   2.000000e+01 |   8.180453e+03 |   3.000000e+01 |   1.000000e+00 |   3.498547e+05 |
|   4.400000e+02 |   2.000000e+01 |   8.163224e+03 |   3.000000e+01 |   1.000000e+00 |   3.498547e+05 |
|   4.600000e+02 |   2.000000e+01 |   8.146377e+03 |   3.000000e+01 |   1.000000e+00 |   3.498547e+05 |
|   4.800000e+02 |   2.000000e+01 |   8.129971e+03 |   3.000000e+01 |   1.000000e+00 |   3.498547e+05 |
|   5.000000e+02 |   2.000000e+01 |   8.113897e+03 |   3.000000e+01 |   1.000000e+00 |   3.498547e+05 |
|   5.200000e+02 |   2.000000e+01 |   8.097914e+03 |   3.000000e+01 |   1.000000e+00 |   3.498547e+05 |
|   5.400000e+02 |   2.000000e+01 |   8.081699e+03 |   3.000000e+01 |   1.000000e+00 |   3.498547e+05 |
|   5.600000e+02 |   2.000000e+01 |   8.064767e+03 |   3.000000e+01 |   1.000000e+00 |   3.498547e+05 |
+----------------+----------------+----------------+----------------+----------------+----------------+


Time Step 29, time = 580, dt = 20
[32m Solve Converged![39m


Grain Tracker Status:
Grains active index 0: 6 -> 6
Grains active index 1: 6 -> 6
Grains active index 2: 5 -> 5
Grains active index 3: 5 -> 5
Grains active index 4: 3 -> 3
Grains active index 5: 2 -> 2
Grains active index 6: 2 -> 2
Grains active index 7: 1 -> 1

Finished inside of GrainTracker


Outlier Variable Residual Norms:
  gr3: [33m3.228324e-09[39m

Postprocessor Values:
+----------------+----------------+----------------+----------------+----------------+----------------+
| time           | dt             | gb_area        | grain_tracker  | ngrains        | total_solute   |
+----------------+----------------+----------------+----------------+----------------+----------------+
:                :                :                :                :                :                :
|   3.000000e+02 |   2.000000e+01 |   8.297370e+03 |   3.000000e+01 |   1.000000e+00 |   3.498547e+05 |
|   3.200000e+02 |   2.000000e+01 |   8.274957e+03 |   3.000000e+01 |   1.000000e+00 |   3.498547e+05 |
|   3.400000e+02 |   2.000000e+01 |   8.254078e+03 |   3.000000e+01 |   1.000000e+00 |   3.498547e+05 |
|   3.600000e+02 |   2.000000e+01 |   8.236397e+03 |   3.000000e+01 |   1.000000e+00 |   3.498547e+05 |
|   3.800000e+02 |   2.000000e+01 |   8.216449e+03 |   3.000000e+01 |   1.000000e+00 |   3.498547e+05 |
|   4.000000e+02 |   2.000000e+01 |   8.198050e+03 |   3.000000e+01 |   1.000000e+00 |   3.498547e+05 |
|   4.200000e+02 |   2.000000e+01 |   8.180453e+03 |   3.000000e+01 |   1.000000e+00 |   3.498547e+05 |
|   4.400000e+02 |   2.000000e+01 |   8.163224e+03 |   3.000000e+01 |   1.000000e+00 |   3.498547e+05 |
|   4.600000e+02 |   2.000000e+01 |   8.146377e+03 |   3.000000e+01 |   1.000000e+00 |   3.498547e+05 |
|   4.800000e+02 |   2.000000e+01 |   8.129971e+03 |   3.000000e+01 |   1.000000e+00 |   3.498547e+05 |
|   5.000000e+02 |   2.000000e+01 |   8.113897e+03 |   3.000000e+01 |   1.000000e+00 |   3.498547e+05 |
|   5.200000e+02 |   2.000000e+01 |   8.097914e+03 |   3.000000e+01 |   1.000000e+00 |   3.498547e+05 |
|   5.400000e+02 |   2.000000e+01 |   8.081699e+03 |   3.000000e+01 |   1.000000e+00 |   3.498547e+05 |
|   5.600000e+02 |   2.000000e+01 |   8.064767e+03 |   3.000000e+01 |   1.000000e+00 |   3.498547e+05 |
|   5.800000e+02 |   2.000000e+01 |   8.046174e+03 |   3.000000e+01 |   1.000000e+00 |   3.498547e+05 |
+----------------+----------------+----------------+----------------+----------------+----------------+


Time Step 30, time = 600, dt = 20
[32m Solve Converged![39m


Grain Tracker Status:
Grains active index 0: 6 -> 6
Grains active index 1: 6 -> 6
Grains active index 2: 5 -> 5
Grains active index 3: 5 -> 5
Grains active index 4: 3 -> 3
Grains active index 5: 2 -> 2
Grains active index 6: 2 -> 2
Grains active index 7: 1 -> 1

Finished inside of GrainTracker


Outlier Variable Residual Norms:
  gr3: [33m4.734928e-09[39m

Postprocessor Values:
+----------------+----------------+----------------+----------------+----------------+----------------+
| time           | dt             | gb_area        | grain_tracker  | ngrains        | total_solute   |
+----------------+----------------+----------------+----------------+----------------+----------------+
:                :                :                :                :                :                :
|   3.200000e+02 |   2.000000e+01 |   8.274957e+03 |   3.000000e+01 |   1.000000e+00 |   3.498547e+05 |
|   3.400000e+02 |   2.000000e+01 |   8.254078e+03 |   3.000000e+01 |   1.000000e+00 |   3.498547e+05 |
|   3.600000e+02 |   2.000000e+01 |   8.236397e+03 |   3.000000e+01 |   1.000000e+00 |   3.498547e+05 |
|   3.800000e+02 |   2.000000e+01 |   8.216449e+03 |   3.000000e+01 |   1.000000e+00 |   3.498547e+05 |
|   4.000000e+02 |   2.000000e+01 |   8.198050e+03 |   3.000000e+01 |   1.000000e+00 |   3.498547e+05 |
|   4.200000e+02 |   2.000000e+01 |   8.180453e+03 |   3.000000e+01 |   1.000000e+00 |   3.498547e+05 |
|   4.400000e+02 |   2.000000e+01 |   8.163224e+03 |   3.000000e+01 |   1.000000e+00 |   3.498547e+05 |
|   4.600000e+02 |   2.000000e+01 |   8.146377e+03 |   3.000000e+01 |   1.000000e+00 |   3.498547e+05 |
|   4.800000e+02 |   2.000000e+01 |   8.129971e+03 |   3.000000e+01 |   1.000000e+00 |   3.498547e+05 |
|   5.000000e+02 |   2.000000e+01 |   8.113897e+03 |   3.000000e+01 |   1.000000e+00 |   3.498547e+05 |
|   5.200000e+02 |   2.000000e+01 |   8.097914e+03 |   3.000000e+01 |   1.000000e+00 |   3.498547e+05 |
|   5.400000e+02 |   2.000000e+01 |   8.081699e+03 |   3.000000e+01 |   1.000000e+00 |   3.498547e+05 |
|   5.600000e+02 |   2.000000e+01 |   8.064767e+03 |   3.000000e+01 |   1.000000e+00 |   3.498547e+05 |
|   5.800000e+02 |   2.000000e+01 |   8.046174e+03 |   3.000000e+01 |   1.000000e+00 |   3.498547e+05 |
|   6.000000e+02 |   2.000000e+01 |   8.024024e+03 |   3.000000e+01 |   1.000000e+00 |   3.498547e+05 |
+----------------+----------------+----------------+----------------+----------------+----------------+


Time Step 31, time = 620, dt = 20
[32m Solve Converged![39m


Grain Tracker Status:
Grains active index 0: 6 -> 6
Grains active index 1: 6 -> 6
Grains active index 2: 5 -> 5
Grains active index 3: 5 -> 5
Grains active index 4: 3 -> 3
Grains active index 5: 2 -> 2
Grains active index 6: 2 -> 2
Grains active index 7: 1 -> 1

Finished inside of GrainTracker


Outlier Variable Residual Norms:
  gr3: [33m1.794641e-08[39m
  gr5: [33m2.044908e-08[39m

Postprocessor Values:
+----------------+----------------+----------------+----------------+----------------+----------------+
| time           | dt             | gb_area        | grain_tracker  | ngrains        | total_solute   |
+----------------+----------------+----------------+----------------+----------------+----------------+
:                :                :                :                :                :                :
|   3.400000e+02 |   2.000000e+01 |   8.254078e+03 |   3.000000e+01 |   1.000000e+00 |   3.498547e+05 |
|   3.600000e+02 |   2.000000e+01 |   8.236397e+03 |   3.000000e+01 |   1.000000e+00 |   3.498547e+05 |
|   3.800000e+02 |   2.000000e+01 |   8.216449e+03 |   3.000000e+01 |   1.000000e+00 |   3.498547e+05 |
|   4.000000e+02 |   2.000000e+01 |   8.198050e+03 |   3.000000e+01 |   1.000000e+00 |   3.498547e+05 |
|   4.200000e+02 |   2.000000e+01 |   8.180453e+03 |   3.000000e+01 |   1.000000e+00 |   3.498547e+05 |
|   4.400000e+02 |   2.000000e+01 |   8.163224e+03 |   3.000000e+01 |   1.000000e+00 |   3.498547e+05 |
|   4.600000e+02 |   2.000000e+01 |   8.146377e+03 |   3.000000e+01 |   1.000000e+00 |   3.498547e+05 |
|   4.800000e+02 |   2.000000e+01 |   8.129971e+03 |   3.000000e+01 |   1.000000e+00 |   3.498547e+05 |
|   5.000000e+02 |   2.000000e+01 |   8.113897e+03 |   3.000000e+01 |   1.000000e+00 |   3.498547e+05 |
|   5.200000e+02 |   2.000000e+01 |   8.097914e+03 |   3.000000e+01 |   1.000000e+00 |   3.498547e+05 |
|   5.400000e+02 |   2.000000e+01 |   8.081699e+03 |   3.000000e+01 |   1.000000e+00 |   3.498547e+05 |
|   5.600000e+02 |   2.000000e+01 |   8.064767e+03 |   3.000000e+01 |   1.000000e+00 |   3.498547e+05 |
|   5.800000e+02 |   2.000000e+01 |   8.046174e+03 |   3.000000e+01 |   1.000000e+00 |   3.498547e+05 |
|   6.000000e+02 |   2.000000e+01 |   8.024024e+03 |   3.000000e+01 |   1.000000e+00 |   3.498547e+05 |
|   6.200000e+02 |   2.000000e+01 |   8.001514e+03 |   3.000000e+01 |   1.000000e+00 |   3.498547e+05 |
+----------------+----------------+----------------+----------------+----------------+----------------+


Time Step 32, time = 640, dt = 20
[32m Solve Converged![39m


Grain Tracker Status:
Grains active index 0: 6 -> 6
Grains active index 1: 6 -> 5--
Grains active index 2: 5 -> 5
Grains active index 3: 5 -> 5
Grains active index 4: 3 -> 3
Grains active index 5: 2 -> 2
Grains active index 6: 2 -> 2
Grains active index 7: 1 -> 1

[32mMarking Grain 10 as INACTIVE (variable index: 1)
[39mFinished inside of GrainTracker


Outlier Variable Residual Norms:
  gr3: [33m1.605402e-08[39m
  gr5: [33m1.582822e-08[39m

Postprocessor Values:
+----------------+----------------+----------------+----------------+----------------+----------------+
| time           | dt             | gb_area        | grain_tracker  | ngrains        | total_solute   |
+----------------+----------------+----------------+----------------+----------------+----------------+
:                :                :                :                :                :                :
|   3.600000e+02 |   2.000000e+01 |   8.236397e+03 |   3.000000e+01 |   1.000000e+00 |   3.498547e+05 |
|   3.800000e+02 |   2.000000e+01 |   8.216449e+03 |   3.000000e+01 |   1.000000e+00 |   3.498547e+05 |
|   4.000000e+02 |   2.000000e+01 |   8.198050e+03 |   3.000000e+01 |   1.000000e+00 |   3.498547e+05 |
|   4.200000e+02 |   2.000000e+01 |   8.180453e+03 |   3.000000e+01 |   1.000000e+00 |   3.498547e+05 |
|   4.400000e+02 |   2.000000e+01 |   8.163224e+03 |   3.000000e+01 |   1.000000e+00 |   3.498547e+05 |
|   4.600000e+02 |   2.000000e+01 |   8.146377e+03 |   3.000000e+01 |   1.000000e+00 |   3.498547e+05 |
|   4.800000e+02 |   2.000000e+01 |   8.129971e+03 |   3.000000e+01 |   1.000000e+00 |   3.498547e+05 |
|   5.000000e+02 |   2.000000e+01 |   8.113897e+03 |   3.000000e+01 |   1.000000e+00 |   3.498547e+05 |
|   5.200000e+02 |   2.000000e+01 |   8.097914e+03 |   3.000000e+01 |   1.000000e+00 |   3.498547e+05 |
|   5.400000e+02 |   2.000000e+01 |   8.081699e+03 |   3.000000e+01 |   1.000000e+00 |   3.498547e+05 |
|   5.600000e+02 |   2.000000e+01 |   8.064767e+03 |   3.000000e+01 |   1.000000e+00 |   3.498547e+05 |
|   5.800000e+02 |   2.000000e+01 |   8.046174e+03 |   3.000000e+01 |   1.000000e+00 |   3.498547e+05 |
|   6.000000e+02 |   2.000000e+01 |   8.024024e+03 |   3.000000e+01 |   1.000000e+00 |   3.498547e+05 |
|   6.200000e+02 |   2.000000e+01 |   8.001514e+03 |   3.000000e+01 |   1.000000e+00 |   3.498547e+05 |
|   6.400000e+02 |   2.000000e+01 |   7.982800e+03 |   2.900000e+01 |   1.000000e+00 |   3.498547e+05 |
+----------------+----------------+----------------+----------------+----------------+----------------+


Time Step 33, time = 660, dt = 20
[32m Solve Converged![39m


Grain Tracker Status:
Grains active index 0: 6 -> 6
Grains active index 1: 5 -> 5
Grains active index 2: 5 -> 5
Grains active index 3: 5 -> 5
Grains active index 4: 3 -> 3
Grains active index 5: 2 -> 2
Grains active index 6: 2 -> 2
Grains active index 7: 1 -> 1

Finished inside of GrainTracker


Outlier Variable Residual Norms:
  gr0: [33m8.094017e-11[39m
  gr3: [33m7.150244e-11[39m

Postprocessor Values:
+----------------+----------------+----------------+----------------+----------------+----------------+
| time           | dt             | gb_area        | grain_tracker  | ngrains        | total_solute   |
+----------------+----------------+----------------+----------------+----------------+----------------+
:                :                :                :                :                :                :
|   3.800000e+02 |   2.000000e+01 |   8.216449e+03 |   3.000000e+01 |   1.000000e+00 |   3.498547e+05 |
|   4.000000e+02 |   2.000000e+01 |   8.198050e+03 |   3.000000e+01 |   1.000000e+00 |   3.498547e+05 |
|   4.200000e+02 |   2.000000e+01 |   8.180453e+03 |   3.000000e+01 |   1.000000e+00 |   3.498547e+05 |
|   4.400000e+02 |   2.000000e+01 |   8.163224e+03 |   3.000000e+01 |   1.000000e+00 |   3.498547e+05 |
|   4.600000e+02 |   2.000000e+01 |   8.146377e+03 |   3.000000e+01 |   1.000000e+00 |   3.498547e+05 |
|   4.800000e+02 |   2.000000e+01 |   8.129971e+03 |   3.000000e+01 |   1.000000e+00 |   3.498547e+05 |
|   5.000000e+02 |   2.000000e+01 |   8.113897e+03 |   3.000000e+01 |   1.000000e+00 |   3.498547e+05 |
|   5.200000e+02 |   2.000000e+01 |   8.097914e+03 |   3.000000e+01 |   1.000000e+00 |   3.498547e+05 |
|   5.400000e+02 |   2.000000e+01 |   8.081699e+03 |   3.000000e+01 |   1.000000e+00 |   3.498547e+05 |
|   5.600000e+02 |   2.000000e+01 |   8.064767e+03 |   3.000000e+01 |   1.000000e+00 |   3.498547e+05 |
|   5.800000e+02 |   2.000000e+01 |   8.046174e+03 |   3.000000e+01 |   1.000000e+00 |   3.498547e+05 |
|   6.000000e+02 |   2.000000e+01 |   8.024024e+03 |   3.000000e+01 |   1.000000e+00 |   3.498547e+05 |
|   6.200000e+02 |   2.000000e+01 |   8.001514e+03 |   3.000000e+01 |   1.000000e+00 |   3.498547e+05 |
|   6.400000e+02 |   2.000000e+01 |   7.982800e+03 |   2.900000e+01 |   1.000000e+00 |   3.498547e+05 |
|   6.600000e+02 |   2.000000e+01 |   7.967763e+03 |   2.900000e+01 |   1.000000e+00 |   3.498547e+05 |
+----------------+----------------+----------------+----------------+----------------+----------------+


Time Step 34, time = 680, dt = 20
[32m Solve Converged![39m


Grain Tracker Status:
Grains active index 0: 6 -> 6
Grains active index 1: 5 -> 5
Grains active index 2: 5 -> 5
Grains active index 3: 5 -> 5
Grains active index 4: 3 -> 3
Grains active index 5: 2 -> 2
Grains active index 6: 2 -> 2
Grains active index 7: 1 -> 1

Finished inside of GrainTracker


Outlier Variable Residual Norms:
  gr0: [33m1.532600e-09[39m
  gr3: [33m1.384602e-09[39m
  gr7: [33m1.373998e-09[39m

Postprocessor Values:
+----------------+----------------+----------------+----------------+----------------+----------------+
| time           | dt             | gb_area        | grain_tracker  | ngrains        | total_solute   |
+----------------+----------------+----------------+----------------+----------------+----------------+
:                :                :                :                :                :                :
|   4.000000e+02 |   2.000000e+01 |   8.198050e+03 |   3.000000e+01 |   1.000000e+00 |   3.498547e+05 |
|   4.200000e+02 |   2.000000e+01 |   8.180453e+03 |   3.000000e+01 |   1.000000e+00 |   3.498547e+05 |
|   4.400000e+02 |   2.000000e+01 |   8.163224e+03 |   3.000000e+01 |   1.000000e+00 |   3.498547e+05 |
|   4.600000e+02 |   2.000000e+01 |   8.146377e+03 |   3.000000e+01 |   1.000000e+00 |   3.498547e+05 |
|   4.800000e+02 |   2.000000e+01 |   8.129971e+03 |   3.000000e+01 |   1.000000e+00 |   3.498547e+05 |
|   5.000000e+02 |   2.000000e+01 |   8.113897e+03 |   3.000000e+01 |   1.000000e+00 |   3.498547e+05 |
|   5.200000e+02 |   2.000000e+01 |   8.097914e+03 |   3.000000e+01 |   1.000000e+00 |   3.498547e+05 |
|   5.400000e+02 |   2.000000e+01 |   8.081699e+03 |   3.000000e+01 |   1.000000e+00 |   3.498547e+05 |
|   5.600000e+02 |   2.000000e+01 |   8.064767e+03 |   3.000000e+01 |   1.000000e+00 |   3.498547e+05 |
|   5.800000e+02 |   2.000000e+01 |   8.046174e+03 |   3.000000e+01 |   1.000000e+00 |   3.498547e+05 |
|   6.000000e+02 |   2.000000e+01 |   8.024024e+03 |   3.000000e+01 |   1.000000e+00 |   3.498547e+05 |
|   6.200000e+02 |   2.000000e+01 |   8.001514e+03 |   3.000000e+01 |   1.000000e+00 |   3.498547e+05 |
|   6.400000e+02 |   2.000000e+01 |   7.982800e+03 |   2.900000e+01 |   1.000000e+00 |   3.498547e+05 |
|   6.600000e+02 |   2.000000e+01 |   7.967763e+03 |   2.900000e+01 |   1.000000e+00 |   3.498547e+05 |
|   6.800000e+02 |   2.000000e+01 |   7.953943e+03 |   2.900000e+01 |   1.000000e+00 |   3.498547e+05 |
+----------------+----------------+----------------+----------------+----------------+----------------+


Time Step 35, time = 700, dt = 20
[32m Solve Converged![39m


Grain Tracker Status:
Grains active index 0: 6 -> 6
Grains active index 1: 5 -> 5
Grains active index 2: 5 -> 5
Grains active index 3: 5 -> 5
Grains active index 4: 3 -> 3
Grains active index 5: 2 -> 2
Grains active index 6: 2 -> 2
Grains active index 7: 1 -> 1

Finished inside of GrainTracker


Outlier Variable Residual Norms:
  gr0: [33m1.388806e-09[39m
  gr3: [33m1.542513e-09[39m

Postprocessor Values:
+----------------+----------------+----------------+----------------+----------------+----------------+
| time           | dt             | gb_area        | grain_tracker  | ngrains        | total_solute   |
+----------------+----------------+----------------+----------------+----------------+----------------+
:                :                :                :                :                :                :
|   4.200000e+02 |   2.000000e+01 |   8.180453e+03 |   3.000000e+01 |   1.000000e+00 |   3.498547e+05 |
|   4.400000e+02 |   2.000000e+01 |   8.163224e+03 |   3.000000e+01 |   1.000000e+00 |   3.498547e+05 |
|   4.600000e+02 |   2.000000e+01 |   8.146377e+03 |   3.000000e+01 |   1.000000e+00 |   3.498547e+05 |
|   4.800000e+02 |   2.000000e+01 |   8.129971e+03 |   3.000000e+01 |   1.000000e+00 |   3.498547e+05 |
|   5.000000e+02 |   2.000000e+01 |   8.113897e+03 |   3.000000e+01 |   1.000000e+00 |   3.498547e+05 |
|   5.200000e+02 |   2.000000e+01 |   8.097914e+03 |   3.000000e+01 |   1.000000e+00 |   3.498547e+05 |
|   5.400000e+02 |   2.000000e+01 |   8.081699e+03 |   3.000000e+01 |   1.000000e+00 |   3.498547e+05 |
|   5.600000e+02 |   2.000000e+01 |   8.064767e+03 |   3.000000e+01 |   1.000000e+00 |   3.498547e+05 |
|   5.800000e+02 |   2.000000e+01 |   8.046174e+03 |   3.000000e+01 |   1.000000e+00 |   3.498547e+05 |
|   6.000000e+02 |   2.000000e+01 |   8.024024e+03 |   3.000000e+01 |   1.000000e+00 |   3.498547e+05 |
|   6.200000e+02 |   2.000000e+01 |   8.001514e+03 |   3.000000e+01 |   1.000000e+00 |   3.498547e+05 |
|   6.400000e+02 |   2.000000e+01 |   7.982800e+03 |   2.900000e+01 |   1.000000e+00 |   3.498547e+05 |
|   6.600000e+02 |   2.000000e+01 |   7.967763e+03 |   2.900000e+01 |   1.000000e+00 |   3.498547e+05 |
|   6.800000e+02 |   2.000000e+01 |   7.953943e+03 |   2.900000e+01 |   1.000000e+00 |   3.498547e+05 |
|   7.000000e+02 |   2.000000e+01 |   7.940527e+03 |   2.900000e+01 |   1.000000e+00 |   3.498547e+05 |
+----------------+----------------+----------------+----------------+----------------+----------------+


Time Step 36, time = 720, dt = 20
[32m Solve Converged![39m


Grain Tracker Status:
Grains active index 0: 6 -> 6
Grains active index 1: 5 -> 5
Grains active index 2: 5 -> 5
Grains active index 3: 5 -> 5
Grains active index 4: 3 -> 3
Grains active index 5: 2 -> 2
Grains active index 6: 2 -> 2
Grains active index 7: 1 -> 1

Finished inside of GrainTracker


Outlier Variable Residual Norms:
  gr0: [33m4.450300e-11[39m
  gr3: [33m3.259832e-11[39m

Postprocessor Values:
+----------------+----------------+----------------+----------------+----------------+----------------+
| time           | dt             | gb_area        | grain_tracker  | ngrains        | total_solute   |
+----------------+----------------+----------------+----------------+----------------+----------------+
:                :                :                :                :                :                :
|   4.400000e+02 |   2.000000e+01 |   8.163224e+03 |   3.000000e+01 |   1.000000e+00 |   3.498547e+05 |
|   4.600000e+02 |   2.000000e+01 |   8.146377e+03 |   3.000000e+01 |   1.000000e+00 |   3.498547e+05 |
|   4.800000e+02 |   2.000000e+01 |   8.129971e+03 |   3.000000e+01 |   1.000000e+00 |   3.498547e+05 |
|   5.000000e+02 |   2.000000e+01 |   8.113897e+03 |   3.000000e+01 |   1.000000e+00 |   3.498547e+05 |
|   5.200000e+02 |   2.000000e+01 |   8.097914e+03 |   3.000000e+01 |   1.000000e+00 |   3.498547e+05 |
|   5.400000e+02 |   2.000000e+01 |   8.081699e+03 |   3.000000e+01 |   1.000000e+00 |   3.498547e+05 |
|   5.600000e+02 |   2.000000e+01 |   8.064767e+03 |   3.000000e+01 |   1.000000e+00 |   3.498547e+05 |
|   5.800000e+02 |   2.000000e+01 |   8.046174e+03 |   3.000000e+01 |   1.000000e+00 |   3.498547e+05 |
|   6.000000e+02 |   2.000000e+01 |   8.024024e+03 |   3.000000e+01 |   1.000000e+00 |   3.498547e+05 |
|   6.200000e+02 |   2.000000e+01 |   8.001514e+03 |   3.000000e+01 |   1.000000e+00 |   3.498547e+05 |
|   6.400000e+02 |   2.000000e+01 |   7.982800e+03 |   2.900000e+01 |   1.000000e+00 |   3.498547e+05 |
|   6.600000e+02 |   2.000000e+01 |   7.967763e+03 |   2.900000e+01 |   1.000000e+00 |   3.498547e+05 |
|   6.800000e+02 |   2.000000e+01 |   7.953943e+03 |   2.900000e+01 |   1.000000e+00 |   3.498547e+05 |
|   7.000000e+02 |   2.000000e+01 |   7.940527e+03 |   2.900000e+01 |   1.000000e+00 |   3.498547e+05 |
|   7.200000e+02 |   2.000000e+01 |   7.927838e+03 |   2.900000e+01 |   1.000000e+00 |   3.498547e+05 |
+----------------+----------------+----------------+----------------+----------------+----------------+


Time Step 37, time = 740, dt = 20
[32m Solve Converged![39m


Grain Tracker Status:
Grains active index 0: 6 -> 6
Grains active index 1: 5 -> 5
Grains active index 2: 5 -> 5
Grains active index 3: 5 -> 5
Grains active index 4: 3 -> 3
Grains active index 5: 2 -> 2
Grains active index 6: 2 -> 2
Grains active index 7: 1 -> 1

Finished inside of GrainTracker


Outlier Variable Residual Norms:
  gr0: [33m2.842964e-11[39m
  gr3: [33m2.684202e-11[39m

Postprocessor Values:
+----------------+----------------+----------------+----------------+----------------+----------------+
| time           | dt             | gb_area        | grain_tracker  | ngrains        | total_solute   |
+----------------+----------------+----------------+----------------+----------------+----------------+
:                :                :                :                :                :                :
|   4.600000e+02 |   2.000000e+01 |   8.146377e+03 |   3.000000e+01 |   1.000000e+00 |   3.498547e+05 |
|   4.800000e+02 |   2.000000e+01 |   8.129971e+03 |   3.000000e+01 |   1.000000e+00 |   3.498547e+05 |
|   5.000000e+02 |   2.000000e+01 |   8.113897e+03 |   3.000000e+01 |   1.000000e+00 |   3.498547e+05 |
|   5.200000e+02 |   2.000000e+01 |   8.097914e+03 |   3.000000e+01 |   1.000000e+00 |   3.498547e+05 |
|   5.400000e+02 |   2.000000e+01 |   8.081699e+03 |   3.000000e+01 |   1.000000e+00 |   3.498547e+05 |
|   5.600000e+02 |   2.000000e+01 |   8.064767e+03 |   3.000000e+01 |   1.000000e+00 |   3.498547e+05 |
|   5.800000e+02 |   2.000000e+01 |   8.046174e+03 |   3.000000e+01 |   1.000000e+00 |   3.498547e+05 |
|   6.000000e+02 |   2.000000e+01 |   8.024024e+03 |   3.000000e+01 |   1.000000e+00 |   3.498547e+05 |
|   6.200000e+02 |   2.000000e+01 |   8.001514e+03 |   3.000000e+01 |   1.000000e+00 |   3.498547e+05 |
|   6.400000e+02 |   2.000000e+01 |   7.982800e+03 |   2.900000e+01 |   1.000000e+00 |   3.498547e+05 |
|   6.600000e+02 |   2.000000e+01 |   7.967763e+03 |   2.900000e+01 |   1.000000e+00 |   3.498547e+05 |
|   6.800000e+02 |   2.000000e+01 |   7.953943e+03 |   2.900000e+01 |   1.000000e+00 |   3.498547e+05 |
|   7.000000e+02 |   2.000000e+01 |   7.940527e+03 |   2.900000e+01 |   1.000000e+00 |   3.498547e+05 |
|   7.200000e+02 |   2.000000e+01 |   7.927838e+03 |   2.900000e+01 |   1.000000e+00 |   3.498547e+05 |
|   7.400000e+02 |   2.000000e+01 |   7.915508e+03 |   2.900000e+01 |   1.000000e+00 |   3.498547e+05 |
+----------------+----------------+----------------+----------------+----------------+----------------+


Time Step 38, time = 760, dt = 20
[32m Solve Converged![39m


Grain Tracker Status:
Grains active index 0: 6 -> 6
Grains active index 1: 5 -> 5
Grains active index 2: 5 -> 5
Grains active index 3: 5 -> 5
Grains active index 4: 3 -> 3
Grains active index 5: 2 -> 2
Grains active index 6: 2 -> 2
Grains active index 7: 1 -> 1

Finished inside of GrainTracker


Outlier Variable Residual Norms:
  gr0: [33m2.739469e-11[39m
  gr1: [33m2.992391e-11[39m

Postprocessor Values:
+----------------+----------------+----------------+----------------+----------------+----------------+
| time           | dt             | gb_area        | grain_tracker  | ngrains        | total_solute   |
+----------------+----------------+----------------+----------------+----------------+----------------+
:                :                :                :                :                :                :
|   4.800000e+02 |   2.000000e+01 |   8.129971e+03 |   3.000000e+01 |   1.000000e+00 |   3.498547e+05 |
|   5.000000e+02 |   2.000000e+01 |   8.113897e+03 |   3.000000e+01 |   1.000000e+00 |   3.498547e+05 |
|   5.200000e+02 |   2.000000e+01 |   8.097914e+03 |   3.000000e+01 |   1.000000e+00 |   3.498547e+05 |
|   5.400000e+02 |   2.000000e+01 |   8.081699e+03 |   3.000000e+01 |   1.000000e+00 |   3.498547e+05 |
|   5.600000e+02 |   2.000000e+01 |   8.064767e+03 |   3.000000e+01 |   1.000000e+00 |   3.498547e+05 |
|   5.800000e+02 |   2.000000e+01 |   8.046174e+03 |   3.000000e+01 |   1.000000e+00 |   3.498547e+05 |
|   6.000000e+02 |   2.000000e+01 |   8.024024e+03 |   3.000000e+01 |   1.000000e+00 |   3.498547e+05 |
|   6.200000e+02 |   2.000000e+01 |   8.001514e+03 |   3.000000e+01 |   1.000000e+00 |   3.498547e+05 |
|   6.400000e+02 |   2.000000e+01 |   7.982800e+03 |   2.900000e+01 |   1.000000e+00 |   3.498547e+05 |
|   6.600000e+02 |   2.000000e+01 |   7.967763e+03 |   2.900000e+01 |   1.000000e+00 |   3.498547e+05 |
|   6.800000e+02 |   2.000000e+01 |   7.953943e+03 |   2.900000e+01 |   1.000000e+00 |   3.498547e+05 |
|   7.000000e+02 |   2.000000e+01 |   7.940527e+03 |   2.900000e+01 |   1.000000e+00 |   3.498547e+05 |
|   7.200000e+02 |   2.000000e+01 |   7.927838e+03 |   2.900000e+01 |   1.000000e+00 |   3.498547e+05 |
|   7.400000e+02 |   2.000000e+01 |   7.915508e+03 |   2.900000e+01 |   1.000000e+00 |   3.498547e+05 |
|   7.600000e+02 |   2.000000e+01 |   7.903028e+03 |   2.900000e+01 |   1.000000e+00 |   3.498547e+05 |
+----------------+----------------+----------------+----------------+----------------+----------------+


Time Step 39, time = 780, dt = 20
[32m Solve Converged![39m


Grain Tracker Status:
Grains active index 0: 6 -> 6
Grains active index 1: 5 -> 5
Grains active index 2: 5 -> 5
Grains active index 3: 5 -> 5
Grains active index 4: 3 -> 3
Grains active index 5: 2 -> 2
Grains active index 6: 2 -> 2
Grains active index 7: 1 -> 1

Finished inside of GrainTracker


Outlier Variable Residual Norms:
  gr0: [33m2.381095e-10[39m

Postprocessor Values:
+----------------+----------------+----------------+----------------+----------------+----------------+
| time           | dt             | gb_area        | grain_tracker  | ngrains        | total_solute   |
+----------------+----------------+----------------+----------------+----------------+----------------+
:                :                :                :                :                :                :
|   5.000000e+02 |   2.000000e+01 |   8.113897e+03 |   3.000000e+01 |   1.000000e+00 |   3.498547e+05 |
|   5.200000e+02 |   2.000000e+01 |   8.097914e+03 |   3.000000e+01 |   1.000000e+00 |   3.498547e+05 |
|   5.400000e+02 |   2.000000e+01 |   8.081699e+03 |   3.000000e+01 |   1.000000e+00 |   3.498547e+05 |
|   5.600000e+02 |   2.000000e+01 |   8.064767e+03 |   3.000000e+01 |   1.000000e+00 |   3.498547e+05 |
|   5.800000e+02 |   2.000000e+01 |   8.046174e+03 |   3.000000e+01 |   1.000000e+00 |   3.498547e+05 |
|   6.000000e+02 |   2.000000e+01 |   8.024024e+03 |   3.000000e+01 |   1.000000e+00 |   3.498547e+05 |
|   6.200000e+02 |   2.000000e+01 |   8.001514e+03 |   3.000000e+01 |   1.000000e+00 |   3.498547e+05 |
|   6.400000e+02 |   2.000000e+01 |   7.982800e+03 |   2.900000e+01 |   1.000000e+00 |   3.498547e+05 |
|   6.600000e+02 |   2.000000e+01 |   7.967763e+03 |   2.900000e+01 |   1.000000e+00 |   3.498547e+05 |
|   6.800000e+02 |   2.000000e+01 |   7.953943e+03 |   2.900000e+01 |   1.000000e+00 |   3.498547e+05 |
|   7.000000e+02 |   2.000000e+01 |   7.940527e+03 |   2.900000e+01 |   1.000000e+00 |   3.498547e+05 |
|   7.200000e+02 |   2.000000e+01 |   7.927838e+03 |   2.900000e+01 |   1.000000e+00 |   3.498547e+05 |
|   7.400000e+02 |   2.000000e+01 |   7.915508e+03 |   2.900000e+01 |   1.000000e+00 |   3.498547e+05 |
|   7.600000e+02 |   2.000000e+01 |   7.903028e+03 |   2.900000e+01 |   1.000000e+00 |   3.498547e+05 |
|   7.800000e+02 |   2.000000e+01 |   7.890064e+03 |   2.900000e+01 |   1.000000e+00 |   3.498547e+05 |
+----------------+----------------+----------------+----------------+----------------+----------------+


Time Step 40, time = 800, dt = 20
[32m Solve Converged![39m


Grain Tracker Status:
Grains active index 0: 6 -> 6
Grains active index 1: 5 -> 5
Grains active index 2: 5 -> 5
Grains active index 3: 5 -> 5
Grains active index 4: 3 -> 3
Grains active index 5: 2 -> 2
Grains active index 6: 2 -> 2
Grains active index 7: 1 -> 1

Finished inside of GrainTracker


Outlier Variable Residual Norms:
  gr0: [33m1.213564e-09[39m
  gr2: [33m1.407868e-09[39m
  gr7: [33m1.185619e-09[39m

Postprocessor Values:
+----------------+----------------+----------------+----------------+----------------+----------------+
| time           | dt             | gb_area        | grain_tracker  | ngrains        | total_solute   |
+----------------+----------------+----------------+----------------+----------------+----------------+
:                :                :                :                :                :                :
|   5.200000e+02 |   2.000000e+01 |   8.097914e+03 |   3.000000e+01 |   1.000000e+00 |   3.498547e+05 |
|   5.400000e+02 |   2.000000e+01 |   8.081699e+03 |   3.000000e+01 |   1.000000e+00 |   3.498547e+05 |
|   5.600000e+02 |   2.000000e+01 |   8.064767e+03 |   3.000000e+01 |   1.000000e+00 |   3.498547e+05 |
|   5.800000e+02 |   2.000000e+01 |   8.046174e+03 |   3.000000e+01 |   1.000000e+00 |   3.498547e+05 |
|   6.000000e+02 |   2.000000e+01 |   8.024024e+03 |   3.000000e+01 |   1.000000e+00 |   3.498547e+05 |
|   6.200000e+02 |   2.000000e+01 |   8.001514e+03 |   3.000000e+01 |   1.000000e+00 |   3.498547e+05 |
|   6.400000e+02 |   2.000000e+01 |   7.982800e+03 |   2.900000e+01 |   1.000000e+00 |   3.498547e+05 |
|   6.600000e+02 |   2.000000e+01 |   7.967763e+03 |   2.900000e+01 |   1.000000e+00 |   3.498547e+05 |
|   6.800000e+02 |   2.000000e+01 |   7.953943e+03 |   2.900000e+01 |   1.000000e+00 |   3.498547e+05 |
|   7.000000e+02 |   2.000000e+01 |   7.940527e+03 |   2.900000e+01 |   1.000000e+00 |   3.498547e+05 |
|   7.200000e+02 |   2.000000e+01 |   7.927838e+03 |   2.900000e+01 |   1.000000e+00 |   3.498547e+05 |
|   7.400000e+02 |   2.000000e+01 |   7.915508e+03 |   2.900000e+01 |   1.000000e+00 |   3.498547e+05 |
|   7.600000e+02 |   2.000000e+01 |   7.903028e+03 |   2.900000e+01 |   1.000000e+00 |   3.498547e+05 |
|   7.800000e+02 |   2.000000e+01 |   7.890064e+03 |   2.900000e+01 |   1.000000e+00 |   3.498547e+05 |
|   8.000000e+02 |   2.000000e+01 |   7.876580e+03 |   2.900000e+01 |   1.000000e+00 |   3.498547e+05 |
+----------------+----------------+----------------+----------------+----------------+----------------+


Time Step 41, time = 820, dt = 20
[32m Solve Converged![39m


Grain Tracker Status:
Grains active index 0: 6 -> 6
Grains active index 1: 5 -> 5
Grains active index 2: 5 -> 5
Grains active index 3: 5 -> 5
Grains active index 4: 3 -> 3
Grains active index 5: 2 -> 2
Grains active index 6: 2 -> 2
Grains active index 7: 1 -> 1

Finished inside of GrainTracker


Outlier Variable Residual Norms:
  gr0: [33m4.442180e-09[39m

Postprocessor Values:
+----------------+----------------+----------------+----------------+----------------+----------------+
| time           | dt             | gb_area        | grain_tracker  | ngrains        | total_solute   |
+----------------+----------------+----------------+----------------+----------------+----------------+
:                :                :                :                :                :                :
|   5.400000e+02 |   2.000000e+01 |   8.081699e+03 |   3.000000e+01 |   1.000000e+00 |   3.498547e+05 |
|   5.600000e+02 |   2.000000e+01 |   8.064767e+03 |   3.000000e+01 |   1.000000e+00 |   3.498547e+05 |
|   5.800000e+02 |   2.000000e+01 |   8.046174e+03 |   3.000000e+01 |   1.000000e+00 |   3.498547e+05 |
|   6.000000e+02 |   2.000000e+01 |   8.024024e+03 |   3.000000e+01 |   1.000000e+00 |   3.498547e+05 |
|   6.200000e+02 |   2.000000e+01 |   8.001514e+03 |   3.000000e+01 |   1.000000e+00 |   3.498547e+05 |
|   6.400000e+02 |   2.000000e+01 |   7.982800e+03 |   2.900000e+01 |   1.000000e+00 |   3.498547e+05 |
|   6.600000e+02 |   2.000000e+01 |   7.967763e+03 |   2.900000e+01 |   1.000000e+00 |   3.498547e+05 |
|   6.800000e+02 |   2.000000e+01 |   7.953943e+03 |   2.900000e+01 |   1.000000e+00 |   3.498547e+05 |
|   7.000000e+02 |   2.000000e+01 |   7.940527e+03 |   2.900000e+01 |   1.000000e+00 |   3.498547e+05 |
|   7.200000e+02 |   2.000000e+01 |   7.927838e+03 |   2.900000e+01 |   1.000000e+00 |   3.498547e+05 |
|   7.400000e+02 |   2.000000e+01 |   7.915508e+03 |   2.900000e+01 |   1.000000e+00 |   3.498547e+05 |
|   7.600000e+02 |   2.000000e+01 |   7.903028e+03 |   2.900000e+01 |   1.000000e+00 |   3.498547e+05 |
|   7.800000e+02 |   2.000000e+01 |   7.890064e+03 |   2.900000e+01 |   1.000000e+00 |   3.498547e+05 |
|   8.000000e+02 |   2.000000e+01 |   7.876580e+03 |   2.900000e+01 |   1.000000e+00 |   3.498547e+05 |
|   8.200000e+02 |   2.000000e+01 |   7.861542e+03 |   2.900000e+01 |   1.000000e+00 |   3.498547e+05 |
+----------------+----------------+----------------+----------------+----------------+----------------+


Time Step 42, time = 840, dt = 20
[32m Solve Converged![39m


Grain Tracker Status:
Grains active index 0: 6 -> 6
Grains active index 1: 5 -> 5
Grains active index 2: 5 -> 5
Grains active index 3: 5 -> 5
Grains active index 4: 3 -> 3
Grains active index 5: 2 -> 2
Grains active index 6: 2 -> 2
Grains active index 7: 1 -> 1

Finished inside of GrainTracker


Outlier Variable Residual Norms:
  gr0: [33m7.082948e-09[39m
  gr7: [33m7.586608e-09[39m

Postprocessor Values:
+----------------+----------------+----------------+----------------+----------------+----------------+
| time           | dt             | gb_area        | grain_tracker  | ngrains        | total_solute   |
+----------------+----------------+----------------+----------------+----------------+----------------+
:                :                :                :                :                :                :
|   5.600000e+02 |   2.000000e+01 |   8.064767e+03 |   3.000000e+01 |   1.000000e+00 |   3.498547e+05 |
|   5.800000e+02 |   2.000000e+01 |   8.046174e+03 |   3.000000e+01 |   1.000000e+00 |   3.498547e+05 |
|   6.000000e+02 |   2.000000e+01 |   8.024024e+03 |   3.000000e+01 |   1.000000e+00 |   3.498547e+05 |
|   6.200000e+02 |   2.000000e+01 |   8.001514e+03 |   3.000000e+01 |   1.000000e+00 |   3.498547e+05 |
|   6.400000e+02 |   2.000000e+01 |   7.982800e+03 |   2.900000e+01 |   1.000000e+00 |   3.498547e+05 |
|   6.600000e+02 |   2.000000e+01 |   7.967763e+03 |   2.900000e+01 |   1.000000e+00 |   3.498547e+05 |
|   6.800000e+02 |   2.000000e+01 |   7.953943e+03 |   2.900000e+01 |   1.000000e+00 |   3.498547e+05 |
|   7.000000e+02 |   2.000000e+01 |   7.940527e+03 |   2.900000e+01 |   1.000000e+00 |   3.498547e+05 |
|   7.200000e+02 |   2.000000e+01 |   7.927838e+03 |   2.900000e+01 |   1.000000e+00 |   3.498547e+05 |
|   7.400000e+02 |   2.000000e+01 |   7.915508e+03 |   2.900000e+01 |   1.000000e+00 |   3.498547e+05 |
|   7.600000e+02 |   2.000000e+01 |   7.903028e+03 |   2.900000e+01 |   1.000000e+00 |   3.498547e+05 |
|   7.800000e+02 |   2.000000e+01 |   7.890064e+03 |   2.900000e+01 |   1.000000e+00 |   3.498547e+05 |
|   8.000000e+02 |   2.000000e+01 |   7.876580e+03 |   2.900000e+01 |   1.000000e+00 |   3.498547e+05 |
|   8.200000e+02 |   2.000000e+01 |   7.861542e+03 |   2.900000e+01 |   1.000000e+00 |   3.498547e+05 |
|   8.400000e+02 |   2.000000e+01 |   7.842378e+03 |   2.900000e+01 |   1.000000e+00 |   3.498547e+05 |
+----------------+----------------+----------------+----------------+----------------+----------------+


Time Step 43, time = 860, dt = 20
[32m Solve Converged![39m


Grain Tracker Status:
Grains active index 0: 6 -> 5--
Grains active index 1: 5 -> 5
Grains active index 2: 5 -> 5
Grains active index 3: 5 -> 5
Grains active index 4: 3 -> 3
Grains active index 5: 2 -> 2
Grains active index 6: 2 -> 2
Grains active index 7: 1 -> 1

[32mMarking Grain 5 as INACTIVE (variable index: 0)
[39mFinished inside of GrainTracker


Outlier Variable Residual Norms:
  gr3: [33m2.285289e-10[39m
  gr7: [33m2.618761e-10[39m

Postprocessor Values:
+----------------+----------------+----------------+----------------+----------------+----------------+
| time           | dt             | gb_area        | grain_tracker  | ngrains        | total_solute   |
+----------------+----------------+----------------+----------------+----------------+----------------+
:                :                :                :                :                :                :
|   5.800000e+02 |   2.000000e+01 |   8.046174e+03 |   3.000000e+01 |   1.000000e+00 |   3.498547e+05 |
|   6.000000e+02 |   2.000000e+01 |   8.024024e+03 |   3.000000e+01 |   1.000000e+00 |   3.498547e+05 |
|   6.200000e+02 |   2.000000e+01 |   8.001514e+03 |   3.000000e+01 |   1.000000e+00 |   3.498547e+05 |
|   6.400000e+02 |   2.000000e+01 |   7.982800e+03 |   2.900000e+01 |   1.000000e+00 |   3.498547e+05 |
|   6.600000e+02 |   2.000000e+01 |   7.967763e+03 |   2.900000e+01 |   1.000000e+00 |   3.498547e+05 |
|   6.800000e+02 |   2.000000e+01 |   7.953943e+03 |   2.900000e+01 |   1.000000e+00 |   3.498547e+05 |
|   7.000000e+02 |   2.000000e+01 |   7.940527e+03 |   2.900000e+01 |   1.000000e+00 |   3.498547e+05 |
|   7.200000e+02 |   2.000000e+01 |   7.927838e+03 |   2.900000e+01 |   1.000000e+00 |   3.498547e+05 |
|   7.400000e+02 |   2.000000e+01 |   7.915508e+03 |   2.900000e+01 |   1.000000e+00 |   3.498547e+05 |
|   7.600000e+02 |   2.000000e+01 |   7.903028e+03 |   2.900000e+01 |   1.000000e+00 |   3.498547e+05 |
|   7.800000e+02 |   2.000000e+01 |   7.890064e+03 |   2.900000e+01 |   1.000000e+00 |   3.498547e+05 |
|   8.000000e+02 |   2.000000e+01 |   7.876580e+03 |   2.900000e+01 |   1.000000e+00 |   3.498547e+05 |
|   8.200000e+02 |   2.000000e+01 |   7.861542e+03 |   2.900000e+01 |   1.000000e+00 |   3.498547e+05 |
|   8.400000e+02 |   2.000000e+01 |   7.842378e+03 |   2.900000e+01 |   1.000000e+00 |   3.498547e+05 |
|   8.600000e+02 |   2.000000e+01 |   7.823626e+03 |   2.800000e+01 |   1.000000e+00 |   3.498547e+05 |
+----------------+----------------+----------------+----------------+----------------+----------------+


Time Step 44, time = 880, dt = 20
[32m Solve Converged![39m


Grain Tracker Status:
Grains active index 0: 5 -> 5
Grains active index 1: 5 -> 5
Grains active index 2: 5 -> 5
Grains active index 3: 5 -> 5
Grains active index 4: 3 -> 3
Grains active index 5: 2 -> 2
Grains active index 6: 2 -> 2
Grains active index 7: 1 -> 1

Finished inside of GrainTracker


Outlier Variable Residual Norms:
  gr3: [33m3.266256e-09[39m
  gr7: [33m3.079144e-09[39m

Postprocessor Values:
+----------------+----------------+----------------+----------------+----------------+----------------+
| time           | dt             | gb_area        | grain_tracker  | ngrains        | total_solute   |
+----------------+----------------+----------------+----------------+----------------+----------------+
:                :                :                :                :                :                :
|   6.000000e+02 |   2.000000e+01 |   8.024024e+03 |   3.000000e+01 |   1.000000e+00 |   3.498547e+05 |
|   6.200000e+02 |   2.000000e+01 |   8.001514e+03 |   3.000000e+01 |   1.000000e+00 |   3.498547e+05 |
|   6.400000e+02 |   2.000000e+01 |   7.982800e+03 |   2.900000e+01 |   1.000000e+00 |   3.498547e+05 |
|   6.600000e+02 |   2.000000e+01 |   7.967763e+03 |   2.900000e+01 |   1.000000e+00 |   3.498547e+05 |
|   6.800000e+02 |   2.000000e+01 |   7.953943e+03 |   2.900000e+01 |   1.000000e+00 |   3.498547e+05 |
|   7.000000e+02 |   2.000000e+01 |   7.940527e+03 |   2.900000e+01 |   1.000000e+00 |   3.498547e+05 |
|   7.200000e+02 |   2.000000e+01 |   7.927838e+03 |   2.900000e+01 |   1.000000e+00 |   3.498547e+05 |
|   7.400000e+02 |   2.000000e+01 |   7.915508e+03 |   2.900000e+01 |   1.000000e+00 |   3.498547e+05 |
|   7.600000e+02 |   2.000000e+01 |   7.903028e+03 |   2.900000e+01 |   1.000000e+00 |   3.498547e+05 |
|   7.800000e+02 |   2.000000e+01 |   7.890064e+03 |   2.900000e+01 |   1.000000e+00 |   3.498547e+05 |
|   8.000000e+02 |   2.000000e+01 |   7.876580e+03 |   2.900000e+01 |   1.000000e+00 |   3.498547e+05 |
|   8.200000e+02 |   2.000000e+01 |   7.861542e+03 |   2.900000e+01 |   1.000000e+00 |   3.498547e+05 |
|   8.400000e+02 |   2.000000e+01 |   7.842378e+03 |   2.900000e+01 |   1.000000e+00 |   3.498547e+05 |
|   8.600000e+02 |   2.000000e+01 |   7.823626e+03 |   2.800000e+01 |   1.000000e+00 |   3.498547e+05 |
|   8.800000e+02 |   2.000000e+01 |   7.808845e+03 |   2.800000e+01 |   1.000000e+00 |   3.498547e+05 |
+----------------+----------------+----------------+----------------+----------------+----------------+


Time Step 45, time = 900, dt = 20
[32m Solve Converged![39m


Grain Tracker Status:
Grains active index 0: 5 -> 5
Grains active index 1: 5 -> 5
Grains active index 2: 5 -> 5
Grains active index 3: 5 -> 5
Grains active index 4: 3 -> 3
Grains active index 5: 2 -> 2
Grains active index 6: 2 -> 2
Grains active index 7: 1 -> 1

Finished inside of GrainTracker


Outlier Variable Residual Norms:
  gr0: [33m9.122258e-12[39m
  gr3: [33m8.644220e-12[39m

Postprocessor Values:
+----------------+----------------+----------------+----------------+----------------+----------------+
| time           | dt             | gb_area        | grain_tracker  | ngrains        | total_solute   |
+----------------+----------------+----------------+----------------+----------------+----------------+
:                :                :                :                :                :                :
|   6.200000e+02 |   2.000000e+01 |   8.001514e+03 |   3.000000e+01 |   1.000000e+00 |   3.498547e+05 |
|   6.400000e+02 |   2.000000e+01 |   7.982800e+03 |   2.900000e+01 |   1.000000e+00 |   3.498547e+05 |
|   6.600000e+02 |   2.000000e+01 |   7.967763e+03 |   2.900000e+01 |   1.000000e+00 |   3.498547e+05 |
|   6.800000e+02 |   2.000000e+01 |   7.953943e+03 |   2.900000e+01 |   1.000000e+00 |   3.498547e+05 |
|   7.000000e+02 |   2.000000e+01 |   7.940527e+03 |   2.900000e+01 |   1.000000e+00 |   3.498547e+05 |
|   7.200000e+02 |   2.000000e+01 |   7.927838e+03 |   2.900000e+01 |   1.000000e+00 |   3.498547e+05 |
|   7.400000e+02 |   2.000000e+01 |   7.915508e+03 |   2.900000e+01 |   1.000000e+00 |   3.498547e+05 |
|   7.600000e+02 |   2.000000e+01 |   7.903028e+03 |   2.900000e+01 |   1.000000e+00 |   3.498547e+05 |
|   7.800000e+02 |   2.000000e+01 |   7.890064e+03 |   2.900000e+01 |   1.000000e+00 |   3.498547e+05 |
|   8.000000e+02 |   2.000000e+01 |   7.876580e+03 |   2.900000e+01 |   1.000000e+00 |   3.498547e+05 |
|   8.200000e+02 |   2.000000e+01 |   7.861542e+03 |   2.900000e+01 |   1.000000e+00 |   3.498547e+05 |
|   8.400000e+02 |   2.000000e+01 |   7.842378e+03 |   2.900000e+01 |   1.000000e+00 |   3.498547e+05 |
|   8.600000e+02 |   2.000000e+01 |   7.823626e+03 |   2.800000e+01 |   1.000000e+00 |   3.498547e+05 |
|   8.800000e+02 |   2.000000e+01 |   7.808845e+03 |   2.800000e+01 |   1.000000e+00 |   3.498547e+05 |
|   9.000000e+02 |   2.000000e+01 |   7.797871e+03 |   2.800000e+01 |   1.000000e+00 |   3.498547e+05 |
+----------------+----------------+----------------+----------------+----------------+----------------+


Time Step 46, time = 920, dt = 20
[32m Solve Converged![39m


Grain Tracker Status:
Grains active index 0: 5 -> 5
Grains active index 1: 5 -> 5
Grains active index 2: 5 -> 5
Grains active index 3: 5 -> 5
Grains active index 4: 3 -> 3
Grains active index 5: 2 -> 2
Grains active index 6: 2 -> 2
Grains active index 7: 1 -> 1

Finished inside of GrainTracker


Outlier Variable Residual Norms:
  gr1: [33m2.974115e-11[39m

Postprocessor Values:
+----------------+----------------+----------------+----------------+----------------+----------------+
| time           | dt             | gb_area        | grain_tracker  | ngrains        | total_solute   |
+----------------+----------------+----------------+----------------+----------------+----------------+
:                :                :                :                :                :                :
|   6.400000e+02 |   2.000000e+01 |   7.982800e+03 |   2.900000e+01 |   1.000000e+00 |   3.498547e+05 |
|   6.600000e+02 |   2.000000e+01 |   7.967763e+03 |   2.900000e+01 |   1.000000e+00 |   3.498547e+05 |
|   6.800000e+02 |   2.000000e+01 |   7.953943e+03 |   2.900000e+01 |   1.000000e+00 |   3.498547e+05 |
|   7.000000e+02 |   2.000000e+01 |   7.940527e+03 |   2.900000e+01 |   1.000000e+00 |   3.498547e+05 |
|   7.200000e+02 |   2.000000e+01 |   7.927838e+03 |   2.900000e+01 |   1.000000e+00 |   3.498547e+05 |
|   7.400000e+02 |   2.000000e+01 |   7.915508e+03 |   2.900000e+01 |   1.000000e+00 |   3.498547e+05 |
|   7.600000e+02 |   2.000000e+01 |   7.903028e+03 |   2.900000e+01 |   1.000000e+00 |   3.498547e+05 |
|   7.800000e+02 |   2.000000e+01 |   7.890064e+03 |   2.900000e+01 |   1.000000e+00 |   3.498547e+05 |
|   8.000000e+02 |   2.000000e+01 |   7.876580e+03 |   2.900000e+01 |   1.000000e+00 |   3.498547e+05 |
|   8.200000e+02 |   2.000000e+01 |   7.861542e+03 |   2.900000e+01 |   1.000000e+00 |   3.498547e+05 |
|   8.400000e+02 |   2.000000e+01 |   7.842378e+03 |   2.900000e+01 |   1.000000e+00 |   3.498547e+05 |
|   8.600000e+02 |   2.000000e+01 |   7.823626e+03 |   2.800000e+01 |   1.000000e+00 |   3.498547e+05 |
|   8.800000e+02 |   2.000000e+01 |   7.808845e+03 |   2.800000e+01 |   1.000000e+00 |   3.498547e+05 |
|   9.000000e+02 |   2.000000e+01 |   7.797871e+03 |   2.800000e+01 |   1.000000e+00 |   3.498547e+05 |
|   9.200000e+02 |   2.000000e+01 |   7.787480e+03 |   2.800000e+01 |   1.000000e+00 |   3.498547e+05 |
+----------------+----------------+----------------+----------------+----------------+----------------+


Time Step 47, time = 940, dt = 20
[32m Solve Converged![39m


Grain Tracker Status:
Grains active index 0: 5 -> 5
Grains active index 1: 5 -> 5
Grains active index 2: 5 -> 5
Grains active index 3: 5 -> 5
Grains active index 4: 3 -> 3
Grains active index 5: 2 -> 2
Grains active index 6: 2 -> 2
Grains active index 7: 1 -> 1

Finished inside of GrainTracker


Postprocessor Values:
+----------------+----------------+----------------+----------------+----------------+----------------+
| time           | dt             | gb_area        | grain_tracker  | ngrains        | total_solute   |
+----------------+----------------+----------------+----------------+----------------+----------------+
:                :                :                :                :                :                :
|   6.600000e+02 |   2.000000e+01 |   7.967763e+03 |   2.900000e+01 |   1.000000e+00 |   3.498547e+05 |
|   6.800000e+02 |   2.000000e+01 |   7.953943e+03 |   2.900000e+01 |   1.000000e+00 |   3.498547e+05 |
|   7.000000e+02 |   2.000000e+01 |   7.940527e+03 |   2.900000e+01 |   1.000000e+00 |   3.498547e+05 |
|   7.200000e+02 |   2.000000e+01 |   7.927838e+03 |   2.900000e+01 |   1.000000e+00 |   3.498547e+05 |
|   7.400000e+02 |   2.000000e+01 |   7.915508e+03 |   2.900000e+01 |   1.000000e+00 |   3.498547e+05 |
|   7.600000e+02 |   2.000000e+01 |   7.903028e+03 |   2.900000e+01 |   1.000000e+00 |   3.498547e+05 |
|   7.800000e+02 |   2.000000e+01 |   7.890064e+03 |   2.900000e+01 |   1.000000e+00 |   3.498547e+05 |
|   8.000000e+02 |   2.000000e+01 |   7.876580e+03 |   2.900000e+01 |   1.000000e+00 |   3.498547e+05 |
|   8.200000e+02 |   2.000000e+01 |   7.861542e+03 |   2.900000e+01 |   1.000000e+00 |   3.498547e+05 |
|   8.400000e+02 |   2.000000e+01 |   7.842378e+03 |   2.900000e+01 |   1.000000e+00 |   3.498547e+05 |
|   8.600000e+02 |   2.000000e+01 |   7.823626e+03 |   2.800000e+01 |   1.000000e+00 |   3.498547e+05 |
|   8.800000e+02 |   2.000000e+01 |   7.808845e+03 |   2.800000e+01 |   1.000000e+00 |   3.498547e+05 |
|   9.000000e+02 |   2.000000e+01 |   7.797871e+03 |   2.800000e+01 |   1.000000e+00 |   3.498547e+05 |
|   9.200000e+02 |   2.000000e+01 |   7.787480e+03 |   2.800000e+01 |   1.000000e+00 |   3.498547e+05 |
|   9.400000e+02 |   2.000000e+01 |   7.777114e+03 |   2.800000e+01 |   1.000000e+00 |   3.498547e+05 |
+----------------+----------------+----------------+----------------+----------------+----------------+


Time Step 48, time = 960, dt = 20
[32m Solve Converged![39m


Grain Tracker Status:
Grains active index 0: 5 -> 5
Grains active index 1: 5 -> 5
Grains active index 2: 5 -> 5
Grains active index 3: 5 -> 5
Grains active index 4: 3 -> 3
Grains active index 5: 2 -> 2
Grains active index 6: 2 -> 2
Grains active index 7: 1 -> 1

Finished inside of GrainTracker


Outlier Variable Residual Norms:
  gr1: [33m2.707583e-11[39m

Postprocessor Values:
+----------------+----------------+----------------+----------------+----------------+----------------+
| time           | dt             | gb_area        | grain_tracker  | ngrains        | total_solute   |
+----------------+----------------+----------------+----------------+----------------+----------------+
:                :                :                :                :                :                :
|   6.800000e+02 |   2.000000e+01 |   7.953943e+03 |   2.900000e+01 |   1.000000e+00 |   3.498547e+05 |
|   7.000000e+02 |   2.000000e+01 |   7.940527e+03 |   2.900000e+01 |   1.000000e+00 |   3.498547e+05 |
|   7.200000e+02 |   2.000000e+01 |   7.927838e+03 |   2.900000e+01 |   1.000000e+00 |   3.498547e+05 |
|   7.400000e+02 |   2.000000e+01 |   7.915508e+03 |   2.900000e+01 |   1.000000e+00 |   3.498547e+05 |
|   7.600000e+02 |   2.000000e+01 |   7.903028e+03 |   2.900000e+01 |   1.000000e+00 |   3.498547e+05 |
|   7.800000e+02 |   2.000000e+01 |   7.890064e+03 |   2.900000e+01 |   1.000000e+00 |   3.498547e+05 |
|   8.000000e+02 |   2.000000e+01 |   7.876580e+03 |   2.900000e+01 |   1.000000e+00 |   3.498547e+05 |
|   8.200000e+02 |   2.000000e+01 |   7.861542e+03 |   2.900000e+01 |   1.000000e+00 |   3.498547e+05 |
|   8.400000e+02 |   2.000000e+01 |   7.842378e+03 |   2.900000e+01 |   1.000000e+00 |   3.498547e+05 |
|   8.600000e+02 |   2.000000e+01 |   7.823626e+03 |   2.800000e+01 |   1.000000e+00 |   3.498547e+05 |
|   8.800000e+02 |   2.000000e+01 |   7.808845e+03 |   2.800000e+01 |   1.000000e+00 |   3.498547e+05 |
|   9.000000e+02 |   2.000000e+01 |   7.797871e+03 |   2.800000e+01 |   1.000000e+00 |   3.498547e+05 |
|   9.200000e+02 |   2.000000e+01 |   7.787480e+03 |   2.800000e+01 |   1.000000e+00 |   3.498547e+05 |
|   9.400000e+02 |   2.000000e+01 |   7.777114e+03 |   2.800000e+01 |   1.000000e+00 |   3.498547e+05 |
|   9.600000e+02 |   2.000000e+01 |   7.767152e+03 |   2.800000e+01 |   1.000000e+00 |   3.498547e+05 |
+----------------+----------------+----------------+----------------+----------------+----------------+


Time Step 49, time = 980, dt = 20
[32m Solve Converged![39m


Grain Tracker Status:
Grains active index 0: 5 -> 5
Grains active index 1: 5 -> 5
Grains active index 2: 5 -> 5
Grains active index 3: 5 -> 5
Grains active index 4: 3 -> 3
Grains active index 5: 2 -> 2
Grains active index 6: 2 -> 2
Grains active index 7: 1 -> 1

Finished inside of GrainTracker


Outlier Variable Residual Norms:
  gr1: [33m2.615955e-11[39m
  gr2: [33m2.698192e-11[39m
  gr6: [33m2.397765e-11[39m

Postprocessor Values:
+----------------+----------------+----------------+----------------+----------------+----------------+
| time           | dt             | gb_area        | grain_tracker  | ngrains        | total_solute   |
+----------------+----------------+----------------+----------------+----------------+----------------+
:                :                :                :                :                :                :
|   7.000000e+02 |   2.000000e+01 |   7.940527e+03 |   2.900000e+01 |   1.000000e+00 |   3.498547e+05 |
|   7.200000e+02 |   2.000000e+01 |   7.927838e+03 |   2.900000e+01 |   1.000000e+00 |   3.498547e+05 |
|   7.400000e+02 |   2.000000e+01 |   7.915508e+03 |   2.900000e+01 |   1.000000e+00 |   3.498547e+05 |
|   7.600000e+02 |   2.000000e+01 |   7.903028e+03 |   2.900000e+01 |   1.000000e+00 |   3.498547e+05 |
|   7.800000e+02 |   2.000000e+01 |   7.890064e+03 |   2.900000e+01 |   1.000000e+00 |   3.498547e+05 |
|   8.000000e+02 |   2.000000e+01 |   7.876580e+03 |   2.900000e+01 |   1.000000e+00 |   3.498547e+05 |
|   8.200000e+02 |   2.000000e+01 |   7.861542e+03 |   2.900000e+01 |   1.000000e+00 |   3.498547e+05 |
|   8.400000e+02 |   2.000000e+01 |   7.842378e+03 |   2.900000e+01 |   1.000000e+00 |   3.498547e+05 |
|   8.600000e+02 |   2.000000e+01 |   7.823626e+03 |   2.800000e+01 |   1.000000e+00 |   3.498547e+05 |
|   8.800000e+02 |   2.000000e+01 |   7.808845e+03 |   2.800000e+01 |   1.000000e+00 |   3.498547e+05 |
|   9.000000e+02 |   2.000000e+01 |   7.797871e+03 |   2.800000e+01 |   1.000000e+00 |   3.498547e+05 |
|   9.200000e+02 |   2.000000e+01 |   7.787480e+03 |   2.800000e+01 |   1.000000e+00 |   3.498547e+05 |
|   9.400000e+02 |   2.000000e+01 |   7.777114e+03 |   2.800000e+01 |   1.000000e+00 |   3.498547e+05 |
|   9.600000e+02 |   2.000000e+01 |   7.767152e+03 |   2.800000e+01 |   1.000000e+00 |   3.498547e+05 |
|   9.800000e+02 |   2.000000e+01 |   7.757581e+03 |   2.800000e+01 |   1.000000e+00 |   3.498547e+05 |
+----------------+----------------+----------------+----------------+----------------+----------------+


Time Step 50, time = 1000, dt = 20
[32m Solve Converged![39m


Grain Tracker Status:
Grains active index 0: 5 -> 5
Grains active index 1: 5 -> 5
Grains active index 2: 5 -> 5
Grains active index 3: 5 -> 5
Grains active index 4: 3 -> 3
Grains active index 5: 2 -> 2
Grains active index 6: 2 -> 2
Grains active index 7: 1 -> 1

Finished inside of GrainTracker


Outlier Variable Residual Norms:
  gr1: [33m5.927553e-12[39m
  gr3: [33m5.677601e-12[39m

Postprocessor Values:
+----------------+----------------+----------------+----------------+----------------+----------------+
| time           | dt             | gb_area        | grain_tracker  | ngrains        | total_solute   |
+----------------+----------------+----------------+----------------+----------------+----------------+
:                :                :                :                :                :                :
|   7.200000e+02 |   2.000000e+01 |   7.927838e+03 |   2.900000e+01 |   1.000000e+00 |   3.498547e+05 |
|   7.400000e+02 |   2.000000e+01 |   7.915508e+03 |   2.900000e+01 |   1.000000e+00 |   3.498547e+05 |
|   7.600000e+02 |   2.000000e+01 |   7.903028e+03 |   2.900000e+01 |   1.000000e+00 |   3.498547e+05 |
|   7.800000e+02 |   2.000000e+01 |   7.890064e+03 |   2.900000e+01 |   1.000000e+00 |   3.498547e+05 |
|   8.000000e+02 |   2.000000e+01 |   7.876580e+03 |   2.900000e+01 |   1.000000e+00 |   3.498547e+05 |
|   8.200000e+02 |   2.000000e+01 |   7.861542e+03 |   2.900000e+01 |   1.000000e+00 |   3.498547e+05 |
|   8.400000e+02 |   2.000000e+01 |   7.842378e+03 |   2.900000e+01 |   1.000000e+00 |   3.498547e+05 |
|   8.600000e+02 |   2.000000e+01 |   7.823626e+03 |   2.800000e+01 |   1.000000e+00 |   3.498547e+05 |
|   8.800000e+02 |   2.000000e+01 |   7.808845e+03 |   2.800000e+01 |   1.000000e+00 |   3.498547e+05 |
|   9.000000e+02 |   2.000000e+01 |   7.797871e+03 |   2.800000e+01 |   1.000000e+00 |   3.498547e+05 |
|   9.200000e+02 |   2.000000e+01 |   7.787480e+03 |   2.800000e+01 |   1.000000e+00 |   3.498547e+05 |
|   9.400000e+02 |   2.000000e+01 |   7.777114e+03 |   2.800000e+01 |   1.000000e+00 |   3.498547e+05 |
|   9.600000e+02 |   2.000000e+01 |   7.767152e+03 |   2.800000e+01 |   1.000000e+00 |   3.498547e+05 |
|   9.800000e+02 |   2.000000e+01 |   7.757581e+03 |   2.800000e+01 |   1.000000e+00 |   3.498547e+05 |
|   1.000000e+03 |   2.000000e+01 |   7.748236e+03 |   2.800000e+01 |   1.000000e+00 |   3.498547e+05 |
+----------------+----------------+----------------+----------------+----------------+----------------+


Time Step 51, time = 1020, dt = 20
[32m Solve Converged![39m


Grain Tracker Status:
Grains active index 0: 5 -> 5
Grains active index 1: 5 -> 5
Grains active index 2: 5 -> 5
Grains active index 3: 5 -> 5
Grains active index 4: 3 -> 3
Grains active index 5: 2 -> 2
Grains active index 6: 2 -> 2
Grains active index 7: 1 -> 1

Finished inside of GrainTracker


Outlier Variable Residual Norms:
  gr3: [33m4.534976e-12[39m

Postprocessor Values:
+----------------+----------------+----------------+----------------+----------------+----------------+
| time           | dt             | gb_area        | grain_tracker  | ngrains        | total_solute   |
+----------------+----------------+----------------+----------------+----------------+----------------+
:                :                :                :                :                :                :
|   7.400000e+02 |   2.000000e+01 |   7.915508e+03 |   2.900000e+01 |   1.000000e+00 |   3.498547e+05 |
|   7.600000e+02 |   2.000000e+01 |   7.903028e+03 |   2.900000e+01 |   1.000000e+00 |   3.498547e+05 |
|   7.800000e+02 |   2.000000e+01 |   7.890064e+03 |   2.900000e+01 |   1.000000e+00 |   3.498547e+05 |
|   8.000000e+02 |   2.000000e+01 |   7.876580e+03 |   2.900000e+01 |   1.000000e+00 |   3.498547e+05 |
|   8.200000e+02 |   2.000000e+01 |   7.861542e+03 |   2.900000e+01 |   1.000000e+00 |   3.498547e+05 |
|   8.400000e+02 |   2.000000e+01 |   7.842378e+03 |   2.900000e+01 |   1.000000e+00 |   3.498547e+05 |
|   8.600000e+02 |   2.000000e+01 |   7.823626e+03 |   2.800000e+01 |   1.000000e+00 |   3.498547e+05 |
|   8.800000e+02 |   2.000000e+01 |   7.808845e+03 |   2.800000e+01 |   1.000000e+00 |   3.498547e+05 |
|   9.000000e+02 |   2.000000e+01 |   7.797871e+03 |   2.800000e+01 |   1.000000e+00 |   3.498547e+05 |
|   9.200000e+02 |   2.000000e+01 |   7.787480e+03 |   2.800000e+01 |   1.000000e+00 |   3.498547e+05 |
|   9.400000e+02 |   2.000000e+01 |   7.777114e+03 |   2.800000e+01 |   1.000000e+00 |   3.498547e+05 |
|   9.600000e+02 |   2.000000e+01 |   7.767152e+03 |   2.800000e+01 |   1.000000e+00 |   3.498547e+05 |
|   9.800000e+02 |   2.000000e+01 |   7.757581e+03 |   2.800000e+01 |   1.000000e+00 |   3.498547e+05 |
|   1.000000e+03 |   2.000000e+01 |   7.748236e+03 |   2.800000e+01 |   1.000000e+00 |   3.498547e+05 |
|   1.020000e+03 |   2.000000e+01 |   7.738962e+03 |   2.800000e+01 |   1.000000e+00 |   3.498547e+05 |
+----------------+----------------+----------------+----------------+----------------+----------------+


Time Step 52, time = 1040, dt = 20
[32m Solve Converged![39m


Grain Tracker Status:
Grains active index 0: 5 -> 5
Grains active index 1: 5 -> 5
Grains active index 2: 5 -> 5
Grains active index 3: 5 -> 5
Grains active index 4: 3 -> 3
Grains active index 5: 2 -> 2
Grains active index 6: 2 -> 2
Grains active index 7: 1 -> 1

Finished inside of GrainTracker


Outlier Variable Residual Norms:
  gr1: [33m3.442423e-11[39m
  gr3: [33m4.213260e-11[39m

Postprocessor Values:
+----------------+----------------+----------------+----------------+----------------+----------------+
| time           | dt             | gb_area        | grain_tracker  | ngrains        | total_solute   |
+----------------+----------------+----------------+----------------+----------------+----------------+
:                :                :                :                :                :                :
|   7.600000e+02 |   2.000000e+01 |   7.903028e+03 |   2.900000e+01 |   1.000000e+00 |   3.498547e+05 |
|   7.800000e+02 |   2.000000e+01 |   7.890064e+03 |   2.900000e+01 |   1.000000e+00 |   3.498547e+05 |
|   8.000000e+02 |   2.000000e+01 |   7.876580e+03 |   2.900000e+01 |   1.000000e+00 |   3.498547e+05 |
|   8.200000e+02 |   2.000000e+01 |   7.861542e+03 |   2.900000e+01 |   1.000000e+00 |   3.498547e+05 |
|   8.400000e+02 |   2.000000e+01 |   7.842378e+03 |   2.900000e+01 |   1.000000e+00 |   3.498547e+05 |
|   8.600000e+02 |   2.000000e+01 |   7.823626e+03 |   2.800000e+01 |   1.000000e+00 |   3.498547e+05 |
|   8.800000e+02 |   2.000000e+01 |   7.808845e+03 |   2.800000e+01 |   1.000000e+00 |   3.498547e+05 |
|   9.000000e+02 |   2.000000e+01 |   7.797871e+03 |   2.800000e+01 |   1.000000e+00 |   3.498547e+05 |
|   9.200000e+02 |   2.000000e+01 |   7.787480e+03 |   2.800000e+01 |   1.000000e+00 |   3.498547e+05 |
|   9.400000e+02 |   2.000000e+01 |   7.777114e+03 |   2.800000e+01 |   1.000000e+00 |   3.498547e+05 |
|   9.600000e+02 |   2.000000e+01 |   7.767152e+03 |   2.800000e+01 |   1.000000e+00 |   3.498547e+05 |
|   9.800000e+02 |   2.000000e+01 |   7.757581e+03 |   2.800000e+01 |   1.000000e+00 |   3.498547e+05 |
|   1.000000e+03 |   2.000000e+01 |   7.748236e+03 |   2.800000e+01 |   1.000000e+00 |   3.498547e+05 |
|   1.020000e+03 |   2.000000e+01 |   7.738962e+03 |   2.800000e+01 |   1.000000e+00 |   3.498547e+05 |
|   1.040000e+03 |   2.000000e+01 |   7.729659e+03 |   2.800000e+01 |   1.000000e+00 |   3.498547e+05 |
+----------------+----------------+----------------+----------------+----------------+----------------+


Time Step 53, time = 1060, dt = 20
[32m Solve Converged![39m


Grain Tracker Status:
Grains active index 0: 5 -> 5
Grains active index 1: 5 -> 5
Grains active index 2: 5 -> 5
Grains active index 3: 5 -> 5
Grains active index 4: 3 -> 3
Grains active index 5: 2 -> 2
Grains active index 6: 2 -> 2
Grains active index 7: 1 -> 1

Finished inside of GrainTracker


Outlier Variable Residual Norms:
  gr0: [33m3.809079e-11[39m
  gr1: [33m4.140817e-11[39m
  gr3: [33m3.765106e-11[39m

Postprocessor Values:
+----------------+----------------+----------------+----------------+----------------+----------------+
| time           | dt             | gb_area        | grain_tracker  | ngrains        | total_solute   |
+----------------+----------------+----------------+----------------+----------------+----------------+
:                :                :                :                :                :                :
|   7.800000e+02 |   2.000000e+01 |   7.890064e+03 |   2.900000e+01 |   1.000000e+00 |   3.498547e+05 |
|   8.000000e+02 |   2.000000e+01 |   7.876580e+03 |   2.900000e+01 |   1.000000e+00 |   3.498547e+05 |
|   8.200000e+02 |   2.000000e+01 |   7.861542e+03 |   2.900000e+01 |   1.000000e+00 |   3.498547e+05 |
|   8.400000e+02 |   2.000000e+01 |   7.842378e+03 |   2.900000e+01 |   1.000000e+00 |   3.498547e+05 |
|   8.600000e+02 |   2.000000e+01 |   7.823626e+03 |   2.800000e+01 |   1.000000e+00 |   3.498547e+05 |
|   8.800000e+02 |   2.000000e+01 |   7.808845e+03 |   2.800000e+01 |   1.000000e+00 |   3.498547e+05 |
|   9.000000e+02 |   2.000000e+01 |   7.797871e+03 |   2.800000e+01 |   1.000000e+00 |   3.498547e+05 |
|   9.200000e+02 |   2.000000e+01 |   7.787480e+03 |   2.800000e+01 |   1.000000e+00 |   3.498547e+05 |
|   9.400000e+02 |   2.000000e+01 |   7.777114e+03 |   2.800000e+01 |   1.000000e+00 |   3.498547e+05 |
|   9.600000e+02 |   2.000000e+01 |   7.767152e+03 |   2.800000e+01 |   1.000000e+00 |   3.498547e+05 |
|   9.800000e+02 |   2.000000e+01 |   7.757581e+03 |   2.800000e+01 |   1.000000e+00 |   3.498547e+05 |
|   1.000000e+03 |   2.000000e+01 |   7.748236e+03 |   2.800000e+01 |   1.000000e+00 |   3.498547e+05 |
|   1.020000e+03 |   2.000000e+01 |   7.738962e+03 |   2.800000e+01 |   1.000000e+00 |   3.498547e+05 |
|   1.040000e+03 |   2.000000e+01 |   7.729659e+03 |   2.800000e+01 |   1.000000e+00 |   3.498547e+05 |
|   1.060000e+03 |   2.000000e+01 |   7.720268e+03 |   2.800000e+01 |   1.000000e+00 |   3.498547e+05 |
+----------------+----------------+----------------+----------------+----------------+----------------+


Time Step 54, time = 1080, dt = 20
[32m Solve Converged![39m


Grain Tracker Status:
Grains active index 0: 5 -> 5
Grains active index 1: 5 -> 5
Grains active index 2: 5 -> 5
Grains active index 3: 5 -> 5
Grains active index 4: 3 -> 3
Grains active index 5: 2 -> 2
Grains active index 6: 2 -> 2
Grains active index 7: 1 -> 1

Finished inside of GrainTracker


Outlier Variable Residual Norms:
  gr0: [33m4.640608e-11[39m
  gr3: [33m3.688950e-11[39m

Postprocessor Values:
+----------------+----------------+----------------+----------------+----------------+----------------+
| time           | dt             | gb_area        | grain_tracker  | ngrains        | total_solute   |
+----------------+----------------+----------------+----------------+----------------+----------------+
:                :                :                :                :                :                :
|   8.000000e+02 |   2.000000e+01 |   7.876580e+03 |   2.900000e+01 |   1.000000e+00 |   3.498547e+05 |
|   8.200000e+02 |   2.000000e+01 |   7.861542e+03 |   2.900000e+01 |   1.000000e+00 |   3.498547e+05 |
|   8.400000e+02 |   2.000000e+01 |   7.842378e+03 |   2.900000e+01 |   1.000000e+00 |   3.498547e+05 |
|   8.600000e+02 |   2.000000e+01 |   7.823626e+03 |   2.800000e+01 |   1.000000e+00 |   3.498547e+05 |
|   8.800000e+02 |   2.000000e+01 |   7.808845e+03 |   2.800000e+01 |   1.000000e+00 |   3.498547e+05 |
|   9.000000e+02 |   2.000000e+01 |   7.797871e+03 |   2.800000e+01 |   1.000000e+00 |   3.498547e+05 |
|   9.200000e+02 |   2.000000e+01 |   7.787480e+03 |   2.800000e+01 |   1.000000e+00 |   3.498547e+05 |
|   9.400000e+02 |   2.000000e+01 |   7.777114e+03 |   2.800000e+01 |   1.000000e+00 |   3.498547e+05 |
|   9.600000e+02 |   2.000000e+01 |   7.767152e+03 |   2.800000e+01 |   1.000000e+00 |   3.498547e+05 |
|   9.800000e+02 |   2.000000e+01 |   7.757581e+03 |   2.800000e+01 |   1.000000e+00 |   3.498547e+05 |
|   1.000000e+03 |   2.000000e+01 |   7.748236e+03 |   2.800000e+01 |   1.000000e+00 |   3.498547e+05 |
|   1.020000e+03 |   2.000000e+01 |   7.738962e+03 |   2.800000e+01 |   1.000000e+00 |   3.498547e+05 |
|   1.040000e+03 |   2.000000e+01 |   7.729659e+03 |   2.800000e+01 |   1.000000e+00 |   3.498547e+05 |
|   1.060000e+03 |   2.000000e+01 |   7.720268e+03 |   2.800000e+01 |   1.000000e+00 |   3.498547e+05 |
|   1.080000e+03 |   2.000000e+01 |   7.710812e+03 |   2.800000e+01 |   1.000000e+00 |   3.498547e+05 |
+----------------+----------------+----------------+----------------+----------------+----------------+


Time Step 55, time = 1100, dt = 20
[32m Solve Converged![39m


Grain Tracker Status:
Grains active index 0: 5 -> 5
Grains active index 1: 5 -> 5
Grains active index 2: 5 -> 5
Grains active index 3: 5 -> 5
Grains active index 4: 3 -> 3
Grains active index 5: 2 -> 2
Grains active index 6: 2 -> 2
Grains active index 7: 1 -> 1

Finished inside of GrainTracker


Outlier Variable Residual Norms:
  gr0: [33m9.965023e-11[39m
  gr3: [33m1.040827e-10[39m

Postprocessor Values:
+----------------+----------------+----------------+----------------+----------------+----------------+
| time           | dt             | gb_area        | grain_tracker  | ngrains        | total_solute   |
+----------------+----------------+----------------+----------------+----------------+----------------+
:                :                :                :                :                :                :
|   8.200000e+02 |   2.000000e+01 |   7.861542e+03 |   2.900000e+01 |   1.000000e+00 |   3.498547e+05 |
|   8.400000e+02 |   2.000000e+01 |   7.842378e+03 |   2.900000e+01 |   1.000000e+00 |   3.498547e+05 |
|   8.600000e+02 |   2.000000e+01 |   7.823626e+03 |   2.800000e+01 |   1.000000e+00 |   3.498547e+05 |
|   8.800000e+02 |   2.000000e+01 |   7.808845e+03 |   2.800000e+01 |   1.000000e+00 |   3.498547e+05 |
|   9.000000e+02 |   2.000000e+01 |   7.797871e+03 |   2.800000e+01 |   1.000000e+00 |   3.498547e+05 |
|   9.200000e+02 |   2.000000e+01 |   7.787480e+03 |   2.800000e+01 |   1.000000e+00 |   3.498547e+05 |
|   9.400000e+02 |   2.000000e+01 |   7.777114e+03 |   2.800000e+01 |   1.000000e+00 |   3.498547e+05 |
|   9.600000e+02 |   2.000000e+01 |   7.767152e+03 |   2.800000e+01 |   1.000000e+00 |   3.498547e+05 |
|   9.800000e+02 |   2.000000e+01 |   7.757581e+03 |   2.800000e+01 |   1.000000e+00 |   3.498547e+05 |
|   1.000000e+03 |   2.000000e+01 |   7.748236e+03 |   2.800000e+01 |   1.000000e+00 |   3.498547e+05 |
|   1.020000e+03 |   2.000000e+01 |   7.738962e+03 |   2.800000e+01 |   1.000000e+00 |   3.498547e+05 |
|   1.040000e+03 |   2.000000e+01 |   7.729659e+03 |   2.800000e+01 |   1.000000e+00 |   3.498547e+05 |
|   1.060000e+03 |   2.000000e+01 |   7.720268e+03 |   2.800000e+01 |   1.000000e+00 |   3.498547e+05 |
|   1.080000e+03 |   2.000000e+01 |   7.710812e+03 |   2.800000e+01 |   1.000000e+00 |   3.498547e+05 |
|   1.100000e+03 |   2.000000e+01 |   7.701399e+03 |   2.800000e+01 |   1.000000e+00 |   3.498547e+05 |
+----------------+----------------+----------------+----------------+----------------+----------------+


Time Step 56, time = 1120, dt = 20
[32m Solve Converged![39m


Grain Tracker Status:
Grains active index 0: 5 -> 5
Grains active index 1: 5 -> 5
Grains active index 2: 5 -> 5
Grains active index 3: 5 -> 5
Grains active index 4: 3 -> 3
Grains active index 5: 2 -> 2
Grains active index 6: 2 -> 2
Grains active index 7: 1 -> 1

Finished inside of GrainTracker


Outlier Variable Residual Norms:
  gr0: [33m1.641438e-11[39m
  gr3: [33m1.684669e-11[39m

Postprocessor Values:
+----------------+----------------+----------------+----------------+----------------+----------------+
| time           | dt             | gb_area        | grain_tracker  | ngrains        | total_solute   |
+----------------+----------------+----------------+----------------+----------------+----------------+
:                :                :                :                :                :                :
|   8.400000e+02 |   2.000000e+01 |   7.842378e+03 |   2.900000e+01 |   1.000000e+00 |   3.498547e+05 |
|   8.600000e+02 |   2.000000e+01 |   7.823626e+03 |   2.800000e+01 |   1.000000e+00 |   3.498547e+05 |
|   8.800000e+02 |   2.000000e+01 |   7.808845e+03 |   2.800000e+01 |   1.000000e+00 |   3.498547e+05 |
|   9.000000e+02 |   2.000000e+01 |   7.797871e+03 |   2.800000e+01 |   1.000000e+00 |   3.498547e+05 |
|   9.200000e+02 |   2.000000e+01 |   7.787480e+03 |   2.800000e+01 |   1.000000e+00 |   3.498547e+05 |
|   9.400000e+02 |   2.000000e+01 |   7.777114e+03 |   2.800000e+01 |   1.000000e+00 |   3.498547e+05 |
|   9.600000e+02 |   2.000000e+01 |   7.767152e+03 |   2.800000e+01 |   1.000000e+00 |   3.498547e+05 |
|   9.800000e+02 |   2.000000e+01 |   7.757581e+03 |   2.800000e+01 |   1.000000e+00 |   3.498547e+05 |
|   1.000000e+03 |   2.000000e+01 |   7.748236e+03 |   2.800000e+01 |   1.000000e+00 |   3.498547e+05 |
|   1.020000e+03 |   2.000000e+01 |   7.738962e+03 |   2.800000e+01 |   1.000000e+00 |   3.498547e+05 |
|   1.040000e+03 |   2.000000e+01 |   7.729659e+03 |   2.800000e+01 |   1.000000e+00 |   3.498547e+05 |
|   1.060000e+03 |   2.000000e+01 |   7.720268e+03 |   2.800000e+01 |   1.000000e+00 |   3.498547e+05 |
|   1.080000e+03 |   2.000000e+01 |   7.710812e+03 |   2.800000e+01 |   1.000000e+00 |   3.498547e+05 |
|   1.100000e+03 |   2.000000e+01 |   7.701399e+03 |   2.800000e+01 |   1.000000e+00 |   3.498547e+05 |
|   1.120000e+03 |   2.000000e+01 |   7.692161e+03 |   2.800000e+01 |   1.000000e+00 |   3.498547e+05 |
+----------------+----------------+----------------+----------------+----------------+----------------+


Time Step 57, time = 1140, dt = 20
[32m Solve Converged![39m


Grain Tracker Status:
Grains active index 0: 5 -> 5
Grains active index 1: 5 -> 5
Grains active index 2: 5 -> 5
Grains active index 3: 5 -> 5
Grains active index 4: 3 -> 3
Grains active index 5: 2 -> 2
Grains active index 6: 2 -> 2
Grains active index 7: 1 -> 1

Finished inside of GrainTracker


Outlier Variable Residual Norms:
  gr0: [33m1.299108e-11[39m
  gr2: [33m1.237544e-11[39m
  gr3: [33m1.377463e-11[39m

Postprocessor Values:
+----------------+----------------+----------------+----------------+----------------+----------------+
| time           | dt             | gb_area        | grain_tracker  | ngrains        | total_solute   |
+----------------+----------------+----------------+----------------+----------------+----------------+
:                :                :                :                :                :                :
|   8.600000e+02 |   2.000000e+01 |   7.823626e+03 |   2.800000e+01 |   1.000000e+00 |   3.498547e+05 |
|   8.800000e+02 |   2.000000e+01 |   7.808845e+03 |   2.800000e+01 |   1.000000e+00 |   3.498547e+05 |
|   9.000000e+02 |   2.000000e+01 |   7.797871e+03 |   2.800000e+01 |   1.000000e+00 |   3.498547e+05 |
|   9.200000e+02 |   2.000000e+01 |   7.787480e+03 |   2.800000e+01 |   1.000000e+00 |   3.498547e+05 |
|   9.400000e+02 |   2.000000e+01 |   7.777114e+03 |   2.800000e+01 |   1.000000e+00 |   3.498547e+05 |
|   9.600000e+02 |   2.000000e+01 |   7.767152e+03 |   2.800000e+01 |   1.000000e+00 |   3.498547e+05 |
|   9.800000e+02 |   2.000000e+01 |   7.757581e+03 |   2.800000e+01 |   1.000000e+00 |   3.498547e+05 |
|   1.000000e+03 |   2.000000e+01 |   7.748236e+03 |   2.800000e+01 |   1.000000e+00 |   3.498547e+05 |
|   1.020000e+03 |   2.000000e+01 |   7.738962e+03 |   2.800000e+01 |   1.000000e+00 |   3.498547e+05 |
|   1.040000e+03 |   2.000000e+01 |   7.729659e+03 |   2.800000e+01 |   1.000000e+00 |   3.498547e+05 |
|   1.060000e+03 |   2.000000e+01 |   7.720268e+03 |   2.800000e+01 |   1.000000e+00 |   3.498547e+05 |
|   1.080000e+03 |   2.000000e+01 |   7.710812e+03 |   2.800000e+01 |   1.000000e+00 |   3.498547e+05 |
|   1.100000e+03 |   2.000000e+01 |   7.701399e+03 |   2.800000e+01 |   1.000000e+00 |   3.498547e+05 |
|   1.120000e+03 |   2.000000e+01 |   7.692161e+03 |   2.800000e+01 |   1.000000e+00 |   3.498547e+05 |
|   1.140000e+03 |   2.000000e+01 |   7.683018e+03 |   2.800000e+01 |   1.000000e+00 |   3.498547e+05 |
+----------------+----------------+----------------+----------------+----------------+----------------+


Time Step 58, time = 1160, dt = 20
[32m Solve Converged![39m


Grain Tracker Status:
Grains active index 0: 5 -> 5
Grains active index 1: 5 -> 5
Grains active index 2: 5 -> 5
Grains active index 3: 5 -> 5
Grains active index 4: 3 -> 3
Grains active index 5: 2 -> 2
Grains active index 6: 2 -> 2
Grains active index 7: 1 -> 1

Finished inside of GrainTracker


Outlier Variable Residual Norms:
  gr0: [33m2.092610e-11[39m
  gr3: [33m1.694803e-11[39m

Postprocessor Values:
+----------------+----------------+----------------+----------------+----------------+----------------+
| time           | dt             | gb_area        | grain_tracker  | ngrains        | total_solute   |
+----------------+----------------+----------------+----------------+----------------+----------------+
:                :                :                :                :                :                :
|   8.800000e+02 |   2.000000e+01 |   7.808845e+03 |   2.800000e+01 |   1.000000e+00 |   3.498547e+05 |
|   9.000000e+02 |   2.000000e+01 |   7.797871e+03 |   2.800000e+01 |   1.000000e+00 |   3.498547e+05 |
|   9.200000e+02 |   2.000000e+01 |   7.787480e+03 |   2.800000e+01 |   1.000000e+00 |   3.498547e+05 |
|   9.400000e+02 |   2.000000e+01 |   7.777114e+03 |   2.800000e+01 |   1.000000e+00 |   3.498547e+05 |
|   9.600000e+02 |   2.000000e+01 |   7.767152e+03 |   2.800000e+01 |   1.000000e+00 |   3.498547e+05 |
|   9.800000e+02 |   2.000000e+01 |   7.757581e+03 |   2.800000e+01 |   1.000000e+00 |   3.498547e+05 |
|   1.000000e+03 |   2.000000e+01 |   7.748236e+03 |   2.800000e+01 |   1.000000e+00 |   3.498547e+05 |
|   1.020000e+03 |   2.000000e+01 |   7.738962e+03 |   2.800000e+01 |   1.000000e+00 |   3.498547e+05 |
|   1.040000e+03 |   2.000000e+01 |   7.729659e+03 |   2.800000e+01 |   1.000000e+00 |   3.498547e+05 |
|   1.060000e+03 |   2.000000e+01 |   7.720268e+03 |   2.800000e+01 |   1.000000e+00 |   3.498547e+05 |
|   1.080000e+03 |   2.000000e+01 |   7.710812e+03 |   2.800000e+01 |   1.000000e+00 |   3.498547e+05 |
|   1.100000e+03 |   2.000000e+01 |   7.701399e+03 |   2.800000e+01 |   1.000000e+00 |   3.498547e+05 |
|   1.120000e+03 |   2.000000e+01 |   7.692161e+03 |   2.800000e+01 |   1.000000e+00 |   3.498547e+05 |
|   1.140000e+03 |   2.000000e+01 |   7.683018e+03 |   2.800000e+01 |   1.000000e+00 |   3.498547e+05 |
|   1.160000e+03 |   2.000000e+01 |   7.673745e+03 |   2.800000e+01 |   1.000000e+00 |   3.498547e+05 |
+----------------+----------------+----------------+----------------+----------------+----------------+


Time Step 59, time = 1180, dt = 20
[32m Solve Converged![39m


Grain Tracker Status:
Grains active index 0: 5 -> 5
Grains active index 1: 5 -> 5
Grains active index 2: 5 -> 5
Grains active index 3: 5 -> 5
Grains active index 4: 3 -> 3
Grains active index 5: 2 -> 2
Grains active index 6: 2 -> 2
Grains active index 7: 1 -> 1

Finished inside of GrainTracker


Outlier Variable Residual Norms:
  gr0: [33m3.860397e-11[39m

Postprocessor Values:
+----------------+----------------+----------------+----------------+----------------+----------------+
| time           | dt             | gb_area        | grain_tracker  | ngrains        | total_solute   |
+----------------+----------------+----------------+----------------+----------------+----------------+
:                :                :                :                :                :                :
|   9.000000e+02 |   2.000000e+01 |   7.797871e+03 |   2.800000e+01 |   1.000000e+00 |   3.498547e+05 |
|   9.200000e+02 |   2.000000e+01 |   7.787480e+03 |   2.800000e+01 |   1.000000e+00 |   3.498547e+05 |
|   9.400000e+02 |   2.000000e+01 |   7.777114e+03 |   2.800000e+01 |   1.000000e+00 |   3.498547e+05 |
|   9.600000e+02 |   2.000000e+01 |   7.767152e+03 |   2.800000e+01 |   1.000000e+00 |   3.498547e+05 |
|   9.800000e+02 |   2.000000e+01 |   7.757581e+03 |   2.800000e+01 |   1.000000e+00 |   3.498547e+05 |
|   1.000000e+03 |   2.000000e+01 |   7.748236e+03 |   2.800000e+01 |   1.000000e+00 |   3.498547e+05 |
|   1.020000e+03 |   2.000000e+01 |   7.738962e+03 |   2.800000e+01 |   1.000000e+00 |   3.498547e+05 |
|   1.040000e+03 |   2.000000e+01 |   7.729659e+03 |   2.800000e+01 |   1.000000e+00 |   3.498547e+05 |
|   1.060000e+03 |   2.000000e+01 |   7.720268e+03 |   2.800000e+01 |   1.000000e+00 |   3.498547e+05 |
|   1.080000e+03 |   2.000000e+01 |   7.710812e+03 |   2.800000e+01 |   1.000000e+00 |   3.498547e+05 |
|   1.100000e+03 |   2.000000e+01 |   7.701399e+03 |   2.800000e+01 |   1.000000e+00 |   3.498547e+05 |
|   1.120000e+03 |   2.000000e+01 |   7.692161e+03 |   2.800000e+01 |   1.000000e+00 |   3.498547e+05 |
|   1.140000e+03 |   2.000000e+01 |   7.683018e+03 |   2.800000e+01 |   1.000000e+00 |   3.498547e+05 |
|   1.160000e+03 |   2.000000e+01 |   7.673745e+03 |   2.800000e+01 |   1.000000e+00 |   3.498547e+05 |
|   1.180000e+03 |   2.000000e+01 |   7.664032e+03 |   2.800000e+01 |   1.000000e+00 |   3.498547e+05 |
+----------------+----------------+----------------+----------------+----------------+----------------+


Time Step 60, time = 1200, dt = 20
[32m Solve Converged![39m


Grain Tracker Status:
Grains active index 0: 5 -> 5
Grains active index 1: 5 -> 5
Grains active index 2: 5 -> 5
Grains active index 3: 5 -> 5
Grains active index 4: 3 -> 3
Grains active index 5: 2 -> 2
Grains active index 6: 2 -> 2
Grains active index 7: 1 -> 1

Finished inside of GrainTracker


Outlier Variable Residual Norms:
  gr0: [33m1.309912e-10[39m
  gr1: [33m1.361021e-10[39m

Postprocessor Values:
+----------------+----------------+----------------+----------------+----------------+----------------+
| time           | dt             | gb_area        | grain_tracker  | ngrains        | total_solute   |
+----------------+----------------+----------------+----------------+----------------+----------------+
:                :                :                :                :                :                :
|   9.200000e+02 |   2.000000e+01 |   7.787480e+03 |   2.800000e+01 |   1.000000e+00 |   3.498547e+05 |
|   9.400000e+02 |   2.000000e+01 |   7.777114e+03 |   2.800000e+01 |   1.000000e+00 |   3.498547e+05 |
|   9.600000e+02 |   2.000000e+01 |   7.767152e+03 |   2.800000e+01 |   1.000000e+00 |   3.498547e+05 |
|   9.800000e+02 |   2.000000e+01 |   7.757581e+03 |   2.800000e+01 |   1.000000e+00 |   3.498547e+05 |
|   1.000000e+03 |   2.000000e+01 |   7.748236e+03 |   2.800000e+01 |   1.000000e+00 |   3.498547e+05 |
|   1.020000e+03 |   2.000000e+01 |   7.738962e+03 |   2.800000e+01 |   1.000000e+00 |   3.498547e+05 |
|   1.040000e+03 |   2.000000e+01 |   7.729659e+03 |   2.800000e+01 |   1.000000e+00 |   3.498547e+05 |
|   1.060000e+03 |   2.000000e+01 |   7.720268e+03 |   2.800000e+01 |   1.000000e+00 |   3.498547e+05 |
|   1.080000e+03 |   2.000000e+01 |   7.710812e+03 |   2.800000e+01 |   1.000000e+00 |   3.498547e+05 |
|   1.100000e+03 |   2.000000e+01 |   7.701399e+03 |   2.800000e+01 |   1.000000e+00 |   3.498547e+05 |
|   1.120000e+03 |   2.000000e+01 |   7.692161e+03 |   2.800000e+01 |   1.000000e+00 |   3.498547e+05 |
|   1.140000e+03 |   2.000000e+01 |   7.683018e+03 |   2.800000e+01 |   1.000000e+00 |   3.498547e+05 |
|   1.160000e+03 |   2.000000e+01 |   7.673745e+03 |   2.800000e+01 |   1.000000e+00 |   3.498547e+05 |
|   1.180000e+03 |   2.000000e+01 |   7.664032e+03 |   2.800000e+01 |   1.000000e+00 |   3.498547e+05 |
|   1.200000e+03 |   2.000000e+01 |   7.653581e+03 |   2.800000e+01 |   1.000000e+00 |   3.498547e+05 |
+----------------+----------------+----------------+----------------+----------------+----------------+


Time Step 61, time = 1220, dt = 20
[32m Solve Converged![39m


Grain Tracker Status:
Grains active index 0: 5 -> 5
Grains active index 1: 5 -> 5
Grains active index 2: 5 -> 5
Grains active index 3: 5 -> 5
Grains active index 4: 3 -> 3
Grains active index 5: 2 -> 2
Grains active index 6: 2 -> 2
Grains active index 7: 1 -> 1

Finished inside of GrainTracker


Outlier Variable Residual Norms:
  gr0: [33m1.178196e-09[39m
  gr1: [33m9.852585e-10[39m

Postprocessor Values:
+----------------+----------------+----------------+----------------+----------------+----------------+
| time           | dt             | gb_area        | grain_tracker  | ngrains        | total_solute   |
+----------------+----------------+----------------+----------------+----------------+----------------+
:                :                :                :                :                :                :
|   9.400000e+02 |   2.000000e+01 |   7.777114e+03 |   2.800000e+01 |   1.000000e+00 |   3.498547e+05 |
|   9.600000e+02 |   2.000000e+01 |   7.767152e+03 |   2.800000e+01 |   1.000000e+00 |   3.498547e+05 |
|   9.800000e+02 |   2.000000e+01 |   7.757581e+03 |   2.800000e+01 |   1.000000e+00 |   3.498547e+05 |
|   1.000000e+03 |   2.000000e+01 |   7.748236e+03 |   2.800000e+01 |   1.000000e+00 |   3.498547e+05 |
|   1.020000e+03 |   2.000000e+01 |   7.738962e+03 |   2.800000e+01 |   1.000000e+00 |   3.498547e+05 |
|   1.040000e+03 |   2.000000e+01 |   7.729659e+03 |   2.800000e+01 |   1.000000e+00 |   3.498547e+05 |
|   1.060000e+03 |   2.000000e+01 |   7.720268e+03 |   2.800000e+01 |   1.000000e+00 |   3.498547e+05 |
|   1.080000e+03 |   2.000000e+01 |   7.710812e+03 |   2.800000e+01 |   1.000000e+00 |   3.498547e+05 |
|   1.100000e+03 |   2.000000e+01 |   7.701399e+03 |   2.800000e+01 |   1.000000e+00 |   3.498547e+05 |
|   1.120000e+03 |   2.000000e+01 |   7.692161e+03 |   2.800000e+01 |   1.000000e+00 |   3.498547e+05 |
|   1.140000e+03 |   2.000000e+01 |   7.683018e+03 |   2.800000e+01 |   1.000000e+00 |   3.498547e+05 |
|   1.160000e+03 |   2.000000e+01 |   7.673745e+03 |   2.800000e+01 |   1.000000e+00 |   3.498547e+05 |
|   1.180000e+03 |   2.000000e+01 |   7.664032e+03 |   2.800000e+01 |   1.000000e+00 |   3.498547e+05 |
|   1.200000e+03 |   2.000000e+01 |   7.653581e+03 |   2.800000e+01 |   1.000000e+00 |   3.498547e+05 |
|   1.220000e+03 |   2.000000e+01 |   7.642020e+03 |   2.800000e+01 |   1.000000e+00 |   3.498547e+05 |
+----------------+----------------+----------------+----------------+----------------+----------------+


Time Step 62, time = 1240, dt = 20
[32m Solve Converged![39m


Grain Tracker Status:
Grains active index 0: 5 -> 5
Grains active index 1: 5 -> 5
Grains active index 2: 5 -> 5
Grains active index 3: 5 -> 5
Grains active index 4: 3 -> 3
Grains active index 5: 2 -> 2
Grains active index 6: 2 -> 2
Grains active index 7: 1 -> 1

Finished inside of GrainTracker


Outlier Variable Residual Norms:
  gr1: [33m2.170413e-09[39m

Postprocessor Values:
+----------------+----------------+----------------+----------------+----------------+----------------+
| time           | dt             | gb_area        | grain_tracker  | ngrains        | total_solute   |
+----------------+----------------+----------------+----------------+----------------+----------------+
:                :                :                :                :                :                :
|   9.600000e+02 |   2.000000e+01 |   7.767152e+03 |   2.800000e+01 |   1.000000e+00 |   3.498547e+05 |
|   9.800000e+02 |   2.000000e+01 |   7.757581e+03 |   2.800000e+01 |   1.000000e+00 |   3.498547e+05 |
|   1.000000e+03 |   2.000000e+01 |   7.748236e+03 |   2.800000e+01 |   1.000000e+00 |   3.498547e+05 |
|   1.020000e+03 |   2.000000e+01 |   7.738962e+03 |   2.800000e+01 |   1.000000e+00 |   3.498547e+05 |
|   1.040000e+03 |   2.000000e+01 |   7.729659e+03 |   2.800000e+01 |   1.000000e+00 |   3.498547e+05 |
|   1.060000e+03 |   2.000000e+01 |   7.720268e+03 |   2.800000e+01 |   1.000000e+00 |   3.498547e+05 |
|   1.080000e+03 |   2.000000e+01 |   7.710812e+03 |   2.800000e+01 |   1.000000e+00 |   3.498547e+05 |
|   1.100000e+03 |   2.000000e+01 |   7.701399e+03 |   2.800000e+01 |   1.000000e+00 |   3.498547e+05 |
|   1.120000e+03 |   2.000000e+01 |   7.692161e+03 |   2.800000e+01 |   1.000000e+00 |   3.498547e+05 |
|   1.140000e+03 |   2.000000e+01 |   7.683018e+03 |   2.800000e+01 |   1.000000e+00 |   3.498547e+05 |
|   1.160000e+03 |   2.000000e+01 |   7.673745e+03 |   2.800000e+01 |   1.000000e+00 |   3.498547e+05 |
|   1.180000e+03 |   2.000000e+01 |   7.664032e+03 |   2.800000e+01 |   1.000000e+00 |   3.498547e+05 |
|   1.200000e+03 |   2.000000e+01 |   7.653581e+03 |   2.800000e+01 |   1.000000e+00 |   3.498547e+05 |
|   1.220000e+03 |   2.000000e+01 |   7.642020e+03 |   2.800000e+01 |   1.000000e+00 |   3.498547e+05 |
|   1.240000e+03 |   2.000000e+01 |   7.628342e+03 |   2.800000e+01 |   1.000000e+00 |   3.498547e+05 |
+----------------+----------------+----------------+----------------+----------------+----------------+


Time Step 63, time = 1260, dt = 20
[32m Solve Converged![39m


Grain Tracker Status:
Grains active index 0: 5 -> 5
Grains active index 1: 5 -> 5
Grains active index 2: 5 -> 5
Grains active index 3: 5 -> 5
Grains active index 4: 3 -> 3
Grains active index 5: 2 -> 2
Grains active index 6: 2 -> 2
Grains active index 7: 1 -> 1

Finished inside of GrainTracker


Outlier Variable Residual Norms:
  gr0: [33m1.114001e-09[39m
  gr2: [33m1.058220e-09[39m

Postprocessor Values:
+----------------+----------------+----------------+----------------+----------------+----------------+
| time           | dt             | gb_area        | grain_tracker  | ngrains        | total_solute   |
+----------------+----------------+----------------+----------------+----------------+----------------+
:                :                :                :                :                :                :
|   9.800000e+02 |   2.000000e+01 |   7.757581e+03 |   2.800000e+01 |   1.000000e+00 |   3.498547e+05 |
|   1.000000e+03 |   2.000000e+01 |   7.748236e+03 |   2.800000e+01 |   1.000000e+00 |   3.498547e+05 |
|   1.020000e+03 |   2.000000e+01 |   7.738962e+03 |   2.800000e+01 |   1.000000e+00 |   3.498547e+05 |
|   1.040000e+03 |   2.000000e+01 |   7.729659e+03 |   2.800000e+01 |   1.000000e+00 |   3.498547e+05 |
|   1.060000e+03 |   2.000000e+01 |   7.720268e+03 |   2.800000e+01 |   1.000000e+00 |   3.498547e+05 |
|   1.080000e+03 |   2.000000e+01 |   7.710812e+03 |   2.800000e+01 |   1.000000e+00 |   3.498547e+05 |
|   1.100000e+03 |   2.000000e+01 |   7.701399e+03 |   2.800000e+01 |   1.000000e+00 |   3.498547e+05 |
|   1.120000e+03 |   2.000000e+01 |   7.692161e+03 |   2.800000e+01 |   1.000000e+00 |   3.498547e+05 |
|   1.140000e+03 |   2.000000e+01 |   7.683018e+03 |   2.800000e+01 |   1.000000e+00 |   3.498547e+05 |
|   1.160000e+03 |   2.000000e+01 |   7.673745e+03 |   2.800000e+01 |   1.000000e+00 |   3.498547e+05 |
|   1.180000e+03 |   2.000000e+01 |   7.664032e+03 |   2.800000e+01 |   1.000000e+00 |   3.498547e+05 |
|   1.200000e+03 |   2.000000e+01 |   7.653581e+03 |   2.800000e+01 |   1.000000e+00 |   3.498547e+05 |
|   1.220000e+03 |   2.000000e+01 |   7.642020e+03 |   2.800000e+01 |   1.000000e+00 |   3.498547e+05 |
|   1.240000e+03 |   2.000000e+01 |   7.628342e+03 |   2.800000e+01 |   1.000000e+00 |   3.498547e+05 |
|   1.260000e+03 |   2.000000e+01 |   7.613361e+03 |   2.800000e+01 |   1.000000e+00 |   3.498547e+05 |
+----------------+----------------+----------------+----------------+----------------+----------------+


Time Step 64, time = 1280, dt = 20
[32m Solve Converged![39m


Grain Tracker Status:
Grains active index 0: 5 -> 5
Grains active index 1: 5 -> 5
Grains active index 2: 5 -> 5
Grains active index 3: 5 -> 4--
Grains active index 4: 3 -> 3
Grains active index 5: 2 -> 2
Grains active index 6: 2 -> 2
Grains active index 7: 1 -> 1

[32mMarking Grain 21 as INACTIVE (variable index: 3)
[39mFinished inside of GrainTracker


Outlier Variable Residual Norms:
  gr0: [33m2.248426e-11[39m

Postprocessor Values:
+----------------+----------------+----------------+----------------+----------------+----------------+
| time           | dt             | gb_area        | grain_tracker  | ngrains        | total_solute   |
+----------------+----------------+----------------+----------------+----------------+----------------+
:                :                :                :                :                :                :
|   1.000000e+03 |   2.000000e+01 |   7.748236e+03 |   2.800000e+01 |   1.000000e+00 |   3.498547e+05 |
|   1.020000e+03 |   2.000000e+01 |   7.738962e+03 |   2.800000e+01 |   1.000000e+00 |   3.498547e+05 |
|   1.040000e+03 |   2.000000e+01 |   7.729659e+03 |   2.800000e+01 |   1.000000e+00 |   3.498547e+05 |
|   1.060000e+03 |   2.000000e+01 |   7.720268e+03 |   2.800000e+01 |   1.000000e+00 |   3.498547e+05 |
|   1.080000e+03 |   2.000000e+01 |   7.710812e+03 |   2.800000e+01 |   1.000000e+00 |   3.498547e+05 |
|   1.100000e+03 |   2.000000e+01 |   7.701399e+03 |   2.800000e+01 |   1.000000e+00 |   3.498547e+05 |
|   1.120000e+03 |   2.000000e+01 |   7.692161e+03 |   2.800000e+01 |   1.000000e+00 |   3.498547e+05 |
|   1.140000e+03 |   2.000000e+01 |   7.683018e+03 |   2.800000e+01 |   1.000000e+00 |   3.498547e+05 |
|   1.160000e+03 |   2.000000e+01 |   7.673745e+03 |   2.800000e+01 |   1.000000e+00 |   3.498547e+05 |
|   1.180000e+03 |   2.000000e+01 |   7.664032e+03 |   2.800000e+01 |   1.000000e+00 |   3.498547e+05 |
|   1.200000e+03 |   2.000000e+01 |   7.653581e+03 |   2.800000e+01 |   1.000000e+00 |   3.498547e+05 |
|   1.220000e+03 |   2.000000e+01 |   7.642020e+03 |   2.800000e+01 |   1.000000e+00 |   3.498547e+05 |
|   1.240000e+03 |   2.000000e+01 |   7.628342e+03 |   2.800000e+01 |   1.000000e+00 |   3.498547e+05 |
|   1.260000e+03 |   2.000000e+01 |   7.613361e+03 |   2.800000e+01 |   1.000000e+00 |   3.498547e+05 |
|   1.280000e+03 |   2.000000e+01 |   7.600591e+03 |   2.700000e+01 |   1.000000e+00 |   3.498547e+05 |
+----------------+----------------+----------------+----------------+----------------+----------------+


Time Step 65, time = 1300, dt = 20
[32m Solve Converged![39m


Grain Tracker Status:
Grains active index 0: 5 -> 5
Grains active index 1: 5 -> 5
Grains active index 2: 5 -> 5
Grains active index 3: 4 -> 4
Grains active index 4: 3 -> 3
Grains active index 5: 2 -> 2
Grains active index 6: 2 -> 2
Grains active index 7: 1 -> 1

Finished inside of GrainTracker


Outlier Variable Residual Norms:
  gr0: [33m1.865765e-11[39m
  gr6: [33m2.066639e-11[39m

Postprocessor Values:
+----------------+----------------+----------------+----------------+----------------+----------------+
| time           | dt             | gb_area        | grain_tracker  | ngrains        | total_solute   |
+----------------+----------------+----------------+----------------+----------------+----------------+
:                :                :                :                :                :                :
|   1.020000e+03 |   2.000000e+01 |   7.738962e+03 |   2.800000e+01 |   1.000000e+00 |   3.498547e+05 |
|   1.040000e+03 |   2.000000e+01 |   7.729659e+03 |   2.800000e+01 |   1.000000e+00 |   3.498547e+05 |
|   1.060000e+03 |   2.000000e+01 |   7.720268e+03 |   2.800000e+01 |   1.000000e+00 |   3.498547e+05 |
|   1.080000e+03 |   2.000000e+01 |   7.710812e+03 |   2.800000e+01 |   1.000000e+00 |   3.498547e+05 |
|   1.100000e+03 |   2.000000e+01 |   7.701399e+03 |   2.800000e+01 |   1.000000e+00 |   3.498547e+05 |
|   1.120000e+03 |   2.000000e+01 |   7.692161e+03 |   2.800000e+01 |   1.000000e+00 |   3.498547e+05 |
|   1.140000e+03 |   2.000000e+01 |   7.683018e+03 |   2.800000e+01 |   1.000000e+00 |   3.498547e+05 |
|   1.160000e+03 |   2.000000e+01 |   7.673745e+03 |   2.800000e+01 |   1.000000e+00 |   3.498547e+05 |
|   1.180000e+03 |   2.000000e+01 |   7.664032e+03 |   2.800000e+01 |   1.000000e+00 |   3.498547e+05 |
|   1.200000e+03 |   2.000000e+01 |   7.653581e+03 |   2.800000e+01 |   1.000000e+00 |   3.498547e+05 |
|   1.220000e+03 |   2.000000e+01 |   7.642020e+03 |   2.800000e+01 |   1.000000e+00 |   3.498547e+05 |
|   1.240000e+03 |   2.000000e+01 |   7.628342e+03 |   2.800000e+01 |   1.000000e+00 |   3.498547e+05 |
|   1.260000e+03 |   2.000000e+01 |   7.613361e+03 |   2.800000e+01 |   1.000000e+00 |   3.498547e+05 |
|   1.280000e+03 |   2.000000e+01 |   7.600591e+03 |   2.700000e+01 |   1.000000e+00 |   3.498547e+05 |
|   1.300000e+03 |   2.000000e+01 |   7.590794e+03 |   2.700000e+01 |   1.000000e+00 |   3.498547e+05 |
+----------------+----------------+----------------+----------------+----------------+----------------+


Time Step 66, time = 1320, dt = 20
[32m Solve Converged![39m


Grain Tracker Status:
Grains active index 0: 5 -> 5
Grains active index 1: 5 -> 5
Grains active index 2: 5 -> 5
Grains active index 3: 4 -> 4
Grains active index 4: 3 -> 3
Grains active index 5: 2 -> 2
Grains active index 6: 2 -> 2
Grains active index 7: 1 -> 1

Finished inside of GrainTracker


Outlier Variable Residual Norms:
  gr0: [33m1.444223e-11[39m

Postprocessor Values:
+----------------+----------------+----------------+----------------+----------------+----------------+
| time           | dt             | gb_area        | grain_tracker  | ngrains        | total_solute   |
+----------------+----------------+----------------+----------------+----------------+----------------+
:                :                :                :                :                :                :
|   1.040000e+03 |   2.000000e+01 |   7.729659e+03 |   2.800000e+01 |   1.000000e+00 |   3.498547e+05 |
|   1.060000e+03 |   2.000000e+01 |   7.720268e+03 |   2.800000e+01 |   1.000000e+00 |   3.498547e+05 |
|   1.080000e+03 |   2.000000e+01 |   7.710812e+03 |   2.800000e+01 |   1.000000e+00 |   3.498547e+05 |
|   1.100000e+03 |   2.000000e+01 |   7.701399e+03 |   2.800000e+01 |   1.000000e+00 |   3.498547e+05 |
|   1.120000e+03 |   2.000000e+01 |   7.692161e+03 |   2.800000e+01 |   1.000000e+00 |   3.498547e+05 |
|   1.140000e+03 |   2.000000e+01 |   7.683018e+03 |   2.800000e+01 |   1.000000e+00 |   3.498547e+05 |
|   1.160000e+03 |   2.000000e+01 |   7.673745e+03 |   2.800000e+01 |   1.000000e+00 |   3.498547e+05 |
|   1.180000e+03 |   2.000000e+01 |   7.664032e+03 |   2.800000e+01 |   1.000000e+00 |   3.498547e+05 |
|   1.200000e+03 |   2.000000e+01 |   7.653581e+03 |   2.800000e+01 |   1.000000e+00 |   3.498547e+05 |
|   1.220000e+03 |   2.000000e+01 |   7.642020e+03 |   2.800000e+01 |   1.000000e+00 |   3.498547e+05 |
|   1.240000e+03 |   2.000000e+01 |   7.628342e+03 |   2.800000e+01 |   1.000000e+00 |   3.498547e+05 |
|   1.260000e+03 |   2.000000e+01 |   7.613361e+03 |   2.800000e+01 |   1.000000e+00 |   3.498547e+05 |
|   1.280000e+03 |   2.000000e+01 |   7.600591e+03 |   2.700000e+01 |   1.000000e+00 |   3.498547e+05 |
|   1.300000e+03 |   2.000000e+01 |   7.590794e+03 |   2.700000e+01 |   1.000000e+00 |   3.498547e+05 |
|   1.320000e+03 |   2.000000e+01 |   7.583753e+03 |   2.700000e+01 |   1.000000e+00 |   3.498547e+05 |
+----------------+----------------+----------------+----------------+----------------+----------------+


Time Step 67, time = 1340, dt = 20
[32m Solve Converged![39m


Grain Tracker Status:
Grains active index 0: 5 -> 5
Grains active index 1: 5 -> 5
Grains active index 2: 5 -> 5
Grains active index 3: 4 -> 4
Grains active index 4: 3 -> 3
Grains active index 5: 2 -> 2
Grains active index 6: 2 -> 2
Grains active index 7: 1 -> 1

Finished inside of GrainTracker


Outlier Variable Residual Norms:
  gr3: [33m1.671765e-11[39m

Postprocessor Values:
+----------------+----------------+----------------+----------------+----------------+----------------+
| time           | dt             | gb_area        | grain_tracker  | ngrains        | total_solute   |
+----------------+----------------+----------------+----------------+----------------+----------------+
:                :                :                :                :                :                :
|   1.060000e+03 |   2.000000e+01 |   7.720268e+03 |   2.800000e+01 |   1.000000e+00 |   3.498547e+05 |
|   1.080000e+03 |   2.000000e+01 |   7.710812e+03 |   2.800000e+01 |   1.000000e+00 |   3.498547e+05 |
|   1.100000e+03 |   2.000000e+01 |   7.701399e+03 |   2.800000e+01 |   1.000000e+00 |   3.498547e+05 |
|   1.120000e+03 |   2.000000e+01 |   7.692161e+03 |   2.800000e+01 |   1.000000e+00 |   3.498547e+05 |
|   1.140000e+03 |   2.000000e+01 |   7.683018e+03 |   2.800000e+01 |   1.000000e+00 |   3.498547e+05 |
|   1.160000e+03 |   2.000000e+01 |   7.673745e+03 |   2.800000e+01 |   1.000000e+00 |   3.498547e+05 |
|   1.180000e+03 |   2.000000e+01 |   7.664032e+03 |   2.800000e+01 |   1.000000e+00 |   3.498547e+05 |
|   1.200000e+03 |   2.000000e+01 |   7.653581e+03 |   2.800000e+01 |   1.000000e+00 |   3.498547e+05 |
|   1.220000e+03 |   2.000000e+01 |   7.642020e+03 |   2.800000e+01 |   1.000000e+00 |   3.498547e+05 |
|   1.240000e+03 |   2.000000e+01 |   7.628342e+03 |   2.800000e+01 |   1.000000e+00 |   3.498547e+05 |
|   1.260000e+03 |   2.000000e+01 |   7.613361e+03 |   2.800000e+01 |   1.000000e+00 |   3.498547e+05 |
|   1.280000e+03 |   2.000000e+01 |   7.600591e+03 |   2.700000e+01 |   1.000000e+00 |   3.498547e+05 |
|   1.300000e+03 |   2.000000e+01 |   7.590794e+03 |   2.700000e+01 |   1.000000e+00 |   3.498547e+05 |
|   1.320000e+03 |   2.000000e+01 |   7.583753e+03 |   2.700000e+01 |   1.000000e+00 |   3.498547e+05 |
|   1.340000e+03 |   2.000000e+01 |   7.576586e+03 |   2.700000e+01 |   1.000000e+00 |   3.498547e+05 |
+----------------+----------------+----------------+----------------+----------------+----------------+


Time Step 68, time = 1360, dt = 20
[32m Solve Converged![39m


Grain Tracker Status:
Grains active index 0: 5 -> 5
Grains active index 1: 5 -> 5
Grains active index 2: 5 -> 5
Grains active index 3: 4 -> 4
Grains active index 4: 3 -> 3
Grains active index 5: 2 -> 2
Grains active index 6: 2 -> 2
Grains active index 7: 1 -> 1

Finished inside of GrainTracker


Outlier Variable Residual Norms:
  gr0: [33m4.120262e-12[39m
  gr6: [33m3.961305e-12[39m

Postprocessor Values:
+----------------+----------------+----------------+----------------+----------------+----------------+
| time           | dt             | gb_area        | grain_tracker  | ngrains        | total_solute   |
+----------------+----------------+----------------+----------------+----------------+----------------+
:                :                :                :                :                :                :
|   1.080000e+03 |   2.000000e+01 |   7.710812e+03 |   2.800000e+01 |   1.000000e+00 |   3.498547e+05 |
|   1.100000e+03 |   2.000000e+01 |   7.701399e+03 |   2.800000e+01 |   1.000000e+00 |   3.498547e+05 |
|   1.120000e+03 |   2.000000e+01 |   7.692161e+03 |   2.800000e+01 |   1.000000e+00 |   3.498547e+05 |
|   1.140000e+03 |   2.000000e+01 |   7.683018e+03 |   2.800000e+01 |   1.000000e+00 |   3.498547e+05 |
|   1.160000e+03 |   2.000000e+01 |   7.673745e+03 |   2.800000e+01 |   1.000000e+00 |   3.498547e+05 |
|   1.180000e+03 |   2.000000e+01 |   7.664032e+03 |   2.800000e+01 |   1.000000e+00 |   3.498547e+05 |
|   1.200000e+03 |   2.000000e+01 |   7.653581e+03 |   2.800000e+01 |   1.000000e+00 |   3.498547e+05 |
|   1.220000e+03 |   2.000000e+01 |   7.642020e+03 |   2.800000e+01 |   1.000000e+00 |   3.498547e+05 |
|   1.240000e+03 |   2.000000e+01 |   7.628342e+03 |   2.800000e+01 |   1.000000e+00 |   3.498547e+05 |
|   1.260000e+03 |   2.000000e+01 |   7.613361e+03 |   2.800000e+01 |   1.000000e+00 |   3.498547e+05 |
|   1.280000e+03 |   2.000000e+01 |   7.600591e+03 |   2.700000e+01 |   1.000000e+00 |   3.498547e+05 |
|   1.300000e+03 |   2.000000e+01 |   7.590794e+03 |   2.700000e+01 |   1.000000e+00 |   3.498547e+05 |
|   1.320000e+03 |   2.000000e+01 |   7.583753e+03 |   2.700000e+01 |   1.000000e+00 |   3.498547e+05 |
|   1.340000e+03 |   2.000000e+01 |   7.576586e+03 |   2.700000e+01 |   1.000000e+00 |   3.498547e+05 |
|   1.360000e+03 |   2.000000e+01 |   7.569475e+03 |   2.700000e+01 |   1.000000e+00 |   3.498547e+05 |
+----------------+----------------+----------------+----------------+----------------+----------------+


Time Step 69, time = 1380, dt = 20
[32m Solve Converged![39m


Grain Tracker Status:
Grains active index 0: 5 -> 5
Grains active index 1: 5 -> 5
Grains active index 2: 5 -> 5
Grains active index 3: 4 -> 4
Grains active index 4: 3 -> 3
Grains active index 5: 2 -> 2
Grains active index 6: 2 -> 2
Grains active index 7: 1 -> 1

Finished inside of GrainTracker


Outlier Variable Residual Norms:
  gr0: [33m4.762066e-12[39m
  gr6: [33m4.562892e-12[39m

Postprocessor Values:
+----------------+----------------+----------------+----------------+----------------+----------------+
| time           | dt             | gb_area        | grain_tracker  | ngrains        | total_solute   |
+----------------+----------------+----------------+----------------+----------------+----------------+
:                :                :                :                :                :                :
|   1.100000e+03 |   2.000000e+01 |   7.701399e+03 |   2.800000e+01 |   1.000000e+00 |   3.498547e+05 |
|   1.120000e+03 |   2.000000e+01 |   7.692161e+03 |   2.800000e+01 |   1.000000e+00 |   3.498547e+05 |
|   1.140000e+03 |   2.000000e+01 |   7.683018e+03 |   2.800000e+01 |   1.000000e+00 |   3.498547e+05 |
|   1.160000e+03 |   2.000000e+01 |   7.673745e+03 |   2.800000e+01 |   1.000000e+00 |   3.498547e+05 |
|   1.180000e+03 |   2.000000e+01 |   7.664032e+03 |   2.800000e+01 |   1.000000e+00 |   3.498547e+05 |
|   1.200000e+03 |   2.000000e+01 |   7.653581e+03 |   2.800000e+01 |   1.000000e+00 |   3.498547e+05 |
|   1.220000e+03 |   2.000000e+01 |   7.642020e+03 |   2.800000e+01 |   1.000000e+00 |   3.498547e+05 |
|   1.240000e+03 |   2.000000e+01 |   7.628342e+03 |   2.800000e+01 |   1.000000e+00 |   3.498547e+05 |
|   1.260000e+03 |   2.000000e+01 |   7.613361e+03 |   2.800000e+01 |   1.000000e+00 |   3.498547e+05 |
|   1.280000e+03 |   2.000000e+01 |   7.600591e+03 |   2.700000e+01 |   1.000000e+00 |   3.498547e+05 |
|   1.300000e+03 |   2.000000e+01 |   7.590794e+03 |   2.700000e+01 |   1.000000e+00 |   3.498547e+05 |
|   1.320000e+03 |   2.000000e+01 |   7.583753e+03 |   2.700000e+01 |   1.000000e+00 |   3.498547e+05 |
|   1.340000e+03 |   2.000000e+01 |   7.576586e+03 |   2.700000e+01 |   1.000000e+00 |   3.498547e+05 |
|   1.360000e+03 |   2.000000e+01 |   7.569475e+03 |   2.700000e+01 |   1.000000e+00 |   3.498547e+05 |
|   1.380000e+03 |   2.000000e+01 |   7.562424e+03 |   2.700000e+01 |   1.000000e+00 |   3.498547e+05 |
+----------------+----------------+----------------+----------------+----------------+----------------+


Time Step 70, time = 1400, dt = 20
[32m Solve Converged![39m


Grain Tracker Status:
Grains active index 0: 5 -> 5
Grains active index 1: 5 -> 5
Grains active index 2: 5 -> 5
Grains active index 3: 4 -> 4
Grains active index 4: 3 -> 3
Grains active index 5: 2 -> 2
Grains active index 6: 2 -> 2
Grains active index 7: 1 -> 1

Finished inside of GrainTracker


Outlier Variable Residual Norms:
  gr0: [33m4.541745e-12[39m
  gr1: [33m4.319671e-12[39m
  gr6: [33m5.368462e-12[39m

Postprocessor Values:
+----------------+----------------+----------------+----------------+----------------+----------------+
| time           | dt             | gb_area        | grain_tracker  | ngrains        | total_solute   |
+----------------+----------------+----------------+----------------+----------------+----------------+
:                :                :                :                :                :                :
|   1.120000e+03 |   2.000000e+01 |   7.692161e+03 |   2.800000e+01 |   1.000000e+00 |   3.498547e+05 |
|   1.140000e+03 |   2.000000e+01 |   7.683018e+03 |   2.800000e+01 |   1.000000e+00 |   3.498547e+05 |
|   1.160000e+03 |   2.000000e+01 |   7.673745e+03 |   2.800000e+01 |   1.000000e+00 |   3.498547e+05 |
|   1.180000e+03 |   2.000000e+01 |   7.664032e+03 |   2.800000e+01 |   1.000000e+00 |   3.498547e+05 |
|   1.200000e+03 |   2.000000e+01 |   7.653581e+03 |   2.800000e+01 |   1.000000e+00 |   3.498547e+05 |
|   1.220000e+03 |   2.000000e+01 |   7.642020e+03 |   2.800000e+01 |   1.000000e+00 |   3.498547e+05 |
|   1.240000e+03 |   2.000000e+01 |   7.628342e+03 |   2.800000e+01 |   1.000000e+00 |   3.498547e+05 |
|   1.260000e+03 |   2.000000e+01 |   7.613361e+03 |   2.800000e+01 |   1.000000e+00 |   3.498547e+05 |
|   1.280000e+03 |   2.000000e+01 |   7.600591e+03 |   2.700000e+01 |   1.000000e+00 |   3.498547e+05 |
|   1.300000e+03 |   2.000000e+01 |   7.590794e+03 |   2.700000e+01 |   1.000000e+00 |   3.498547e+05 |
|   1.320000e+03 |   2.000000e+01 |   7.583753e+03 |   2.700000e+01 |   1.000000e+00 |   3.498547e+05 |
|   1.340000e+03 |   2.000000e+01 |   7.576586e+03 |   2.700000e+01 |   1.000000e+00 |   3.498547e+05 |
|   1.360000e+03 |   2.000000e+01 |   7.569475e+03 |   2.700000e+01 |   1.000000e+00 |   3.498547e+05 |
|   1.380000e+03 |   2.000000e+01 |   7.562424e+03 |   2.700000e+01 |   1.000000e+00 |   3.498547e+05 |
|   1.400000e+03 |   2.000000e+01 |   7.555307e+03 |   2.700000e+01 |   1.000000e+00 |   3.498547e+05 |
+----------------+----------------+----------------+----------------+----------------+----------------+


Time Step 71, time = 1420, dt = 20
[32m Solve Converged![39m


Grain Tracker Status:
Grains active index 0: 5 -> 5
Grains active index 1: 5 -> 5
Grains active index 2: 5 -> 5
Grains active index 3: 4 -> 4
Grains active index 4: 3 -> 3
Grains active index 5: 2 -> 2
Grains active index 6: 2 -> 2
Grains active index 7: 1 -> 1

Finished inside of GrainTracker


Outlier Variable Residual Norms:
  gr1: [33m2.911639e-11[39m

Postprocessor Values:
+----------------+----------------+----------------+----------------+----------------+----------------+
| time           | dt             | gb_area        | grain_tracker  | ngrains        | total_solute   |
+----------------+----------------+----------------+----------------+----------------+----------------+
:                :                :                :                :                :                :
|   1.140000e+03 |   2.000000e+01 |   7.683018e+03 |   2.800000e+01 |   1.000000e+00 |   3.498547e+05 |
|   1.160000e+03 |   2.000000e+01 |   7.673745e+03 |   2.800000e+01 |   1.000000e+00 |   3.498547e+05 |
|   1.180000e+03 |   2.000000e+01 |   7.664032e+03 |   2.800000e+01 |   1.000000e+00 |   3.498547e+05 |
|   1.200000e+03 |   2.000000e+01 |   7.653581e+03 |   2.800000e+01 |   1.000000e+00 |   3.498547e+05 |
|   1.220000e+03 |   2.000000e+01 |   7.642020e+03 |   2.800000e+01 |   1.000000e+00 |   3.498547e+05 |
|   1.240000e+03 |   2.000000e+01 |   7.628342e+03 |   2.800000e+01 |   1.000000e+00 |   3.498547e+05 |
|   1.260000e+03 |   2.000000e+01 |   7.613361e+03 |   2.800000e+01 |   1.000000e+00 |   3.498547e+05 |
|   1.280000e+03 |   2.000000e+01 |   7.600591e+03 |   2.700000e+01 |   1.000000e+00 |   3.498547e+05 |
|   1.300000e+03 |   2.000000e+01 |   7.590794e+03 |   2.700000e+01 |   1.000000e+00 |   3.498547e+05 |
|   1.320000e+03 |   2.000000e+01 |   7.583753e+03 |   2.700000e+01 |   1.000000e+00 |   3.498547e+05 |
|   1.340000e+03 |   2.000000e+01 |   7.576586e+03 |   2.700000e+01 |   1.000000e+00 |   3.498547e+05 |
|   1.360000e+03 |   2.000000e+01 |   7.569475e+03 |   2.700000e+01 |   1.000000e+00 |   3.498547e+05 |
|   1.380000e+03 |   2.000000e+01 |   7.562424e+03 |   2.700000e+01 |   1.000000e+00 |   3.498547e+05 |
|   1.400000e+03 |   2.000000e+01 |   7.555307e+03 |   2.700000e+01 |   1.000000e+00 |   3.498547e+05 |
|   1.420000e+03 |   2.000000e+01 |   7.548008e+03 |   2.700000e+01 |   1.000000e+00 |   3.498547e+05 |
+----------------+----------------+----------------+----------------+----------------+----------------+


Time Step 72, time = 1440, dt = 20
[32m Solve Converged![39m


Grain Tracker Status:
Grains active index 0: 5 -> 5
Grains active index 1: 5 -> 5
Grains active index 2: 5 -> 5
Grains active index 3: 4 -> 4
Grains active index 4: 3 -> 3
Grains active index 5: 2 -> 2
Grains active index 6: 2 -> 2
Grains active index 7: 1 -> 1

Finished inside of GrainTracker


Outlier Variable Residual Norms:
  gr0: [33m5.901966e-11[39m
  gr1: [33m5.663048e-11[39m
  gr6: [33m5.763601e-11[39m

Postprocessor Values:
+----------------+----------------+----------------+----------------+----------------+----------------+
| time           | dt             | gb_area        | grain_tracker  | ngrains        | total_solute   |
+----------------+----------------+----------------+----------------+----------------+----------------+
:                :                :                :                :                :                :
|   1.160000e+03 |   2.000000e+01 |   7.673745e+03 |   2.800000e+01 |   1.000000e+00 |   3.498547e+05 |
|   1.180000e+03 |   2.000000e+01 |   7.664032e+03 |   2.800000e+01 |   1.000000e+00 |   3.498547e+05 |
|   1.200000e+03 |   2.000000e+01 |   7.653581e+03 |   2.800000e+01 |   1.000000e+00 |   3.498547e+05 |
|   1.220000e+03 |   2.000000e+01 |   7.642020e+03 |   2.800000e+01 |   1.000000e+00 |   3.498547e+05 |
|   1.240000e+03 |   2.000000e+01 |   7.628342e+03 |   2.800000e+01 |   1.000000e+00 |   3.498547e+05 |
|   1.260000e+03 |   2.000000e+01 |   7.613361e+03 |   2.800000e+01 |   1.000000e+00 |   3.498547e+05 |
|   1.280000e+03 |   2.000000e+01 |   7.600591e+03 |   2.700000e+01 |   1.000000e+00 |   3.498547e+05 |
|   1.300000e+03 |   2.000000e+01 |   7.590794e+03 |   2.700000e+01 |   1.000000e+00 |   3.498547e+05 |
|   1.320000e+03 |   2.000000e+01 |   7.583753e+03 |   2.700000e+01 |   1.000000e+00 |   3.498547e+05 |
|   1.340000e+03 |   2.000000e+01 |   7.576586e+03 |   2.700000e+01 |   1.000000e+00 |   3.498547e+05 |
|   1.360000e+03 |   2.000000e+01 |   7.569475e+03 |   2.700000e+01 |   1.000000e+00 |   3.498547e+05 |
|   1.380000e+03 |   2.000000e+01 |   7.562424e+03 |   2.700000e+01 |   1.000000e+00 |   3.498547e+05 |
|   1.400000e+03 |   2.000000e+01 |   7.555307e+03 |   2.700000e+01 |   1.000000e+00 |   3.498547e+05 |
|   1.420000e+03 |   2.000000e+01 |   7.548008e+03 |   2.700000e+01 |   1.000000e+00 |   3.498547e+05 |
|   1.440000e+03 |   2.000000e+01 |   7.540504e+03 |   2.700000e+01 |   1.000000e+00 |   3.498547e+05 |
+----------------+----------------+----------------+----------------+----------------+----------------+


Time Step 73, time = 1460, dt = 20
[32m Solve Converged![39m


Grain Tracker Status:
Grains active index 0: 5 -> 5
Grains active index 1: 5 -> 5
Grains active index 2: 5 -> 5
Grains active index 3: 4 -> 4
Grains active index 4: 3 -> 3
Grains active index 5: 2 -> 2
Grains active index 6: 2 -> 2
Grains active index 7: 1 -> 1

Finished inside of GrainTracker


Outlier Variable Residual Norms:
  gr1: [33m2.343942e-11[39m
  gr2: [33m2.308248e-11[39m

Postprocessor Values:
+----------------+----------------+----------------+----------------+----------------+----------------+
| time           | dt             | gb_area        | grain_tracker  | ngrains        | total_solute   |
+----------------+----------------+----------------+----------------+----------------+----------------+
:                :                :                :                :                :                :
|   1.180000e+03 |   2.000000e+01 |   7.664032e+03 |   2.800000e+01 |   1.000000e+00 |   3.498547e+05 |
|   1.200000e+03 |   2.000000e+01 |   7.653581e+03 |   2.800000e+01 |   1.000000e+00 |   3.498547e+05 |
|   1.220000e+03 |   2.000000e+01 |   7.642020e+03 |   2.800000e+01 |   1.000000e+00 |   3.498547e+05 |
|   1.240000e+03 |   2.000000e+01 |   7.628342e+03 |   2.800000e+01 |   1.000000e+00 |   3.498547e+05 |
|   1.260000e+03 |   2.000000e+01 |   7.613361e+03 |   2.800000e+01 |   1.000000e+00 |   3.498547e+05 |
|   1.280000e+03 |   2.000000e+01 |   7.600591e+03 |   2.700000e+01 |   1.000000e+00 |   3.498547e+05 |
|   1.300000e+03 |   2.000000e+01 |   7.590794e+03 |   2.700000e+01 |   1.000000e+00 |   3.498547e+05 |
|   1.320000e+03 |   2.000000e+01 |   7.583753e+03 |   2.700000e+01 |   1.000000e+00 |   3.498547e+05 |
|   1.340000e+03 |   2.000000e+01 |   7.576586e+03 |   2.700000e+01 |   1.000000e+00 |   3.498547e+05 |
|   1.360000e+03 |   2.000000e+01 |   7.569475e+03 |   2.700000e+01 |   1.000000e+00 |   3.498547e+05 |
|   1.380000e+03 |   2.000000e+01 |   7.562424e+03 |   2.700000e+01 |   1.000000e+00 |   3.498547e+05 |
|   1.400000e+03 |   2.000000e+01 |   7.555307e+03 |   2.700000e+01 |   1.000000e+00 |   3.498547e+05 |
|   1.420000e+03 |   2.000000e+01 |   7.548008e+03 |   2.700000e+01 |   1.000000e+00 |   3.498547e+05 |
|   1.440000e+03 |   2.000000e+01 |   7.540504e+03 |   2.700000e+01 |   1.000000e+00 |   3.498547e+05 |
|   1.460000e+03 |   2.000000e+01 |   7.532803e+03 |   2.700000e+01 |   1.000000e+00 |   3.498547e+05 |
+----------------+----------------+----------------+----------------+----------------+----------------+


Time Step 74, time = 1480, dt = 20
[32m Solve Converged![39m


Grain Tracker Status:
Grains active index 0: 5 -> 5
Grains active index 1: 5 -> 5
Grains active index 2: 5 -> 5
Grains active index 3: 4 -> 4
Grains active index 4: 3 -> 3
Grains active index 5: 2 -> 2
Grains active index 6: 2 -> 2
Grains active index 7: 1 -> 1

Finished inside of GrainTracker


Outlier Variable Residual Norms:
  gr0: [33m2.944960e-11[39m
  gr6: [33m2.703844e-11[39m

Postprocessor Values:
+----------------+----------------+----------------+----------------+----------------+----------------+
| time           | dt             | gb_area        | grain_tracker  | ngrains        | total_solute   |
+----------------+----------------+----------------+----------------+----------------+----------------+
:                :                :                :                :                :                :
|   1.200000e+03 |   2.000000e+01 |   7.653581e+03 |   2.800000e+01 |   1.000000e+00 |   3.498547e+05 |
|   1.220000e+03 |   2.000000e+01 |   7.642020e+03 |   2.800000e+01 |   1.000000e+00 |   3.498547e+05 |
|   1.240000e+03 |   2.000000e+01 |   7.628342e+03 |   2.800000e+01 |   1.000000e+00 |   3.498547e+05 |
|   1.260000e+03 |   2.000000e+01 |   7.613361e+03 |   2.800000e+01 |   1.000000e+00 |   3.498547e+05 |
|   1.280000e+03 |   2.000000e+01 |   7.600591e+03 |   2.700000e+01 |   1.000000e+00 |   3.498547e+05 |
|   1.300000e+03 |   2.000000e+01 |   7.590794e+03 |   2.700000e+01 |   1.000000e+00 |   3.498547e+05 |
|   1.320000e+03 |   2.000000e+01 |   7.583753e+03 |   2.700000e+01 |   1.000000e+00 |   3.498547e+05 |
|   1.340000e+03 |   2.000000e+01 |   7.576586e+03 |   2.700000e+01 |   1.000000e+00 |   3.498547e+05 |
|   1.360000e+03 |   2.000000e+01 |   7.569475e+03 |   2.700000e+01 |   1.000000e+00 |   3.498547e+05 |
|   1.380000e+03 |   2.000000e+01 |   7.562424e+03 |   2.700000e+01 |   1.000000e+00 |   3.498547e+05 |
|   1.400000e+03 |   2.000000e+01 |   7.555307e+03 |   2.700000e+01 |   1.000000e+00 |   3.498547e+05 |
|   1.420000e+03 |   2.000000e+01 |   7.548008e+03 |   2.700000e+01 |   1.000000e+00 |   3.498547e+05 |
|   1.440000e+03 |   2.000000e+01 |   7.540504e+03 |   2.700000e+01 |   1.000000e+00 |   3.498547e+05 |
|   1.460000e+03 |   2.000000e+01 |   7.532803e+03 |   2.700000e+01 |   1.000000e+00 |   3.498547e+05 |
|   1.480000e+03 |   2.000000e+01 |   7.524850e+03 |   2.700000e+01 |   1.000000e+00 |   3.498547e+05 |
+----------------+----------------+----------------+----------------+----------------+----------------+


Time Step 75, time = 1500, dt = 20
[32m Solve Converged![39m


Grain Tracker Status:
Grains active index 0: 5 -> 5
Grains active index 1: 5 -> 5
Grains active index 2: 5 -> 5
Grains active index 3: 4 -> 4
Grains active index 4: 3 -> 3
Grains active index 5: 2 -> 2
Grains active index 6: 2 -> 2
Grains active index 7: 1 -> 1

Finished inside of GrainTracker


Outlier Variable Residual Norms:
  gr1: [33m8.735296e-11[39m
  gr3: [33m7.369013e-11[39m

Postprocessor Values:
+----------------+----------------+----------------+----------------+----------------+----------------+
| time           | dt             | gb_area        | grain_tracker  | ngrains        | total_solute   |
+----------------+----------------+----------------+----------------+----------------+----------------+
:                :                :                :                :                :                :
|   1.220000e+03 |   2.000000e+01 |   7.642020e+03 |   2.800000e+01 |   1.000000e+00 |   3.498547e+05 |
|   1.240000e+03 |   2.000000e+01 |   7.628342e+03 |   2.800000e+01 |   1.000000e+00 |   3.498547e+05 |
|   1.260000e+03 |   2.000000e+01 |   7.613361e+03 |   2.800000e+01 |   1.000000e+00 |   3.498547e+05 |
|   1.280000e+03 |   2.000000e+01 |   7.600591e+03 |   2.700000e+01 |   1.000000e+00 |   3.498547e+05 |
|   1.300000e+03 |   2.000000e+01 |   7.590794e+03 |   2.700000e+01 |   1.000000e+00 |   3.498547e+05 |
|   1.320000e+03 |   2.000000e+01 |   7.583753e+03 |   2.700000e+01 |   1.000000e+00 |   3.498547e+05 |
|   1.340000e+03 |   2.000000e+01 |   7.576586e+03 |   2.700000e+01 |   1.000000e+00 |   3.498547e+05 |
|   1.360000e+03 |   2.000000e+01 |   7.569475e+03 |   2.700000e+01 |   1.000000e+00 |   3.498547e+05 |
|   1.380000e+03 |   2.000000e+01 |   7.562424e+03 |   2.700000e+01 |   1.000000e+00 |   3.498547e+05 |
|   1.400000e+03 |   2.000000e+01 |   7.555307e+03 |   2.700000e+01 |   1.000000e+00 |   3.498547e+05 |
|   1.420000e+03 |   2.000000e+01 |   7.548008e+03 |   2.700000e+01 |   1.000000e+00 |   3.498547e+05 |
|   1.440000e+03 |   2.000000e+01 |   7.540504e+03 |   2.700000e+01 |   1.000000e+00 |   3.498547e+05 |
|   1.460000e+03 |   2.000000e+01 |   7.532803e+03 |   2.700000e+01 |   1.000000e+00 |   3.498547e+05 |
|   1.480000e+03 |   2.000000e+01 |   7.524850e+03 |   2.700000e+01 |   1.000000e+00 |   3.498547e+05 |
|   1.500000e+03 |   2.000000e+01 |   7.516493e+03 |   2.700000e+01 |   1.000000e+00 |   3.498547e+05 |
+----------------+----------------+----------------+----------------+----------------+----------------+

Finished Executing                                                                       [[33m159.64 s[39m] [[33m  224 MB[39m]
