step,t,dt,f,band,band_ok,dG,disp,mol_bulk,mol_face,v1,v2,v3,v4,v5,v6,v7,v8,v9,v10,v11,v12
1,1.8749999999999998e-07,1.8749999999999998e-07,0.13709375000000001,144577,1,941223531.3807136,0.7059176485355352,2.916680215451278e-11,5.548177597351399e-15,0.1073199224982904,0.1672982676088443,0.04655801230909505,0.07180305447914291,0.10119386824709367,0.03688454524732163,0.03286699338956006,0.04883747435605197,0.07460964212445863,0.06846934123546843,0.12313369044905402,0.12102518805561888
2,2.2734175782875926e-07,3.9841757828759276e-08,0.13763281250000003,144917,1,1272084265.8625164,0.20272829303307768,2.91667768152397e-11,5.573516870431115e-15,0.10742464664812397,0.16736674802747345,0.04648918658114321,0.071791451438951,0.1011239144008628,0.03691037066469887,0.032837600045410684,0.048873247431458246,0.07455866492592382,0.0684140319010047,0.12319066810467162,0.12101946983027757
3,2.5682093700449865e-07,2.9479179175739368e-08,0.13801367187500002,145193,1,1201643789.1381295,0.14169389026166918,2.916676363031437e-11,5.586701795762327e-15,0.10746784031246902,0.1674992570369217,0.046530716216407454,0.07183391591073121,0.10097222025671142,0.036935878748425625,0.032888498931548334,0.04883743967847388,0.0745651897032393,0.06842336158951642,0.12311959582808539,0.12092608578747008
4,2.880281885535593e-07,3.1207251549060646e-08,0.13839843750000003,145462,1,1192385952.3668826,0.14884435343631822,2.916675260090077e-11,5.5977312093571e-15,0.10740897544453852,0.16761219305673158,0.046542478125882025,0.0718458933107536,0.10097375105842507,0.0369037538808919,0.032853513971210835,0.048828676263053906,0.07454134913914762,0.068458933107536,0.12310189105278013,0.12092859158904883
5,3.1947773718801156e-07,3.1449548634452296e-08,0.13877343750000004,145736,1,1178059404.1135535,0.1481977460957724,2.9166741245472555e-11,5.609086637571346e-15,0.10742836232618365,0.16760963801159715,0.046571525080222935,0.07179249000731858,0.10098237910262906,0.036930698643247196,0.032835106682429775,0.04886561954624782,0.0745369588470416,0.06842875640376063,0.12310702021055003,0.12091144513877161
6,3.513097482640722e-07,3.1832011076060604e-08,0.13910546874999996,145995,1,1295964285.5630033,0.16501259796888196,2.9166730389449306e-11,5.619942660828184e-15,0.1074667939681559,0.1674903821852798,0.04664289124147033,0.0717896155682233,0.10096599365364634,0.036912751677852344,0.032812894892027746,0.048875347504984415,0.07458369604897364,0.06843391087023672,0.12299570357473814,0.12103001881441128
7,3.802457308507443e-07,2.893598258667209e-08,0.1394375,146237,1,1227715204.0110729,0.14210058305862794,2.9166720669737357e-11,5.629662372772822e-15,0.10750504258180187,0.16760981622590765,0.04668590318242939,0.07180076199013893,0.10101972209771402,0.036866875840430295,0.032832810398924245,0.04881499327655759,0.07460219632451814,0.06836900493052442,0.12292693859255936,0.12096593455849393
8,4.107902739805219e-07,3.054454312977766e-08,0.13974414062499996,146512,1,1232326690.2842143,0.15056342296544936,2.916670961371308e-11,5.640718397050987e-15,0.10746481432305134,0.16774518162378232,0.04666731890033404,0.07186683252037067,0.10102167745181626,0.03688381388978183,0.03278871822107927,0.04876378425973809,0.07457826105186656,0.06842862933094802,0.12283889362534767,0.12095207480188404
9,4.4122051646058316e-07,3.043024248006126e-08,0.14009765625000004,146745,1,1232833888.0905988,0.15006173660893454,2.916670074884488e-11,5.649583265254182e-15,0.10734699567823786,0.16775407779171894,0.046688972535898515,0.07190854593614945,0.10097588177889306,0.03683256656907849,0.032817510107346994,0.04879408894465356,0.07465495608531995,0.06850690087829361,0.12280775128955808,0.12091175240485152
10,4.716382396934184e-07,3.041772323283523e-08,0.14041601562499995,147011,1,1185842702.2002296,0.14428254045281613,2.9166690263279747e-11,5.660068830377288e-15,0.1073261652733924,0.16788838969023412,0.04669439305634763,0.07191242540998428,0.1009277676547091,0.036860334107632176,0.03279874257577233,0.04875300794235879,0.07468042785806686,0.06850458320003339,0.12279359603855731,0.12086016719291169
11,5.032613208410461e-07,3.162308114762772e-08,0.140728515625,147249,1,1223498883.149733,0.15476321786350358,2.9166681254812546e-11,5.669077297589342e-15,0.107323775554106,0.16789030297142382,0.04668785477356945,0.07186376694932896,0.10093958613798176,0.03688951188708312,0.03279530345717735,0.04875577699748796,0.07470889484129738,0.0685190068421856,0.12275685953395417,0.12086936005440438
12,5.339111240541567e-07,3.0649803213110664e-08,0.14103515624999996,147521,1,1220904346.9982069,0.14968191191010569,2.916667056243645e-11,5.679769673679053e-15,0.10736740063703089,0.16805151641046948,0.04665558786871625,0.07188755020080322,0.10096939482066197,0.03685085168259244,0.03275169644093616,0.04871901398698241,0.07472649217559894,0.0684669713336103,0.12269768730092787,0.12085583714167013
13,5.646260609713689e-07,3.0714936917212135e-08,0.14137304687499996,147770,1,1223926863.0764363,0.1503713455626963,2.916666110376774e-11,5.6892283423967415e-15,0.10737327825594407,0.16811958609065664,0.04669604741444815,0.0719229653371648,0.1008938562922233,0.03683185278311205,0.03275631018333034,0.04868546481908736,0.07481038365362032,0.06834477708854289,0.12268073995275133,0.12088473812911871
14,5.952651466318803e-07,3.0639085660511446e-08,0.14171289062500003,148059,1,1155705994.0501492,0.1416390998002762,2.9166649688841633e-11,5.700643268491241e-15,0.1073500833827198,0.16817123089433136,0.04666675854845156,0.07188830850228096,0.10088619981531761,0.03688134845707513,0.03276045040450956,0.04866518736992985,0.07479636699422523,0.06829113662362005,0.1227173119065011,0.1209256171010378
15,6.277128454350871e-07,3.244769880320684e-08,0.14204296875,148328,1,1254257475.3430712,0.16279107512641044,2.9166639651450544e-11,5.71068065959047e-15,0.10737562907350877,0.16826169457965515,0.04666831669554217,0.07190000825014438,0.10085801501526276,0.036905645848802356,0.03275307317878062,0.04871710254929461,0.0748150592635371,0.06825619448340345,0.12261089569067457,0.120878365371394
16,6.57611012866573e-07,2.9898167431485946e-08,0.14234375,148589,1,1250220564.1355329,0.14951721501124393,2.91666296638163e-11,5.7206682938324246e-15,0.10735455543358947,0.16826289791437982,0.046734357848518114,0.07187156970362239,0.10086443468715699,0.03690998902305159,0.03271130625686059,0.04873765093304062,0.07483534577387486,0.06830406147091109,0.12259879253567509,0.12081503841931943
17,6.876057202612074e-07,2.999470739463435e-08,0.14268359374999995,148865,1,1250474488.5733836,0.15003046555685473,2.916661895675928e-11,5.731375350843787e-15,0.10729049744024967,0.1683822925507159,0.04673255400114983,0.07191940208612807,0.10085690037506503,0.03698633887261478,0.03267445998850166,0.04869001012949325,0.07478029950447614,0.06831932543050347,0.12252580283078271,0.12084211679031949
18,7.175943368564826e-07,2.998861659527517e-08,0.14303906249999998,149099,1,1250397265.0809534,0.14999073669717344,2.91666101144403e-11,5.740217669830866e-15,0.107310612267191,0.1683052050903927,0.046766617510513954,0.07195914577530177,0.10097493036211701,0.03692173248129336,0.03264787809274128,0.0486509366977989,0.07471735212190726,0.06827243432191818,0.12252171063411439,0.12095144464471025
19,7.475848055237122e-07,2.9990468667229666e-08,0.143357421875,149307,1,1253560423.8226624,0.1503794584525308,2.916660173315144e-11,5.748598958682579e-15,0.10737203504134932,0.1682856714669137,0.04671725772830692,0.07205820242782598,0.10099592637501872,0.0368806114524721,0.03269799316066976,0.04862464066267932,0.07478303519121512,0.06824343655908117,0.1224948568781591,0.12084633305630867
20,7.774995980517388e-07,2.991479252802656e-08,0.14368749999999997,149543,1,1252860743.1372988,0.1499162767898459,2.916659257904749e-11,5.757753062643873e-15,0.10730208786428883,0.16830687255328403,0.0467730535015224,0.07202859939103959,0.10114451935624184,0.03690463244889083,0.03271802957807743,0.04859449760765551,0.07478795128316659,0.06818181818181819,0.12239016963897346,0.12086776859504132
21,8.074310969876029e-07,2.993149893586412e-08,0.14398437500000005,149793,1,1253098144.6139205,0.1500284231281795,2.91665828600213e-11,5.767472088833912e-15,0.10731144872490506,0.16832609875203472,0.04682582745523603,0.0719750406945198,0.10105805751492133,0.03689636462289745,0.03270482908301682,0.04860282148670646,0.07482365708084646,0.0682311448724905,0.12232772653282692,0.1209169831795985
22,8.373569253524303e-07,2.992582836482752e-08,0.14430664062499998,150011,1,1256867663.409757,0.15045122389000878,2.916657479226223e-11,5.775539847897091e-15,0.10724774988157272,0.16827502199363878,0.04689720511605875,0.07203085876700278,0.10102185829329366,0.036868105840157005,0.03274006902618935,0.048548419841645804,0.07491371726331462,0.06828178926710429,0.12227109697502879,0.12090410773499359
23,8.671930020466673e-07,2.9836076694237026e-08,0.144615234375,150251,1,1255886883.5126407,0.14988294950307787,2.916656567673064e-11,5.784655379486222e-15,0.10720797374498602,0.16828059370906093,0.046918682387261455,0.07205272611860675,0.10108990721607714,0.036883972826600754,0.03272422781356779,0.04859338492497602,0.07490242156584687,0.06833866807125588,0.12217225125940331,0.12083519036235701
24,8.970523791070558e-07,2.9859377060388374e-08,0.14491796874999996,150472,1,1244035368.6193066,0.14858448459225246,2.9166557362312014e-11,5.792969798117019e-15,0.10718617752500066,0.16838728806706377,0.04687457882961804,0.07203698212889834,0.10109436912046145,0.036874309280573586,0.03270977654384215,0.04859969271408932,0.07492115690449876,0.06831720531550714,0.12211919458745517,0.12087926898299142
25,9.271962166103411e-07,3.014383750328529e-08,0.144751953125,141116,1,1256122501.507764,0.15145741027868112,2.916663053213064e-11,5.7197999794889495e-15,0.10698527923576161,0.16858041099402266,0.04690135333882045,0.07190371459797877,0.10096744160943424,0.036822149960195914,0.03267982675104233,0.04862844575175745,0.07487215468271423,0.06823364322048764,0.12234021021952964,0.12108536963825511
26,9.570499927786587e-07,2.9853776168317615e-08,0.14521484375000004,141300,1,1284546991.5758915,0.15339431345676974,2.916661746876474e-11,5.732863345388232e-15,0.1069401479488904,0.16860793544048422,0.046886348352387364,0.07191661062542032,0.10088769334229995,0.036785474108944186,0.032750504371217216,0.048567585743106934,0.07482178883658373,0.06819098856758575,0.12216543375924682,0.12147948890383323
27,9.862431637921962e-07,2.9193171013537407e-08,0.14566992187500005,141510,1,1489876311.0686994,0.17397685575218721,2.916660327224663e-11,5.747059863492714e-15,0.10690103642921309,0.1687113685424292,0.04683372886582733,0.07196009814569003,0.10081385838595926,0.036777818001421235,0.032755453655658795,0.0485365297722001,0.07477575318772374,0.06813885201721571,0.12222624458656797,0.12156925841009343
28,1.0114130384464895e-06,2.516987465429326e-08,0.146080078125,141667,1,1494650286.1700866,0.15048064141961853,2.9166592056695804e-11,5.758275414328295e-15,0.10692177075394757,0.16875910847271805,0.046849304079258754,0.07194523551669274,0.10069124115893198,0.0367815169868838,0.032797186902517615,0.048507213241880925,0.07491342772719371,0.06821493990079286,0.12212372815637827,0.12149532710280374
29,1.0365025194755873e-06,2.5089481029097807e-08,0.14640624999999996,141805,1,1498585625.465461,0.15039494248237742,2.916658116462152e-11,5.7691674886028124e-15,0.10691035218783354,0.16866328708644612,0.04682497331910353,0.07193169690501602,0.10074706510138744,0.03676627534685166,0.03279082177161153,0.04853255069370332,0.07490661686232658,0.06824973319103524,0.12218516542155819,0.12149146211312703
30,1.0615261146327558e-06,2.5023595157168607e-08,0.14676367187499995,141980,1,1500370028.0144231,0.1501786086679306,2.9166569933060924e-11,5.780399049203166e-15,0.10691614654724992,0.16869169450248195,0.04683070944732044,0.07192952104653794,0.10080779314107768,0.036690044315505106,0.03279081218476771,0.048494204383641853,0.07495042785089763,0.06824321626764969,0.12211383628548236,0.12154159402738779
31,1.0865199490201483e-06,2.499383438739254e-08,0.14712890624999997,142130,1,1501867285.5103915,0.15014968882355806,2.916655945957553e-11,5.79087253459311e-15,0.10691623523164741,0.16871100491172175,0.04683393070489845,0.07191026151599628,0.10079649542015133,0.036638789326961366,0.032735961768219836,0.04851984601088544,0.07508296827293243,0.06823310765963095,0.12216912252754547,0.12145227664940927
32,1.1114888662885313e-06,2.4968917268383055e-08,0.14741796875000002,142281,1,1438951479.1230443,0.1437162417417629,2.9166548366575866e-11,5.801965534263194e-15,0.10695831898036513,0.16871141259704817,0.04686133707835396,0.07194149288534407,0.10075783672063383,0.03660669334110602,0.03277776305678476,0.04853069768674316,0.0750549829089271,0.0682185537507618,0.12211505339304167,0.12146585760089033
33,1.137549508738306e-06,2.6060642449774627e-08,0.14773242187500002,142438,1,1398658664.441009,0.1457997734531058,2.9166537877148466e-11,5.8124549616628485e-15,0.10695540660241411,0.16868282235354778,0.046933460251986414,0.07201311492748451,0.10071523949285421,0.036634540382606856,0.03278731871124685,0.048493502029376384,0.07508031571014953,0.06824521741429686,0.1220402173481934,0.12141884477584317
34,1.1643609109434233e-06,2.6811402205117237e-08,0.14804296875,142627,1,1397961439.570421,0.14992522569426903,2.9166525632037486e-11,5.824700072643507e-15,0.10698171455711232,0.16873796142378428,0.046953745481411124,0.07200717697036861,0.10062270772315893,0.03663685057653236,0.032784506187498355,0.048470935908599175,0.0750151719042719,0.06832634106440803,0.12203488218686509,0.12142800601598988
35,1.1911856851743371e-06,2.682477423091395e-08,0.148310546875,142788,1,1394357945.1800406,0.14961334830614273,2.916651454665956e-11,5.835785450564591e-15,0.10690722328307105,0.16872325014815304,0.046987555145848424,0.07210113913215249,0.10067821162836635,0.03662342793178376,0.032830710476065054,0.04843616250740765,0.07493250806610917,0.06834792914993086,0.12202541647461644,0.12140646605649569
36,1.2180797837303273e-06,2.68940985559902e-08,0.14861914062500003,142953,1,1385211863.1415176,0.14901609747301914,2.9166504083844125e-11,5.84624826600376e-15,0.10688236762908547,0.1686883156137884,0.04706083345379996,0.07213541324431945,0.10071885718791479,0.036652517314339036,0.03281510782857819,0.04840129841115477,0.0748689104122587,0.06838999645171041,0.12202173655921045,0.12136464589384045
37,1.245151454857193e-06,2.707167112686565e-08,0.148869140625,143164,1,1386571902.9983134,0.15014727420689045,2.9166491123068544e-11,5.859209041588985e-15,0.10676847587935083,0.16889046325815718,0.04707364112252529,0.07215859146429461,0.10068091470854489,0.03665656446386166,0.03281247950040015,0.04834625628107739,0.07488749819603521,0.0684194644520539,0.12201361829417089,0.12129203237952794
38,1.272196572329219e-06,2.704511747202598e-08,0.14915429687500004,143304,1,1386105235.79331,0.14994951572248136,2.9166481979636215e-11,5.868352473920372e-15,0.10673458430997682,0.16889494153233725,0.04707530739717417,0.07216467846059162,0.10069794544764099,0.036651956997132265,0.03281522123430278,0.04833239488260636,0.07486217868974819,0.06857674126258724,0.12193748608692236,0.12125656369897991
39,1.299250795220555e-06,2.7054222891335963e-08,0.14943359374999998,143477,1,1426843324.3886635,0.15440854931610276,2.9166471483776846e-11,5.878848333285567e-15,0.10667886550777675,0.1689321657299699,0.04705267285322179,0.07218664226898443,0.10067964971899096,0.03659652333028362,0.03278002875441118,0.04841197229120375,0.07486603058423734,0.06857927068357077,0.12195791399817016,0.12127826427917918
40,1.325532587593286e-06,2.6281792372730912e-08,0.14973242187500002,143647,1,1425821298.4326057,0.1498925573040934,2.916646144372018e-11,5.888888389953074e-15,0.10667466704929365,0.1689602546208732,0.04714138502276197,0.07222519337881377,0.1006482918748288,0.0365756623142846,0.03276678449838905,0.04841970702946663,0.07480792559644157,0.06858588889033823,0.12193626651709431,0.12125797320741429
41,1.3518332187040876e-06,2.630063111080151e-08,0.14999414062500005,143805,1,1425357139.7507133,0.14995116933492267,2.916645196585661e-11,5.898366253519886e-15,0.10670989752203862,0.16899097621000822,0.04720236467570348,0.07222938396031096,0.10060288813365108,0.03656392827844838,0.0327616964204331,0.04841334947979739,0.0747294816203758,0.06868757894188575,0.12186673958618177,0.12124171517116554
42,1.3781424144517291e-06,2.6309195747641555e-08,0.15025390625,143955,1,1425552653.5878644,0.15002057524725193,2.9166442997878847e-11,5.907334231284559e-15,0.10666839984401404,0.16917977382035618,0.047146756791888726,0.07226049655531001,0.10064994150526453,0.03655271025607695,0.0327830495255427,0.048355647991680746,0.07471727544520992,0.06864682178603926,0.12176004159625634,0.12127908488236057
43,1.404448001906264e-06,2.6305587454534994e-08,0.15050390624999999,144123,1,1357621487.1125817,0.14285212303758352,2.9166432990936624e-11,5.917341173512176e-15,0.10665991850294584,0.16924913701367802,0.04715928261828753,0.0722961924783929,0.10065145734381895,0.03655687923382388,0.032767525759817284,0.04840509745905682,0.07474889044615744,0.06861065690778376,0.121622673830102,0.12127228840613564
44,1.4320698393300042e-06,2.76218374237401e-08,0.15081054687499995,144288,1,1289019692.7362862,0.14242036955504447,2.916642355840015e-11,5.926773709986016e-15,0.10662436055170628,0.169306481901185,0.04724470633944182,0.07235640743378878,0.1006669688532021,0.03656025383668976,0.032700900084180536,0.04842323382762417,0.07471346241015348,0.06862656219646442,0.12155669235252219,0.12121997021304151
45,1.4611617145056242e-06,2.9091875175619933e-08,0.15110546874999997,144468,1,1288370086.3742814,0.1499244069312131,2.916641309482037e-11,5.937237289761103e-15,0.10661013882067057,0.16935087764651138,0.04720419822661117,0.07240906858309852,0.10063852338236434,0.036566450378719334,0.03274048031434997,0.0484062766589975,0.07469689527699507,0.06860894966781274,0.121487475118269,0.1212806659256004
46,1.4902682580342248e-06,2.9106543528600645e-08,0.15137890624999994,144650,1,1306941133.6235423,0.15216215598052926,2.9166402283144556e-11,5.948048965578225e-15,0.10663690552989445,0.16935463060924316,0.04720924831625939,0.07242019972647279,0.10059866332929064,0.036590715557505225,0.03273294970711945,0.04835754651252806,0.07472969834593451,0.06866565169148195,0.12148736871984103,0.12121642195442933
47,1.5189612106357163e-06,2.8692952601491598e-08,0.15166992187499995,144823,1,1287011428.8746002,0.1477126317051075,2.916639228441959e-11,5.958047690541449e-15,0.10661258128903484,0.1693773742836907,0.04724744060266564,0.07242289614319748,0.10052153757002126,0.03663640461013457,0.03277316335071792,0.0483291481553023,0.07477947331144164,0.0686626746506986,0.12147318266692422,0.12116412336617088
48,1.548098481027162e-06,2.913727039144561e-08,0.15197070312500005,144985,1,1293382911.1834407,0.150742590411308,2.916638292290286e-11,5.967409207271398e-15,0.10663290878947164,0.16938914521456386,0.04719248415993008,0.07242092817026308,0.1005539204976288,0.03664100553920497,0.03274685447698852,0.048310606742150645,0.07479854515544473,0.0687067048798982,0.12143839401611636,0.121168502358339
49,1.5770922149598978e-06,2.8993733932735846e-08,0.152330078125,145154,1,1251672503.5746286,0.14516263815825656,2.916637367940475e-11,5.97665270537589e-15,0.10656084520405677,0.16939981793237854,0.04726065159693819,0.07245522034028694,0.10058595002115574,0.03664431423332863,0.0328234585155078,0.04826074134858256,0.07486569307501956,0.0686856512763966,0.12139550985344838,0.12106214660290025
50,1.6070521285098914e-06,2.995991354999366e-08,0.15230859375000005,141621,1,1299781575.2791512,0.1557653745169518,2.9166481821496414e-11,5.868510613720148e-15,0.10646046523556718,0.1691287733066605,0.04708778948988228,0.0724782642148188,0.10013849349849965,0.03661101279782514,0.03281526506116796,0.04840860711446231,0.07533789848939498,0.06846451745274551,0.12129722243594675,0.12177169090302889
51,1.6359031298729059e-06,2.8851001363014553e-08,0.15262695312499996,141778,1,1280073528.3471808,0.14772561244441348,2.9166467474962685e-11,5.88285714745159e-15,0.10653272762172883,0.16914709834282424,0.047117537910294965,0.0724934416789302,0.10015995905048307,0.03658583402648922,0.03279800371104997,0.048397210314159576,0.07530872096743234,0.06848806705483396,0.12123616354213321,0.1217352357796404
52,1.665198322039265e-06,2.9295192166359107e-08,0.153005859375,141959,1,1279468054.5644732,0.14992905011673555,2.9166452668289894e-11,5.897663820235917e-15,0.1065497389550543,0.16926435108949564,0.04706468042737333,0.07250539322687294,0.10012892684359002,0.036597352531944495,0.03283166749639387,0.04840500899934897,0.07533923077905001,0.06842058234085194,0.12125505814472995,0.12163800916529441
53,1.6945073773659843e-06,2.9309055326719258e-08,0.153423828125,142127,1,1280866222.0176945,0.15016391586896993,2.916643861152372e-11,5.9117205864045704e-15,0.10645042200807096,0.16933789925273382,0.04707649612363627,0.07247336193398088,0.1001616742836047,0.0366122235942612,0.032831336804450495,0.04834952197879139,0.07547770295214695,0.06846333049024225,0.1211793311522157,0.12158669942586534
54,1.7237844395254718e-06,2.927706215948753e-08,0.15379687500000006,142264,1,1282571811.0295181,0.1501997385420708,2.916642549964273e-11,5.9248324673925126e-15,0.10644620542517524,0.16948592908666055,0.047102001422330585,0.07250076196281621,0.10018541095194552,0.03654881641775881,0.03280249923803718,0.048397338209895356,0.07539622066443157,0.06842426089606826,0.12112668901757592,0.12158386670730466
55,1.7530225684766287e-06,2.9238128951156985e-08,0.15416406250000003,142430,1,1284852881.3926404,0.15026677691769455,2.916641147962469e-11,5.938852485438609e-15,0.10642071656615823,0.1695763441950033,0.047091167080525013,0.07253078599300665,0.10013682663558507,0.03653777935438099,0.032838392540414534,0.04835808037297928,0.07544468656565145,0.06842598692545483,0.12104089596108043,0.12159833780976032
56,1.7822087893608082e-06,2.9186220884179426e-08,0.15452343749999997,142592,1,1285544676.3533049,0.15008076352211405,2.916639821273331e-11,5.952119376827291e-15,0.1063501693715557,0.16961170938874565,0.04701956620658274,0.07262753425350119,0.10013145255068508,0.036528641488447346,0.032837858334597306,0.04830881237676324,0.07545881996056425,0.06849436270792254,0.12103746397694526,0.1215936093836898
57,1.8113793041548766e-06,2.9170514794068435e-08,0.15485742187499996,142737,1,1388933635.498398,0.1620636366491411,2.9166385527110675e-11,5.964804999454845e-15,0.10630998776596416,0.16962427636308602,0.04701905734861958,0.0726726953977323,0.10014252021138396,0.03651292141208521,0.032830098250659,0.04825507334115303,0.07553571203349857,0.06844753868856182,0.12101605559549487,0.12163406359176158
58,1.838378434308812e-06,2.6999130153935457e-08,0.15513476562499995,142867,1,1262544412.0159855,0.13635040362057402,2.916637380813359e-11,5.976523976543311e-15,0.10619547016832642,0.16964836520666254,0.04703571743317931,0.07271903209155345,0.10015233730753251,0.036510594367296575,0.03285953493056692,0.048181394704704825,0.07561469992068387,0.06842588978836445,0.12101373553739816,0.12164322854373086
59,1.8680803597564258e-06,2.9701925447613634e-08,0.15547851562500004,143025,1,1290032357.2345045,0.15326577959835416,2.9166361342711656e-11,5.988989398475439e-15,0.10616167326172979,0.16966270962879215,0.047069907669116264,0.07275924879090509,0.10013190126248352,0.03654293072043213,0.032862257395892214,0.04812511776898436,0.07568620061553923,0.06838766409145154,0.12099742478487532,0.12161296400979839
60,1.8971493980558915e-06,2.906903829946583e-08,0.15578710937499995,143167,1,1290771049.7859313,0.15008589232827585,2.916634918119457e-11,6.001150915559892e-15,0.10605167809636049,0.16956483582613494,0.04712711407544852,0.07285332798415306,0.10019683311811242,0.036558303975527506,0.03287238443890025,0.048117548236651084,0.07567418477238821,0.06837756854681996,0.12094580193824206,0.12166041899126162
61,1.926201800498772e-06,2.9052402442880325e-08,0.15603515624999997,143320,1,1303662489.1266944,0.1514981091351833,2.916633680233641e-11,6.013529773723277e-15,0.10607084741519589,0.1694955563900363,0.0472149205157091,0.0728877206158468,0.10018775816748028,0.03652522218049819,0.0328701965202153,0.04807860808611842,0.07566654149455501,0.06840655901865064,0.12090374264613844,0.12169232694955563
62,1.9549669144088306e-06,2.8765113910058676e-08,0.15633593749999997,143453,1,1392118019.4553533,0.16017773362351406,2.916632592694016e-11,6.024405169977578e-15,0.10604167707760734,0.16955674379091504,0.04724901304282645,0.07289740642646546,0.10019489280895508,0.03651741542151817,0.03284443556044176,0.048061066413472596,0.07569586727299986,0.0684123731947429,0.12092099345360052,0.12160811553645497
63,1.9819042857206906e-06,2.6937371311860002e-08,0.156654296875,143563,1,1392985732.9620612,0.15009349568369001,2.916631658470787e-11,6.033747402267522e-15,0.10605059408779781,0.16956126023913123,0.047252733551934364,0.07293627738227336,0.100190756417769,0.03651800965003054,0.03288989739050207,0.048000797935342294,0.07569164786115924,0.0683980201229319,0.12091213983816873,0.12159786552295933
64,2.0088248773051136e-06,2.6920591584423166e-08,0.15692382812500005,143712,1,1292806122.432158,0.13921242247935162,2.916630495388865e-11,6.045378221475419e-15,0.10596801294417824,0.16961852013193104,0.047258696869749206,0.07294791212894394,0.10015557906528097,0.03650507187752816,0.032895637563009526,0.04799303005787542,0.07573588897877902,0.06838011077229449,0.120853817910262,0.12168772170016803
65,2.037831546866247e-06,2.900666956113357e-08,0.15724804687500005,143881,1,1402453776.4410458,0.16272205307195722,2.9166292775823546e-11,6.057556286587e-15,0.10596067618089451,0.1695793121436822,0.0473475674131485,0.07297139521307645,0.10009812323781841,0.03650432860106072,0.03287749500068313,0.047981021226913084,0.07574120306541961,0.06842543254958948,0.12087789246189959,0.12163555290581408
66,2.0645703960389896e-06,2.6738849172742318e-08,0.15750390625,144031,1,1403542086.1597083,0.1501164005976822,2.9166281258212564e-11,6.0690738975673856e-15,0.10593735274422757,0.16957664740457826,0.0473450559261923,0.07301406215123633,0.10003472136107736,0.03654423253391533,0.03283648719029786,0.047977480717244114,0.07574216909302844,0.06848788472508122,0.12083033654919273,0.12167356960392847
67,2.091288511847405e-06,2.6718115808415377e-08,0.15774609375000004,144171,1,1403521342.5953872,0.1499977830841848,2.9166270658532276e-11,6.079673577853325e-15,0.10597281034098507,0.16962583265235373,0.04734665577099275,0.07301339672634526,0.09996780823613897,0.03653765198226977,0.03283559913825125,0.04794096525765793,0.07576207810217171,0.0684941683381621,0.12085531040289232,0.12164772305177922
68,2.118007022540413e-06,2.671851069300814e-08,0.15799609375,144282,1,1401345894.6209342,0.14976750108012998,2.916626165297365e-11,6.088679136479929e-15,0.10592874626053847,0.16970356268697306,0.04733354760550844,0.07303384676242984,0.09995796968872846,0.03655400894998393,0.032845452073083294,0.04793927856206888,0.07572873142631097,0.06854649294138007,0.12078769748065368,0.12164066556234084
69,2.1447670110228738e-06,2.675998848246085e-08,0.15819531249999996,144394,1,1304017764.4044802,0.13958200142555297,2.9166252205776476e-11,6.098126333650804e-15,0.10590646451676626,0.16968739196997384,0.04736036347473949,0.07300360511630205,0.09994320707195418,0.03660674601214875,0.032841127956936146,0.0479406390439034,0.07575682749765421,0.06858363375969184,0.12073435725221,0.1216356363277199
70,2.173524287973871e-06,2.8757276950997307e-08,0.1585078125,144516,1,1400558468.37476,0.1611049910444703,2.916624340823397e-11,6.106923876155938e-15,0.10588249790526887,0.1697225097343388,0.047377889496771644,0.07303218492779338,0.09991867514416677,0.03654689733353048,0.03288727882103603,0.0479323771501799,0.0757676573512741,0.06863324954408793,0.12068115727734241,0.12161762531420967
71,2.200299321538529e-06,2.6775033564657855e-08,0.15873046874999996,144644,1,1401869808.439767,0.15014044469702095,2.916623301733103e-11,6.117314779103976e-15,0.10588162913744309,0.1697674418604651,0.04736064968623108,0.07300356835240555,0.09995078134613018,0.036544850498338874,0.03289036544850499,0.04790205487879906,0.07575981296911528,0.06870924080226405,0.12064722529838809,0.12158237972191462
72,2.2270493091438233e-06,2.6749987605294254e-08,0.15897265625,144775,1,1403508891.2950845,0.15017538178425519,2.916622365180816e-11,6.126680301960641e-15,0.10583089662628693,0.16979138511438188,0.047337641595203574,0.07301520996633658,0.09999508563284763,0.03653831977787061,0.03291397400299776,0.047878221981964265,0.07570582598225914,0.06873971054377473,0.12064771359068237,0.1216060151853945
73,2.253768056871454e-06,2.671874772763068e-08,0.15923046875000002,144897,1,1406286072.3794646,0.15029681120315,2.9166215051157787e-11,6.135280952346415e-15,0.10576993842455167,0.16983538993695263,0.04737139072197826,0.07304418222407574,0.09998037435910015,0.03651595809925667,0.03292201260947428,0.04788656379559895,0.07576723989892795,0.0687633393027991,0.12055049922724038,0.12159311140004414
74,2.280434039516471e-06,2.6665982645017048e-08,0.15948046875,145011,1,1311918841.409847,0.13993442022682345,2.916620609281419e-11,6.144239295937579e-15,0.10577558968329782,0.16974061282974504,0.047444093369583856,0.07310113405344502,0.10005633526832733,0.03649545643814143,0.03295613197148946,0.04784823768584516,0.07575868910279962,0.0688392485365077,0.1204717466382541,0.1215127244225635
75,2.3090181247634676e-06,2.8584085246996538e-08,0.159587890625,143031,1,1410177836.4542332,0.16123457396253182,2.916634417343597e-11,6.00615867415705e-15,0.10547185744532427,0.1692959159945661,0.04727753368661959,0.07307640529195071,0.10001346240928173,0.03643417493788934,0.03298290274021222,0.04792617704292061,0.07641753050459557,0.06858485601341346,0.12041513174803266,0.12210405218519381
76,2.3356105154751883e-06,2.6592390711720737e-08,0.15990625000000003,143159,1,1292088919.439657,0.13743893352009767,2.9166330253552787e-11,6.0200785573445515e-15,0.10553058432675395,0.16936193081883916,0.047317764315028335,0.0730530584326754,0.10002198553840141,0.03638606605432871,0.032966093414109825,0.04792847371506743,0.07644860269689271,0.0686437365643932,0.1203952511237053,0.12194645299980457
77,2.3646332858401433e-06,2.9022770364954995e-08,0.160263671875,143301,1,1270497292.4147263,0.1474934046681987,2.9166315514233145e-11,6.034817876985158e-15,0.10555115471330205,0.16943513497044665,0.04733410517335932,0.07309731277801473,0.09996953263055267,0.03636585217232344,0.03296569374200231,0.04789470477119005,0.07647309731277802,0.06861251599536895,0.1204070440558162,0.12189385168484551
78,2.3941492873490697e-06,2.951600150892642e-08,0.160634765625,143433,1,1483960337.3218274,0.1752023022223121,2.9166300963140604e-11,6.049368969520781e-15,0.1054653778345188,0.1695786977931789,0.04734634324275032,0.07308650981822602,0.10009119095385738,0.03631831722293149,0.0329868077086753,0.047917806553589876,0.07646665450787282,0.06862423247613836,0.12032342391634748,0.12179463797191317
79,2.4194195045219075e-06,2.527021717283765e-08,0.16094140624999997,143557,1,1269663840.8988793,0.1283387239840555,2.916628742577297e-11,6.062906337167357e-15,0.1054221984903279,0.16963180505327538,0.04742603334870513,0.07306861483944563,0.10007038664110093,0.03633406956141841,0.03304531443411567,0.04783864469308997,0.07646659061673258,0.0685541613067644,0.12036115628261448,0.12178102473240938
80,2.4489548813610646e-06,2.9535376839157093e-08,0.16128125000000004,143664,1,1462507093.0936122,0.17278279249784015,2.916627428680533e-11,6.0760453048035135e-15,0.10544225925208293,0.16960133695020344,0.047459310211199375,0.07309629916682814,0.10001695407866694,0.036305948459600855,0.03303623328812246,0.04779839178453788,0.0764386746754505,0.06857924820771168,0.12039817864754894,0.12182716527804689
81,2.4745957826442695e-06,2.564090128320471e-08,0.161517578125,143764,1,1344444760.2358277,0.13789110151171477,2.916626199960604e-11,6.088332504095699e-15,0.10538471770439072,0.16966758165350615,0.04749870007376324,0.07311027002188712,0.0999915353640398,0.03628910359505181,0.03304835725600686,0.04780100850091296,0.07638729337219004,0.06866028997424331,0.12035503101684461,0.12180611146716325
82,2.5024883380761656e-06,2.7892555431896032e-08,0.161771484375,143871,1,1428949923.9448314,0.15942825985213935,2.916625009161662e-11,6.10024049351204e-15,0.10537626619339105,0.16976348292223553,0.047484515918722166,0.07306796093061442,0.09997947529187343,0.03628043995315538,0.03303270672606759,0.047822569934924605,0.0763881343040313,0.06863703864681807,0.12033515641034928,0.12183225276781727
83,2.528731385065857e-06,2.6243046989691282e-08,0.1620390625,143948,1,1296064768.2541642,0.1360507544599095,2.916624010595014e-11,6.110226159985281e-15,0.10535895087025697,0.16983269851983993,0.047490477797598955,0.0731160503350851,0.09998312521093486,0.0363049033315655,0.03302637288462466,0.04787618726194494,0.07637047394050432,0.06860807097054143,0.12025697893062051,0.1217757099464828
84,2.557665124272821e-06,2.8933739206963824e-08,0.16230273437499998,144062,1,1343549134.321488,0.15549560105679977,2.916622726100249e-11,6.123071107634858e-15,0.10536829564736037,0.16983357200447657,0.04752163082588237,0.07311760671006871,0.10001323722307127,0.03629405889360882,0.033008820804101134,0.04784654448308643,0.07637877712126499,0.06854474783090049,0.12031432387874702,0.12175838457743172
85,2.5855762732156085e-06,2.7911148942787304e-08,0.16259960937499995,144193,1,1357576212.7886174,0.15156604750531286,2.9166214771780256e-11,6.135560329878798e-15,0.10533206808326626,0.16983579776819496,0.04748291311816074,0.07312825071170316,0.09997477507777684,0.03627584053044408,0.033020624376884355,0.047807233546744175,0.0764074906007135,0.06859977657926031,0.12032287900445639,0.12181235060239515
86,2.61319903181048e-06,2.7622758594871584e-08,0.16290429687499997,144287,1,1357165683.2787364,0.14995464016980992,2.91662040204685e-11,6.14631164162911e-15,0.1052789334228542,0.16987782800004794,0.04751399762609853,0.07309938014794921,0.10000359682041075,0.03626793914179865,0.032982843166640685,0.04784970086443584,0.07639646552447636,0.06863932283861066,0.12028966393707961,0.1218003285095975
87,2.640830146023009e-06,2.76311142125292e-08,0.16315429687500005,144411,1,1359146087.3871853,0.15021888308843004,2.916619171871635e-11,6.158613393783648e-15,0.10522535464176692,0.1698928592805411,0.04754893158556294,0.07302328365355838,0.10001795654516071,0.03626025019452924,0.03296821691506554,0.047800323217812885,0.0764110851738792,0.06865385766445202,0.12036870772729993,0.12182917340037111
88,2.668420999094653e-06,2.7590853071644255e-08,0.163447265625,144520,1,1458201265.1600375,0.16093206742366545,2.916618102891936e-11,6.169303190766272e-15,0.1052159885284101,0.169982673119436,0.04754735018223098,0.07298799067933322,0.09994622692238754,0.03627890302921671,0.03296887136284878,0.04775049291987812,0.07636971978251778,0.06875784190715183,0.12037999641512817,0.12181394515146084
89,2.694137613732129e-06,2.5716614637475557e-08,0.16374218750000002,144633,1,1387474302.7170947,0.14272456784950252,2.9166170260797336e-11,6.1800713127990095e-15,0.10514576077102915,0.1700224247340045,0.047485567059497115,0.07297580991459517,0.09986163461997234,0.0363089842072618,0.03300491435660099,0.04775991220955198,0.07635144806527029,0.06878906436375781,0.12046137697409229,0.12183310272436663
90,2.7211651413242175e-06,2.7027527592088475e-08,0.16403320312500003,144723,1,1460990547.2840796,0.15794784931400363,2.9166160049674484e-11,6.190282435649408e-15,0.10514972911829494,0.17008989700541766,0.047508483657796044,0.07298922426623802,0.09979162945764126,0.03632791569923201,0.0330178007977615,0.047698993867952615,0.07634696672024767,0.06879799964279337,0.12046198725962971,0.12181937250699532
91,2.746832658523224e-06,2.5667517199006477e-08,0.16426171874999995,144823,1,1359480678.0133007,0.13957797473849357,2.916615000443502e-11,6.200327675113079e-15,0.10514613207771516,0.17011486052650351,0.04746617202920263,0.0730779291812323,0.09978359610948609,0.03632493876483318,0.033055099759815465,0.047680197854985604,0.07634776818625003,0.06879741266557275,0.12044897862119806,0.12175691422320516
92,2.7744167210306817e-06,2.7584062507457803e-08,0.16455273437499995,144910,1,1359641980.7355561,0.15001779753749328,2.9166141014607935e-11,6.209317502194216e-15,0.10520943371592029,0.17008700193469511,0.04748905057506735,0.07315046705677083,0.09972581927810946,0.03633191297432671,0.033044118170704205,0.047643351414226535,0.07633143820251391,0.06881817426499388,0.12036652383947964,0.121802708573192
93,2.8019975110705074e-06,2.7580790039825613e-08,0.164794921875,145030,1,1360586281.6631298,0.1501041782624713,2.916612993276505e-11,6.220399345081629e-15,0.10519703703703702,0.17002666666666666,0.047466666666666664,0.07322074074074074,0.09972148148148147,0.036337777777777774,0.03306666666666666,0.04764444444444445,0.07633777777777778,0.06883555555555555,0.12033185185185186,0.12181333333333333
94,2.829559158946423e-06,2.7561647875915228e-08,0.165076171875,145170,1,1455875026.8131106,0.16050525936144638,2.916611871968537e-11,6.231612424757189e-15,0.1052426081709438,0.16998544705924107,0.047527774819862985,0.07322613850140204,0.09966989670961558,0.03631136194228516,0.033093150652515994,0.04761059643393792,0.07633786485878913,0.06882476129627657,0.12030431027342961,0.12186608928169995
95,2.8553168643190377e-06,2.5757705372614952e-08,0.16534179687499995,145265,1,1387897863.4686399,0.142996257018028,2.9166109305556115e-11,6.241026554011274e-15,0.10528616147894396,0.170102179434174,0.04751048372807276,0.07322662571614198,0.09963971413383733,0.03631209024865631,0.03312267438426555,0.047569546984820736,0.07633335302108557,0.0688086941113933,0.12026460339023093,0.12182387336837752
96,2.8823361436097196e-06,2.701927929068199e-08,0.16564453125,145385,1,1362972520.501802,0.14730614078785192,2.9166099013970374e-11,6.251318139758714e-15,0.10529418700624926,0.1701096568800849,0.04752977243249616,0.07322249734701096,0.0995873128168848,0.03634005423888692,0.03314467633533781,0.04754156349487088,0.07640608418818536,0.06882443108124041,0.12022167197264473,0.12177809220610776
97,2.909849537633389e-06,2.7513394023669475e-08,0.16595312500000003,145508,1,1452125684.6046638,0.15981162452967565,2.916608916084623e-11,6.26117126389665e-15,0.10528669616796914,0.17011110064965637,0.047523773655964614,0.07332172111853875,0.09957866490914229,0.03635486300724979,0.033153657847660306,0.047535542792580744,0.07634638922888619,0.06884944920440637,0.1201040391676867,0.12183410225025895
98,2.9356737485798463e-06,2.58242109464576e-08,0.16620117187500005,145582,1,1357955397.9401078,0.14027250660914448,2.916608049778968e-11,6.269834320447317e-15,0.10528233151183973,0.1702332686996886,0.04753510782067102,0.0733180562900288,0.09950055819965922,0.036347611493037196,0.033151183970856105,0.0474763499618074,0.0763264586638463,0.0689229684470298,0.12005405723015455,0.12185204771138142
99,2.963288794005406e-06,2.761504542555964e-08,0.16646484375000004,145666,1,1388662340.4875202,0.15339189445330736,2.91660721127691e-11,6.278219341030138e-15,0.10526809808752786,0.17018655403027103,0.04754194532441629,0.07336618561539364,0.09946028393758068,0.03637216942391177,0.0331690719230318,0.04745981461926552,0.07635808987445736,0.06893112753725215,0.12008682388830225,0.12179983573858971
100,2.99029319882482e-06,2.700440481941406e-08,0.166470703125,144425,1,1435697168.8116548,0.1550805901787063,2.916623037873085e-11,6.119953379283431e-15,0.10472469583377329,0.16986378515363768,0.04742294651132777,0.07355132401769267,0.09930426008705547,0.03626529630542161,0.03321483462977954,0.04757546959510987,0.07675430877711684,0.06863538770194642,0.12035244564898571,0.12233524573815305
101,3.0164129132148954e-06,2.6119714390075196e-08,0.166748046875,144510,1,1421907616.103114,0.14855928328674411,2.91662172360107e-11,6.133096099430057e-15,0.10466764275256223,0.1698272327964861,0.04749633967789166,0.07356954612005856,0.09930307467057102,0.03627525622254758,0.03317130307467057,0.04755490483162519,0.07682576866764275,0.06865007320644217,0.1204099560761347,0.12224890190336749
102,3.0427859346231163e-06,2.637302140822106e-08,0.1670859375,144594,1,1401040577.429555,0.14779869256934422,2.916620437026009e-11,6.145961850036885e-15,0.10463131809042878,0.1698578575770328,0.04752887267966522,0.07356104175433675,0.09930097722915791,0.0363304811333988,0.03312760087903867,0.04748211530368916,0.07683405807266097,0.06873334268480853,0.12036517510637304,0.12224715948940948
103,3.0695517546886563e-06,2.676582006554019e-08,0.16743554687499995,144696,1,1402956547.8482747,0.1502051300779134,2.9166190264490166e-11,6.160067619959838e-15,0.10461114934618033,0.16994645794207194,0.04758127544414246,0.0735007640533321,0.09922194874426961,0.03632461184924237,0.03314008422084058,0.04748795595320028,0.07677861117267606,0.06872980507891331,0.12047546280635041,0.12220187338878069
104,3.0962810215768675e-06,2.672926688821121e-08,0.16779101562499998,144816,1,1403801325.2426252,0.15009032112173887,2.916617565106205e-11,6.174681048085689e-15,0.1045641318138961,0.16999383068130228,0.04755031486805805,0.07350801429419501,0.09917470812138425,0.03628257807680219,0.03315135783212469,0.04744555285243687,0.07682547812219906,0.06877044314332606,0.1204530375164418,0.1222805526778335
105,3.122994203368115e-06,2.671318179124721e-08,0.168076171875,144906,1,1407456649.568066,0.15039058137284586,2.916616211407062e-11,6.188218039516131e-15,0.10461913892278193,0.16994945093254313,0.0475626053105572,0.07351112660507814,0.09914589506710825,0.03629074429144152,0.03316483644181047,0.047411539131950495,0.07686944396025797,0.06872349079077335,0.12049270815176341,0.1222590203939341
106,3.1496380080007535e-06,2.6643804632638854e-08,0.168376953125,144992,1,1406637409.161517,0.149912689274643,2.9166149804221014e-11,6.200527889119215e-15,0.1046642461923929,0.16990105441427225,0.04765163730004988,0.07351900613625027,0.09917758006704636,0.03626071523854817,0.03319838995928499,0.04741964296071175,0.07690612349058683,0.06871672331195118,0.12037026296558362,0.1222146179633217
107,3.1762973302651554e-06,2.6659322264401732e-08,0.16862500000000002,145074,1,1406409095.9317186,0.14997565329611834,2.916613717903591e-11,6.2131530742246356e-15,0.10475352112676058,0.1699175315048184,0.04767420311341735,0.07352668643439585,0.09910118606375093,0.03630003706449222,0.03317272053372869,0.04738463676797628,0.07689723869532987,0.06878938102297999,0.12029744255003706,0.12218541512231282
108,3.202960980342843e-06,2.6663650077687374e-08,0.16885937500000003,145147,1,1365450101.8589208,0.1456315348580354,2.916612552552699e-11,6.224806583137109e-15,0.10468909040436751,0.16998241880262788,0.04765429814009438,0.07352873137781066,0.0990793004534098,0.036284352734338846,0.03319607661700749,0.04736513370963264,0.0769293050800407,0.06882113444989357,0.12031553622651982,0.12215462200425649
109,3.2304244518742798e-06,2.7463471531436833e-08,0.16915625,145227,1,1366810008.8928318,0.15014939107244485,2.916611403499357e-11,6.236297116556245e-15,0.10462082024755218,0.16999584334010712,0.04766303343801957,0.07353824127101422,0.09906706077960463,0.03625531128764086,0.033253279142804355,0.04735128394605578,0.07701367079253647,0.06879272122667651,0.1203237576205431,0.12212497690744502
110,3.2578605986364595e-06,2.743614676217979e-08,0.169396484375,145308,1,1365171759.6570296,0.149820211014134,2.9166101511547367e-11,6.248820562764626e-15,0.10462233803369038,0.1700545364402578,0.04768767799287452,0.07353772007701975,0.09900727536866864,0.03627307421798434,0.03324070978081655,0.047318721103181104,0.07700822082069848,0.06877587021941405,0.12027994604005489,0.12219390990533952
111,3.28532966964143e-06,2.7469071004970888e-08,0.16963867187500004,145387,1,1364885850.1044838,0.1499685853208005,2.916609002590796e-11,6.260306202172985e-15,0.10459962005641586,0.17004202406309366,0.04767716308790513,0.07349029992516262,0.09902711415577688,0.03630188244775776,0.03322779344885153,0.047331759829601056,0.07702492660180761,0.06878130217028382,0.12031546830925106,0.12218064590409303
112,3.312804494731843e-06,2.7474825090412743e-08,0.16997070312499996,145493,1,1364273369.586596,0.14993268881959898,2.9166078298387705e-11,6.2720337224287035e-15,0.10455616202240736,0.1700316001149095,0.047652973283539214,0.07346164895145074,0.09906348750359092,0.03634587762137317,0.03323182993392703,0.047400172364263145,0.07705831657569663,0.0687388681413387,0.12021832806664752,0.12224073542085608
113,3.340291654443363e-06,2.7487159711519767e-08,0.17022265625,145597,1,1357265509.8166606,0.14922949535707142,2.9166065554707575e-11,6.284777402555129e-15,0.10460793537875486,0.1700553044036992,0.04766275787686165,0.0734332331275673,0.09902012529545404,0.036337976455469635,0.03322853799022421,0.04738738325263328,0.07704752507056475,0.0688092342290658,0.12025839318906764,0.12215159373063773
114,3.36792073639437e-06,2.7629081951007133e-08,0.17053320312499998,145672,1,1353660049.397027,0.14960153775437932,2.916605527473136e-11,6.295057378775865e-15,0.10458923642527458,0.17006631314924464,0.04767903977643649,0.07349421048412035,0.09905741413077089,0.03631761593348069,0.0331794807187933,0.04740416661894563,0.07704465543504403,0.06877555461386048,0.12017683506465245,0.12221547764937636
115,3.3956234081373264e-06,2.770267174295641e-08,0.17081250000000003,145773,1,1352941268.736591,0.14992035142123503,2.91660430877353e-11,6.307244374836872e-15,0.10455543358946211,0.17013126600804976,0.04769255396999633,0.07348838272960116,0.0990440907427735,0.03633827296011708,0.03319383461397731,0.047372392974753014,0.07706732528357116,0.06876600804976216,0.12010611050128063,0.12224432857665567
116,3.423340797551442e-06,2.7717389414115805e-08,0.17108984375000003,145859,1,1351184317.4629502,0.1498052075894675,2.9166031830487995e-11,6.318501622133069e-15,0.1045571816708144,0.17006096029589715,0.0477065686431197,0.07350624443480444,0.09906618872577,0.036336446037580766,0.03325418388547684,0.047409758213657845,0.07706796958834676,0.06874586177766616,0.12001415557432818,0.12227448115253772
117,3.4510942280163635e-06,2.7753430464921196e-08,0.17138476562500005,145928,1,1350681461.3000772,0.14994417606579938,2.916602189003812e-11,6.328442072011188e-15,0.10449121927315412,0.17005321997971487,0.04771564348311662,0.07348231888682492,0.09905525988900159,0.03630810607528291,0.03321975179204322,0.047396551527652736,0.07708349952706015,0.06882129710879896,0.12003555596075169,0.12233757649659825
118,3.4788579910311492e-06,2.7763763014785857e-08,0.171654296875,146053,1,1348591333.9501467,0.14976788079834324,2.916600994117729e-11,6.340390932842124e-15,0.10450919931275386,0.1700592806672204,0.04773174644714235,0.07345796306621001,0.09905901896753785,0.036307986391616504,0.03316759020105362,0.047390399035124646,0.0770421108923959,0.06887252949810552,0.12008601954782845,0.12231615597301078
119,3.5066647839831394e-06,2.7806792951990198e-08,0.171921875,146135,1,1348221142.8440444,0.14995882469023983,2.916599980514958e-11,6.350526960544023e-15,0.1044828683086431,0.17008997546123786,0.04772562028537672,0.07344587839680088,0.09901844951376898,0.036296919022084886,0.033161410524402433,0.047407525220394445,0.07703580841588659,0.06895846587294376,0.12005816595473962,0.1223189130237208
120,3.5344792120530736e-06,2.7814428069934082e-08,0.17222460937499995,146218,1,1342375153.734699,0.149349588625682,2.9165989891264103e-11,6.360440846023196e-15,0.1044693180916091,0.17000646412411116,0.04772111273659261,0.07348688463239546,0.09904852629310833,0.03634652241463386,0.03312580092765851,0.04739223624672541,0.07710452602093468,0.06893931661733518,0.12009662164460926,0.12226267025028634
121,3.562414770824159e-06,2.793555877108504e-08,0.17247851562500005,146322,1,1343965461.6080992,0.150177704556246,2.9165978626537724e-11,6.371705572407469e-15,0.1044853865404432,0.16991473122784764,0.04768483393538596,0.0735032669376847,0.09903860308688807,0.036360959811570726,0.03316762730865483,0.04737908933404295,0.07709293503493414,0.06899636503640624,0.12011233283130822,0.12226386891483312
122,3.5903172735827714e-06,2.7902502758612563e-08,0.172814453125,146393,1,1345091897.4958193,0.15012572152185805,2.916597018446238e-11,6.380147647749581e-15,0.10454221810332162,0.16995739198245954,0.047626044009448365,0.07355251409907212,0.09899300414778316,0.036414597484205655,0.03319356698048169,0.0473774030582837,0.0770899967224602,0.0689865620867757,0.12005967382827955,0.12220702749742883
123,3.6181964096253085e-06,2.787913604253686e-08,0.17308203125,146474,1,1343694701.490977,0.14984418953001163,2.91659603020728e-11,6.390030037335801e-15,0.10457243449412083,0.1699767541582974,0.047620122322778666,0.07358550181678666,0.09899794624116998,0.03638087070346882,0.033221241734184934,0.047349296982554336,0.07704980929382292,0.068992755422149,0.12007718522196395,0.12217608160870252
124,3.646104534855236e-06,2.7908125229927323e-08,0.17335156249999994,146537,1,1344718278.9885702,0.15011426451594148,2.9165952136448344e-11,6.398195661785295e-15,0.10457884537383388,0.17002794177295055,0.04763621614313398,0.0736288250935148,0.09895669025192663,0.03635810536752445,0.03320338906665465,0.04730947766911533,0.07707647933660822,0.06898688539366353,0.12010455631168597,0.122132588219388
125,3.6739914168779934e-06,2.7886882022757673e-08,0.173513671875,145773,1,1345294826.8113778,0.15006431248446045,2.916612772797568e-11,6.222604134444081e-15,0.1038845552066097,0.16949763054514344,0.0474791476716307,0.07370636769887098,0.09890926282375982,0.03622283006337306,0.03332995643805085,0.04736658449554813,0.07781492362588503,0.06900122693861929,0.11990229516316032,0.12288521932934858
126,3.701866347527123e-06,2.787493064912962e-08,0.173818359375,145857,1,1385231246.429897,0.1544528997089631,2.9166112086657004e-11,6.2382454531276276e-15,0.10379234788471263,0.1696162705769987,0.04740715770548907,0.07365582336086297,0.09889319624698018,0.03621551772571493,0.03333895162649587,0.04738468453283892,0.07783583347379067,0.06901511320860722,0.11992808584751952,0.12291701780998933
127,3.7289376398450283e-06,2.7071292317905254e-08,0.17420117187499995,145929,1,1385870353.3551853,0.15006920580158747,2.916609793864852e-11,6.2523934616093354e-15,0.10386698209460597,0.16966958549629446,0.047426309829467106,0.07365092890538284,0.09886647755939502,0.03620320435918423,0.03329932392281733,0.047336614680853456,0.07785538899664765,0.06903162875177989,0.11989998990929579,0.12289356549427634
128,3.7559964479862174e-06,2.705880814118917e-08,0.17452539062500005,146006,1,1384173204.0933118,0.14981630865494402,2.916608301749089e-11,6.267314619237357e-15,0.10388665689313653,0.16982441218930808,0.04745011582752331,0.07368197231330506,0.09889544187920365,0.03614714012332554,0.033304609599695605,0.04730463198182571,0.07781147531810603,0.06899291605582103,0.11982273352955002,0.12287789428919953
129,3.783088433215453e-06,2.7091985229235803e-08,0.174875,146084,1,1383309217.727712,0.14990637157657963,2.916606885210519e-11,6.281480004936426e-15,0.10388000357398143,0.16980879199428164,0.047433434596140106,0.07365752323087921,0.09896577912794856,0.03613071837026448,0.03333854538956398,0.047288241601143685,0.07774526447462474,0.06904485346676198,0.11990707648320231,0.12279976769120801
130,3.810197339539087e-06,2.710890632363402e-08,0.17522656250000002,146143,1,1383610305.6916866,0.15003264866164226,2.916605586832405e-11,6.294463786082095e-15,0.10384992643452674,0.16982478041820856,0.04751660796290517,0.07365464354184316,0.09894556154977932,0.036113959605867406,0.03330509608096661,0.047293682286325744,0.07771189085558874,0.06900664318516207,0.11987828258058765,0.1228989254982389
131,3.8373003466833225e-06,2.7103007144235755e-08,0.17557421875,146196,1,1391833750.7834013,0.15089152036428388,2.9166042817431013e-11,6.307514679114303e-15,0.10385565221260597,0.1698444835027922,0.04748926513449174,0.07372015929872962,0.09891650165750773,0.03610919527443433,0.033350390459874965,0.047255656662291146,0.07774712439094934,0.06900349300287005,0.11980777360001782,0.12290030480343515
132,3.86424321969448e-06,2.6942873011157344e-08,0.17584374999999997,146263,1,1310643830.4279854,0.14125004114431222,2.916602915047927e-11,6.321181630860522e-15,0.10390749955571353,0.169895148391683,0.04752754576150703,0.07375155500266573,0.09890927670161723,0.036087169006575444,0.03334370001777146,0.04722765239026125,0.07777234760973877,0.06897547538652925,0.11976852674604586,0.12283410342989162
133,3.892855111903025e-06,2.8611892208544958e-08,0.17617187499999998,146358,1,1387328280.6087406,0.1587763488905732,2.916601513506342e-11,6.335197046709607e-15,0.10384700665188472,0.16987804878048782,0.04753880266075388,0.0738359201773836,0.09892461197339247,0.036108647450110866,0.033337028824833706,0.04718403547671841,0.07774944567627495,0.0689578713968958,0.11971175166297118,0.1229268292682927
134,3.919885484255519e-06,2.703037235249433e-08,0.17646874999999995,146436,1,1311411584.721234,0.1417917737695585,2.916600166993217e-11,6.348662177963444e-15,0.10382725340888967,0.1698578891446786,0.04750309899061448,0.07383345139011864,0.09894634319107491,0.03611430848238002,0.0333584204002125,0.047182132105542764,0.0777957322472109,0.06898574464317336,0.11969851248450504,0.12289711351159907
135,3.9484806258852704e-06,2.859514162975108e-08,0.17676367187499997,146491,1,1341219500.2376285,0.15340944626351583,2.916598930015894e-11,6.3610319511886505e-15,0.10385291095322807,0.16980652575052763,0.047523286520888816,0.0738428560379214,0.09891384815972952,0.03612034960167067,0.033324862159265445,0.047213904511452666,0.0777653779432726,0.06902533617670133,0.11975293636675027,0.12285780581859167
136,3.976440255158e-06,2.7959629272729774e-08,0.177072265625,146544,1,1340629918.5799887,0.14993406206170554,2.916597715689179e-11,6.3731752183407494e-15,0.10385943239099502,0.16984149744653154,0.04753973593937856,0.07383549707150815,0.09891794707757469,0.03612358125324009,0.0333219355621491,0.04723089310728979,0.07777324318063995,0.06900431276954809,0.11967659743439847,0.12287532676674644
137,4.004412180504647e-06,2.7971925346646334e-08,0.17733203124999997,146605,1,1342380576.3816261,0.1501958770773397,2.9165964693186146e-11,6.385638923980761e-15,0.1039165583628874,0.16975791351851444,0.04752516686124634,0.07385950613476662,0.09894926977553584,0.036092693349780824,0.03331717954930943,0.04724981826992973,0.0777474282441571,0.069024384871247,0.119710553560808,0.12284952750181731
138,4.032347626427949e-06,2.7935445923302085e-08,0.17762304687499997,146677,1,1341078393.179311,0.149854491726278,2.91659527768367e-11,6.397555273432487e-15,0.10388924931000737,0.169831652793508,0.04753526934453449,0.07388144222205117,0.09893009907304574,0.03607754307643249,0.0333285684439704,0.04722738418569874,0.0777519985045578,0.06904324686891788,0.11965736780180991,0.12284617837546595
139,4.06031019758764e-06,2.7962571159690588e-08,0.17786914062500003,146754,1,1326233272.2087367,0.14833956899394443,2.916594008605932e-11,6.410246050816311e-15,0.10394316397456874,0.1697833510854407,0.04753538525733235,0.07388902919764136,0.09897989436581053,0.03604958877334768,0.03332637889951576,0.047205964708078495,0.07774324962391153,0.06907948917853496,0.11963456280402772,0.12282994213179017
140,4.088585766287215e-06,2.8275568699574784e-08,0.178119140625,146830,1,1330502379.4183526,0.1504828457367654,2.91659281788127e-11,6.4221532974270014e-15,0.10396175312784411,0.16979725210259108,0.04756735418928254,0.0738730440694321,0.09895062337576893,0.036053817559788155,0.03333442986063138,0.04720550018092701,0.0777876465234602,0.06908121977696634,0.11960919767097601,0.12277816156233208
141,4.1167706087798635e-06,2.818484249264826e-08,0.17840429687500003,146890,1,1324423418.6771882,0.14931466179596517,2.9165917289310177e-11,6.4330427999562304e-15,0.10386127015753806,0.16975575577767316,0.04755701038941134,0.07386444500399593,0.09896762751387626,0.03606187666268898,0.03332494006108842,0.04725047349003207,0.07782752920311353,0.06915691404924296,0.1196369727291637,0.12273518496217553
142,4.145084816661701e-06,2.8314207881837645e-08,0.178697265625,146950,1,1323581457.4805539,0.14990464214260021,2.916590630229421e-11,6.4440298159183555e-15,0.10392051850961276,0.16982719989507397,0.04757741029368367,0.07381985507087974,0.09893653066354804,0.03605740329861301,0.03332495382160384,0.0472276567606265,0.07778737171149706,0.0692184101515963,0.11963756790136951,0.12266512192189566
143,4.173417035875002e-06,2.833221921330138e-08,0.17895898437500002,146986,1,1332854196.3398683,0.15105086908027918,2.916589616739518e-11,6.4541647149491625e-15,0.10394316085869887,0.16985168127298725,0.04761696879740688,0.07382103528435942,0.09897737566437842,0.03602649873945453,0.03331987296320954,0.04724589913453458,0.0777827496262019,0.06923723356652516,0.11961539720824649,0.12256212688399708
144,4.201552146304168e-06,2.8135110429166377e-08,0.17921874999999998,147040,1,1298290966.485436,0.14611023884502755,2.9165885824740524e-11,6.4645073696108836e-15,0.10396687009590236,0.1698234524847428,0.04761333914559721,0.07389930252833479,0.09894289450741064,0.036039668700959024,0.03333696599825632,0.04721011333914559,0.07781168265039232,0.06922406277244987,0.11956190061028771,0.12256974716652136
145,4.2304362724115196e-06,2.888412610735104e-08,0.17947851562499995,147127,1,1324172571.18741,0.1529902701362897,2.916587466571598e-11,6.4756663941450196e-15,0.10388168848552119,0.16987148096155313,0.04766413110900721,0.07385763877553242,0.09891939538376154,0.0360528005397582,0.033408420663162595,0.04717443113185988,0.07779700303613984,0.06923269454691869,0.11956296997595028,0.122577345390835
146,4.258755844056455e-06,2.831957164493526e-08,0.17973632812499996,147205,1,1334387326.21222,0.15115710994704226,2.9165864002128256e-11,6.48632998186915e-15,0.10385221407226296,0.16994295028524856,0.04766096169519152,0.07390383048084759,0.09885357239880467,0.03605541972290138,0.03339309970116816,0.047171964140179296,0.0778484107579462,0.06923118717739744,0.11953273566965499,0.12255365389839717
147,4.2868586289550845e-06,2.8102784898629967e-08,0.1800390625,147260,1,1331848974.9530196,0.1497146610422621,2.916585527030877e-11,6.495061801364169e-15,0.10385116077240181,0.16995009763506183,0.04770015187676285,0.07393143848991104,0.09888262095899328,0.03605988283792579,0.033380342807550444,0.047179431546973315,0.07784768930353657,0.06919071382078541,0.11951616402690388,0.12251030592319374
148,4.315014974535726e-06,2.815634558064122e-08,0.18031054687500003,147339,1,1335652480.9183834,0.15042837131351522,2.916584498193097e-11,6.505350179160052e-15,0.10387894149633337,0.16993251660004985,0.04771498824727305,0.07396093978487636,0.09892871456579903,0.03601642132172142,0.03340590777629741,0.04718421993305821,0.07783879808056847,0.06919485696335533,0.11950952674963986,0.12243416848102776
149,4.3430911399573e-06,2.8076165421573816e-08,0.180583984375,147399,1,1331652704.4571779,0.1495508064577035,2.9165835642542856e-11,6.514689567274269e-15,0.10381899003882802,0.17002130674136645,0.04777252620080252,0.07395710531154351,0.09894115229453056,0.035994332623108624,0.0334094030867736,0.04715603672979375,0.07783990741842331,0.06918742361479142,0.11946917011864719,0.12243264582139111
150,4.371251635463736e-06,2.816049550643622e-08,0.18070507812500003,147076,1,1334339164.4068553,0.15030260817336444,2.916603577891327e-11,6.314553196855191e-15,0.10317657612866268,0.16979928881010797,0.047405453896953116,0.07385350352892857,0.09857221603744014,0.035959403811026684,0.03339782319689584,0.047146053328433545,0.0785443304763243,0.06918429329557614,0.11939992001815804,0.12356113747149294
151,4.3993554347078134e-06,2.810379924407721e-08,0.18101757812499997,147125,1,1359477541.9963994,0.15282593566839345,2.916601960430453e-11,6.3307278056089855e-15,0.10327898922109169,0.16976510827461938,0.047399143297979084,0.0739094312750186,0.09853152210269633,0.03597285311984117,0.03340490499670914,0.047140190546066614,0.07853821171545407,0.06923749204259771,0.11931248044367238,0.12350967296425372
152,4.426939560845661e-06,2.7584126137847824e-08,0.18137890624999997,147184,1,1331623557.735668,0.1469266887388414,2.916600420359441e-11,6.346128515724052e-15,0.103213231968643,0.16986841255141816,0.04733702323778347,0.07391294984170742,0.09850752697435014,0.0359658001852131,0.03338143130962893,0.04713242736846639,0.07857558202140719,0.06921801305106283,0.11935476923739581,0.12353283225292357
153,4.455100672732091e-06,2.81611118864299e-08,0.18173632812499996,147235,1,1357889756.191934,0.15295874141423232,2.916598859571598e-11,6.3617363941581085e-15,0.10317144730195918,0.1698352480950897,0.04731915442401315,0.07391804318154951,0.09856097325065288,0.03597029522079765,0.033433997141291145,0.04711496093456136,0.07853926425861645,0.06918935184687638,0.11937796214897528,0.12356930219561738
154,4.482717053096551e-06,2.7616380364459774e-08,0.18207421874999996,147275,1,1331578124.8638012,0.14709347192493138,2.91659739775212e-11,6.376354588927541e-15,0.10317307073437601,0.169798974491,0.047338611057475714,0.07390959215635795,0.09856042565059751,0.03592499624552145,0.03347922164295982,0.047081161099311326,0.07853296432172664,0.06925403874621872,0.11940314518032226,0.12354379867413273
155,4.510879125827985e-06,2.8162072731433342e-08,0.18238671875,147307,1,1330863756.6072915,0.1499195276368126,2.916595937218219e-11,6.3909599279347464e-15,0.10315692531751301,0.16984001199374613,0.04737529716647748,0.07387933434709046,0.09852005739864216,0.035981238354286696,0.033475402111756015,0.04705403610974278,0.07851620226596132,0.06919963162065494,0.11940202608639781,0.12359983722773127
156,4.5390563151261566e-06,2.8177189298172027e-08,0.18267968749999997,147356,1,1356615598.6873586,0.15290245811626674,2.9165944598945706e-11,6.405733164428432e-15,0.10315186246418336,0.16981353975110117,0.04739554377111575,0.07387845870931872,0.09852243082581359,0.035998374887738945,0.033496557327973304,0.04703203181798741,0.07852927340375485,0.06922764401488259,0.11938160201856046,0.12357268100756957
157,4.566698633286352e-06,2.764231816019545e-08,0.18298437499999998,147378,1,1340171050.693933,0.1481817382894605,2.9165931757172535e-11,6.4185749375959736e-15,0.10315088378447615,0.16984032106566477,0.04744471010161387,0.07396891811117753,0.09851848689266503,0.035991802578772096,0.03349415079839468,0.047039108530441465,0.07850525147297413,0.06921911023823756,0.11936427290581506,0.12346298351976775
158,4.594680136080777e-06,2.7981502794425166e-08,0.18329101562500005,147462,1,1333620426.6626465,0.14926681478145332,2.916591645427975e-11,6.4338778303847495e-15,0.10307421812563271,0.16986520326069587,0.04745058340881241,0.07401566412701796,0.09854547391976132,0.035974212797698336,0.033544674729607336,0.04700303692258512,0.07846981725185147,0.06925249080931324,0.11936704139804999,0.12343758324897439
159,4.622799081509531e-06,2.811894542875506e-08,0.18360156250000004,147486,1,1359337155.569019,0.15289250918689748,2.916590389382728e-11,6.4464382828472114e-15,0.10305944427896685,0.16980128505169992,0.04747670311901621,0.07406067826900983,0.09851708437938812,0.0359878303050934,0.03355176375473384,0.046976724394706605,0.07854984894259819,0.06930556146546955,0.11929279605123186,0.12342027998808561
160,4.650386056415917e-06,2.7586974906385518e-08,0.18388671874999996,147496,1,1337978524.4990926,0.14764311992255677,2.916589231064181e-11,6.458021468315565e-15,0.10304832713754646,0.1698884758364312,0.047445565586829525,0.07407328730748805,0.09847052575677111,0.035953266064790226,0.03354221986192246,0.04698884758364312,0.0785448751991503,0.06937865108868825,0.11925650557620816,0.12340945300053106
161,4.678413412097159e-06,2.802735568124242e-08,0.18418164062499998,147520,1,1453712600.3691094,0.16297488043539543,2.9165880078556484e-11,6.470253553642899e-15,0.10303178121122789,0.16999819726195906,0.047412010477089324,0.07412434650746015,0.09845070571892132,0.03596992608774032,0.033562740585995905,0.04694541945472477,0.07855696121992344,0.0694054145767277,0.11919279753130932,0.12334969936692082
162,4.704209432569485e-06,2.579602047232613e-08,0.18445117187500004,147534,1,1342245453.2127666,0.13849836475985278,2.916586909419671e-11,6.481237913413168e-15,0.10305064644903061,0.17001450671862262,0.04742743993477272,0.07406897574095449,0.09838096549095185,0.03599148656804922,0.03352428551763573,0.0469509418778259,0.07856923516767439,0.06945223901142537,0.11926216923093215,0.12330710829212509
163,4.732147690739957e-06,2.7938258170471645e-08,0.18474609374999995,147566,1,1453949349.3577697,0.16248324915658657,2.916585742308206e-11,6.492909028065668e-15,0.10297071572047785,0.17017655143249819,0.047383444338725024,0.0740458822285654,0.09828734538534731,0.03600803467596998,0.03355534411671424,0.04698171054022625,0.0785918173168411,0.0695210910244212,0.11919864679141559,0.12327941642879799
164,4.757939510803403e-06,2.579182006344601e-08,0.18499414062499997,147576,1,1335863168.20371,0.13781736985478002,2.9165846693748134e-11,6.503638361996626e-15,0.10294878427315053,0.17021231669077352,0.04741493079383848,0.07405217648363016,0.0983455979391239,0.03599142709334121,0.033573698491295115,0.046950389053707346,0.07854978514944518,0.06952289451735168,0.11916551411045534,0.12327248540388734
165,4.786011248158379e-06,2.807173735497549e-08,0.18526953125,147633,1,1453453937.7906837,0.1632039087968599,2.9165834235327333e-11,6.516096782802734e-15,0.10289063653039279,0.17033882223955807,0.04737607792700668,0.07403698159353982,0.09831537666828312,0.03598009656539248,0.03358704590018765,0.04694385291699171,0.0785700731619895,0.06958822661241013,0.11913597166290665,0.12323683822134136
166,4.811811859395499e-06,2.580061123712094e-08,0.18554296874999998,147640,1,1381733606.225011,0.14259828642990666,2.9165824926100125e-11,6.525406010004986e-15,0.10286532348049433,0.1703088486073391,0.04743257752794796,0.0740226110023369,0.09832838586075497,0.03597970483589128,0.03362176045811491,0.046948356807511735,0.07857007515947706,0.0696014652940062,0.1190867176151077,0.12323417335101793
167,4.838951678410579e-06,2.713981901507955e-08,0.18580859375000003,147681,1,1455452728.4074984,0.15800289453593294,2.91658139781089e-11,6.536354001233026e-15,0.10287594340614292,0.17045430655706686,0.04743835011667753,0.07395883700885068,0.09824037673176783,0.03598082704395905,0.03359471902789749,0.04691277566380054,0.07855235772699562,0.06968066096243195,0.11903210208758173,0.12327874366682785
168,4.864716857360108e-06,2.576517894952939e-08,0.18603710937499995,147719,1,1382234651.9686124,0.1424540926328471,2.9165803881581194e-11,6.5464505289437e-15,0.10286506178412824,0.17054939055757942,0.04741157573148838,0.07395197950677683,0.09824568770931538,0.03597862489632654,0.03360594639426358,0.04686564970446504,0.07853985784926143,0.06968955706501768,0.11903287104597327,0.12326379775540414
169,4.8918468384719195e-06,2.712998111181164e-08,0.18630859374999997,147757,1,1478088125.1099849,0.1604020116633079,2.91657940738356e-11,6.5562582745345785e-15,0.1028095188174861,0.17057343537058392,0.04741587168466296,0.07391760142572595,0.09827025893699548,0.03596813083132403,0.0335779431806269,0.04686025788866757,0.07864556033127161,0.06973477303700597,0.11905860153055875,0.12316804696509068
170,4.917217450252736e-06,2.5370611780816257e-08,0.18656640624999998,147774,1,1490989292.279947,0.15130924201515408,2.916578589537683e-11,6.564436733304509e-15,0.10278260505433302,0.17063084943782583,0.04739222378090911,0.07392014405058521,0.09826008668160215,0.035991708716316656,0.03358388643453864,0.046837377776847225,0.07869391344402338,0.06975356462385628,0.119009233475011,0.1231444065241515
171,4.942368536309603e-06,2.5151086056866883e-08,0.18683203125000003,147796,1,1382801431.5417848,0.1391158312170646,2.916577773821229e-11,6.5725938978422255e-15,0.10276192268289115,0.17062869807020847,0.04737711430303791,0.07391958853415292,0.09832946538710825,0.03598235380208661,0.03355704697986578,0.046791695414915645,0.07862384745656402,0.06982165631729705,0.11901775073700058,0.12318886031487175
172,4.969487397445137e-06,2.711886113553451e-08,0.18712109374999997,147828,1,1507609830.1861382,0.1635386465255386,2.9165768953016815e-11,6.581379093318608e-15,0.10279105692754109,0.17060518130388497,0.04743961756048683,0.07395152704423523,0.09833413356157236,0.035978957476567236,0.03352608396133854,0.04680291422249129,0.07859633008371085,0.06984948750600173,0.1190322109262468,0.12309249942592325
173,4.994361207133265e-06,2.4873809688127353e-08,0.18741015625000002,147845,1,1502415601.37572,0.1494831989643723,2.916576172676854e-11,6.588605341594309e-15,0.10275757133626529,0.17062342372386766,0.04744981970527544,0.07395210204889843,0.09833878733559831,0.03597557162807178,0.03354732475978073,0.04681409842216062,0.07861058423828084,0.06987723284073617,0.11901536152739853,0.12303812243366612
174,5.019321011840872e-06,2.4959804707607063e-08,0.18768164062500003,147878,1,1502762620.939389,0.15003464616215556,2.9165753262096816e-11,6.597070013308713e-15,0.10272340336965233,0.17064718553900912,0.04743321573891959,0.07401163456235106,0.09831101120789237,0.03597556533774573,0.033530017795260846,0.04681922720697658,0.07863215842985442,0.06990103337391902,0.11902011592936011,0.12299543150905895
175,5.044275052803482e-06,2.4954040962609547e-08,0.18780859375000003,148180,1,1318175382.692702,0.1315752099824688,2.9165957004202957e-11,6.393327907180738e-15,0.10193639634767779,0.17025104515484932,0.04732835541504607,0.0741903949749371,0.09805736392187858,0.035888849601697206,0.03356974978680921,0.0471099648495185,0.07908858337319828,0.06986418186734333,0.11901245866178582,0.12370265604525885
176,5.072723467553419e-06,2.8448414749937823e-08,0.18813085937499996,148199,1,1467047230.3909476,0.16694067227163709,2.9165940672669694e-11,6.4096594404348274e-15,0.10192788845862358,0.17033314992265605,0.0472991912627306,0.07416712519335984,0.0980451190266084,0.035889662905017494,0.03354339046748959,0.04705002958794888,0.07909845000674812,0.06997290366786749,0.11900584491762092,0.123667244583329
177,5.098285016781802e-06,2.5561549228382217e-08,0.18845703125000002,148233,1,1467175069.89818,0.15001307110342982,2.916592553165461e-11,6.4248004555276435e-15,0.1019172971292362,0.170349258990569,0.04733132967146855,0.07409057933464608,0.09804124779769925,0.03588972950564826,0.03356824541403255,0.047051507928282735,0.07913773448025703,0.06998652710125403,0.11904860607316822,0.12358793657373823
178,5.123844338753243e-06,2.5559321971441653e-08,0.18880273437499995,148241,1,1467791832.1748214,0.15006305610243406,2.916591175567321e-11,6.438576436930337e-15,0.10181344202261369,0.17047182595922078,0.04733776780080068,0.07411008927555421,0.0980169033899883,0.03583435919186485,0.03358953934641604,0.04705845841910889,0.07912731335409187,0.07000320688549348,0.11905821014410294,0.12357888421074407
179,5.1493929207646555e-06,2.5548582011412606e-08,0.18913476562499998,148227,1,1467046639.1398897,0.14992384549853083,2.916589915423778e-11,6.451177872347535e-15,0.1018928715263794,0.17053399010708717,0.04733727810650888,0.07411423319598914,0.09795842498218657,0.03584373741441804,0.03364416493695592,0.047017152534671675,0.07905036298109194,0.07001456055020293,0.11905573282939375,0.12353749083511469
180,5.1749544802948865e-06,2.5561559530231265e-08,0.18943164062499995,148227,1,1466677660.2513037,0.14996227329669604,2.916588589423937e-11,6.464437870758301e-15,0.101877532503686,0.17051418202064153,0.04735588571899907,0.07414242852282218,0.09791832063429876,0.03583911577601584,0.03366361133736816,0.046995020053820544,0.07908113291197971,0.07000793904463394,0.11905473816618381,0.1235500933095506
181,5.20052247046498e-06,2.556799017009277e-08,0.18971679687499998,148254,1,1457555081.0444086,0.14906701593804883,2.916587202686275e-11,6.478305247380071e-15,0.10186853348432592,0.1705667370154939,0.04736706645390436,0.07413393730375249,0.09795645236011737,0.03582642713748906,0.03363360271786688,0.0469758583414835,0.07908580841097441,0.07004684202398723,0.11905080557986308,0.12348792917074175
182,5.226250486158994e-06,2.5728015694013728e-08,0.19003515625,148246,1,1457273310.4085221,0.14997100240263117,2.916586028796385e-11,6.490044146279665e-15,0.10183148677259553,0.17064071203930195,0.04735965795802585,0.07412279800201443,0.09799790334847581,0.03584862998211679,0.03360809060823449,0.04697938292667886,0.07909720652017513,0.07005282739624659,0.11898497399741001,0.12347633044872453
183,5.251983476485625e-06,2.5732990326630972e-08,0.19033007812500002,148253,1,1455741723.8310692,0.149842350789672,2.916584738181262e-11,6.502950297514974e-15,0.10173526665230018,0.1707662469599483,0.047409414155096516,0.0741413457295611,0.0979384088087102,0.0358751757329475,0.03358679924883786,0.04700920481482622,0.0790156902584942,0.07001611099139037,0.11900583895165677,0.12350049769623087
184,5.277743540503926e-06,2.5760064018300862e-08,0.19057812500000004,148264,1,1457044453.0030575,0.1501342335474757,2.916583468296561e-11,6.515649144521879e-15,0.10176682790850208,0.17080019676969746,0.04745019267032877,0.07417807657620727,0.0979339181766008,0.035879724522423544,0.03359432647372305,0.04694802000491924,0.07898458637369844,0.07001721734852832,0.1190764122325162,0.1233705009428548
185,5.303480572701338e-06,2.573703219741183e-08,0.190880859375,148250,1,1457208398.6889396,0.1500168779015847,2.9165823926011396e-11,6.526406098731694e-15,0.10173844532441088,0.17085673941738036,0.04744656250319755,0.07426507454134308,0.09797300754110774,0.0358535162844952,0.0335717428451566,0.04693495410872702,0.07897187177047202,0.07004942137090585,0.11907173772907266,0.12326692656373106
186,5.329214709310583e-06,2.5734136609244774e-08,0.191125,148268,1,1457580398.5507357,0.15003829238104832,2.916581108937582e-11,6.539242734317233e-15,0.10178221059516024,0.17096550032701113,0.047498364944408115,0.07423152387181164,0.09797048724656639,0.0358690320470896,0.03353907782864617,0.04689543819489863,0.078973185088293,0.07003147482014388,0.11904226618705036,0.12320143884892086
187,5.354942278120705e-06,2.572756881012261e-08,0.19137695312500003,148261,1,1456939700.791581,0.14993406561725942,2.916580030612635e-11,6.550025983783798e-15,0.10177067918558963,0.1710159718324233,0.04753788845231413,0.07424605807011278,0.09795376843394397,0.03586263203551564,0.03350512833596979,0.04687452161045058,0.0789916824003674,0.06996989335102312,0.11902842271776293,0.12324335357452672
188,5.380681160779765e-06,2.5738882659059662e-08,0.1916171875,148276,1,1447170744.8356311,0.14899423195579314,2.9165788667247774e-11,6.561664862354605e-15,0.10171443715089494,0.17102580829290173,0.04750886777836671,0.07429567415501284,0.09792269743547927,0.0358686345659885,0.03350389366820239,0.04689729685652547,0.078994577404493,0.06999429200472948,0.11902189423900192,0.12325192644840381
189,5.406593790739859e-06,2.5912629960094464e-08,0.19188281250000006,148283,1,1447629695.8513904,0.15004757051136472,2.916577794037267e-11,6.572391737453951e-15,0.10166524164325555,0.17102316680916899,0.04751435202149749,0.07429461341150603,0.0979194658197956,0.035920768698342896,0.03348805016082406,0.04688327022515369,0.0790073694067831,0.07002972191686005,0.11903016978136066,0.12322381010545172
190,5.432498205458255e-06,2.590441471839608e-08,0.192125,148287,1,1446989274.6259592,0.14993364105192786,2.916576688579939e-11,6.583446310743473e-15,0.10166924202992841,0.17104139557579698,0.04747478854912167,0.07426195510735198,0.09794851984385164,0.03596698113207547,0.033476333767078724,0.04689533181522446,0.0790297657774886,0.07003293754066363,0.11898178269355889,0.12322096616785945
191,5.4584140851800964e-06,2.5915879721840783e-08,0.19237695312500003,148301,1,1446346368.711326,0.14993335411057562,2.916575614357878e-11,6.594188531351647e-15,0.10167822370224475,0.1711321156989553,0.04748367970598089,0.07424591611927267,0.09791161152116308,0.035990943886615834,0.03348325329705473,0.046874524097180625,0.07900748246139477,0.07007320019899084,0.11891732743129234,0.12320172187985422
192,5.4843414845992354e-06,2.5927399419139113e-08,0.19263476562500004,148312,1,1446776318.7618334,0.15004458994675915,2.9165745868966055e-11,6.604463144076448e-15,0.10165367184093928,0.17117683439961878,0.04749110302243762,0.07432905129323018,0.09788196169483622,0.03602388749759199,0.03348913605531841,0.0468320676474465,0.07899299394701356,0.07012136389905606,0.1188392866195541,0.12316864208295734
193,5.510261178966429e-06,2.591969436719347e-08,0.19295898437500003,148311,1,1401079407.7122796,0.14526220012828295,2.916573672020469e-11,6.613611905444831e-15,0.10161445417278202,0.17122324004251224,0.047532769877018065,0.07433574573612024,0.09788956931018776,0.0359937243787641,0.03351384179361303,0.04678374411660509,0.07899185181436308,0.0701452502657017,0.1188724125714864,0.12310339592084618
194,5.53702625722936e-06,2.6765078262930872e-08,0.19320703125000005,148305,1,1400792723.894014,0.14996930754066962,2.9165726963425224e-11,6.623368684898932e-15,0.1015850872404521,0.17131679505064598,0.04757283516305777,0.07438183619417318,0.09788520248276421,0.036008168051596214,0.03349103333939872,0.046774226157983066,0.0789814197044136,0.07012595782535735,0.1188411071349144,0.12303633165524354
195,5.563796813186957e-06,2.677055595759741e-08,0.1935,148317,1,1400890472.096369,0.15001046709488364,2.916571773869995e-11,6.632593410183479e-15,0.1015423126614987,0.17145106589147288,0.04763202519379845,0.07440043604651163,0.09786821705426356,0.03597383720930232,0.033470607235142114,0.04680434431524547,0.07899305555555555,0.07012072028423773,0.11875201873385013,0.12299135981912145
196,5.590565501208572e-06,2.676868802161453e-08,0.19379882812500004,148336,1,1400237257.434088,0.14993005720197702,2.9165708374935334e-11,6.6419571747971295e-15,0.10149659863945579,0.17150919627110103,0.04772990677752583,0.07443688586545731,0.0978584026203074,0.03597883597883598,0.033449231544469646,0.04677248677248678,0.07904257999496096,0.07016376921138827,0.11869992441421014,0.12286218190980097
197,5.617346676899268e-06,2.6781175690695546e-08,0.1941015625,148361,1,1400864383.6353924,0.15006718070790953,2.916569916343817e-11,6.651168671954212e-15,0.10145904608573154,0.17155363252163414,0.04777621251760917,0.07446166230629905,0.09786677399879251,0.035962970416582814,0.033477560877440124,0.046769973837794326,0.07901992352586033,0.07015496075669149,0.11872610183135439,0.12277118132421011
198,5.6441158634372845e-06,2.6769186538016977e-08,0.194373046875,148360,1,1402462498.3605468,0.15017112092474727,2.916569063054451e-11,6.6597015656175876e-15,0.10146806137521479,0.1715953737477266,0.04783006260111135,0.07444809533857856,0.09787075834765221,0.03595293361066731,0.03349109215325717,0.04677498769079272,0.07906027994654288,0.07016750570242869,0.1186607582471689,0.12268009123885891
199,5.670854546321024e-06,2.673868288373972e-08,0.19466992187499998,148353,1,1401687816.1720023,0.14991714407449933,2.916568328512742e-11,6.667046982706383e-15,0.10151398099748171,0.171664777116714,0.04782735198804065,0.07446498981649627,0.09789206489349961,0.035938236799068934,0.033460083675291706,0.04673375405082722,0.07908017377170891,0.07018089514502714,0.11857009561457195,0.12267359613127189
200,5.69760800708978e-06,2.675346076875533e-08,0.19487500000000002,149157,1,1401708071.8984175,0.15000216764312796,2.916588602741118e-11,6.464304698956017e-15,0.10100625400898013,0.1715242142398974,0.0476066388710712,0.07436658114175755,0.09764873316228352,0.035930484284797955,0.03358523091725465,0.0468950449005773,0.07934773893521488,0.07023733162283516,0.11861569916613215,0.1232360487491982
201,5.724361081251086e-06,2.6753074161306276e-08,0.19520703125000005,149167,1,1441680241.0048652,0.1542775136179723,2.916586940683247e-11,6.4809252776604975e-15,0.10094451003541911,0.17156264382766695,0.04761571248474176,0.07435014908050347,0.09772277029595983,0.035969423488683885,0.03356812678846577,0.04688531807175875,0.07934284513637364,0.07021791767554479,0.11861405158785744,0.12320653152702458
202,5.750372397029308e-06,2.601131577822148e-08,0.19556249999999997,149146,1,1442385277.7314866,0.1500733557317256,2.916585500894037e-11,6.4953231697674235e-15,0.10095078299776288,0.1716203259827421,0.0476689837008629,0.07430488974113136,0.09768496324704379,0.03594399169063599,0.03357702141259188,0.04687000639181848,0.079298497922659,0.0702301054650048,0.11861816874400767,0.12323226270373921
203,5.776370998497966e-06,2.5998601468657647e-08,0.19593359374999997,149161,1,1383274411.3618171,0.14385280057115155,2.916583965116875e-11,6.510680941379509e-15,0.1009290456348811,0.17164417153452025,0.047688351043681104,0.07433361909128972,0.09768934787376145,0.03592575609561594,0.0335931737076098,0.046870950377798606,0.0791981498833709,0.07029645726589447,0.11866265276420981,0.12316832472736698
204,5.803480586944037e-06,2.7109588446071012e-08,0.196275390625,149161,1,1383693460.3963807,0.150045440987463,2.916582400372206e-11,6.526328388063351e-15,0.10090255042639784,0.171713452678296,0.04773466808633437,0.07435343755286436,0.09765854338113102,0.035883096335068115,0.03357447782432607,0.04687888708666275,0.07917964435333803,0.07030340421720915,0.1186948344660822,0.12312300359228999
205,5.830581965300814e-06,2.7101378356776746e-08,0.19660937499999998,149126,1,1384076709.4881756,0.1500415463145665,2.916581020091969e-11,6.540131190441819e-15,0.10092982595565446,0.17164030835253913,0.047713184455217356,0.07439601049034411,0.09769132957164428,0.03586187713581817,0.03358698243662084,0.046838989112294366,0.07918421680044506,0.07033298895334976,0.11872168799173488,0.1231025987443376
206,5.857675839320172e-06,2.709387401935786e-08,0.196927734375,149118,1,1378855972.561415,0.14943420004567254,2.91657956760628e-11,6.5546560473327136e-15,0.10091542939887134,0.1717198766203497,0.047715393694149386,0.07442450930802265,0.09768216846677974,0.035843573645948014,0.03362194650242495,0.046802939688773845,0.07916530294464777,0.07037797415374851,0.11865869261209795,0.12307219296418619
207,5.884872298374803e-06,2.719645905463105e-08,0.197208984375,149093,1,1385737870.0084734,0.1507486529685484,2.916578192647014e-11,6.5684056399936234e-15,0.10084083548741718,0.17178199681096554,0.04773647879093998,0.07436788780937102,0.09769141634726804,0.0358419744283012,0.03363341949668717,0.04682532608372701,0.07917124718978717,0.07037664279842729,0.11868754394826238,0.1230452308088461
208,5.911933693470956e-06,2.7061395096152417e-08,0.197556640625,149069,1,1384109544.707008,0.14982374098268794,2.91657693204425e-11,6.581011667629071e-15,0.10088087870369455,0.1717861768282435,0.047780996351916474,0.07434576713561182,0.09774688825396197,0.03584810527044261,0.033643436909905185,0.046782469426291905,0.07914067365965062,0.07039120505393033,0.118666521666057,0.12298688074029401
209,5.939026924742573e-06,2.7093231271617378e-08,0.19780664062499997,149038,1,1447694400.1635585,0.15689087677702673,2.916575582275032e-11,6.594509359810139e-15,0.10086199235759352,0.17188502819001353,0.04778972520908005,0.07439003919942336,0.09770234110410063,0.0358521678169772,0.03360091629886351,0.04677271246186202,0.07916901172033136,0.07041085340205573,0.1185955350178224,0.12296967722187663
210,5.964930181670114e-06,2.590325692754168e-08,0.19811132812499999,149027,1,1383315585.2908564,0.143329516070647,2.9165743679216386e-11,6.60665289374695e-15,0.10092376248360986,0.1719065787268443,0.04776552009700985,0.07437421746374454,0.09766052468131672,0.035856180927311625,0.03362810919523232,0.0467993650981436,0.07913598138672819,0.07045044512141019,0.1186004554730709,0.12289885934557787
211,5.9920389632082875e-06,2.710878153817318e-08,0.1983828125,148999,1,1384182757.6659272,0.15009403194588694,2.9165731362714613e-11,6.618969395520261e-15,0.10093332808254242,0.17191745756704602,0.04774937975032489,0.07442996101287756,0.09762532981530343,0.03583664789508919,0.03365100618280628,0.04681408262119481,0.07910644665852794,0.0704721773717166,0.11857598550781712,0.12288819753475366
212,6.019130761449752e-06,2.709179824146504e-08,0.19867773437500003,148982,1,1383643811.5461671,0.14994159592184175,2.9165719186472875e-11,6.631145637249557e-15,0.10092112894822214,0.17198666968138968,0.04777680563884274,0.07440795100419768,0.09757871867719199,0.03588175732135309,0.03363054569762984,0.046813405031310526,0.07917580094963775,0.07048553424495936,0.11848844410801884,0.12285323869724644
213,6.046233112276657e-06,2.710235082690482e-08,0.19894921875000005,148962,1,1468473387.082399,0.1591963236667215,2.916570714004922e-11,6.643192060913986e-15,0.10093067090769862,0.1719974082582317,0.047760695843395956,0.07440458659755354,0.09759282166067815,0.03584261059079931,0.03363373976556517,0.046828061494963776,0.07909720995071763,0.07052679114880915,0.1185329170838978,0.12285248669768901
214,6.071769836557718e-06,2.553672428106169e-08,0.19923632812500003,148971,1,1469189008.376551,0.15007309849471367,2.9165694952901206e-11,6.655379208934382e-15,0.10095187679518475,0.17202403709476619,0.04774088560813262,0.07440519954121697,0.0976188375535492,0.035810565734395984,0.0336048780009607,0.046829201344979365,0.07915968198884414,0.07055259830015,0.11847974198355048,0.12282249605426973
215,6.09729412225969e-06,2.5524285701971983e-08,0.19948437500000005,148956,1,1469234118.7450035,0.15000460563973,2.916568397380549e-11,6.66635830464526e-15,0.1009340487193546,0.1720646980496593,0.04778922221351923,0.07442038066891205,0.09760515391243049,0.03579541004151328,0.03362183754993342,0.04688846244223389,0.07912978773400173,0.0705334064384742,0.1184401190569437,0.1227774731730242
216,6.122817624281295e-06,2.5523502021605585e-08,0.19972656249999998,148936,1,1468684119.6047893,0.1499438483833314,2.9165674147179314e-11,6.676184930815422e-15,0.10101701545081165,0.17212986504987288,0.04778016819870917,0.0744181498141991,0.09758458830432232,0.03582045765695287,0.03359084686094269,0.04690005867396831,0.0790729513006063,0.07054566790533934,0.11839428906708391,0.12274594171719148
217,6.1483506844536155e-06,2.5533060172320062e-08,0.19996289062499994,148941,1,1469106818.1764483,0.1500431711522597,2.916566363025794e-11,6.6867018521861056e-15,0.10096599955069788,0.17210224553383927,0.047772535919750725,0.07441810492181165,0.09753762905226555,0.03583672751780115,0.03360975180941776,0.04695207118508316,0.0791260097088327,0.07054043230677566,0.11839110772506616,0.12274738476865822
218,6.1738763981294576e-06,2.5525713675842478e-08,0.20029296875000002,148924,1,1469628270.2691045,0.15005324174725124,2.916565498522017e-11,6.6953468899583395e-15,0.10096538274012677,0.17225743539736713,0.047752315943442224,0.07445148707947342,0.09747440273037543,0.03580692345197465,0.033632374451487076,0.046962457337883956,0.07912237932715749,0.07052169673330083,0.1183910287664554,0.12266211604095563
219,6.199393054796067e-06,2.5516656666609542e-08,0.200546875,148893,1,1469210140.5101154,0.14995732290599112,2.916564572597197e-11,6.7046061381630536e-15,0.10093494351382937,0.1723802103622906,0.04774055317491235,0.07446435527853525,0.0974678613167121,0.03579080638878067,0.03364822750292169,0.04693221659524737,0.07912933385274638,0.07053954031943903,0.11834826645890142,0.12262368523568366
220,6.224916973373827e-06,2.5523918577760327e-08,0.20080859375000004,148848,1,1469510142.52416,0.15003062890791855,2.91656377264005e-11,6.712605709619997e-15,0.10092983445834225,0.1723987005660708,0.04778532106522458,0.07445484078043846,0.09752562880541561,0.035763611959460775,0.03360437294531873,0.04688077499173265,0.07912346567588072,0.07055459373237108,0.11842745151438522,0.1225514035053592
221,6.250435681217236e-06,2.5518707843408756e-08,0.20108398437499997,148835,1,1471378601.0716314,0.15019072259116178,2.9165628768265815e-11,6.721563844311836e-15,0.10091787674226604,0.1724539847506192,0.04777815550483221,0.07443057646544607,0.09752804623379147,0.0357729104948764,0.033606915642756544,0.04685542227186635,0.07906366859307465,0.07057452284978874,0.11842066922441842,0.1225972512262639
222,6.2759219836364006e-06,2.5486302419165316e-08,0.201369140625,148846,1,1469981007.6515956,0.14985752204575173,2.916561912920793e-11,6.731202902202353e-15,0.10091075741263421,0.1724037594203742,0.04776869283518103,0.07447066468802435,0.09751602797257057,0.0357610498443274,0.033627219910573124,0.04686666472682127,0.07909719595348251,0.07059097389938021,0.11845665900427735,0.1225303343323537
223,6.301432517313233e-06,2.5510533676832356e-08,0.20167187499999994,148839,1,1469466143.8413148,0.14994746219771538,2.9165611556297846e-11,6.7387758122913595e-15,0.10093360192143798,0.17245486945068567,0.04777446346943519,0.07446540636863716,0.09756333772371581,0.03579453009994576,0.033663903308282325,0.04680599674595181,0.07906562330518323,0.07062059347640814,0.1183853722786085,0.12247230185170838
224,6.326951989236535e-06,2.551947192330112e-08,0.20195703124999997,148798,1,1468892280.9859822,0.14994142129190208,2.91656051818662e-11,6.745150243935267e-15,0.10091681011972689,0.17254018297518425,0.04777470455116922,0.07445697375292547,0.09754163362410785,0.035773002456432175,0.03364538403512505,0.04677859229028452,0.0790700373300323,0.07061758960174852,0.11841163613856598,0.12247345312469779
225,6.352481431037964e-06,2.5529441801429046e-08,0.20210742187499997,150167,1,1467456294.552087,0.14985336027163293,2.916582536931164e-11,6.524962798494465e-15,0.10047449240908782,0.17250843166246288,0.04757487026353172,0.07442089699359289,0.09721779298215094,0.03577537471371002,0.03376530503773712,0.04694672348979019,0.07958136433479256,0.0706230249615864,0.11848780912069112,0.12262391403086613
226,6.378035854797784e-06,2.5554423759820494e-08,0.20241406250000005,150138,1,1447481737.547002,0.14795824682350947,2.916580998244583e-11,6.540349664294508e-15,0.10046701918252345,0.172584816087074,0.047589640665405844,0.07440464703384925,0.0972345517001814,0.03577907290902775,0.033752750009649155,0.04693349801227373,0.07955729669226909,0.07067042340499441,0.11845304720367439,0.12257323709907754
227,6.403942917406774e-06,2.5907062608990125e-08,0.20274804687500003,150127,1,1447580457.0667257,0.15001023013111284,2.916579378671279e-11,6.556545397343159e-15,0.10048455306482222,0.17262805013149402,0.047588312926873905,0.07439768031057635,0.097170711031048,0.035787567312416314,0.03374531582648569,0.046923617867773854,0.07959964164266378,0.07062144171394992,0.11844095292224995,0.12261215524964598
228,6.429848213251944e-06,2.5905295845170038e-08,0.20305664062499995,150088,1,1447900190.6762333,0.15003313117498376,2.916577866953195e-11,6.571662578175784e-15,0.10048574039340162,0.17260616553647862,0.04759293993170778,0.07436156398788053,0.09717693454527966,0.03580050978694753,0.033703650266916754,0.04691001779445005,0.07963256865291203,0.07062953878709181,0.11843408839513297,0.12266628192180061
229,6.455747788541374e-06,2.589957528943058e-08,0.2033828125,150020,1,1448312530.3212905,0.1500427176867279,2.9165764710743023e-11,6.5856213671079914e-15,0.10050704874582263,0.17258863749855954,0.04758383590058772,0.07434794299542888,0.09718434294933355,0.035781508085890985,0.03369761456612761,0.046940421772365855,0.0796297007644144,0.07063150616525181,0.11845542196442978,0.12265201859178736
230,6.4816399901310965e-06,2.5892201589722545e-08,0.20369140625000004,149969,1,1472755437.0599985,0.15253152267486966,2.9165750292810534e-11,6.600039299594381e-15,0.10051778694026273,0.17262441269536866,0.04758845526896154,0.07435995780995301,0.09711381724038737,0.03578483076037971,0.03369450570524499,0.04693642727011218,0.0795761818007479,0.07071627193403009,0.11841979096749447,0.12266756160705722
231,6.50710246615146e-06,2.5462476020363376e-08,0.203974609375,149917,1,1448615846.6797538,0.14754138503520647,2.9165736759981037e-11,6.61357212909632e-15,0.10045482836213912,0.1726432709340738,0.04757983434672283,0.07439076937808206,0.09706516014746014,0.03575429693110547,0.033714750801934215,0.0469287116388184,0.07957102503949826,0.07070426581127015,0.11852348350648728,0.12266960310240818
232,6.532989246339562e-06,2.588678018810196e-08,0.20423632812500003,149871,1,1512436425.5340064,0.1566084371851099,2.916572311256219e-11,6.627219547935311e-15,0.10054605093287686,0.1725941722690281,0.047585804588357934,0.07441019805104764,0.09704596964683607,0.03574673182300682,0.03369067314404843,0.046906827071120503,0.07956468934387821,0.07074754468341478,0.11847679522611865,0.12268454322026606
233,6.5577836769462965e-06,2.4794430606734175e-08,0.20451171874999996,149820,1,1450257162.4593146,0.14383320230606678,2.9165710782247573e-11,6.6395498625583986e-15,0.10050615987011748,0.1725814153375991,0.047588577977270556,0.07442460127972496,0.0970489924553529,0.03574634705376755,0.033683506828383156,0.04686276382389457,0.07957215165695732,0.07077643014038773,0.11850826091108776,0.122700792665457
234,6.583641159998756e-06,2.5857483052459685e-08,0.20476757812500002,149796,1,1449139319.8273613,0.14988438161235584,2.91656969317597e-11,6.65340035043294e-15,0.10048549708606366,0.17257561450196013,0.04756726853044133,0.07446514245381101,0.0970612642000744,0.0357207581003615,0.03366049541686936,0.04687097604944631,0.07955856964355548,0.07081199149187818,0.11851279556661994,0.12270962695891875
235,6.609518589095406e-06,2.5877429096649892e-08,0.20503710937499997,149763,1,1447905210.0905833,0.14987225765115614,2.916568393865889e-11,6.6663934512396744e-15,0.10042960973147011,0.1726345269053811,0.04757141904571391,0.07449108869392926,0.0970479810247764,0.035702378570952285,0.03365434991760257,0.04683793901637471,0.07953019175263625,0.07086179140590024,0.11849989045428135,0.12273883348098193
236,6.63541807459947e-06,2.5899485504064134e-08,0.20528320312500004,149721,1,1512854480.0432694,0.15672861070255656,2.9165671606068956e-11,6.678726041169439e-15,0.10046144331858617,0.17267494410351553,0.04754293325721898,0.0744969316397888,0.0970553256267542,0.03570714999286428,0.03364254792826221,0.04681984681984682,0.07953950811093669,0.07090052804338519,0.11843394700537559,0.12272489415346559
237,6.66020565363941e-06,2.4787579039940083e-08,0.20551562499999998,149682,1,1436398744.812671,0.14241938967965923,2.916565977068502e-11,6.690561425112936e-15,0.10047137535163082,0.17271725081730407,0.04756519425226184,0.07449821333536076,0.09704059910286626,0.035695278643655445,0.03365201855090094,0.04683342203299628,0.07957310119364405,0.07088686991560861,0.1184140500266099,0.12265262677716111
238,6.686312610454449e-06,2.6106956815038563e-08,0.205796875,149614,1,1434131113.5589936,0.14976319619515124,2.9165649333613745e-11,6.7009984963817886e-15,0.10042897274314784,0.17271847240148813,0.04754764254802218,0.07447232556373852,0.09705982841090274,0.035750892111456996,0.033681952775036064,0.04681687039708451,0.07956874952547263,0.07088489864095361,0.11846101283122012,0.12260838205147674
239,6.7124608472826274e-06,2.6148236828178556e-08,0.20609960937500005,149577,1,1509340768.5330095,0.15786639948010467,2.916563750814434e-11,6.712823965789343e-15,0.1003856979047222,0.1727869753513452,0.04761995015304721,0.07443874795068374,0.09704045563526437,0.035745761587521206,0.033708291083460476,0.04675757891644476,0.07952768590733775,0.07095135657629142,0.11848601726637796,0.12255148166750378
240,6.7373061312515e-06,2.484528396887324e-08,0.20635156249999997,149541,1,1509555476.9123745,0.15002133796262326,2.916562603486492e-11,6.7242972452077526e-15,0.10035777836671333,0.1727558399273085,0.04763752697535304,0.07446143944269866,0.0970923408927422,0.0357589065990232,0.03373338886154545,0.04675727861280429,0.07951576875023661,0.07099723620944232,0.11841706735319728,0.12251542800893499
241,6.762147881404798e-06,2.484175015329812e-08,0.20660156249999995,149484,1,1509050925.9686077,0.14994986428606133,2.9165616542076585e-11,6.7337900335446385e-15,0.10039705048213272,0.17272641331064476,0.047636604273019474,0.07445641898279448,0.09712611079599169,0.035762904140669315,0.033730383815466065,0.04676687464549065,0.07949517867271697,0.07098695405558708,0.11841557950463227,0.1224995273208546
242,6.786997937393419e-06,2.4850055988620823e-08,0.20691992187499997,149469,1,1436299828.812772,0.14276852464977557,2.916560626591337e-11,6.744066196760739e-15,0.10035585173159153,0.17271551683452424,0.04761050753707182,0.0744834486469139,0.0971654568966331,0.03575507584267012,0.033772877868287664,0.0468081893093456,0.07954277300057579,0.07094380940694525,0.11835609714657883,0.12249039577886223
243,6.813106692158778e-06,2.6108754765359152e-08,0.20720312500000004,149410,1,1437150538.1102605,0.15008884384169896,2.916559666520542e-11,6.753666904712472e-15,0.1003883568358344,0.17268682603121938,0.04763026921046678,0.0744853329311515,0.0971080612321846,0.0357439107156323,0.033783274262876105,0.04681019530955433,0.07956602066209185,0.07094110549732298,0.11838285197194783,0.12247379533971797
244,6.839199992064096e-06,2.6093299905317877e-08,0.20750195312499997,149363,1,1518871449.8703735,0.1585294730363706,2.916558712702623e-11,6.763205083907443e-15,0.10046027428205684,0.17274875048239383,0.047646388870586684,0.07445336546154499,0.09717529014222381,0.035748910495947896,0.03377227247484493,0.04677102060409823,0.07950791125836541,0.07091424214757015,0.11840061746406755,0.12240095631629974
245,6.863889375753019e-06,2.4689383688922717e-08,0.20780273437499996,149311,1,1518496021.0049636,0.149962923570776,2.9165578628287846e-11,6.771703822282258e-15,0.10046524742704076,0.17275247896987642,0.04765261525447625,0.07442079045067909,0.09714742234127545,0.03575355984773721,0.03377038394661404,0.046759716152074825,0.07954321161708727,0.07098077917195358,0.11841721885426948,0.12233657596691576
246,6.888584863578652e-06,2.4695487825632842e-08,0.2081015625,149278,1,1518379628.6289134,0.14998850253397703,2.9165570099827087e-11,6.7802322830443804e-15,0.10047114915343319,0.17272966174869542,0.047715583586740246,0.0744453204189661,0.09712993204940495,0.035720989600931036,0.03375004692720651,0.04676765401509179,0.07953222960543604,0.07096332169538612,0.11843488380823665,0.12233922739047189
247,6.913282244452934e-06,2.4697380874282568e-08,0.20834375000000005,149261,1,1386873448.8740106,0.1370085671650852,2.916556048948038e-11,6.789842629751472e-15,0.10047622618869059,0.17279136043197843,0.047725738713064354,0.07449940002999851,0.09711076946152693,0.03573571321433929,0.03372018899055048,0.04676953652317385,0.07948665066746664,0.07100269986500676,0.11838158092095397,0.12230013499325035
248,6.940321481544426e-06,2.70392370914923e-08,0.20859375000000002,149215,1,1521202315.230495,0.16452860026257746,2.9165552040557246e-11,6.798291552895224e-15,0.10045880149812736,0.1729119850187266,0.0477808988764045,0.07449438202247192,0.09707865168539327,0.03573033707865169,0.03369850187265918,0.04676966292134832,0.07943820224719102,0.0710299625468165,0.11832397003745321,0.12228464419475657
249,6.964973034874673e-06,2.465155333024716e-08,0.208880859375,149170,1,1521760643.8543522,0.1500550546713873,2.916554475422108e-11,6.805577889046781e-15,0.10049837770110427,0.1728800246851244,0.04776197555798666,0.07450419366602147,0.09704807053961308,0.035718626983459095,0.033717635838312436,0.046808232114972835,0.07944121854750483,0.07101648480088268,0.11836704161874573,0.12223811794627243
250,6.989615543636773e-06,2.4642508762100123e-08,0.20892968749999996,151075,1,1442648532.9470246,0.14220191645511177,2.916576997150808e-11,6.580360602049043e-15,0.10016639868376773,0.17280222862057362,0.04751710728040983,0.07450547806902742,0.09668885315783571,0.03566353812212542,0.03381258647122612,0.047087088209998886,0.07975918932056987,0.07098119133978985,0.1185076468608608,0.12250869386381484
251,7.015609400867817e-06,2.5993857231043974e-08,0.20926757812499996,151030,1,1516749337.1390293,0.15770466289949006,2.916575383978639e-11,6.596492323738865e-15,0.10014466377339118,0.17282187689579537,0.04754304913901721,0.0745438424564842,0.0966727332120024,0.03561528769424611,0.033795324093518125,0.04704839236548602,0.07975173829856734,0.07102524616174341,0.11852162956740864,0.1225162163423398
252,7.040333327941182e-06,2.4723927073364958e-08,0.209623046875,150999,1,1515435869.731474,0.14987010371040946,2.916573793714379e-11,6.61239496634742e-15,0.10015187231544717,0.1727896987710455,0.04759287038676195,0.07457582900854397,0.09662992536826708,0.035638748870274954,0.03378460219702405,0.0470058792288986,0.07974694158972112,0.07104456474139778,0.11855357924846496,0.12248548827415282
253,7.0650786838806875e-06,2.4745355939505885e-08,0.20994335937499997,150913,1,1522956850.1920664,0.15074443735404572,2.916572374401911e-11,6.626588091018938e-15,0.10007349452512304,0.17280516508358842,0.04766910718106633,0.07463880696988587,0.09656622414899853,0.0356401931324483,0.033779572243257575,0.046999283660957666,0.07971830199737653,0.0710385055493018,0.11854945995478693,0.12252188555320913
254,7.089701837186227e-06,2.462315330553897e-08,0.21025585937500002,150858,1,1524288285.522525,0.15013113654503318,2.9165709072488815e-11,6.641259621305636e-15,0.10009196384613242,0.17272482373596162,0.047681860828046194,0.07463934380544539,0.0965341706068685,0.035661535889123186,0.03380368041170077,0.046985165024012794,0.07970199998142145,0.07107226128879436,0.11858691512387252,0.12251627945862094
255,7.114303482659836e-06,2.46016454736087e-08,0.21055078125000004,150764,1,1523191757.6400843,0.14989209443913704,2.9165696257535444e-11,6.654074574687399e-15,0.10011873620155469,0.17271479193335929,0.047689282202556534,0.07468321552475835,0.09651026882618133,0.03563941299790356,0.03378415984861134,0.04701211480306487,0.07972022782508673,0.07106547188363851,0.11857850503701228,0.1224838129162724
256,7.1389228385694946e-06,2.461935590965881e-08,0.21082226562499995,150671,1,1524860622.216835,0.15016434548392021,2.916568379605085e-11,6.666536059279714e-15,0.10012877405249165,0.17271472378428956,0.047692721023522115,0.0747352720467663,0.0965064248061441,0.03561204732214821,0.0337777118981666,0.04701642563993293,0.07974726934158477,0.07111292280041875,0.11855550717521611,0.12240020010931899
257,7.1635152501339576e-06,2.45924115644633e-08,0.21108398437499998,150624,1,1525607775.3584855,0.1500734971902446,2.916566968384627e-11,6.68064826385933e-15,0.10014341892204487,0.17269488780939163,0.047670599120980796,0.0747443904695813,0.09650705528568124,0.03560490400185056,0.03377284293314828,0.0470414064307194,0.07979643765903308,0.0711265325005783,0.11852879944482997,0.12236872542216053
258,7.188095617778707e-06,2.4580367644749512e-08,0.21134960937500002,150544,1,1525220243.7856154,0.14996189732585963,2.9165657484106175e-11,6.692848003953133e-15,0.10016541756383361,0.17280128637569195,0.04766613375719658,0.07469665745626601,0.09650590050919038,0.03557863803125376,0.0337858443226659,0.0470377318387225,0.07978856123684284,0.07115727606250752,0.11846300283704983,0.12235355000877915
259,7.2126822308615e-06,2.4586613082792904e-08,0.21162890624999997,150460,1,1518848056.370798,0.14937331797416337,2.916564571661182e-11,6.7046154983141124e-15,0.10017165956033003,0.17277627037303653,0.04764937150451299,0.07469036676080255,0.0965077431382321,0.035605515255551244,0.03376894254019233,0.047012569909740294,0.0797386344758846,0.07120180150248259,0.11854661572253908,0.12233050925669564
260,7.237371994819591e-06,2.46897639580908e-08,0.211876953125,150391,1,1518937332.5338407,0.1500088168295704,2.916563345456018e-11,6.716877549946622e-15,0.10017422405766908,0.1727675814197878,0.0477226426747541,0.07465823508264119,0.09650537882209788,0.035619140679012916,0.03376628165300836,0.047012840958324496,0.07971902913874318,0.07121062674569739,0.11854610484785354,0.12229791392041002
261,7.262060307626706e-06,2.4688312807114792e-08,0.2121484375,150293,1,1521291740.1423988,0.15023250540606214,2.9165623008273326e-11,6.727323836806181e-15,0.10022095378383354,0.1728042717731541,0.047716810900386666,0.07466396612041981,0.09651077149696188,0.0356195912354999,0.033750690480574476,0.0470171239182471,0.07972749033327195,0.07120235684036089,0.118458847357761,0.12230712575952862
262,7.286710411883822e-06,2.465010425711629e-08,0.21241406249999994,150235,1,1468212621.4649887,0.14476637676290394,2.9165610714229695e-11,6.7396178804328425e-15,0.10015999117290082,0.17282724631284713,0.047693920335429775,0.07464415756372064,0.09650042296516975,0.03562102320791497,0.033754459524072244,0.047041082790834535,0.07971054470557948,0.07123285152083564,0.11845783221155616,0.122356467689139
263,7.312251671679411e-06,2.5541259795588964e-08,0.21268164062499995,150197,1,1521985761.3374302,0.15549373494202628,2.916559766478175e-11,6.752667328385395e-15,0.10014417823000561,0.17287612610544298,0.04772574912987979,0.07462371318633888,0.09652594748973764,0.035585391163803,0.033767092466917066,0.04699108298972386,0.07965617624640703,0.07123506561486964,0.11849246508040004,0.12237701229647452
264,7.336890535558826e-06,2.4638863879414506e-08,0.21294531250000004,150173,1,1522703005.7070603,0.1500706883455664,2.9165584945334036e-11,6.765386776094594e-15,0.10015775764023922,0.1729280551784863,0.04774920203984298,0.07464137652713065,0.09649814726492278,0.03558718861209965,0.033771141358183224,0.04696958579447482,0.07965843636497048,0.07123858091499431,0.11843746560516566,0.12236306269949006
265,7.3615177937040125e-06,2.462725814518704e-08,0.21320703124999996,150137,1,1522160355.8064435,0.14994654408326016,2.916557240032933e-11,6.777931780799324e-15,0.10026382807203972,0.17297227973104193,0.0477455524816328,0.07461387662373353,0.0965354244150895,0.035570986240633186,0.03374800754841428,0.04695773254429197,0.07961561715615323,0.07124274014767043,0.1183928473278247,0.12234110771147469
266,7.386153831462421e-06,2.4636037758408457e-08,0.21347851562499998,150047,1,1524691956.5367422,0.15024947444472342,2.916556303021415e-11,6.787301895988608e-15,0.10021866222632914,0.1729810340253063,0.04776717504871868,0.07461047931857898,0.09654989432850569,0.03557149522877192,0.03374168580342357,0.04696205890156541,0.0796150080969067,0.07123448092881127,0.11838866982003825,0.12235935627304417
267,7.410748963508096e-06,2.4595132045675165e-08,0.213763671875,150013,1,1523284930.4442375,0.14986157602985253,2.9165552360455415e-11,6.797971654712868e-15,0.10016720421756649,0.17298783886264582,0.04779482306504517,0.07460231893062395,0.09659469880398731,0.03556972781346222,0.03374235931546776,0.0469268230284978,0.0796641296700686,0.07125823457929407,0.11834952077261139,0.12234232094072929
268,7.435366813557373e-06,2.461785004927727e-08,0.21403906250000004,149949,1,1523577779.7925131,0.1500288372853715,2.9165543079082583e-11,6.807253027543002e-15,0.10011132605759755,0.17299339343723766,0.047833704420192,0.07458845859035661,0.09661641785596964,0.03557871299777348,0.03374457057342045,0.04689382049129467,0.0796620067890645,0.07125780194911852,0.11841624995437457,0.12230353688360039
269,7.459979931769892e-06,2.4613118212518758e-08,0.21426562500000002,149885,1,1520639918.6333811,0.14971076030399327,2.9165533360447016e-11,6.816971663111416e-15,0.10009662364179976,0.17304747320061256,0.04782870269087727,0.07458251294392183,0.0966327572376577,0.035577554145701164,0.033727120250856855,0.046917158900313574,0.07965981185736164,0.0712736089841756,0.11832749945307373,0.12232917669364837
270,7.484640602281357e-06,2.4660670511465813e-08,0.21451171874999997,149843,1,1463065652.0368361,0.14432071992609327,2.916552384450972e-11,6.8264876004130474e-15,0.10010925976509151,0.173067467904944,0.04785577711007922,0.07458799963580079,0.09665847218428482,0.03558226349813348,0.03375216243285078,0.04691796412637713,0.07961394883001002,0.07126468178093417,0.11830101065282711,0.12228899207866706
271,7.510271714561106e-06,2.5631112279748773e-08,0.214763671875,149782,1,1531569276.815176,0.15702329639305362,2.916551468161334e-11,6.8356504967943245e-15,0.10010094671650344,0.17308269445884375,0.04785420020189343,0.07460962722469283,0.09665420747733246,0.03557689684336889,0.03371256559262998,0.04690839312834784,0.07962058585472769,0.07122654807701052,0.1183441100773925,0.12230922434725672
272,7.534756405242536e-06,2.4484690681429328e-08,0.21503320312499996,149710,1,1532169647.9154053,0.15005879960273272,2.916550722312073e-11,6.8431089894033185e-15,0.10015713416351035,0.17310190105089146,0.04786688102309781,0.07461602041835835,0.096660217807933,0.03559588362989,0.03370664050791575,0.04689501076323606,0.07962069811166517,0.07121901595865464,0.11831385051363796,0.12224674605120939
273,7.559231501750955e-06,2.447509650841906e-08,0.215275390625,149688,1,1451423032.0140512,0.14209487513234445,2.9165497233491186e-11,6.853098618949035e-15,0.10010796490686893,0.17309768555901325,0.04794004772230337,0.074613730595803,0.09663312798831439,0.035610273904246925,0.03371408352310359,0.04691483474111104,0.07963999600802026,0.07125683853349181,0.11828054544959672,0.12219087106812677
274,7.585068214530663e-06,2.5836712779708018e-08,0.21553124999999995,149619,1,1533656524.5789766,0.15849857251308894,2.916548925241125e-11,6.8610796988820026e-15,0.10010693054951428,0.1730734377265478,0.047946570972886765,0.07463389879657822,0.09659997100188487,0.03563143395679281,0.033701246918950274,0.04691351312164709,0.0796451355661882,0.07132630129041612,0.118248876323039,0.12217268377555458
275,7.609519582486271e-06,2.4451367955608307e-08,0.21568359375,151859,1,1450685802.0393682,0.1418850093345654,2.91657236366361e-11,6.626695474034824e-15,0.09957439101693379,0.17285158018654348,0.04794892692203205,0.0747894593860364,0.09627818527574028,0.03555193335144435,0.033822330888345555,0.04708865344562165,0.0798243231006067,0.07127592139817078,0.11855474055963053,0.1224395544688943
276,7.63536942533114e-06,2.5849842844868718e-08,0.21598242187500005,151793,1,1564932972.3409073,0.16181308559106297,2.9165706079920366e-11,6.644252189771534e-15,0.09959939592884982,0.17281137245327038,0.047909714874799926,0.07474928334373275,0.09626253583281336,0.03558413137643218,0.03378457809970791,0.04709584655869347,0.07982239584746299,0.07133103641608565,0.11858061365671034,0.12246909561144118
277,7.65933211297514e-06,2.3962687643998942e-08,0.21633007812500005,151748,1,1565229644.4244032,0.15002843624187803,2.916569028822471e-11,6.66004388542045e-15,0.09961087386354403,0.17283159234748693,0.0479049484927005,0.07474652630438512,0.09627034786612616,0.03558111609682108,0.03378445481712877,0.047056274320383534,0.07983857133828695,0.07133377271783391,0.11858867290833416,0.1224528489269689
278,7.68329025875495e-06,2.3958145779809982e-08,0.2165859375,151657,1,1567063336.9237523,0.150175727488859,2.9165675297821874e-11,6.675034288260257e-15,0.09967355625293078,0.17272661688850416,0.04792049922447066,0.07475742163546514,0.09629188760235184,0.03561122533636331,0.033744544241243735,0.047027738700717824,0.07980738015366302,0.07133968185261336,0.11866500739458212,0.12243444071709411
279,7.707220370012363e-06,2.3930111257414106e-08,0.21690234374999995,151558,1,1593150679.8082478,0.15249709207054515,2.916566252601059e-11,6.687806099532888e-15,0.09967223152700488,0.17272678156572477,0.04793163686134673,0.07474742017396942,0.09638554216867469,0.03559529598213482,0.033767356421200496,0.04698615088155311,0.07978100743782304,0.07130765213319647,0.11867199740666703,0.1224269274407045
280,7.730758633200697e-06,2.3538263188334143e-08,0.21717382812499997,151448,1,1595828558.8385258,0.1502521304856048,2.9165649627022495e-11,6.700705087634796e-15,0.09964656048492261,0.1727087136780193,0.047898698659088246,0.07477988722311656,0.09641793997823604,0.0356047592924015,0.033752124684107807,0.0469723813549414,0.07978020199113253,0.07132643241930696,0.11866754202153011,0.12244475821319688
281,7.75425739802246e-06,2.3498764821763312e-08,0.21747460937499996,151403,1,1596206393.1214802,0.15003551455582695,2.916563497612936e-11,6.715355980771322e-15,0.09961651414047976,0.17275723638715007,0.04791328010633425,0.07480219494014208,0.09643726368918785,0.03559143937420856,0.03375932894465051,0.047006205825033454,0.07973272741968801,0.07129064995015583,0.11867405498127476,0.12241910424169487
282,7.777750600506548e-06,2.3493202484088808e-08,0.21774804687500005,151305,1,1595733777.969108,0.14995558702611309,2.916562225615925e-11,6.7280759508798854e-15,0.09962596535918986,0.17272865894678305,0.0479248701642344,0.07483383712899261,0.09641482863472871,0.03557365432741037,0.03374384457380681,0.04700996528743261,0.07971332980526878,0.07127288383398962,0.11869545328154853,0.12246270865661467
283,7.801250761070752e-06,2.3500160564205314e-08,0.2180546875,151212,1,1596445979.0431206,0.15006694735837317,2.916561037998202e-11,6.73995212810844e-15,0.09963813550213178,0.1728171688581563,0.047920174841460356,0.07481817204686324,0.0964225574146394,0.0355773709290244,0.03375909139765684,0.047033427680842683,0.07971767403532658,0.07127118340439254,0.11864497868223998,0.12238006520726596
284,7.824740437822907e-06,2.3489676752154672e-08,0.21830468749999998,151154,1,1598370851.1310608,0.15018085849253981,2.916559630520463e-11,6.7540269055008056e-15,0.09969401996922306,0.17281608989729091,0.047892137565758865,0.07485774612604229,0.09641055004831263,0.035554521704899256,0.03374727123071968,0.04703324625129728,0.07971585012346562,0.07127008553126006,0.11862541602548043,0.12238306552624986
285,7.848201826632308e-06,2.3461388809401608e-08,0.21855664062500002,151072,1,1598756200.74852,0.15003616334881104,2.916558421891774e-11,6.766113192391296e-15,0.09966845693961626,0.17277772316601284,0.047917355519611085,0.07486081446993324,0.09643345457145155,0.03556715310855131,0.03373517662934201,0.04702370845658216,0.07969544508091975,0.07130409915907812,0.11864058408772041,0.12237602881118133
286,7.871657560522467e-06,2.3455733890159682e-08,0.21877148437500005,150993,1,1660585897.6459758,0.15580104366774383,2.9165571797346654e-11,6.778534763472139e-15,0.09965985483568579,0.17281338439974644,0.04793279231504049,0.07484979153833106,0.09641910169536921,0.035559007597468106,0.033737757898777795,0.04701323977109391,0.07971538509610664,0.07131442447616752,0.1186222781691084,0.12236298220710466
287,7.894239951504566e-06,2.258239098209824e-08,0.21901562500000005,150928,1,1659210050.4271588,0.14987572032069216,2.9165560473612383e-11,6.789858497750037e-15,0.09969144610116286,0.1727991010915317,0.047950702718127985,0.07484661482485552,0.09639188128700862,0.035555040308197186,0.033771491760005705,0.04702325747306842,0.07970678461867732,0.07133302418491831,0.11862381394021546,0.12230684169223086
288,7.91684106821691e-06,2.2601116712344967e-08,0.21921679687499995,150894,1,1658659167.0663176,0.14995019768346696,2.916554739902135e-11,6.802933088772196e-15,0.09966232771140156,0.172783078965422,0.04793342777465943,0.07488484394907295,0.09641033865234008,0.035531321554896245,0.03378504797797557,0.047024652749935406,0.07970491540373666,0.07133883944083608,0.11867532675807875,0.12226587906164524
289,7.93944969134129e-06,2.2608623124379747e-08,0.21946875,150817,1,1660152452.6212122,0.15013504452131077,2.916553728217683e-11,6.8130499333031284e-15,0.09969920261996297,0.17279830556742132,0.047922896198205896,0.07485227110921258,0.09641534956571265,0.03556172575822298,0.033772960273387435,0.047024063790402956,0.07970240637904029,0.07136373344724475,0.11862807916844652,0.12225900612273956
290,7.962037978303004e-06,2.2588286961713246e-08,0.219736328125,150747,1,1660576080.3937962,0.15003827610276832,2.916552704536033e-11,6.823286749804605e-15,0.09967556997466778,0.17278343184747344,0.048006755255321984,0.07492111461712812,0.09641349273365628,0.03559841784809564,0.033758499622239015,0.047020132438558286,0.07971201279943115,0.07129460912848318,0.11856361939469358,0.12225234434025155
291,7.984620502791196e-06,2.2582524488192725e-08,0.21995312499999997,150697,1,1660322917.9842825,0.14997713181475064,2.9165515441243804e-11,6.834890866326351e-15,0.09969276124174185,0.17282624138665909,0.048030475243304685,0.07488278752575124,0.09645165873410529,0.03557220998792356,0.033751864743908504,0.04701818569297436,0.079722241954962,0.07126873623641401,0.11853555445052213,0.12224728280173333
292,8.007206470613364e-06,2.2585967822167343e-08,0.22017382812499997,150616,1,1431752029.9429913,0.1293500211104607,2.9165505972784e-11,6.844359326130086e-15,0.0996992788013732,0.17288364129904463,0.04805329595756194,0.07488756220670813,0.09638158770147877,0.035563164757959356,0.033753515067107845,0.0469710544757782,0.07970442388382759,0.0712948753204588,0.11852318391895608,0.1222844166097455
293,8.033398156894049e-06,2.6191686280684477e-08,0.22044921875,150542,1,1589338402.2913136,0.16650981130663356,2.9165494947904086e-11,6.855384206044566e-15,0.09968104899441838,0.1728714450252503,0.04805528484096749,0.07488260831044566,0.09633206343581112,0.03553645787188802,0.033773367591033936,0.04697439532205192,0.07971117214494551,0.0713209887481173,0.11854345707451051,0.12231771064055993
294,8.056992880299672e-06,2.3594723405624052e-08,0.22069531249999996,150467,1,1544068721.2266428,0.1457274975864731,2.91654850845239e-11,6.8652475862277694e-15,0.09964069524584941,0.17284682643633403,0.048081348012319024,0.07489645651173493,0.09635739318205955,0.03553223122942405,0.033744557329462986,0.04701051364650076,0.07969308648093737,0.0713299585826047,0.11856171899890262,0.12230521434387058
295,8.081279364109932e-06,2.4286483810260178e-08,0.22093359375,150380,1,1544068296.3507059,0.14999995872502975,2.91654757734803e-11,6.874558629831313e-15,0.0996923566541134,0.17285489488852349,0.04807369295779628,0.07487756148446754,0.09631535211018581,0.03556463162361427,0.03375236478721335,0.04699517318198695,0.07966017786735974,0.07135027139800915,0.11859297370887038,0.12227054933785957
296,8.10556585460302e-06,2.4286490493087995e-08,0.221205078125,150304,1,1544099575.926664,0.15000303868449658,2.916546713722743e-11,6.883194882701123e-15,0.09973776455318437,0.17286348746655839,0.048067669106545294,0.07486512974915459,0.09634724564486082,0.0355474716794547,0.03376391746205533,0.046972814042399155,0.07965070591663209,0.07131568026700337,0.11857986702808657,0.12228824708406547
297,8.129851853112859e-06,2.4285998509840294e-08,0.22145117187499996,150231,1,1545764381.6070313,0.1501617258730903,2.916545797931001e-11,6.8923528001135174e-15,0.09967984618505417,0.17287424040641008,0.04805835089916477,0.07483485178554103,0.09635483273506608,0.035552066888334226,0.033796953687942624,0.046964712523041366,0.07966802783486059,0.07135990404205214,0.11854510817318291,0.1223111048393498
298,8.154111695328278e-06,2.4259842215418153e-08,0.22173437500000004,150142,1,1549357340.6967068,0.15034865848240792,2.916545062681816e-11,6.899705291974638e-15,0.09964061729265027,0.17290007751391726,0.04806743710802621,0.07483616376576703,0.09636389260799097,0.03556831794799521,0.03382425480938623,0.04695757874709323,0.07967197519554647,0.07133922908885913,0.11856105982665069,0.12226939609611726
299,8.178315278978733e-06,2.4203583650455482e-08,0.22200195312500004,150077,1,1549169028.2740529,0.1499817686581035,2.916544143950479e-11,6.908892605336609e-15,0.09968767870496635,0.17299960409976686,0.04806228830334755,0.07484273962961334,0.0963181278317864,0.0355606387190428,0.033818677693221305,0.04696256543351076,0.07965512690801918,0.07132362644613557,0.11855892315136586,0.12221000307922403
300,8.202521804745504e-06,2.420652576677135e-08,0.22203320312499997,152713,1,1551284397.4561644,0.15020482295445206,2.916567488906679e-11,6.675443043344849e-15,0.09924261749984607,0.17280812097008297,0.047923575619496665,0.07491137481197387,0.09603187867805527,0.03551165102347798,0.0339106798849412,0.047237445131552334,0.07988142257721169,0.07121682603073513,0.11874455713795622,0.12257985063467071
