step,t,dt,f,band,band_ok,Sv,t_plate,unif,mol_bulk,mol_face,v1,v2,v3,v4,v5,v6,v7,v8,v9,v10,v11,v12
1,1.8749999999999998e-07,1.8749999999999998e-07,0.050695312500000034,62500,1,128805.72215545304,7.871593226086164e-07,104140624999999.98,2.917009975212614e-11,2.2505799839905527e-15,0.0,0.24518415780551706,0.1690938511326861,0.0,0.08448913546000925,0.0,0.07639852057327785,0.0,0.08283248574510711,0.0,0.08522114347357067,0.25678070580983203
2,2.3469589575654112e-07,4.7195895756541146e-08,0.05266992187499997,63632,1,129694.85448759765,8.122129761136614e-07,108546874999999.98,2.917005470056034e-11,2.2956315497967708e-15,0.0,0.24578188155894246,0.16805725516371864,0.0,0.08566025141840028,0.0,0.076204249638447,0.0,0.08228575666555421,0.0,0.08439945118107318,0.2576111543738644
3,2.7430272574690206e-07,3.9606829990360954e-08,0.05449804687500004,64509,1,130283.08160553343,8.366097301874901e-07,113109374999999.98,2.917004377351416e-11,2.3065585959717137e-15,0.0,0.24477654732466045,0.16718632405117728,0.0,0.08626312582876394,0.0,0.07579830125792926,0.0,0.08207002831236784,0.0,0.08447120381321005,0.2594344694118912
4,3.1390687931972496e-07,3.960415357282291e-08,0.056419921875,65382,1,130861.04779035161,8.622874847431848e-07,117015624999999.97,2.917003456733517e-11,2.3157647749662197e-15,0.0,0.24370824246200715,0.16737632845224495,0.0,0.08650950254439714,0.0,0.07633191400976218,0.0,0.08266694360785129,0.0,0.08415550247516185,0.2592515664485755
5,3.532464750935182e-07,3.933959577379325e-08,0.058449218749999976,66257,1,131459.55129008432,8.892350259285978e-07,120859374999999.98,2.9170024917267886e-11,2.325414842243527e-15,0.0,0.24219742030341507,0.16731270467152307,0.0,0.08774978279756733,0.0,0.07658891933435807,0.0,0.08353939717970994,0.0,0.08414088083940385,0.2584708948740226
6,3.9324410506220833e-07,3.999762996869013e-08,0.06044531249999996,67139,1,132057.8466021061,9.154368945924636e-07,124453124999999.97,2.917001416147847e-11,2.3361706316576754e-15,0.0,0.2410171901253716,0.16676360346387487,0.0,0.0896988496833398,0.0,0.07732325190642367,0.0,0.08394726638231872,0.0,0.08388264185084658,0.25736719658782475
7,4.314579276724703e-07,3.821382261026196e-08,0.062359374999999995,67957,1,132598.54860940567,9.405740206658134e-07,127624999999999.97,2.9170004059413414e-11,2.3462726967186775e-15,0.0,0.24019669255825607,0.16693811074918566,0.0,0.09001503382610875,0.0,0.07814457529441243,0.0,0.08506639939864695,0.0,0.08381358055625157,0.2558256076171386
8,4.6928515302350853e-07,3.7827225351038234e-08,0.06423632812500002,68781,1,133176.85707129366,9.64677039804481e-07,130609374999999.97,2.916999342380523e-11,2.3569083048969836e-15,0.0,0.2396850010641856,0.16780686551734622,0.0,0.08966523761744048,0.0,0.07902338167776461,0.0,0.08577335887378758,0.0,0.08388823010733072,0.2541579251421448
9,5.069339131828037e-07,3.764876015929516e-08,0.06592187500000002,69640,1,133829.50899348815,9.85162024366504e-07,133609374999999.97,2.9169980399521595e-11,2.3699325885408138e-15,0.0,0.23954136051196964,0.16799004503436832,0.0,0.08977245792841904,0.0,0.07919530694477364,0.0,0.08586157857312159,0.0,0.08429130125622183,0.2533479497511258
10,5.489508202316296e-07,4.2016907048825816e-08,0.06779687499999998,70605,1,134600.45765914788,1.0073795613932265e-06,136593749999999.97,2.9169968129868735e-11,2.3822022413954598e-15,0.0,0.23856303295690254,0.1697683798110164,0.0,0.09042982253975572,0.0,0.07896404701544137,0.0,0.08593569946992397,0.0,0.08449527540908044,0.25184374279787974
11,5.912128802303884e-07,4.226205999875877e-08,0.06960742187500002,71506,1,135222.68461471808,1.0295228507454692e-06,139343749999999.97,2.9169956647642316e-11,2.3936844678183648e-15,0.0,0.23766098936558264,0.17093633379163276,0.0,0.09085552344341873,0.0,0.0791829175902803,0.0,0.08600129072083952,0.0,0.08513145711159123,0.2502314879766548
12,6.289062981968937e-07,3.76934179665053e-08,0.07115039062499995,72370,1,135913.79982299713,1.0469928839847067e-06,141890624999999.97,2.916994208553151e-11,2.408246578622761e-15,0.0,0.2371187789947569,0.1724999313733564,0.0,0.09091657745202997,0.0,0.07919514672376403,0.0,0.08600290976968897,0.0,0.08498723544428889,0.24927942024211477
13,6.686742755058735e-07,3.976797730897982e-08,0.07286523437500003,73304,1,136722.19292075266,1.0658874439972508e-06,144859374999999.97,2.916992915157967e-11,2.4211805304555265e-15,0.0,0.23732811536708928,0.1731578524137561,0.0,0.09022435467874661,0.0,0.07904682767309083,0.0,0.08660573082799473,0.0,0.0851314766665773,0.24850564237274506
14,7.064729196707409e-07,3.779864416486741e-08,0.07428320312500003,74141,1,137370.67917462403,1.0815001217337227e-06,147484374999999.97,2.91699153887213e-11,2.434943388833734e-15,0.0,0.2374516866931349,0.1734020455919859,0.0,0.09042147608655642,0.0,0.07914179791233929,0.0,0.0865301185812321,0.0,0.08487366234585755,0.24817921278889388
15,7.428920088242455e-07,3.641908915350454e-08,0.07577148437500003,74960,1,138014.87743531496,1.0980190800156706e-06,150249999999999.97,2.916990440817906e-11,2.445923931066152e-15,0.0,0.23716973836834643,0.17277999742234823,0.0,0.09148086093568758,0.0,0.07895347338574557,0.0,0.08681531125144992,0.0,0.08493362546719938,0.2478669931692228
16,7.825980955112551e-07,3.970608668700962e-08,0.07757421875000003,75855,1,138725.391862325,1.1183852892192497e-06,153828124999999.97,2.91698942350106e-11,2.4560970995331067e-15,0.0,0.23601389798076433,0.1725414169897779,0.0,0.09245178508484816,0.0,0.07905735434815449,0.0,0.0868372022760461,0.0,0.08522584218742131,0.2478725011329875
17,8.193203746579515e-07,3.672227914669643e-08,0.07930859374999999,76718,1,139505.8370025051,1.1369931961854161e-06,157249999999999.97,2.916987991832183e-11,2.4704137883029306e-15,0.0,0.2354578141161405,0.17258533221691377,0.0,0.09340984091021033,0.0,0.0792739989164163,0.0,0.08639117371816973,0.0,0.08503669408461804,0.24784514603753144
18,8.498144329991585e-07,3.0494058341206974e-08,0.08064843749999995,77419,1,140073.06290287233,1.151519583118164e-06,159593749999999.97,2.91698666219456e-11,2.4837101645329792e-15,0.0,0.23474280732345248,0.17255158384190644,0.0,0.0943039814007556,0.0,0.07919209532112757,0.0,0.08662694953017534,0.0,0.08522231909328684,0.24736026348929577
19,8.799210825774566e-07,3.01066495782981e-08,0.08192578125000005,78091,1,140602.62188647222,1.1653521129378366e-06,161609374999999.97,2.916985685046799e-11,2.4934816421421653e-15,0.0,0.23439660515901398,0.17281743193629906,0.0,0.09457397606446383,0.0,0.07960234587326563,0.0,0.08663519763505459,0.0,0.08539550851094264,0.2465789348209603
20,9.100549213248943e-07,3.0133838747437746e-08,0.08324218750000001,78725,1,141058.30564899903,1.1802521959555483e-06,164078124999999.97,2.9169849188107254e-11,2.501144002882619e-15,0.0,0.23399812294697322,0.17280619427498825,0.0,0.09479117785077427,0.0,0.07984514312529328,0.0,0.08686062881276396,0.0,0.08531206006569686,0.24638667292351007
21,9.40115717709771e-07,3.006079638487662e-08,0.08456054687500003,79385,1,141513.41448347247,1.1950887791612995e-06,166406249999999.97,2.916984089909645e-11,2.5094330136821866e-15,0.0,0.23367594410440007,0.1732763598567964,0.0,0.09546136967317241,0.0,0.07961658390114332,0.0,0.08693844554798476,0.0,0.08504446240905417,0.2459868345074489
22,9.768201833625366e-07,3.670446565276567e-08,0.08629296875000003,80161,1,142099.69332600883,1.214541238340669e-06,169343749999999.97,2.9169833885799595e-11,2.516446310541821e-15,0.0,0.23353401837852517,0.17330587116925444,0.0,0.09603458421981802,0.0,0.07960255307591327,0.0,0.08720746005160471,0.0,0.08501199583540807,0.24530351726947622
23,1.0142994436247065e-06,3.74792602621698e-08,0.08788671874999998,80925,1,142624.9548165118,1.2324171301307962e-06,171781249999999.97,2.916982354467056e-11,2.526787439575941e-15,0.0,0.2330103560158229,0.17360771589848434,0.0,0.09602649006622517,0.0,0.08004800213342815,0.0,0.08760389350637807,0.0,0.08538157251433397,0.2443219698653273
24,1.0441012278655218e-06,2.9801784240815386e-08,0.08917578125000003,81556,1,143133.5392072044,1.2460501115801587e-06,173937499999999.97,2.916981213522749e-11,2.5381968826489364e-15,0.0,0.2325550834464935,0.17383591046475974,0.0,0.0956677909676289,0.0,0.08044592404397916,0.0,0.08787069078803278,0.0,0.08581190590915064,0.24381269437995534
25,1.0810898969726114e-06,3.6988669107089566e-08,0.09104687499999997,66529,1,163979.87457297536,1.1104640156250604e-06,177999999999999.97,2.916944315846996e-11,2.9071736401701332e-15,0.0,0.23058606487043073,0.17412476402951774,0.0,0.09573966020250557,0.0,0.0801441565127853,0.0,0.08833876780504547,0.0,0.08668697442938046,0.24437961215033466
26,1.1110178759452896e-06,2.992797897267825e-08,0.09262695312500002,66338,1,164313.0984854951,1.1274445431162842e-06,180859374999999.97,2.916943744032757e-11,2.91289178255697e-15,0.0,0.23061676331049027,0.17408539799683712,0.0,0.09591987348444914,0.0,0.08010542962572484,0.0,0.08864522930943596,0.0,0.08655772272008434,0.24406958355297842
27,1.1488127882738097e-06,3.779491232851999e-08,0.094412109375,66119,1,164854.8972809618,1.1453964781415462e-06,184468749999999.97,2.916942973077379e-11,2.920601336342284e-15,0.0,0.22989718446802787,0.17445540867622417,0.0,0.09613355675541488,0.0,0.08012164091106559,0.0,0.08876890295620514,0.0,0.0863898715323031,0.2442334347007592
28,1.186305318308775e-06,3.749253003496546e-08,0.09621679687499995,65988,1,165645.87939831289,1.1617167565470986e-06,187499999999999.94,2.916941603699089e-11,2.934295119239742e-15,0.0,0.22958406917970886,0.17465440594360876,0.0,0.09672573736881633,0.0,0.08026307776627488,0.0,0.0887684469074153,0.0,0.08641373850557213,0.24359052432860356
29,1.2238648449571932e-06,3.7559526648418135e-08,0.09795898437499995,65902,1,166588.98092576096,1.176055989185198e-06,190578124999999.97,2.916939892985832e-11,2.9514022518128045e-15,0.0,0.22946864719369953,0.1746784966603529,0.0,0.09729837503738412,0.0,0.080370850363872,0.0,0.08880470541321901,0.0,0.08619280231283022,0.2431861230186422
30,1.2616457985412257e-06,3.778095358403245e-08,0.09978710937500002,65690,1,167287.82626766776,1.192999055595789e-06,194078124999999.97,2.9169387571652885e-11,2.962760457245195e-15,0.0,0.22874870329412225,0.17464915542854906,0.0,0.09807989665498816,0.0,0.08022939460961813,0.0,0.08882190601084339,0.0,0.08635571822825937,0.2431152257736196
31,1.299236307987256e-06,3.7590509446030174e-08,0.10169726562500003,65355,1,167764.45374613936,1.212381566584874e-06,197562499999999.94,2.9169380130803174e-11,2.9702013069579936e-15,0.0,0.2282164051546986,0.17471048032418524,0.0,0.09877278226968063,0.0,0.08025888724577004,0.0,0.0887284180606503,0.0,0.08648139968119227,0.242831627263823
32,1.3292706097138683e-06,3.003430172661236e-08,0.10314648437499996,65115,1,168256.08369472832,1.2260654368033608e-06,200015624999999.94,2.9169367475982444e-11,2.982856127690371e-15,0.0,0.22830470924617977,0.17492567836246237,0.0,0.09907026945144003,0.0,0.08024843309159077,0.0,0.08859896612448165,0.0,0.08645926038135994,0.24239268334248545
33,1.3594472770183924e-06,3.017666730452422e-08,0.10458007812500003,64876,1,168756.09543667737,1.239422823269122e-06,202515624999999.97,2.916935858415963e-11,2.991747950497769e-15,0.0,0.2282566065925857,0.17465683070314691,0.0,0.0991315715753105,0.0,0.08045569147446074,0.0,0.08876645811933889,0.0,0.08667475954804371,0.24205808198711368
34,1.3897909710752e-06,3.034369405680768e-08,0.10612890625000004,64649,1,169337.8380267508,1.2534576735677296e-06,205062499999999.94,2.9169349487788265e-11,3.000844321863045e-15,0.0,0.2285325186793772,0.17472118959107807,0.0,0.09906511097206375,0.0,0.08031212043137399,0.0,0.08912731421841069,0.0,0.08671647833928374,0.24152526776841252
35,1.4200480813659862e-06,3.025711029078618e-08,0.10772656250000001,64358,1,169837.7087279283,1.2685823814612655e-06,208312499999999.97,2.916934124039152e-11,3.009091718613765e-15,0.0,0.2279715715425339,0.17497643048807018,0.0,0.09913699325549351,0.0,0.08035390528682282,0.0,0.08898397273188773,0.0,0.0868627166582058,0.241714410036986
36,1.4501468665894458e-06,3.0098785223459585e-08,0.10943554687500001,64121,1,170491.4675556611,1.2837656739540013e-06,211171874999999.97,2.9169330760775996e-11,3.0195713341302683e-15,0.0,0.22726704859809746,0.17511734575502846,0.0,0.09980189537934357,0.0,0.08050900394424514,0.0,0.08914707929539004,0.0,0.08695186593135942,0.24120576109653583
37,1.480014654721988e-06,2.986778813254221e-08,0.11104882812500005,63891,1,171098.47421287475,1.29806918075537e-06,214296874999999.97,2.916931921691558e-11,3.0311151945507914e-15,0.0,0.22676187628612132,0.17558084316794764,0.0,0.10007562833072445,0.0,0.08039467435847829,0.0,0.08890725856095116,0.0,0.08706052025256344,0.24121919904321368
38,1.5098993400137083e-06,2.9884685291720134e-08,0.11269531249999998,63575,1,171524.49263950216,1.3140433854756227e-06,216953124999999.97,2.916931211733348e-11,3.0382147766465366e-15,0.0,0.2263084922010399,0.17611785095320628,0.0,0.10034662045060659,0.0,0.08025996533795496,0.0,0.08918544194107454,0.0,0.08714038128249568,0.24064124783362223
39,1.5396337963691442e-06,2.9734456355436015e-08,0.11433398437499998,63314,1,172089.3528211111,1.3287746452722325e-06,219906249999999.94,2.9169302167983515e-11,3.0481641266157542e-15,0.0,0.2259860947402586,0.17622439741027346,0.0,0.10078750918191291,0.0,0.08030543740070721,0.0,0.08923965219768018,0.0,0.08703599309861801,0.24042091597054951
40,1.569371996863345e-06,2.9738200494200614e-08,0.11597460937500004,63002,1,172598.59126002798,1.3438650747766391e-06,223046874999999.94,2.9169293533473554e-11,3.0567986365746982e-15,0.0,0.22578689435659074,0.17613971269303966,0.0,0.10094477845703027,0.0,0.08017986156722073,0.0,0.08954344128395562,0.0,0.08700045470620928,0.24040485693595381
41,1.5994073418905075e-06,3.003534502716267e-08,0.11751367187499995,62692,1,173113.6755853877,1.3576474703991452e-06,225968749999999.97,2.9169283261137366e-11,3.06707097275934e-15,0.0,0.22548905546229658,0.1761763092725248,0.0,0.10110193295328004,0.0,0.08037628600395566,0.0,0.08950088919174963,0.0,0.0869912078049429,0.24036431931125035
42,1.6292741383905972e-06,2.986679650008972e-08,0.11911914062499995,62323,1,173529.62444425008,1.3728968872778192e-06,228687499999999.97,2.9169276985383264e-11,3.0733467268726484e-15,0.0,0.2251553558838479,0.1761629146239486,0.0,0.1015101083801997,0.0,0.08053911361065111,0.0,0.08954073685418683,0.0,0.08711406975028284,0.23997770089688306
43,1.6593618712673746e-06,3.008773287677737e-08,0.12066015625000004,62021,1,174125.3407919871,1.3859000154853114e-06,231578124999999.94,2.916926586917489e-11,3.084462935240078e-15,0.0,0.22495062967399396,0.17603353944769984,0.0,0.10204279840719996,0.0,0.08051409887014795,0.0,0.08956262747256304,0.0,0.08698889572339667,0.2399074104049985
44,1.689356408620354e-06,2.9994537352979295e-08,0.12216210937500005,61632,1,174557.68040522945,1.3996761310233392e-06,234015624999999.94,2.9169258101554605e-11,3.0922305555276427e-15,0.0,0.22479095720018547,0.1760755911554511,0.0,0.10208323340847683,0.0,0.08053144035685166,0.0,0.08988440692599166,0.0,0.08718243880601788,0.23945193214702543
45,1.7193454010826425e-06,2.998899246228868e-08,0.12370117187499996,61208,1,174825.56107402348,1.4151382797235608e-06,236781249999999.97,2.916925378210505e-11,3.096550005081389e-15,0.0,0.2248361885213547,0.17574800663140444,0.0,0.10228151890739717,0.0,0.08069787637167444,0.0,0.09001342069945528,0.0,0.0871556011683903,0.2392673877003237
46,1.7501167338340642e-06,3.077133275142174e-08,0.12526953124999995,60718,1,175077.2406318546,1.4310201691310832e-06,239468749999999.94,2.916925021852216e-11,3.1001135879698952e-15,0.0,0.22431319966322616,0.17593314415790948,0.0,0.10268483582275717,0.0,0.08066980573139168,0.0,0.08997786023885995,0.0,0.08746764788424957,0.23895350650160588
47,1.7809007170743893e-06,3.0783983240325e-08,0.12682226562499999,60279,1,175355.17739148583,1.4464616045167046e-06,242265624999999.97,2.9169244839066633e-11,3.1054930435024897e-15,0.0,0.22383071781682656,0.1763356074723176,0.0,0.10290607241310273,0.0,0.08068316572467003,0.0,0.08995426054548535,0.0,0.08750558267752914,0.23878459335006852
48,1.8116768592689291e-06,3.0776142194539866e-08,0.12834765625,59835,1,175545.71153324904,1.4622704836134998e-06,245015624999999.97,2.916924137089316e-11,3.1089612169769585e-15,0.0,0.2232857534163192,0.17647685424719237,0.0,0.10312870925525763,0.0,0.08083513406580028,0.0,0.09011778312079619,0.0,0.0875308153513711,0.23862495054326324
49,1.8423339446380176e-06,3.065708536908853e-08,0.12983984375000002,59337,1,175557.05285161786,1.4791754776123022e-06,248078124999999.94,2.916924144552491e-11,3.1088865852249127e-15,0.0,0.22279551129697042,0.1764343090947381,0.0,0.10350792743464003,0.0,0.0808688588706038,0.0,0.09012003971238605,0.0,0.08744246216793526,0.23883089142272632
50,1.8733728190815408e-06,3.1038874443523144e-08,0.132859375,68123,1,170453.84188077453,1.5588897678578543e-06,253140624999999.97,2.916932801975501e-11,3.0223123551189535e-15,0.0,0.22277431494766559,0.17609961190168177,0.0,0.1035810890274021,0.0,0.08092731976949313,0.0,0.09098259437845467,0.0,0.08746912854286723,0.23816594143243566
51,1.9043167058659284e-06,3.094388678438769e-08,0.13471289062500003,67540,1,170990.69525735072,1.5756751023469372e-06,256656249999999.94,2.916932092949413e-11,3.029402615997138e-15,0.0,0.2222608846940107,0.1761848839400925,0.0,0.10406970843663461,0.0,0.08100271120583416,0.0,0.09126759746567496,0.0,0.08706305365867803,0.23815116059907496
52,1.9363038289252826e-06,3.1987123059354335e-08,0.13619140625000004,67049,1,171855.31073724164,1.5849542928380028e-06,259218749999999.97,2.916930269655212e-11,3.0476355580128933e-15,0.0,0.2218700702710455,0.176150867632296,0.0,0.1046464936182418,0.0,0.0810698408145705,0.0,0.09130933601032555,0.0,0.08703570916391798,0.2379176824896028
53,1.9706910923768428e-06,3.4387263451560355e-08,0.13771679687500005,66434,1,172610.98394253454,1.595689842320215e-06,262421874999999.97,2.916928997948496e-11,3.060352625172723e-15,0.0,0.22084497454297908,0.17610018295017799,0.0,0.10511835032831758,0.0,0.08134900937442385,0.0,0.09158854646792698,0.0,0.08680915034533619,0.23818978599083834
54,2.0033680337455103e-06,3.26769413686675e-08,0.13914062500000002,65850,1,173348.167270899,1.6053313650851432e-06,264921874999999.97,2.9169276231419005e-11,3.0741006911221182e-15,0.0,0.22022740033688937,0.1761650758001123,0.0,0.10578326782706345,0.0,0.08137282425603592,0.0,0.09174620999438517,0.0,0.08670690623245367,0.23799831555306009
55,2.0377301125809574e-06,3.4362078835447024e-08,0.14060937500000004,65208,1,174104.45029798517,1.6152301076663202e-06,267437499999999.94,2.9169263503996645e-11,3.0868281134803203e-15,0.0,0.21952439159906656,0.17635292810312256,0.0,0.10640071119013222,0.0,0.08181464607178575,0.0,0.0916629625513946,0.0,0.08649572174686077,0.2377486387376375
56,2.067388912564171e-06,2.965879998321328e-08,0.14202148437499995,64694,1,174905.1622213956,1.6239827638160687e-06,270046874999999.97,2.9169248942497125e-11,3.101389613005071e-15,0.0,0.21886818400605101,0.1765660455201815,0.0,0.10673176098466616,0.0,0.08197758371725229,0.0,0.09182424534140136,0.0,0.08635082170116207,0.23768135872928556
57,2.097177114237834e-06,2.9788201673662978e-08,0.14323632812499998,64118,1,175586.1070185119,1.6315223403170354e-06,272406249999999.94,2.9169235242737184e-11,3.115089372943862e-15,0.0,0.2183481735004159,0.17675934385098926,0.0,0.10708100958588435,0.0,0.08193681225029659,0.0,0.09193176704801125,0.0,0.08621841635190969,0.237724477412493
58,2.1270641049951872e-06,2.9886990757353425e-08,0.14453320312499995,63477,1,176134.82052359794,1.6411655877621982e-06,274781249999999.94,2.916922664425908e-11,3.1236878510542547e-15,0.0,0.21775381413764683,0.17702463480223243,0.0,0.10721476736800854,0.0,0.08212051188497453,0.0,0.09207983675896272,0.0,0.08616099782435374,0.23764543722382134
59,2.1571920498534837e-06,3.012794485829659e-08,0.145916015625,62867,1,176809.63296227407,1.6505437309078532e-06,277265624999999.94,2.916921573033705e-11,3.1346017730856276e-15,0.0,0.21728305826607233,0.17689970418557335,0.0,0.10755062977686758,0.0,0.08218554658742588,0.0,0.09239850620407179,0.0,0.0861609712350587,0.23752158374493032
60,2.1874285145904822e-06,3.0236464736998546e-08,0.14737109375000002,62308,1,177632.5443205142,1.659280334172195e-06,280187499999999.97,2.916920193362192e-11,3.148398488205148e-15,0.0,0.21652927611524903,0.17679645876958147,0.0,0.10790680414557215,0.0,0.08218252180136243,0.0,0.09269223632941925,0.0,0.0862379728046227,0.23765473003419305
61,2.217609767656923e-06,3.018125306644071e-08,0.148865234375,61638,1,178118.0431132029,1.6715345820455563e-06,283078124999999.94,2.91691939701358e-11,3.156361974327091e-15,0.0,0.21615345255120114,0.17668822734488776,0.0,0.10855560949369579,0.0,0.08210551174903895,0.0,0.09274590325246986,0.0,0.08605465828730369,0.23769663732140278
62,2.245640501759208e-06,2.8030734102285246e-08,0.15030468750000003,61022,1,178529.01375136498,1.683812444170306e-06,285593749999999.94,2.916918637744401e-11,3.1639546661208148e-15,0.0,0.2156167160455325,0.17712718956286708,0.0,0.10898435469619001,0.0,0.08212485056395863,0.0,0.09291023441966839,0.0,0.08572430999532199,0.23751234471646135
63,2.2739893521043545e-06,2.8348850345146447e-08,0.15175585937500002,60377,1,178848.3333852165,1.697034090310892e-06,288265624999999.94,2.91691810779622e-11,3.1692541479334235e-15,0.0,0.21497059164210605,0.17709365628901272,0.0,0.109589570007336,0.0,0.08229192138894967,0.0,0.09319296258639108,0.0,0.08541937476672802,0.23744192331947642
64,2.3022203198024056e-06,2.8230967698050862e-08,0.15305078125000005,59710,1,179018.9321871751,1.7098837467087138e-06,290609374999999.94,2.9169176636771194e-11,3.1736953389415856e-15,0.0,0.21426201475204817,0.17727980398662618,0.0,0.11004058089380056,0.0,0.08250172277379342,0.0,0.09338710089073786,0.0,0.08518159311911386,0.23734718358387996
65,2.3303342916358375e-06,2.8113971833431997e-08,0.154390625,59118,1,179292.87829429354,1.7222170391685198e-06,292953124999999.94,2.9169172246022114e-11,3.178086088015622e-15,0.0,0.2134778868535573,0.17762625240360286,0.0,0.11050247950612285,0.0,0.0826586377896974,0.0,0.09356340451371319,0.0,0.08498633741524136,0.237185001518065
66,2.358504093122621e-06,2.8169801486783683e-08,0.15566601562500004,58441,1,179241.69325102927,1.7369398023593616e-06,295203124999999.94,2.9169172991990554e-11,3.1773401195803087e-15,0.0,0.2129960728221729,0.177689113060062,0.0,0.11086435552878886,0.0,0.08283459429618198,0.0,0.09356218868019223,0.0,0.08500520696101681,0.23704846865158533
67,2.3866311563727543e-06,2.8127063250133168e-08,0.1569921875,57732,1,179041.52704897008,1.7536958055218182e-06,297749999999999.94,2.9169177233832506e-11,3.173098277630967e-15,0.0,0.2124782284150286,0.17754416521522767,0.0,0.1110475242597661,0.0,0.08303060462801691,0.0,0.0939288380194078,0.0,0.08489674048270714,0.2370738989798457
68,2.415180878672228e-06,2.854972229947353e-08,0.15824609374999998,57076,1,178992.62085943198,1.7681856714559776e-06,299984374999999.94,2.916917774464607e-11,3.172587464067669e-15,0.0,0.21206585865567376,0.17764310927896126,0.0,0.11140184147515489,0.0,0.08307620152551158,0.0,0.0940115030485547,0.0,0.08484115425440003,0.2369603317617437
69,2.4401905691234838e-06,2.5009690451255946e-08,0.15934375,56502,1,178862.28306876414,1.781747915391864e-06,301999999999999.94,2.916917853484077e-11,3.1717972693573313e-15,0.0,0.21161011963130025,0.1776328691900373,0.0,0.11172533830162777,0.0,0.0831413022161208,0.0,0.09420964895077466,0.0,0.0847715238282016,0.23690919788193765
70,2.4652987825019665e-06,2.510821337848278e-08,0.16054882812500004,55939,1,178685.02227302364,1.7970037564725239e-06,304406249999999.94,2.916918300246058e-11,3.1673296495544634e-15,0.0,0.21114098368632986,0.17763774163331347,0.0,0.11210325908443936,0.0,0.08328365834965511,0.0,0.0942202649602803,0.0,0.08460967628131044,0.23700441600467148
71,2.4903199159866774e-06,2.502113348471071e-08,0.16173046874999997,55386,1,178437.81625088386,1.812737592827371e-06,306781249999999.94,2.9169187273222885e-11,3.163058887247666e-15,0.0,0.21068521604714635,0.17784943120063762,0.0,0.1122744728642852,0.0,0.08326691302562617,0.0,0.09442552472043088,0.0,0.0843900200468565,0.23710842209501726
72,2.5151809940425125e-06,2.48610780558353e-08,0.16290234375,54750,1,177876.68578627968,1.8316323247188058e-06,309062499999999.94,2.91691976493227e-11,3.1526827874357024e-15,0.0,0.21018871544013618,0.17782893317027548,0.0,0.11273769273193773,0.0,0.08339927583147494,0.0,0.09442965733880054,0.0,0.08426252307987434,0.23715320240750062
73,2.5403739308778852e-06,2.519293683537281e-08,0.1641328125,54102,1,177291.56154496266,1.8515580896203514e-06,311218749999999.94,2.91692087681017e-11,3.1415640084294254e-15,0.0,0.20974344328621067,0.17788804797943739,0.0,0.1132133847398734,0.0,0.08345232995382931,0.0,0.09457851397020324,0.0,0.08410681136655719,0.23701746870388882
74,2.565555569248249e-06,2.518163837036387e-08,0.16526171874999995,53552,1,176896.67611939638,1.8684547655203718e-06,313374999999999.94,2.916921486474673e-11,3.1354673633976154e-15,0.0,0.2092679698395065,0.17785472853192144,0.0,0.11353913064031958,0.0,0.08359136785874678,0.0,0.09473609568156571,0.0,0.08398137424066941,0.23702933320727068
75,2.590783107245421e-06,2.52275379971722e-08,0.16852148437500003,70785,1,178786.3664077099,1.8851715347321114e-06,318062499999999.94,2.916917613001597e-11,3.1742020941658283e-15,0.0,0.20958937450019122,0.1775668439901255,0.0,0.11368403972972659,0.0,0.08371289825342187,0.0,0.09527948726863925,0.0,0.08424602760682869,0.23592132865106685
76,2.615960364433686e-06,2.5177257188265232e-08,0.17008984375000002,70197,1,179475.83893986943,1.8954065879250294e-06,321140624999999.94,2.916916768782068e-11,3.182644289451261e-15,0.0,0.20891991824173803,0.17787015134464781,0.0,0.11405966515857888,0.0,0.0836414578692327,0.0,0.09546884688698527,0.0,0.08403187653583813,0.2360080839629791
77,2.6457622312182313e-06,2.9801866784545316e-08,0.17151171875000004,69407,1,180106.21541718525,1.9045619092347532e-06,323968749999999.94,2.916915554030691e-11,3.1947918032193544e-15,0.0,0.20833807821076367,0.17781902657890541,0.0,0.1144578313253012,0.0,0.0839160042817774,0.0,0.09552007652538319,0.0,0.08383629034094792,0.2361126927369212
78,2.6755513153228427e-06,2.9789084104611613e-08,0.1728515625,68590,1,180737.04902742515,1.9127407848046847e-06,326281249999999.94,2.9169143965574344e-11,3.206366535783362e-15,0.0,0.20781920903954798,0.17776271186440676,0.0,0.11483615819209038,0.0,0.08394350282485875,0.0,0.095909604519774,0.0,0.08377401129943501,0.235954802259887
79,2.705539819251482e-06,2.9988503928639306e-08,0.17427539062499997,67836,1,181584.6969174066,1.9194942479571256e-06,328921874999999.94,2.9169129850260395e-11,3.2204818497365136e-15,0.0,0.20711876183751918,0.17794663170045613,0.0,0.11525400934673705,0.0,0.08401976935749587,0.0,0.09606742202647121,0.0,0.08367234867587892,0.23592105705544159
80,2.7355136638553254e-06,2.997384460384373e-08,0.175583984375,67118,1,182622.64660779652,1.9229157789185603e-06,331468749999999.94,2.916911085943158e-11,3.2394726785541036e-15,0.0,0.2066875048665725,0.17796638449815907,0.0,0.11578549260837163,0.0,0.0840053838196198,0.0,0.09611897796415979,0.0,0.08346032770108679,0.23597592854203053
81,2.7649626380500766e-06,2.9448974194751046e-08,0.17677539062500003,66391,1,183604.22225580795,1.9256135665410395e-06,333859374999999.94,2.916909264890621e-11,3.2576832039266576e-15,0.0,0.20609000209923878,0.17777237622777847,0.0,0.11630887536046142,0.0,0.08410213348948725,0.0,0.09624457236296943,0.0,0.08340607011457425,0.23607597034549055
82,2.792848051162223e-06,2.7885413112146243e-08,0.177908203125,65699,1,184540.77922706198,1.928118043829205e-06,336109374999999.94,2.916907546232615e-11,3.2748697839819544e-15,0.0,0.2055352457486634,0.17778216908737607,0.0,0.11655633501300924,0.0,0.08426923119147207,0.0,0.09632337603881917,0.0,0.08337999099781532,0.23615365192284468
83,2.8206848068076735e-06,2.78367556454504e-08,0.179072265625,64985,1,185399.84384473975,1.9317412777862026e-06,338078124999999.94,2.916906078805017e-11,3.289544059963106e-15,0.0,0.20495173692534221,0.1777826252931232,0.0,0.11695479086000982,0.0,0.08441947974041555,0.0,0.09646070785842832,0.0,0.08343785788296887,0.23599280143971205
84,2.8485734434566745e-06,2.7888636649001116e-08,0.18027343750000002,64240,1,186250.45736096197,1.9358173940010443e-06,340328124999999.94,2.916904640713951e-11,3.3039249706197687e-15,0.0,0.20435536294691226,0.17787648970747563,0.0,0.11717226435536296,0.0,0.08445287107258938,0.0,0.0966955579631636,0.0,0.08346695557963164,0.23598049837486457
85,2.8764769013234123e-06,2.790345786673771e-08,0.181626953125,63493,1,187155.83810320531,1.940916777865551e-06,342999999999999.94,2.9169031946369355e-11,3.3183857407785594e-15,0.0,0.20377877904788533,0.17794887787252806,0.0,0.11750346800296797,0.0,0.0846837934038046,0.0,0.09673846418547634,0.0,0.08328583871904338,0.2360607787682944
86,2.9043394404312065e-06,2.78625391077942e-08,0.18298828125,62709,1,187828.36716316605,1.94846267380942e-06,345718749999999.94,2.916902046066355e-11,3.329871446584452e-15,0.0,0.20323406980467495,0.17774575728466213,0.0,0.11792080264702741,0.0,0.08489700074714483,0.0,0.09694737965631335,0.0,0.08309317963496636,0.23616181022521077
87,2.9322630977302654e-06,2.7923657299058735e-08,0.18429101562500005,61864,1,188357.83736460021,1.9568181308885163e-06,347953124999999.94,2.9169010784587136e-11,3.3395475230022406e-15,0.0,0.20275125321915705,0.17803660565723797,0.0,0.11821062560276399,0.0,0.08492215733861823,0.0,0.0970993143063048,0.0,0.08297211653613405,0.23600792733978404
88,2.960112536029365e-06,2.7849438299099722e-08,0.18555468750000004,60949,1,188522.71136074807,1.968512824377233e-06,350359374999999.94,2.916900779531125e-11,3.3425367988779616e-15,0.0,0.20224411603721948,0.17793987621573829,0.0,0.1187002652519894,0.0,0.08498589533072291,0.0,0.09729064039408866,0.0,0.08281756557618628,0.236021641194055
89,2.987942113978018e-06,2.782957794865315e-08,0.18689843750000001,60065,1,188645.8860197907,1.9814737701769193e-06,353031249999999.94,2.9169006691337674e-11,3.343640772454763e-15,0.0,0.20159469966141372,0.177977260377043,0.0,0.1190799648873469,0.0,0.08515863395059148,0.0,0.0974167119508423,0.0,0.08266103749529742,0.2361116916774652
90,3.015402916913778e-06,2.7460802935759566e-08,0.18814257812500002,59220,1,188731.32562345077,1.9937609986417897e-06,355421874999999.94,2.916900439579172e-11,3.3459363184097925e-15,0.0,0.20106094737825575,0.17824331198289195,0.0,0.11941367604771148,0.0,0.0852079851342794,0.0,0.09746805219611954,0.0,0.08246737742528211,0.2361386498354597
91,3.0429271875918187e-06,2.7524270678040718e-08,0.18937499999999996,58375,1,188759.31365303867,2.006523506946979e-06,357593749999999.94,2.916900482247012e-11,3.345509640016079e-15,0.0,0.2004744224422442,0.17834158415841583,0.0,0.11979166666666664,0.0,0.08525165016501648,0.0,0.09775165016501648,0.0,0.08235354785478546,0.23603547854785478
92,3.0705225864794813e-06,2.7595398887662703e-08,0.19065624999999997,57464,1,188453.21172500207,2.0233802146944853e-06,360234374999999.94,2.916901061935261e-11,3.339712757520493e-15,0.0,0.1998955089329618,0.17839288641206358,0.0,0.12001106376003934,0.0,0.0854675463038846,0.0,0.09784256679232912,0.0,0.08220988362563514,0.23618054417308637
93,3.0980403438244207e-06,2.7517757344939623e-08,0.19191992187499995,56611,1,188284.54041565108,2.0386158252963683e-06,362359374999999.94,2.9169013897340256e-11,3.3364347698759828e-15,0.0,0.19950540895352273,0.1783784333879487,0.0,0.12034031120564201,0.0,0.08559681670618646,0.0,0.09804300703214842,0.0,0.08212653796444237,0.2360094847501094
94,3.1241510893121795e-06,2.6110745487758926e-08,0.19314648437500004,55863,1,188108.68228289814,2.0535626748426797e-06,364734374999999.94,2.916901659018176e-11,3.333741928365191e-15,0.0,0.1989362024855649,0.17849956012175022,0.0,0.12069854688495413,0.0,0.08571052977520704,0.0,0.09814846649341194,0.0,0.0819589244723989,0.23604776976671285
95,3.1503569271292505e-06,2.6205837817071136e-08,0.19441406250000004,55115,1,187835.31603805814,2.0700480250541272e-06,366921874999999.94,2.916902255198438e-11,3.327780125752032e-15,0.0,0.19838255977496486,0.17858147478400643,0.0,0.12108700020092426,0.0,0.08580470162748643,0.0,0.09844283705043198,0.0,0.08178621659634318,0.2359152099658429
96,3.1774713234416454e-06,2.7114396312395056e-08,0.19568359375,54261,1,187121.63826464262,2.091512190303169e-06,369343749999999.94,2.9169036035922225e-11,3.314296187908998e-15,0.0,0.1979538876135343,0.1786805070366304,0.0,0.1213693981435273,0.0,0.08594670126759157,0.0,0.09851282563130052,0.0,0.08160495059387164,0.23593172971354429
97,3.2045998625714854e-06,2.712853912984014e-08,0.19690234375000004,53334,1,186207.559053037,2.1148695010165176e-06,371687499999999.94,2.916905281053891e-11,3.297521571220425e-15,0.0,0.19747257325371476,0.17859622671454362,0.0,0.12164977086515762,0.0,0.08605947586644712,0.0,0.09872636736961136,0.0,0.08153629456226318,0.23595929136826232
98,3.231690013327746e-06,2.7090150756260606e-08,0.19817382812499995,52512,1,185428.03429833055,2.1374742915751674e-06,374531249999999.94,2.916906688800735e-11,3.2834441027800125e-15,0.0,0.19692504804612426,0.1785541812447642,0.0,0.12185482678756221,0.0,0.08622677770659834,0.0,0.09875326467254719,0.0,0.08144680431675946,0.23623909722564432
99,3.2611780267549854e-06,2.9488013427239365e-08,0.19941992187500002,51585,1,184360.44121099715,2.1633699785602874e-06,376953124999999.94,2.916908603291498e-11,3.2642991951515867e-15,0.0,0.1965368304555204,0.17859416471602205,0.0,0.12216095511395356,0.0,0.08629521169799124,0.0,0.09876301381937846,0.0,0.08136881384484294,0.23628101035229132
100,3.288313188210009e-06,2.7135161455023594e-08,0.202716796875,74559,1,192541.7443141853,2.1056919121311303e-06,381687499999999.94,2.916893224736863e-11,3.4180847414969177e-15,0.0,0.1960960006166238,0.17906176836141863,0.0,0.12222639727914753,0.0,0.0863562351263597,0.0,0.09947876020078812,0.0,0.0814232447900107,0.23535759362565156
101,3.3154930908150913e-06,2.7179902605082295e-08,0.20442578125,73735,1,193877.70731466005,2.1088116223514095e-06,385140624999999.94,2.91689156038422e-11,3.4347282679381306e-15,0.0,0.19546939789425413,0.17895018439607893,0.0,0.12270460321403322,0.0,0.08636997687883362,0.0,0.09956432843521296,0.0,0.08144000917203294,0.23550150000955422
102,3.341186027911387e-06,2.569293709629551e-08,0.20577148437500004,72776,1,194590.57977444705,2.1149172237783858e-06,387640624999999.94,2.916889935098136e-11,3.4509811287755566e-15,0.0,0.1948459968677329,0.17903279388733329,0.0,0.12307911347349436,0.0,0.08653599734231882,0.0,0.09960609368326134,0.0,0.08141996108395425,0.23548004366190498
103,3.3683751638749592e-06,2.718913596357248e-08,0.20697656249999996,71881,1,195771.96478542063,2.114465804405246e-06,390281249999999.94,2.91688776212698e-11,3.472710840334415e-15,0.0,0.1943437889253765,0.17900011323745893,0.0,0.12327784697844713,0.0,0.08662665609783715,0.0,0.09967727324198844,0.0,0.08137055071150869,0.23570377080738308
104,3.3956059389249154e-06,2.7230775049956076e-08,0.20817382812499996,70987,1,197068.606672028,2.1127041149832032e-06,392390624999999.9,2.916885537511985e-11,3.4949569902803e-15,0.0,0.19375146596613035,0.1789745273725196,0.0,0.12374161467373458,0.0,0.08674766618192054,0.0,0.09991086925927664,0.0,0.08125908899000799,0.2356147675564104
105,3.4228011898146204e-06,2.7195250889705137e-08,0.20931640625000003,70089,1,198415.04710197842,2.10988439946713e-06,394781249999999.94,2.9168831079447413e-11,3.519252662717656e-15,0.0,0.19330036390781002,0.1791639451338994,0.0,0.12390594382756369,0.0,0.08684333302230102,0.0,0.10001866193897546,0.0,0.0810114770924699,0.2357562750769805
106,3.4497093677725516e-06,2.6908177957930986e-08,0.21049023437500003,69239,1,200000.48809002916,2.104897206853305e-06,396562499999999.94,2.916880442552423e-11,3.5459065859028902e-15,0.0,0.19277913353313972,0.17916693730224273,0.0,0.12431915821510425,0.0,0.0870271223241874,0.0,0.10022176652346178,0.0,0.08098653626671368,0.23549934583515048
107,3.476665754301729e-06,2.6956386529177273e-08,0.21162695312500002,68443,1,201729.9152513081,2.098121667888102e-06,399062499999999.94,2.916877297463027e-11,3.577357479860956e-15,0.0,0.192195878286711,0.17918285603536588,0.0,0.12455584986110212,0.0,0.08711341633365019,0.0,0.10034793683608205,0.0,0.08089300711563131,0.23571105553145733
108,3.503191777592082e-06,2.6526023290353e-08,0.212693359375,67593,1,203294.98580408315,2.0924604562551695e-06,401187499999999.94,2.916874520741603e-11,3.605124694103254e-15,0.0,0.19176484632549426,0.1791476505753037,0.0,0.12488636259286126,0.0,0.08723679739942515,0.0,0.10035904829245447,0.0,0.08082718849576212,0.23577810631869897
109,3.5303987481193844e-06,2.720697052730277e-08,0.213994140625,66689,1,204758.55181737564,2.0902095538931295e-06,403656249999999.94,2.916872151915599e-11,3.628812954141182e-15,0.0,0.19128371286450965,0.1792634509195455,0.0,0.12502167663031077,0.0,0.08729064938620909,0.0,0.10059781864646557,0.0,0.08075571578515037,0.23578697576780908
110,3.557435585280107e-06,2.703683716072244e-08,0.21513085937499998,65672,1,205797.37665583537,2.090705555831972e-06,405968749999999.94,2.9168701523789124e-11,3.648808321005331e-15,0.0,0.190736016414428,0.17927860041580798,0.0,0.12531435263783852,0.0,0.08739230301324592,0.0,0.10071994697994499,0.0,0.08067400837063197,0.23588477216810264
111,3.5833029000368887e-06,2.5867314756781868e-08,0.21630273437500003,64706,1,206902.39015700397,2.0908674299109137e-06,408546874999999.94,2.916868318077787e-11,3.667151332259567e-15,0.0,0.19018122387062403,0.17939086386087208,0.0,0.12561062602147235,0.0,0.08741546046394033,0.0,0.10076119443416073,0.0,0.08054394249957109,0.23609668884935936
112,3.6091857778356345e-06,2.588287779874559e-08,0.21754492187499996,63666,1,207673.16667729587,2.095070108051502e-06,410999999999999.94,2.916867017026007e-11,3.680161850062193e-15,0.0,0.1896519217474839,0.17941696668252785,0.0,0.12606052988337538,0.0,0.08743704155930437,0.0,0.10085021951285206,0.0,0.08042519953673362,0.23615812107772283
113,3.6350978750393203e-06,2.591209720368585e-08,0.2186328125,62610,1,208096.85270558752,2.1012601551386132e-06,413062499999999.94,2.9168660613684246e-11,3.689718425885138e-15,0.0,0.1892978381275683,0.17933714489905309,0.0,0.1263087368232982,0.0,0.08762730033946757,0.0,0.10099160264427372,0.0,0.08027514740039307,0.23616222976594603
114,3.661123480724267e-06,2.6025605684946566e-08,0.21979101562500003,61653,1,208736.42464879586,2.105919136967147e-06,415218749999999.94,2.916865064033361e-11,3.699691776520663e-15,0.0,0.18886904285853925,0.1793696071374619,0.0,0.126540659184417,0.0,0.08775203718020491,0.0,0.10111700567833434,0.0,0.08020758355326882,0.23614406440777372
115,3.687502868684949e-06,2.637938796068215e-08,0.22088281249999997,60601,1,208972.14274097074,2.113992894964885e-06,417343749999999.94,2.9168645472038754e-11,3.70486007138289e-15,0.0,0.18839528879142645,0.17956177271601884,0.0,0.126728681073816,0.0,0.087795776889612,0.0,0.10125384642591873,0.0,0.08008524033530223,0.23617939376790578
116,3.713594692887068e-06,2.609182420211887e-08,0.22209765625,59578,1,209206.17186663894,2.123241912686772e-06,419734374999999.94,2.916864440334876e-11,3.7059287613748174e-15,0.0,0.1879188138663665,0.17967004942223472,0.0,0.12693247972984856,0.0,0.08787836150342085,0.0,0.10144749107409817,0.0,0.07991979879346431,0.23623300561056687
117,3.7402325851102e-06,2.6637892223131823e-08,0.22330664062500005,58561,1,209265.4994143894,2.134194516056431e-06,422281249999999.94,2.916864272679983e-11,3.707605310303515e-15,0.0,0.187399963265199,0.17986058268391453,0.0,0.12711115775847742,0.0,0.08794486281301112,0.0,0.10150175364942754,0.0,0.07980198192997646,0.23637969789999386
118,3.7669194820229567e-06,2.66868969127568e-08,0.22449609375000001,57526,1,209055.04480041572,2.1477223280052947e-06,424546874999999.9,2.9168646705541126e-11,3.703626569005503e-15,0.0,0.18706826051399836,0.17985592733726577,0.0,0.1273772859355153,0.0,0.08808790520436395,0.0,0.1015642671956291,0.0,0.07965756642480555,0.23638878738842198
119,3.791771914067879e-06,2.485243204492237e-08,0.22556640625000002,56631,1,208834.0419756786,2.160245562610622e-06,426749999999999.9,2.9168649116525266e-11,3.701215584873367e-15,0.0,0.18667417092388952,0.1798597281149883,0.0,0.12748289895229023,0.0,0.08820677114901723,0.0,0.10172309290847692,0.0,0.07956533033163044,0.2364880076197073
120,3.816776752328357e-06,2.500483826047836e-08,0.22671484374999995,55646,1,208189.29667998682,2.1779682948685803e-06,429046874999999.94,2.916866160164851e-11,3.688730461622713e-15,0.0,0.18628853012629434,0.17991350643532794,0.0,0.12765554196316267,0.0,0.08835438239804269,0.0,0.10181946622098932,0.0,0.07941211943693033,0.23655645341925255
121,3.841776662306372e-06,2.4999909978014833e-08,0.22787890624999996,54756,1,207625.18829624486,2.1950988521186223e-06,431265624999999.94,2.916867184212228e-11,3.678489987854008e-15,0.0,0.18596259663678283,0.1798858357474673,0.0,0.12783482181120046,0.0,0.08848586660267069,0.0,0.10205358520321581,0.0,0.07921216380684643,0.23656513019181652
122,3.8667488141713505e-06,2.497215186497804e-08,0.22898632812499997,53746,1,206573.21571498984,2.216999210981288e-06,433343749999999.9,2.9168691417686894e-11,3.658914423245808e-15,0.0,0.18556648271509113,0.17991999385880367,0.0,0.12809512030774217,0.0,0.08850999223821018,0.0,0.10218268353221142,0.0,0.07917025613906398,0.23655547120887743
123,3.8917022607632416e-06,2.4953446591891428e-08,0.23005468750000002,52843,1,205660.96336336047,2.2372226964000055e-06,435703124999999.9,2.916870672662523e-11,3.6436054849042616e-15,0.0,0.18516317451692868,0.18005229734777733,0.0,0.12819642068801573,0.0,0.08855740822494651,0.0,0.10225999252895031,0.0,0.07903181987978401,0.23673888681359728
124,3.916651513091467e-06,2.494925232822492e-08,0.23117187500000003,51923,1,204454.53771995584,2.261352353222302e-06,437812499999999.94,2.916872875037955e-11,3.6215817305805074e-15,0.0,0.1847245691111862,0.1799932409597837,0.0,0.12844711051030752,0.0,0.08869550523825616,0.0,0.10244170327813451,0.0,0.07896248732679959,0.23673538357553228
125,3.941572632111612e-06,2.4921119020145084e-08,0.23198242187499996,80646,1,214954.16258934455,2.158436190121024e-06,434593749999999.94,2.916853366736217e-11,3.816664747958659e-15,0.0,0.18677331088191962,0.18147758366659653,0.0,0.12750157861502845,0.0,0.08859608503472954,0.0,0.1033719217006946,0.0,0.07810566196590192,0.23417385813512948
126,3.9664505910596735e-06,2.4877958948061035e-08,0.233642578125,79729,1,216358.26056076333,2.159774972487195e-06,438015624999999.94,2.916851602060677e-11,3.834311503358153e-15,0.0,0.18620689655172412,0.18145036572622777,0.0,0.1277993730407523,0.0,0.08866039707419017,0.0,0.1035653082549634,0.0,0.07797701149425286,0.23434064785788922
127,3.996041401212341e-06,2.95908101526676e-08,0.23508593749999995,78438,1,217497.11867710837,2.1617384076614235e-06,440734374999999.94,2.916849387061191e-11,3.856461498222913e-15,0.0,0.18572829085108503,0.1815077597952876,0.0,0.12795354092585823,0.0,0.08883885547173574,0.0,0.1037021036190223,0.0,0.07792197002425974,0.23434747931275132
128,4.02564523614311e-06,2.9603834930768905e-08,0.23646093749999997,77216,1,218758.69036952185,2.1618426870317783e-06,443687499999999.9,2.916847061904905e-11,3.8797130610841106e-15,0.0,0.18523474411074767,0.181352628275019,0.0,0.12838239666964021,0.0,0.08880959460798889,0.0,0.10380116959064327,0.0,0.07787359170053193,0.234545875045429
129,4.053681307109762e-06,2.8036070966651767e-08,0.23773046875000003,76076,1,220308.5177459939,2.1581595771443833e-06,446484374999999.9,2.916844364205384e-11,3.906690056295234e-15,0.0,0.18480421958954307,0.18137826779933947,0.0,0.1284362214298625,0.0,0.08902545227493058,0.0,0.10384659623063147,0.0,0.0777452800736128,0.23476396260208024
130,4.081775819926893e-06,2.8094512817131547e-08,0.23899804687500004,75000,1,222174.4456584667,2.1514449707901607e-06,448937499999999.9,2.916841220824706e-11,3.938123863082033e-15,0.0,0.18444515269639689,0.1813560845652831,0.0,0.12868665571600182,0.0,0.08914985249291066,0.0,0.1039005614258746,0.0,0.07765982658723347,0.23480186651629928
131,4.109939817078528e-06,2.8163997151634874e-08,0.2403046875,73921,1,224050.8495475863,2.145090616574177e-06,451453124999999.9,2.9168379347745756e-11,3.9709843643753575e-15,0.0,0.18398680061120326,0.18137780812120033,0.0,0.12907604278422577,0.0,0.08924217302253001,0.0,0.1039126759647583,0.0,0.07757079228843591,0.23483370720764657
132,4.138112862622997e-06,2.817304554446891e-08,0.24156445312499997,72940,1,226281.22453644357,2.135081720720448e-06,453671874999999.94,2.916834038565805e-11,4.0099464520830735e-15,0.0,0.18347199650714335,0.1813617289640284,0.0,0.12949442517444068,0.0,0.08927806211139948,0.0,0.10398525238314694,0.0,0.0776513773336244,0.23475715752621662
133,4.165840384809289e-06,2.7727522186292107e-08,0.24276367187500003,71952,1,228244.41965100658,2.1272254738687053e-06,455953124999999.94,2.9168304240798976e-11,4.046091311156874e-15,0.0,0.18304034756023976,0.181270364857798,0.0,0.12980409509634339,0.0,0.08932780884186815,0.0,0.10413130053501751,0.0,0.07765396838167263,0.23477211472706067
134,4.19358916142562e-06,2.7748776616330104e-08,0.24403906249999996,70711,1,229630.83004607444,2.1254904008406414e-06,458343749999999.94,2.916828186474279e-11,4.0684673673342955e-15,0.0,0.18264397989563658,0.18130742388833754,0.0,0.12999807920094758,0.0,0.08938118257194992,0.0,0.10438742516887024,0.0,0.07751224509395908,0.23476966418029901
135,4.222672790804024e-06,2.9083629378404655e-08,0.24544140625,69416,1,231081.28843913347,2.124286288239638e-06,461312499999999.9,2.9168258515154454e-11,4.091816955678017e-15,0.0,0.18214950742444258,0.18111501917782058,0.0,0.13037734948196014,0.0,0.0895230213422883,0.0,0.10447535530692471,0.0,0.07741950885681091,0.23494023840975287
136,4.2508584023053875e-06,2.8185611501363447e-08,0.24679296875,68122,1,232233.14167746002,2.1253897438356287e-06,464359374999999.9,2.916823711503806e-11,4.113217072069759e-15,0.0,0.18164263441966474,0.18103325472071416,0.0,0.1305417939505215,0.0,0.08965004194431693,0.0,0.10457588755757452,0.0,0.0773595656784691,0.235196821728739
137,4.279071218939224e-06,2.821281663383637e-08,0.24811132812500003,66780,1,233016.3888716511,2.129561180880401e-06,467078124999999.9,2.9168223647782195e-11,4.126684327942418e-15,0.0,0.18113403603787995,0.1810080845134729,0.0,0.1306589626317571,0.0,0.08989790054552754,0.0,0.1046814607228043,0.0,0.07730274810482317,0.2353168074437351
138,4.307307710298359e-06,2.823649135913514e-08,0.24943554687500002,65584,1,234039.6367889267,2.1315666892780083e-06,469984374999999.9,2.916820596005867e-11,4.144372051460919e-15,0.0,0.18065006146690574,0.1808849668391916,0.0,0.13099106576567407,0.0,0.089929606690105,0.0,0.10488524872563834,0.0,0.07713509407960159,0.2355239564328836
139,4.3333156321489775e-06,2.6007921850617708e-08,0.250712890625,64403,1,234592.3103471728,2.1374348567007193e-06,472624999999999.94,2.9168196264795895e-11,4.1540673142419265e-15,0.0,0.18013477193939154,0.18089042963424606,0.0,0.13137537490749035,0.0,0.08993884625871536,0.0,0.10493514587309623,0.0,0.07708487516067462,0.23564055622638566
140,4.360138685251207e-06,2.6823053102229387e-08,0.25205078125,63188,1,234962.3205437451,2.145457030443938e-06,475218749999999.94,2.916819190537531e-11,4.1584267348212345e-15,0.0,0.17970554048818285,0.1809066253390159,0.0,0.13166214645486246,0.0,0.09005811700891127,0.0,0.10502905850445564,0.0,0.0769624176675707,0.23567609453700117
141,4.387742975846032e-06,2.760429059482549e-08,0.25333984374999996,61968,1,235128.2562873477,2.1549076895326107e-06,477984374999999.9,2.916818847841572e-11,4.161853694409263e-15,0.0,0.17933852440058592,0.18081874951815588,0.0,0.13187880656849896,0.0,0.0901241230437129,0.0,0.1051036928532881,0.0,0.07689461105543134,0.23584149256032688
142,4.415441230785127e-06,2.7698254939094873e-08,0.254638671875,60688,1,234851.35133345294,2.1685093181639998e-06,480812499999999.94,2.916819428517035e-11,4.1560469397836075e-15,0.0,0.1790143815915628,0.1807248322147651,0.0,0.13208053691275168,0.0,0.09010930009587728,0.0,0.10531160115052733,0.0,0.07673250239693193,0.2360268456375839
143,4.443124281043405e-06,2.768305025827809e-08,0.25583203125,59541,1,234695.35024725695,2.180120151340664e-06,483046874999999.9,2.916819540194995e-11,4.154930160182395e-15,0.0,0.178622142824424,0.18072160383552444,0.0,0.13225840929564994,0.0,0.090169941825844,0.0,0.1054616523903318,0.0,0.07674866016215474,0.2360175896660712
144,4.47148412715157e-06,2.835984610816521e-08,0.257107421875,58341,1,234086.64745823765,2.196685925205276e-06,485749999999999.94,2.9168207252588046e-11,4.143079522086494e-15,0.0,0.17822985589377008,0.18066074643532692,0.0,0.13252151717955926,0.0,0.09020882869058561,0.0,0.10556142176710549,0.0,0.07665661392140627,0.23616101611224638
145,4.497476302765233e-06,2.599217561366276e-08,0.25824609374999996,57168,1,233014.09209616212,2.2165706067547614e-06,488062499999999.9,2.9168224393118365e-11,4.125938991762558e-15,0.0,0.17782971063816916,0.18080198454115048,0.0,0.1327237524768949,0.0,0.09025729455007488,0.0,0.10565563975737774,0.0,0.07649256553372358,0.23623905250260924
146,4.526130828049334e-06,2.8654525284100927e-08,0.25950585937500004,55972,1,231993.25332727554,2.2371845357839966e-06,490468749999999.94,2.916824558165945e-11,4.104750450685328e-15,0.0,0.17742554584659845,0.18087260192523347,0.0,0.1329073434336592,0.0,0.09043630096261673,0.0,0.10569968464705305,0.0,0.07640723430197113,0.2362512888828678
147,4.553796151789897e-06,2.7665323740562987e-08,0.26079101562499996,54758,1,230517.3906681745,2.2626580568960523e-06,493046874999999.94,2.916827155545805e-11,4.078776652083856e-15,0.0,0.17713536790863135,0.18076015727391875,0.0,0.13305373525557013,0.0,0.09059726642950759,0.0,0.10586781501591462,0.0,0.0762628721213256,0.236322785995132
148,4.581465984644462e-06,2.766983285456521e-08,0.26212890624999996,53602,1,229060.21821425037,2.288733576642444e-06,495999999999999.94,2.916829876736266e-11,4.051564747468111e-15,0.0,0.1767379479919529,0.18064972803814916,0.0,0.13336562104165114,0.0,0.09056702183145815,0.0,0.10603531778555994,0.0,0.0761195141941733,0.23652484911705537
149,4.60915358873985e-06,2.7687604095388042e-08,0.26350390625,52461,1,227329.09149105224,2.3182594407224964e-06,498703124999999.9,2.916832927562346e-11,4.021056486665602e-15,0.0,0.17638643876840063,0.18050758260818006,0.0,0.13369998665816746,0.0,0.09065775234593891,0.0,0.10617875090798584,0.0,0.07599656077204739,0.23657292793927986
150,4.635091639196442e-06,2.5938050456592088e-08,0.26218554687499995,87438,1,244218.31979050973,2.1471406985348397e-06,490437499999999.9,2.916801437822171e-11,4.335953888419604e-15,0.0,0.17858446502134256,0.18146738280231528,0.0,0.13434247871333965,0.0,0.09083798300046933,0.0,0.10740544849112404,0.0,0.07354047631463287,0.23382176565677634
151,4.662781882121192e-06,2.76902429247506e-08,0.264029296875,86021,1,245208.50309180946,2.153508492127157e-06,494046874999999.94,2.916800431600171e-11,4.346016108426792e-15,0.0,0.17801794604351137,0.18147252243255438,0.0,0.1346988896532848,0.0,0.09087681143339028,0.0,0.10755790299076065,0.0,0.0734781740307583,0.23389775341574012
152,4.692905028169575e-06,3.012314604838242e-08,0.26559765625,84549,1,247018.45737487447,2.150427616402201e-06,497296874999999.94,2.9167971511696886e-11,4.3788204132422234e-15,0.0,0.17751827393996444,0.1812613063109438,0.0,0.1349550689041519,0.0,0.0910608444986984,0.0,0.10770226346829821,0.0,0.0734560910681982,0.23404615180974517
153,4.721381314808532e-06,2.8476286638957552e-08,0.26706640625,83251,1,248944.50029818408,2.1455899281173887e-06,500343749999999.94,2.916793694375884e-11,4.4133883512888276e-15,0.0,0.1770685544618175,0.181244423642294,0.0,0.13510509148883265,0.0,0.09114510962570756,0.0,0.10780470681156665,0.0,0.07344703008673521,0.23418508388304643
154,4.749856996147506e-06,2.847568133897443e-08,0.26841210937500004,82009,1,251022.54961187407,2.1385497820017634e-06,502999999999999.9,2.9167899087810195e-11,4.451244299937546e-15,0.0,0.17666106369199647,0.18123803910439723,0.0,0.13524271067548588,0.0,0.09114657236205403,0.0,0.10801370909646577,0.0,0.07344990431283517,0.23424800075676538
155,4.778320283701313e-06,2.8463287553806973e-08,0.269705078125,80795,1,253368.27859165717,2.1289569446037257e-06,505640624999999.94,2.9167857806962733e-11,4.4925251473961434e-15,0.0,0.17624140952574066,0.18138302109509086,0.0,0.1353474932833173,0.0,0.09125274279631253,0.0,0.10805350172714699,0.0,0.07337296960655809,0.23434886196583365
156,4.806811358451744e-06,2.849107475043099e-08,0.27100390625000004,79634,1,255907.09667615438,2.117986642574046e-06,508859374999999.94,2.9167814197878456e-11,4.5361342316750616e-15,0.0,0.1758075442870115,0.18126324286146703,0.0,0.1353978984389639,0.0,0.0912694408809836,0.0,0.10828516655375699,0.0,0.0732663562852242,0.23471035069259263
157,4.836195669818457e-06,2.9384311366712975e-08,0.2724375,78346,1,258384.69057885808,2.1087743193271976e-06,512328124999999.9,2.916777300916423e-11,4.577322945900906e-15,0.0,0.17537709337003898,0.18101915576967192,0.0,0.13566041523285158,0.0,0.09137703601743517,0.0,0.10832473044276208,0.0,0.07317475338380361,0.23506681578343652
158,4.864206590784083e-06,2.8010920965625672e-08,0.27371875,77038,1,260331.5171271843,2.1028475769706775e-06,515046874999999.9,2.9167737318426395e-11,4.6130136837372e-15,0.0,0.1750342504852152,0.18089251056056627,0.0,0.13591020664459413,0.0,0.0914416600068501,0.0,0.10838137915287134,0.0,0.07313192145222057,0.23520807169768237
159,4.893764416341186e-06,2.95578255571034e-08,0.27520507812499995,75580,1,262103.0203160772,2.0999763970145987e-06,518078124999999.94,2.916770965787003e-11,4.640674240104204e-15,0.0,0.1746424896206664,0.18073879564245413,0.0,0.13612717788580958,0.0,0.09162911181292359,0.0,0.10854121571271425,0.0,0.07300663567651963,0.2353145736489124
160,4.923209570356474e-06,2.9445154015287998e-08,0.27663671874999995,74022,1,263447.5755730806,2.1001272693303693e-06,521078124999999.9,2.916768673442259e-11,4.663597687535927e-15,0.0,0.17421878309493213,0.18061537158107285,0.0,0.1363758313446956,0.0,0.09159265168951834,0.0,0.10871376325562347,0.0,0.07303124867620271,0.23545235035795475
161,4.952425430410385e-06,2.92158600539107e-08,0.278025390625,72437,1,264687.31630182714,2.100783630356985e-06,524156249999999.9,2.916766573048628e-11,4.684601623849317e-15,0.0,0.17368580039199433,0.18068268832236264,0.0,0.13657981439982017,0.0,0.0916058419799226,0.0,0.10882408727844946,0.0,0.07296152414137086,0.23566024348608
162,4.981634380745968e-06,2.9208950335582487e-08,0.279447265625,70988,1,265993.52082636213,2.101158439926214e-06,527156249999999.94,2.9167643886802464e-11,4.706445307669928e-15,0.0,0.17324936922076925,0.18078377377216465,0.0,0.1367794963551095,0.0,0.09157306904673708,0.0,0.10892736079174152,0.0,0.07288383178288614,0.23580309903059196
163,5.010883399378902e-06,2.9249018632933828e-08,0.28094921875,69575,1,267166.5570172012,2.1031765493905842e-06,530249999999999.9,2.916762691495709e-11,4.723417153044616e-15,0.0,0.172802858612683,0.18081142332772546,0.0,0.13695201813050065,0.0,0.09154234389555495,0.0,0.10918621303338291,0.0,0.07278617410286,0.23591896889729289
164,5.039508545484826e-06,2.862514610592426e-08,0.282330078125,68098,1,267619.3657521328,2.109937577435948e-06,533124999999999.94,2.916761567487772e-11,4.734657232416789e-15,0.0,0.1723658450533714,0.18077798454546085,0.0,0.13716768244173416,0.0,0.0916134566560362,0.0,0.1092609631069573,0.0,0.07277607521116822,0.23603799298527184
165,5.068131948170416e-06,2.8623402685590072e-08,0.28379296875000004,66677,1,267951.8798632001,2.118238311258629e-06,536203124999999.9,2.9167611355716923e-11,4.738976393213632e-15,0.0,0.1719797387510151,0.1807201552628319,0.0,0.13738283024321757,0.0,0.09168490454364014,0.0,0.1094134974054039,0.0,0.07264180809624093,0.2361770656976504
166,5.096743687451129e-06,2.8611739280713344e-08,0.28515820312499995,65293,1,267995.5745257831,2.1280814329086296e-06,539124999999999.94,2.916760933072305e-11,4.741001387078192e-15,0.0,0.1715604687639126,0.18064259833836754,0.0,0.13753330456640708,0.0,0.09174594694556887,0.0,0.10951294854144834,0.0,0.07267758440010684,0.23632714844418876
167,5.126012245594457e-06,2.926855814332747e-08,0.286583984375,63800,1,267543.71425663424,2.1423338998732885e-06,542265624999999.9,2.916762018147316e-11,4.730150636971732e-15,0.0,0.17119763376518934,0.18052763219769508,0.0,0.13780319087309428,0.0,0.09180745718355357,0.0,0.10956784864820657,0.0,0.0725749841546776,0.23652125317758346
168,5.155267876794312e-06,2.9255631199855514e-08,0.28802148437499997,62308,1,266793.53674153774,2.1591338972654896e-06,544953124999999.9,2.9167633692029535e-11,4.716640080595639e-15,0.0,0.1708653461452393,0.18047427560064289,0.0,0.13807156855432065,0.0,0.09189852644998543,0.0,0.10972624383760435,0.0,0.07245688865983577,0.23650715075237175
169,5.184527253195083e-06,2.9259376400771017e-08,0.28940234374999996,60859,1,265702.2735729285,2.17839568971973e-06,547999999999999.9,2.9167652323588153e-11,4.6980085219802305e-15,0.0,0.17049549853550555,0.1803082862040574,0.0,0.13829686719667417,0.0,0.09193245778611632,0.0,0.10991132047457719,0.0,0.07236087302765667,0.2366946967754127
170,5.213334054446687e-06,2.8806801251603534e-08,0.290765625,59407,1,264252.2623136056,2.2006670630121554e-06,550749999999999.9,2.916767976471898e-11,4.670567391151564e-15,0.0,0.17005884249556666,0.1802891074211403,0.0,0.13851496587672632,0.0,0.09200521253157073,0.0,0.11004084045354398,0.0,0.07232387554409156,0.2367671556773604
171,5.243394456194532e-06,3.0060401747845195e-08,0.292193359375,58007,1,262579.82026481803,2.2255583774892983e-06,554015624999999.94,2.9167709439755163e-11,4.640892354968519e-15,0.0,0.16960221385934773,0.1802570804061416,0.0,0.138693742772538,0.0,0.09201687131942542,0.0,0.11017827182609975,0.0,0.0722445405506574,0.23700727926579016
172,5.273142613627056e-06,2.9748157432523633e-08,0.293626953125,56575,1,260482.81704414458,2.25448232215055e-06,557249999999999.9,2.916774647457818e-11,4.6038575319483605e-15,0.0,0.16923977463964293,0.18011534086751765,0.0,0.13885470642622907,0.0,0.09208644578513607,0.0,0.11037868255984888,0.0,0.0720980197822226,0.2372270299394028
173,5.302861920491127e-06,2.9719306864071357e-08,0.29513671875,55274,1,258619.6237200276,2.2824000321762477e-06,560453124999999.9,2.916778134001676e-11,4.568992093372983e-15,0.0,0.16875785851366554,0.18013367745351067,0.0,0.13905102243398845,0.0,0.09203229435510554,0.0,0.11060154854079808,0.0,0.07205347098140427,0.23737012772152732
174,5.331133126835327e-06,2.827120634419967e-08,0.296541015625,54089,1,257085.49416539705,2.306944750715644e-06,563453124999999.9,2.9167807943657196e-11,4.542388452930862e-15,0.0,0.16838680357507457,0.17999855100145556,0.0,0.1393014509744515,0.0,0.09202458028439889,0.0,0.11080228414861454,0.0,0.07197570951530999,0.23751062050069485
175,5.358969431322625e-06,2.783630448729803e-08,0.292189453125,95613,1,281308.6037098693,2.077358810016012e-06,543406249999999.94,2.9167360657810996e-11,4.989674299138826e-15,0.0,0.17219136235720345,0.18062713484535528,0.0,0.13871565029645522,0.0,0.09230553271702728,0.0,0.11191770108488579,0.0,0.07177091062225519,0.23247170807681763
176,5.3867891762296115e-06,2.7819744906986778e-08,0.293982421875,93957,1,282357.09753959865,2.0823448352225038e-06,547874999999999.94,2.916734878572683e-11,5.0015463832995686e-15,0.0,0.17159959872175606,0.1804821982606847,0.0,0.13890605172768886,0.0,0.09226077770912643,0.0,0.11215195423833535,0.0,0.07164544011055082,0.2329539792318578
177,5.414999475743681e-06,2.8210299514069916e-08,0.29554882812500005,92448,1,284018.857977723,2.0811915816391418e-06,551156249999999.9,2.9167316484885135e-11,5.033847224999344e-15,0.0,0.17111967274866013,0.1803913534803497,0.0,0.13915451259243597,0.0,0.09229386535907112,0.0,0.11233734907910997,0.0,0.0715961432980221,0.23310710344235105
178,5.444062471354928e-06,2.9062995611246753e-08,0.29716015625000003,91082,1,286648.01017158566,2.073345327407798e-06,554687499999999.9,2.916727208311682e-11,5.07824899331835e-15,0.0,0.1705992927845622,0.18041880824997042,0.0,0.1393661351596493,0.0,0.0923652281361324,0.0,0.11244462555703075,0.0,0.07147739671105387,0.2333285134016011
179,5.472322898329142e-06,2.8260426974213673e-08,0.29852929687499996,89778,1,289359.0614426609,2.063383088033386e-06,557484374999999.9,2.916722171063779e-11,5.128621472339674e-15,0.0,0.17026176503300686,0.18031757247443522,0.0,0.139538231041499,0.0,0.09240613162181789,0.0,0.11256354393609296,0.0,0.07148324795383619,0.23342950793931186
180,5.500604598696601e-06,2.828170036745952e-08,0.299974609375,88461,1,292293.7199675396,2.0525559660215305e-06,560640624999999.94,2.9167172582272477e-11,5.177749837657832e-15,0.0,0.1698060382714683,0.18017149888988002,0.0,0.13970583447817853,0.0,0.09256642814821568,0.0,0.11267229648342635,0.0,0.07145787078333453,0.23362003294549671
181,5.5289726180920355e-06,2.8368019395434412e-08,0.30151171875000005,87135,1,295204.8275408089,2.0427289164728805e-06,564312499999999.9,2.9167122789437893e-11,5.2275426722390405e-15,0.0,0.1693743765141799,0.18010804928291035,0.0,0.13986163473123714,0.0,0.09250262349877571,0.0,0.1127003251842927,0.0,0.07150167774366151,0.23395131304494282
182,5.557268075582582e-06,2.8295457490546293e-08,0.302904296875,85804,1,297681.5750920761,2.0350893183853147e-06,567249999999999.9,2.916707754332051e-11,5.272788789619674e-15,0.0,0.16897612307930387,0.18015049617311574,0.0,0.13992791143035846,0.0,0.09255450166680639,0.0,0.11284633786197425,0.0,0.07145666625829372,0.23408796353014757
183,5.585584816764485e-06,2.8316741181903047e-08,0.30445117187500004,84424,1,300148.5481980071,2.028669961609506e-06,570499999999999.9,2.916703802235989e-11,5.312309750249685e-15,0.0,0.1685858903380186,0.18005632573983668,0.0,0.14014716542959604,0.0,0.0925718024878271,0.0,0.11299790221902886,0.0,0.07140795103894688,0.23423296274674588
184,5.613902461104964e-06,2.831764434047971e-08,0.30591015624999995,82835,1,301970.1921173945,2.026095053322838e-06,573734374999999.9,2.916700606074487e-11,5.344271365262379e-15,0.0,0.16820323573353085,0.1799509659954286,0.0,0.14030237636152362,0.0,0.09274960734488528,0.0,0.11307190377076604,0.0,0.07128446107287424,0.23443744972099143
185,5.6420596371951316e-06,2.8157176090167106e-08,0.30754882812499995,81164,1,303505.16551184776,2.0266464170804655e-06,577281249999999.9,2.91669832064259e-11,5.367125684227141e-15,0.0,0.16775791445718097,0.17995745086209636,0.0,0.14042485631727686,0.0,0.09278887371796907,0.0,0.11323786238211667,0.0,0.071203124503858,0.23462991775950212
186,5.670414484391991e-06,2.8354847196859333e-08,0.309068359375,79404,1,304633.1303367349,2.02911849432373e-06,580687499999999.9,2.9166962757546744e-11,5.387574563383851e-15,0.0,0.16738181151772907,0.17973622845876278,0.0,0.14064445188728728,0.0,0.0928255910214038,0.0,0.11345209582730358,0.0,0.07110583090563248,0.23485399038188104
187,5.69875885882473e-06,2.8344374432738904e-08,0.310560546875,77788,1,306079.41192889446,2.0292808648439678e-06,583999999999999.9,2.916693939975556e-11,5.4109323545738425e-15,0.0,0.16700522618501074,0.17967762425553593,0.0,0.14079883275579064,0.0,0.09284496908941116,0.0,0.11357990528718862,0.0,0.0710346085392467,0.23505883388781626
188,5.725153901759887e-06,2.6395042935156964e-08,0.31200000000000006,76316,1,307463.43801783735,2.0295096029069937e-06,587249999999999.9,2.9166915083587807e-11,5.4352485223229425e-15,0.0,0.1666541466346154,0.17964993990384615,0.0,0.14102564102564102,0.0,0.0927734375,0.0,0.11359425080128206,0.0,0.07102614182692309,0.23527644230769232
189,5.7530392549389565e-06,2.7885353179069136e-08,0.31353515624999995,74727,1,308201.805655563,2.0346094701365724e-06,590703124999999.9,2.916690248792546e-11,5.447844184674863e-15,0.0,0.16625552856163958,0.17965489316638633,0.0,0.14124462717249112,0.0,0.09278639506634274,0.0,0.1136547685790818,0.0,0.07090263502149131,0.23550115243256714
190,5.7820647117271436e-06,2.9025456788187246e-08,0.315021484375,73115,1,308743.4259891103,2.0406684506125233e-06,593968749999999.9,2.916689603169753e-11,5.454300412602468e-15,0.0,0.16579970364124472,0.17965044546812903,0.0,0.14133460639465312,0.0,0.09277641033907658,0.0,0.11385632180344842,0.0,0.07089670223385063,0.23568581011959747
191,5.810218730997848e-06,2.815401927070404e-08,0.31652148437500005,71553,1,308729.769952451,2.0504759513392513e-06,597265624999999.9,2.916689756029906e-11,5.4527718110766895e-15,0.0,0.16539038251500998,0.17959508574037852,0.0,0.14152870250957986,0.0,0.09282421834023412,0.0,0.11390296126719282,0.0,0.07088776309862459,0.2358708865289802
192,5.8385712138063076e-06,2.835248280845967e-08,0.31805078124999997,70063,1,308853.6577536176,2.059556513355067e-06,600656249999999.9,2.916689657684853e-11,5.453755261595402e-15,0.0,0.16500042986453126,0.17962196484936319,0.0,0.14170177227005318,0.0,0.09281389322165043,0.0,0.11404306014418884,0.0,0.07074956092408592,0.2360693187261272
193,5.866186199359148e-06,2.761498555284094e-08,0.319603515625,68487,1,308279.4650166999,2.0734661363687436e-06,603843749999999.9,2.916690946124192e-11,5.4408708682159795e-15,0.0,0.16462047092039087,0.17965985687833436,0.0,0.14184444838270072,0.0,0.09283963895695961,0.0,0.114191778143085,0.0,0.07067472515384662,0.23616908156468278
194,5.894530179817696e-06,2.8343980458548485e-08,0.321115234375,66906,1,307585.86469399265,2.087971335707948e-06,607343749999999.9,2.916692084249018e-11,5.42948961995474e-15,0.0,0.16425908242149248,0.17952570083510228,0.0,0.1421498561531771,0.0,0.0927918448279008,0.0,0.11432325087737438,0.0,0.07053056060725864,0.23641970427769432
195,5.92282933150582e-06,2.82991516881238e-08,0.32269140625000003,65287,1,306268.25469845143,2.1072468419406944e-06,610765624999999.9,2.916694646552184e-11,5.403866588294644e-15,0.0,0.16388044886150419,0.1794840755849847,0.0,0.14241184374583882,0.0,0.09271386894890388,0.0,0.11440642060792407,0.0,0.07051289811037538,0.23659044414046895
196,5.9519712475961125e-06,2.9141916090292336e-08,0.32421093749999996,63687,1,304719.45805975073,2.1279306517828426e-06,614046874999999.9,2.916697241747877e-11,5.377914631361805e-15,0.0,0.16343164895539652,0.17946215571459553,0.0,0.1425937974409022,0.0,0.09276127135593627,0.0,0.11447866213643701,0.0,0.07052579580230849,0.23674666859442398
197,5.97986656025186e-06,2.789531265574762e-08,0.32571484375000004,62252,1,302958.19206863747,2.150229650672109e-06,617656249999999.9,2.916700414526431e-11,5.3461868458218124e-15,0.0,0.1629588765096003,0.17937109482748284,0.0,0.14287684540014153,0.0,0.09271074439633979,0.0,0.11458570691867648,0.0,0.07045800702781144,0.23703872491994774
198,6.008197039219003e-06,2.8330478967142715e-08,0.327255859375,60798,1,300940.19595063996,2.1748896543463163e-06,621140624999999.9,2.916703924030711e-11,5.311091803026783e-15,0.0,0.16260929247112887,0.17926650950434184,0.0,0.14309331264360955,0.0,0.09266807913819343,0.0,0.11478618960938199,0.0,0.07032317746411626,0.23725343916922803
199,6.036943084605258e-06,2.8746045386254693e-08,0.32884765625,59419,1,298719.0271479071,2.2017188485765594e-06,625093749999999.9,2.916708064433537e-11,5.269687774759471e-15,0.0,0.16209538516362773,0.17912335926827821,0.0,0.1433390746570054,0.0,0.0926709033675833,0.0,0.11491358317990141,0.0,0.07025004454475263,0.23760764981885135
200,6.064848054738914e-06,2.790497013365604e-08,0.321236328125,103833,1,325426.13554062106,1.9742503323609175e-06,599218749999999.9,2.916658335582268e-11,5.7669762874505565e-15,0.0,0.16558948885227365,0.1790445848254729,0.0,0.14415131966948982,0.0,0.09326758799316605,0.0,0.1161467231703684,0.0,0.06863132550631411,0.23316896998291514
201,6.092933908235375e-06,2.8085853496460146e-08,0.32326367187500005,101995,1,326273.7369917046,1.98154883598994e-06,603906249999999.9,2.916657082974585e-11,5.779502364280932e-15,0.0,0.16504643195920515,0.17892466361752393,0.0,0.1444073203593719,0.0,0.09326268344702167,0.0,0.1163004271619409,0.0,0.06853925116759611,0.23351922228734046
202,6.122871245417375e-06,2.993733718200033e-08,0.32508398437499997,100267,1,327788.80276946083,1.983496578457787e-06,608234374999999.9,2.9166541973819205e-11,5.808358290924286e-15,0.0,0.16456684871097013,0.17881797372073324,0.0,0.14463810433601895,0.0,0.09319707046856883,0.0,0.11646629777160951,0.0,0.06843784358609255,0.23387586140600689
203,6.150600641064166e-06,2.7729395646791956e-08,0.32671874999999995,98723,1,329762.71794303594,1.9815384348963195e-06,611765624999999.9,2.916650608195379e-11,5.844250156340809e-15,0.0,0.16419177427068388,0.1787661406025825,0.0,0.14483500717360118,0.0,0.09326279292204687,0.0,0.11652319464371115,0.0,0.06836441893830704,0.23405667144906742
204,6.17833065325486e-06,2.773001219069412e-08,0.32821484375,97317,1,332290.41536553274,1.975469821414804e-06,615296874999999.9,2.916646062792062e-11,5.889704189511872e-15,0.0,0.16385989550480223,0.17860585791985525,0.0,0.14487699796484294,0.0,0.09326017876057745,0.0,0.11675374599811955,0.0,0.06830867738595385,0.23433464646584862
205,6.20760657379767e-06,2.927592054281008e-08,0.32989257812499995,95761,1,334615.3444932501,1.9717719677476095e-06,618906249999999.9,2.916642218994525e-11,5.928142164887876e-15,0.0,0.1634528285130695,0.1785204700867352,0.0,0.14505195228086798,0.0,0.09332464995115598,0.0,0.11685266865989759,0.0,0.06828690684112372,0.23451052366715022
206,6.235901638538302e-06,2.8295064740632163e-08,0.33137109374999996,94291,1,337215.39302798826,1.9653378855246786e-06,622203124999999.9,2.9166374620463765e-11,5.975711646368855e-15,0.0,0.163030024401457,0.17848428051066237,0.0,0.14522403366693779,0.0,0.09341514304912117,0.0,0.11692659523051713,0.0,0.0682120922775872,0.23470783086371727
207,6.2636850669340695e-06,2.778342839576698e-08,0.33298046875,92807,1,339453.1372726274,1.961864140808167e-06,625749999999999.9,2.9166339480788166e-11,6.010851321966289e-15,0.0,0.16261745832502375,0.1784134767664207,0.0,0.14544302757997724,0.0,0.09340942951327383,0.0,0.11703600295625448,0.0,0.06817568598008047,0.23490491887896955
208,6.291520571045407e-06,2.7835504111337223e-08,0.33453124999999995,91165,1,341859.30342598935,1.9571282492385005e-06,629312499999999.9,2.9166300942696544e-11,6.0493894135838026e-15,0.0,0.16220224194301727,0.17845049042503502,0.0,0.14555114432508173,0.0,0.09343764595983185,0.0,0.11715903783278842,0.0,0.06805231200373657,0.2351471275105091
209,6.319765829883391e-06,2.824525883798345e-08,0.336224609375,89399,1,343572.889245855,1.9572243322982524e-06,633546874999999.9,2.916627439172015e-11,6.075940389985884e-15,0.0,0.16171644001928584,0.1783359570599546,0.0,0.14575333871632964,0.0,0.09344339430835275,0.0,0.11726024850854211,0.0,0.0679535513253208,0.23553707006221425
210,6.3470428349654995e-06,2.7277005082109063e-08,0.33787304687499997,87612,1,345383.3218456641,1.9565104943080015e-06,637187499999999.9,2.916624592936364e-11,6.104402746489352e-15,0.0,0.16125116335531908,0.17837922204045298,0.0,0.1459093247625599,0.0,0.09343260632056002,0.0,0.11741651299778601,0.0,0.06787636351024041,0.23573480701308164
211,6.374292723270317e-06,2.7249888304817187e-08,0.33958398437500004,85957,1,347083.5078709873,1.95678548057792e-06,641093749999999.9,2.9166217269710473e-11,6.1330623996574e-15,0.0,0.16087009035642186,0.17826844657122976,0.0,0.14611168306809227,0.0,0.09342198347012372,0.0,0.1175093606032197,0.0,0.06783345890824596,0.23598497702266677
212,6.4015138574484135e-06,2.7221134178096435e-08,0.3412421875,84317,1,348683.8271810869,1.957315831128456e-06,644593749999999.9,2.916618971667544e-11,6.160615434690203e-15,0.0,0.1604718514618009,0.17836946816548,0.0,0.1462659401543076,0.0,0.09342017903340279,0.0,0.11761372742049958,0.0,0.06773850133931639,0.23612033242519292
213,6.4287184445133125e-06,2.7204587064898796e-08,0.34291210937500005,82670,1,350176.42679409316,1.9585105286178238e-06,648281249999999.9,2.916616791613005e-11,6.182415980082936e-15,0.0,0.1600890807707423,0.17842354375153072,0.0,0.14638522307214744,0.0,0.09338672104162987,0.0,0.11767319204196591,0.0,0.0677275859908527,0.23631465333113097
214,6.457598845237336e-06,2.8880400724023653e-08,0.344603515625,80957,1,351402.8248471289,1.9613019091403904e-06,652265624999999.9,2.916614603017422e-11,6.20430193591936e-15,0.0,0.1596490532031263,0.178431961550015,0.0,0.14652255479292892,0.0,0.09333643170083372,0.0,0.11776441449355861,0.0,0.06769555138661391,0.23660003287292347
215,6.485891892945689e-06,2.829304770835318e-08,0.34628125,79252,1,351995.03411839507,1.967534859503312e-06,656015624999999.9,2.916613836962177e-11,6.211962488370462e-15,0.0,0.15933805613211804,0.1783345365941702,0.0,0.14656845050085732,0.0,0.09336364046566195,0.0,0.11788196011190326,0.0,0.06770598321451132,0.23680737298077792
216,6.512996144287452e-06,2.7104251341762742e-08,0.347904296875,77610,1,352156.8963621183,1.9758482680245715e-06,659703124999999.9,2.916613512488253e-11,6.215207227598538e-15,0.0,0.1590045304754473,0.1782492266753496,0.0,0.14670431770590647,0.0,0.09334912730804426,0.0,0.11806183228819886,0.0,0.06760345147001857,0.2370275140770349
217,6.540105445587618e-06,2.7109301300165813e-08,0.34949414062499995,75951,1,351937.7658180408,1.986113310759015e-06,663453124999999.9,2.91661387682118e-11,6.211563898332066e-15,0.0,0.15856623132764433,0.178148104682549,0.0,0.1469255229377281,0.0,0.0933380276180417,0.0,0.11822891344074304,0.0,0.06750269641949024,0.23729050357380366
218,6.567200263996993e-06,2.7094818409374875e-08,0.351017578125,74260,1,351267.79600993433,1.998575344009462e-06,666953124999999.9,2.9166150151266566e-11,6.200180843566505e-15,0.0,0.15817851002387034,0.1781650447081866,0.0,0.1470334574145481,0.0,0.09327234992015401,0.0,0.11838905859637994,0.0,0.06745455455956732,0.23750702477729368
219,6.5943090679922064e-06,2.710880399521398e-08,0.35262695312500003,72573,1,350119.333716132,2.0143243698212972e-06,670499999999999.9,2.9166171586916854e-11,6.178745193276645e-15,0.0,0.1577944556758703,0.1780941039630009,0.0,0.14722645323880473,0.0,0.09321775734581408,0.0,0.1185410839402919,0.0,0.06744578913844194,0.2376803566977762
220,6.619783680753387e-06,2.5474612761181228e-08,0.35418945312500005,70996,1,348670.245890917,2.031658607518863e-06,674234374999999.9,2.916619824675117e-11,6.152085358954132e-15,0.0,0.15743472386886873,0.17801979652044447,0.0,0.1473324326559872,0.0,0.09329179188838954,0.0,0.11859163472938324,0.0,0.06737985607543633,0.23794976426149053
221,6.645294267257738e-06,2.5510586504350826e-08,0.35572070312500004,69456,1,347040.6167838254,2.0500234607788377e-06,677859374999999.9,2.916622482183069e-11,6.125510279439514e-15,0.0,0.15704253578507543,0.17797824618814137,0.0,0.14755475514607777,0.0,0.09321964102367003,0.0,0.11865765473922331,0.0,0.06734786881825519,0.2381992982995569
222,6.673461144996943e-06,2.8166877739204575e-08,0.35750000000000004,67800,1,345045.9235011072,2.0721879358696604e-06,681906249999999.9,2.916626707386375e-11,6.083258246382841e-15,0.0,0.15656140734265736,0.17789554195804197,0.0,0.1479020979020979,0.0,0.09314357517482517,0.0,0.11884833916083917,0.0,0.06722027972027972,0.23842875874125877
223,6.698990856669857e-06,2.5529711672914603e-08,0.35906249999999995,66364,1,343217.8836397385,2.0923297830068373e-06,685859374999999.9,2.9166295446881316e-11,6.054885228818704e-15,0.0,0.1561303307223673,0.17787750217580506,0.0,0.1481233681462141,0.0,0.09304286335944299,0.0,0.11889686684073107,0.0,0.06716166231505658,0.23876740644038294
224,6.724520329683961e-06,2.552947301410397e-08,0.360568359375,65017,1,341663.60666508693,2.1106629581911796e-06,689218749999999.9,2.916632272180171e-11,6.027610308424156e-15,0.0,0.15582495084258252,0.17781713982373748,0.0,0.14830643894459158,0.0,0.09295762441024642,0.0,0.11902324346869904,0.0,0.06713576114099377,0.2389348413691492
225,6.752978567537e-06,2.8458237853038902e-08,0.35039453125,112533,1,372815.25979126926,1.879722044887207e-06,648562499999999.9,2.916574839912586e-11,6.601932984270864e-15,0.0,0.16009297555211202,0.1787271044915887,0.0,0.14859923523706536,0.0,0.09339918172595622,0.0,0.12073443997279851,0.0,0.06707840492302203,0.23136865809745708
226,6.778565289943517e-06,2.5586722406517277e-08,0.352318359375,110518,1,372201.94910398376,1.8931569822412252e-06,652546874999999.9,2.9165759623830876e-11,6.590708279260407e-15,0.0,0.15968445619695432,0.17864923747276687,0.0,0.14875794818917104,0.0,0.09335484264387123,0.0,0.12103976450631142,0.0,0.06699484996147172,0.23151890102945333
227,6.8060773095413105e-06,2.751201959779357e-08,0.35421484375,108643,1,372940.5850771774,1.8995778841109385e-06,656609374999999.9,2.916574922784517e-11,6.601104264960837e-15,0.0,0.15925958601219686,0.1785694593014921,0.0,0.1489650304921757,0.0,0.09344500931858533,0.0,0.12107544194355914,0.0,0.06697250741627057,0.2317129655157203
228,6.8336171949884896e-06,2.7539885447179464e-08,0.3559375,106870,1,373361.487843,1.9066642467938374e-06,660468749999999.9,2.916573778103764e-11,6.612551072494248e-15,0.0,0.15885096575943808,0.1785118525021949,0.0,0.14914398595258999,0.0,0.09347014925373133,0.0,0.12121927129060578,0.0,0.06685689201053556,0.2319468832309043
229,6.861857495172856e-06,2.824030018436569e-08,0.357732421875,105278,1,376192.3164754315,1.9018592682945608e-06,665093749999999.9,2.916569057724878e-11,6.659754861354223e-15,0.0,0.1583105389306559,0.17842967039566715,0.0,0.14932927128888016,0.0,0.09347616005765481,0.0,0.12129898066707068,0.0,0.06675620635622602,0.2323991723038453
230,6.890116213411578e-06,2.8258718238722655e-08,0.35953320312500003,103669,1,379083.07786249794,1.8968570433281693e-06,669312499999999.9,2.916563967925237e-11,6.710652857761012e-15,0.0,0.15785985517245124,0.17839972620748473,0.0,0.14945051363258566,0.0,0.09352947887071453,0.0,0.12140307799284011,0.0,0.0666554397249037,0.23270190839902
231,6.918506489568524e-06,2.83902761569462e-08,0.36130859375,102084,1,382419.1669765147,1.8895945859962029e-06,673718749999999.9,2.9165582783791225e-11,6.767548318908406e-15,0.0,0.15741931996324124,0.1782258500459484,0.0,0.1495107843667225,0.0,0.09364830531380074,0.0,0.12145521379534027,0.0,0.06665765717065786,0.23308286934428887
232,6.946870167273325e-06,2.8363677704800314e-08,0.36318359375,100444,1,385101.4805938793,1.8861708513294785e-06,678406249999999.9,2.916554090669971e-11,6.8094254104170936e-15,0.0,0.15692390427534283,0.17806937348749663,0.0,0.1496746437214305,0.0,0.0936058080129067,0.0,0.12167249260553913,0.0,0.06656090346867438,0.23349287442860983
233,6.97505830152733e-06,2.8188134254004978e-08,0.3649765625,98659,1,387068.9401778595,1.8858478406058207e-06,682781249999999.9,2.9165506933614134e-11,6.843398495998607e-15,0.0,0.15645268317743008,0.17803476250615408,0.0,0.1497634694008605,0.0,0.09368645246912259,0.0,0.1217490421045872,0.0,0.06646937945501638,0.23384421088682922
234,7.003230472444864e-06,2.8172170917533647e-08,0.3668203125,96769,1,388584.4657439347,1.8879823813735438e-06,687328124999999.9,2.916548318049643e-11,6.8671516137053815e-15,0.0,0.15601239537409747,0.17795987476838537,0.0,0.14990522437330947,0.0,0.09367346069473727,0.0,0.12181330266436648,0.0,0.06641748131109833,0.23421826081400546
235,7.031506766218258e-06,2.8276293773394297e-08,0.36861718750000005,94737,1,390189.4610884216,1.8894266722209958e-06,691578124999999.9,2.9165459814266666e-11,6.8905178434701985e-15,0.0,0.1556439819426488,0.17778649089714516,0.0,0.15000105970370683,0.0,0.09369900175910816,0.0,0.12199309073183139,0.0,0.06635864612254413,0.23451772884301547
236,7.0597987437132635e-06,2.8291977495005792e-08,0.37043359374999996,92759,1,392114.0909086296,1.8894174034481122e-06,695906249999999.9,2.916542826301586e-11,6.922069094275716e-15,0.0,0.1552604106252175,0.17763705961130855,0.0,0.15013550421275743,0.0,0.09368771815123747,0.0,0.12213305775537536,0.0,0.06631797618922083,0.2348282734548829
237,7.088085769720994e-06,2.8287026007730303e-08,0.372310546875,90868,1,393605.0510500409,1.8917976071789098e-06,700281249999999.9,2.9165403942368935e-11,6.94638974120105e-15,0.0,0.15483965733410976,0.1776438310172435,0.0,0.15027567502347566,0.0,0.09364032671818197,0.0,0.12216783913798442,0.0,0.06631938433452417,0.23511328643448062
238,7.1144254641285144e-06,2.633969440752083e-08,0.37408203124999995,89231,1,395614.81261948403,1.8911426939405574e-06,704406249999999.9,2.916537003198069e-11,6.980300129434334e-15,0.0,0.15447188430010966,0.1776223045998016,0.0,0.1503680885500966,0.0,0.09372944186289354,0.0,0.12217407194695348,0.0,0.06625593901738631,0.23537826972275885
239,7.140774307287549e-06,2.6348843159033754e-08,0.37588867187499997,87546,1,396901.3304838656,1.8941164617248881e-06,708562499999999.8,2.916535251155047e-11,6.997820559659333e-15,0.0,0.15402042035800576,0.1776415265906316,0.0,0.15053908705931257,0.0,0.09369982593333508,0.0,0.12226754306201451,0.0,0.06620248889350758,0.23562910810319296
240,7.168784739472953e-06,2.801043218540467e-08,0.37771875,85672,1,397508.43564768933,1.9004313676239622e-06,712828124999999.9,2.916534416273643e-11,7.006169373698902e-15,0.0,0.1536154546206668,0.17767022420782658,0.0,0.1505801687763713,0.0,0.09373707288822701,0.0,0.12240940680069495,0.0,0.06608856622817903,0.23589910647803425
241,7.195269440504223e-06,2.6484701031269617e-08,0.37944921875000004,84003,1,398020.69092782855,1.9066808706123472e-06,716718749999999.8,2.9165334699795046e-11,7.015632315081185e-15,0.0,0.1532854981006599,0.17776073461740394,0.0,0.15067583565818055,0.0,0.09362357034764615,0.0,0.12256663132212604,0.0,0.06598276696280587,0.23610496299117759
242,7.221781170719089e-06,2.6511730214865957e-08,0.38120898437499995,82275,1,397868.39265841787,1.9162566889412575e-06,721187499999999.9,2.916533579570919e-11,7.014536400938704e-15,0.0,0.1528391886422207,0.17774965544448942,0.0,0.15080515834182978,0.0,0.09356539381798247,0.0,0.12266688526941935,0.0,0.06589335942903693,0.2364803590550213
243,7.249880737169946e-06,2.809956645085722e-08,0.383005859375,80336,1,396651.1500279286,1.931197523809182e-06,725562499999999.9,2.9165358410532695e-11,6.991921577437985e-15,0.0,0.15242811029123046,0.1777112580890265,0.0,0.15098496167752004,0.0,0.09346299573174775,0.0,0.12277982039684039,0.0,0.06583409400353904,0.23679875981009596
244,7.2763878968499514e-06,2.650715968000589e-08,0.38467773437499997,78505,1,395415.9842895536,1.9456863134460934e-06,729124999999999.9,2.916538055505796e-11,6.969777052169262e-15,0.0,0.15213627478358002,0.1776700261481049,0.0,0.1512375923434287,0.0,0.09340712345459623,0.0,0.12286562920464066,0.0,0.06575613718869792,0.2369272168769516
245,7.302918496935106e-06,2.6530600085154465e-08,0.38641015624999997,76686,1,393626.80325726303,1.9633325426645477e-06,733374999999999.9,2.916541417164656e-11,6.936160463570937e-15,0.0,0.15170691764135016,0.177601318223633,0.0,0.15139353625620444,0.0,0.09334721646566452,0.0,0.12304768451592686,0.0,0.06566350926496901,0.23723981763225202
246,7.3309724945497635e-06,2.8053997614657985e-08,0.38815820312500005,74851,1,391588.5105383546,1.982480040547469e-06,737281249999999.9,2.916544870661355e-11,6.901625496579244e-15,0.0,0.1512803353175302,0.17763174446630475,0.0,0.15157217830600242,0.0,0.09334950210579812,0.0,0.12318290001358581,0.0,0.06555397334165254,0.23742936644912627
247,7.357504661065265e-06,2.6532166515501485e-08,0.38986328125,73110,1,389381.6203141505,2.0024739787946894e-06,741249999999999.8,2.9165485760897337e-11,6.864571212792157e-15,0.0,0.15086919493011372,0.177631381193327,0.0,0.15184609989479486,0.0,0.09322679224487752,0.0,0.12330043584990732,0.0,0.06546265217173489,0.23766344371524473
248,7.38402688708145e-06,2.6522226016184424e-08,0.391685546875,71421,1,387014.5488823755,2.0241386170422454e-06,745624999999999.8,2.9165533128064756e-11,6.817204045370777e-15,0.0,0.15047146995906113,0.17757787606647946,0.0,0.1520471918740619,0.0,0.09310222745246653,0.0,0.12347476601028205,0.0,0.06537251362550674,0.23795395501214198
249,7.412067935059191e-06,2.8041047977740793e-08,0.393724609375,69739,1,384455.74524667044,2.04821810698853e-06,750171874999999.9,2.916558013478373e-11,6.7701973263995315e-15,0.0,0.15001959451750363,0.17744199774787064,0.0,0.15233621215653786,0.0,0.0930962810101842,0.0,0.12357939748098837,0.0,0.06536135762722795,0.2381651594596874
250,7.438586184138804e-06,2.6518249079613953e-08,0.37313281249999997,119523,1,419087.84142210905,1.7806902306391525e-06,677859374999999.9,2.916492778917378e-11,7.422542936349487e-15,0.0,0.15656079227821862,0.18000041875170114,0.0,0.15163522539310315,0.0,0.0933554573815456,0.0,0.12622223152781556,0.0,0.06514206151462489,0.22708381315299092
251,7.464852109848281e-06,2.6265925709476475e-08,0.375380859375,117374,1,418252.5733616673,1.794996053977195e-06,683078124999999.9,2.916494323139119e-11,7.40710071893781e-15,0.0,0.15615390618902675,0.1797445302947527,0.0,0.15185618772600742,0.0,0.09338432321340305,0.0,0.1263404354952002,0.0,0.06505892452977444,0.22746169255183535
252,7.492529581842418e-06,2.7677471994136936e-08,0.37752734374999997,115369,1,417240.66406405554,1.8096383035764764e-06,688187499999999.9,2.9164960370361065e-11,7.389961749066597e-15,0.0,0.15567477521288814,0.17953997537430025,0.0,0.15200161412149366,0.0,0.09346384264384822,0.0,0.12646021087048745,0.0,0.06499943091870415,0.22786015085827804
253,7.520205912124711e-06,2.767633028229357e-08,0.37944335937499996,113598,1,418295.61205388245,1.8142354279639072e-06,692343749999999.9,2.916493915581981e-11,7.411176290314653e-15,0.0,0.15523870801698622,0.17957019688585765,0.0,0.15213486037832968,0.0,0.09353236391712777,0.0,0.126449620383477,0.0,0.06499549607515119,0.22807875434307037
254,7.547849757905133e-06,2.7643845780422507e-08,0.38129882812500004,111945,1,420817.53887054307,1.8121812562679322e-06,696687499999999.9,2.9164899126469024e-11,7.451205641109986e-15,0.0,0.1547957484953259,0.1795210654373159,0.0,0.15224484569086952,0.0,0.09365603790498143,0.0,0.12646945831732614,0.0,0.06491996414393648,0.2283928800102446
255,7.575482168766845e-06,2.7632410861711145e-08,0.3832265625,110416,1,424250.62295753387,1.806604595314217e-06,700968749999999.9,2.916484255546017e-11,7.507776649966845e-15,0.0,0.15445538499174363,0.17939269769433064,0.0,0.15250341467392414,0.0,0.09360793427517178,0.0,0.12652131368112043,0.0,0.06487880455833488,0.22864045012537465
256,7.602966002140394e-06,2.7483833373549265e-08,0.38528515625000004,108762,1,427393.66371572943,1.8029521210041295e-06,705593749999999.9,2.9164795895830117e-11,7.554436280018577e-15,0.0,0.1540559447649367,0.1793466689647481,0.0,0.15266188800908417,0.0,0.09361471312846613,0.0,0.12657021483681932,0.0,0.06483124309308244,0.22891932720286315
257,7.630222601675328e-06,2.7256599534934134e-08,0.387400390625,107055,1,429945.0650011231,1.802092509767442e-06,710937499999999.9,2.916475390682924e-11,7.596425280889821e-15,0.0,0.15366349212751262,0.17921441499579024,0.0,0.15272575107512518,0.0,0.09358252373341938,0.0,0.12667066635072524,0.0,0.06474950718178564,0.2293936445356417
258,7.657441295718732e-06,2.72186940434038e-08,0.38944531250000003,105277,1,432136.3444490091,1.8024186926307168e-06,715703124999999.9,2.9164721563739734e-11,7.628768370399554e-15,0.0,0.1531976569239102,0.17923629360669222,0.0,0.15281650584765993,0.0,0.0935274529077815,0.0,0.12679291460209835,0.0,0.0647104254849646,0.2297187506268932
259,7.684640896213105e-06,2.719960049437235e-08,0.39148632812499995,103312,1,433150.8536343024,1.8076211778888532e-06,721062499999999.8,2.916470562269824e-11,7.644709411899098e-15,0.0,0.15272324524423647,0.17916494130442376,0.0,0.1529028492174755,0.0,0.09349384606941695,0.0,0.1268453061000494,0.0,0.06463747436901633,0.2302323376953817
260,7.712599395569464e-06,2.7958499356358796e-08,0.3935078125,101256,1,434702.7616702232,1.8104684266925603e-06,725921874999999.9,2.916467967923215e-11,7.670652877981481e-15,0.0,0.15227620163195618,0.179123071730628,0.0,0.15319442514244874,0.0,0.09342551966487325,0.0,0.1268488554468026,0.0,0.06453870436180985,0.2305932220214815
261,7.740202294529361e-06,2.76028989598969e-08,0.395494140625,99371,1,437230.7005066647,1.8090867826376317e-06,730640624999999.8,2.91646432236369e-11,7.707108473232942e-15,0.0,0.15188179344471167,0.17906297995486264,0.0,0.15324974196638894,0.0,0.0934649592825431,0.0,0.12692290597699674,0.0,0.06449111821149373,0.23092650116300312
262,7.767814631319094e-06,2.7612336789733085e-08,0.39760937500000004,97526,1,439053.7197026882,1.811210597506142e-06,735531249999999.9,2.9164615330669264e-11,7.73500144087423e-15,0.0,0.1514176523755256,0.17907317169017958,0.0,0.1533432231697253,0.0,0.09343930522261955,0.0,0.12709258458757416,0.0,0.06439855385703619,0.23123550909733956
263,7.793590742047219e-06,2.5776110728124345e-08,0.399564453125,95773,1,441140.5841800786,1.8115062066558504e-06,740062499999999.9,2.916458023901857e-11,7.770093091566941e-15,0.0,0.15092116904637373,0.17899372852275672,0.0,0.15348743993704084,0.0,0.09347091804063996,0.0,0.12724793109684862,0.0,0.06435718580290062,0.23152162755343955
264,7.820949051048167e-06,2.7358309000949175e-08,0.40153515625,93871,1,442056.75505740143,1.8166678900670135e-06,744937499999999.9,2.91645628316076e-11,7.787500502529353e-15,0.0,0.150472308425671,0.17890809685484418,0.0,0.15374587763758232,0.0,0.09344994308950999,0.0,0.12727520356444505,0.0,0.0642456198379267,0.23190295059002072
265,7.846673088648188e-06,2.572403760002063e-08,0.403541015625,92231,1,443378.7283988807,1.820299395427734e-06,749718749999999.9,2.9164544833459965e-11,7.805498650164652e-15,0.0,0.15005832159641458,0.17886096228214104,0.0,0.15383833543871878,0.0,0.09346943319152234,0.0,0.12737339857608188,0.0,0.0641682759555304,0.23223127295959117
266,7.872303035968533e-06,2.5629947320345255e-08,0.405447265625,90380,1,443179.6575005259,1.829719657764386e-06,754156249999999.9,2.916454861033917e-11,7.801721770963254e-15,0.0,0.14967556084378267,0.1787859665011152,0.0,0.15399178183815135,0.0,0.09345870927650309,0.0,0.12745858402901886,0.0,0.06412189470540347,0.23250750280602536
267,7.897804465937823e-06,2.5501429969289556e-08,0.40741210937500005,88594,1,442856.3625884915,1.839928897007056e-06,758999999999999.9,2.916455611185567e-11,7.794220254455059e-15,0.0,0.14929888060595892,0.17877705601764185,0.0,0.15413600517749704,0.0,0.09340588221194181,0.0,0.1274575133632158,0.0,0.06405235024808839,0.23287231237565617
268,7.923294297332132e-06,2.5489831394308982e-08,0.40929882812499996,86779,1,442006.8762191459,1.852002084791417e-06,763468749999999.9,2.9164569648280045e-11,7.780683830080185e-15,0.0,0.14893992679935672,0.17870214400580262,0.0,0.15428443269501482,0.0,0.09334274984372092,0.0,0.12758576261804438,0.0,0.06398137057944941,0.23316361345861109
269,7.950456416623519e-06,2.7162119291386987e-08,0.41127539062499996,84756,1,440530.64446137345,1.8671817536228691e-06,767578124999999.9,2.916460080028503e-11,7.749531825106187e-15,0.0,0.1485185660079877,0.17866488106262435,0.0,0.15450698807539426,0.0,0.09329306226344307,0.0,0.1278416511138655,0.0,0.06388283398156458,0.23329201749512044
270,7.975907455697561e-06,2.5451039074041727e-08,0.41308984375,82935,1,438689.22151190514,1.8832915125031837e-06,771374999999999.9,2.9164630117148385e-11,7.720214961746877e-15,0.0,0.14810734650263352,0.17859405584817162,0.0,0.15466520411154502,0.0,0.0933135384062562,0.0,0.12809807945078533,0.0,0.06380554320999328,0.2334162324706149
271,8.003221013085215e-06,2.7313557387653175e-08,0.415109375,81057,1,436787.1582647814,1.9007398324121962e-06,775640624999999.9,2.916466908522359e-11,7.681246886540876e-15,0.0,0.14765028042308126,0.17864267700530734,0.0,0.1549572778258742,0.0,0.09322185417999775,0.0,0.12825591899725222,0.0,0.06370685436820114,0.23356513720028607
272,8.028650024322627e-06,2.5429011237412237e-08,0.41695117187499997,79328,1,435080.8433876606,1.9166606767997506e-06,779968749999999.8,2.916469642104309e-11,7.653911067043115e-15,0.0,0.14728849207650405,0.17850936157654854,0.0,0.15512532848664273,0.0,0.09317075684259343,0.0,0.1283873355224636,0.0,0.06368776319919056,0.23383096229605724
273,8.054092165799189e-06,2.544214147656116e-08,0.41876562500000003,77647,1,433040.8282639778,1.934069942914132e-06,784187499999999.9,2.916473384607661e-11,7.616486033526995e-15,0.0,0.14692082384985636,0.17853345024439388,0.0,0.15530204096862057,0.0,0.09303757322487968,0.0,0.12855863587179583,0.0,0.06357038916458342,0.23407708667587032
274,8.079569811492246e-06,2.5477645693056493e-08,0.42060937499999995,76072,1,430542.10854974337,1.9538594095560073e-06,788015624999999.9,2.9164776873400884e-11,7.57345870925121e-15,0.0,0.14656469408224673,0.1784984583379769,0.0,0.15561499312753072,0.0,0.09292228537464245,0.0,0.1287334224896913,0.0,0.06347746944537315,0.23418867714253874
275,8.10692869487939e-06,2.73588833871451e-08,0.40424804687500004,126603,1,471371.6230836641,1.715198909219233e-06,729531249999999.9,2.916401958183555e-11,8.33075027458013e-15,0.0,0.1516076820872086,0.1785529653339775,0.0,0.15541973668317427,0.0,0.09386640898659256,0.0,0.13144582679067518,0.0,0.06352458026331681,0.22558279985505492
276,8.132455884013526e-06,2.5527189134134e-08,0.406892578125,124444,1,471068.68684989976,1.7275297190562416e-06,735624999999999.9,2.916402816579345e-11,8.322166316679406e-15,0.0,0.15097754033283894,0.17855411392556966,0.0,0.15563843727949542,0.0,0.09384675201244187,0.0,0.13155153627195448,0.0,0.06344291961272795,0.22598870056497175
277,8.160159881557844e-06,2.7703997544317828e-08,0.40932226562499996,122233,1,470226.4090331421,1.740958218261835e-06,741265624999999.9,2.916404273008026e-11,8.307602029872873e-15,0.0,0.15043922642706836,0.17856784986615643,0.0,0.15572616701578923,0.0,0.0937907077724707,0.0,0.13174407008536404,0.0,0.06336216974514847,0.22636980908800275
278,8.18784200488804e-06,2.7682123330195842e-08,0.411611328125,120213,1,469836.66379774467,1.7521464791525528e-06,747249999999999.8,2.916404949382172e-11,8.300838288413768e-15,0.0,0.14998695105459203,0.1783387506227906,0.0,0.15590879973427602,0.0,0.09376734916605377,0.0,0.13182281904671522,0.0,0.06324705212460556,0.2269282782509668
279,8.216721627415467e-06,2.8879622527426068e-08,0.41392773437499997,118159,1,469626.1909261419,1.7627966343133462e-06,752828124999999.9,2.916405550787059e-11,8.29482423954153e-15,0.0,0.14951564424270164,0.17817591574616268,0.0,0.15614987897004212,0.0,0.09374749328790974,0.0,0.1318589540935493,0.0,0.06320925206789002,0.22734286159174447
280,8.24437242456596e-06,2.7650797150491442e-08,0.41625390625,116349,1,471610.22643510025,1.7652454629597902e-06,758671874999999.9,2.916402286178984e-11,8.327470320296677e-15,0.0,0.14903200983474255,0.17801540901455506,0.0,0.1563001473334522,0.0,0.09373504377774233,0.0,0.131957282683158,0.0,0.06313285348298157,0.2278272538733683
281,8.273187454503875e-06,2.8815029937914768e-08,0.418626953125,114409,1,475201.2105082531,1.761893462675552e-06,764234374999999.9,2.916396645403726e-11,8.383878072865773e-15,0.0,0.14848579573288795,0.17805605191824092,0.0,0.15651054181032673,0.0,0.09367957935400795,0.0,0.1320397318241834,0.0,0.06303158110825477,0.22819671825209834
282,8.300858330043256e-06,2.767087553938099e-08,0.420728515625,112624,1,478218.8571253535,1.7595647237922124e-06,769374999999999.9,2.916391235444732e-11,8.437977662814903e-15,0.0,0.1480783425327162,0.178011540621968,0.0,0.15659222052522362,0.0,0.09364801567222032,0.0,0.13216936767975931,0.0,0.06291635138083587,0.2285841615872765
283,8.329688419475369e-06,2.883008943211323e-08,0.42307031250000005,110670,1,481702.8119561443,1.7565615229936323e-06,774765624999999.8,2.916386138591209e-11,8.488946198039082e-15,0.0,0.1476095507174118,0.17788026517459793,0.0,0.15682879988181636,0.0,0.09360977231178329,0.0,0.1323287721825199,0.0,0.06283123741990287,0.22891160231196797
284,8.357371831041688e-06,2.7683411566319918e-08,0.42525781250000005,108477,1,483653.55331882264,1.7585224364915259e-06,779984374999999.9,2.916382899504622e-11,8.521337063909937e-15,0.0,0.14721308764903643,0.17775522201605645,0.0,0.15696360663568057,0.0,0.09358293682141348,0.0,0.13248397112046004,0.0,0.06273308470964305,0.22926809104771004
285,8.386171608338958e-06,2.8799777297269245e-08,0.427587890625,106213,1,485195.309510359,1.7625392589079469e-06,785499999999999.9,2.916380460422342e-11,8.545727886702129e-15,0.0,0.14679456434852117,0.17772753225990634,0.0,0.15706748886605001,0.0,0.09351604430741121,0.0,0.13256594724220624,0.0,0.06269727075482472,0.2296311522210803
286,8.41370463469566e-06,2.7533026356702377e-08,0.42983203125,103889,1,485450.4983894956,1.7708583374658698e-06,790640624999999.9,2.9163804348732856e-11,8.545983377275596e-15,0.0,0.14636894862637112,0.1777356707289366,0.0,0.15715168534220306,0.0,0.0934458409444096,0.0,0.13276897770749838,0.0,0.06260167034724683,0.22992720630333432
287,8.440641867256249e-06,2.6937232560588804e-08,0.431955078125,101814,1,485941.77426355187,1.7778059059838225e-06,795296874999999.9,2.9163797494841454e-11,8.552837268679391e-15,0.0,0.14595249614534206,0.1777799883342904,0.0,0.15727004309078002,0.0,0.09343419499821397,0.0,0.13294839506061196,0.0,0.06247032704681205,0.2301445553239495
288,8.467549220064534e-06,2.690735280828523e-08,0.434068359375,99694,1,486301.69899425335,1.7851813401956853e-06,800171874999999.9,2.916379395895125e-11,8.556373158879565e-15,0.0,0.14551189463785136,0.17781887393528703,0.0,0.15736828606525288,0.0,0.09339776730875664,0.0,0.1330975553785721,0.0,0.06237766768807116,0.23042795498620877
289,8.494600350552563e-06,2.705113048802811e-08,0.436232421875,97716,1,487194.27285980346,1.7907945399864402e-06,804984374999999.9,2.9163782754754124e-11,8.567577356008243e-15,0.0,0.14503628817421904,0.1779217464887106,0.0,0.15748306477248813,0.0,0.09333291545594155,0.0,0.13323423669470924,0.0,0.062327905404497855,0.23066384300943357
290,8.522165341186684e-06,2.7564990634121276e-08,0.43836328125,95737,1,487763.6895707715,1.7974412225549488e-06,809578124999999.8,2.916377671912703e-11,8.57361298309673e-15,0.0,0.14467880343251263,0.17796134413345097,0.0,0.1575551812940537,0.0,0.09333368977285891,0.0,0.1333796704716586,0.0,0.06223879666016164,0.23085251423530354
291,8.549727672901546e-06,2.75623317148625e-08,0.44043359375,93632,1,487442.8438647807,1.8071189239663091e-06,814312499999999.8,2.9163781619237654e-11,8.56871287247739e-15,0.0,0.14434461778609503,0.17791416484111006,0.0,0.15769261469964788,0.0,0.09323198907326763,0.0,0.133546487392573,0.0,0.06215909393264805,0.2311110322746583
292,8.578237091353601e-06,2.8509418452055345e-08,0.44252734375,91360,1,486215.01851276966,1.8202948362376748e-06,819046874999999.9,2.916380112234582e-11,8.549209764309545e-15,0.0,0.14393972830068763,0.17784917951750864,0.0,0.15777626735636038,0.0,0.09320575176322084,0.0,0.1338017601313478,0.0,0.062072435495687944,0.23135487743518673
293,8.605865909731408e-06,2.762881837780765e-08,0.44459765625000003,89172,1,484163.4147218972,1.8365603130314019e-06,823671874999999.9,2.916384196152101e-11,8.508370589118888e-15,0.0,0.14351546781236546,0.17790839681242696,0.0,0.15791577708075244,0.0,0.09315831554161504,0.0,0.13396065614099825,0.0,0.061963502815923804,0.23157788379591798
294,8.634367479449718e-06,2.8501569718309454e-08,0.446673828125,87043,1,482844.119217178,1.8501781852461207e-06,828218749999999.9,2.916386830015372e-11,8.482031956411843e-15,0.0,0.1431413617144081,0.17796910322391635,0.0,0.15803442983510932,0.0,0.09310572504230487,0.0,0.13409008425995966,0.0,0.0618853767211638,0.23177391920313775
295,8.661968513718798e-06,2.7601034269080633e-08,0.44879296874999997,84883,1,480484.04154885904,1.8680868871452976e-06,832671874999999.9,2.916391116033153e-11,8.439171778605938e-15,0.0,0.1427222323767745,0.17793821970389326,0.0,0.15825434542305317,0.0,0.09305341584632391,0.0,0.13426203967238515,0.0,0.06184992732241865,0.23191981965515143
296,8.690470654371204e-06,2.850214065240661e-08,0.451001953125,82773,1,477644.5405364671,1.8884417798158296e-06,837421874999999.8,2.916396340366829e-11,8.386928441841975e-15,0.0,0.14229601624854385,0.1778072260981409,0.0,0.1585272375310182,0.0,0.0930263778999017,0.0,0.13442725182211485,0.0,0.06181548895038392,0.23210040144989674
297,8.719004366487834e-06,2.8533712116630478e-08,0.453125,80698,1,474131.5992067623,1.9113891618196e-06,842249999999999.9,2.9164024483396875e-11,8.325848713253515e-15,0.0,0.14186637931034485,0.17783189655172416,0.0,0.15873275862068964,0.0,0.09295689655172414,0.0,0.13453448275862068,0.0,0.06173275862068966,0.23234482758620692
298,8.746626973883e-06,2.762260739516669e-08,0.455228515625,78783,1,470733.81201550504,1.9341228694657933e-06,846796874999999.9,2.916408181873094e-11,8.268513379196055e-15,0.0,0.1414468180043505,0.17777815914912237,0.0,0.1590847659786251,0.0,0.09284056341895595,0.0,0.13465507107093364,0.0,0.06167489713699764,0.23251972524101477
299,8.775427511936294e-06,2.8800538053294068e-08,0.457421875,76841,1,466768.3501681668,1.95995240395027e-06,851546874999999.8,2.916415889946264e-11,8.191432647493054e-15,0.0,0.14102049530315972,0.1778351836037575,0.0,0.15933390264730998,0.0,0.09275832621690863,0.0,0.13476942783945348,0.0,0.061579846285226315,0.23270281810418447
300,8.804214082280146e-06,2.8786570343852436e-08,0.42618750000000005,131328,1,516115.7342880795,1.6515191135874794e-06,751812499999999.9,2.916322078867711e-11,9.129543433021553e-15,0.0,0.1489496260448746,0.17942513565038862,0.0,0.1597649948672826,0.0,0.0948132057486435,0.0,0.13410140783106028,0.0,0.06244042381580878,0.22050520604194165
301,8.833032680218705e-06,2.8818597938557883e-08,0.42931835937499996,128931,1,515431.8603624929,1.6658588356298694e-06,758984374999999.8,2.9163241263852155e-11,9.109068257981935e-15,0.0,0.14835927228391663,0.17925854484079504,0.0,0.15987825904982006,0.0,0.09479052458703158,0.0,0.13444732065274256,0.0,0.06228077757710032,0.2209853010085937
302,8.862385569916636e-06,2.9352889697930488e-08,0.432158203125,126479,1,512297.3077109357,1.68713829497166e-06,765765624999999.9,2.916329683517247e-11,9.053496937660262e-15,0.0,0.14786342168892502,0.17916977380064628,0.0,0.15989876392560956,0.0,0.09478679411565316,0.0,0.13455810905475335,0.0,0.06222854947687162,0.22149458793754095
303,8.89173596181777e-06,2.935039190113428e-08,0.43484765625,124319,1,509283.21009620867,1.707685027228182e-06,772984374999999.9,2.916335184176637e-11,8.998490343763731e-15,0.0,0.14734416686878488,0.17904079194401773,0.0,0.1599293933759129,0.0,0.09470809640588926,0.0,0.13463317792689608,0.0,0.062144608833912734,0.22219976464458635
304,8.919139854218262e-06,2.7403892400491392e-08,0.43750781250000004,122448,1,510526.2674225197,1.7139482938217225e-06,779218749999999.9,2.916333220710767e-11,9.018125002463216e-15,0.0,0.14693487616292566,0.17900573204049927,0.0,0.1599167872002286,0.0,0.09473491544793843,0.0,0.13472080855699006,0.0,0.06205692755486509,0.22262995303655292
305,8.947902235203275e-06,2.8762380985012346e-08,0.439974609375,120620,1,513391.14114858967,1.7139937724311418e-06,785109374999999.8,2.916328972575401e-11,9.060606356116593e-15,0.0,0.14646619345043882,0.1789876013796961,0.0,0.1600545130889123,0.0,0.09465212392405457,0.0,0.13486662493840643,0.0,0.061917635516964324,0.22305530770152754
306,8.975245572139343e-06,2.7343336936067826e-08,0.44236718750000004,118792,1,516513.5276852464,1.7128968121414634e-06,791093749999999.9,2.9163243003051505e-11,9.107329058629297e-15,0.0,0.14602281758296098,0.17897762393373717,0.0,0.16014252159016654,0.0,0.09461702841601469,0.0,0.1349054271232538,0.0,0.061794677074686964,0.22353990427917986
307,9.002595335382017e-06,2.7349763242673378e-08,0.44477539062500004,117020,1,520418.5316064015,1.7092988185954483e-06,796859374999999.9,2.9163182181903616e-11,9.16815020651108e-15,0.0,0.14552201119771654,0.17892194532879568,0.0,0.16018882423976288,0.0,0.09461850916675815,0.0,0.1351366780107586,0.0,0.06166209243605226,0.22394993962015589
308,9.030010491914698e-06,2.7415156532682058e-08,0.44721679687500004,115055,1,524275.5926240003,1.7060370658747594e-06,801937499999999.9,2.916312609956181e-11,9.224232548319583e-15,0.0,0.14512501364777813,0.17904138006332568,0.0,0.16024893547330493,0.0,0.09454307238781526,0.0,0.13529424609673543,0.0,0.06160061142046074,0.22414674091057973
309,9.057523848926847e-06,2.751335701214935e-08,0.449599609375,112950,1,526395.6322278684,1.7082193766394146e-06,807874999999999.9,2.916309348327537e-11,9.256848834767433e-15,0.0,0.14468602706401093,0.17898303612154912,0.0,0.16043354547231697,0.0,0.09443732487673495,0.0,0.13538521688133975,0.0,0.061465279436999073,0.22460957014704927
310,9.085663939971898e-06,2.8140091045050124e-08,0.45207421875,110698,1,527510.7140586326,1.713990661049406e-06,814031249999999.9,2.91630796544513e-11,9.27067765882815e-15,0.0,0.1442180573917101,0.17889329565976275,0.0,0.16034165435363043,0.0,0.09446907051697472,0.0,0.13562917455133025,0.0,0.06136644459997754,0.22508230292661432
311,9.113155323339879e-06,2.7491383367980743e-08,0.4544765625,108655,1,529449.5971398868,1.7167887744370952e-06,819499999999999.9,2.9163049884015186e-11,9.300448094943506e-15,0.0,0.14375225620133056,0.17879428600897326,0.0,0.160482526257886,0.0,0.09439946366871231,0.0,0.13583621267598373,0.0,0.0613385935055782,0.22539666168153616
312,9.140685259989395e-06,2.752993664951654e-08,0.456923828125,106526,1,529788.1032191874,1.7249304971121954e-06,825343749999999.9,2.916305029332814e-11,9.300038781987592e-15,0.0,0.1433242856226891,0.17871721985936864,0.0,0.160546282245827,0.0,0.09432986385688945,0.0,0.13606616939879032,0.0,0.06122806642586933,0.22578811259056616
313,9.16826053661483e-06,2.7575276625435575e-08,0.459388671875,104445,1,531065.9002971824,1.7300627723148028e-06,831218749999999.8,2.916303165901262e-11,9.318673097511031e-15,0.0,0.14293367119175876,0.1786724034573801,0.0,0.1605989617655937,0.0,0.09432117241408632,0.0,0.13617791987483369,0.0,0.06112062991322538,0.22617524138312212
314,9.195764460522551e-06,2.75039239077205e-08,0.461900390625,102291,1,531261.5179296238,1.7388814172916921e-06,836874999999999.9,2.9163033017902986e-11,9.317314207143614e-15,0.0,0.14257081604952365,0.17851691170563186,0.0,0.16074471548840769,0.0,0.09432414490069471,0.0,0.1363549872512083,0.0,0.06101237668768208,0.22647604791685164
315,9.223254270104308e-06,2.7489809581757904e-08,0.46428710937499995,100094,1,529923.8363325559,1.7522786390896924e-06,842296874999999.8,2.916305252136263e-11,9.297810747500723e-15,0.0,0.14210714511074185,0.1785920114422733,0.0,0.16083545422038995,0.0,0.09427255326756828,0.0,0.13650800328124013,0.0,0.06091327850577371,0.22677155417201267
316,9.25117333341825e-06,2.791906331394164e-08,0.466693359375,97921,1,528494.5427413612,1.7661236649832128e-06,847203124999999.8,2.916307585951875e-11,9.274472591376189e-15,0.0,0.14169250921752521,0.17858353526095744,0.0,0.16102315576257495,0.0,0.09428032157758832,0.0,0.13667466007106177,0.0,0.06082938894399176,0.22691642916630045
317,9.278608376301447e-06,2.743504288319755e-08,0.46905273437499995,95771,1,527082.3854983913,1.779808042461823e-06,852312499999999.9,2.916310254274621e-11,9.247789363924856e-15,0.0,0.14120880264828964,0.17868043555203927,0.0,0.16114592658907786,0.0,0.09422248131415127,0.0,0.13682829839062272,0.0,0.06077741458641294,0.2271366409194062
318,9.305968851538015e-06,2.7360475236568365e-08,0.471322265625,93611,1,525181.5928057125,1.7948925555712028e-06,857484374999999.9,2.91631347992755e-11,9.215532834631821e-15,0.0,0.14079820319331005,0.17871927796218254,0.0,0.16132307297040824,0.0,0.09413758665987063,0.0,0.13690705586427812,0.0,0.06070024076215104,0.22741456258779946
319,9.33389812338025e-06,2.7929271842234802e-08,0.473712890625,91481,1,523276.3735016646,1.8105647975466757e-06,862546874999999.8,2.9163169339552904e-11,9.180992557232789e-15,0.0,0.14040512738052535,0.17862134649399483,0.0,0.16160978968504294,0.0,0.09405420114537336,0.0,0.13709846994941063,0.0,0.060608309522926014,0.22760275582272688
320,9.361233872455201e-06,2.7335749074949548e-08,0.47601953124999996,89341,1,521178.80562850763,1.8267033352438478e-06,867296874999999.8,2.9163207013048725e-11,9.143319061403227e-15,0.0,0.13997915658003793,0.17860513207671036,0.0,0.16186064450480467,0.0,0.09402926284865544,0.0,0.13720140159690142,0.0,0.06057721502367452,0.2277471873692158
321,9.38850109024289e-06,2.7267217787688285e-08,0.478388671875,87339,1,518352.0552575594,1.8458060193753748e-06,872218749999999.9,2.916326272988938e-11,9.087602220745428e-15,0.0,0.1395839712576806,0.1786310653846939,0.0,0.16209198358748242,0.0,0.09392287749811175,0.0,0.1373670565660277,0.0,0.06049768305877069,0.22790536264723296
322,9.416510026877432e-06,2.8008936634543234e-08,0.480716796875,85396,1,516302.0744580217,1.8621532651389144e-06,876968749999999.8,2.91632989528214e-11,9.051379288726308e-15,0.0,0.1391598646227354,0.1786923011290919,0.0,0.16220894091261828,0.0,0.09389055243837531,0.0,0.13754281326307152,0.0,0.06046878237657795,0.22803674525752965
323,9.443818101615163e-06,2.7308074737730227e-08,0.48294140625000004,83445,1,513306.0500759966,1.8816899047985076e-06,882062499999999.9,2.916334942313171e-11,9.000908978420409e-15,0.0,0.13876149571716292,0.17868206708564868,0.0,0.16235551996635206,0.0,0.09378563975637574,0.0,0.13772617343265958,0.0,0.06038436339812187,0.2283047406436793
324,9.471141828269982e-06,2.7323726654819105e-08,0.485224609375,81528,1,508354.6804865732,1.909000263007575e-06,886718749999999.8,2.916343445050596e-11,8.915881604170636e-15,0.0,0.13837824783142472,0.1787308551532594,0.0,0.1625898122245255,0.0,0.09372672932557811,0.0,0.13786302252098132,0.0,0.06028136132187493,0.22842997162235593
325,9.49844225346912e-06,2.730042519913787e-08,0.45784960937499997,136529,1,566700.5633760145,1.6158431417376579e-06,798281249999999.9,2.9162330611963656e-11,1.0019720146474012e-14,0.0,0.14491572782069712,0.17886775389366902,0.0,0.1606397092385856,0.0,0.09622940120041464,0.0,0.13946395130087574,0.0,0.06194037172754767,0.2179430848182101
326,9.525760492466897e-06,2.731823899777753e-08,0.46085546875000005,134231,1,567723.8862567135,1.6235197422770065e-06,805218749999999.9,2.9162333475852846e-11,1.0016856257290085e-14,0.0,0.14436891311165545,0.17884114969613235,0.0,0.16069809033811103,0.0,0.09619508556607531,0.0,0.1396858763000195,0.0,0.06180760982886785,0.2184032751591385
327,9.5536541267379e-06,2.7893634271003067e-08,0.463876953125,131801,1,566322.4219429515,1.6382079718246743e-06,812734374999999.9,2.916235841286832e-11,9.991919241805039e-15,0.0,0.14381170922717415,0.17868255405149364,0.0,0.16083871918485926,0.0,0.09613271299551587,0.0,0.13982442474895262,0.0,0.061703964127071,0.21900591566493333
328,9.580543936258707e-06,2.688980952080766e-08,0.46666210937499997,129648,1,564869.1525152175,1.6522839220271569e-06,819687499999999.8,2.916238329075793e-11,9.967041352201215e-15,0.0,0.14339286237449306,0.17862897656645643,0.0,0.16092093533279483,0.0,0.09604865002866937,0.0,0.13988557365934098,0.0,0.06156170609925042,0.21956129593899495
329,9.60743786266004e-06,2.6893926401332167e-08,0.46938085937499996,127457,1,561288.3562443693,1.6725123696335673e-06,826499999999999.9,2.91624476259982e-11,9.90270611193126e-15,0.0,0.1429367975599506,0.17858465481872315,0.0,0.160983343250542,0.0,0.09602909417741957,0.0,0.1399117021674996,0.0,0.06145063102574452,0.2201037770001207
330,9.635338188086366e-06,2.7900325426327117e-08,0.47223632812500005,125326,1,562164.5207307871,1.6800645032209266e-06,832843749999999.8,2.9162444232333826e-11,9.906099776299225e-15,0.0,0.1424157826167876,0.17855946398659964,0.0,0.1611969311578468,0.0,0.09599437516802116,0.0,0.1400210931199206,0.0,0.061360299439584744,0.22045205451123928
331,9.662225252511854e-06,2.6887064425488547e-08,0.47480078125,123415,1,564365.1743655897,1.682601275968985e-06,838999999999999.9,2.9162412254285527e-11,9.93807782460587e-15,0.0,0.14197977770281947,0.17840953031287793,0.0,0.16136290714033028,0.0,0.09592016388452394,0.0,0.1401245588198998,0.0,0.06132094875317773,0.22088211338637095
332,9.690160991966357e-06,2.7935739454503456e-08,0.47732031249999995,121523,1,569366.0895023446,1.6766727815392117e-06,844718749999999.8,2.916233768320456e-11,1.0012648905574671e-14,0.0,0.14156177881074355,0.17835572941388284,0.0,0.1615545771478141,0.0,0.09583121920879911,0.0,0.1402728448205313,0.0,0.06121004304630341,0.2212138075519256
333,9.71704682882487e-06,2.688583685851277e-08,0.47979296875,119585,1,573331.0370924787,1.673703105916483e-06,850546874999999.8,2.916228140332001e-11,1.0068928790119901e-14,0.0,0.14111311030962245,0.17838097486708945,0.0,0.16165419655287513,0.0,0.09577291637832071,0.0,0.14040479699088962,0.0,0.06108184682520943,0.22159215807599303
334,9.74539951529179e-06,2.835268646691898e-08,0.482474609375,117315,1,574896.5715524949,1.6784744708846965e-06,856515624999999.8,2.916225988126032e-11,1.0090450849814915e-14,0.0,0.14067693005218054,0.17830439587575447,0.0,0.1618487047974513,0.0,0.09567375226189852,0.0,0.14063644864731387,0.0,0.06095285130775179,0.2219069170576496
335,9.772299724177107e-06,2.6900208885316877e-08,0.484869140625,115106,1,576061.1499550106,1.683394690521544e-06,862140624999999.9,2.916224273694628e-11,1.0107595163847902e-14,0.0,0.14032861637120195,0.17831003049308566,0.0,0.16194366231223792,0.0,0.09555171538712522,0.0,0.140739487538922,0.0,0.060865326904408,0.2222611609930192
336,9.799203675573412e-06,2.690395139630525e-08,0.48725585937500004,112753,1,575328.3639398633,1.6938356942399277e-06,867421874999999.8,2.916225567035766e-11,1.009466175247291e-14,0.0,0.13992584427297325,0.1784186792263754,0.0,0.16197614991482112,0.0,0.095480509069045,0.0,0.14090790660386815,0.0,0.06076360356749174,0.2225273073454254
337,9.826738213157565e-06,2.7534537584153608e-08,0.48973437500000006,110517,1,576201.4899731957,1.6998719493862536e-06,873249999999999.9,2.916224693296098e-11,1.0103399149148656e-14,0.0,0.13954870305969433,0.17854066298695082,0.0,0.1620696806304438,0.0,0.0953283029703602,0.0,0.14092062023418306,0.0,0.06070334683980473,0.22288868327856298
338,9.853632691935967e-06,2.6894478778402152e-08,0.49222851562500003,108274,1,575758.9232090991,1.7098424211351278e-06,878843749999999.9,2.9162256725135246e-11,1.0093606974875885e-14,0.0,0.13916300625741504,0.1785644847056396,0.0,0.16218489729030516,0.0,0.09524603108471119,0.0,0.1410517377520127,0.0,0.06061002852936857,0.22317981438054763
339,9.882092998164274e-06,2.8460306228305776e-08,0.49465429687499995,105897,1,574668.9774196158,1.7215277535812058e-06,884031249999999.8,2.9162274714522665e-11,1.0075617587465502e-14,0.0,0.1387332535743476,0.17862459182746787,0.0,0.16229769054303234,0.0,0.09525670942853871,0.0,0.14123263169116687,0.0,0.060458890560405584,0.22339623237504094
340,9.90877270151894e-06,2.667970335466753e-08,0.49700585937499997,103650,1,573228.0991262146,1.7340596531558656e-06,888671874999999.9,2.916229615444506e-11,1.0054177665074409e-14,0.0,0.138336208624301,0.17877760181084384,0.0,0.16234325079479853,0.0,0.0952225632400272,0.0,0.14138964973847298,0.0,0.0604243379298691,0.2235063878616874
341,9.93712263740081e-06,2.8349935881868502e-08,0.49929296874999995,101459,1,572331.7344041985,1.7447677238088766e-06,893484374999999.8,2.916231078843717e-11,1.0039543672959162e-14,0.0,0.13795288650357146,0.1787371204593996,0.0,0.16258537463131462,0.0,0.09513452616590648,0.0,0.1415282547978,0.0,0.06037443572551812,0.22368740171648974
342,9.964872815230733e-06,2.775017782992326e-08,0.501650390625,99176,1,569729.1364368607,1.7610136415433079e-06,898093749999999.8,2.916235748351956e-11,9.992848590576702e-15,0.0,0.1375615643676147,0.17881601744242637,0.0,0.16276353442737837,0.0,0.09505343689773989,0.0,0.14172750102201717,0.0,0.06029317292530516,0.22378477291751836
343,9.993285011169571e-06,2.8412195938838765e-08,0.50416015625,96755,1,567305.4718468989,1.777385134709435e-06,903734374999999.8,2.91624066627691e-11,9.943669341037763e-15,0.0,0.13707046836865144,0.1787820090651997,0.0,0.163018634021617,0.0,0.09498702204315654,0.0,0.1418781234261806,0.0,0.06019447565180336,0.22406926742339128
344,1.0021675505348217e-05,2.8390494178646647e-08,0.506619140625,94421,1,565198.9443208006,1.7927108524019063e-06,909374999999999.9,2.916244287360049e-11,9.907458509639608e-15,0.0,0.13664419077138967,0.17875468890353868,0.0,0.1631063769088126,0.0,0.09495005570783649,0.0,0.14208775237192015,0.0,0.06008350392653504,0.22437343140996724
345,1.005009455481972e-05,2.841904947150325e-08,0.508935546875,92050,1,561847.66946809,1.8116495788149027e-06,914218749999999.9,2.916249991768707e-11,9.850414423055657e-15,0.0,0.13634078480283987,0.17886980715724837,0.0,0.1632658543605488,0.0,0.09479420512328504,0.0,0.1421932265182769,0.0,0.05999424349995203,0.224541878537849
346,1.0078513928295229e-05,2.84193734755082e-08,0.511185546875,89816,1,557805.6669710545,1.832844580625339e-06,918687499999999.8,2.916256613144554e-11,9.784200664591005e-15,0.0,0.13600048905921056,0.17892307633526536,0.0,0.16346039957665812,0.0,0.09470937274335472,0.0,0.14232769259571998,0.0,0.059932677943047526,0.22464629174674372
347,1.0107322371455815e-05,2.8808443160586513e-08,0.513623046875,87588,1,553393.6519718597,1.8562664932814153e-06,924015624999999.9,2.916264372276389e-11,9.70660934623814e-15,0.0,0.13557562505941628,0.17892195075577524,0.0,0.16368095826599482,0.0,0.094598345850366,0.0,0.14250784295085084,0.0,0.0598383876794372,0.2248768894381595
348,1.0136488140446344e-05,2.9165768990529404e-08,0.515974609375,85389,1,548133.1505396094,1.882661571798929e-06,928703124999999.9,2.916273755507369e-11,9.612777036434937e-15,0.0,0.13524542071852796,0.17895063574318928,0.0,0.16390780493529009,0.0,0.09450031985888356,0.0,0.14264570613107022,0.0,0.05976250951059699,0.22498760310244192
349,1.0165293361497485e-05,2.88052210511407e-08,0.5181796875,83268,1,543654.2615294398,1.9062839167018637e-06,933390624999999.8,2.9162815445607136e-11,9.534886502998275e-15,0.0,0.13501289067800443,0.17899196405686976,0.0,0.1640131469838829,0.0,0.09444871620908529,0.0,0.14268699021514616,0.0,0.059685346842160814,0.22516094501485065
350,1.019444271889898e-05,2.914935740149464e-08,0.4808125,138734,1,613394.2803287753,1.5677110642188826e-06,839874999999999.8,2.916150091312884e-11,1.0849418981294222e-14,0.0,0.14385236578707916,0.18027752502274796,0.0,0.16192073963343298,0.0,0.09624821266086052,0.0,0.1397252372286494,0.0,0.05962807097361237,0.21834784869361756
351,1.0223201637743691e-05,2.87589188447118e-08,0.484140625,136400,1,616796.1691756112,1.5698561346354855e-06,846874999999999.8,2.916146351469317e-11,1.0886817416962961e-14,0.0,0.14330724544134257,0.1800790705179926,0.0,0.16215104082620624,0.0,0.096179603033726,0.0,0.14002339841858966,0.0,0.05960545425205745,0.21865418751008553
352,1.0251591552443439e-05,2.838991469974815e-08,0.487388671875,134218,1,617146.1361523628,1.5794919333487397e-06,853953124999999.9,2.916145806667257e-11,1.0892265437567083e-14,0.0,0.1428090549524531,0.1799329173729578,0.0,0.162416898089708,0.0,0.09609165554633872,0.0,0.14018024949607885,0.0,0.059556869958283756,0.21901235458417992
353,1.0279936467688247e-05,2.834491524480885e-08,0.490412109375,131919,1,613087.0816386222,1.5998122422160847e-06,860937499999999.9,2.916153167166578e-11,1.0818660444348813e-14,0.0,0.14223926783516733,0.1799706082655292,0.0,0.1624032721204663,0.0,0.09604884284980346,0.0,0.14037540174677707,0.0,0.05952025361323186,0.21944235356902478
354,1.0308265221077407e-05,2.8328753389158937e-08,0.493521484375,129658,1,610808.4985308433,1.6159614201899623e-06,867906249999999.9,2.916158593110123e-11,1.0764401008906832e-14,0.0,0.1417863489035669,0.17989338420075746,0.0,0.16246838924660542,0.0,0.09602941234669525,0.0,0.14061096314354346,0.0,0.05938666233976959,0.2198248398190618
355,1.0336593859677993e-05,2.8328638600586176e-08,0.496458984375,127634,1,611410.993096202,1.6239779460324e-06,874531249999999.9,2.916158470099239e-11,1.076563111773764e-14,0.0,0.14121493231361162,0.17985577547238843,0.0,0.16265190588031644,0.0,0.09597658416834849,0.0,0.14082938938655398,0.0,0.05927919209086224,0.22019222068791872
356,1.0364936256372241e-05,2.8342396694247663e-08,0.49933984374999996,125711,1,613131.8946007756,1.6288170559945563e-06,880968749999999.9,2.9161563991149074e-11,1.0786340961051962e-14,0.0,0.14070139481033556,0.17988985457361675,0.0,0.1626326947297604,0.0,0.09588832129921539,0.0,0.1411472960393019,0.0,0.05920707809529771,0.22053336045247243
357,1.039334415068242e-05,2.840789431017863e-08,0.50232421875,123683,1,615628.3842198693,1.6319072727179416e-06,887499999999999.9,2.916153667805499e-11,1.0813654055136166e-14,0.0,0.14021929312959291,0.17969983280842958,0.0,0.1627590497297718,0.0,0.09582409891519889,0.0,0.14143629223531243,0.0,0.05921303316614177,0.22084840001555273
358,1.0421724137703576e-05,2.837998702115654e-08,0.5052265625,121543,1,618078.8939502764,1.6348287166739744e-06,893249999999999.8,2.916150264816251e-11,1.0847683947623996e-14,0.0,0.1397733071487111,0.1797615549954383,0.0,0.1628794321854366,0.0,0.09578778085326818,0.0,0.14165597117629777,0.0,0.05913961867355302,0.221002334967295
359,1.045011530770642e-05,2.839117000284446e-08,0.508060546875,119217,1,618197.6517486561,1.6436831988535761e-06,899453124999999.8,2.916150051101976e-11,1.0849821090374264e-14,0.0,0.13935500736178866,0.17971990604589294,0.0,0.162889665432654,0.0,0.09581473664786813,0.0,0.1418576310802031,0.0,0.05906730174107262,0.22129575169052038
360,1.0477994400975989e-05,2.78790932695688e-08,0.510888671875,116943,1,618873.1576341701,1.6510286981197455e-06,905812499999999.9,2.916149952027813e-11,1.0850811832002288e-14,0.0,0.13888941986046066,0.17968077989104464,0.0,0.1629207684220587,0.0,0.09574309471470897,0.0,0.14210073592659847,0.0,0.059038516677817066,0.2216266845073115
361,1.0507143509048931e-05,2.914910807294209e-08,0.513591796875,114484,1,616928.9121379534,1.6649950643264846e-06,911046874999999.8,2.91615244733615e-11,1.0825858748632696e-14,0.0,0.1384740586935606,0.17972763814891296,0.0,0.16305964047627197,0.0,0.09562327206902978,0.0,0.1423453846417122,0.0,0.05903581927220594,0.22173418669830658
362,1.0536292097049409e-05,2.914858800047832e-08,0.516421875,112058,1,615112.7402464704,1.6791129209681925e-06,916812499999999.9,2.9161569292893126e-11,1.0781039217003744e-14,0.0,0.13797237602493115,0.1797373755710871,0.0,0.16326283622280716,0.0,0.09560225106653354,0.0,0.14255998305648845,0.0,0.058950561253819846,0.2219146168043327
363,1.0565441739576492e-05,2.914964252708264e-08,0.5191679687499999,109781,1,615432.1506777252,1.6871655735836439e-06,922265624999999.9,2.916156755495262e-11,1.078277715751452e-14,0.0,0.13763759621389393,0.17958045851610527,0.0,0.16349778416486718,0.0,0.09553296666089822,0.0,0.1428179102680822,0.0,0.058879517256427434,0.22205376691972584
364,1.0594630159541883e-05,2.918841996539133e-08,0.521943359375,107387,1,614541.3189563409,1.6986436656900547e-06,927546874999999.8,2.9161589207861886e-11,1.0761124248251125e-14,0.0,0.1372574700170262,0.179680805283739,0.0,0.16351525810616124,0.0,0.09560124983628641,0.0,0.14300522012460942,0.0,0.058802177858439206,0.22213781877373845
365,1.0623814976016114e-05,2.9184816474231004e-08,0.524875,105093,1,613806.7912357178,1.7102287152715268e-06,933374999999999.9,2.9161611430727297e-11,1.0738901382840326e-14,0.0,0.1368257323172184,0.17977122529173611,0.0,0.1636103834246249,0.0,0.09552125506072874,0.0,0.14321862348178138,0.0,0.05876771255060728,0.22228506787330315
366,1.0652282132697386e-05,2.8467156681271825e-08,0.5275527343749999,102728,1,611251.0850218778,1.7261408521053762e-06,938671874999999.9,2.916165180266768e-11,1.0698529442449217e-14,0.0,0.13639779790971726,0.17981392559245038,0.0,0.16370919672574202,0.0,0.09547697764219365,0.0,0.1434690696649846,0.0,0.05872117346088772,0.22241185900402435
367,1.068077308079566e-05,2.8490948098273937e-08,0.530134765625,100309,1,607572.3661985315,1.7450917622931261e-06,943515624999999.8,2.9161714493708836e-11,1.0635838401299823e-14,0.0,0.1359582063817794,0.17989971594781692,0.0,0.16385868864417583,0.0,0.09549458606117991,0.0,0.14362135217681235,0.0,0.058696749426185114,0.22247070136205047
368,1.0709270091482391e-05,2.849701068673183e-08,0.532712890625,98065,1,605242.9426631897,1.76032747538024e-06,948343749999999.8,2.9161755799005966e-11,1.0594533104164299e-14,0.0,0.13554586817916836,0.18003365731863358,0.0,0.16397493666337914,0.0,0.09538440104271692,0.0,0.14387220484768046,0.0,0.05866199326120352,0.22252693868721787
369,1.0737774352816878e-05,2.8504261334486606e-08,0.535294921875,95681,1,601217.972230198,1.7807016642877172e-06,952968749999999.8,2.916182606156712e-11,1.0524270543010951e-14,0.0,0.1351146235829402,0.1800263435387181,0.0,0.16424940982446157,0.0,0.09534390723571631,0.0,0.14411229207030296,0.0,0.058619846682064145,0.22253357706579682
370,1.076629190431831e-05,2.8517551501431782e-08,0.537845703125,93454,1,597529.7102894903,1.8002308299094462e-06,957968749999999.9,2.916188846592361e-11,1.0461866186522515e-14,0.0,0.13469171354179904,0.18000050839394718,0.0,0.1645707520962172,0.0,0.09528391986258838,0.0,0.14430035914400985,0.0,0.05851251193817929,0.22264023502325903
371,1.0794825504143575e-05,2.8533599825265786e-08,0.540349609375,91132,1,592563.360621209,1.8237698962977692e-06,962640624999999.8,2.916197423169536e-11,1.0376100414767543e-14,0.0,0.1343531206286439,0.18007366469191313,0.0,0.16465757484845964,0.0,0.09518215565009631,0.0,0.14460762165698568,0.0,0.05843655908537225,0.222689303438529
372,1.0823355987551746e-05,2.853048340817198e-08,0.5429062499999999,88851,1,587181.3819454727,1.8491943603566632e-06,967296874999999.9,2.916207157256134e-11,1.0278759548796379e-14,0.0,0.1340190237725206,0.18014303804754506,0.0,0.16477796005295575,0.0,0.09519081333103091,0.0,0.14471449951073506,0.0,0.05844197893282681,0.22271268635238592
373,1.0852114413653909e-05,2.8758426102161827e-08,0.545357421875,86766,1,581991.8609984126,1.8741066960607805e-06,971624999999999.8,2.9162160164921576e-11,1.0190167188557096e-14,0.0,0.13371033188526732,0.1802501942891524,0.0,0.1648932931742729,0.0,0.0951390107548447,0.0,0.14489852196989503,0.0,0.05840493082589902,0.22270371710066864
374,1.0880893868671678e-05,2.877945501776948e-08,0.547677734375,84646,1,575729.8714901401,1.9025510451888356e-06,975859374999999.9,2.9162268734931476e-11,1.008159717865523e-14,0.0,0.13333285784081225,0.18038165407205853,0.0,0.16495073303115784,0.0,0.0951745830227773,0.0,0.14504067244152336,0.0,0.05839285905331817,0.22272664053835267
375,1.0909823422969648e-05,2.892955429797002e-08,0.51153125,141604,1,657161.9886582347,1.556788916061389e-06,881078124999999.8,2.916073768631158e-11,1.1612645798557426e-14,0.0,0.14083404606267944,0.1785005192742379,0.0,0.16094828639501496,0.0,0.0984062862728328,0.0,0.14571751481458856,0.0,0.06028926629604741,0.21530408088459893
376,1.0938745681318504e-05,2.892225834885687e-08,0.514837890625,139623,1,664773.5545598967,1.5489120681578275e-06,887515624999999.8,2.9160626942828184e-11,1.1723389281943933e-14,0.0,0.1403430236307697,0.1784883742986453,0.0,0.16117785862509817,0.0,0.09836227271175318,0.0,0.14595006771700741,0.0,0.060194160024582985,0.21548424299214333
377,1.0967092776165919e-05,2.8347094847414677e-08,0.51806640625,137387,1,665345.7917210738,1.5572846862378105e-06,893578124999999.9,2.9160628907965327e-11,1.1721424144807675e-14,0.0,0.13985673892554193,0.17855984919886897,0.0,0.16142507068803014,0.0,0.0983487276154571,0.0,0.14616022620169647,0.0,0.06004524033930254,0.21560414703110273
378,1.0995894286816714e-05,2.880151065079475e-08,0.521279296875,135290,1,665324.9788494185,1.566991510754566e-06,900265624999999.9,2.91606400872069e-11,1.1710244903235751e-14,0.0,0.13943685719103016,0.17849341501339477,0.0,0.1616628262050619,0.0,0.098214653702767,0.0,0.1463646752468199,0.0,0.05994866895220966,0.2158789036887165
379,1.1024346535655246e-05,2.8452248838533103e-08,0.524322265625,133019,1,664444.395360539,1.5782276719799666e-06,906999999999999.9,2.9160672466698054e-11,1.167786541207964e-14,0.0,0.13894424722390886,0.17842601870718525,0.0,0.1617825094150559,0.0,0.09816243439261249,0.0,0.14666254428149433,0.0,0.059790726868390376,0.21623151911135285
380,1.1053107703680385e-05,2.8761168025137906e-08,0.527447265625,130682,1,662993.5180689633,1.5911083630538178e-06,913296874999999.8,2.916071316319027e-11,1.1637168919863948e-14,0.0,0.1385061450900379,0.1784871858487038,0.0,0.16209040447615838,0.0,0.09801779650661167,0.0,0.1467971101968873,0.0,0.05965865959644958,0.21644269828515142
381,1.1081915201931182e-05,2.880749825079626e-08,0.530505859375,128414,1,662044.2946035123,1.6026295028876022e-06,919609374999999.8,2.9160734422323385e-11,1.1615909786749734e-14,0.0,0.1380131728634595,0.17851843943170395,0.0,0.1623192781064653,0.0,0.09787975068018069,0.0,0.14705156855742788,0.0,0.059535599497826,0.21668219086293666
382,1.1110675074924423e-05,2.8759872993241974e-08,0.5334785156249999,126271,1,662214.7229172866,1.611194970944896e-06,925312499999999.9,2.9160732602034505e-11,1.161773007563057e-14,0.0,0.1375809563558748,0.17854880812474144,0.0,0.16254242314409043,0.0,0.0977919828952812,0.0,0.1473085329555065,0.0,0.05941619895951176,0.21681109756499395
383,1.1139768279298381e-05,2.9093204373957896e-08,0.5364609375,123908,1,662037.6285489408,1.620635789768685e-06,931312499999999.8,2.916074277946749e-11,1.1607552642644769e-14,0.0,0.13716923704253864,0.17867753069159859,0.0,0.1626108611123247,0.0,0.0977288945199295,0.0,0.14748350736161472,0.0,0.059326168319571264,0.21700380095242255
384,1.1168756286359944e-05,2.8988007061562583e-08,0.5392265625,121511,1,662998.9649403208,1.6266286706753394e-06,936312499999999.9,2.9160733077037995e-11,1.1617255072132353e-14,0.0,0.13676996856029325,0.17879703278712278,0.0,0.16272583706408195,0.0,0.09763695107286188,0.0,0.14778473218295882,0.0,0.05923559496385158,0.2170498833688298
385,1.1198069433000831e-05,2.931314664088651e-08,0.542150390625,118864,1,660945.5598459498,1.6405296398431424e-06,942203124999999.8,2.916077471255922e-11,1.157561955091011e-14,0.0,0.13629535162709266,0.17892795256159466,0.0,0.16292541636495295,0.0,0.09752828903995592,0.0,0.14792799218966718,0.0,0.05915750717808496,0.21723749103865178
386,1.1227400874152774e-05,2.9331441151942978e-08,0.544916015625,116465,1,659811.5551069204,1.6517322602411777e-06,946968749999999.9,2.916079703287833e-11,1.1553299231806857e-14,0.0,0.1359154399509672,0.17904493596705337,0.0,0.1631379548884038,0.0,0.09749567199647306,0.0,0.14808044530944775,0.0,0.05909740964956611,0.21722814223808856
387,1.1256632366086306e-05,2.9231491933532206e-08,0.54769921875,114098,1,659450.2045622086,1.6610783193663666e-06,952249999999999.8,2.916081306862418e-11,1.1537263485958813e-14,0.0,0.1354815242741297,0.17917281810984872,0.0,0.1634072932936788,0.0,0.09738180313955395,0.0,0.1482087710664641,0.0,0.05901819400760283,0.21732959610872185
388,1.128613794031377e-05,2.9505574227464275e-08,0.550556640625,111643,1,657933.3199975028,1.6735940372410067e-06,957203124999999.8,2.9160847099000146e-11,1.1503233109984388e-14,0.0,0.13505152810543306,0.17932490199904216,0.0,0.16369086684286144,0.0,0.09727371091047768,0.0,0.14835837309541125,0.0,0.05897440445571776,0.21732621459105664
389,1.1315645209738548e-05,2.9507269424777256e-08,0.5532636718749999,109181,1,656799.4149120683,1.6847264455893901e-06,962578124999999.9,2.9160864125625794e-11,1.148620648433336e-14,0.0,0.13471198957888386,0.17937946348196607,0.0,0.1638078024224153,0.0,0.09726022077798294,0.0,0.1484620734208585,0.0,0.05890119355670013,0.21747725676119337
390,1.134485236925758e-05,2.9207159519032345e-08,0.55597265625,106665,1,654324.3977554971,1.699379262509944e-06,967734374999999.8,2.9160907362142134e-11,1.1442969967997486e-14,0.0,0.13431907762999812,0.17954527889607882,0.0,0.1639827442053271,0.0,0.09717626063556971,0.0,0.14851506017747615,0.0,0.058884696723787856,0.21757688173176234
391,1.1374312410974608e-05,2.9460041717026996e-08,0.5587285156249999,104007,1,649042.0502432748,1.7217020543293815e-06,972859374999999.9,2.916100383834513e-11,1.1346493765007803e-14,0.0,0.13396068780608875,0.1796839224103276,0.0,0.16407579989443108,0.0,0.09711992561235228,0.0,0.14871237358819028,0.0,0.058797003520129766,0.21765028716848037
392,1.1403737900765106e-05,2.9425489790498598e-08,0.561392578125,101383,1,645639.3469882454,1.7390283933089374e-06,977718749999999.8,2.916106485212682e-11,1.128547998330794e-14,0.0,0.13358591393472566,0.17978450630233828,0.0,0.164271325839413,0.0,0.09712524310013115,0.0,0.14880685237951105,0.0,0.05872672935953769,0.21769942908434312
393,1.1432849870310936e-05,2.9111969545830602e-08,0.56376953125,98855,1,640053.2340968704,1.7616332555384756e-06,982124999999999.9,2.9161149797984637e-11,1.120053412549584e-14,0.0,0.13326520006928808,0.1799618915641781,0.0,0.16441711415208732,0.0,0.09704139961891564,0.0,0.14888272994976617,0.0,0.058673133552745546,0.21775853109301926
394,1.1462272978272292e-05,2.9423107961355044e-08,0.566341796875,96322,1,635065.393487482,1.7835700155693128e-06,987249999999999.8,2.9161242674819836e-11,1.1107657290296627e-14,0.0,0.1329185734928457,0.18001358775308912,0.0,0.16458424579348682,0.0,0.09702828252870152,0.0,0.14890315104822271,0.0,0.05865150172260981,0.21790065766104413
395,1.1491350080931153e-05,2.9077102658861784e-08,0.5688671875,93885,1,629980.1329953397,1.8059845309572903e-06,991984374999999.8,2.916133464258171e-11,1.1015689528427603e-14,0.0,0.13256197212112888,0.18019638810684613,0.0,0.16481494197624116,0.0,0.0969271441323903,0.0,0.1489562590125661,0.0,0.058569662844194195,0.21797363180663323
396,1.1520758508923422e-05,2.940842799226939e-08,0.571390625,91557,1,624208.2191381644,1.8307693089620354e-06,996218749999999.8,2.916143387982425e-11,1.0916452285877844e-14,0.0,0.13223290218491074,0.1803269162405316,0.0,0.16497238097842437,0.0,0.09687850365063305,0.0,0.14911537094260166,0.0,0.058536602039979214,0.21793732396291943
397,1.1550185472624548e-05,2.9426963701126077e-08,0.573876953125,89222,1,619507.717428148,1.8526870190008878e-06,1000468749999999.8,2.9161520650943855e-11,1.0829681166273863e-14,0.0,0.13185739811112057,0.18040330128477836,0.0,0.16522760146345614,0.0,0.09687739300604101,0.0,0.14924529907257722,0.0,0.05847017782693781,0.21791882923508893
398,1.1576958609467746e-05,2.677313684319735e-08,0.576095703125,87162,1,612640.933278602,1.8806960874846317e-06,1004265624999999.8,2.916162897770084e-11,1.0721354409292466e-14,0.0,0.1315631558070389,0.18059675685938142,0.0,0.16536762487244075,0.0,0.09682296981634861,0.0,0.14932143571523016,0.0,0.05842467309237493,0.21790338383718524
399,1.1606381402690408e-05,2.9422793222662305e-08,0.578474609375,84913,1,605258.3839251697,1.9114963947249307e-06,1008109374999999.8,2.9161760508131106e-11,1.0589823979027554e-14,0.0,0.13127196729005097,0.18066439551757554,0.0,0.16547088078493075,0.0,0.09689748429159395,0.0,0.14943328190047236,0.0,0.05842412865193009,0.21783786156344645
400,1.163578676951831e-05,2.940536682790264e-08,0.5333789062500001,140459,1,686431.3589854696,1.554063343021864e-06,913218749999999.9,2.9160209135853395e-11,1.214119625673094e-14,0.0,0.13903475044857008,0.18057416968764878,0.0,0.16140466512871215,0.0,0.09950931927203487,0.0,0.14485334505108208,0.0,0.060606393496649466,0.21401735691530266
401,1.1665223430675384e-05,2.9436661157072223e-08,0.5367578125,138641,1,696138.0246865278,1.542101690944703e-06,919609374999999.8,2.916006573306595e-11,1.2284599044180702e-14,0.0,0.13851975838730804,0.1805472673022342,0.0,0.16141474419620114,0.0,0.09961065424641583,0.0,0.14516774616112363,0.0,0.06058147150862382,0.21415835819809328
402,1.169370822376362e-05,2.8484793088237146e-08,0.540087890625,136484,1,698800.8823417433,1.5457561782552931e-06,926031249999999.9,2.9160030823598155e-11,1.2319508511971682e-14,0.0,0.1380887803996022,0.1804285326823976,0.0,0.16147183798933187,0.0,0.09970527077117801,0.0,0.14553476177560798,0.0,0.0604466142301781,0.2143242021517042
403,1.1723219848311625e-05,2.951162454800379e-08,0.543673828125,133981,1,694359.0330836616,1.5659732277422366e-06,931906249999999.8,2.916012714508067e-11,1.2223187029460745e-14,0.0,0.13757674386857355,0.18040242706413614,0.0,0.16185457014452456,0.0,0.0997445762876265,0.0,0.14585376543409456,0.0,0.06030658030399374,0.21426133689705096
404,1.175128558639522e-05,2.8065738083595085e-08,0.5469609375,131592,1,688249.3258750318,1.589426729345795e-06,937781249999999.8,2.916024367083859e-11,1.2106661271539662e-14,0.0,0.1370748882318493,0.1804109354244333,0.0,0.16213523589150278,0.0,0.09968076445130052,0.0,0.146227021468055,0.0,0.06015483281198668,0.21431632172087242
405,1.1780865022577652e-05,2.9579436182431792e-08,0.550376953125,129206,1,684976.2714797851,1.6069956757363168e-06,943499999999999.8,2.916032477056342e-11,1.2025561546713185e-14,0.0,0.13654703984839936,0.180419669757588,0.0,0.16241354469415492,0.0,0.09980020795406558,0.0,0.14644437583616343,0.0,0.060090208060526694,0.21428495384910198
406,1.1808908294899767e-05,2.8043272322114866e-08,0.5533945312499999,127117,1,684283.2541307572,1.617442858375879e-06,948562499999999.9,2.9160352512029836e-11,1.1997820080296953e-14,0.0,0.1361130522556099,0.18054761450987863,0.0,0.16257614580465732,0.0,0.09970776951909026,0.0,0.1467434654017463,0.0,0.060051952085495054,0.21426000042352242
407,1.1838028454528851e-05,2.9120159629084663e-08,0.55657421875,125089,1,684968.7652213534,1.625108317370175e-06,953984374999999.9,2.9160345112543194e-11,1.200521956693433e-14,0.0,0.13566179824961574,0.18061102026206635,0.0,0.16271414835454054,0.0,0.0997241776211899,0.0,0.14707017679302092,0.0,0.05996504846192177,0.2142536302576448
408,1.1867149263796884e-05,2.9120809268033235e-08,0.55987109375,122860,1,685039.3107434226,1.634566323332345e-06,959781249999999.9,2.916035511792296e-11,1.1995214187174879e-14,0.0,0.13520829990162359,0.18071263613973643,0.0,0.1628060309641589,0.0,0.09976138480537514,0.0,0.1473797679432347,0.0,0.05984566759926602,0.21428621264660536
409,1.189516364721032e-05,2.801438341343645e-08,0.563048828125,120603,1,686221.0265834298,1.6410130448153655e-06,964828124999999.8,2.916034050083915e-11,1.2009831270990075e-14,0.0,0.13477475102417433,0.18083397795900527,0.0,0.1629798703348469,0.0,0.09974295912668542,0.0,0.1477204533077102,0.0,0.059750729323125695,0.21419725892445218
410,1.192401370900726e-05,2.8850061796938945e-08,0.5661875000000001,118135,1,684238.8017603797,1.6549412238631822e-06,970359374999999.9,2.916038098959605e-11,1.1969342514078428e-14,0.0,0.13433808919306767,0.18090434926592341,0.0,0.1631423170327851,0.0,0.09975231813665968,0.0,0.14798128932553262,0.0,0.05965062368914892,0.2142310133568827
411,1.1952845707507725e-05,2.8831998500465406e-08,0.569287109375,115744,1,683398.0721383209,1.6660483328368986e-06,975749999999999.9,2.916041172879781e-11,1.1938603312324561e-14,0.0,0.13397032335534778,0.18085599107985245,0.0,0.16327986962861307,0.0,0.09981988163650397,0.0,0.14831460674157304,0.0,0.05951110729908225,0.21424822025902737
412,1.198085817337831e-05,2.801246587058472e-08,0.57240234375,113503,1,679889.2893713939,1.6838104459013519e-06,981124999999999.9,2.916046350914352e-11,1.1886822966618724e-14,0.0,0.13349029242160576,0.18097041662401472,0.0,0.16351042413075373,0.0,0.09983280444944892,0.0,0.14851400689255126,0.0,0.059426075681577775,0.21425597980004776
413,1.200883864215019e-05,2.7980468771881382e-08,0.57521484375,111160,1,676052.2439500085,1.7016875512139707e-06,985312499999999.9,2.916052821472517e-11,1.1822117384961075e-14,0.0,0.1330820685205935,0.18111099792876303,0.0,0.16365827985467388,0.0,0.09991171776849683,0.0,0.14880309666904348,0.0,0.05931547315880615,0.21411836609962312
414,1.2036836987513798e-05,2.799834536360809e-08,0.5778496093750001,108868,1,672521.7973856209,1.7184561500351304e-06,989609374999999.8,2.9160588245776986e-11,1.1762086333144311e-14,0.0,0.13275918596358402,0.18117076039599944,0.0,0.1638516996271873,0.0,0.09995301816067789,0.0,0.14894595060484894,0.0,0.059247817372464595,0.21407156787523787
415,1.2064920449934418e-05,2.808346242061909e-08,0.580708984375,106437,1,667784.3114010625,1.7392112227273748e-06,993984374999999.8,2.9160678238838084e-11,1.1672093272051921e-14,0.0,0.13237119227237718,0.18119351681504625,0.0,0.16404381766630904,0.0,0.10002253441543373,0.0,0.1492148269726863,0.0,0.05919488233335464,0.2139592295247929
416,1.2093751695703939e-05,2.8831245769520774e-08,0.583560546875,103864,1,663002.2739400659,1.7603576030200848e-06,998609374999999.8,2.916075886239653e-11,1.1591469713605855e-14,0.0,0.13201554305298496,0.18135904653209856,0.0,0.16425633319164748,0.0,0.10003246503315115,0.0,0.1493257648527527,0.0,0.059106441798897534,0.21390440553846773
417,1.2122699163052262e-05,2.8947467348324586e-08,0.586453125,101439,1,658652.6454703406,1.7807660199442963e-06,1003640624999999.9,2.916083499913218e-11,1.1515332977954273e-14,0.0,0.13162750113233687,0.18145365411770975,0.0,0.16435536727679642,0.0,0.09998201582607306,0.0,0.14960501425412304,0.0,0.05905469853195854,0.21392174886100235
418,1.2150763694150455e-05,2.8064531098192866e-08,0.5892109375,99237,1,655338.3324403261,1.7981885335653013e-06,1008499999999999.9,2.916089513182496e-11,1.1455200285172036e-14,0.0,0.1312799162014877,0.18153913470080485,0.0,0.16453413596043437,0.0,0.09992840000530372,0.0,0.14977658149803103,0.0,0.05899044007478222,0.2139513915591562
419,1.2179451362849577e-05,2.8687668699121773e-08,0.5919687499999999,97006,1,652265.6956734661,1.8151153860354118e-06,1013109374999999.9,2.916095239556456e-11,1.1397936545572504e-14,0.0,0.13094216861109645,0.18160072322229848,0.0,0.16466504777490365,0.0,0.10001055798975875,0.0,0.1499102570870506,0.0,0.05894327720002111,0.21392796811487091
420,1.2208112043963812e-05,2.8660681114234786e-08,0.59468359375,94691,1,647495.2754093058,1.8368739242894968e-06,1017734374999999.8,2.9161035962739827e-11,1.1314369370301779e-14,0.0,0.13060056884241228,0.18162231754018354,0.0,0.16488219181681435,0.0,0.10003349995730398,0.0,0.15004696562641637,0.0,0.05889095435466603,0.21392350186220352
421,1.2236158659870618e-05,2.804661590680611e-08,0.597353515625,92528,1,643283.438852132,1.8572015990055993e-06,1022031249999999.9,2.916111029806019e-11,1.1240034049942542e-14,0.0,0.1302653304778564,0.18184374438032336,0.0,0.16505419411793554,0.0,0.10004740963559972,0.0,0.15013814186924748,0.0,0.05878467851362617,0.2138665010054112
422,1.2264826112006437e-05,2.8667452135818768e-08,0.5999628906250001,90208,1,637001.7858094585,1.8837086613897262e-06,1026187499999999.8,2.9161214850322446e-11,1.1135481787685234e-14,0.0,0.12994293266836165,0.18191554816215846,0.0,0.1652120411093134,0.0,0.10013965707514462,0.0,0.15027296610141902,0.0,0.058714568934927616,0.2138022859486752
423,1.2293508491173708e-05,2.868237916727168e-08,0.6024453125,87977,1,630788.2589172437,1.9101348320404863e-06,1030374999999999.9,2.916133488713467e-11,1.101544497546303e-14,0.0,0.1296798205231284,0.1820542580369069,0.0,0.16530286722083176,0.0,0.10009985346180282,0.0,0.1504058978382374,0.0,0.05866715080466329,0.21379015211442948
424,1.2319405552562964e-05,2.589706138925644e-08,0.604765625,86065,1,624139.8054599604,1.937917177239857e-06,1033937499999999.8,2.91614378367882e-11,1.0912495321927588e-14,0.0,0.12944709985789948,0.18204689316625758,0.0,0.16539206820824182,0.0,0.10016470740214442,0.0,0.15059423847048184,0.0,0.05864875339103475,0.21370623950394005
425,1.2347726732700777e-05,2.8321180137813383e-08,0.564630859375,140133,1,726417.8589711654,1.5545621639167675e-06,959437499999999.9,2.915950868731562e-11,1.2841644794509923e-14,0.0,0.13678391925033984,0.17819648484387268,0.0,0.16060686773368935,0.0,0.10414367794223962,0.0,0.14836850680235633,0.0,0.05949683663621489,0.21240370679128714
426,1.237603360198663e-05,2.8306869285853663e-08,0.5679335937500001,138489,1,740082.2526047482,1.5347850640956075e-06,964718749999999.8,2.915930824683449e-11,1.304208527564167e-14,0.0,0.13641146976085178,0.17837417721867238,0.0,0.16054638870356486,0.0,0.10421209015688729,0.0,0.14866463536257402,0.0,0.059460351741166914,0.2123308870562827
427,1.240304407332999e-05,2.7010471343359876e-08,0.571005859375,136507,1,741356.145312741,1.5404360319536334e-06,969703124999999.8,2.915928687932012e-11,1.3063452790014327e-14,0.0,0.13607087274033283,0.17837902549982043,0.0,0.1605616459441433,0.0,0.10435258504215766,0.0,0.1489011646799268,0.0,0.05945511450120573,0.21227959159241336
428,1.2431854418185924e-05,2.8810344855934e-08,0.57440625,133994,1,735690.3615119192,1.561543497238529e-06,975328124999999.9,2.915940848260348e-11,1.2941849506656744e-14,0.0,0.1356597845601436,0.1783363255535607,0.0,0.16084543822425326,0.0,0.10437068168217178,0.0,0.14915877808606712,0.0,0.05938197051302974,0.2122470213807736
429,1.2458863172945438e-05,2.7008754759514252e-08,0.5776953125,131710,1,732010.8015170834,1.5783792023361772e-06,981031249999999.8,2.9159494208816005e-11,1.2856123294126696e-14,0.0,0.135174792075191,0.1784096287781459,0.0,0.1609304212590439,0.0,0.10441544391101494,0.0,0.1494692000811414,0.0,0.05932787882885929,0.21227263506660354
430,1.2487741909668936e-05,2.887873672349743e-08,0.580853515625,129333,1,728198.386389156,1.595316678756238e-06,986203124999999.9,2.91595810886578e-11,1.2769243452326872e-14,0.0,0.1348029738026947,0.17853576196128407,0.0,0.16084224117929904,0.0,0.10451013291996891,0.0,0.14985356274609357,0.0,0.05922386574175259,0.212231461648907
431,1.2514769760203462e-05,2.7027850534525638e-08,0.583939453125,127114,1,724116.9250804256,1.612831941637446e-06,992265624999999.8,2.9159676455454867e-11,1.267387665526013e-14,0.0,0.13438491924127943,0.17857895423393774,0.0,0.160982282918084,0.0,0.10446957458266021,0.0,0.15002491830475254,0.0,0.05915170732196792,0.2124076433973182
432,1.2543682496139426e-05,2.8912735935964052e-08,0.587255859375,124990,1,722608.8159286241,1.625376957573699e-06,997562499999999.9,2.915971316236745e-11,1.263716974268034e-14,0.0,0.13398187411657103,0.17875779496133698,0.0,0.16113078905795292,0.0,0.10448158310468113,0.0,0.15023862974972976,0.0,0.059073750727529725,0.21233557828219837
433,1.2572869806943016e-05,2.9187310803590452e-08,0.590443359375,122802,1,722110.764968197,1.6353262907000263e-06,1002968749999999.8,2.9159718077893625e-11,1.2632254216508656e-14,0.0,0.13357282497593506,0.1789373054543891,0.0,0.16125660338662354,0.0,0.1044137251204901,0.0,0.15047286367831378,0.0,0.05901285779025957,0.2123338195939889
434,1.2599892180020557e-05,2.702237307754067e-08,0.59325390625,120415,1,719771.6122239884,1.6484504144778165e-06,1008078124999999.9,2.915976519783594e-11,1.2585134274198228e-14,0.0,0.13319023131168806,0.17905420976737144,0.0,0.1613848412818605,0.0,0.1044096053939805,0.0,0.15059951406767497,0.0,0.058957154991341444,0.21240444318608312
435,1.2628930693994747e-05,2.9038513974190423e-08,0.596236328125,117836,1,716832.5898184418,1.6635301926660835e-06,1012968749999999.8,2.915982731339834e-11,1.2523018711792097e-14,0.0,0.13283192421209866,0.1792395658967547,0.0,0.16142927805603507,0.0,0.10444094302476799,0.0,0.15077324231098063,0.0,0.05891775558270793,0.2123672909166549
436,1.265595133413292e-05,2.7020640138173314e-08,0.5990234375,115364,1,712381.8290459812,1.6817482228658463e-06,1017828124999999.9,2.9159900941133065e-11,1.2449390977070665e-14,0.0,0.13248777306814477,0.17940006521030324,0.0,0.16149983697424194,0.0,0.10448320834691882,0.0,0.15086077600260842,0.0,0.058875122269318556,0.21239321812846432
437,1.268429356007783e-05,2.8342225944909562e-08,0.60183984375,113012,1,708846.9630471866,1.6980811800697146e-06,1022203124999999.9,2.9159966784942915e-11,1.238354716722174e-14,0.0,0.13216633889570392,0.17960226129511717,0.0,0.16162678245743844,0.0,0.1044842962011021,0.0,0.15097909405404003,0.0,0.058833265182935135,0.2123079619136632
438,1.271264158076813e-05,2.8348020690299883e-08,0.604630859375,110638,1,705790.6559813485,1.7133433384274737e-06,1026499999999999.8,2.9160020449246706e-11,1.2329882863424463e-14,0.0,0.1317856000723582,0.17972936741490642,0.0,0.16181102235028472,0.0,0.10448330108440389,0.0,0.15118664215963382,0.0,0.05878780635137012,0.21221626056704276
439,1.2739644404859514e-05,2.7002824091384304e-08,0.6073339843750001,108432,1,703306.5784890794,1.7270817676119048e-06,1030859374999999.8,2.9160062801223675e-11,1.2287530886452447e-14,0.0,0.1315109903362223,0.17986846971426734,0.0,0.16195912591854125,0.0,0.1044395491309032,0.0,0.1513209306812883,0.0,0.05873197086395138,0.21216896335482627
440,1.2768078478734874e-05,2.84340738753603e-08,0.610060546875,105962,1,700239.7191878909,1.742433427176976e-06,1035078124999999.8,2.916012557748151e-11,1.2224754628627457e-14,0.0,0.13117934631232173,0.1800986710463549,0.0,0.16199403875767965,0.0,0.10452343677465417,0.0,0.15140338913594004,0.0,0.058715995786791146,0.2120851221862584
441,1.2796528422281925e-05,2.8449943547051952e-08,0.612662109375,103402,1,694555.4918109383,1.7641847673757069e-06,1039249999999999.8,2.91602282948051e-11,1.2122037305039804e-14,0.0,0.13086459897412359,0.18039549481482903,0.0,0.1620712630266862,0.0,0.10452590672749243,0.0,0.15142357092988787,0.0,0.05868344793948031,0.2120357175875008
442,1.2823994621543136e-05,2.74661992612109e-08,0.6152734375,100937,1,688744.1359688167,1.7866531426348343e-06,1043343749999999.8,2.9160325781887355e-11,1.2024550222768908e-14,0.0,0.13052187162719825,0.18065519649546058,0.0,0.1621611326264999,0.0,0.10453939432416988,0.0,0.15149196876388799,0.0,0.05866294203542631,0.21196749412735696
443,1.2852624059835587e-05,2.862943829245181e-08,0.61784375,98500,1,682682.7374037547,1.8100465008084497e-06,1047437499999999.8,2.9160423074670574e-11,1.1927257439564209e-14,0.0,0.13024126245511103,0.18089626220221539,0.0,0.16221991806180772,0.0,0.10455970866420515,0.0,0.1515761721713621,0.0,0.05859276212634667,0.21191391431895198
444,1.28803090400197e-05,2.768498018411286e-08,0.6203398437500001,96161,1,677049.2939383663,1.8324805868757653e-06,1051343749999999.9,2.916051980585687e-11,1.1830526253267987e-14,0.0,0.1299879728223567,0.18112866561297677,0.0,0.16233226495053743,0.0,0.10455773360116366,0.0,0.15158336849131335,0.0,0.0585616503050873,0.21184834421656476
445,1.2909198431324802e-05,2.8889391305102555e-08,0.622826171875,93818,1,670561.6034495382,1.8576255147059567e-06,1055265624999999.8,2.916063807812651e-11,1.1712253983618801e-14,0.0,0.12968230125404925,0.18136518578681476,0.0,0.16241176341462651,0.0,0.10459190873256044,0.0,0.15161483534919892,0.0,0.05854424921680721,0.21178975624594293
446,1.2936928332917042e-05,2.772990159223975e-08,0.62520703125,91586,1,664544.0949438444,1.8816118779983487e-06,1058890624999999.8,2.916074193859767e-11,1.160839351246163e-14,0.0,0.12942587767801916,0.1815492368153049,0.0,0.16248680124708692,0.0,0.10465283374882071,0.0,0.15165288998019408,0.0,0.05852436380448977,0.21170799672608448
447,1.2965797476511002e-05,2.8869143593960458e-08,0.627671875,89308,1,657606.1493394534,1.9089598709819803e-06,1062937499999999.9,2.916086456482032e-11,1.1485767289811395e-14,0.0,0.1291665629434169,0.1816889049314182,0.0,0.1625644121381096,0.0,0.10467439197430983,0.0,0.15169836449179758,0.0,0.05852480645241593,0.21168255706853206
448,1.2994665089956885e-05,2.8867613445881902e-08,0.6300449218749999,87132,1,651923.0776787412,1.9328811740132246e-06,1066828124999999.9,2.916095775768227e-11,1.1392574427863775e-14,0.0,0.12886605927776723,0.18180437282807832,0.0,0.16263411277097672,0.0,0.10478233508895382,0.0,0.15175629217906705,0.0,0.058499672952387435,0.21165715490276918
449,1.302283121648215e-05,2.8166126525264847e-08,0.6324335937500001,84982,1,645190.1054181228,1.96045657997233e-06,1070953124999999.8,2.9161073167544313e-11,1.1277164565823077e-14,0.0,0.12859551706886221,0.18198550984231296,0.0,0.16266529959296613,0.0,0.10479731691197815,0.0,0.15179150478990505,0.0,0.058491812999141454,0.21167303879483393
450,1.3051705645782045e-05,2.8874429299895167e-08,0.587087890625,136875,1,739665.2746523396,1.587442078853696e-06,993937499999999.8,2.915925953501454e-11,1.3090797095590362e-14,0.0,0.1360196148228977,0.17996333864512673,0.0,0.16139645828689672,0.0,0.10349014767672801,0.0,0.14700804087973945,0.0,0.06049788914431333,0.211624510544298
451,1.3079019571035112e-05,2.7313925253066963e-08,0.5902578125,135903,1,761285.0231125959,1.550688098622162e-06,999109374999999.8,2.915892782466883e-11,1.3422507441303906e-14,0.0,0.13563657300173387,0.18016822627824175,0.0,0.16116170105753577,0.0,0.10370865485156115,0.0,0.14719799346154355,0.0,0.06054359191560891,0.21158325943377496
452,1.3107224508619967e-05,2.8204937584854684e-08,0.593650390625,133914,1,759525.3376799134,1.5632141843704549e-06,1004468749999999.9,2.9158956325565375e-11,1.3394006544752456e-14,0.0,0.13523650349236221,0.18027366433184516,0.0,0.16111913511806258,0.0,0.10392861960394674,0.0,0.14745236865395184,0.0,0.06048712119467412,0.2115025876051575
453,1.3136070327188367e-05,2.88458185684e-08,0.5969140625,131484,1,754165.152905869,1.5829796966885416e-06,1009624999999999.9,2.9159076285382406e-11,1.3274046727732421e-14,0.0,0.1348079314181009,0.1803645049407761,0.0,0.16110202211897123,0.0,0.1040965905372685,0.0,0.14776847064982657,0.0,0.060434526536221445,0.21142595379883514
454,1.3164256461048888e-05,2.8186133860520598e-08,0.60021484375,129010,1,746717.995229493,1.6076078187068001e-06,1014874999999999.9,2.915923693531943e-11,1.3113396790703487e-14,0.0,0.13439523608083045,0.18049201132407017,0.0,0.1610295792522209,0.0,0.10433113143080279,0.0,0.14802967687351537,0.0,0.06036575444990401,0.21135661058865646
455,1.3193182022664413e-05,2.8925561615524942e-08,0.60349609375,126690,1,740230.0930145067,1.6305635219241835e-06,1020031249999999.9,2.915937363156208e-11,1.2976700548055917e-14,0.0,0.13396550050163433,0.18066604097219974,0.0,0.16100521052461245,0.0,0.10445321855076214,0.0,0.1483348975695006,0.0,0.06029968607398298,0.21127544580730767
456,1.3221359142959693e-05,2.8177120295279964e-08,0.6068085937500001,124434,1,734049.2016355728,1.6533185851791368e-06,1024765624999999.8,2.9159496269356586e-11,1.285406275354118e-14,0.0,0.13353675415049276,0.1809157799192754,0.0,0.16099534578320232,0.0,0.10453963165382411,0.0,0.1486484746657397,0.0,0.06026663576730203,0.21109737806016363
457,1.3249742233960627e-05,2.838309100093366e-08,0.609947265625,122297,1,731354.1154053649,1.667994348502235e-06,1029703124999999.8,2.915955475404763e-11,1.2795578062504628e-14,0.0,0.133166609562174,0.18116960674750957,0.0,0.1610474778493274,0.0,0.10459728524174415,0.0,0.14876734348832668,0.0,0.060228695487891185,0.2110229816230271
458,1.3278173311292911e-05,2.8431077332285072e-08,0.61303125,120216,1,729087.3540175337,1.681640057592488e-06,1033968749999999.9,2.915959472592249e-11,1.2755606187639217e-14,0.0,0.13286626395473317,0.18144976296069737,0.0,0.1610146811439058,0.0,0.10465731253504615,0.0,0.14899067135647653,0.0,0.06019014120405771,0.21083116684508338
459,1.330632256248301e-05,2.814925119009872e-08,0.61615625,117893,1,726872.9535165158,1.6953616089830198e-06,1038374999999999.8,2.915963908719267e-11,1.2711244917462809e-14,0.0,0.13250938276614085,0.18174988588527666,0.0,0.1610253841862352,0.0,0.104776335142263,0.0,0.14917330222650504,0.0,0.0601099305168129,0.2106557792767662
460,1.3334756607275448e-05,2.8434044792438123e-08,0.619220703125,115491,1,725348.470138258,1.7073743962180577e-06,1042843749999999.9,2.9159670625049656e-11,1.267970706047547e-14,0.0,0.13214063796165165,0.18195123028251864,0.0,0.16113373349188273,0.0,0.10478140051286741,0.0,0.14946962695676583,0.0,0.0600080115820982,0.21051535921221542
461,1.3364134336191952e-05,2.9377728916503303e-08,0.6222460937500001,112967,1,718880.2977209189,1.7311535612332672e-06,1047171874999999.8,2.9159786379992994e-11,1.2563952117143278e-14,0.0,0.13178379735710474,0.1821588875984808,0.0,0.16114755642047773,0.0,0.10490285319689883,0.0,0.14971279701183338,0.0,0.0599328290279042,0.2103612793873003
462,1.33923801614905e-05,2.8245825298548267e-08,0.6251171875,110684,1,717056.7901144449,1.743563957884644e-06,1051546874999999.8,2.915983504993851e-11,1.2515282171627053e-14,0.0,0.13144722864462913,0.18241579703805538,0.0,0.1611541585952634,0.0,0.10499281384740361,0.0,0.14987189901893397,0.0,0.05984815347122415,0.21026994938449042
463,1.3421725955115809e-05,2.9345793625308538e-08,0.628037109375,108386,1,712828.770816794,1.7620980944844985e-06,1056234374999999.8,2.915991109526166e-11,1.2439236848469867e-14,0.0,0.13115019203557712,0.1827214628912628,0.0,0.16109530251434437,0.0,0.10498981511716503,0.0,0.1500303214069133,0.0,0.05978759465721262,0.21022531137752484
464,1.3451120125592665e-05,2.9394170476856328e-08,0.630923828125,106023,1,708003.7412911995,1.7822612828976656e-06,1060843749999999.8,2.9159989626550126e-11,1.236070556000106e-14,0.0,0.13083183451845476,0.18300607058721552,0.0,0.16111047478121426,0.0,0.10501713447232944,0.0,0.1501085028464584,0.0,0.05974931353762618,0.21017666925670128
465,1.3479330968761374e-05,2.8210843168707747e-08,0.633662109375,103674,1,703066.362919955,1.8025669916657447e-06,1064749999999999.8,2.916007260819241e-11,1.227772391771797e-14,0.0,0.13050071663044985,0.18319231895449012,0.0,0.16112934794334766,0.0,0.10512121072017508,0.0,0.15024889423151017,0.0,0.05976852065899178,0.2100389908610353
466,1.350872382737288e-05,2.9392858611507126e-08,0.636373046875,101355,1,698427.4673830788,1.8223024625861607e-06,1068640624999999.8,2.916016384058952e-11,1.2186491520616334e-14,0.0,0.1302302170196702,0.18333266835060755,0.0,0.16118567443059575,0.0,0.10519515196901387,0.0,0.15040681597063438,0.0,0.05974102503506506,0.20990844722441326
467,1.3538079323050313e-05,2.9355495677432956e-08,0.6390039062499999,98972,1,691764.2998528575,1.8474613575344088e-06,1072374999999999.8,2.916027680108807e-11,1.2073531022062487e-14,0.0,0.12987437723507655,0.1835895711709509,0.0,0.16128312498089678,0.0,0.10525720573402206,0.0,0.15048445762142007,0.0,0.05973652841030657,0.20977473484732706
468,1.3567465242151621e-05,2.938591910130841e-08,0.641490234375,96491,1,684073.5489613308,1.875500771368846e-06,1075796874999999.8,2.9160403458170416e-11,1.1946873939711182e-14,0.0,0.12963893278285732,0.18373659965351674,0.0,0.16135219809830018,0.0,0.10529985416038706,0.0,0.150604518896734,0.0,0.059739437284399434,0.20962845912380537
469,1.3595981787731488e-05,2.8516545579865253e-08,0.644041015625,94057,1,677938.6618873256,1.8999978960693663e-06,1079328124999999.8,2.916051519697214e-11,1.1835135137995699e-14,0.0,0.12938629078480904,0.18388228622376415,0.0,0.16139548565727266,0.0,0.10540138105043532,0.0,0.1507419279512599,0.0,0.059709051430027076,0.20948357690243186
470,1.3625185591866578e-05,2.9203804135090355e-08,0.6465234375,91709,1,670697.6927647963,1.9279131104055434e-06,1083031249999999.9,2.916063578404508e-11,1.1714548065050844e-14,0.0,0.1291190864600326,0.18407649084647448,0.0,0.16138299800616274,0.0,0.10544680079753488,0.0,0.15089722675367043,0.0,0.0596821944293396,0.20939520270678505
471,1.3654953014406762e-05,2.976742254018349e-08,0.64913671875,89428,1,663436.9518037122,1.9568904535243823e-06,1086765624999999.9,2.9160767511353487e-11,1.1582820756650198e-14,0.0,0.12880688895708844,0.18424710703518493,0.0,0.16144940094717142,0.0,0.10557591512766354,0.0,0.1509697374517839,0.0,0.05967962257565637,0.20927132790545136
472,1.3683023346399904e-05,2.8070331993142143e-08,0.6516523437499999,87315,1,657557.9754540679,1.9820376851182137e-06,1090281249999999.8,2.9160875033084537e-11,1.1475299025594011e-14,0.0,0.12859737566162943,0.18454289876096225,0.0,0.16140759967150817,0.0,0.10568087134268057,0.0,0.15100435791227831,0.0,0.059629067934277656,0.20913782871666378
473,1.3711097626055165e-05,2.807427965526148e-08,0.653888671875,85232,1,650413.3092057038,2.0106866283949213e-06,1093531249999999.8,2.9160991264333406e-11,1.1359067776726679e-14,0.0,0.12839652200925353,0.18473017494496569,0.0,0.1614768616838565,0.0,0.10574059637206497,0.0,0.15099270888405006,0.0,0.059619284867275406,0.2090438512385339
474,1.374053812696448e-05,2.9440500909313826e-08,0.656408203125,82961,1,641574.2377795748,2.0462423971285507e-06,1097531249999999.8,2.9161149479458166e-11,1.1200852651960766e-14,0.0,0.1282131390944445,0.18483936908066806,0.0,0.161407517830523,0.0,0.10581080156271852,0.0,0.15111238064633228,0.0,0.05961360505354364,0.20900318673177004
475,1.3768751589335857e-05,2.821346237137674e-08,0.613771484375,134886,1,762520.2785507258,1.609849604371327e-06,1017656249999999.9,2.915887208694987e-11,1.3478245160261408e-14,0.0,0.13453895134780797,0.18013944267480453,0.0,0.1616287617223175,0.0,0.10752233087563763,0.0,0.14905919153797442,0.0,0.05985661143480848,0.20725471040664947
476,1.3797953538335705e-05,2.9201948999848695e-08,0.6168085937500001,134013,1,786558.8374806683,1.568372420111953e-06,1021265624999999.9,2.915849279822772e-11,1.3857533882406033e-14,0.0,0.13425964041215177,0.1804240578076414,0.0,0.16141871908703445,0.0,0.10778135944218918,0.0,0.14927518793183156,0.0,0.059875366522485325,0.2069656687966663
477,1.3827403405972894e-05,2.9449867637188002e-08,0.620134765625,131969,1,786034.5966792047,1.5778816053260529e-06,1025609374999999.8,2.915851735713105e-11,1.3832974979080099e-14,0.0,0.13386707148458785,0.18066574490801837,0.0,0.16119858019772668,0.0,0.10796229398221784,0.0,0.1497185906541232,0.0,0.05985657099483794,0.20673114777848817
478,1.385683414135296e-05,2.9430735380066475e-08,0.6234199218750001,129518,1,778681.3586833545,1.6012195872497047e-06,1029749999999999.8,2.9158673746736596e-11,1.3676585373535014e-14,0.0,0.1334843400973085,0.18087289428586645,0.0,0.16094752045013802,0.0,0.10823613447747588,0.0,0.1501326791795508,0.0,0.05985444451754592,0.20647198699211444
479,1.3886284575939013e-05,2.9450434586052003e-08,0.6266738281249999,126947,1,769695.1213738302,1.6283689755144833e-06,1034328124999999.9,2.9158856478960857e-11,1.3493853149280366e-14,0.0,0.1331496585706405,0.18108378498832814,0.0,0.1607226895470568,0.0,0.10834109899425601,0.0,0.15054370015302768,0.0,0.059845974998207936,0.206313092748483
480,1.3915780018526523e-05,2.94954425875102e-08,0.629833984375,124618,1,762321.09131406,1.6524112780070567e-06,1038906249999999.8,2.915901333309436e-11,1.333699901576918e-14,0.0,0.1327947902938212,0.18136909837971935,0.0,0.16056128382045118,0.0,0.1084673230482983,0.0,0.1507372664547639,0.0,0.05988371191565237,0.20618652608729357
481,1.3945284930184276e-05,2.950491165775216e-08,0.63305078125,122401,1,758306.584213334,1.6696433722957209e-06,1043703124999999.8,2.915911271077889e-11,1.3237621331244622e-14,0.0,0.1324377857720241,0.1817062710954517,0.0,0.16045192859478838,0.0,0.10854554766415114,0.0,0.15090305502249152,0.0,0.059869431880588166,0.2060859799705049
482,1.3974829032297468e-05,2.9544102113191527e-08,0.636216796875,120441,1,755900.6847203762,1.6833343579000731e-06,1048218749999999.9,2.915915335703731e-11,1.3196975072825978e-14,0.0,0.1321041434505116,0.18197781686789893,0.0,0.16039331620326455,0.0,0.10856411342684263,0.0,0.15115904255809026,0.0,0.05985393392950884,0.2059476335638832
483,1.4004128436537064e-05,2.9299404239596593e-08,0.6392265625,118272,1,753193.408504036,1.6973769427154371e-06,1052328124999999.8,2.915920169847265e-11,1.3148633637479079e-14,0.0,0.13173879566370492,0.18223622297454195,0.0,0.16036530963933465,0.0,0.10860292589921904,0.0,0.15140978477408,0.0,0.05986543796824776,0.20578152308087164
484,1.4032714019145423e-05,2.8585582608358592e-08,0.6422656250000001,116050,1,751867.9899936765,1.7084531687681017e-06,1056124999999999.8,2.915924282152087e-11,1.3107510589264632e-14,0.0,0.13137087945505413,0.18248996472448606,0.0,0.16035153874224548,0.0,0.10873068969711715,0.0,0.1516542999635081,0.0,0.059855856951709044,0.20554677046588005
485,1.406048198581279e-05,2.7767966667366708e-08,0.6451855468750001,113786,1,748715.7659542526,1.7234458688143123e-06,1060093749999999.9,2.915929183312715e-11,1.3058498982983559e-14,0.0,0.13106694718997383,0.18268121755187916,0.0,0.1603190700349645,0.0,0.1088531339397884,0.0,0.15184585345179893,0.0,0.0598483357803442,0.20538544205125103
486,1.4088592189677008e-05,2.8110203864217466e-08,0.648119140625,111615,1,745594.371415323,1.7385301323954716e-06,1063874999999999.9,2.915935507276381e-11,1.2995259346322753e-14,0.0,0.13079011683446992,0.18295428177086942,0.0,0.16032570207662195,0.0,0.10892094612716482,0.0,0.15199932496978935,0.0,0.05982455241579449,0.20518507580528994
487,1.4116598327958715e-05,2.8006138281705933e-08,0.65091796875,109369,1,741430.1587264749,1.755844326235814e-06,1067187499999999.9,2.9159427263505736e-11,1.2923068604399272e-14,0.0,0.13052179914183695,0.18318780568307977,0.0,0.16040747742070993,0.0,0.108938698352687,0.0,0.15214090677228673,0.0,0.059864374231103905,0.2049389383982957
488,1.4144748358938682e-05,2.8150030979966695e-08,0.653724609375,106993,1,734814.9081577015,1.779290545462645e-06,1071078124999999.8,2.9159543406955026e-11,1.2806925155105553e-14,0.0,0.13025123466195807,0.18345299022727343,0.0,0.16036712706934722,0.0,0.10899084871245597,0.0,0.15226451792164492,0.0,0.059870274598380076,0.20480300680894037
489,1.4172776075663917e-05,2.8027716725234983e-08,0.656419921875,104729,1,728366.6495284247,1.8024436519711438e-06,1074953124999999.8,2.915964816471802e-11,1.2702167392107933e-14,0.0,0.12999907761978297,0.1837232621315314,0.0,0.16037216554047018,0.0,0.1090818746336514,0.0,0.15226414589079612,0.0,0.05985950066500638,0.2046999735187615
490,1.420093228074944e-05,2.815620508552341e-08,0.6590859375,102472,1,723884.7163176001,1.8209693412309315e-06,1078984374999999.8,2.915973427523413e-11,1.2616056875993843e-14,0.0,0.12969548261678696,0.18392838092528713,0.0,0.16037540153858917,0.0,0.10911477780543603,0.0,0.1523416663703282,0.0,0.05990777947678485,0.20463651126678756
491,1.4228943251932021e-05,2.8010971182581147e-08,0.66153515625,100230,1,718099.9671861497,1.8424597868795429e-06,1082874999999999.8,2.9159821167916623e-11,1.2529164193503882e-14,0.0,0.12945445312453868,0.1841154275389276,0.0,0.16036621730940698,0.0,0.10921861437352749,0.0,0.15232384427792836,0.0,0.05990741232809576,0.2046140310475752
492,1.425715038494369e-05,2.820713301166922e-08,0.664091796875,97835,1,710925.2868896956,1.8682463800954598e-06,1086640624999999.9,2.915995223634844e-11,1.2398095761692673e-14,0.0,0.12922076967192625,0.1842889284296281,0.0,0.1604105701219064,0.0,0.10924518035969003,0.0,0.1523991588606385,0.0,0.05990029851624193,0.20453509403996883
493,1.4285151906900986e-05,2.8001521957295717e-08,0.66659765625,95613,1,705729.0174826941,1.8891037203705352e-06,1090046874999999.8,2.9160044124888464e-11,1.2306207221671777e-14,0.0,0.1290192148796653,0.18445171082162803,0.0,0.1603701164378344,0.0,0.10935604662201362,0.0,0.15246793125069588,0.0,0.05993003181970009,0.20440494816846275
494,1.431337385135931e-05,2.8221944458324778e-08,0.6690625,93506,1,699222.6764167084,1.9137322703226115e-06,1093671874999999.9,2.9160152420462946e-11,1.219791164718913e-14,0.0,0.12880663241475945,0.18463626809901915,0.0,0.16030768332554882,0.0,0.10943192433442317,0.0,0.15250175151798226,0.0,0.05998657169546941,0.20432916861279776
495,1.4341358752960473e-05,2.7984901601162537e-08,0.671416015625,91352,1,692219.9027726353,1.939892259484863e-06,1097281249999999.9,2.9160273694399385e-11,1.20766377107448e-14,0.0,0.12859657033147645,0.18477157360406093,0.0,0.1603682748389161,0.0,0.10948758599624744,0.0,0.15245880179773974,0.0,0.060032289500094545,0.2042849039314648
496,1.4368319089433607e-05,2.696033647313443e-08,0.673716796875,89287,1,686632.9422588588,1.9623783113540465e-06,1100718749999999.8,2.916037463871014e-11,1.1975693399983083e-14,0.0,0.12836903488402432,0.184900113931867,0.0,0.16034533241723994,0.0,0.10960071664014054,0.0,0.15257013477589051,0.0,0.05998962147369276,0.20422504587714493
497,1.4395265550402858e-05,2.6946460969250097e-08,0.675998046875,87286,1,678635.8360358422,1.992226201385855e-06,1103796874999999.8,2.916051520310815e-11,1.1835129001985118e-14,0.0,0.12819008930660972,0.18511113486713798,0.0,0.16031851053563742,0.0,0.10966135141616418,0.0,0.15258688686577426,0.0,0.06002698556243518,0.20410504144624125
498,1.4423249627510065e-05,2.798407710720596e-08,0.67824609375,85237,1,670928.5441235745,2.0218132010942665e-06,1106953124999999.8,2.9160648804661666e-11,1.1701527448464111e-14,0.0,0.12801285484734867,0.1853010119160749,0.0,0.1602766787036877,0.0,0.10977878374253444,0.0,0.15261387655430192,0.0,0.06000656564783938,0.2040102285882129
499,1.445044414651477e-05,2.7194519004705336e-08,0.680462890625,83372,1,665559.2719464126,2.0447852484572925e-06,1110187499999999.8,2.916074770319696e-11,1.160262891317386e-14,0.0,0.12785127311658825,0.1854206551721169,0.0,0.16019655737563757,0.0,0.10988613564410715,0.0,0.15265056817366396,0.0,0.06005505213879569,0.20393975837909054
500,1.447874420368023e-05,2.8300057165460627e-08,0.641634765625,131614,1,772917.4067568423,1.6602932215417334e-06,1053249999999999.9,2.915869704958521e-11,1.3653282524924013e-14,0.0,0.13416657281053948,0.18082169263691072,0.0,0.16123975319389863,0.0,0.10890456201657753,0.0,0.1483302233978759,0.0,0.06134842336926247,0.20518877257493523
501,1.4507181225441309e-05,2.8437021761078305e-08,0.644826171875,130938,1,799572.6300848083,1.6129270753217384e-06,1056999999999999.8,2.915828377351714e-11,1.4066558592998206e-14,0.0,0.1338387586286275,0.18114438544787081,0.0,0.16086881457272578,0.0,0.10914096882941442,0.0,0.14867136552668325,0.0,0.0614355249567622,0.20490018203791596
502,1.4535465285946452e-05,2.8284060505143493e-08,0.6480644531249999,129121,1,800971.5001151541,1.618196035768636e-06,1061499999999999.8,2.9158273587717077e-11,1.4076744393056889e-14,0.0,0.13351657128046557,0.1815020086857198,0.0,0.1604808790599411,0.0,0.10941535642493122,0.0,0.14894412146747074,0.0,0.06139676741739977,0.2047442956640718
503,1.4563796149143454e-05,2.8330863197001973e-08,0.65119921875,126772,1,789132.1235547332,1.650418730431606e-06,1065218749999999.8,2.9158489008048964e-11,1.3861324061171091e-14,0.0,0.1331737719471888,0.18168703173831935,0.0,0.16014324533462904,0.0,0.1097404428128393,0.0,0.14941184233415516,0.0,0.06137114818213993,0.20447251765072852
504,1.459214746534321e-05,2.835131619975674e-08,0.6542558593750001,124391,1,779502.9671960277,1.6786487977805713e-06,1069343749999999.8,2.915869015201742e-11,1.3660180092719474e-14,0.0,0.1329486326008496,0.18193976338815268,0.0,0.15988166422372743,0.0,0.10994420545765556,0.0,0.14964520163950573,0.0,0.06133518817597521,0.2043053445141337
505,1.462059243414694e-05,2.844496880373001e-08,0.65725,122152,1,772761.2588568764,1.701042831707819e-06,1073249999999999.8,2.915884455928618e-11,1.3505772823951268e-14,0.0,0.1326550019018638,0.18215397965005706,0.0,0.15964363826550015,0.0,0.11014466051730695,0.0,0.1499203594522632,0.0,0.06136482502852795,0.20411753518448075
506,1.4649052350548352e-05,2.8459916401411972e-08,0.6602246093749999,120069,1,763459.4656050743,1.7295603476518395e-06,1077265624999999.8,2.915900952254984e-11,1.3340809560288353e-14,0.0,0.13235907524368778,0.18255506086647832,0.0,0.1593917789578002,0.0,0.11023118907805404,0.0,0.1501501323827414,0.0,0.06135459345925718,0.203958170011981
507,1.467752699472521e-05,2.8474644176857453e-08,0.6632148437500001,118120,1,760261.1594330706,1.744702686757171e-06,1081281249999999.8,2.915908558182245e-11,1.3264750287685681e-14,0.0,0.13207152659571336,0.18276564791528008,0.0,0.1592179429035887,0.0,0.11039385568637614,0.0,0.15040080573437858,0.0,0.06135478817078271,0.20379543299388042
508,1.4706003748642762e-05,2.8476753917552647e-08,0.66615625,116190,1,757947.750048947,1.7577893725708156e-06,1084984374999999.9,2.915912973175411e-11,1.3220600356026711e-14,0.0,0.13177862738659285,0.18313728479617208,0.0,0.1591071679879908,0.0,0.11040190927428813,0.0,0.15059870056762206,0.0,0.06138586574095792,0.20359044424637612
509,1.4734492173564643e-05,2.8488424921880715e-08,0.668900390625,113883,1,753893.2201064161,1.77452289736889e-06,1088296874999999.9,2.9159206327677673e-11,1.3144004432462185e-14,0.0,0.13159131854109912,0.18339917717102172,0.0,0.15901797784960744,0.0,0.11047165211094469,0.0,0.15075172931320938,0.0,0.061393903824198424,0.20337424118991937
510,1.4763165353668482e-05,2.8673180103838976e-08,0.6717597656250001,111562,1,749442.3688779242,1.7926922563259091e-06,1092203124999999.9,2.9159287258903875e-11,1.30630732062557e-14,0.0,0.1313626465004172,0.18367394407761795,0.0,0.15888771620714018,0.0,0.1105102328597056,0.0,0.15087762145251657,0.0,0.061452400266324744,0.20323543863627774
511,1.4791672755111512e-05,2.8507401443028676e-08,0.674568359375,109419,1,743895.6937404557,1.8136100667101217e-06,1096203124999999.6,2.915938545354686e-11,1.2964878563275631e-14,0.0,0.13112551718546875,0.18391390327726934,0.0,0.15877340544734916,0.0,0.11057997156746648,0.0,0.15100802307030828,0.0,0.06146870539320574,0.20313047405893236
512,1.4820179048639763e-05,2.8506293528250683e-08,0.677283203125,107277,1,740833.225502421,1.8284363600611394e-06,1099796874999999.8,2.9159446872095844e-11,1.2903460014290293e-14,0.0,0.13089405339000892,0.18423792207492592,0.0,0.1586848882108839,0.0,0.11054044623365986,0.0,0.15114961256629053,0.0,0.06151357243582904,0.20297950508840176
513,1.4848690010138048e-05,2.8510961498285297e-08,0.6798437500000001,105119,1,734462.9735867343,1.8512675912850927e-06,1103468749999999.8,2.915954586382274e-11,1.280446828739203e-14,0.0,0.1306395081590439,0.18446908756607677,0.0,0.15858423350953804,0.0,0.11055791772006435,0.0,0.15131866237646519,0.0,0.061540450471156055,0.2028901401976557
514,1.4877344172081182e-05,2.865416194313369e-08,0.6823574218749999,102874,1,727556.2629092707,1.8757516268129293e-06,1107062499999999.8,2.91596658616227e-11,1.2684470487428423e-14,0.0,0.1304158664098212,0.18470548162820186,0.0,0.1584780474400845,0.0,0.11057426717463299,0.0,0.1514653645020852,0.0,0.0615599069173677,0.20280106592780658
515,1.4904438616206711e-05,2.709444412552945e-08,0.684734375,100778,1,720891.5804225772,1.89968753581119e-06,1110328124999999.8,2.9159784526071067e-11,1.2565806039064062e-14,0.0,0.1302255664833535,0.1848487095817265,0.0,0.15839285306802364,0.0,0.11061543025351984,0.0,0.1516811948063802,0.0,0.061543025351984124,0.2026932204550122
516,1.4931540884141336e-05,2.7102267934623995e-08,0.6870371093750001,98619,1,715445.527740731,1.9205853771832485e-06,1113515624999999.8,2.9159883370881255e-11,1.246696122887438e-14,0.0,0.13001367397935543,0.1851132722884442,0.0,0.1583253497383181,0.0,0.11068247655381606,0.0,0.15169872897376926,0.0,0.06157270662349365,0.20259379184280324
517,1.495865416561786e-05,2.7113281476525363e-08,0.6893203125,96321,1,708006.104904658,1.947215730838439e-06,1116890624999999.6,2.916001368601e-11,1.2336646100130985e-14,0.0,0.12981254179275328,0.18531331814627183,0.0,0.15826278149898565,0.0,0.11070121156483403,0.0,0.15172894495256878,0.0,0.06164643614067299,0.2025347659039135
518,1.4985739902652157e-05,2.7085737034296603e-08,0.69143359375,94135,1,699734.4978088747,1.9762741323034155e-06,1119718749999999.8,2.916015269799837e-11,1.2197634111757962e-14,0.0,0.1296587140621557,0.18548136514375135,0.0,0.15815758698808519,0.0,0.11076963057958158,0.0,0.15181038038043693,0.0,0.06169530018586835,0.20242702266012075
519,1.5012817735385808e-05,2.7077832733651008e-08,0.69349609375,92128,1,693986.7398322829,1.998586007328032e-06,1122843749999999.8,2.916025594215259e-11,1.2094389957543923e-14,0.0,0.12953220491734024,0.18561973695327683,0.0,0.15810403582392207,0.0,0.11080350353451433,0.0,0.1518179513898668,0.0,0.06173430591151041,0.2023882614695694
520,1.504075213786225e-05,2.7934402476440266e-08,0.695705078125,90121,1,686928.1755211644,2.025554062030362e-06,1126453124999999.8,2.9160383164921475e-11,1.1967167188655267e-14,0.0,0.12939604324524637,0.18582485731370774,0.0,0.15795295352904684,0.0,0.11084191229109408,0.0,0.151858080128916,0.0,0.06173199962942272,0.20239415386256637
521,1.5068684885066922e-05,2.793274720467188e-08,0.697849609375,88067,1,679346.9962404163,2.0544717596073266e-06,1129609374999999.8,2.916051415354145e-11,1.1836178568681826e-14,0.0,0.12928107831256175,0.18598708644580586,0.0,0.1578593838773688,0.0,0.11085113588339177,0.0,0.15192877673880978,0.0,0.061755000713687974,0.202337538028374
522,1.509616292024752e-05,2.747803518059788e-08,0.699904296875,86184,1,673290.4822006153,2.079055965821465e-06,1132781249999999.8,2.91606137395268e-11,1.1736592583330287e-14,0.0,0.12915828335905297,0.18615826382513231,0.0,0.157714084793959,0.0,0.11087453362764439,0.0,0.15199901772284713,0.0,0.061785791026116844,0.20231002564524722
523,1.5123990094548319e-05,2.7827174300799327e-08,0.702,84189,1,665698.3580197303,2.1090633363983565e-06,1136015624999999.8,2.9160747739501404e-11,1.160259260872682e-14,0.0,0.12903701477920226,0.1863231169871795,0.0,0.15758268785612536,0.0,0.11090800836894586,0.0,0.15206274483618232,0.0,0.061804442663817655,0.202281984508547
524,1.5151469213102015e-05,2.7479118553695662e-08,0.7040546875,82289,1,656411.2183212469,2.1451634824298096e-06,1139156249999999.8,2.916090357734962e-11,1.1446754760505658e-14,0.0,0.12888236664854247,0.18648675639987125,0.0,0.15745569746668292,0.0,0.11091168344078384,0.0,0.15215159955170382,0.0,0.06186264827616817,0.20224924821624737
525,1.5178934911378555e-05,2.746569827654091e-08,0.667037109375,128656,1,777733.5273020518,1.7153358726579365e-06,1080703124999999.8,2.9158623143023004e-11,1.3727189087124266e-14,0.0,0.1337128099718028,0.1829715714607801,0.0,0.1591459433186052,0.0,0.10996623946264233,0.0,0.14913490453058798,0.0,0.06254922801685392,0.2025193032387277
526,1.5205483912908706e-05,2.6549001530151687e-08,0.6697597656250001,128436,1,806325.3089689928,1.661264400794731e-06,1083828124999999.8,2.915817699986325e-11,1.4173332246884273e-14,0.0,0.13351044130212267,0.1833184123271812,0.0,0.15882560502978857,0.0,0.1101286900328651,0.0,0.14935392529387578,0.0,0.06258365726983497,0.20227926874433172
527,1.5233943994504157e-05,2.846008159545178e-08,0.6728515625,126742,1,806173.7395303826,1.6692470357368717e-06,1087343749999999.9,2.9158197354353704e-11,1.4152977756425654e-14,0.0,0.13320174165457183,0.18365166908563135,0.0,0.15849927431059505,0.0,0.1103164005805515,0.0,0.14973294629898404,0.0,0.06259506531204644,0.20200290275761973
528,1.5262383577028956e-05,2.8439582524798715e-08,0.6758964843749999,124414,1,800358.2841378172,1.6889847903632477e-06,1090796874999999.8,2.9158341999257326e-11,1.4008332852804256e-14,0.0,0.13295998659188174,0.1838270352743318,0.0,0.15819845748846295,0.0,0.11054184402081725,0.0,0.150176703972444,0.0,0.06256447599975727,0.20173149665230494
529,1.5290815147233846e-05,2.843157020488876e-08,0.6787792968749999,121918,1,783136.8122235718,1.7334884180651192e-06,1094124999999999.8,2.915864902917553e-11,1.3701302934602939e-14,0.0,0.13272332283079402,0.1841109528536694,0.0,0.15789776569266403,0.0,0.11075718992331707,0.0,0.1504021177723107,0.0,0.06262103097529745,0.20148761995194725
530,1.531924012602723e-05,2.8424978793384753e-08,0.6815234375,119606,1,773630.6777802117,1.761883175200611e-06,1097546874999999.8,2.9158842923758275e-11,1.3507408351859956e-14,0.0,0.1324668997535393,0.18430962343096238,0.0,0.15766607439674446,0.0,0.11099329397604174,0.0,0.15061901759614835,0.0,0.06264114174356623,0.20130394910299768
531,1.5346775682858858e-05,2.753555683162753e-08,0.684109375,117699,1,768968.7101183779,1.7792905380888271e-06,1100921874999999.8,2.915894567449314e-11,1.3404657616991954e-14,0.0,0.1322773679281913,0.18454365849759038,0.0,0.1574526642760889,0.0,0.11113617157344174,0.0,0.15074343923440606,0.0,0.06268700180435328,0.2011596966859283
532,1.537522861614005e-05,2.845293328119385e-08,0.6868398437500001,115906,1,765070.6344412002,1.7954939395933315e-06,1104312499999999.9,2.9159028072414054e-11,1.3322259696075867e-14,0.0,0.13206999903316252,0.18478254687739928,0.0,0.15723905340923955,0.0,0.11134839704033987,0.0,0.15089489339195022,0.0,0.06268803567061552,0.20097707457729297
533,1.540273136755132e-05,2.750275141126654e-08,0.689416015625,114135,1,760315.3831604102,1.8135001103339456e-06,1107843749999999.8,2.915911056402757e-11,1.3239768082557962e-14,0.0,0.1318682875282239,0.18502412311144226,0.0,0.15705094608491676,0.0,0.11146775605485847,0.0,0.15097696476580894,0.0,0.06274558687294783,0.20086633558180184
534,1.54312004792804e-05,2.8469111729079213e-08,0.6920605468750001,112048,1,757210.3374363128,1.8279215500890006e-06,1111140624999999.8,2.915916077768719e-11,1.3189554422940564e-14,0.0,0.13169176062201024,0.18531051123936385,0.0,0.1568628557720801,0.0,0.11153851581130851,0.0,0.15111123654169076,0.0,0.06279086175511873,0.20069425825842774
535,1.545870259200429e-05,2.750211272389153e-08,0.6946054687500001,109973,1,757183.4750770389,1.8347084732120656e-06,1114765624999999.6,2.915918559311299e-11,1.3164738997137124e-14,0.0,0.13151294293635662,0.18548917719703742,0.0,0.15669022995292964,0.0,0.11162755386094848,0.0,0.15123524482760559,0.0,0.06283355546932555,0.2006112957557966
536,1.5487962442913393e-05,2.9259850909101924e-08,0.697251953125,107786,1,752473.3984584905,1.8532268504199175e-06,1118109374999999.8,2.9159273489691905e-11,1.3076842418228026e-14,0.0,0.13133870972259962,0.18574033664525635,0.0,0.15652127632754706,0.0,0.1117248797595471,0.0,0.1513475054132714,0.0,0.06287798360191936,0.20044930852985915
537,1.551723392967945e-05,2.9271486766057647e-08,0.699740234375,105602,1,745105.7494626418,1.8782306669345695e-06,1121468749999999.8,2.915939824898965e-11,1.2952083120474697e-14,0.0,0.13118149313221703,0.18597861371546917,0.0,0.15640569742677946,0.0,0.11176301473482067,0.0,0.15143733584170463,0.0,0.06289722469554829,0.20033662045346068
538,1.554347276666138e-05,2.6238836981927892e-08,0.7019609375,103720,1,740751.384203738,1.8952672987700582e-06,1124093749999999.8,2.9159468008851733e-11,1.2882323258397204e-14,0.0,0.13104751199207576,0.18618045430768718,0.0,0.15630043071306943,0.0,0.11187688506527474,0.0,0.15152307709430057,0.0,0.06290135891642831,0.20017028191116404
539,1.5572749858514728e-05,2.9277091853347846e-08,0.70426953125,101583,1,734640.4549236414,1.9173175844861466e-06,1127546874999999.8,2.91595839224686e-11,1.276640964153222e-14,0.0,0.13091190451099044,0.18644650651994255,0.0,0.1561458292889907,0.0,0.11191782265534435,0.0,0.1515089326818013,0.0,0.06294198887366675,0.20012701546926392
540,1.560217753716878e-05,2.942767865405184e-08,0.7066308593749999,99305,1,728802.9626302418,1.9391547389565407e-06,1130531249999999.8,2.915969282763678e-11,1.2657504473354108e-14,0.0,0.13075083956384143,0.18663884243839746,0.0,0.15602482068574747,0.0,0.11203029339819512,0.0,0.15156373084205146,0.0,0.06300529305269559,0.1999861800190716
541,1.5630472660420305e-05,2.829512325152597e-08,0.70877734375,97028,1,721966.3911711626,1.9634635418422524e-06,1133656249999999.8,2.91598041345535e-11,1.2546197556628505e-14,0.0,0.13058909764283785,0.18692235198157037,0.0,0.15582511697630713,0.0,0.11203547041284784,0.0,0.15160349854227406,0.0,0.06309280395928288,0.19993166048487987
542,1.5658630123356e-05,2.815746293569784e-08,0.7108359375,94849,1,713639.8972531868,1.9921418077549216e-06,1136906249999999.8,2.915994784987935e-11,1.2402482230779551e-14,0.0,0.13049941200391266,0.1871421192038423,0.0,0.15566234736830536,0.0,0.11211216987042107,0.0,0.15152714123995736,0.0,0.06313264532295823,0.19992416499060306
543,1.5686799881342722e-05,2.8169757986719585e-08,0.712982421875,92721,1,703959.171720835,2.0256357201287898e-06,1139609374999999.8,2.916010902703798e-11,1.2241305072155157e-14,0.0,0.13037225343585893,0.18731834530896022,0.0,0.15554709393584934,0.0,0.11214994233619231,0.0,0.15160239640375076,0.0,0.06321377795188017,0.19979619062750822
544,1.571484836643388e-05,2.8048485091154834e-08,0.715060546875,90602,1,696645.6856602258,2.052867222445574e-06,1142406249999999.8,2.916024218783065e-11,1.2108144279483218e-14,0.0,0.13027742952274035,0.18757426026532933,0.0,0.15534086656778953,0.0,0.11221187017052203,0.0,0.15165892311348195,0.0,0.06323218914482219,0.19970446121531446
545,1.5743009028642984e-05,2.8160662209105132e-08,0.71721875,88544,1,688793.9966965035,2.082534846237985e-06,1145671874999999.8,2.9160365352426326e-11,1.1984979683809044e-14,0.0,0.1301441113676964,0.18777504248180907,0.0,0.15523016426299507,0.0,0.11220643980654439,0.0,0.15167639754259074,0.0,0.06329517232364604,0.19967267221471832
546,1.5771177248818747e-05,2.8168220175762505e-08,0.7191191406249999,86639,1,680732.051074215,2.1127817898105693e-06,1148671874999999.8,2.916050118489216e-11,1.1849147217972852e-14,0.0,0.13007178378495826,0.1879279391834085,0.0,0.15510240664441358,0.0,0.1122195394213298,0.0,0.15170469514298363,0.0,0.06330716018131992,0.19966647564158624
547,1.5799339747289532e-05,2.8162498470783715e-08,0.721134765625,84661,1,672159.8593749531,2.1457239838617827e-06,1151624999999999.8,2.916065166128024e-11,1.1698670829892262e-14,0.0,0.1299519799794703,0.18805539229892126,0.0,0.1550074345717064,0.0,0.11222817770386843,0.0,0.15178984943976645,0.0,0.06334688438631607,0.19962028161995124
548,1.582750095420655e-05,2.8161206917016185e-08,0.723171875,82715,1,664547.4201073584,2.1764342261178916e-06,1154874999999999.8,2.916078627793865e-11,1.1564054171484145e-14,0.0,0.12986139619298662,0.18817654430352396,0.0,0.15487598038156558,0.0,0.11220912646111963,0.0,0.1518511116392628,0.0,0.06340611023485945,0.19961973078668194
549,1.5855681690642926e-05,2.8180736436377112e-08,0.725005859375,80832,1,655700.296920856,2.2113940249214474e-06,1157921874999999.8,2.916093357066504e-11,1.1416761445089438e-14,0.0,0.12977265808735383,0.18836324059880982,0.0,0.1546970256167111,0.0,0.11220275698202871,0.0,0.15187646651562622,0.0,0.06344776308381128,0.19964008911565911
550,1.5883486547766676e-05,2.7804857123751435e-08,0.6880976562500001,124990,1,783959.7520519028,1.7554412824102324e-06,1115078124999999.9,2.915850170079834e-11,1.384863131178495e-14,0.0,0.13440304735088246,0.18342009503102416,0.0,0.15909748911457655,0.0,0.10874353544929691,0.0,0.1487911077302118,0.0,0.06297934182216597,0.20256538350184217
551,1.5911291372971134e-05,2.7804825204457124e-08,0.691091796875,124717,1,810878.1471242659,1.704551539157686e-06,1118109374999999.8,2.915807910073508e-11,1.4271231375060858e-14,0.0,0.1341881477168995,0.18379262885097458,0.0,0.15865690328087068,0.0,0.109046769858608,0.0,0.14899714276832118,0.0,0.06308236231732511,0.20223604520700092
552,1.5940805038437974e-05,2.9513665466838435e-08,0.69416796875,122901,1,807787.6827853172,1.7186891643518325e-06,1121437499999999.8,2.9158157850157016e-11,1.4192481953119096e-14,0.0,0.13394520193351978,0.18394885963974406,0.0,0.1582520666040167,0.0,0.10920785337662556,0.0,0.14954109854986017,0.0,0.06316577287332518,0.20193914702290847
553,1.596971577764089e-05,2.8910739202916724e-08,0.697181640625,120562,1,798575.3901085235,1.7460634255965626e-06,1124859374999999.8,2.9158362266019066e-11,1.3988066091068365e-14,0.0,0.13380323120151727,0.1841622380286701,0.0,0.15781172522180542,0.0,0.10943895203063675,0.0,0.14986679067786876,0.0,0.06323730869544511,0.20167975414405656
554,1.599937745005666e-05,2.9661672415772554e-08,0.6999160156249999,117991,1,783800.8928643222,1.7859536063227147e-06,1127890624999999.8,2.915864124268233e-11,1.3709089427802665e-14,0.0,0.13359582762440805,0.18445014329286158,0.0,0.15745192643090547,0.0,0.1097006616307202,0.0,0.15004869445831948,0.0,0.06331953889557061,0.20143320766721454
555,1.6029263947766074e-05,2.988649770941386e-08,0.702826171875,115800,1,776964.309212895,1.8091594775749717e-06,1131390624999999.8,2.915879910066963e-11,1.3551231440506586e-14,0.0,0.13336223450522028,0.18488135235252762,0.0,0.15714178525873498,0.0,0.10983279004688105,0.0,0.15016381962333994,0.0,0.0633963879093059,0.20122163030399035
556,1.6058247518070806e-05,2.898357030473231e-08,0.7057792968750001,113869,1,768605.117871919,1.8365198993967974e-06,1134921874999999.8,2.915895886370583e-11,1.33914684043039e-14,0.0,0.13320548263638102,0.18509294081508973,0.0,0.15671396035521465,0.0,0.11010380258966847,0.0,0.15041828209619798,0.0,0.0634604368508879,0.20100509465656038
557,1.60874697897769e-05,2.9222271706096782e-08,0.70845703125,112146,1,765852.8875335989,1.8501125811030364e-06,1137953124999999.8,2.9159004763325015e-11,1.3345568785118462e-14,0.0,0.1330438618256003,0.1854740440548066,0.0,0.1563504535053621,0.0,0.11028313070327793,0.0,0.15057205083671052,0.0,0.06349626443911449,0.20078019463512806
558,1.611667085585762e-05,2.920106608071774e-08,0.711171875,110152,1,761617.1267842319,1.8675312043014938e-06,1140921874999999.8,2.9159085244185346e-11,1.3265087924784928e-14,0.0,0.1329122267384379,0.1858370866747226,0.0,0.1560090080193343,0.0,0.11043611996045259,0.0,0.15069207953421948,0.0,0.06357794133802043,0.2005355377348127
559,1.6145848659942937e-05,2.9177804085316827e-08,0.7138515624999999,108103,1,760122.9280722472,1.8782529407721028e-06,1143843749999999.8,2.91591260490286e-11,1.3224283081526296e-14,0.0,0.1327689798955928,0.18620380199840217,0.0,0.1557161305856216,0.0,0.1105331990850689,0.0,0.15080767841703788,0.0,0.06367581232968164,0.2002943976885951
560,1.6174916921337243e-05,2.9068261394303816e-08,0.716322265625,105993,1,753242.2865480123,1.901970397620105e-06,1146953124999999.8,2.91592408461552e-11,1.3109485954931769e-14,0.0,0.1326055126418855,0.18655676646935165,0.0,0.15546260875729706,0.0,0.11058548303099872,0.0,0.15092554470671316,0.0,0.06371793858058605,0.20014614581316784
561,1.6202951163191854e-05,2.8034241854610228e-08,0.718736328125,103948,1,744775.6441208721,1.9300747380733463e-06,1150171874999999.8,2.9159381808798356e-11,1.2968523311774534e-14,0.0,0.132480780884419,0.18686496754014345,0.0,0.1551877345492985,0.0,0.1106868880658056,0.0,0.15094580603435392,0.0,0.06380012663284357,0.200033696293136
562,1.6231459468742653e-05,2.8508305550797293e-08,0.721154296875,101927,1,743448.1024548927,1.9400259264734748e-06,1153484374999999.8,2.915942923225109e-11,1.292109985904092e-14,0.0,0.13239679225200485,0.1871375913723387,0.0,0.15493281983365426,0.0,0.11074368078519951,0.0,0.15098407230162147,0.0,0.0638678767492437,0.19993716670593745
563,1.6259519323808015e-05,2.8059855065362576e-08,0.723435546875,99976,1,738023.7679944631,1.960466798625996e-06,1156453124999999.8,2.9159515105821006e-11,1.2835226289126851e-14,0.0,0.13231677191353108,0.18740871330646142,0.0,0.15462784726740622,0.0,0.11080483478627103,0.0,0.15109112065637328,0.0,0.06393105812920662,0.1998196539407504
564,1.6288056928640672e-05,2.8537604832658385e-08,0.7258125,97904,1,733011.2320217412,1.9803584673542143e-06,1160140624999999.8,2.9159620586776284e-11,1.272974533384999e-14,0.0,0.13217407216050978,0.18763723843967967,0.0,0.1543663351416516,0.0,0.11084022216481529,0.0,0.15117486868164987,0.0,0.06400693188667872,0.19980033152501506
565,1.6316587170456155e-05,2.8530241815480724e-08,0.72803515625,95785,1,722342.9948277823,2.0157602730641136e-06,1163046874999999.8,2.915978794477631e-11,1.2562387333823965e-14,0.0,0.13205223820535797,0.1878799422675545,0.0,0.15414723919796972,0.0,0.11088546333506817,0.0,0.15127671332836135,0.0,0.06406906431587589,0.19968933934981248
566,1.6342264602859995e-05,2.5677432403840948e-08,0.7299179687499999,94013,1,714218.2361618686,2.0439634044420373e-06,1165328124999999.8,2.9159916066777763e-11,1.2434265332368303e-14,0.0,0.13198186868173326,0.18814453678977194,0.0,0.15395833221841065,0.0,0.11089377552057968,0.0,0.1513333583076009,0.0,0.06412321590075938,0.19956491258114406
567,1.6367938551338072e-05,2.5673948478077243e-08,0.7318242187499999,92072,1,704793.0965972687,2.0767065463133422e-06,1167937499999999.8,2.9160080183881985e-11,1.227014822814562e-14,0.0,0.13192098085370996,0.18837504737198887,0.0,0.1537227711145628,0.0,0.11092785045930811,0.0,0.15138753222629664,0.0,0.06417503349399777,0.19949078448013577
568,1.639360835618238e-05,2.5669804844307683e-08,0.733646484375,90081,1,694551.1528090063,2.112577256283799e-06,1170421874999999.8,2.916025808623221e-11,1.209224587792311e-14,0.0,0.13188881523426169,0.18855407092674384,0.0,0.15349535576516068,0.0,0.11095581521030173,0.0,0.1514587609516888,0.0,0.06422860976447382,0.19941857214736963
569,1.6419276542628268e-05,2.5668186445888266e-08,0.7355644531250001,88282,1,689748.4514175229,2.1328484365954554e-06,1173078124999999.8,2.916034839271895e-11,1.2001939391180547e-14,0.0,0.1318290322323683,0.18878996518936084,0.0,0.15327567848883056,0.0,0.11097716730083454,0.0,0.15147540287141303,0.0,0.06430276493657879,0.19934998898061385
570,1.6445135620339343e-05,2.5859077711075436e-08,0.7373203125000001,86359,1,682037.8094572137,2.162109790032848e-06,1175906249999999.8,2.9160480540601904e-11,1.1869791508228293e-14,0.0,0.13176409506553505,0.18895228710384948,0.0,0.15307225277345116,0.0,0.1109804295538108,0.0,0.15149082933341812,0.0,0.06438539050828063,0.19935471566165489
571,1.6471109316725474e-05,2.597369638613037e-08,0.7391425781250001,84614,1,676766.1299821433,2.184336790449317e-06,1178578124999999.8,2.9160575376086714e-11,1.1774956023417487e-14,0.0,0.13170877362653624,0.18914441088571274,0.0,0.15283492010643668,0.0,0.11103183851643983,0.0,0.1515507040727617,0.0,0.06441426801007291,0.19931508478204002
572,1.6498871153459097e-05,2.7761836733623317e-08,0.741013671875,82806,1,668659.2320906867,2.216416483350073e-06,1181062499999999.8,2.916072351460913e-11,1.1626817501000855e-14,0.0,0.1316714066194165,0.1893600141276071,0.0,0.15263614295240632,0.0,0.1110097812593075,0.0,0.15162138013015322,0.0,0.06447038605794955,0.1992308888531599
573,1.652498078002235e-05,2.6109626563250907e-08,0.742705078125,81109,1,660272.6485858045,2.249692092246293e-06,1183406249999999.8,2.916085876729793e-11,1.149156481220032e-14,0.0,0.13159507185778335,0.18950205777549867,0.0,0.15246209879952138,0.0,0.11105939279186881,0.0,0.15167580503070227,0.0,0.06453394343418405,0.19917163031044138
574,1.655110361421328e-05,2.6122834190932173e-08,0.744451171875,79429,1,652541.0802618833,2.2816990206232857e-06,1185968749999999.8,2.916100167620079e-11,1.1348655909346213e-14,0.0,0.13152778761619166,0.1896977376895206,0.0,0.15226191694279814,0.0,0.11102978022295157,0.0,0.1517608137286539,0.0,0.06458721950681998,0.19913474429306402
575,1.6579624371747804e-05,2.852075753452426e-08,0.7105234375,121773,1,788946.2171248054,1.8011961324547438e-06,1139968749999999.8,2.9158436070459213e-11,1.3914261650919662e-14,0.0,0.13517488207417508,0.18753779673875998,0.0,0.15534597073020553,0.0,0.10759838147492497,0.0,0.14991148690995856,0.0,0.06388061178488572,0.20055087028709032
576,1.660738131466104e-05,2.7756942913236503e-08,0.713189453125,121961,1,820906.2899562651,1.737566058028368e-06,1142421874999999.8,2.915797742239645e-11,1.4372909713679482e-14,0.0,0.13503106916826646,0.18772952707495216,0.0,0.15494874751131718,0.0,0.10790819190859723,0.0,0.15018088308188624,0.0,0.0639704452654093,0.20023113598957148
577,1.663524585968087e-05,2.78645450198275e-08,0.71584765625,120459,1,824481.1246169792,1.7364803993118802e-06,1144781249999999.8,2.9157922488836796e-11,1.442784327333934e-14,0.0,0.1348761575274069,0.1879955472369405,0.0,0.15455344134194057,0.0,0.10817322121392364,0.0,0.15046082823575635,0.0,0.06404120988557055,0.19989959455846162
578,1.6663156916769817e-05,2.7911057088947985e-08,0.718513671875,118061,1,806608.0781899738,1.7815682518016497e-06,1147656249999999.8,2.915826523053231e-11,1.4085101577825875e-14,0.0,0.13472636383158593,0.18821949608431032,0.0,0.1541675387831325,0.0,0.10852753215051689,0.0,0.1506038670323666,0.0,0.06409716238219632,0.1996580397358914
579,1.669105385851388e-05,2.7896941744062764e-08,0.7210156249999999,115617,1,791997.8563523449,1.820751455870693e-06,1150187499999999.8,2.915853721037902e-11,1.3813121731117065e-14,0.0,0.1346110087766822,0.18840611117130782,0.0,0.15382760862498643,0.0,0.10882273269043231,0.0,0.15078827608624984,0.0,0.06414021020695632,0.19940405244338497
580,1.6718949183585156e-05,2.7895325071273905e-08,0.7235175781250001,113346,1,777213.3257475425,1.8618249434390575e-06,1152671874999999.8,2.9158824715559095e-11,1.3525616551034723e-14,0.0,0.13440736851482424,0.1886805186250982,0.0,0.153511625333049,0.0,0.1091131921142638,0.0,0.1509498138704949,0.0,0.06419375825030167,0.19914372329196822
581,1.6746859354349215e-05,2.7910170764059407e-08,0.7259589843750001,111423,1,771640.952684585,1.8815978645232485e-06,1155328124999999.8,2.9158943165746124e-11,1.3407166364006661e-14,0.0,0.13424053851182838,0.18901184048039904,0.0,0.15318369290620434,0.0,0.10927356325549986,0.0,0.151112079657565,0.0,0.06424691477598328,0.19893137041252007
582,1.6774755154903713e-05,2.7895800554496933e-08,0.72846484375,109609,1,766028.2586099034,1.901926816830311e-06,1157968749999999.8,2.915905340251511e-11,1.3296929595020225e-14,0.0,0.13409245684685797,0.18934563803375035,0.0,0.15290610069334593,0.0,0.10942049579863476,0.0,0.15117407647718073,0.0,0.06436105465796543,0.19870017749226487
583,1.679967463975708e-05,2.4919484853366353e-08,0.7305410156250001,108016,1,761562.6932224955,1.9185315197985094e-06,1160171874999999.8,2.915913416140831e-11,1.3216170701823677e-14,0.0,0.13403486820822538,0.18957482815871157,0.0,0.15266136772565278,0.0,0.10958274181431249,0.0,0.15122835441413549,0.0,0.06440539304935074,0.1985124466296115
584,1.6824586742975393e-05,2.4912103218312394e-08,0.7326640625,106436,1,758497.1677639743,1.9318834496373153e-06,1162546874999999.8,2.915919489397567e-11,1.3155438134463501e-14,0.0,0.13394237638754117,0.18985722054573953,0.0,0.15240827033194357,0.0,0.10968106546102088,0.0,0.15126198270438576,0.0,0.06450666979452128,0.1983424147748478
585,1.6849500300603826e-05,2.491355762843422e-08,0.7346972656249999,104614,1,753050.590703789,1.9512560635225412e-06,1164812499999999.8,2.915928814525671e-11,1.3062186853418518e-14,0.0,0.1338534951417596,0.1900548961227121,0.0,0.1521885342868156,0.0,0.10985870562120346,0.0,0.15127935879201948,0.0,0.06458601943296159,0.19817899060252814
586,1.687441129843492e-05,2.4910997831094765e-08,0.736595703125,102737,1,746931.033436033,1.9723258778966825e-06,1167390624999999.8,2.915939384600887e-11,1.2956486101266115e-14,0.0,0.1337683653420375,0.19032075876935967,0.0,0.15195008710362548,0.0,0.10989375213781728,0.0,0.15135879004181504,0.0,0.06460251844820317,0.19810572815714184
587,1.6901030228544138e-05,2.6618930109216133e-08,0.738666015625,100827,1,737260.7297796012,2.003812181467522e-06,1169921874999999.8,2.9159561567797e-11,1.2788764313128908e-14,0.0,0.13373189105148905,0.190562061571086,0.0,0.15164847949613564,0.0,0.1099955843118798,0.0,0.15142901715243642,0.0,0.06465413527870395,0.19797883113826922
588,1.6927651188204527e-05,2.6620959660389423e-08,0.740630859375,98980,1,731417.2217665905,2.0251939312726483e-06,1172296874999999.8,2.9159664216988157e-11,1.268611512197627e-14,0.0,0.13364345746209813,0.19080545248850878,0.0,0.15138857023810465,0.0,0.11007296883199763,0.0,0.15145713509650505,0.0,0.06477796852873,0.19785444735405575
589,1.695624794090839e-05,2.859675270386195e-08,0.74262890625,96997,1,725543.5131483205,2.047096811678576e-06,1174671874999999.8,2.9159778415372196e-11,1.2571916737932026e-14,0.0,0.13358371074045436,0.1910547937279408,0.0,0.15114431943107523,0.0,0.11013449895588415,0.0,0.15149674141168676,0.0,0.0648640545359865,0.19772188119697237
590,1.6982869513825034e-05,2.6621572916645335e-08,0.744625,95131,1,718782.9738218413,2.071904948000518e-06,1177093749999999.8,2.915990123376994e-11,1.2449098340194577e-14,0.0,0.13354824156454592,0.19126657713614234,0.0,0.15088341447037099,0.0,0.11019598791337921,0.0,0.1515548934027195,0.0,0.0649524718818197,0.19759841363102232
591,1.7011911481813546e-05,2.9041967988510834e-08,0.746712890625,93201,1,714671.8596569323,2.0896664127322674e-06,1179734374999999.8,2.9159977866605164e-11,1.237246550496491e-14,0.0,0.13348870178412156,0.19155569854335538,0.0,0.1506263127195495,0.0,0.11018081853540386,0.0,0.1515862491074161,0.0,0.06507427082761164,0.19748794848254198
592,1.70368138649835e-05,2.4902383169954848e-08,0.748470703125,91366,1,706749.1428496164,2.118066107889886e-06,1181968749999999.8,2.91601090516121e-11,1.2241280498030258e-14,0.0,0.1334700704822594,0.19173992803033266,0.0,0.15041347330624683,0.0,0.11020909823937872,0.0,0.1516033996404126,0.0,0.06516673320859982,0.19739729709276987
593,1.706173018093345e-05,2.4916315949946167e-08,0.750083984375,89529,1,700296.5608784405,2.1421895416253565e-06,1184328124999999.8,2.916021860539469e-11,1.2131726715445893e-14,0.0,0.13343557882841245,0.19192121715537067,0.0,0.15019672276281565,0.0,0.11021422080339963,0.0,0.15162104243535232,0.0,0.06524529805256182,0.1973659199620876
594,1.7086646935871168e-05,2.491675493771747e-08,0.751724609375,87761,1,694736.832425966,2.1640557238056234e-06,1186562499999999.8,2.916032222217277e-11,1.20281099373664e-14,0.0,0.13339898098902786,0.1921181242091753,0.0,0.1499910362369863,0.0,0.1102231067623148,0.0,0.1516564774230091,0.0,0.0653055603910799,0.1973067139884069
595,1.7111569400211205e-05,2.49224643400385e-08,0.7533671875,86093,1,687971.4466024558,2.1901117879833554e-06,1188843749999999.8,2.916042288797025e-11,1.1927444139883292e-14,0.0,0.1334114548226193,0.19226182451701218,0.0,0.14978585724507681,0.0,0.11019278032997688,0.0,0.15171210502846594,0.0,0.06538094596136097,0.19725503209548798
596,1.7136494415084736e-05,2.4925014873531964e-08,0.75491015625,84354,1,678585.013338503,2.2249538124515677e-06,1190921874999999.8,2.916058258311462e-11,1.1767748995513049e-14,0.0,0.13337938599895477,0.19249496784075093,0.0,0.14955473799137933,0.0,0.11016159828621991,0.0,0.15173318430897714,0.0,0.06548016371981351,0.1971959618539044
597,1.7161424205738957e-05,2.4929790654220966e-08,0.756486328125,82745,1,671961.8662913291,2.251575174347841e-06,1193312499999999.8,2.9160698913413566e-11,1.1651418696566831e-14,0.0,0.13332352234967895,0.1926309185404355,0.0,0.14936189878679443,0.0,0.11016185541191932,0.0,0.15180948102478306,0.0,0.06553220713568333,0.1971801167507055
598,1.7186356637005668e-05,2.493243126671162e-08,0.757990234375,81201,1,666424.0511356066,2.2747985553143286e-06,1195703124999999.8,2.916077525799858e-11,1.1575074111554251e-14,0.0,0.13331151714417494,0.19278725865840743,0.0,0.14916604610774276,0.0,0.11010561955829946,0.0,0.1518406765423573,0.0,0.06560574710570458,0.19718313488331343
599,1.7211295949959633e-05,2.493931295396522e-08,0.7594394531249999,79662,1,661400.2164917684,2.2964596448221807e-06,1197906249999999.8,2.9160896594282935e-11,1.1453737827202392e-14,0.0,0.1333194456231853,0.1929594453145695,0.0,0.14898426831056008,0.0,0.11002924134525618,0.0,0.15188268485442336,0.0,0.06565543562403398,0.19716947892797165
600,1.7236249065998544e-05,2.49531160389109e-08,0.7299492187500001,118390,1,784646.7151580711,1.8605805763245897e-06,1168718749999999.8,2.9158510045482253e-11,1.3840286627880117e-14,0.0,0.13743464603166958,0.18968571229805156,0.0,0.1532640862217513,0.0,0.10543595177318628,0.0,0.14972413534760018,0.0,0.06431847249648145,0.20013699583125966
601,1.7261210961991284e-05,2.496189599273839e-08,0.732455078125,118352,1,812740.8470736792,1.802432056324589e-06,1170953124999999.8,2.915808433676522e-11,1.4265995344908473e-14,0.0,0.13735377329561058,0.19000471978603636,0.0,0.15283040502163903,0.0,0.10567787593629088,0.0,0.14983587410704047,0.0,0.06446374431025793,0.1998336075431247
602,1.7288443363139355e-05,2.723240114807023e-08,0.7352109375,116886,1,812225.3084756585,1.8103620505985093e-06,1173484374999999.8,2.915811147825759e-11,1.423885385254557e-14,0.0,0.13731178339549663,0.1901638560362141,0.0,0.15239833381151247,0.0,0.10607606235455387,0.0,0.14989320666900446,0.0,0.06464184385858651,0.1995149138746321
603,1.7317138774356973e-05,2.86954112176181e-08,0.73809765625,114232,1,797052.5175641706,1.85206781230843e-06,1176499999999999.8,2.915842164651325e-11,1.3928685596882504e-14,0.0,0.13716903145226592,0.19034098426592855,0.0,0.15193725423782634,0.0,0.10648415214365477,0.0,0.15006112631183416,0.0,0.06476213661598387,0.1992453149725064
604,1.734605805726638e-05,2.8919282909408327e-08,0.740892578125,111494,1,776287.8230444362,1.908808965260788e-06,1179328124999999.8,2.9158796125884826e-11,1.3554206225308772e-14,0.0,0.13701009919939264,0.19062205901348933,0.0,0.15151171649483178,0.0,0.10684430994076506,0.0,0.15008818016697553,0.0,0.06495279922601803,0.19897083595852766
605,1.737095028188745e-05,2.4892224621068245e-08,0.743302734375,109657,1,771949.1638212835,1.9257815649297977e-06,1181968749999999.8,2.915890243241943e-11,1.3447899690702231e-14,0.0,0.1368391180620699,0.19089210686048072,0.0,0.15115707712884063,0.0,0.10708382929860656,0.0,0.15017434328942564,0.0,0.06508378200125602,0.1987697433593206
606,1.7395857609202365e-05,2.4907327314917838e-08,0.7456796875,107891,1,762318.8104992604,1.956346025389658e-06,1184781249999999.8,2.915908703046247e-11,1.326330164766368e-14,0.0,0.13670937797940216,0.19106677003991743,0.0,0.1508088258405188,0.0,0.10730562511131832,0.0,0.15026140161555626,0.0,0.06524039519314384,0.1986076042201431
607,1.7420776914456176e-05,2.4919305253809576e-08,0.7480625000000001,106262,1,754228.0480896758,1.9836507058964675e-06,1187171874999999.8,2.91592351485934e-11,1.3115183516732855e-14,0.0,0.136660330854708,0.19136675996323838,0.0,0.1504981619182889,0.0,0.10747817277968084,0.0,0.15028928899657448,0.0,0.06533283900075194,0.19837444648675745
608,1.7445697294022273e-05,2.4920379566097774e-08,0.75026171875,104740,1,760823.7518070714,1.972235269911106e-06,1189578124999999.8,2.915917916019141e-11,1.3171171918726466e-14,0.0,0.13653308480894685,0.19157637699344499,0.0,0.15021060359145505,0.0,0.10766815746588429,0.0,0.1503667990857357,0.0,0.06545111862006486,0.19819385943446816
609,1.7470637285170328e-05,2.493999114805624e-08,0.752455078125,103138,1,746134.5824814923,2.016941972110412e-06,1192343749999999.8,2.915939176369165e-11,1.2958568418482907e-14,0.0,0.13642841012622742,0.1918096231866001,0.0,0.14990512826502828,0.0,0.10775404470262707,0.0,0.1504476232748529,0.0,0.06557960011109468,0.19807557033356954
610,1.7495585034188904e-05,2.494774901857494e-08,0.754548828125,101391,1,741197.2401926509,2.0360270848522825e-06,1195124999999999.8,2.91594845694334e-11,1.2865762676736421e-14,0.0,0.13634751727154834,0.19201509594154204,0.0,0.14964447401049363,0.0,0.10785884569887325,0.0,0.15046242969075582,0.0,0.06568494728586256,0.19798669010092435
611,1.7520536722631916e-05,2.4951688443013995e-08,0.75659765625,99671,1,736591.7824211064,2.0543201113733206e-06,1197359374999999.8,2.915957731637991e-11,1.2773015730221468e-14,0.0,0.13627258130301667,0.19230828802874708,0.0,0.1493579914192339,0.0,0.10790494039413699,0.0,0.15052222893401276,0.0,0.06581426926671106,0.19781970065414142
612,1.754550237388665e-05,2.4965651254732716e-08,0.758650390625,97914,1,727991.9866427701,2.0842273116868086e-06,1200156249999999.8,2.9159707346778565e-11,1.2642985331568932e-14,0.0,0.13621279564605115,0.19253969193855247,0.0,0.1490619907370459,0.0,0.10798112396345277,0.0,0.15055775959055578,0.0,0.06590136163880657,0.1977452764855353
613,1.7570462844987773e-05,2.4960471101123612e-08,0.7605390625,96178,1,721066.457345237,2.10948395880205e-06,1202421874999999.8,2.915982555927802e-11,1.2524772832109667e-14,0.0,0.13618783962855296,0.1927061397651748,0.0,0.14879711142384616,0.0,0.10803141275205705,0.0,0.15061531191897198,0.0,0.0660356038582831,0.19762658065311406
614,1.7595435916980857e-05,2.497307199308267e-08,0.762439453125,94293,1,711915.3832012028,2.1419384132327927e-06,1205328124999999.8,2.915997700704817e-11,1.2373325061954579e-14,0.0,0.1361173658769011,0.19290466199928788,0.0,0.14853638480514592,0.0,0.10804136598961497,0.0,0.15067538662137622,0.0,0.06611436871267955,0.19761046599499452
615,1.7620421518400185e-05,2.4985601419328208e-08,0.7643515625,92537,1,705627.2886317344,2.1664455862588208e-06,1208109374999999.8,2.916008180613077e-11,1.2268525979355404e-14,0.0,0.1360860410683075,0.19309668121467338,0.0,0.14828490243977227,0.0,0.10806750002555271,0.0,0.150702188333657,0.0,0.06619172705622618,0.19757095986181097
616,1.764541128725586e-05,2.498976885567552e-08,0.766072265625,90891,1,698700.5117874438,2.1928487318986014e-06,1210421874999999.8,2.91601949801984e-11,1.2155351911735814e-14,0.0,0.13606337114287825,0.19330034240201516,0.0,0.14802322112847344,0.0,0.10810521404587625,0.0,0.15073082306509716,0.0,0.06627250917193782,0.1975045190437219
617,1.7670408091364194e-05,2.4996804108332456e-08,0.7678125,89201,1,691502.7067942045,2.220707142447978e-06,1212921874999999.8,2.916033419443411e-11,1.2016137676023239e-14,0.0,0.13602971102971104,0.19352106227106228,0.0,0.14781237281237283,0.0,0.10806878306878306,0.0,0.15073260073260072,0.0,0.06637159137159138,0.19746387871387872
618,1.769540823220464e-05,2.500014084044579e-08,0.76951171875,87513,1,682927.9717108079,2.2535662635762027e-06,1215234374999999.8,2.91604702762056e-11,1.1880055904532702e-14,0.0,0.13597553237391813,0.19365973755679078,0.0,0.1475925784918399,0.0,0.10809411406380873,0.0,0.15081093428767228,0.0,0.06646361582781289,0.19740348739815733
619,1.772041305125251e-05,2.500481904787278e-08,0.77117578125,85797,1,674818.4497818608,2.2855800148893002e-06,1217656249999999.8,2.916061121306011e-11,1.1739119050022727e-14,0.0,0.13594551744748531,0.1938243651891136,0.0,0.14736020990674753,0.0,0.10808373982504395,0.0,0.15084514818585662,0.0,0.06657093217033648,0.1973700872754165
620,1.7745417459984797e-05,2.5004408732286047e-08,0.7727402343750001,84188,1,668274.5114625137,2.3126431462539664e-06,1220171874999999.8,2.916072597906891e-11,1.1624353041220269e-14,0.0,0.13590787654526934,0.1939147160445149,0.0,0.14713516983745448,0.0,0.1080645935856315,0.0,0.1509315215990173,0.0,0.06666868869157297,0.19737743369653957
621,1.7772975309512712e-05,2.7557849527914174e-08,0.774552734375,82386,1,660146.7172352327,2.3466078499001323e-06,1222749999999999.8,2.916087586447569e-11,1.1474467634439286e-14,0.0,0.13587730822475674,0.19410143454765985,0.0,0.14685138348492455,0.0,0.10803109657539257,0.0,0.15102970212143604,0.0,0.06677744968744563,0.19733162535838478
622,1.7798850598954842e-05,2.5875289442129064e-08,0.7760878906249999,80768,1,654652.9670750479,2.370990218199167e-06,1225093749999999.8,2.916097492450059e-11,1.1375407609541031e-14,0.0,0.13587277938981823,0.19417048145622198,0.0,0.1466389166417101,0.0,0.1079835009827435,0.0,0.1511235488490199,0.0,0.0668919888161024,0.19731878386438392
623,1.782387574632088e-05,2.502514736603956e-08,0.777546875,79187,1,647819.1956040163,2.400505820995402e-06,1227609374999999.8,2.916109583167755e-11,1.1254500432579725e-14,0.0,0.13588911440226675,0.19431857002190384,0.0,0.14644163334204127,0.0,0.10789140526093685,0.0,0.15115648172336876,0.0,0.06694984225227579,0.19735295299720676
624,1.7848901746479973e-05,2.5026000159092162e-08,0.77906640625,77591,1,638095.1610722115,2.441850224787507e-06,1230062499999999.8,2.9161264150864223e-11,1.1086181245909541e-14,0.0,0.13587476998209996,0.19446603256100803,0.0,0.14623873727067152,0.0,0.1078740078519462,0.0,0.15115999217813791,0.0,0.06702483441218204,0.19736162574395436
625,1.7874757371592286e-05,2.5855625112311956e-08,0.75180859375,115056,1,794756.5776862288,1.8919216647158477e-06,1200578124999999.8,2.915836902035028e-11,1.3981311759859849e-14,0.0,0.1372731382135787,0.19253051235821947,0.0,0.15000285769212782,0.0,0.1055839304177946,0.0,0.1489844801338439,0.0,0.0660100902511132,0.19961499093332224
626,1.7899818970047e-05,2.5061598454714326e-08,0.7541757812500001,115107,1,820539.5999536375,1.8382434712294516e-06,1202968749999999.8,2.915802934072991e-11,1.432099138022426e-14,0.0,0.13723073098218772,0.19278858853570482,0.0,0.14958900703893427,0.0,0.1058119118035521,0.0,0.14905292926363112,0.0,0.06614215643112048,0.19938467594486944
627,1.7926322310424465e-05,2.650334037746608e-08,0.756603515625,113704,1,819116.4801199716,1.8473648961724815e-06,1205671874999999.8,2.9158053650187956e-11,1.429668192217522e-14,0.0,0.1371724477968718,0.19294183245951657,0.0,0.14918129696603602,0.0,0.10606612095069194,0.0,0.1491632269006482,0.0,0.06628358128044483,0.19919149364579056
628,1.795282904919278e-05,2.65067387683176e-08,0.75896875,111300,1,800418.0974728493,1.896430758865356e-06,1208015624999999.8,2.915840556109545e-11,1.3944771014684121e-14,0.0,0.13715670935068144,0.1931460246222259,0.0,0.148803886853049,0.0,0.10624768394614405,0.0,0.14928768476962986,0.0,0.06640126405072673,0.19895674640754316
629,1.7977669413929088e-05,2.4840364736307907e-08,0.7610683593750001,109112,1,786497.9735131209,1.9353345717484e-06,1210593749999999.8,2.9158667652755795e-11,1.3682679354332492e-14,0.0,0.13713760723900148,0.19330094670577697,0.0,0.14845239653345035,0.0,0.10645499875534752,0.0,0.14936856341440255,0.0,0.06645417754133658,0.1988313098106845
630,1.800251425156866e-05,2.484483763957243e-08,0.7632578125,107182,1,776336.6674389947,1.9663062290175223e-06,1212999999999999.8,2.91588842848136e-11,1.3466047296530135e-14,0.0,0.1371101466779942,0.19347318750831652,0.0,0.14810076051465243,0.0,0.10669211951236988,0.0,0.14945699458529943,0.0,0.06651176597029591,0.19865502523107156
631,1.8027366103383326e-05,2.4851851814665653e-08,0.765296875,105311,1,762986.992599928,2.006054840836017e-06,1215109374999999.8,2.91591362394176e-11,1.3214092692539163e-14,0.0,0.1370408746605688,0.19366463178096732,0.0,0.1477980358929337,0.0,0.10684170767063435,0.0,0.14953602564364318,0.0,0.06664846158557748,0.19847026276567506
632,1.8052229929287984e-05,2.4863825904656927e-08,0.767244140625,103663,1,752572.8813396094,2.0389896039285264e-06,1217203124999999.8,2.915931482716038e-11,1.3035504949747324e-14,0.0,0.13700872389767557,0.19387061545863468,0.0,0.14751711304409806,0.0,0.10690402185174719,0.0,0.1496070809436167,0.0,0.06678478421908769,0.19830766058514007
633,1.8077098495380786e-05,2.486856609280411e-08,0.76917578125,102106,1,745633.6745886608,2.0631465757614194e-06,1219218749999999.8,2.915944565642081e-11,1.2904675689318052e-14,0.0,0.1370176071180088,0.19402363528330344,0.0,0.14723552503948523,0.0,0.10693518325724063,0.0,0.1497138271993662,0.0,0.06693701151293237,0.19813721058966324
634,1.8101970463950413e-05,2.487196856962808e-08,0.771052734375,100549,1,741151.2888068468,2.0806891818707904e-06,1221828124999999.8,2.915953389862949e-11,1.2816433480641043e-14,0.0,0.13704376372603405,0.19419472666985832,0.0,0.14695310540834242,0.0,0.10696364294959966,0.0,0.14974707367919773,0.0,0.06701977562129698,0.1980779119456709
635,1.812853918538995e-05,2.656872143953634e-08,0.773115234375,98812,1,732817.660200763,2.1099798117943744e-06,1224640624999999.8,2.9159668736878186e-11,1.268159523194688e-14,0.0,0.13705205451766522,0.19436886581530186,0.0,0.14665201409678277,0.0,0.10699154950926523,0.0,0.14979979031667237,0.0,0.06713150681470816,0.19800421892960451
636,1.8154969033489806e-05,2.642984809985437e-08,0.775087890625,97037,1,727439.6924008969,2.131002469955527e-06,1227249999999999.8,2.915976019668334e-11,1.2590135426799636e-14,0.0,0.13708878781388198,0.1945671483828699,0.0,0.14637452909826254,0.0,0.10696619586992402,0.0,0.14987463619297206,0.0,0.06720759994456274,0.19792110269752672
637,1.817987636411153e-05,2.490733062172395e-08,0.77686328125,95300,1,720740.312310935,2.1557370053552743e-06,1229374999999999.8,2.915987083140963e-11,1.2479500700509805e-14,0.0,0.1370998154638294,0.19472588584904238,0.0,0.14611795230217672,0.0,0.10700080954559854,0.0,0.1499796356541983,0.0,0.06726519406467314,0.19781070712048152
638,1.8206574914600137e-05,2.66985504886097e-08,0.7786464843750001,93467,1,714897.4110828598,2.1783446752047375e-06,1231828124999999.8,2.91599770991597e-11,1.2373232950426299e-14,0.0,0.13708182518242043,0.19491956946524291,0.0,0.14587613221059179,0.0,0.10698151590174255,0.0,0.15003499160953881,0.0,0.06735445873373015,0.19775150689673338
639,1.82314911159002e-05,2.4916201300064324e-08,0.780189453125,91649,1,706792.650273476,2.207689773862603e-06,1234124999999999.8,2.9160110047726885e-11,1.2240284383244845e-14,0.0,0.1370961079665646,0.19506229706827016,0.0,0.14564521337715947,0.0,0.10699023924978157,0.0,0.1500637114883454,0.0,0.06741401452471729,0.19772841632516142
640,1.825642552773852e-05,2.4934411838317635e-08,0.781681640625,90052,1,701164.5055360581,2.229666888307144e-06,1235999999999999.8,2.916019982686221e-11,1.2150505247924241e-14,0.0,0.13712174023851822,0.19517466599703664,0.0,0.14541465840123333,0.0,0.10698838891512441,0.0,0.15013455066075995,0.0,0.06751519785318613,0.1976507979341414
641,1.828142873533299e-05,2.5003207594469016e-08,0.78322265625,88334,1,694328.2998415303,2.2560585717988406e-06,1238187499999999.8,2.916032915160776e-11,1.2021180502376082e-14,0.0,0.13714620583027856,0.19533428094062494,0.0,0.14517343707139474,0.0,0.10696740729657615,0.0,0.15017829979302263,0.0,0.06758933692426623,0.19761103214383682
642,1.8307832795743793e-05,2.6404060410803702e-08,0.78480078125,86479,1,681805.1280975699,2.302126366927797e-06,1240062499999999.8,2.916054244938151e-11,1.1807882728622204e-14,0.0,0.1371839987257913,0.19547158166134915,0.0,0.14494124205486064,0.0,0.10692651897127556,0.0,0.15024961549756358,0.0,0.0677147365225052,0.19751230656665456
643,1.8333180189155147e-05,2.534739341135246e-08,0.786349609375,84765,1,676241.0799287759,2.325648744846501e-06,1242062499999999.8,2.91606406080054e-11,1.170972410472842e-14,0.0,0.13726649296715687,0.19559823253711398,0.0,0.14472282178082566,0.0,0.10687487425827907,0.0,0.15031134271045746,0.0,0.06778503319581432,0.19744120255035255
644,1.835854651339903e-05,2.536632424388264e-08,0.7878164062499999,83036,1,671885.4450991771,2.3450914497298277e-06,1244265624999999.8,2.91607352162485e-11,1.1615115861632653e-14,0.0,0.13729354773131827,0.1957249319469856,0.0,0.14449799435742583,0.0,0.106844472211066,0.0,0.15035873483372258,0.0,0.06785716056544742,0.19742315835403434
645,1.8385068875502447e-05,2.652236210341854e-08,0.78930859375,81266,1,664563.6115813629,2.375419237510763e-06,1246406249999999.8,2.916086270770558e-11,1.148762440455119e-14,0.0,0.13730618668435093,0.19587207949995794,0.0,0.14429658076936402,0.0,0.10678352790961236,0.0,0.15041595937900556,0.0,0.06793673260319802,0.19738893315451123
646,1.841042586766655e-05,2.5356992164101434e-08,0.790775390625,79668,1,659098.3697926266,2.3995671264482213e-06,1248593749999999.8,2.916095702435913e-11,1.1393307751003666e-14,0.0,0.13736517510256202,0.19602002583500666,0.0,0.14407091536441932,0.0,0.10671636077129597,0.0,0.1504555704572006,0.0,0.06800336892438938,0.19736858354512601
647,1.8435787696359886e-05,2.536182869333533e-08,0.792166015625,78029,1,652965.7654919218,2.426363088203283e-06,1250484374999999.8,2.916106233919114e-11,1.1287992918989857e-14,0.0,0.13742729709139054,0.19616163160243497,0.0,0.1438623828555508,0.0,0.10664736962787452,0.0,0.15049717817790917,0.0,0.0680837004948359,0.19732044015000405
648,1.8461150209916684e-05,2.5362513556797866e-08,0.79358984375,76373,1,643247.6451870864,2.467447334437383e-06,1252609374999999.8,2.916123740663693e-11,1.1112925473202568e-14,0.0,0.13746622103869383,0.19631667806988617,0.0,0.1436485708238375,0.0,0.10658400563105747,0.0,0.15052988053691937,0.0,0.0681535152269897,0.19730112867261604
649,1.848651261963707e-05,2.5362409720385703e-08,0.794966796875,74813,1,636600.8210017442,2.4975361974056328e-06,1254515624999999.8,2.916135784444928e-11,1.0992487660845507e-14,0.0,0.13751065664593892,0.19644344422796747,0.0,0.14344152541748256,0.0,0.1065640025256558,0.0,0.15057871422499466,0.0,0.06820253400913462,0.197259122948826
650,1.851311669439239e-05,2.660407475532184e-08,0.769044921875,108828,1,782545.4883032053,1.9654957657286383e-06,1226593749999999.8,2.9158578402242577e-11,1.3771929867553729e-14,0.0,0.13974567683637626,0.19389919009729498,0.0,0.1473596257533314,0.0,0.10564798565590944,0.0,0.14769994234935277,0.0,0.06627792691320149,0.19936965239453358
651,1.8538482773374684e-05,2.536607898229344e-08,0.77119921875,108840,1,808690.2956570856,1.9072795182323216e-06,1228859374999999.8,2.915823661414204e-11,1.4113717968096564e-14,0.0,0.13977318198625313,0.1941173193129612,0.0,0.14697077907277117,0.0,0.10580619672081325,0.0,0.14773561873502608,0.0,0.06641695411468541,0.1991799500574896
652,1.8563405611380822e-05,2.492283800613777e-08,0.77333203125,107452,1,809569.5315658472,1.9104771143109657e-06,1231374999999999.8,2.9158242878905695e-11,1.4107453204436283e-14,0.0,0.13970844509099725,0.1943118506058907,0.0,0.14662100387426566,0.0,0.10597404696600041,0.0,0.14776762487813994,0.0,0.06657978613245241,0.19903724245225357
653,1.858833720233636e-05,2.4931590955538258e-08,0.7753125,105206,1,791468.6177343385,1.95917433143316e-06,1233296874999999.8,2.915857163606253e-11,1.3778696047602221e-14,0.0,0.1396891374445788,0.19445536074163644,0.0,0.1463069326884321,0.0,0.1061316001612253,0.0,0.14788643692059653,0.0,0.06669185812172511,0.19883867392180574
654,1.8613293037168183e-05,2.4955834831820893e-08,0.77732421875,102963,1,774008.4796206072,2.0085677075037165e-06,1235765624999999.8,2.915891629016355e-11,1.3434041946585156e-14,0.0,0.13963667428829873,0.19461041734716955,0.0,0.14597351692253574,0.0,0.10622377446669515,0.0,0.1480213070680168,0.0,0.06681323651348024,0.19872107339380388
655,1.8638255015628772e-05,2.49619784605903e-08,0.779373046875,100708,1,756790.2398352085,2.059680492297863e-06,1237937499999999.8,2.9159231719725225e-11,1.3118612384905805e-14,0.0,0.1396003899368232,0.1947403637238465,0.0,0.14563488781798267,0.0,0.10630289269971104,0.0,0.14822110119562246,0.0,0.06695335543643603,0.19854700918957793
656,1.866322297510175e-05,2.4967959472976904e-08,0.781283203125,98758,1,743997.0194146803,2.1002320781866936e-06,1239984374999999.8,2.915947129728034e-11,1.2879034829792024e-14,0.0,0.13957656799586016,0.19494171497711346,0.0,0.14532882352500015,0.0,0.10628548286697814,0.0,0.1483461952867003,0.0,0.06713214688375743,0.19838906846459026
657,1.8688199635445824e-05,2.4976660344074908e-08,0.7830410156250001,97040,1,736021.1498668677,2.1277677027803818e-06,1242156249999999.8,2.915963060981602e-11,1.2719722294112472e-14,0.0,0.13959497851176178,0.19509025558906207,0.0,0.14505246721890067,0.0,0.1062314643679365,0.0,0.1484721276473684,0.0,0.06726828745101854,0.19829041921395202
658,1.871317626263117e-05,2.497662718534854e-08,0.784873046875,95483,1,728702.2721654315,2.1541665968534717e-06,1244609374999999.8,2.915976967784615e-11,1.258065426398455e-14,0.0,0.13961752373368505,0.19521718032623706,0.0,0.14474375085540805,0.0,0.10622239364945067,0.0,0.1486083288748429,0.0,0.06737255975414018,0.19821826280623608
659,1.873998037813851e-05,2.6804115507336535e-08,0.786748046875,93877,1,716091.9146440792,2.1973381650763066e-06,1246953124999999.8,2.9159965853376284e-11,1.2384478733846028e-14,0.0,0.13965219765897496,0.19543711132902197,0.0,0.14445340913322494,0.0,0.10615046609485744,0.0,0.14867867383290095,0.0,0.067509899085188,0.1981182428658317
660,1.8764975165083397e-05,2.499478694488753e-08,0.7885859375,92366,1,722795.0325459961,2.182045813796644e-06,1249593749999999.8,2.9159908355225164e-11,1.2441976884971677e-14,0.0,0.13965365220578765,0.19561814561269678,0.0,0.1441786623604355,0.0,0.106061581747392,0.0,0.14880521899364962,0.0,0.06760766403471404,0.1980750750453244
661,1.8789980793777702e-05,2.5005628694305164e-08,0.79036328125,90761,1,701232.1775639072,2.2542128172033855e-06,1251859374999999.8,2.9160213535726974e-11,1.2136796383156069e-14,0.0,0.1397522895424869,0.19576885629136126,0.0,0.14389150558732386,0.0,0.10598864248540772,0.0,0.14891045949004858,0.0,0.06770027627722616,0.1979879703261455
662,1.8814997789825244e-05,2.5016996047540836e-08,0.792005859375,89243,1,698558.6800425566,2.2675428192424737e-06,1254109374999999.8,2.9160277084883165e-11,1.2073247226958607e-14,0.0,0.13977810494023532,0.1959719560944694,0.0,0.1436152766783311,0.0,0.10589213009886389,0.0,0.14900359303291927,0.0,0.067806474364191,0.19793246479099005
663,1.884002523730319e-05,2.5027447477946162e-08,0.79365234375,87689,1,694697.5857794407,2.284885855359735e-06,1256249999999999.8,2.916034503114841e-11,1.200530096172405e-14,0.0,0.13980804724990772,0.196114187276978,0.0,0.143359173126615,0.0,0.10581518395471884,0.0,0.14912021656207702,0.0,0.06792420327304048,0.19785898855666298
664,1.8865057239200833e-05,2.5032001897644932e-08,0.795267578125,85987,1,690611.9538057622,2.303080836474118e-06,1258281249999999.8,2.916041887451438e-11,1.1931457595743072e-14,0.0,0.1398556401761396,0.1962709092114731,0.0,0.14309501764588864,0.0,0.10572551985991349,0.0,0.14923730957298667,0.0,0.06803920653671498,0.1977763969968834
665,1.8890089644272976e-05,2.5032405072142622e-08,0.796814453125,84297,1,682785.0832918839,2.3340124810089606e-06,1260437499999999.8,2.916060867691289e-11,1.1741655197245736e-14,0.0,0.13988317739828274,0.19638011711674172,0.0,0.1428564425238192,0.0,0.10561341670568107,0.0,0.14937164343369227,0.0,0.06816449289039118,0.19773070993139188
666,1.8915126966907604e-05,2.5037322634626344e-08,0.798328125,82782,1,681445.6380420033,2.343042732781547e-06,1262124999999999.8,2.916060728623824e-11,1.1743045871890213e-14,0.0,0.13992131994598084,0.19653621826864734,0.0,0.14262227702424987,0.0,0.10553304757990331,0.0,0.14949454915546162,0.0,0.06827256179907228,0.19762002622668465
667,1.8940164468010064e-05,2.5037501102460284e-08,0.799798828125,81109,1,669524.8139455385,2.3891536548488805e-06,1264078124999999.8,2.916079330847395e-11,1.1557023636176242e-14,0.0,0.13994730120122978,0.19662170907234972,0.0,0.14239420557415558,0.0,0.10546109006903591,0.0,0.14965189000163615,0.0,0.06836191718132244,0.1975618869002703
668,1.8965209181122777e-05,2.504471311271303e-08,0.801275390625,79608,1,665095.0873170998,2.4095062673135427e-06,1265843749999999.8,2.916088237105127e-11,1.1467961058861852e-14,0.0,0.1400184764035851,0.19676394810031858,0.0,0.14215861919352207,0.0,0.10538375100243022,0.0,0.14975393232956252,0.0,0.06844800647405382,0.19747326649652777
669,1.8990260321253387e-05,2.505114013061141e-08,0.802748046875,78063,1,656395.1562777752,2.445929221742431e-06,1267781249999999.8,2.916105199814746e-11,1.1298333962679577e-14,0.0,0.14008763841005142,0.19685309495945325,0.0,0.1419270231407251,0.0,0.10530964192823968,0.0,0.14983686409233907,0.0,0.06857304133506242,0.19741269613412912
670,1.9016792228347488e-05,2.653190709410193e-08,0.804125,76432,1,645758.864899528,2.4904807156619115e-06,1269734374999999.8,2.9161189146955176e-11,1.1161185154959058e-14,0.0,0.14018294341675733,0.19697264106948545,0.0,0.14170828151717704,0.0,0.10523132675268147,0.0,0.14988632830716617,0.0,0.06864021451888698,0.19737826441784545
671,1.90418841372466e-05,2.5091908899110605e-08,0.805390625,74960,1,641532.3126346999,2.5108341673152916e-06,1271562499999999.8,2.9161295955604135e-11,1.1054376506003557e-14,0.0,0.1402124357357649,0.1970947715588321,0.0,0.14150014550392861,0.0,0.10515568920360852,0.0,0.1499563488214182,0.0,0.06872878067707829,0.1973518284993695
672,1.906698493554147e-05,2.5100798294872878e-08,0.8067597656250001,73472,1,636305.3624876151,2.535762899973054e-06,1273453124999999.8,2.916139749827651e-11,1.0952833833618596e-14,0.0,0.14023836673033765,0.19721542338782894,0.0,0.14127937520124145,0.0,0.10507891086304445,0.0,0.15003595110649515,0.0,0.0688421322758624,0.19730984043518998
673,1.9092087263753748e-05,2.5102328212276777e-08,0.807970703125,71976,1,622703.5918526873,2.595041087593859e-06,1275749999999999.8,2.9161591729556156e-11,1.0758602553979198e-14,0.0,0.14026024883908128,0.1973694706790981,0.0,0.14108939013394375,0.0,0.1049987792526125,0.0,0.15007215704854704,0.0,0.06893717622999362,0.19727277781672348
674,1.9117196068468444e-05,2.510880471469444e-08,0.809185546875,70540,1,616078.0615067314,2.6268929131999568e-06,1278156249999999.8,2.9161705640377486e-11,1.06446917326409e-14,0.0,0.1403200073376249,0.1974448652314852,0.0,0.140896879819842,0.0,0.1049256220688723,0.0,0.15013649430489281,0.0,0.06899056970381581,0.19728556153346705
675,1.9142306633602326e-05,2.511056513388127e-08,0.786318359375,102794,1,787194.9932473159,1.9977727656302806e-06,1254468749999999.8,2.9158532025676253e-11,1.3818306433879148e-14,0.0,0.14029483724338354,0.19614997702405643,0.0,0.1443584743973472,0.0,0.10444491362287162,0.0,0.1477514623877594,0.0,0.06757908071386877,0.199421254610713
676,1.9167421865927613e-05,2.5115232325287712e-08,0.788447265625,103053,1,816316.0348139342,1.931720637595251e-06,1256671874999999.8,2.915832532597397e-11,1.4025006136168283e-14,0.0,0.14038173328213832,0.19627927715917115,0.0,0.14401080050039017,0.0,0.10444777487397353,0.0,0.1479420835552473,0.0,0.06770625611553563,0.199232074513544
677,1.919235644257203e-05,2.493457664441918e-08,0.790353515625,101754,1,811115.177503623,1.9488071177695842e-06,1258906249999999.8,2.9158314642202854e-11,1.4035689907278516e-14,0.0,0.14042371268790418,0.19646074121301532,0.0,0.1436931159662038,0.0,0.10446027662660844,0.0,0.14807208997160584,0.0,0.06778513372922025,0.19910492980544206
678,1.9217308256887104e-05,2.495181431507229e-08,0.79221875,99405,1,788850.551670702,2.0085395093460083e-06,1261203124999999.8,2.915873039003695e-11,1.3619942073180216e-14,0.0,0.14050481243343457,0.19658001656739377,0.0,0.14339177941698553,0.0,0.10442635398998067,0.0,0.1481770936057749,0.0,0.06792138377184331,0.1989985602145872
679,1.9242264911596535e-05,2.4956654709431643e-08,0.794021484375,97073,1,773678.198481246,2.0525884946317176e-06,1263296874999999.8,2.915901840970291e-11,1.3331922407225801e-14,0.0,0.14050804473863518,0.19672405353483924,0.0,0.14312034023795997,0.0,0.10443524483505888,0.0,0.1482785169442538,0.0,0.06805743114436746,0.19887636856488553
680,1.9267246589577567e-05,2.498167798103315e-08,0.7957363281250001,94940,1,759875.3177437155,2.094386564595271e-06,1265390624999999.8,2.9159296956331824e-11,1.3053375778304643e-14,0.0,0.1405316911174546,0.19687690989821238,0.0,0.14285118195853388,0.0,0.10439917823753059,0.0,0.14838850612517396,0.0,0.06817584931409341,0.19877668334900114
681,1.929223395413545e-05,2.4987364557884282e-08,0.7973847656249999,93042,1,740601.8426338024,2.1533426457305598e-06,1267031249999999.8,2.91596369406712e-11,1.2713391438931804e-14,0.0,0.14064042365055685,0.19702102331596696,0.0,0.14259015678695736,0.0,0.10434501458625732,0.0,0.14847119857150204,0.0,0.06830924335167943,0.19862293973707992
682,1.9317227268314324e-05,2.4993314178875265e-08,0.799015625,91426,1,720878.0206256909,2.216784538128903e-06,1269093749999999.8,2.915996053067441e-11,1.2389801435722417e-14,0.0,0.14073958190742517,0.19716154643408884,0.0,0.14232600660969552,0.0,0.10425914699728182,0.0,0.14857881768582437,0.0,0.06839470442145609,0.19854019594422825
683,1.934221058645322e-05,2.4983318138895697e-08,0.800720703125,89925,1,716646.6661554413,2.2346317674805814e-06,1270999999999999.8,2.916005514689398e-11,1.2295185216150473e-14,0.0,0.1408545524173779,0.1973637031092595,0.0,0.14206196078240063,0.0,0.1041956830882335,0.0,0.14860147962406914,0.0,0.06850761886874374,0.1984150021099156
684,1.9367218831955106e-05,2.500824550188643e-08,0.80234375,88420,1,717377.9801538858,2.236878667025403e-06,1273281249999999.8,2.916010461268653e-11,1.2245719423606703e-14,0.0,0.14097127555988312,0.19750243427458616,0.0,0.14180379746835442,0.0,0.10407740993184031,0.0,0.14868305744888022,0.0,0.06859298928919182,0.19836903602726386
685,1.939223293098302e-05,2.50140990279139e-08,0.803953125,87080,1,715574.6598020752,2.247013960003474e-06,1274984374999999.8,2.9160302973741927e-11,1.2047358368202344e-14,0.0,0.14106077391017044,0.19765611334616057,0.0,0.14155394243289993,0.0,0.10400025265776533,0.0,0.1488032767768643,0.0,0.06868890055001652,0.19823674032612287
686,1.9417259361626032e-05,2.5026430643010487e-08,0.8055917968749999,85681,1,700532.0249101216,2.299942809833305e-06,1276828124999999.8,2.916017983082347e-11,1.2170501286660625e-14,0.0,0.14121266634825427,0.1978407760211219,0.0,0.14129994690432837,0.0,0.10387113510787634,0.0,0.1488739596036493,0.0,0.06878192710618891,0.1981195889085809
687,1.9442289924951374e-05,2.5030563325344217e-08,0.807115234375,84179,1,696809.1913954689,2.316603294966951e-06,1278640624999999.8,2.9161137502897336e-11,1.1212829212799636e-14,0.0,0.14130668880053623,0.19802634285396242,0.0,0.1410598606630965,0.0,0.10378639202599924,0.0,0.14891964292196117,0.0,0.0688844094152835,0.19801666331916087
688,1.9467326603529156e-05,2.503667857778192e-08,0.808599609375,82603,1,691766.0830558278,2.3377833322011635e-06,1282062499999999.8,2.915973415998312e-11,1.2616172127010334e-14,0.0,0.14137337169054331,0.19819180054250815,0.0,0.14082748192645947,0.0,0.10368282355441868,0.0,0.14900858206341497,0.0,0.06899225367932116,0.1979236865433342
689,1.9492685747650144e-05,2.535914412098776e-08,0.81012890625,81007,1,709283.3052939523,2.2843591557939e-06,1285203124999999.8,2.913421553033993e-11,3.81348017702025e-14,0.0,0.14151152642567494,0.1983022570674999,0.0,0.14058333694965597,0.0,0.10358835640547175,0.0,0.14904794279459774,0.0,0.06907899495161361,0.1978875854054862
690,1.9518049888496717e-05,2.53641408465729e-08,0.811546875,79499,1,677352.936109291,2.396230478195068e-06,1288578124999999.8,2.916075492156704e-11,1.1595410543088146e-14,0.0,0.1415819519051195,0.19847561562602287,0.0,0.14037621055468918,0.0,0.10350362925739812,0.0,0.14909076031498492,0.0,0.0691556441209881,0.19781618822079747
691,1.95440965190081e-05,2.6046630511380613e-08,0.812958984375,77821,1,675112.1744825088,2.4083671280203308e-06,1291781249999999.8,2.916081632115928e-11,1.1534010950850703e-14,0.0,0.1416627626220765,0.19862337381527265,0.0,0.14015640203250568,0.0,0.10340312563816115,0.0,0.14916813819116606,0.0,0.06925174480762071,0.19773445289319738
692,1.9569519483778763e-05,2.5422964770662896e-08,0.81422265625,76281,1,656488.0113962711,2.4805408236419927e-06,1294265624999999.8,2.9161062324297075e-11,1.1288007813051292e-14,0.0,0.14178832379426312,0.19869651364174992,0.0,0.13995567090927408,0.0,0.10330261320949333,0.0,0.14921488574704592,0.0,0.06933376830853814,0.19770822438963542
693,1.9594945020184874e-05,2.542553640610976e-08,0.81548828125,74738,1,655057.1856778088,2.4898231759909262e-06,1297046874999999.8,2.9161123893012636e-11,1.12264390974962e-14,0.0,0.14186525519124374,0.19881445644624338,0.0,0.13976720235671689,0.0,0.10321653533877806,0.0,0.14929226642396956,0.0,0.069432136612938,0.1976121476301104
694,1.9620377281899758e-05,2.543226171488413e-08,0.816759765625,73231,1,644495.6628517172,2.534570246791301e-06,1299671874999999.8,2.916129074767179e-11,1.1059584438344873e-14,0.0,0.14197201690177222,0.19890669351309603,0.0,0.13957114263919215,0.0,0.10313237569377855,0.0,0.149353987866498,0.0,0.06951535339960448,0.19754842998605868
695,1.9645811811965672e-05,2.543453006591431e-08,0.818078125,71913,1,636516.5606968986,2.57048496618632e-06,1302484374999999.8,2.91614269402004e-11,1.092339190973012e-14,0.0,0.14211566743701892,0.1990158909028401,0.0,0.1393629314131826,0.0,0.1030210860056917,0.0,0.14937114425960235,0.0,0.0696325228718223,0.19748075710984203
696,1.9671278559618496e-05,2.5466747652824645e-08,0.819302734375,70521,1,628497.1206146306,2.6071805502426916e-06,1305234374999999.8,2.916156144472103e-11,1.0788887389106505e-14,0.0,0.1422083850835433,0.19913798652150386,0.0,0.13916892937258482,0.0,0.10292908175063113,0.0,0.14940533942972659,0.0,0.06971438651864319,0.19743589132336709
697,1.9696752086435612e-05,2.5473526817116953e-08,0.820451171875,69082,1,638322.0892887741,2.5706494750609567e-06,1307984374999999.8,2.916148201006179e-11,1.0868322048340555e-14,0.0,0.1422902318893711,0.19927821725374997,0.0,0.13899078965222547,0.0,0.10283023584108401,0.0,0.14944854560300522,0.0,0.06981438852003591,0.19734759124052842
698,1.9722222572373125e-05,2.5470485937514054e-08,0.821619140625,67685,1,617517.3093943777,2.661040032807477e-06,1310390624999999.8,2.916178122711215e-11,1.0569104997986568e-14,0.0,0.14237321979989015,0.19936101780734972,0.0,0.13881222528876622,0.0,0.10274824149152896,0.0,0.14949996315392863,0.0,0.06987679149164783,0.19732854096688843
699,1.9747701272861005e-05,2.5478700487880833e-08,0.82284375,66380,1,618181.057018073,2.6621448220013752e-06,1313249999999999.8,2.91617700784101e-11,1.0580253700034141e-14,0.0,0.14247702328054385,0.19949868975732027,0.0,0.13861275682655425,0.0,0.10264517109110934,0.0,0.14952907219627057,0.0,0.06996506019520718,0.19727222665299457
700,1.9773180865732027e-05,2.547959287102367e-08,0.8008632812500001,96377,1,757955.7578515937,2.1132190710445334e-06,1273281249999999.8,2.915903723527918e-11,1.33130968309502e-14,0.0,0.14332434238443867,0.1966335155910858,0.0,0.14224396525234,0.0,0.10371864345603621,0.0,0.14681422878631947,0.0,0.06852956526404612,0.19873573926573376
701,1.979866137994018e-05,2.5480514208152208e-08,0.802955078125,96532,1,790283.8258162412,2.032067598740671e-06,1275515624999999.8,2.915865610297481e-11,1.3694229135324556e-14,0.0,0.14338393580353817,0.19687774407522987,0.0,0.14193664515595467,0.0,0.1037014154259291,0.0,0.14694013568045766,0.0,0.06859427943168908,0.19856584442720124
702,1.982360244071653e-05,2.4941060776350907e-08,0.804669921875,94896,1,781363.0083296737,2.0596570692414776e-06,1277234374999999.8,2.915879265872936e-11,1.355767338077352e-14,0.0,0.14346672621489304,0.19704071205438953,0.0,0.14166086152367405,0.0,0.10373042129561083,0.0,0.14701534742263786,0.0,0.0686762574910617,0.19840967399773296
703,1.984856148716893e-05,2.4959046452399033e-08,0.806439453125,92461,1,766031.9924257463,2.1054981021648924e-06,1278796874999999.8,2.915912331091988e-11,1.3227021190259296e-14,0.0,0.14355153948805635,0.19725016166259385,0.0,0.14136697529892445,0.0,0.10372078266492613,0.0,0.14710932750782885,0.0,0.06878470901944068,0.19821650435822977
704,1.987353753718461e-05,2.4976050015677168e-08,0.808078125,90025,1,728798.6081384441,2.217562207107003e-06,1280124999999999.8,2.91597341870945e-11,1.2616145015636391e-14,0.0,0.14366649264265136,0.1974012413713092,0.0,0.14111414041804438,0.0,0.10366272212231954,0.0,0.14721948295531448,0.0,0.06891592706460159,0.1980199934257594
705,1.989854806069827e-05,2.5010523513661507e-08,0.80966015625,87958,1,725015.7342669555,2.2334967862969933e-06,1281874999999999.8,2.91598531671073e-11,1.2497165002838705e-14,0.0,0.1437500301534691,0.19753899446623538,0.0,0.14087218306291702,0.0,0.10360731981493007,0.0,0.14729607811919546,0.0,0.06903214601033421,0.19790324837291878
706,1.992356274069797e-05,2.5014679999699406e-08,0.81129296875,86272,1,698126.954430895,2.3241989543616936e-06,1283499999999999.8,2.916034396350854e-11,1.2006368601597975e-14,0.0,0.14385072054157375,0.19769754105859186,0.0,0.14061273719130823,0.0,0.10352879999614811,0.0,0.14742574305097475,0.0,0.0691291389612453,0.1977553192001579
707,1.994857832221683e-05,2.501558151885932e-08,0.81294921875,84897,1,693092.2301778513,2.345861584803491e-06,1286499999999999.8,2.916043147043049e-11,1.1918861679640908e-14,0.0,0.14396367393027892,0.1978137087667876,0.0,0.1403550921365591,0.0,0.10340436777743074,0.0,0.14757465824183744,0.0,0.06924056411118854,0.19764793503591763
708,1.99735764689802e-05,2.499814676337198e-08,0.814546875,83598,1,691021.3411492101,2.3575158290925125e-06,1290062499999999.8,2.9160490120013403e-11,1.1860212096734003e-14,0.0,0.14409372542249335,0.19797241564520152,0.0,0.14010377702326832,0.0,0.10330945119027067,0.0,0.14766166004872341,0.0,0.06935172929734706,0.19750724137269574
709,1.9998576861376047e-05,2.500039239584708e-08,0.8160546875,82403,1,685982.2853329558,2.379229624286612e-06,1293296874999999.8,2.916058627596143e-11,1.1764056148703064e-14,0.0,0.1441625580393471,0.1981020535158681,0.0,0.1398736297927337,0.0,0.10322387631037289,0.0,0.14776937437173904,0.0,0.069427025992054,0.19744148197788522
710,2.0023593080922628e-05,2.5016219546580158e-08,0.817599609375,81168,1,681269.7938726014,2.4002226921802804e-06,1296499999999999.8,2.916067505078555e-11,1.1675281324574158e-14,0.0,0.14429625595122916,0.19821743814663256,0.0,0.13963560441555525,0.0,0.10314826891792142,0.0,0.14785564641158497,0.0,0.06949411267262447,0.19735267348445215
711,2.004861517998883e-05,2.502209906620144e-08,0.819134765625,79792,1,681671.0762732931,2.403313838994675e-06,1299703124999999.8,2.9160671508419835e-11,1.1678823690293828e-14,0.0,0.14443117141991954,0.1983347520368529,0.0,0.13938344814102152,0.0,0.10304556303454722,0.0,0.1479338192690935,0.0,0.06961184748579508,0.19725939861277025
712,2.007364460973963e-05,2.5029429750797193e-08,0.820548828125,78432,1,658665.0114422434,2.491551285920861e-06,1302921874999999.8,2.916100710625327e-11,1.1343225856867623e-14,0.0,0.1445178888939139,0.1984832940986049,0.0,0.1391789508260715,0.0,0.10294891233716,0.0,0.14795261365178125,0.0,0.06968944661180945,0.19722889358065887
713,2.009867557692969e-05,2.5030967190063212e-08,0.821919921875,76929,1,659367.6943224042,2.4930548734864595e-06,1305671874999999.8,2.9161019254675585e-11,1.1331077434547667e-14,0.0,0.14468553287249034,0.19857042034299457,0.0,0.13896816476285753,0.0,0.10284371339019019,0.0,0.14805749685734856,0.0,0.06974191049443591,0.1971327612796829
714,2.012370850648085e-05,2.5032929551157884e-08,0.82328125,75550,1,652044.9769717571,2.5252284093146533e-06,1308812499999999.8,2.916115846860432e-11,1.1191863505810935e-14,0.0,0.14479265515278045,0.1987189219965838,0.0,0.13876684380337825,0.0,0.10275906244069084,0.0,0.14811871322831657,0.0,0.06979739988612642,0.19704640349212377
715,2.014873953409378e-05,2.503102761293221e-08,0.82456640625,74227,1,640241.5377125695,2.5757979065087824e-06,1311703124999999.8,2.9161311381396333e-11,1.1038950713796563e-14,0.0,0.14483701187650705,0.19884740559669142,0.0,0.13858846268635505,0.0,0.1026439084935738,0.0,0.14818867870898056,0.0,0.06986863360952016,0.19702589902837192
716,2.0173775586596555e-05,2.5036052502774098e-08,0.8258554687499999,72850,1,634380.017789191,2.6036616715264747e-06,1314531249999999.8,2.916142254820966e-11,1.0927783900475682e-14,0.0,0.14497750911696677,0.19896508828440204,0.0,0.13838396738230715,0.0,0.10254518278868029,0.0,0.14822461557381314,0.0,0.06992276001683859,0.19698087683699192
717,2.0198812132017058e-05,2.5036545420501442e-08,0.827005859375,71492,1,626558.7255151889,2.6398351046663447e-06,1316937499999999.8,2.916154672714264e-11,1.080360496749014e-14,0.0,0.1451253698984713,0.19905202077335646,0.0,0.1382056411140527,0.0,0.10245921965297443,0.0,0.1482026417776854,0.0,0.07000734483157664,0.1969477619518831
718,2.0223850424763236e-05,2.5038292746179884e-08,0.828291015625,70223,1,690494.4873697882,2.3991241951260243e-06,1319968749999999.8,2.916076847289746e-11,1.1581859212673973e-14,0.0,0.14522088732211702,0.19920063194878385,0.0,0.1380171427897709,0.0,0.10235448082341983,0.0,0.1482438662060672,0.0,0.07007085843639838,0.1968921324734428
719,2.0248892872888845e-05,2.5042448125609064e-08,0.829541015625,68938,1,628903.5754001996,2.6380546973266156e-06,1322578124999999.8,2.9161618142481075e-11,1.0732189629049939e-14,0.0,0.1453434575313438,0.19929366060392018,0.0,0.1378303608217082,0.0,0.10223791865324622,0.0,0.14828418388368944,0.0,0.07015833774795456,0.19685208075813762
720,2.0275746892154408e-05,2.6854019265563397e-08,0.830810546875,67592,1,635600.7222255818,2.6142529982215348e-06,1325234374999999.8,2.916165961436445e-11,1.0690717745685174e-14,0.0,0.14543873053188364,0.19938877461063767,0.0,0.13763855421686746,0.0,0.10214046429620922,0.0,0.1483585071995298,0.0,0.07023920070526006,0.1967957684396121
721,2.0300794565144778e-05,2.504767299037107e-08,0.8319140625,66244,1,600035.1363687693,2.7728844931798214e-06,1327640624999999.8,2.916201092568414e-11,1.0339406425989814e-14,0.0,0.1455369300840494,0.19948584307648964,0.0,0.13747945720054466,0.0,0.10204019345447714,0.0,0.14839648776823025,0.0,0.07030567685589519,0.19675541156031362
722,2.0325844312167547e-05,2.504974702277004e-08,0.83303515625,65053,1,599824.8943578629,2.7775944749402184e-06,1330140624999999.8,2.916201359904926e-11,1.0336733060880564e-14,0.0,0.14562476261037155,0.19959251044514367,0.0,0.13731788405538858,0.0,0.10196382768209251,0.0,0.14841716801793142,0.0,0.07036580276380143,0.19671804442527094
723,2.035089922558613e-05,2.5054913418585177e-08,0.834123046875,63749,1,590713.6682474915,2.8241196766265693e-06,1332453124999999.8,2.916218445390407e-11,1.0165878206055635e-14,0.0,0.14571113468252353,0.19967874194220633,0.0,0.13714815569308147,0.0,0.1018846983288493,0.0,0.1484530675227304,0.0,0.07046135185952687,0.1966628499710821
724,2.0375947855880374e-05,2.5048630294241954e-08,0.83507421875,62514,1,583602.1215843944,2.8617929505907063e-06,1334640624999999.8,2.916233726802869e-11,1.0013064081444826e-14,0.0,0.145776713334799,0.19977874346872235,0.0,0.13701532891443965,0.0,0.10179905416341174,0.0,0.148478101216677,0.0,0.07052376519676862,0.19662829370518148
725,2.0400999806566565e-05,2.505195068619179e-08,0.815771484375,90732,1,735316.8892899347,2.2188297215986896e-06,1297984374999999.8,2.9159446703351445e-11,1.2903628758690659e-14,0.0,0.14488537738672413,0.19888908840605735,0.0,0.13996049560064644,0.0,0.10213682887412462,0.0,0.1470688932782666,0.0,0.06926198599389477,0.1977973304602861
726,2.0426050890259977e-05,2.5051083693412657e-08,0.817767578125,90973,1,772249.5498673018,2.1178842467840085e-06,1302374999999999.8,2.9159038233801185e-11,1.3312098308952924e-14,0.0,0.14509299087406885,0.19907474856519156,0.0,0.1396594673475091,0.0,0.10211441686947842,0.0,0.14710876839337278,0.0,0.0693245951129337,0.1976250128374457
727,2.045098865166708e-05,2.493776140710421e-08,0.819572265625,89601,1,762747.783735869,2.1489994021636085e-06,1305671874999999.8,2.915916267588194e-11,1.3187656228192413e-14,0.0,0.1453096961305559,0.19913922325145786,0.0,0.13939483486288817,0.0,0.10210404150411918,0.0,0.14714945152887962,0.0,0.06943885077248278,0.19746390194961644
728,2.047593627340035e-05,2.4947621733270306e-08,0.82117578125,87260,1,773236.3423032394,2.1239968592370177e-06,1309203124999999.8,2.915912899040743e-11,1.3221341702698164e-14,0.0,0.1454350421699069,0.1992878922657584,0.0,0.13913215140257157,0.0,0.10206401834260136,0.0,0.1472141222808378,0.0,0.06953396663511256,0.1973328069032114
729,2.0500172392824727e-05,2.423611942437418e-08,0.82267578125,85047,1,725103.6271149172,2.269126095874898e-06,1312421874999999.8,2.91598492176755e-11,1.2501114434629888e-14,0.0,0.14559245981814295,0.19941359416917925,0.0,0.1389164549749531,0.0,0.10201324754872866,0.0,0.1472638351416158,0.0,0.06960660952968828,0.19719379881769186
730,2.052514348642376e-05,2.497109359903393e-08,0.824208984375,83135,1,722802.156029882,2.280593596737765e-06,1315765624999999.8,2.915997304559855e-11,1.237728651158365e-14,0.0,0.1457268451047998,0.19954975769855093,0.0,0.13867462884631332,0.0,0.1019656631002737,0.0,0.14730980224884183,0.0,0.06970461735328617,0.1970686856479342
731,2.055012013670377e-05,2.4976650280007635e-08,0.825732421875,81317,1,692796.7842863355,2.383765169249751e-06,1319046874999999.8,2.9160569672138155e-11,1.1780659971978578e-14,0.0,0.14593578144403055,0.19967831588906632,0.0,0.13842114599964522,0.0,0.10187215421914732,0.0,0.14733605345633022,0.0,0.06973922299095264,0.19701732600082789
732,2.0575084581104272e-05,2.4964444400503363e-08,0.8272207031250001,79962,1,697656.7031079351,2.371426231382514e-06,1322343749999999.8,2.916048359403356e-11,1.1866738076580605e-14,0.0,0.14610293787791856,0.19981725327421213,0.0,0.13818391309377928,0.0,0.10179512061520006,0.0,0.14738972037862097,0.0,0.06983805429041617,0.19687300046985265
733,2.060005024828867e-05,2.4965667184398867e-08,0.828666015625,78668,1,675214.4785946533,2.454526796729035e-06,1325515624999999.8,2.916093753377412e-11,1.141279833600588e-14,0.0,0.1462087268459049,0.19994720430284932,0.0,0.13798768257529867,0.0,0.10173306589798645,0.0,0.14748619416089015,0.0,0.06991894446316911,0.19671818175390135
734,2.062421002473217e-05,2.415977644350241e-08,0.83003515625,77460,1,672726.1249200715,2.4676762964976836e-06,1328265624999999.8,2.916084076948001e-11,1.1509562630124453e-14,0.0,0.14643816856401978,0.2000315310439599,0.0,0.13777889678995148,0.0,0.10163820244812673,0.0,0.14752057753577832,0.0,0.06999185840208198,0.19660076521608177
735,2.064917355689121e-05,2.4963532159040614e-08,0.8313671874999999,76267,1,662264.0982672373,2.5106817345986528e-06,1331468749999999.8,2.916109900724156e-11,1.12513248685737e-14,0.0,0.14659587464173282,0.20019264201475354,0.0,0.13758633651270966,0.0,0.10157872480383404,0.0,0.14750035239392942,0.0,0.07008175539162712,0.19646431424141333
736,2.067414336033592e-05,2.4969803444708402e-08,0.83274609375,75020,1,665037.3934995964,2.5043587079152876e-06,1334390624999999.8,2.9160888683874106e-11,1.1461648236029609e-14,0.0,0.14675185169549168,0.20029974247477522,0.0,0.13736554978586474,0.0,0.10148557811833027,0.0,0.14754928863933806,0.0,0.07021197750289658,0.19633601178330357
737,2.0699121046050295e-05,2.4977685714375292e-08,0.83401171875,73758,1,648086.1912648784,2.573767903069338e-06,1337515624999999.8,2.916120793699863e-11,1.1142395111513119e-14,0.0,0.14692960886528308,0.2004641534001227,0.0,0.1371594373954952,0.0,0.10139948573114697,0.0,0.14756893216615846,0.0,0.07026467516287521,0.19621370727891824
738,2.0723251994858863e-05,2.413094880856896e-08,0.835279296875,72506,1,640800.5826962736,2.606986695799886e-06,1340343749999999.8,2.91613469712191e-11,1.1003360891038792e-14,0.0,0.14714155772185106,0.20058316945819485,0.0,0.13697467398395463,0.0,0.10129938760192017,0.0,0.1475858327701952,0.0,0.07029366580695545,0.19612171265692843
739,2.0748215950606483e-05,2.496395574761811e-08,0.836466796875,71263,1,712267.1014772482,2.3487447198955575e-06,1343218749999999.8,2.916043578491834e-11,1.1914547191792352e-14,0.0,0.14724555246561175,0.2007280436919614,0.0,0.13679189111567208,0.0,0.10122329086022636,0.0,0.147614477748902,0.0,0.07034798060106802,0.19604876351655848
740,2.0773188186968e-05,2.497223636151795e-08,0.837591796875,69932,1,628839.7317700055,2.6639277213525187e-06,1345578124999999.8,2.9161556632094995e-11,1.0793700015138345e-14,0.0,0.14737190653076743,0.20081054548591926,0.0,0.13661515645439984,0.0,0.10113397085673913,0.0,0.14764473110456644,0.0,0.07041205837979514,0.19601163118781292
741,2.079816417223086e-05,2.4975985262858537e-08,0.8386914062499999,68592,1,648535.0923549935,2.586417962995653e-06,1347890624999999.8,2.91614417779106e-11,1.0908554199531165e-14,0.0,0.1475629351901446,0.20089192147364987,0.0,0.136454670361659,0.0,0.1010712372790573,0.0,0.14764909992780792,0.0,0.0704338510980182,0.195936284669663
742,2.082228736555742e-05,2.4123193326559556e-08,0.839720703125,67327,1,622240.9413668603,2.699021061778441e-06,1350093749999999.8,2.916167158277901e-11,1.0678749331122314e-14,0.0,0.14766814672847417,0.2009736310203588,0.0,0.1362990391615516,0.0,0.10101712576493765,0.0,0.14769838371668406,0.0,0.07047776767293813,0.1958659059350556
743,2.0847270250918407e-05,2.4982885360987697e-08,0.840775390625,65934,1,626008.1978863085,2.686148179732611e-06,1352265624999999.8,2.916168338750984e-11,1.0666944600298053e-14,0.0,0.14782439015324864,0.20104442281469162,0.0,0.13614896963136242,0.0,0.10096474376099072,0.0,0.14772450096056236,0.0,0.07053338505889979,0.19575958762024454
744,2.0872249286552473e-05,2.4979035634066222e-08,0.84178125,64720,1,640132.5741365927,2.630021604932041e-06,1354406249999999.8,2.916151930137634e-11,1.0831030733799e-14,0.0,0.14794706166239746,0.20112206259048893,0.0,0.13599556372276053,0.0,0.10090210491146008,0.0,0.14773592085235923,0.0,0.07062544084344954,0.19567184541708435
745,2.0897233177435192e-05,2.4983890882717455e-08,0.842712890625,63397,1,591679.7323804391,2.84854405012187e-06,1356171874999999.8,2.916219773197073e-11,1.0152600139405175e-14,0.0,0.14809870465780856,0.20116161300116575,0.0,0.13584985248071124,0.0,0.10084154365667057,0.0,0.14776264343440662,0.0,0.07070496374015282,0.19558067902908433
746,2.0921421180432983e-05,2.4188002997789968e-08,0.8436347656250001,62235,1,588111.5960441707,2.868961507644335e-06,1358281249999999.8,2.916226742804801e-11,1.0082904062122966e-14,0.0,0.14817995976302317,0.2012543379767144,0.0,0.13571297931893478,0.0,0.10077302224146353,0.0,0.14778407236173458,0.0,0.07076429419758717,0.19553133414054236
747,2.094641183931547e-05,2.499065888248667e-08,0.84457421875,61051,1,582023.0568452524,2.902201927627601e-06,1360203124999999.8,2.9162322781620954e-11,1.0027550489178528e-14,0.0,0.14829032750415103,0.20131491922242623,0.0,0.1355758957684854,0.0,0.1007349302301918,0.0,0.14780006567658444,0.0,0.07081508341388736,0.19546877818427366
748,2.0971423529626934e-05,2.5011690311464586e-08,0.845435546875,59882,1,570850.7323688872,2.9620196627116683e-06,1362249999999999.8,2.9162548258503625e-11,9.802073606509767e-15,0.0,0.148397991974366,0.201412456135082,0.0,0.13543777130408466,0.0,0.10066695467157044,0.0,0.14782044203362263,0.0,0.07085844712992333,0.1954059367513509
749,2.099644014634164e-05,2.501661671470612e-08,0.846333984375,58714,1,562781.0709726346,3.007684614950929e-06,1364109374999999.8,2.916269577659974e-11,9.654555510394379e-15,0.0,0.148515079974984,0.2014732659009561,0.0,0.1353216884402628,0.0,0.10060855297318627,0.0,0.1478435254994542,0.0,0.07093553769359115,0.19530234951756542
750,2.1020722493768255e-05,2.428234742661742e-08,0.82861328125,84914,1,719196.4361657755,2.3042752705159506e-06,1328031249999999.8,2.9159740077838753e-11,1.261025427137763e-14,0.0,0.14674366529169122,0.2003394225103123,0.0,0.13794932233352977,0.0,0.10083912787271655,0.0,0.14633117265763113,0.0,0.07015203299941072,0.1976452563347083
751,2.104575937915124e-05,2.5036885382987566e-08,0.830359375,84857,1,745517.5738728534,2.2276051004040215e-06,1332156249999999.8,2.915972716872637e-11,1.2623163383761632e-14,0.0,0.14698549197448393,0.20053911145400144,0.0,0.13771569162448485,0.0,0.10078937959844193,0.0,0.14631748301751876,0.0,0.07023502624992943,0.19741781608113954
752,2.1070692689007346e-05,2.4933309856105942e-08,0.831955078125,83183,1,732034.5148352358,2.2729941314645638e-06,1335109374999999.8,2.915961051826607e-11,1.2739813844062036e-14,0.0,0.1471942267015055,0.20059817682839506,0.0,0.13750085101687712,0.0,0.10077917931453817,0.0,0.1464218555219844,0.0,0.07029282023471631,0.1972128903819833
753,2.1095641965093484e-05,2.4949276086139786e-08,0.833431640625,80831,1,779595.6671070585,2.138112551901981e-06,1338156249999999.8,2.915961204861242e-11,1.2738283497714299e-14,0.0,0.14738105114162314,0.20069976120004593,0.0,0.13728536711684794,0.0,0.10074124068176332,0.0,0.14646475298617115,0.0,0.07040731913657061,0.1970205077369779
754,2.1120602799158958e-05,2.4960834065473232e-08,0.8348671875,78531,1,705194.7888346026,2.3677633491299407e-06,1341140624999999.8,2.9159972702634066e-11,1.2377629476071933e-14,0.0,0.1476189139365356,0.2008014935010247,0.0,0.1370727005605308,0.0,0.1006569158642374,0.0,0.1465076780550799,0.0,0.07048744654370549,0.19685485153888627
755,2.114557601782703e-05,2.497321866807159e-08,0.8363359375,76650,1,662217.3371065747,2.52586542404402e-06,1344593749999999.8,2.91611161187073e-11,1.123421340283342e-14,0.0,0.1478314074599957,0.20096496062624356,0.0,0.13686467197877647,0.0,0.10058056440388227,0.0,0.146544637602638,0.0,0.07056683263117579,0.19664692529728822
756,2.1170562258719447e-05,2.498624089241839e-08,0.837748046875,74924,1,644240.4260064397,2.600731071994622e-06,1347906249999999.8,2.916119056253707e-11,1.1159769573061618e-14,0.0,0.14798322325244156,0.20112047038307218,0.0,0.13666661226735552,0.0,0.10051360721055098,0.0,0.14663800600102114,0.0,0.07063672839434215,0.19644135249121644
757,2.1195582034880825e-05,2.5019776161377974e-08,0.839173828125,73691,1,630367.243972445,2.662491860575428e-06,1351171874999999.8,2.9161724289406495e-11,1.0626042703635633e-14,0.0,0.14813211468683157,0.20126519526040537,0.0,0.1364832878319217,0.0,0.1004149821834626,0.0,0.1467216872994039,0.0,0.07074014853708888,0.1962425842008858
758,2.1220608690113663e-05,2.502665523283715e-08,0.840583984375,72605,1,640450.3458021658,2.6249778453071683e-06,1354203124999999.8,2.9161247245028373e-11,1.1103087081759229e-14,0.0,0.1483227573836084,0.20137832003884948,0.0,0.13628453061139134,0.0,0.10031158583481072,0.0,0.14680549004482096,0.0,0.07085150530114155,0.19604581078537753
759,2.1245655974772044e-05,2.504728465838138e-08,0.84186328125,71562,1,631292.269668023,2.6671110092721706e-06,1356828124999999.8,2.9161608411309127e-11,1.0741920801006874e-14,0.0,0.14848016629778624,0.20146206563751348,0.0,0.1361354324716844,0.0,0.10022179224840731,0.0,0.1468561644789042,0.0,0.07096423947994822,0.1958801393857561
760,2.1270724542946437e-05,2.5068568174394233e-08,0.843158203125,70385,1,625859.0495452768,2.6944028491322566e-06,1359718749999999.8,2.916160778213585e-11,1.074254997428394e-14,0.0,0.14866908966242529,0.20158120162984686,0.0,0.13596341878678797,0.0,0.10012114978792996,0.0,0.14688774765634227,0.0,0.07108458015691561,0.19569281231975202
761,2.129579938301858e-05,2.5074840072143354e-08,0.8443203125000001,69165,1,616960.8670491228,2.7370303615473062e-06,1362390624999999.8,2.916179255506516e-11,1.0557777044973377e-14,0.0,0.14883227077993577,0.2016993143523359,0.0,0.13582023262054352,0.0,0.1000365493694077,0.0,0.14693309152147158,0.0,0.07117411379345442,0.19550442756285102
762,2.1322200090806808e-05,2.6400707788227366e-08,0.845533203125,68006,1,618356.280967713,2.7347767917931085e-06,1364874999999999.8,2.916179819242634e-11,1.0552139683794597e-14,0.0,0.14902070392896496,0.20177726240607238,0.0,0.13566698158752452,0.0,0.09995541829420693,0.0,0.1469302146158697,0.0,0.07128453061007639,0.1953648885572852
763,2.134729632482997e-05,2.50962340231627e-08,0.846669921875,66772,1,605231.3478359333,2.79783895828382e-06,1367640624999999.8,2.9161967538281784e-11,1.038279382835081e-14,0.0,0.14918280487664218,0.20191467029608182,0.0,0.13551021349727216,0.0,0.09988350500005766,0.0,0.14692210982825638,0.0,0.07136414491516627,0.1952225515865235
764,2.137240008852737e-05,2.510376369740022e-08,0.8477851562500001,65481,1,610146.6429104523,2.7789554071984777e-06,1369859374999999.8,2.916193487583441e-11,1.0415456275720477e-14,0.0,0.14936438237503052,0.2019761971681726,0.0,0.13535499209797588,0.0,0.09980970635801929,0.0,0.14694309160358104,0.0,0.07147991319292459,0.19507171720429614
765,2.139752531191405e-05,2.5125223386680553e-08,0.848876953125,64178,1,587703.6330203194,2.8887926003195246e-06,1372156249999999.8,2.9162252394913344e-11,1.009793719678852e-14,0.0,0.14953580672993957,0.20205464480874313,0.0,0.13522922059246476,0.0,0.09974805867126832,0.0,0.14698648259994243,0.0,0.07152142651711244,0.19492436008052916
766,2.14226503714736e-05,2.512505955955056e-08,0.84988671875,62946,1,583488.7526233188,2.9131211696163026e-06,1374249999999999.8,2.9162323895125786e-11,1.0026436984341255e-14,0.0,0.14968447081642317,0.20212252552040483,0.0,0.1350846390373717,0.0,0.09969848922880348,0.0,0.14703016486572199,0.0,0.07161110625956583,0.194768604271709
767,2.1447781577824216e-05,2.5131206350614133e-08,0.850857421875,61788,1,601094.7418055101,2.831026002055107e-06,1376593749999999.8,2.916211505344261e-11,1.0235278667514263e-14,0.0,0.14981670603412459,0.20223625524803793,0.0,0.1349488911690643,0.0,0.09963754392972163,0.0,0.1470644271977486,0.0,0.07167172819697042,0.1946244482243325
768,2.1472969552878243e-05,2.5187975054026285e-08,0.851806640625,60616,1,596911.284021939,2.854047706672915e-06,1378671874999999.8,2.916232158875529e-11,1.002874335484526e-14,0.0,0.14996617942103752,0.20231584981370015,0.0,0.13481685296646603,0.0,0.09958154198910861,0.0,0.14708397821725422,0.0,0.07175695041559184,0.1944786471768415
769,2.149818884090536e-05,2.5219288027115214e-08,0.852736328125,59479,1,589531.6518802751,2.8929280570610574e-06,1380687499999999.8,2.916236789519719e-11,9.982436912943482e-15,0.0,0.15012562957941003,0.2023907412030664,0.0,0.13468361272649398,0.0,0.09950962091245782,0.0,0.14712975920806412,0.0,0.07180927208137407,0.19435136428913355
770,2.15234156536719e-05,2.5226812766539553e-08,0.853650390625,58328,1,586322.3387944174,2.9118808346284618e-06,1382640624999999.8,2.9162408971076125e-11,9.941361033999641e-15,0.0,0.1502440118150681,0.20246002347455436,0.0,0.1345714292251338,0.0,0.0994488284458518,0.0,0.14716898247187513,0.0,0.07189940261148697,0.19420732195602983
771,2.1548647938925974e-05,2.523228525407476e-08,0.8545175781250001,57181,1,552071.626939503,3.0956764898864822e-06,1384421874999999.8,2.916288763130783e-11,9.462700802303226e-15,0.0,0.1503566751159394,0.20251512526484924,0.0,0.13446914720248312,0.0,0.09940047495731555,0.0,0.14717962666252202,0.0,0.07198186111041271,0.19409708968647787
772,2.1573882839186763e-05,2.523490026079006e-08,0.855357421875,56080,1,559938.9348951064,3.0551810869706157e-06,1386187499999999.8,2.916276760556245e-11,9.582726547683164e-15,0.0,0.15047163671984712,0.20257430761537462,0.0,0.1343508173438096,0.0,0.09934626195646466,0.0,0.14721322181197097,0.0,0.07206645613698587,0.19397729841554726
773,2.1599120259407417e-05,2.5237420220654122e-08,0.856248046875,55074,1,539678.7313637683,3.1731769184650315e-06,1388078124999999.8,2.916312517829698e-11,9.225153813162075e-15,0.0,0.1506207815255053,0.20263960456114177,0.0,0.13424300694116545,0.0,0.09929310970143636,0.0,0.1472425803890976,0.0,0.0721283579570209,0.19383255892463258
774,2.1624363279280554e-05,2.5243019873137125e-08,0.857017578125,54004,1,534640.2243369567,3.205959967519635e-06,1389671874999999.8,2.9163196979131315e-11,9.153352978821656e-15,0.0,0.1507020394582411,0.2026901067245831,0.0,0.13414525755880333,0.0,0.09925636917635422,0.0,0.1472721761741869,0.0,0.07220261034246216,0.19373144056536906
775,2.1649619436131202e-05,2.5256156850646772e-08,0.842146484375,78856,1,650643.9966821873,2.5886552052100272e-06,1355640624999999.8,2.916096607482926e-11,1.1384257280869116e-14,0.0,0.14814728917688477,0.20121805561031494,0.0,0.13627287043200154,0.0,0.09968713689674125,0.0,0.14725902699342963,0.0,0.07175674139974349,0.19565887949088429
776,2.1674881700374423e-05,2.5262264243221977e-08,0.8439687499999999,78925,1,696096.7397447925,2.4248605166845667e-06,1358703124999999.8,2.91603254573806e-11,1.2024874729528384e-14,0.0,0.1485587070018884,0.20123717924982412,0.0,0.13610591698448551,0.0,0.0995876069167253,0.0,0.14739465694079312,0.0,0.07178231569593069,0.19533361721035286
777,2.170009778607151e-05,2.52160856970845e-08,0.845396484375,77238,1,695763.0297180082,2.430127639054458e-06,1360953124999999.8,2.916039257086377e-11,1.1957761246365668e-14,0.0,0.14888770293154796,0.20123000718505324,0.0,0.13592226280660655,0.0,0.09951876315430769,0.0,0.14751307055907106,0.0,0.07183204995806794,0.1950961434053456
778,2.1725329852189775e-05,2.5232066118266395e-08,0.846720703125,74770,1,657925.8779102395,2.5739091029963037e-06,1363437499999999.8,2.916101022087165e-11,1.1340111238482898e-14,0.0,0.14915309754314096,0.20128206015394873,0.0,0.1357719695239677,0.0,0.09944154954431274,0.0,0.1475753193040245,0.0,0.07189040438640805,0.1948855995441974
779,2.175058754611852e-05,2.5257693928744705e-08,0.848134765625,72473,1,654026.5833177353,2.5935788766340224e-06,1366062499999999.8,2.916124693007428e-11,1.1103402035848335e-14,0.0,0.14943868092896867,0.2013333486856498,0.0,0.13557784200163503,0.0,0.0993333256571751,0.0,0.14771615102073712,0.0,0.07195246922820067,0.1946481824776336
780,2.1775853898489105e-05,2.5266352370587382e-08,0.849439453125,70631,1,631877.8197871136,2.6886193074831627e-06,1368765624999999.8,2.9161447578460354e-11,1.0902753649781278e-14,0.0,0.14971040185048506,0.20142189357411713,0.0,0.13538799713965782,0.0,0.09925203431490896,0.0,0.14778817832532026,0.0,0.07202130081188651,0.1944181939836243
781,2.1801133893736942e-05,2.5279995247836272e-08,0.850734375,69107,1,611163.8548325533,2.7839813113067174e-06,1370984374999999.8,2.916191656369433e-11,1.0433768415800869e-14,0.0,0.15000367329696768,0.20144130989769865,0.0,0.13522094881260674,0.0,0.09915606002167245,0.0,0.14785020294965745,0.0,0.07211600271823974,0.19421180230315718
782,2.1826378288751324e-05,2.5244395014383742e-08,0.85198046875,67973,1,596370.4538836349,2.8572189088235425e-06,1373499999999999.5,2.916210109307488e-11,1.024923903524791e-14,0.0,0.1502817424475143,0.20151576978272134,0.0,0.13506673330062768,0.0,0.099056884923455,0.0,0.14790905381303673,0.0,0.07218475335500465,0.19398506237764035
783,2.1851630246734248e-05,2.5251957982923177e-08,0.85316796875,66884,1,583486.3714827183,2.9243801070519746e-06,1376062499999999.8,2.9162324642976534e-11,1.0025689133603707e-14,0.0,0.15055789314640747,0.2016107247345601,0.0,0.13490849819835082,0.0,0.0989464816332511,0.0,0.14795729152835713,0.0,0.07224224054649263,0.1937768702125809
784,2.1876892821558962e-05,2.526257482471241e-08,0.8542832031250001,65836,1,597871.5333696186,2.857748380526629e-06,1378374999999999.8,2.916213074509313e-11,1.0219587017001759e-14,0.0,0.15081174138589323,0.20168589803677697,0.0,0.1347826782778874,0.0,0.09883788720898595,0.0,0.14797218976984083,0.0,0.0723285466388351,0.19358105868178044
785,2.1902149040509963e-05,2.5256218950999308e-08,0.85558203125,64756,1,625221.3138985614,2.736893359936905e-06,1381031249999999.8,2.916182769890417e-11,1.0522633205969856e-14,0.0,0.15110784416675418,0.20176780243712023,0.0,0.13462144282263994,0.0,0.09875404626784583,0.0,0.147987252829534,0.0,0.07239908870514863,0.1933625227709573
786,2.1927404360395443e-05,2.5255319885480338e-08,0.856673828125,63695,1,632839.7813902124,2.7073956262454694e-06,1383562499999999.8,2.916188824011668e-11,1.0462091993452141e-14,0.0,0.15131652443931723,0.20188000009119578,0.0,0.13447723184463897,0.0,0.09864186750627542,0.0,0.14800611923386464,0.0,0.07246869136399184,0.19320956552071628
787,2.1952634327944642e-05,2.522996754920017e-08,0.85779296875,62655,1,621760.1722604302,2.7592406430005467e-06,1385999999999999.8,2.916210457966106e-11,1.0245752449069548e-14,0.0,0.151510735672488,0.20197181174434753,0.0,0.1343336596917052,0.0,0.09856781802864364,0.0,0.1479974498508618,0.0,0.072524419954917,0.1930941050570368
788,2.197787088015487e-05,2.523655221022723e-08,0.858783203125,61462,1,601984.2739070575,2.8531748763177513e-06,1388265624999999.8,2.916246077307628e-11,9.889559033858188e-15,0.0,0.15170446921402694,0.202068697307464,0.0,0.13420832982713093,0.0,0.09849055144792891,0.0,0.1480041937970921,0.0,0.07255905771474447,0.19296470069161262
789,2.200315403109589e-05,2.5283150941022324e-08,0.8598847656249999,60243,1,571772.7339758854,3.0077851374468154e-06,1390734374999999.8,2.91626311249972e-11,9.719207112930531e-15,0.0,0.15189399015583938,0.2021687135585482,0.0,0.1340682004538217,0.0,0.09840526415012912,0.0,0.1480099304730603,0.0,0.07262510192817442,0.19282879928042684
790,2.2028439037914808e-05,2.5285006818916515e-08,0.86080078125,59049,1,556683.1533848728,3.0926058243938633e-06,1392359374999999.8,2.916279702036572e-11,9.553311744409379e-15,0.0,0.15207496653279787,0.20218954915708034,0.0,0.13395276019331565,0.0,0.09833911918861889,0.0,0.14802032990719943,0.0,0.07268168720078053,0.19274158782020742
791,2.2053718947931096e-05,2.527991001628927e-08,0.861740234375,57814,1,544213.2877567309,3.1669209619159724e-06,1394499999999999.8,2.9163021394139657e-11,9.328937970479096e-15,0.0,0.15223555169748715,0.20227963491390744,0.0,0.1338339252647826,0.0,0.09827724150123185,0.0,0.14803121409031053,0.0,0.07273617384879344,0.19260625868348707
792,2.207900136466874e-05,2.5282416737645396e-08,0.8627109374999999,56749,1,556849.2683789937,3.098543848360902e-06,1396578124999999.8,2.91628962752933e-11,9.454056816831386e-15,0.0,0.15237894717777356,0.2023531382723428,0.0,0.13370824164380088,0.0,0.09820741304210022,0.0,0.1481001023300461,0.0,0.07276979361931413,0.1924823639146223
793,2.210434535336003e-05,2.534398869128808e-08,0.8636445312500001,55589,1,557943.8815067834,3.0958114601692246e-06,1398218749999999.8,2.91629538447848e-11,9.396487325333518e-15,0.0,0.15254214289914197,0.2023718525688285,0.0,0.13360441081354904,0.0,0.09812838941079093,0.0,0.1481638948315867,0.0,0.07281777351612218,0.19237153595998063
794,2.2129695530759822e-05,2.535017739979479e-08,0.864587890625,54533,1,648708.5453394006,2.6655665223976738e-06,1399843749999999.8,2.916251644466295e-11,9.833887447179727e-15,0.0,0.152701002329054,0.20238598139919442,0.0,0.13349703728971307,0.0,0.09805746505854261,0.0,0.14822587531541626,0.0,0.07287160383943758,0.192261034768642
795,2.215505728688102e-05,2.53617561211986e-08,0.86547265625,53409,1,583514.6585225124,2.9664127322573834e-06,1401296874999999.8,2.9161476033749594e-11,1.0874298360539513e-14,0.0,0.15284052698805298,0.20238895834555726,0.0,0.13338538822265653,0.0,0.09799107243603343,0.0,0.14830904355911015,0.0,0.07292348382612465,0.1921615266224652
796,2.2180432697973996e-05,2.537541109297757e-08,0.86641015625,52318,1,547800.4041738741,3.163232993800413e-06,1403078124999999.8,2.916666890642798e-11,5.6814256821497246e-15,0.0,0.15298398113624373,0.2024269502842638,0.0,0.1332568383370679,0.0,0.09792787228191034,0.0,0.14837399290354866,0.0,0.07299335891181734,0.19203700614514813
797,2.220581947807396e-05,2.53867800999617e-08,0.867314453125,51378,1,524714.0207306598,3.305855833306196e-06,1404624999999999.8,2.9163428760642773e-11,8.921571467361987e-15,0.0,0.15313974305563374,0.20243883215295058,0.0,0.13313141094209183,0.0,0.09785504374359609,0.0,0.14843322486572913,0.0,0.07306362807246687,0.19193811716753176
798,2.2231211561100945e-05,2.5392083026986966e-08,0.868111328125,50318,1,505573.8235653674,3.43416248097251e-06,1405953124999999.5,2.9163713828032826e-11,8.636504077303517e-15,0.0,0.15324440404703998,0.20244424295738997,0.0,0.13303620242399425,0.0,0.09781021569364169,0.0,0.14849720905431826,0.0,0.07310905274336124,0.1918586730802546
799,2.2257900542753636e-05,2.668898165269068e-08,0.868908203125,49304,1,503995.70781174395,3.448077789779752e-06,1407453124999999.8,2.91637519046195e-11,8.59842749063566e-15,0.0,0.1533803421589144,0.202474369550509,0.0,0.1329344251608857,0.0,0.09775198311458569,0.0,0.1485498369226827,0.0,0.07315664188850501,0.19175240120391743
800,2.2283745819083036e-05,2.5845276329398894e-08,0.856251953125,73155,1,628134.2676129615,2.7263341526611256e-06,1384312499999999.8,2.916136292741265e-11,1.0987404697477348e-14,0.0,0.1516807671515348,0.2020889550890623,0.0,0.1347419371762382,0.0,0.09843955647911388,0.0,0.14754528388393276,0.0,0.07157374184821659,0.19392975837190154
801,2.230959510068692e-05,2.5849281603882603e-08,0.858091796875,72924,1,661799.2008633198,2.5932089242646887e-06,1387078124999999.8,2.916094874472018e-11,1.1401587389949886e-14,0.0,0.15197237693556062,0.20205852830248805,0.0,0.13456911797843601,0.0,0.09831498396469275,0.0,0.1477683723195772,0.0,0.07169569106597808,0.19362092943326742
802,2.233535891526194e-05,2.5763814575021874e-08,0.859458984375,71010,1,662260.9547236327,2.5955296873380066e-06,1389671874999999.8,2.916095822605041e-11,1.139210605972053e-14,0.0,0.15228057258040692,0.20211433882597837,0.0,0.13441640930545426,0.0,0.09822221919221531,0.0,0.1478264624139005,0.0,0.0717543512793068,0.19338564640273792
803,2.236115634003458e-05,2.5797424772637086e-08,0.860748046875,68468,1,649737.0283578153,2.649527452823511e-06,1391906249999999.8,2.9161279407115545e-11,1.1070924994590009e-14,0.0,0.15258575503230065,0.20213613249739618,0.0,0.13427864117103808,0.0,0.09811369561813738,0.0,0.14792501979791378,0.0,0.07178530665777179,0.19317544922544205
804,2.2386961398202956e-05,2.5805058168378924e-08,0.86197265625,66179,1,621324.5828027636,2.774629171637424e-06,1394031249999999.8,2.9161755920237686e-11,1.0594411872447251e-14,0.0,0.15282894885913034,0.20215711599030203,0.0,0.13413998595155552,0.0,0.09802415426098385,0.0,0.14808873178800444,0.0,0.07181247592504475,0.19294858722497904
805,2.24127711454043e-05,2.580974720134437e-08,0.8632109375,64250,1,582241.0585808934,2.9651324817384727e-06,1396312499999999.8,2.9162385461203623e-11,9.964870906511949e-15,0.0,0.15311428080115122,0.20219746404684544,0.0,0.13400412703297102,0.0,0.09792879058022826,0.0,0.14815686345494203,0.0,0.07182485451303726,0.19277361957082476
806,2.2438584030206657e-05,2.5812884802358815e-08,0.864400390625,62866,1,577979.1829340041,2.9911125388185493e-06,1398249999999999.8,2.9162495193190396e-11,9.855138919739474e-15,0.0,0.15332385843691324,0.20219941117058654,0.0,0.1338807383188762,0.0,0.09784826458008056,0.0,0.14825576797500073,0.0,0.07187966730912189,0.19261229220942083
807,2.246440189006706e-05,2.5817859860402073e-08,0.86546875,61695,1,605557.4502175965,2.858419955659067e-06,1399953124999999.8,2.916223696431869e-11,1.0113367791443693e-14,0.0,0.15356788228922186,0.20219579346452426,0.0,0.1337515797075284,0.0,0.09777712583498825,0.0,0.14828263224408736,0.0,0.07196019137028344,0.1924647950893663
808,2.2490243454407594e-05,2.5841564340533166e-08,0.86651171875,60613,1,574576.9170067722,3.0161730939838187e-06,1402046874999999.8,2.916257183399882e-11,9.778498111317407e-15,0.0,0.15373917512295618,0.2022544595563209,0.0,0.13361087694464605,0.0,0.09771353351936418,0.0,0.14832504609447902,0.0,0.07202234173477529,0.19233456702745833
809,2.2516613279992676e-05,2.636982558508244e-08,0.867595703125,59625,1,587395.423477876,2.9540431145619152e-06,1404156249999999.8,2.9162401576999936e-11,9.948755110196366e-15,0.0,0.15391403596055012,0.20230567142943975,0.0,0.13349121697219102,0.0,0.09764097530666871,0.0,0.14841662370640848,0.0,0.07207643249011164,0.19215504413463033
810,2.2542671221035535e-05,2.6057941042859872e-08,0.868517578125,58603,1,561553.4602862226,3.093267656768844e-06,1405687499999999.8,2.9162786932855745e-11,9.563399254390993e-15,0.0,0.1540812402598717,0.20231131980003644,0.0,0.1333922519738869,0.0,0.0975710677991639,0.0,0.1485446870902962,0.0,0.07208988016128416,0.19200955291546076
811,2.2568718849248784e-05,2.6047628213248446e-08,0.86953125,57471,1,553388.1517906596,3.1425727030344285e-06,1407468749999999.8,2.9162978671122934e-11,9.37166098719982e-15,0.0,0.15428571428571428,0.20233153638814014,0.0,0.13325696316262356,0.0,0.09749550763701706,0.0,0.14865453728661274,0.0,0.07210916442048516,0.19186657681940703
812,2.2594790472796622e-05,2.6071623547837345e-08,0.870447265625,56290,1,583523.6943975502,2.9834170368134905e-06,1408953124999999.8,2.9162431069687977e-11,9.919262422160217e-15,0.0,0.15445992429359007,0.20233177537589553,0.0,0.13314141212424466,0.0,0.0974310530909711,0.0,0.14871126329181522,0.0,0.07217464082087827,0.19174993100260507
813,2.2620888595315016e-05,2.6098122518395115e-08,0.871375,55102,1,537404.411768863,3.2429022945006168e-06,1410359374999999.8,2.916319322046507e-11,9.157111645069118e-15,0.0,0.15462272270836322,0.20231808564051068,0.0,0.13301759073303687,0.0,0.09738111461770191,0.0,0.1487613864581839,0.0,0.07225918089226797,0.19163991894993546
814,2.264686828850077e-05,2.597969318575576e-08,0.87215625,53903,1,540697.5278936678,3.2260411968131504e-06,1411749999999999.8,2.9163169796354745e-11,9.180535755392077e-15,0.0,0.15474174997312695,0.20233616396144616,0.0,0.13293426851553264,0.0,0.09732075674513598,0.0,0.14880728438854848,0.0,0.07232433981869647,0.19153543659751338
815,2.267296437794993e-05,2.6096089449158662e-08,0.873029296875,52685,1,522012.8381799787,3.3448575706254885e-06,1413406249999999.8,2.916346933100862e-11,8.881001101515483e-15,0.0,0.15488231306670608,0.20237096496350043,0.0,0.1328281777485453,0.0,0.09725028020698405,0.0,0.14884639735475663,0.0,0.07239966800226404,0.1914221986572437
816,2.2699277667060613e-05,2.631328911068214e-08,0.873755859375,51579,1,507813.66183749883,3.441245972837191e-06,1414374999999999.8,2.9163666537541604e-11,8.683794568527057e-15,0.0,0.15498152507024499,0.20234127542957286,0.0,0.13274678504927764,0.0,0.09719400129201565,0.0,0.14891262800008048,0.0,0.07247581941287054,0.19134796574593788
817,2.272559801889998e-05,2.6320351839369052e-08,0.87457421875,50466,1,524420.2757583031,3.3353943742368846e-06,1415781249999999.8,2.9163517430689054e-11,8.832901421078185e-15,0.0,0.15514022448423564,0.202352930667155,0.0,0.13264713632973188,0.0,0.09711868721833392,0.0,0.14896311151408498,0.0,0.0725174303567361,0.19126047942972252
818,2.2751917073026035e-05,2.631905412605526e-08,0.87531640625,49449,1,514750.7452647144,3.40093303138342e-06,1417343749999999.8,2.916369164998103e-11,8.658682129103543e-15,0.0,0.15524520151195328,0.2024044876629433,0.0,0.1325547458285174,0.0,0.09705865289783605,0.0,0.14901531142756416,0.0,0.0725675090703808,0.19115409160080507
819,2.2778230337499692e-05,2.6313264473656665e-08,0.876056640625,48399,1,499888.09408483474,3.505011025432931e-06,1418499999999999.8,2.916385388099772e-11,8.496451112414082e-15,0.0,0.15531913470563452,0.20239844295170345,0.0,0.13249624894937143,0.0,0.09701231325564443,0.0,0.14911234424500772,0.0,0.07261989427945273,0.19104162161318589
820,2.280468091874874e-05,2.6450581249050234e-08,0.8767109375,47398,1,507186.0012146373,3.457157474379828e-06,1419624999999999.8,2.916385545182224e-11,8.494880287893496e-15,0.0,0.1553948083657848,0.20240779190689637,0.0,0.1324330104527754,0.0,0.09696664557695221,0.0,0.14916146107165454,0.0,0.07266149226066888,0.19097479036526793
821,2.283099649304733e-05,2.6315574298588404e-08,0.877455078125,46446,1,481925.02362979384,3.6414588788775794e-06,1420859374999999.8,2.916416661453411e-11,8.183717576026015e-15,0.0,0.15554348624506686,0.2024119824510247,0.0,0.1323451832692646,0.0,0.0968999926545385,0.0,0.149226389349526,0.0,0.07272229481121052,0.19085067121936888
822,2.2857327016811194e-05,2.6330523763864072e-08,0.878123046875,45562,1,470585.3206217831,3.732046064313007e-06,1421796874999999.8,2.916435409039607e-11,7.996241714067711e-15,0.0,0.15564313977566677,0.20239146439382652,0.0,0.1322845468962342,0.0,0.09683962820202002,0.0,0.14930860611344776,0.0,0.07276706576304663,0.19076554885575814
823,2.2883659103835177e-05,2.633208702398438e-08,0.878759765625,44573,1,466122.53110396484,3.770509713588592e-06,1422828124999999.8,2.9164411810308435e-11,7.938521801697613e-15,0.0,0.15571261876979497,0.20239150969606046,0.0,0.13222870478413068,0.0,0.0967783519475468,0.0,0.1493715619269878,0.0,0.07280769017058399,0.19070956270489525
824,2.290999374957002e-05,2.6334645734843195e-08,0.8794628906249999,43535,1,454528.21792474843,3.869783463127491e-06,1423781249999999.8,2.916459132706092e-11,7.759005049210506e-15,0.0,0.15578800093274256,0.20236516872647323,0.0,0.13215630100936074,0.0,0.09672318642637441,0.0,0.1494631178031691,0.0,0.07288272982666533,0.19062149527521455
825,2.2936327431523276e-05,2.633368195325723e-08,0.86912109375,66724,1,579957.6314151712,2.9971882312479715e-06,1404687499999999.8,2.9162169445513634e-11,1.0180886596495344e-14,0.0,0.15335850243825702,0.20202701184296273,0.0,0.13364794714487965,0.0,0.09722016225083709,0.0,0.14958538394121215,0.0,0.07187577248926942,0.19228521989258182
826,2.296267567618291e-05,2.6348244659634892e-08,0.8708984375,66640,1,631363.711791708,2.7587852175682734e-06,1406937499999999.8,2.916156620489293e-11,1.0784127217204852e-14,0.0,0.15365777080062795,0.20193765418255213,0.0,0.1334828436869253,0.0,0.09710473200269118,0.0,0.14981610226508185,0.0,0.07191522762951334,0.1920856694326082
827,2.2989013596193503e-05,2.6337920010594137e-08,0.8722578125,64732,1,605765.5516470051,2.8798528081645904e-06,1408624999999999.8,2.9161910416141005e-11,1.0439915969132024e-14,0.0,0.15394450465297496,0.20186477263567074,0.0,0.13337333966269288,0.0,0.09698250768031957,0.0,0.14999910433590985,0.0,0.07193750055979005,0.19189827047264194
828,2.3015298310095737e-05,2.628471390223364e-08,0.87347265625,62096,1,597348.1339201967,2.9245011632251704e-06,1410312499999999.8,2.9162251772537746e-11,1.009855957238611e-14,0.0,0.15422008953128005,0.2018255079178387,0.0,0.13330187962022996,0.0,0.09689010728548493,0.0,0.15006551614648786,0.0,0.07198055534437343,0.19171634415430505
829,2.3041586388178874e-05,2.6288078083135303e-08,0.874556640625,59720,1,557899.3112253626,3.135177344829968e-06,1411703124999999.8,2.916284499239469e-11,9.505339715448225e-15,0.0,0.1544554941901365,0.201774113222548,0.0,0.13323938692149814,0.0,0.09679011463397748,0.0,0.15016090742407423,0.0,0.07200076824641057,0.19157921536135494
830,2.3067875638487813e-05,2.628925030893847e-08,0.8756328125,57741,1,547849.112202727,3.196620357672422e-06,1413078124999999.8,2.916323184950092e-11,9.118482609207738e-15,0.0,0.1546448550601797,0.2017224150391235,0.0,0.13316485398952543,0.0,0.09671130700118663,0.0,0.15022171465279574,0.0,0.07205949268832362,0.19147536156886538
831,2.3094162817564813e-05,2.628717907699985e-08,0.876607421875,56449,1,554217.3929933568,3.1634063923558876e-06,1414359374999999.8,2.916298335925742e-11,9.366972852718193e-15,0.0,0.15479598861912158,0.20168084077687645,0.0,0.13311260786546147,0.0,0.09663943247115235,0.0,0.1503265206996968,0.0,0.07208409551203929,0.19136051405565224
832,2.3120451725589672e-05,2.6288908024858172e-08,0.877583984375,55413,1,545482.076958955,3.2176455339009574e-06,1415593749999999.8,2.916327199240729e-11,9.0783397028438e-15,0.0,0.15501320876073563,0.20163223338222172,0.0,0.13304015151683757,0.0,0.09656305152418194,0.0,0.15040182674824126,0.0,0.07212628777071284,0.19122324029706916
833,2.314672863979766e-05,2.627691420798577e-08,0.8785703125,54478,1,529219.8706008238,3.3202468815184825e-06,1417171874999999.8,2.916339268151907e-11,8.957650591060888e-15,0.0,0.15522377442044513,0.2016304009532532,0.0,0.13294637061276754,0.0,0.09648576789350596,0.0,0.15046862356278398,0.0,0.07215646869470108,0.191088593862543
834,2.3173002915284638e-05,2.6274275486977763e-08,0.879537109375,53517,1,507274.5345004299,3.4676966792396893e-06,1418421874999999.5,2.9163811819735963e-11,8.538512374171057e-15,0.0,0.15539734812567868,0.2015864168607866,0.0,0.1328868390022273,0.0,0.09641079847131948,0.0,0.1505363927669695,0.0,0.07219928806656556,0.19098291670645293
835,2.3199280533662038e-05,2.6277618377400936e-08,0.8804531250000001,52579,1,503290.0367920736,3.4987902030087096e-06,1419609374999999.8,2.9163845821485043e-11,8.50451062508793e-15,0.0,0.1555972599336279,0.2015452803066603,0.0,0.1328484090223429,0.0,0.09633711334717564,0.0,0.15055502315923974,0.0,0.072230651830556,0.19088626240039752
836,2.3225538037540863e-05,2.6257503878824333e-08,0.8813203125,51569,1,501625.9821631261,3.513854321100135e-06,1420671874999999.5,2.916393658394869e-11,8.41374816144176e-15,0.0,0.15577436197466513,0.2014976641934597,0.0,0.13279082342720883,0.0,0.09628221152567613,0.0,0.15058417324858833,0.0,0.07225487328138712,0.1908158923490147
837,2.3251817105587427e-05,2.6279068046562465e-08,0.882169921875,50561,1,510732.05694816913,3.4545312356006103e-06,1421734374999999.5,2.9163743367743066e-11,8.606964367065402e-15,0.0,0.15588558928954924,0.20145415579038722,0.0,0.13274706589530877,0.0,0.09621162306191895,0.0,0.1506539051654855,0.0,0.0722893433494734,0.19075831744787689
838,2.3278095052064967e-05,2.627794647753924e-08,0.8830234375,49493,1,499565.45404382475,3.5351661342961323e-06,1422874999999999.8,2.916401917620251e-11,8.331155907619277e-15,0.0,0.15601360736815095,0.20142089943110938,0.0,0.13270944110699212,0.0,0.09614074513169421,0.0,0.15070956497120158,0.0,0.07232563900660904,0.1906801029842427
839,2.3304375972980934e-05,2.6280920915966553e-08,0.883798828125,48495,1,495520.7487624747,3.5671516493798504e-06,1423859374999999.8,2.916399061455911e-11,8.359717551019051e-15,0.0,0.15614855084474208,0.2013834101280649,0.0,0.13267035723362175,0.0,0.09609175589220009,0.0,0.15075413531342197,0.0,0.0723351123192009,0.19061667826874845
840,2.3330657287630372e-05,2.628131464943641e-08,0.884583984375,47508,1,483012.6732975056,3.662777534742454e-06,1425015624999999.8,2.916431700678505e-11,8.03332532508754e-15,0.0,0.15625282894722314,0.20136805127763535,0.0,0.1326077980689192,0.0,0.09602854449147395,0.0,0.1508322900727964,0.0,0.07237026586032011,0.19054022128163176
841,2.335693614191206e-05,2.6278854281690686e-08,0.885388671875,46426,1,481098.3143479902,3.6806974602474982e-06,1426203124999999.8,2.916416836275422e-11,8.181969355916372e-15,0.0,0.15634244318018878,0.20135268982769308,0.0,0.13256007359056204,0.0,0.09596553420439029,0.0,0.15086285816389783,0.0,0.07241037768105903,0.19050602335220893
842,2.338321692784469e-05,2.6280785932628783e-08,0.886080078125,45505,1,465305.8884205539,3.8085917250380506e-06,1427296874999999.8,2.916455192434939e-11,7.798407760744985e-15,0.0,0.15647173184209773,0.20134987094228665,0.0,0.13253378534759616,0.0,0.09591710328805109,0.0,0.1508751898393777,0.0,0.07243763680007406,0.1904146819405166
843,2.3409466574761332e-05,2.6249646916642988e-08,0.886837890625,44568,1,471731.13373179367,3.759929447986015e-06,1428265624999999.8,2.916433674124889e-11,8.013590861241453e-15,0.0,0.1566199255166156,0.20131436084578944,0.0,0.13247999718099548,0.0,0.09585716456599444,0.0,0.15094227427592327,0.0,0.07244841552126256,0.19033786209341919
844,2.343625796679592e-05,2.6791392034586993e-08,0.8875390625,43570,1,451817.1244225802,3.928753535556095e-06,1428968749999999.8,2.916488571836858e-11,7.464613741555772e-15,0.0,0.15674926279653187,0.2012543461995511,0.0,0.13245235685049075,0.0,0.09581224417939352,0.0,0.15097046784912638,0.0,0.07245059636459664,0.19031072576030986
845,2.3462508403638297e-05,2.6250436842378376e-08,0.88821484375,42617,1,448175.9291654541,3.963688301618251e-06,1429781249999999.8,2.916464877501097e-11,7.701557099162031e-15,0.0,0.1568147135010093,0.2012155702053364,0.0,0.13240215847270906,0.0,0.09578332593025865,0.0,0.1510491109713567,0.0,0.0724812321061821,0.1902538888131479
846,2.3488757518861335e-05,2.6249115223039252e-08,0.88888671875,41682,1,434273.13462691254,4.093675836123962e-06,1430734374999999.8,2.916510018204095e-11,7.250150069188436e-15,0.0,0.15693348860714992,0.20119751268923997,0.0,0.13236360440333106,0.0,0.09573729428050361,0.0,0.15106457779437937,0.0,0.07250554810924832,0.19019797411614772
847,2.3515554000124402e-05,2.6796481263068315e-08,0.889515625,40779,1,432067.6056650251,4.117483529601276e-06,1431281249999999.8,2.916497572047731e-11,7.374611632827281e-15,0.0,0.15703990936078271,0.20113211192889388,0.0,0.13232930492367684,0.0,0.0956849760227652,0.0,0.15111147218465104,0.0,0.07252015668639884,0.19018206889283143
848,2.354179324109713e-05,2.6239240972727314e-08,0.890150390625,39926,1,437679.23025320144,4.0675925613835495e-06,1431968749999999.8,2.9165072483551737e-11,7.277848558395311e-15,0.0,0.15713198041939017,0.20108522743479532,0.0,0.13228540647757467,0.0,0.09564965540847425,0.0,0.15116608192523648,0.0,0.07256059698479672,0.19012105134973242
849,2.3568033598678773e-05,2.6240357581642566e-08,0.890677734375,39065,1,420980.36060103367,4.231445538710544e-06,1432578124999999.8,2.9165233618519446e-11,7.116713590683741e-15,0.0,0.15720998975937828,0.2010516921147213,0.0,0.13225313413460169,0.0,0.09561275977080305,0.0,0.1512015735910374,0.0,0.07256587877472168,0.19010497185473668
850,2.3594271668104572e-05,2.6238069425798855e-08,0.884052734375,61594,1,531554.7453549666,3.3262904417667797e-06,1421296874999999.8,2.916302150148882e-11,9.328830621314402e-15,0.0,0.15576347388072068,0.20096324853358669,0.0,0.1330277154881969,0.0,0.09586311266252058,0.0,0.15149955261966044,0.0,0.07169794646900925,0.19118495034630553
851,2.3620538630004613e-05,2.626696190004098e-08,0.885525390625,61391,1,583756.0753078538,3.0338883930518516e-06,1422218749999999.8,2.916225747037939e-11,1.0092861730743405e-14,0.0,0.15596981841200383,0.20075917148408984,0.0,0.13299396324127846,0.0,0.09577426889492247,0.0,0.15177695091852692,0.0,0.07166472940455106,0.19106109764462745
852,2.3646775723380852e-05,2.6237093376239954e-08,0.886671875,59397,1,566176.216998521,3.132141013271549e-06,1423265624999999.8,2.916256602227362e-11,9.784309836511238e-15,0.0,0.1561998872187076,0.20064717077554758,0.0,0.13291231254515656,0.0,0.09570109433097784,0.0,0.1519529666766525,0.0,0.07166678414717959,0.19091978430577827
853,2.3673030479199634e-05,2.6254755818781742e-08,0.8876328125,56795,1,554416.4493332263,3.2020435669523126e-06,1424390624999999.8,2.916282157062578e-11,9.528761484351592e-15,0.0,0.15639825026184462,0.20058838025999629,0.0,0.13283223461277802,0.0,0.09564369768608572,0.0,0.1520239048733904,0.0,0.07167721379723105,0.19083631850867389
854,2.3699293575060808e-05,2.6263095861173807e-08,0.8885625,54489,1,523613.2643296112,3.3939648230173773e-06,1425296874999999.8,2.916342674662706e-11,8.923585483068847e-15,0.0,0.1565687205458254,0.20050599634240698,0.0,0.1328009601181684,0.0,0.09557440036575929,0.0,0.15208025603151157,0.0,0.07169893437434058,0.19077073222198776
855,2.372556103548551e-05,2.6267460424699796e-08,0.88943359375,52653,1,523695.3916506849,3.3967592914900793e-06,1426421874999999.8,2.916355127579589e-11,8.79905631424585e-15,0.0,0.15672500494081995,0.20046773095588397,0.0,0.1327806934715299,0.0,0.09549616811963371,0.0,0.1521552954610334,0.0,0.07169898328904895,0.19067612376205012
856,2.375182753000807e-05,2.626649452256248e-08,0.89020703125,51348,1,484980.0205001752,3.6711080606244415e-06,1427343749999999.8,2.916414487718208e-11,8.205454928054956e-15,0.0,0.15688722338992422,0.2004230055332985,0.0,0.1327311501450242,0.0,0.0954373324323257,0.0,0.15219861952758532,0.0,0.07170250951104247,0.19062015946079958
857,2.377809218650379e-05,2.6264656495719617e-08,0.891001953125,50334,1,477578.09936345625,3.7313350604333784e-06,1428171874999999.8,2.9164173811890506e-11,8.17652021962919e-15,0.0,0.15704975744914984,0.2003603737891638,0.0,0.13268945380573574,0.0,0.09536095468365363,0.0,0.15226231003106142,0.0,0.07171306881078843,0.1905640814304472
858,2.3804343000544066e-05,2.6250814040275366e-08,0.891779296875,49342,1,473152.1900273885,3.769524122136597e-06,1429093749999999.8,2.916431757300383e-11,8.0327591063028e-15,0.0,0.15721291046034636,0.20031494269488448,0.0,0.13261540415820722,0.0,0.09529097156974184,0.0,0.15233984025090289,0.0,0.07171407233169291,0.19051185853422428
859,2.3830602083786758e-05,2.6259083242692463e-08,0.8924628906250001,48486,1,490325.89714403526,3.6402845365633844e-06,1429687499999999.8,2.91640136471351e-11,8.336684975037026e-15,0.0,0.15733978785007255,0.20024467053733414,0.0,0.1325838565591619,0.0,0.09523767838736293,0.0,0.15239166544477295,0.0,0.07173354984560369,0.19046879137569184
860,2.3856991480826768e-05,2.6389397040009045e-08,0.8932109375,47547,1,467622.8761662286,3.820219168159281e-06,1430578124999999.8,2.916440575837009e-11,7.944573740041148e-15,0.0,0.15745073514619828,0.20020160761298333,0.0,0.1325187394494931,0.0,0.09518853154437552,0.0,0.15241929135580023,0.0,0.07176312636117937,0.19045796852996996
861,2.3883259855209505e-05,2.626837438273879e-08,0.89402734375,46494,1,441104.82010816736,4.053582291532282e-06,1431390624999999.8,2.916481274939827e-11,7.5375827118652e-15,0.0,0.15759969589856299,0.20013238898768307,0.0,0.13248074242695668,0.0,0.09511253063953058,0.0,0.15248327660559882,0.0,0.07179808713205256,0.19039327830961547
862,2.3909735427222763e-05,2.6475572013256196e-08,0.894787109375,45458,1,441526.93436689855,4.053148470582104e-06,1432421874999999.8,2.91647991717667e-11,7.551160343427494e-15,0.0,0.15776273598599527,0.20010651975090094,0.0,0.13242063951140612,0.0,0.09505796377018799,0.0,0.15254152196642443,0.0,0.07179824111444107,0.19031237790064412
863,2.3936204010253995e-05,2.6468583031233886e-08,0.89548828125,44466,1,443618.1688801509,4.037202910379117e-06,1432718749999999.8,2.9164796081439934e-11,7.554250670193028e-15,0.0,0.15790311675281904,0.19999127570939385,0.0,0.13237584243931164,0.0,0.09499661933739012,0.0,0.15266636131649544,0.0,0.07181399812427752,0.1902527863203123
864,2.3962671998141393e-05,2.646798788739857e-08,0.89608203125,43459,1,426570.3481096176,4.201332958191131e-06,1433171874999999.8,2.9165092679947335e-11,7.257652162801267e-15,0.0,0.15805132586738277,0.19992196933700093,0.0,0.13233826074447358,0.0,0.09494675170119925,0.0,0.15274175337951237,0.0,0.07180564697881839,0.1901942919916128
865,2.3989136883591203e-05,2.6464885449808554e-08,0.89673046875,42444,1,453348.7120789698,3.956029629543963e-06,1433374999999999.8,2.916456576226238e-11,7.78456984775841e-15,0.0,0.15816137617995932,0.19980571782038048,0.0,0.13229048235125002,0.0,0.09489987497985304,0.0,0.15286871142126562,0.0,0.07183213322704443,0.1901417040202472
866,2.4015598504979466e-05,2.646162138826359e-08,0.897361328125,41545,1,434816.6977584982,4.1275384903613065e-06,1433843749999999.8,2.9165009320623266e-11,7.341011486870801e-15,0.0,0.15826783821490525,0.19973054680715377,0.0,0.13224971650825226,0.0,0.09486363013087415,0.0,0.1529484230023354,0.0,0.07186434185295865,0.19007550348352048
867,2.404212973093512e-05,2.653122595565158e-08,0.897970703125,40561,1,411673.6523619532,4.362536674246439e-06,1434703124999999.8,2.9165289984265386e-11,7.06034784474756e-15,0.0,0.15839534018761922,0.19971463434262585,0.0,0.13219477076133035,0.0,0.09482752995578138,0.0,0.15297295768888616,0.0,0.07188952520983728,0.19000524185391976
868,2.406866089176948e-05,2.6531160834361648e-08,0.89853125,39659,1,401906.4654845775,4.471345087303552e-06,1435437499999999.8,2.91654789589083e-11,6.87137320183568e-15,0.0,0.15849650471255172,0.19969220603067503,0.0,0.13213403818731956,0.0,0.09479010885820609,0.0,0.1530231628004034,0.0,0.07190771397767189,0.18995626543317215
869,2.4095191288054162e-05,2.6530396284682808e-08,0.8990546875000001,38804,1,404354.1719848601,4.446867374147744e-06,1435890624999999.8,2.916546147004719e-11,6.888862062944118e-15,0.0,0.1585606409509989,0.19963894368216617,0.0,0.1320983845879787,0.0,0.09475664543487518,0.0,0.15307310630088897,0.0,0.07195709034663145,0.1899151886964607
870,2.412172588732111e-05,2.6534599266947307e-08,0.8995761718749999,37956,1,413980.67043036624,4.34598152102038e-06,1436640624999999.8,2.9165390062125797e-11,6.960269984336592e-15,0.0,0.15863156043536128,0.19962742871534556,0.0,0.13205437456441074,0.0,0.09472776893632634,0.0,0.1530929278761917,0.0,0.07198051165587961,0.18988542781648476
871,2.4147253568147932e-05,2.552768082682371e-08,0.90012890625,37163,1,383405.5873938954,4.695439690216324e-06,1437218749999999.5,2.91658002662229e-11,6.550065887241229e-15,0.0,0.1587012276887425,0.19958512886609123,0.0,0.13206007820060495,0.0,0.09469129855532846,0.0,0.1531095806590202,0.0,0.07200357587671904,0.18984911015349362
