step,t,dt,f,band,band_ok,dG,disp,mol_bulk,mol_face,v1,v2,v3,v4,v5,v6,v7,v8,v9,v10,v11,v12
1,1.8749999999999998e-07,1.8749999999999998e-07,0.044642578125000054,58908,1,794560615.894289,0.5959204619207168,2.9170112700026035e-11,2.2376320840975507e-15,0.0,0.2368202301264383,0.1682635516471978,0.0,0.08592553703460645,0.0,0.0802817517609485,0.0,0.08531303320645754,0.0,0.08588178676116726,0.25751410946318415
2,2.3469589575654112e-07,4.7195895756541146e-08,0.04494140624999998,59064,1,944955122.1692721,0.1783920137620423,2.9170107252832586e-11,2.243079277544749e-15,0.0,0.23724467622772707,0.16840504128639722,0.0,0.08570186875271622,0.0,0.08018252933507172,0.0,0.08522381573229032,0.0,0.08591916558018253,0.25732290308561495
3,2.7438032004318205e-07,3.9684424286640915e-08,0.04510937500000001,59166,1,946524989.211042,0.15024919707903683,2.917010348620246e-11,2.2468459076645573e-15,0.0,0.23761690335988914,0.16855732594388637,0.0,0.08555594042258399,0.0,0.08010045029442327,0.0,0.08520956009698648,0.0,0.08603221337028057,0.2569276065119501
4,3.13998925391634e-07,3.961860534845193e-08,0.04525000000000001,59276,1,943798920.3323283,0.14956798781176617,2.917009998287857e-11,2.2503492315616915e-15,0.0,0.23787120165745856,0.16846512430939228,0.0,0.08550587016574586,0.0,0.08002417127071824,0.0,0.0852900552486188,0.0,0.08606698895027624,0.2567765883977901
5,3.5373196512301614e-07,3.973303973138217e-08,0.045394531250000036,59423,1,941326434.1999816,0.14960704244107267,2.917009510611555e-11,2.2552259945903466e-15,0.0,0.23788830565355823,0.1685741330350228,0.0,0.0854057310042165,0.0,0.07998451079941485,0.0,0.08519060321831168,0.0,0.08613716547629292,0.25681955081318303
6,3.9356936757721434e-07,3.983740245419821e-08,0.04554882812500005,59555,1,952759928.9086881,0.15182192292067473,2.9170090984530115e-11,2.2593475800153997e-15,0.0,0.2379829338364564,0.16860340465674714,0.0,0.08533081771793663,0.0,0.07984220230693367,0.0,0.0851592984863428,0.0,0.08635993310749968,0.25672140988808373
7,4.329287054987339e-07,3.935933792151955e-08,0.04567382812499998,59677,1,866716440.5173694,0.13645354105783894,2.917008711315021e-11,2.263218959922262e-15,0.0,0.23818687192644858,0.16865512080393413,0.0,0.08522557194782981,0.0,0.0798802651272183,0.0,0.08505452212957024,0.0,0.08638015822108189,0.2566174898439171
8,4.7619545139963677e-07,4.326674590090285e-08,0.04582421874999998,59791,1,950023845.576395,0.16441776130540983,2.91700837978646e-11,2.2665342455340582e-15,0.0,0.23851334072116617,0.16869832068877333,0.0,0.08503111414201689,0.0,0.07974597221038275,0.0,0.08507373625436877,0.0,0.08630977751257353,0.2566277384707186
9,5.156681448216089e-07,3.947269342197209e-08,0.04595898437500001,59896,1,953999591.3575188,0.150627733577368,2.9170080475655544e-11,2.269856454593638e-15,0.0,0.23870638731885596,0.16867111469975776,0.0,0.08503676001869873,0.0,0.07985210998257618,0.0,0.0849942628872551,0.0,0.08631167396200756,0.2564276911308486
10,5.549763377597614e-07,3.93081929381525e-08,0.046103515625000036,60006,1,958664061.6760132,0.15073340759693465,2.917007735870504e-11,2.27297340509265e-15,0.0,0.2390171573819106,0.16877780131328107,0.0,0.08489726752806609,0.0,0.07972887100190637,0.0,0.08515145096377887,0.0,0.08629527642448634,0.2561321753865706
11,5.94093272981511e-07,3.911693522174963e-08,0.04622656250000001,60134,1,877965092.0506542,0.13737321453081155,2.917007319500214e-11,2.277137107994742e-15,0.0,0.2391837079601149,0.16879330741930032,0.0,0.08475578840628697,0.0,0.07977015379415245,0.0,0.08538955551799898,0.0,0.0862768294743958,0.2558306574277505
12,6.36805677312316e-07,4.271240433080503e-08,0.04635742187500003,60253,1,960556800.2374647,0.16411076173778763,2.917006972873735e-11,2.2806033727751277e-15,0.0,0.23939330103223092,0.16894880977459448,0.0,0.08472719612386771,0.0,0.07962923951969667,0.0,0.08535917421529388,0.0,0.08624394354329051,0.2556983357910259
13,6.758455341856726e-07,3.903985687335659e-08,0.046480468750000004,60363,1,851955017.4951303,0.1330408077821916,2.9170066531835097e-11,2.2838002750368087e-15,0.0,0.23959996638372974,0.16900579880662242,0.0,0.08471300109252879,0.0,0.07958651987561981,0.0,0.08530128582233802,0.0,0.08609967224136482,0.25569375577779646
14,7.198619425991771e-07,4.4016408413504464e-08,0.046630859375,60494,1,853486244.675734,0.15026959648382127,2.9170062771351296e-11,2.2875607588364013e-15,0.0,0.24,0.16887958115183244,0.0,0.08456544502617801,0.0,0.07953926701570681,0.0,0.08540314136125654,0.0,0.08615706806282722,0.2554554973821989
15,7.637993818185373e-07,4.3937439219360135e-08,0.046761718750000014,60602,1,951579451.8061563,0.1672398573045001,2.917005940326809e-11,2.290928842046685e-15,0.0,0.24041433464205164,0.16894996240915544,0.0,0.08441232979700945,0.0,0.07956728761172834,0.0,0.08549828752819315,0.0,0.086041266393785,0.255116531618077
16,8.032075467687394e-07,3.9408164950202206e-08,0.04689453124999998,60704,1,857822013.8838679,0.13522076568420047,2.917005644655088e-11,2.293885559252492e-15,0.0,0.2409829237817576,0.16888796334860476,0.0,0.08433985839233651,0.0,0.07959183673469387,0.0,0.08538109121199501,0.0,0.08583923365264473,0.2549770928779675
17,8.469229089220319e-07,4.37153621532925e-08,0.04701367187500005,60817,1,992627816.7893145,0.17357233797750787,2.9170053087853844e-11,2.2972442562798703e-15,0.0,0.24099538864193423,0.16900004154376633,0.0,0.08433384570645173,0.0,0.07947322504258235,0.0,0.0852478085663246,0.0,0.08587096506169248,0.25507872543724813
18,8.847014190199001e-07,3.777851009786821e-08,0.047154296874999946,60917,1,868097144.3728548,0.13118166693848182,2.917005014411155e-11,2.3001879985741792e-15,0.0,0.24127076171146913,0.16895166300791117,0.0,0.08433086194756242,0.0,0.07940189703019508,0.0,0.08520067928592139,0.0,0.08590481713125958,0.25493931988568114
19,9.278993493933393e-07,4.3197930373439216e-08,0.04732226562499997,61035,1,952165045.1719239,0.16452623730143753,2.91700466962575e-11,2.3036358526345194e-15,0.0,0.24152874654339845,0.1688472491642247,0.0,0.08432044244500393,0.0,0.07928515415411284,0.0,0.08510462668702794,0.0,0.0858475380742086,0.2550662429320236
20,9.672832778311124e-07,3.938392843777305e-08,0.04743359375,61125,1,914160832.1263586,0.1440129791723183,2.917004377260585e-11,2.3065595042763517e-15,0.0,0.24170303878777896,0.16894507123445607,0.0,0.08441077163798073,0.0,0.07918142139504242,0.0,0.08506958741661862,0.0,0.08576957918142139,0.2549205303467018
21,1.008304505914987e-06,4.1021228083874645e-08,0.047568359375000036,61222,1,907716960.5141759,0.14894265789141378,2.9170041300199644e-11,2.3090319104909634e-15,0.0,0.24175733935536847,0.16904126462738656,0.0,0.08429480599466227,0.0,0.07932662697598028,0.0,0.08511599260932044,0.0,0.08569082323958119,0.2547731471977006
22,1.0496169431958309e-06,4.131243728084373e-08,0.04770898437500004,61325,1,970025245.2815784,0.16029642842612107,2.917003829879495e-11,2.312033315182399e-15,0.0,0.24198632660580507,0.16907520366807224,0.0,0.08433291030417163,0.0,0.07925656036353217,0.0,0.08498792319973801,0.0,0.08576575101322309,0.25459532484545794
23,1.0882757308742016e-06,3.865878767837069e-08,0.04783203125000002,61436,1,915066777.9988191,0.14150148912874846,2.91700347764924e-11,2.3155556177293346e-15,0.0,0.24242547978766846,0.16917109024091467,0.0,0.08419763168640261,0.0,0.07917517354022051,0.0,0.08485095957533688,0.0,0.08570845242956308,0.25447121273989387
24,1.1292563466080714e-06,4.098061573386985e-08,0.04797656250000004,61540,1,969204822.392648,0.15887444157554675,2.917003172162406e-11,2.31861048606874e-15,0.0,0.24263149324214295,0.16902784562774792,0.0,0.08410682299299788,0.0,0.07922162514248493,0.0,0.08479889268848721,0.0,0.08569451229441459,0.25451880801172444
25,1.167947858591498e-06,3.8691511983426606e-08,0.04792578125000002,58772,1,911954012.8022141,0.14113951845868342,2.917004148715718e-11,2.30884495295882e-15,0.0,0.24276632162360423,0.16928845056646832,0.0,0.08391066916619122,0.0,0.07906104817018501,0.0,0.08448121281278018,0.0,0.0857853125764121,0.25470698508435896
26,1.2090683531269313e-06,4.112049453543339e-08,0.04810546874999999,58872,1,908856644.6166741,0.1494905387538091,2.917003790882612e-11,2.312423284002547e-15,0.0,0.24303694681282986,0.1691027202598457,0.0,0.08404384896467722,0.0,0.0789281364190012,0.0,0.08424685343077547,0.0,0.08583028826634186,0.2548112058465286
27,1.2503289856173461e-06,4.126063249041466e-08,0.04831054687500003,58950,1,908793657.821622,0.14998960449999044,2.9170035118196266e-11,2.315213913864476e-15,0.0,0.24350111178492018,0.1691530220335557,0.0,0.08380836870830806,0.0,0.07863351526177483,0.0,0.08405093996361432,0.0,0.08582979583586012,0.2550232464119669
28,1.291592477805317e-06,4.12634921879709e-08,0.048517578125000016,59053,1,906162941.0361668,0.1495657897538984,2.91700312168731e-11,2.3191152370358072e-15,0.0,0.2436697395434966,0.16919608711404532,0.0,0.08369228291936716,0.0,0.0784187432067952,0.0,0.08389356306106839,0.0,0.0861076446197818,0.2550219395354454
29,1.3329757636381276e-06,4.138328583281061e-08,0.04875390624999998,59142,1,920657729.8350188,0.15239936795179648,2.917002771246301e-11,2.3226196471215987e-15,0.0,0.24417114013300217,0.169137088374329,0.0,0.08344683919557729,0.0,0.07827898405576476,0.0,0.08388750901370083,0.0,0.08629116256710201,0.25478727666052403
30,1.3737075131089326e-06,4.073174947080493e-08,0.048927734374999976,59232,1,905903522.0117756,0.14759614121321388,2.917002345844826e-11,2.326873661869688e-15,0.0,0.24438146181789147,0.1693345575026945,0.0,0.08327012893696857,0.0,0.07828030817133048,0.0,0.08374915173046985,0.0,0.08610434713185103,0.25488004470879405
31,1.415102649664669e-06,4.139513655573639e-08,0.04912304687500002,59327,1,915449539.9154054,0.15158063485873705,2.9170019809591896e-11,2.3305225182333316e-15,0.0,0.24468211999522882,0.16929744344161266,0.0,0.08305832770068784,0.0,0.07816786608882349,0.0,0.08361496560772931,0.0,0.08611983618941592,0.2550594409765019
32,1.456066130845145e-06,4.096348118047586e-08,0.04929296875,59413,1,921900386.7639035,0.1510569965739063,2.917001609682764e-11,2.3342352824940586e-15,0.0,0.24514620809889848,0.16934780885965608,0.0,0.08300974720659324,0.0,0.07805689832791822,0.0,0.08352484348997545,0.0,0.08602107932482764,0.25489341469213095
33,1.4967429767803486e-06,4.067684593520369e-08,0.049443359374999996,59510,1,917728404.6368109,0.14932118770308733,2.917001224180681e-11,2.3380903033216953e-15,0.0,0.2451115939166502,0.16954374876555403,0.0,0.08299427217064981,0.0,0.07813549279083547,0.0,0.08342879715583645,0.0,0.08599644479557574,0.25478965040489826
34,1.5376047391607345e-06,4.086176238038589e-08,0.04961523437500004,59588,1,924822534.1970276,0.151159514545541,2.917000926756903e-11,2.3410645411003483e-15,0.0,0.24567964413651933,0.1694681730504271,0.0,0.08286422863441326,0.0,0.07802228083297248,0.0,0.08329724835649333,0.0,0.08581663583041374,0.2548517891587608
35,1.5781530590960388e-06,4.054831993530432e-08,0.04976757812499999,59693,1,924314735.9336467,0.14991763853421536,2.917000495840037e-11,2.345373709761714e-15,0.0,0.24610494093638396,0.169498842274636,0.0,0.08264981751108669,0.0,0.07805816098269298,0.0,0.08323849142498331,0.0,0.08575016679094227,0.25469958007927473
36,1.6187236553898666e-06,4.0570596293827765e-08,0.04992773437499998,59783,1,922497562.4149908,0.1497051047471151,2.9170001443387415e-11,2.3488887227215926e-15,0.0,0.246645542385479,0.1693463208543598,0.0,0.08258029182803271,0.0,0.07788600711966515,0.0,0.08320619645581505,0.0,0.08563157688847163,0.25470406446817667
37,1.6593741693075722e-06,4.0650513917705517e-08,0.050072265625,59873,1,934544198.8807281,0.15195880785324797,2.916999795056554e-11,2.3523815445866565e-15,0.0,0.24698677692397708,0.16944260248859072,0.0,0.08249795217849203,0.0,0.07785622342707806,0.0,0.08308304403791396,0.0,0.0855014237235246,0.25463197722042363
38,1.69950068236593e-06,4.0126513058357724e-08,0.05020898437499999,59970,1,937178164.228996,0.15042276737977012,2.9169994191883805e-11,2.356140226333568e-15,0.0,0.24720893141945774,0.16940911035904616,0.0,0.08250671023456646,0.0,0.07764422141829073,0.0,0.08312910880304976,0.0,0.08561870307698292,0.25448321468860624
39,1.7395144187410736e-06,4.0013736375143506e-08,0.05035156249999995,60063,1,937702001.3426709,0.1500838427206804,2.916999067744672e-11,2.3596546634105923e-15,0.0,0.2474010861132661,0.16923972071373158,0.0,0.08238944918541506,0.0,0.07757951900698216,0.0,0.0830876648564779,0.0,0.08557020946470131,0.2547323506594259
40,1.7795058018737798e-06,3.999138313270605e-08,0.05053320312499998,60146,1,943255022.8720448,0.15088829204610144,2.9169988136628944e-11,2.3621954811896066e-15,0.0,0.247632667259305,0.16909519576392373,0.0,0.08240250454141382,0.0,0.07768716422525411,0.0,0.08325281181154097,0.0,0.08541723031731918,0.2545124260812429
41,1.8192617523757121e-06,3.975595050193226e-08,0.05064843750000003,60228,1,942734162.8058393,0.14991717085195802,2.9169984818875246e-11,2.3655132348881248e-15,0.0,0.24768625636279495,0.16917322227363873,0.0,0.08229214869659107,0.0,0.07789603578590158,0.0,0.08317908375751966,0.0,0.08526145303100416,0.2545118000925497
42,1.859039668016734e-06,3.977791564102181e-08,0.05076757812499999,60312,1,942482263.6780503,0.14995991991097904,2.916998177434789e-11,2.368557762235566e-15,0.0,0.24798984341938213,0.16908398414957873,0.0,0.08217597045358364,0.0,0.07790558996652944,0.0,0.08309929596429808,0.0,0.08521525025968531,0.25453006578694265
43,1.8988282151811716e-06,3.9788547164437574e-08,0.050884765624999995,60394,1,940479398.5015607,0.14968123561784494,2.91699788237708e-11,2.3715083393292233e-15,0.0,0.24830153917015316,0.16911680036847965,0.0,0.08202510267531571,0.0,0.07776455686485242,0.0,0.08306145165623921,0.0,0.08513414961808621,0.2545963996468737
44,1.938701496892337e-06,3.987328171116527e-08,0.05099609375000003,60484,1,948389777.2863168,0.15126165104690642,2.9169975590072495e-11,2.3747420376362296e-15,0.0,0.24844887016468786,0.16916890080428956,0.0,0.08203753351206435,0.0,0.07770968977403293,0.0,0.08299502106472617,0.0,0.08510149368058216,0.254538490999617
45,1.9782422014614026e-06,3.9540704569065415e-08,0.051128906249999995,60554,1,946388131.66818,0.14968341408784516,2.916997335861992e-11,2.376973490218769e-15,0.0,0.24845289938115975,0.16914966765986705,0.0,0.08213003285201315,0.0,0.07785163114065245,0.0,0.0830468332187333,0.0,0.0849568339827336,0.25441210176484075
46,2.0178665360712413e-06,3.962433460983865e-08,0.05124804687499995,60634,1,945400049.5464174,0.14984339161354113,2.916997040787701e-11,2.3799242331172098e-15,0.0,0.248599413087389,0.16928998818552538,0.0,0.08197720949731316,0.0,0.07778497656160678,0.0,0.08312054575250583,0.0,0.08487366134380121,0.2543542055718587
47,2.0575322839395557e-06,3.9665747868314254e-08,0.05136132812500005,60712,1,945598914.0421523,0.1500315524357911,2.916996770454571e-11,2.382627564417566e-15,0.0,0.24865954291364034,0.1693729322736434,0.0,0.08191048408563716,0.0,0.07776552458455338,0.0,0.08320340723276419,0.0,0.08480054759097995,0.2542875613187816
48,2.0971896898895042e-06,3.96574059499484e-08,0.051498046875000036,60786,1,943822074.8246796,0.14971814066337957,2.916996533058873e-11,2.3850015214039354e-15,0.0,0.24898547426707626,0.16934046345811052,0.0,0.0817309515682482,0.0,0.07778662722342321,0.0,0.08317214700193423,0.0,0.08472712102249023,0.2542572154587173
49,2.1369217548626253e-06,3.973206497312095e-08,0.05161132812500002,60863,1,940814438.1927503,0.14952200154369857,2.9169962576336126e-11,2.3877557740058502e-15,0.0,0.249120151371807,0.16927152317880795,0.0,0.08174077578051088,0.0,0.07776726584673604,0.0,0.08306527909176915,0.0,0.08461684011352885,0.25441816461684014
50,2.1767808370340633e-06,3.985908217143788e-08,0.051953125000000044,60121,1,940750764.5300304,0.14998984810498198,2.916995441087634e-11,2.3959212337855536e-15,0.0,0.247406015037594,0.16781954887218042,0.0,0.0807142857142857,0.0,0.0763533834586466,0.0,0.08233082706766917,0.0,0.08492481203007518,0.2604511278195488
51,2.2166426170228724e-06,3.9861779988809066e-08,0.05222851562499997,60214,1,947111995.0581462,0.15101427988707938,2.916995101258116e-11,2.3993195289766926e-15,0.0,0.24778430126023707,0.16715904416439176,0.0,0.08040088253991998,0.0,0.07610037021801727,0.0,0.08197150443139747,0.0,0.08470139486182265,0.26188250252421374
52,2.2562366673523668e-06,3.95940503294943e-08,0.052417968750000044,60293,1,951559112.1915374,0.1507043175184026,2.916994821204405e-11,2.402120066078858e-15,0.0,0.24834190327148073,0.16707653327371638,0.0,0.08048289738430583,0.0,0.07593710410611819,0.0,0.08174975780609584,0.0,0.08473060585736643,0.26168119830091663
53,2.2956456746536934e-06,3.940900730132644e-08,0.05264648437499997,60377,1,938967523.9372355,0.14801511202620368,2.916994546452832e-11,2.4048675818131065e-15,0.0,0.24937859395288442,0.16716750139120756,0.0,0.08020775366351325,0.0,0.07579298831385643,0.0,0.0816175106659247,0.0,0.08458542014468558,0.261250231867928
54,2.3355831581597862e-06,3.993748350609265e-08,0.05284960937500005,60446,1,941320315.681511,0.1503758583259211,2.916994264915106e-11,2.407682959073617e-15,0.0,0.24960271998226097,0.1673749953804649,0.0,0.0801581728814812,0.0,0.0756864629143723,0.0,0.08156251154883773,0.0,0.0845929265678702,0.26102221072471266
55,2.3754208195544097e-06,3.983766139462335e-08,0.05305664062500004,60538,1,922506735.5812007,0.14700204386537286,2.9169938894362934e-11,2.4114377471956863e-15,0.0,0.250285293576293,0.16742131419105466,0.0,0.08006626173384869,0.0,0.0755383765875207,0.0,0.08161236885698507,0.0,0.08452052273145591,0.2605558623228419
56,2.4160709292540145e-06,4.0650109699604654e-08,0.05322851562499997,60600,1,913903467.0676161,0.1486011047645905,2.9169936119602455e-11,2.414212507681331e-15,0.0,0.2503577587788501,0.16776134737460097,0.0,0.08013796646240781,0.0,0.07551462224342276,0.0,0.08153230836972078,0.0,0.0845044582247826,0.26019153854621513
57,2.4571037093575016e-06,4.103278010348714e-08,0.053404296875000035,60670,1,909365432.0290979,0.14925516722465024,2.9169933398198596e-11,2.416933911535384e-15,0.0,0.250667446878543,0.16775774421241268,0.0,0.0801301978568555,0.0,0.0753757817357276,0.0,0.08162966755659583,0.0,0.0844091723658706,0.2600299893939948
58,2.4983412566395938e-06,4.123754728209206e-08,0.05356835937500004,60748,1,935674381.8272806,0.154339666244979,2.916992997519853e-11,2.4203569116067333e-15,0.0,0.25099354650526856,0.167645021329347,0.0,0.0801035475990812,0.0,0.07532723228934991,0.0,0.0814525832209137,0.0,0.08455171910890728,0.25992634994713243
59,2.5384193016607324e-06,4.0078045021138827e-08,0.053699218750000055,60828,1,936709165.369849,0.15016588840562473,2.9169926334042845e-11,2.4239980672861744e-15,0.0,0.25114570451734924,0.16763657525278244,0.0,0.08009020149850878,0.0,0.07521641085327707,0.0,0.0815450643776824,0.0,0.0845639048519677,0.2598021386484324
60,2.5784530724258488e-06,4.003377076511635e-08,0.05383203125000002,60906,1,954649100.0917364,0.15287281293678878,2.916992304539619e-11,2.42728671393655e-15,0.0,0.25139685073652124,0.1676583702198679,0.0,0.08014657862274145,0.0,0.07521224874827659,0.0,0.08148900660329438,0.0,0.08460924461214714,0.25948770045715114
61,2.6177345214906376e-06,3.928144906478878e-08,0.053953125000000046,60976,1,971699246.2284817,0.15267901778807105,2.9169920033486346e-11,2.430298623781746e-15,0.0,0.2514118158123371,0.16760787720822473,0.0,0.08018389805965828,0.0,0.07529684332464526,0.0,0.08145091225021722,0.0,0.08463654792933682,0.2594121054155807
62,2.6563267095010235e-06,3.859218801038607e-08,0.05406054687499995,61044,1,969893823.3619821,0.1497212991251912,2.9169917099941905e-11,2.4332321682286916e-15,0.0,0.251418042559341,0.1675638570757614,0.0,0.08020520972578489,0.0,0.07561689367390441,0.0,0.08146970627551574,0.0,0.08457675494056865,0.25914953574912386
63,2.694990735497201e-06,3.866402599617784e-08,0.05417578125,61122,1,976088999.211237,0.15095812176034593,2.9169913930890924e-11,2.4364012192055158e-15,0.0,0.25174850385752395,0.16760400894080324,0.0,0.08017881606460452,0.0,0.07549210469392169,0.0,0.08154877784988103,0.0,0.08454106280193237,0.25888672579133315
64,2.7334093633378007e-06,3.841862784059977e-08,0.05429687500000002,61206,1,976164713.3574164,0.15001163533441733,2.9169910553310056e-11,2.439778800078294e-15,0.0,0.2516906474820144,0.16776978417266186,0.0,0.08017985611510792,0.0,0.07557553956834533,0.0,0.08158273381294964,0.0,0.08449640287769784,0.258705035971223
65,2.771825011318993e-06,3.84156479811923e-08,0.054404296875000036,61292,1,968690393.6479743,0.14885147666057272,2.916990695496607e-11,2.4433771440622763e-15,0.0,0.2517321845270149,0.16776162268892478,0.0,0.08020104110572608,0.0,0.07571351642434034,0.0,0.08145754801651409,0.0,0.08440136420750315,0.2587327230299767
66,2.8105370706579727e-06,3.871205933897971e-08,0.05451171875000005,61353,1,968031695.2546377,0.1498980017148427,2.9169904541639336e-11,2.4457904708002187e-15,0.0,0.25188104621999285,0.16778932282336081,0.0,0.08032963095664636,0.0,0.07585094948047295,0.0,0.08133285560730921,0.0,0.08434252955929773,0.2584736653529201
67,2.84927547166677e-06,3.873840100879728e-08,0.054607421875000006,61423,1,967326636.955403,0.14989074867547866,2.916990140049088e-11,2.4489316192463927e-15,0.0,0.2518688078972781,0.16781716084266246,0.0,0.08018884795593548,0.0,0.07600414893236523,0.0,0.08119031438892664,0.0,0.08433778032118458,0.2585929396616474
68,2.8880421080513823e-06,3.876663638461232e-08,0.05472460937500001,61497,1,967245476.7396953,0.14998741476571506,2.91698985354245e-11,2.4517966856341297e-15,0.0,0.2518648060244834,0.16781469716977765,0.0,0.08008851136728648,0.0,0.07612691387986723,0.0,0.08123059352582176,0.0,0.08429993932688533,0.2585745387058781
69,2.9268119972902565e-06,3.8769889238874134e-08,0.05482421874999999,61567,1,967871210.4597638,0.15009703850808034,2.916989559018043e-11,2.454741929702768e-15,0.0,0.2519771998574991,0.167794798717492,0.0,0.08001425008906307,0.0,0.07620235126469542,0.0,0.08118988243676524,0.0,0.08425365158532241,0.2585678660491628
70,2.965556821596154e-06,3.874482430589761e-08,0.05492187500000001,61633,1,963622946.70347,0.14934160706862912,2.9169892889004496e-11,2.4574431056345993e-15,0.0,0.252027027027027,0.1678520625889047,0.0,0.07990753911806543,0.0,0.07617354196301564,0.0,0.08111664295874822,0.0,0.08428165007112376,0.2586415362731152
71,3.004472457767217e-06,3.8915636171063133e-08,0.055048828125000004,61707,1,968169722.5680633,0.15070776270119152,2.916989017333558e-11,2.460158774559214e-15,0.0,0.2520844420791201,0.16789072201525634,0.0,0.07990065637750578,0.0,0.07613979066879546,0.0,0.08124889125421324,0.0,0.08426467979421678,0.2584708178108923
72,3.043205336027995e-06,3.873287826077799e-08,0.055150390625000045,61765,1,964920159.1597607,0.14949654022442216,2.916988742925141e-11,2.4629028587197972e-15,0.0,0.2524347487339307,0.1679002726918582,0.0,0.0798243439458866,0.0,0.07607040407975352,0.0,0.08127633955448525,0.0,0.08421574529872153,0.2582781456953642
73,3.082068655074676e-06,3.8863319046681006e-08,0.055261718749999966,61845,1,971387240.9515525,0.15100532905190156,2.916988418397605e-11,2.466148134083094e-15,0.0,0.25249169435215946,0.1679508022902382,0.0,0.07973421926910298,0.0,0.07609387149218916,0.0,0.08143069201950942,0.0,0.0841874602389199,0.2581112603378808
74,3.1206732387248236e-06,3.8604583650147295e-08,0.05535156249999995,61903,1,970646923.1190765,0.14988568135323393,2.916988170452523e-11,2.468627584902615e-15,0.0,0.25239943542695836,0.16817219477769937,0.0,0.07967537050105858,0.0,0.07611150317572336,0.0,0.08147494707127735,0.0,0.08419195483415667,0.25797459421312635
75,3.159307266306653e-06,3.863402758182915e-08,0.05531835937499996,59534,1,971458712.6141878,0.15012545079097908,2.91698927240243e-11,2.4576080858354736e-15,0.0,0.2518094834586731,0.16767291600466053,0.0,0.07933481622709458,0.0,0.07527451188080359,0.0,0.08159446386329132,0.0,0.08547823323800444,0.2588355753274723
76,3.1979090097601527e-06,3.8601743453499724e-08,0.05542773437500004,59574,1,984151259.4062374,0.15195981774015294,2.916988928229321e-11,2.4610498169226738e-15,0.0,0.25184115014623487,0.16765918460833715,0.0,0.07928397758906233,0.0,0.0753726346946686,0.0,0.08164487825504774,0.0,0.08545050917932273,0.25874766552732653
77,3.236012908567969e-06,3.810389880781606e-08,0.055597656250000016,59614,1,985279230.0093336,0.15017192031087429,2.916988592902938e-11,2.4644030807561893e-15,0.0,0.2519496943722335,0.16760345675542754,0.0,0.07932270076582588,0.0,0.07528279350804469,0.0,0.08164125623550902,0.0,0.08550551535164758,0.2586945830113117
78,3.2740731851452443e-06,3.806027657727521e-08,0.05577343749999997,59670,1,989494350.2324749,0.15064171456599687,2.9169881707775124e-11,2.468624335010653e-15,0.0,0.25185600224121024,0.16784563664378765,0.0,0.0793178316290797,0.0,0.07525563804454405,0.0,0.08155904188261662,0.0,0.08562123546715227,0.25854461409160945
79,3.311971329779612e-06,3.789814463436767e-08,0.05591796874999999,59707,1,991565163.6198635,0.15031391994106413,2.916987801326171e-11,2.472318848422706e-15,0.0,0.25169402724414947,0.16811037373384558,0.0,0.07949703108627314,0.0,0.07520083828152287,0.0,0.08141809290953544,0.0,0.08560950052392595,0.25847013622074744
80,3.349790326831808e-06,3.7818997052196134e-08,0.05608398437499995,59751,1,989833491.7931161,0.1497380396331555,2.9169874571339226e-11,2.475760770908558e-15,0.0,0.2517151314643915,0.1680654710081839,0.0,0.079609959951245,0.0,0.07522200940275117,0.0,0.0813860351732544,0.0,0.08563468570433572,0.25836670729583844
81,3.387675486619711e-06,3.7885159787902814e-08,0.05622070312500005,59800,1,987438498.8530174,0.14963706123909384,2.916987054414916e-11,2.479787960965976e-15,0.0,0.2516935904116727,0.16810838978634707,0.0,0.07972902553413236,0.0,0.07535174570088587,0.0,0.08132708007642869,0.0,0.08563487927740143,0.25815528921313186
82,3.425652535361034e-06,3.797704874132314e-08,0.05635156249999995,59831,1,988454934.8265204,0.15015440495403265,2.9169867141007083e-11,2.4831911030513213e-15,0.0,0.2518716206848745,0.16813392485789547,0.0,0.0796478580341051,0.0,0.07524608346041868,0.0,0.08148481907666713,0.0,0.08571329543879107,0.257902398447248
83,3.463590532004838e-06,3.7937996643803966e-08,0.056476562499999994,59867,1,942400393.3286607,0.14301113183688907,2.916986381686551e-11,2.4865152446170468e-15,0.0,0.25190206114262,0.1684534513764006,0.0,0.07950615576151611,0.0,0.07525245538802047,0.0,0.0814082169041361,0.0,0.08562733434776593,0.25785032507954075
84,3.5033825357703985e-06,3.9792003765560747e-08,0.056615234375000045,59916,1,1022120564.3811157,0.16268890138684175,2.916986002096587e-11,2.490311144262373e-15,0.0,0.25187152861627626,0.1685928174699003,0.0,0.07958740124883569,0.0,0.07517162866112395,0.0,0.08138130886259358,0.0,0.08548659744023183,0.2579087177010384
85,3.540070966966092e-06,3.668843119569352e-08,0.056740234374999976,59984,1,1029206838.1380591,0.15103993706866187,2.916985583732157e-11,2.4944947885621424e-15,0.0,0.2517985611510791,0.16873773708306083,0.0,0.07951533510034078,0.0,0.07521255722694571,0.0,0.0814085573646346,0.0,0.08553922412309387,0.25778802795084504
86,3.576506791729792e-06,3.6435824763699926e-08,0.05685351562499996,60055,1,962065706.1716075,0.1402146299249357,2.916985151923099e-11,2.4988128791427807e-15,0.0,0.25170909340753717,0.16884812257377443,0.0,0.07952866810951938,0.0,0.07523446356796866,0.0,0.08148682538046652,0.0,0.0855405544676904,0.2576522724930434
87,3.6154854184072e-06,3.897862667740801e-08,0.05696679687499995,60112,1,1013815775.0723103,0.15806858646484254,2.916984755859083e-11,2.5027735193053622e-15,0.0,0.25179140809819317,0.16892378372818598,0.0,0.07950766276956835,0.0,0.07535913875269998,0.0,0.08142764082696198,0.0,0.0855418795213769,0.2574484863030137
88,3.6524743871350985e-06,3.698896872789863e-08,0.057066406250000035,60162,1,1300396075.7266684,0.19240123911574336,2.9169843922133445e-11,2.5064099766867057e-15,0.0,0.2517283866109932,0.16903963310288178,0.0,0.07950578410568827,0.0,0.07539872681223904,0.0,0.08149086179752209,0.0,0.08542679170374427,0.25740981586693135
89,3.6813117549955363e-06,2.8837367860438054e-08,0.05713671875000004,60203,1,1299260295.6689029,0.14986898837066268,2.916984095392315e-11,2.5093781869815063e-15,0.0,0.2516920762972585,0.16903671292814657,0.0,0.07947631093183836,0.0,0.0753743077869693,0.0,0.08145894578519176,0.0,0.08542421549189853,0.2575374307786969
90,3.710174331744019e-06,2.886257674848267e-08,0.057232421874999995,60247,1,1299528475.318675,0.1500309614228957,2.916983857730069e-11,2.511754809448094e-15,0.0,0.25178309388117254,0.16902706207555537,0.0,0.07944579053339247,0.0,0.07545302528751321,0.0,0.08152748865303892,0.0,0.08541787530287,0.2573456642664573
91,3.739030952212304e-06,2.8856620468284937e-08,0.05731445312500005,60284,1,1300204522.1207478,0.15007803370394485,2.916983611797675e-11,2.5142141333857282e-15,0.0,0.2518998125745442,0.16915999318452887,0.0,0.07933208383029475,0.0,0.0753791105810189,0.0,0.08151303458851593,0.0,0.08539785312659737,0.2573181121144999
92,3.76787256855958e-06,2.8841616347276045e-08,0.05739453125000005,60313,1,1300039813.6508512,0.1499809981660084,2.916983405859606e-11,2.516273514072411e-15,0.0,0.25205880351187643,0.16919621588511538,0.0,0.07922139794459947,0.0,0.07537602940175595,0.0,0.08143333560198734,0.0,0.08541482338528551,0.25729939426938
93,3.796717838993791e-06,2.8845270434210938e-08,0.05748242187499997,60345,1,1301433456.2997015,0.15016079999637894,2.9169831945736475e-11,2.5183863736576918e-15,0.0,0.25221705004926775,0.1692772926506065,0.0,0.0791002684244504,0.0,0.0753966905643709,0.0,0.08137677958615065,0.0,0.08538615745302572,0.257245761272128
94,3.825532220411817e-06,2.88143814180264e-08,0.057568359375000044,60378,1,1300466816.8649235,0.1498885875305304,2.916982958175184e-11,2.5207503582926933e-15,0.0,0.2524173027989822,0.16922815945716707,0.0,0.07905004240882103,0.0,0.07552162849872775,0.0,0.08132315521628498,0.0,0.08536047497879559,0.2570992366412214
95,3.854368019613831e-06,2.8835799202014575e-08,0.057652343749999946,60419,1,1300167736.151728,0.14996550307443637,2.916982709263896e-11,2.5232394711764587e-15,0.0,0.25259163899993226,0.1691510264923098,0.0,0.07910427535740905,0.0,0.07564875669083271,0.0,0.08127244393251574,0.0,0.08527000474286875,0.25696185378413167
96,3.88321045198413e-06,2.884243237029825e-08,0.05773632812499996,60453,1,1301082660.4937365,0.15010555457383326,2.916982473159953e-11,2.525600510602336e-15,0.0,0.2526978113054362,0.16917560299042658,0.0,0.07905686546463248,0.0,0.07564020161699538,0.0,0.08125570853489396,0.0,0.08531511112614594,0.2568586989614695
97,3.912032602289145e-06,2.882215030501555e-08,0.05782421874999999,60484,1,1299256309.6080585,0.14978944256105314,2.916982271588324e-11,2.5276162268939696e-15,0.0,0.2527528203742485,0.16922245490778898,0.0,0.07903803283118288,0.0,0.07576166993177058,0.0,0.08119975680605283,0.0,0.08532054313314869,0.25670472201580763
98,3.940895267586736e-06,2.886266529759049e-08,0.05789843750000001,60524,1,1298883776.9021065,0.1499569908527828,2.91698201775702e-11,2.530154539935548e-15,0.0,0.2527324247739846,0.1693091350694913,0.0,0.07897044933207394,0.0,0.07573201997031438,0.0,0.08126433679665362,0.0,0.08534610713803804,0.25664552691944403
99,3.969766210982025e-06,2.887094339528907e-08,0.057988281249999996,60544,1,1298941451.512346,0.15000666048163028,2.916981883175595e-11,2.5315003541804423e-15,0.0,0.2526776692489054,0.1693836308521388,0.0,0.0788480970023577,0.0,0.07578309195015158,0.0,0.08130683731896263,0.0,0.08534860222297072,0.25665207140451335
100,3.998635872471647e-06,2.8869661489622244e-08,0.05789257812500004,59915,1,1298361502.8511834,0.1499330283138835,2.916985106058018e-11,2.4992715299470633e-15,0.0,0.251442259033096,0.16895516345602374,0.0,0.07857359738200466,0.0,0.07513241793461758,0.0,0.08147498397489962,0.0,0.0861306973448939,0.25829088087446445
101,4.027518429384842e-06,2.888255691319446e-08,0.05797070312499997,59951,1,1190332488.6839302,0.13751938340015207,2.916984782985261e-11,2.502502257524714e-15,0.0,0.25147400694046695,0.1688622350998955,0.0,0.07853508978807991,0.0,0.07519962265422322,0.0,0.08143256628819782,0.0,0.08625046325932413,0.2582460159698123
102,4.0590222321933e-06,3.150380280845834e-08,0.05808398437499995,59986,1,1190146022.2424796,0.1499765023919926,2.916984503646469e-11,2.5052956454480445e-15,0.0,0.25145431924409023,0.16883553582837352,0.0,0.07868455563401594,0.0,0.07508658663707589,0.0,0.08134100003362588,0.0,0.08625037829113286,0.2583476243316857
103,4.09053097086836e-06,3.150873867505963e-08,0.05824023437500003,60035,1,1191393878.9521089,0.1501572735638705,2.9169841808288124e-11,2.50852382200957e-15,0.0,0.25145041751903147,0.16895268117643114,0.0,0.07864113484690968,0.0,0.07491867601193869,0.0,0.08129045239612327,0.0,0.08635433783829102,0.2583923002112747
104,4.12200670753488e-06,3.147573666651967e-08,0.05837109375000005,60082,1,1191547344.5208848,0.15001932176732066,2.9169838146924904e-11,2.5121851852326426e-15,0.0,0.25128822860202105,0.16920966338753932,0.0,0.0785986749648665,0.0,0.07491802181623504,0.0,0.08127551361841666,0.0,0.08639496754333134,0.2583149300675902
105,4.153478390277858e-06,3.147168274297868e-08,0.05847851562499995,60131,1,1196077406.550675,0.15057027470003026,2.9169834346902284e-11,2.515985207847927e-15,0.0,0.2512608129320998,0.1693664206272336,0.0,0.0786212885341171,0.0,0.0749807955646104,0.0,0.08129320997962661,0.0,0.0863364617080258,0.2581410106542868
106,4.1848308761576344e-06,3.135248587977672e-08,0.05858593749999996,60206,1,1200077765.6095986,0.15050168480363577,2.9169829753681065e-11,2.5205784290671837e-15,0.0,0.2513001733564475,0.16952260301373515,0.0,0.07867715695426056,0.0,0.07494332577677024,0.0,0.08114415255367381,0.0,0.08627817042272302,0.25813441792238967
107,4.216078851142782e-06,3.124797498514713e-08,0.05870312499999997,60254,1,1200515702.694012,0.1500547385882353,2.916982643638352e-11,2.523895726619011e-15,0.0,0.2513973915357998,0.16958344423742344,0.0,0.07861990950226243,0.0,0.07486026084642002,0.0,0.08118179398456214,0.0,0.08630556294916154,0.25805163694437044
108,4.247315427154114e-06,3.12365760113327e-08,0.058802734375000054,60312,1,1202075142.2403243,0.15019484620769383,2.916982252562936e-11,2.527806480774789e-15,0.0,0.25137011326269637,0.16992725944132595,0.0,0.07855316039459262,0.0,0.07483309529345335,0.0,0.08121034975254925,0.0,0.08625900953266682,0.2578470123227157
109,4.278511480281135e-06,3.1196053127020595e-08,0.058914062499999975,60360,1,979572771.1555026,0.12223521684299939,2.916981927033392e-11,2.53106177621244e-15,0.0,0.2513260840737303,0.17003713035406445,0.0,0.07853732926667552,0.0,0.074857445962074,0.0,0.08125580161782257,0.0,0.08632807319984087,0.25765813552579236
110,4.3167934753551356e-06,3.828199507400053e-08,0.059046875000000054,60433,1,1200777314.4563158,0.18387260494795307,2.916981479190961e-11,2.5355402005191132e-15,0.0,0.25125694628208517,0.1701508335538502,0.0,0.07852606509658638,0.0,0.07495369145276527,0.0,0.08113919026197405,0.0,0.0863323630590103,0.2576409102937285
111,4.348023245895045e-06,3.122977053990991e-08,0.059144531249999965,60474,1,1196652474.9739852,0.1494847288378114,2.916981153242565e-11,2.53879968449006e-15,0.0,0.2514695198467737,0.17010105012878937,0.0,0.07849547586024701,0.0,0.07492900072650419,0.0,0.08110428637474407,0.0,0.08628888448583316,0.2576117825771085
112,4.379360664890327e-06,3.1337418995281175e-08,0.059253906250000044,60539,1,1193876915.4776928,0.1496520845164734,2.9169807602500295e-11,2.542729609832699e-15,0.0,0.2515656931900587,0.17021557123079967,0.0,0.07844946931241348,0.0,0.07485661546575252,0.0,0.08111938822598722,0.0,0.08645922605313469,0.2573340365218538
113,4.4107709380213685e-06,3.1410273131041766e-08,0.059365234374999964,60599,1,1093802289.7246451,0.13742651468643993,2.91698039008427e-11,2.546431267431362e-15,0.0,0.25171903273564733,0.17025826616219775,0.0,0.07849975324888962,0.0,0.07488073696331635,0.0,0.08103306464879093,0.0,0.08649448922520152,0.2571146570159566
114,4.445055013262645e-06,3.428407524127627e-08,0.05947460937500004,60654,1,1193606936.389896,0.16368684006280182,2.91698003768465e-11,2.5499552636324258e-15,0.0,0.2519457489080818,0.17017503530261732,0.0,0.07845390955962037,0.0,0.07480870907359363,0.0,0.08108108108108109,0.0,0.08646678270007553,0.2570687333749302
115,4.476472391007969e-06,3.1417377745323766e-08,0.05956640624999998,60710,1,1196771752.2579226,0.1503977208624808,2.916979674065748e-11,2.553591452654915e-15,0.0,0.25191815856777494,0.1702406715194439,0.0,0.07856252869040593,0.0,0.07482457866089579,0.0,0.08105449537674601,0.0,0.08649747524427832,0.2569020919404551
116,4.507806686732487e-06,3.133429572451855e-08,0.05966796875000002,60745,1,1194424637.672418,0.1497058192699139,2.9169794361829245e-11,2.5559702808883256e-15,0.0,0.2519476268412439,0.17034369885433717,0.0,0.07852700490998364,0.0,0.07476268412438626,0.0,0.08111292962356793,0.0,0.08644844517184944,0.25685761047463174
117,4.539202556188995e-06,3.139586945650791e-08,0.05975390624999999,60811,1,1088469991.8887804,0.1366938470906655,2.91697903763929e-11,2.5599557172320676e-15,0.0,0.25207557037327577,0.17039288749427992,0.0,0.0784794404131529,0.0,0.07478590573315029,0.0,0.0811597045172256,0.0,0.08635680198731777,0.25674968948159765
118,4.573654585440558e-06,3.445202925156226e-08,0.05984765624999999,60862,1,1192765602.5973384,0.1643727817237632,2.9169787198873116e-11,2.5631332370168772e-15,0.0,0.25223549376672544,0.1703544155081261,0.0,0.078454408981137,0.0,0.07479929508517721,0.0,0.08119574440310685,0.0,0.08635206579205013,0.2566085764636773
119,4.605094123869852e-06,3.14395384292948e-08,0.05994726562499997,60910,1,1198065585.5609996,0.15066651607224252,2.916978419573723e-11,2.5661363729090234e-15,0.0,0.2522725051314632,0.17039715896132668,0.0,0.07838920926595641,0.0,0.07480533020558434,0.0,0.0811585703580621,0.0,0.08640406607369759,0.25657316000390973
120,4.6363945805826964e-06,3.130045671284386e-08,0.060056640625000046,60937,1,1190949564.7334352,0.14910906119247652,2.916978222715703e-11,2.568104953105121e-15,0.0,0.25233340921655983,0.1705421314514293,0.0,0.07837653257016487,0.0,0.07489674460958079,0.0,0.08114085010894663,0.0,0.08631174997560896,0.2563985820677095
121,4.667882060078432e-06,3.14874794957362e-08,0.060158203124999976,60970,1,1097001155.7394047,0.1381672055925737,2.9169779853367964e-11,2.5704787421687235e-15,0.0,0.2524918022142138,0.17064381026590048,0.0,0.07827667932859322,0.0,0.07493263205740074,0.0,0.08106879646764716,0.0,0.086295899483783,0.25629038018246164
122,4.702066162623633e-06,3.418410254520116e-08,0.060222656250000006,61009,1,1094600486.4838128,0.14967174110395892,2.916977688721097e-11,2.5734448991561446e-15,0.0,0.25241616397483296,0.1706557696049815,0.0,0.0782901991308296,0.0,0.07504702601024842,0.0,0.08107932801452941,0.0,0.08633326846987092,0.2561782447947071
123,4.736325237476104e-06,3.425907485247089e-08,0.06031640625000001,61051,1,1090497113.0738475,0.14943768889280143,2.9169774346123484e-11,2.575985986643677e-15,0.0,0.2524447898452173,0.1707143319733178,0.0,0.07826565636940612,0.0,0.07502752412408523,0.0,0.08117997539019493,0.0,0.08639336830516157,0.25597435399261703
124,4.7707132239736535e-06,3.438798649754933e-08,0.06040429687500004,61096,1,1189573835.12683,0.16362819592071762,2.916977131542731e-11,2.5790166828289e-15,0.0,0.252465483234714,0.17072460956445823,0.0,0.07821644517735311,0.0,0.07504769295437642,0.0,0.08115885795583147,0.0,0.08642933359200698,0.2559575775212597
125,4.802237118407665e-06,3.152389443401117e-08,0.060304687499999954,60786,1,1090115551.0160625,0.1374587502044171,2.916980506309581e-11,2.5452690143271027e-15,0.0,0.25136027982899345,0.17042363000388652,0.0,0.0779246016323358,0.0,0.07384376214535562,0.0,0.08148723927969946,0.0,0.08780282420002593,0.2571576629097034
126,4.836637141382337e-06,3.44000229746722e-08,0.06041210937499997,60839,1,1110407229.5770116,0.15279213683476525,2.91698008072548e-11,2.5495248553283195e-15,0.0,0.2514306036015647,0.17047622126669038,0.0,0.07788302996993308,0.0,0.0738741068830623,0.0,0.08150399275807442,0.0,0.0877113575377453,0.25712068798292975
127,4.8704085353368634e-06,3.377139395452685e-08,0.06059179687500005,60893,1,1110085038.2101226,0.14995647659368017,2.9169797102948534e-11,2.553229161599853e-15,0.0,0.25149082938465006,0.17058311575282853,0.0,0.0778454694903781,0.0,0.07378396673435837,0.0,0.08139122586468103,0.0,0.08767688489185442,0.2572285078812494
128,4.904189731109454e-06,3.378119577259072e-08,0.060720703125,60960,1,1112950223.9995527,0.15038715760831034,2.9169791872063e-11,2.5584600471298627e-15,0.0,0.25150374730612113,0.1706391328122487,0.0,0.07774453986940719,0.0,0.07365949371160219,0.0,0.08131493454276432,0.0,0.08771591238058478,0.2574222393772717
129,4.93788396036729e-06,3.369422925783522e-08,0.060837890625,60994,1,1066169700.8452913,0.14369506531215534,2.9169788442330065e-11,2.561889780068526e-15,0.0,0.2515008507496228,0.17088831102122057,0.0,0.07781951266493306,0.0,0.07358181643070404,0.0,0.08125461491540659,0.0,0.08773957430415101,0.2572153199139619
130,4.973056597490882e-06,3.5172637123591934e-08,0.06097656250000005,61025,1,1068893083.2645582,0.15038315416632658,2.9169785282579864e-11,2.5650495302686302e-15,0.0,0.2516976297245356,0.17078795643818068,0.0,0.07773862908392058,0.0,0.07344650864830238,0.0,0.08132607303010891,0.0,0.08770019218449712,0.2573030108904549
131,5.008139619906435e-06,3.5083022415552945e-08,0.06112304687500003,61069,1,1069801977.1045605,0.15012754697184866,2.9169781376076274e-11,2.5689560338592406e-15,0.0,0.2517654577408532,0.1710177344623742,0.0,0.07768014059753955,0.0,0.07336635245246845,0.0,0.08116312509985622,0.0,0.08787346221441125,0.2571337274324972
132,5.043192836111451e-06,3.5053216205016244e-08,0.06126953125000001,61113,1,1067461128.4942666,0.1496717829102406,2.916977760404259e-11,2.572728067546621e-15,0.0,0.2516098182977367,0.1712782913611731,0.0,0.0775900541919031,0.0,0.07344596748485814,0.0,0.08116034427797258,0.0,0.08788651577940708,0.2570290086069493
133,5.078322920944513e-06,3.513008483306229e-08,0.06138867187499997,61167,1,1069592110.9408945,0.1502994463765112,2.9169773281702903e-11,2.5770504072234114e-15,0.0,0.251726002990678,0.17126403868791956,0.0,0.07759854920301613,0.0,0.0734943208933855,0.0,0.08109827876936783,0.0,0.08803410645541027,0.2567847030002227
134,5.113383014990095e-06,3.506009404558168e-08,0.06149218749999996,61221,1,1139016162.1913981,0.15973605506347177,2.9169769078666495e-11,2.5812534436370677e-15,0.0,0.25161987041036715,0.1714521661796468,0.0,0.07769025536780587,0.0,0.07346588743488758,0.0,0.08108880701308602,0.0,0.0880447211281921,0.2566382924660145
135,5.146306165024992e-06,3.292315003489702e-08,0.06161914062499996,61282,1,1135967299.6051502,0.14959848735854872,2.916976508225579e-11,2.585249854341982e-15,0.0,0.2516403055564361,0.17160607309264955,0.0,0.07768867475989731,0.0,0.07353640368949889,0.0,0.08104852768708992,0.0,0.08792671717011634,0.25655329804431204
136,5.179317678660142e-06,3.301151363515005e-08,0.06173828125000003,61321,1,1135478759.7959638,0.1499354902457109,2.9169761799094476e-11,2.5885330156548647e-15,0.0,0.2516292312559317,0.17165453970262576,0.0,0.07769693135083834,0.0,0.07358430876304967,0.0,0.08101866497943688,0.0,0.08794685226194242,0.25646947168617523
137,5.21234339550115e-06,3.302571684100761e-08,0.06187695312499997,61377,1,1126082350.073555,0.14875870733274255,2.916975800872798e-11,2.5923233821435643e-15,0.0,0.25157034184527005,0.1717433161832013,0.0,0.07777532274865062,0.0,0.07373504624222721,0.0,0.0810264827499132,0.0,0.087939143335122,0.25621034689561567
138,5.245644690026857e-06,3.3301294525707216e-08,0.06198046874999996,61420,1,1124933017.528444,0.1498469029536291,2.916975432086609e-11,2.59601124404384e-15,0.0,0.2516858889519128,0.17180311337997103,0.0,0.07783449927522532,0.0,0.0737694586248188,0.0,0.08101720552089242,0.0,0.08788680910064915,0.25600302514653056
139,5.278980008144189e-06,3.33353181173312e-08,0.06208984375000004,61470,1,1122752065.7920358,0.14970918912027315,2.916975088390558e-11,2.599448204554672e-15,0.0,0.2516829191569676,0.17184649260773827,0.0,0.07791758414595785,0.0,0.0738597043095313,0.0,0.08103177099716892,0.0,0.08779490405787985,0.2558666247247562
140,5.312380080290613e-06,3.340007214642348e-08,0.062185546875,61528,1,1192824308.2299364,0.15936167181155023,2.916974692281078e-11,2.60340929935348e-15,0.0,0.25179810923709917,0.17186469424290962,0.0,0.07792330161123151,0.0,0.07380885078048934,0.0,0.08100128772888596,0.0,0.0878796444611954,0.255724111938189
141,5.343818071402353e-06,3.143799111173987e-08,0.062291015624999946,61563,1,1191654360.5078602,0.14985287677564868,2.916974413415937e-11,2.6061979507603077e-15,0.0,0.251810742169128,0.1719813125137177,0.0,0.0778227197190606,0.0,0.07390336437462766,0.0,0.08092684915185148,0.0,0.08795033392907534,0.25560467814253907
142,5.375286927844936e-06,3.146885644258308e-08,0.062382812499999996,61610,1,1213496303.4587233,0.1527493638685912,2.916974071919384e-11,2.609612916295536e-15,0.0,0.2517845961177207,0.17201001878522226,0.0,0.07780212899185972,0.0,0.07385723231058233,0.0,0.08099561678146523,0.0,0.0879148403256105,0.2556355666875391
143,5.406189370557878e-06,3.090244271294193e-08,0.06248632812499999,61642,1,1212319401.5308113,0.14985452342237576,2.9169738404318205e-11,2.611927791932206e-15,0.0,0.2519926233863658,0.1720063763948364,0.0,0.07779826837120621,0.0,0.07385990685462444,0.0,0.08092395211452505,0.0,0.08795674053699247,0.2554621323414497
144,5.437121812909826e-06,3.093244235194806e-08,0.06255859374999995,61663,1,1212491678.0462341,0.15002131573352764,2.9169736049517943e-11,2.614282592188748e-15,0.0,0.25220106150483923,0.17202622541367468,0.0,0.07777083983765219,0.0,0.0738058070558851,0.0,0.08089291289416173,0.0,0.08794879800187325,0.25535435529191386
145,5.468049860235005e-06,3.09280473251793e-08,0.062673828125,61690,1,1212386693.4898474,0.1499870121306866,2.916973418531466e-11,2.616146795472823e-15,0.0,0.2521736420580261,0.1721773816572657,0.0,0.07772133752999469,0.0,0.0739194116363863,0.0,0.08089999688366728,0.0,0.08794290878494186,0.25516532144971793
146,5.498980585721654e-06,3.0930725486648555e-08,0.06276171875000003,61727,1,1215939328.752842,0.15043954234429546,2.916973111593347e-11,2.619216176661445e-15,0.0,0.25216281819879255,0.17230970311819255,0.0,0.07770585672496422,0.0,0.07394037468102321,0.0,0.08088006472894753,0.0,0.08791311383581253,0.2550880687122674
147,5.529820940263408e-06,3.0840354541753985e-08,0.06284960937499995,61776,1,1220428102.5144804,0.1505537414970666,2.916972809524833e-11,2.622236861801757e-15,0.0,0.25221417694769876,0.17256595916591563,0.0,0.07769041921750208,0.0,0.07383697442431399,0.0,0.08086018832157618,0.0,0.08785232605115137,0.25497995587184186
148,5.560547862990554e-06,3.072692272714611e-08,0.06295703124999996,61823,1,1222318460.0690703,0.15023233948202624,2.916972536047692e-11,2.6249716332099072e-15,0.0,0.252373270459763,0.17264379226903273,0.0,0.07758888130545388,0.0,0.07380405782713906,0.0,0.08090835763479558,0.0,0.08776447229633308,0.25491716820748284
149,5.591227265474487e-06,3.0679402483932834e-08,0.06301953125000004,61849,1,1215239110.115783,0.14913123909383394,2.916972300973018e-11,2.6273223799552623e-15,0.0,0.2525878633856071,0.17265852600260334,0.0,0.07751193206471207,0.0,0.07373086220789686,0.0,0.08092109341102088,0.0,0.0877394161036385,0.25485030682452114
150,5.622085390174265e-06,3.085812469977793e-08,0.06294726562499997,61636,1,1215447349.0035222,0.1500257034462608,2.916976112224243e-11,2.589209867702019e-15,0.0,0.2505817741785349,0.17267057618914644,0.0,0.07729063886561792,0.0,0.07260541748115051,0.0,0.08120016134537218,0.0,0.08920537404201186,0.2564460578981662
151,5.652938228045641e-06,3.0852837871376465e-08,0.06305078124999997,61687,1,1160769918.7065158,0.1432521844312919,2.916975662730438e-11,2.593704805755616e-15,0.0,0.250635028808624,0.17269685893067344,0.0,0.07725667554674431,0.0,0.07257914627346508,0.0,0.08112880242859799,0.0,0.0891828263428536,0.2565206616690416
152,5.685244371921068e-06,3.230614387542665e-08,0.06319531249999999,61731,1,1017859568.2022569,0.13153247062128703,2.9169752750173994e-11,2.597581936135765e-15,0.0,0.2507417480529114,0.1727036716528619,0.0,0.07720360984052417,0.0,0.07247496600321424,0.0,0.0810050686116949,0.0,0.08922610953146248,0.256644826307331
153,5.7220863893972435e-06,3.6842017476175495e-08,0.06334765625000005,61766,1,1158700033.4892833,0.17075538753382927,2.9169748757620757e-11,2.6015744893701014e-15,0.0,0.2508787075291361,0.17293580810260836,0.0,0.07714127150521057,0.0,0.07236233582043533,0.0,0.08096442005303076,0.0,0.08919652216809519,0.25652093482148364
154,5.754450244507417e-06,3.236385511017319e-08,0.06346289062499999,61797,1,1000384256.4547449,0.12950516452159885,2.9169744855193836e-11,2.605476916294029e-15,0.0,0.2507924783799587,0.1731142092142923,0.0,0.07712430369618072,0.0,0.07232326962730433,0.0,0.08084818268550148,0.0,0.08921921644661926,0.2565783399501431
155,5.791935840425226e-06,3.748559591780862e-08,0.06359765625000002,61844,1,1052084602.4058095,0.1577520731085301,2.9169740518950885e-11,2.609813159244153e-15,0.0,0.250629568208341,0.1734844297033352,0.0,0.07708371721638721,0.0,0.07232356734844297,0.0,0.08079970517781462,0.0,0.0892758430071863,0.2564031693384927
156,5.827579361786767e-06,3.564352136154115e-08,0.06374609374999995,61886,1,1006206991.1167772,0.1434590415280116,2.9169736500005294e-11,2.613832104842408e-15,0.0,0.25044426741834674,0.1737545192720142,0.0,0.07721061339542865,0.0,0.0723389913597647,0.0,0.08076475274220235,0.0,0.08925179238923954,0.2562350634230039
157,5.864848035460341e-06,3.726867367357405e-08,0.06388085937499999,61930,1,1168263435.1591885,0.17415851491886575,2.916973211975582e-11,2.6182123543164974e-15,0.0,0.25064970801357506,0.17366313021677315,0.0,0.0771088757758278,0.0,0.07233925459381783,0.0,0.08068609166233527,0.0,0.08943039716268689,0.2561225425749839
158,5.896946960130435e-06,3.209892467009396e-08,0.06399023437499995,61979,1,1090224456.7612047,0.1399801308442881,2.916972790869377e-11,2.6224234163642686e-15,0.0,0.25067911973872964,0.17385465311479412,0.0,0.07716021121386929,0.0,0.07230717577755394,0.0,0.0807007905258981,0.0,0.08939962762872752,0.2558984220004273
159,5.93134354678508e-06,3.439658665464495e-08,0.06414062499999995,62011,1,1018057882.4258361,0.14007086468921845,2.916972485318924e-11,2.6254789208940847e-15,0.0,0.25079171741778317,0.1739646772228989,0.0,0.07700974421437272,0.0,0.07238124238733253,0.0,0.08069427527405602,0.0,0.08943361753958588,0.2557247259439708
160,5.968178387561171e-06,3.6834840776090954e-08,0.0642890625,62044,1,1090471276.085766,0.16066934330207966,2.916972115151233e-11,2.6291805978007407e-15,0.0,0.25078988941548186,0.17407947502734233,0.0,0.0770445983716126,0.0,0.07242678332725726,0.0,0.08056872037914692,0.0,0.08953092720865233,0.2555596062705067
161,6.002567188827543e-06,3.438880126637155e-08,0.06442187499999996,62074,1,1104873799.7595396,0.1519811420974064,2.9169717859187707e-11,2.6324729224230133e-15,0.0,0.2508185787048266,0.17417535774921175,0.0,0.07706766917293233,0.0,0.07258064516129033,0.0,0.08064516129032259,0.0,0.08949793839437303,0.2552146495270434
162,6.036507716703361e-06,3.394052787581835e-08,0.06451562499999997,62119,1,1104675005.160224,0.14997301122544146,2.916971388061908e-11,2.6364514910521947e-15,0.0,0.2508779365463793,0.17416444659723906,0.0,0.0770465003632841,0.0,0.07259627028336159,0.0,0.08067934124485349,0.0,0.08945870670864617,0.2551767982562364
163,6.070454352433171e-06,3.39466357298099e-08,0.06465234374999995,62170,1,1104339070.4462876,0.14995438458654803,2.916971028622745e-11,2.640045882683301e-15,0.0,0.2507703462026463,0.1741888707630959,0.0,0.07724608784967675,0.0,0.07253338166878134,0.0,0.0806899885203311,0.0,0.08945078847199564,0.2551205365234729
164,6.104411314568764e-06,3.395696213559249e-08,0.06477929687499995,62196,1,1057526163.9631082,0.14364150362837455,2.916970744919432e-11,2.6428829158095925e-15,0.0,0.250731148430669,0.17426960533059968,0.0,0.07730575572104803,0.0,0.07263243585491604,0.0,0.08077305755721048,0.0,0.08939608647149275,0.25489191063406397
165,6.139871430145921e-06,3.5460115577157664e-08,0.06490429687499999,62250,1,1155055660.5174017,0.163833628879989,2.916970337257772e-11,2.6469595324133314e-15,0.0,0.25075983268634705,0.17429508591375523,0.0,0.07736751828112305,0.0,0.07267310643676085,0.0,0.08073786524630615,0.0,0.08937437934458789,0.25479221209111974
166,6.172337398048457e-06,3.2465967902535576e-08,0.06497265625000004,62268,1,1100289442.4512959,0.14288784688849016,2.9169700485629746e-11,2.649846480381065e-15,0.0,0.25079660915048396,0.1743221307040221,0.0,0.07728611795827572,0.0,0.07265676666867071,0.0,0.08074310106414959,0.0,0.08946071063548368,0.2547345638189142
167,6.206419339175198e-06,3.408194112674123e-08,0.06507812499999999,62290,1,1127306339.5387454,0.15368315318384673,2.9169698309920485e-11,2.65202218964914e-15,0.0,0.2507803121248499,0.17433973589435775,0.0,0.07728091236494598,0.0,0.07268907563025209,0.0,0.08076230492196879,0.0,0.08949579831932772,0.25465186074429774
168,6.239684476329792e-06,3.326513715459428e-08,0.06519335937500004,62321,1,1114868002.988319,0.14834494811470025,2.916969551882285e-11,2.65481328728917e-15,0.0,0.2507864226010366,0.1744510021270859,0.0,0.07732406602953952,0.0,0.07259055094520507,0.0,0.08079930495221548,0.0,0.08948740225890531,0.2545612510860122
169,6.273320745286731e-06,3.363626895693849e-08,0.0653125,62370,1,1100810367.6440213,0.14810861438664255,2.9169691843563465e-11,2.658488546667236e-15,0.0,0.2507177033492823,0.17473086124401913,0.0,0.07730263157894737,0.0,0.07260765550239234,0.0,0.08074162679425838,0.0,0.08944377990430621,0.25445574162679424
170,6.307386558166254e-06,3.406581287952286e-08,0.06545117187500005,62403,1,1116073648.042613,0.1520798242159445,2.9169689222693716e-11,2.6611094164135516e-15,0.0,0.25087284772164364,0.17471874906747037,0.0,0.07722837277311928,0.0,0.07263286681985019,0.0,0.08077944555519083,0.0,0.08937363850675897,0.25439407955596666
171,6.340986491347875e-06,3.3599933181621187e-08,0.0655703125,62442,1,1098360215.67468,0.14761931942408116,2.9169686237417606e-11,2.6640946925230606e-15,0.0,0.2508340283569641,0.1747587275110211,0.0,0.07711783629214822,0.0,0.0726498272369832,0.0,0.08087096389848683,0.0,0.08953890146550697,0.25422971523888954
172,6.375128296071715e-06,3.4141804723840256e-08,0.06567187500000005,62470,1,1114201269.8669906,0.15216336871541453,2.916968373477913e-11,2.6665973310066434e-15,0.0,0.2508922198429693,0.17496431120628123,0.0,0.07708779443254817,0.0,0.07259695455626933,0.0,0.08080537711158696,0.0,0.08957887223411848,0.25407447061622646
173,6.408784692823513e-06,3.3656396751797474e-08,0.06577929687499995,62511,1,1026414676.9262204,0.13818167839398762,2.9169680896370145e-11,2.66943573998452e-15,0.0,0.2510763383710917,0.17485673565129606,0.0,0.07708067341666913,0.0,0.07256747528133257,0.0,0.08070310876213664,0.0,0.0896701208468185,0.2540455476706553
174,6.445319634151808e-06,3.653494132829467e-08,0.06590625000000006,62552,1,1098764817.6144407,0.16057323258055195,2.916967798839429e-11,2.6723437158409794e-15,0.0,0.25133357041251775,0.17514224751066856,0.0,0.07702110004741584,0.0,0.07248696064485538,0.0,0.08057728781412993,0.0,0.08952702702702703,0.25391180654338547
175,6.47944886672172e-06,3.412923256991183e-08,0.06583984374999996,62485,1,1114537026.0601182,0.15215317348073462,2.916971515575937e-11,2.6351763507609907e-15,0.0,0.2494215366360131,0.17525956689409672,0.0,0.07659448234945122,0.0,0.07137347967962031,0.0,0.08080688223079206,0.0,0.09130821714624741,0.25523583506377934
176,6.5130951244261965e-06,3.364625770447688e-08,0.06595898437500003,62528,1,1093544181.060595,0.14717467730878367,2.9169710666401066e-11,2.6396657090692236e-15,0.0,0.24953362352314118,0.17520949927452548,0.0,0.0765745758194901,0.0,0.07130378135086317,0.0,0.08069053329779989,0.0,0.0914986230789731,0.25518936365520717
177,6.547387291719913e-06,3.429216729371638e-08,0.06608984375000004,62564,1,1094841927.195259,0.15017801011021872,2.91697064087073e-11,2.643923402834349e-15,0.0,0.2494532773804599,0.17527631656717302,0.0,0.07648206158756429,0.0,0.07128080855842545,0.0,0.0807376322477688,0.0,0.09149476919439685,0.25527513446421185
178,6.58163881156814e-06,3.425151984822744e-08,0.06623632812500002,62604,1,1062072797.8244535,0.1455104300597869,2.916970194344122e-11,2.6483886689153745e-15,0.0,0.2496387815881815,0.1753604812313862,0.0,0.07640138000176924,0.0,0.07135906584495622,0.0,0.08067702650900835,0.0,0.091498835254917,0.2550644295697815
179,6.616947125722136e-06,3.530831415399667e-08,0.06636718750000004,62636,1,1063202891.0220519,0.1501596067425764,2.9169697751578315e-11,2.6525805318129228e-15,0.0,0.24955856386109476,0.1753972925250147,0.0,0.07645673925838728,0.0,0.07136550912301354,0.0,0.08066509711595056,0.0,0.09161271336080046,0.25494408475573865
180,6.652217910176034e-06,3.5270784453898e-08,0.06652539062499996,62672,1,1116084460.7921844,0.15746069779578445,2.916969362817649e-11,2.656703933636879e-15,0.0,0.24966971022577145,0.17556736443439713,0.0,0.07645107307477761,0.0,0.07134259123337543,0.0,0.08053198672969086,0.0,0.09165908223481402,0.2547781920671736
181,6.6858175178377905e-06,3.359960766175609e-08,0.06663671874999999,62709,1,1113871509.7086878,0.14970258284727941,2.91696891074903e-11,2.6612246198312574e-15,0.0,0.24969224456298728,0.17550852922211152,0.0,0.07641127850401548,0.0,0.07139926138695118,0.0,0.08069054458057331,0.0,0.09165250014655023,0.25464564159681113
182,6.719483878520458e-06,3.366636068266745e-08,0.06675781250000001,62748,1,1063886572.0427035,0.14326875623934532,2.9169685077660027e-11,2.6652544501005802e-15,0.0,0.2497074312463429,0.17554125219426567,0.0,0.07638970157987128,0.0,0.07144528964306614,0.0,0.08069046225863079,0.0,0.09172030427150381,0.2545055588063195
183,6.754731997056251e-06,3.524811853579329e-08,0.06687109375,62765,1,1115081168.5217087,0.15721805282033632,2.916968188444161e-11,2.6684476685179945e-15,0.0,0.2498393597756878,0.17571119808400024,0.0,0.07634791751854665,0.0,0.0714995034756703,0.0,0.08061218529119692,0.0,0.09168175711198084,0.2543080787429172
184,6.788361835904408e-06,3.3629838848157296e-08,0.06699999999999995,62793,1,1115468309.8790646,0.15005207800583734,2.916967839100584e-11,2.6719411042909493e-15,0.0,0.24982509328358207,0.17572294776119404,0.0,0.07628847947761194,0.0,0.07153684701492537,0.0,0.08051539179104478,0.0,0.091796875,0.2543143656716418
185,6.821980002971893e-06,3.361816706748543e-08,0.06710546875000001,62835,1,1128936184.401721,0.15181106102298642,2.916967407178245e-11,2.676260327675248e-15,0.0,0.2500436579544793,0.17579603003667268,0.0,0.0762558938238547,0.0,0.07151172943710345,0.0,0.0805052680598405,0.0,0.09173991501251527,0.25414750567553407
186,6.855197115257007e-06,3.321711228511388e-08,0.06721289062500002,62857,1,1141039424.6747756,0.15160813876465506,2.916967102002136e-11,2.6793120887718558e-15,0.0,0.25007991166129073,0.17589283119751256,0.0,0.07625025426437683,0.0,0.0715136721587772,0.0,0.08049283700926975,0.0,0.0917676459477523,0.25400284776102056
187,6.888061886788182e-06,3.2864771531175116e-08,0.06732031250000003,62872,1,1140586351.8411965,0.14994043945934976,2.916966825228142e-11,2.6820798287148505e-15,0.0,0.2501160496692585,0.1758442613438552,0.0,0.07630265753742603,0.0,0.07154462109782989,0.0,0.08053847046535918,0.0,0.0917372635487989,0.25391667633747245
188,6.920939713126772e-06,3.287782633858932e-08,0.06745507812499996,62916,1,1139444542.7555802,0.14984983919668513,2.916966468721749e-11,2.6856448926394938e-15,0.0,0.2501954425688392,0.1760720386831514,0.0,0.07641080580247271,0.0,0.07148854851318875,0.0,0.08040652054318558,0.0,0.09175666676318152,0.25366997712598083
189,6.953850485518828e-06,3.291077239205668e-08,0.06756249999999997,62933,1,1163294516.3069706,0.15313968420442553,2.9169661673699e-11,2.688658411133128e-15,0.0,0.2500867252543941,0.1761968085106383,0.0,0.07640494912118409,0.0,0.07149051803885292,0.0,0.08039431082331175,0.0,0.09175531914893617,0.25367136910268273
190,6.9860865181608875e-06,3.223603264205922e-08,0.06767968749999997,62968,1,1137489099.5978522,0.1466725429784917,2.9169658475550526e-11,2.691856559605143e-15,0.0,0.2502020085420755,0.1762091654161376,0.0,0.07644580399399746,0.0,0.07151102389472469,0.0,0.08042825810920005,0.0,0.09174073646542769,0.25346300357843704
191,7.019053867046479e-06,3.296734888559173e-08,0.06777148437500002,62999,1,1349351212.5487425,0.1779381287731626,2.9169655213613075e-11,2.6951184970520936e-15,0.0,0.2502665782875587,0.17634513962938414,0.0,0.07645753479927375,0.0,0.07147180034006743,0.0,0.08037695610824519,0.0,0.09170293092019943,0.2533790599152713
192,7.04684500077894e-06,2.779113373246062e-08,0.06787500000000002,63015,1,1349429614.3657727,0.1500087155015278,2.916965309341309e-11,2.697238697047343e-15,0.0,0.2503453038674033,0.17636395027624308,0.0,0.07636970534069981,0.0,0.07150667587476979,0.0,0.08036947513812155,0.0,0.09173572744014732,0.2533091620626151
193,7.074634519847428e-06,2.778951906848796e-08,0.067974609375,63055,1,1347416583.422513,0.1497762353528673,2.9169649924146555e-11,2.700407963583412e-15,0.0,0.25040944746142574,0.17656523862885384,0.0,0.076343993333908,0.0,0.07151682326236243,0.0,0.08030916874982041,0.0,0.09165876504899004,0.25319656351463954
194,7.102465556262868e-06,2.7831036415440214e-08,0.06808203125000001,63091,1,1347719888.8564358,0.15003376521830603,2.916964697864622e-11,2.7033534639044254e-15,0.0,0.2504446611968559,0.17668827815709454,0.0,0.07633828676344026,0.0,0.07146135750760228,0.0,0.08035458144471858,0.0,0.09171495782890586,0.2529978771013828
195,7.1302903292814065e-06,2.7824773018538302e-08,0.0681953125,63130,1,1347929882.0766768,0.15002337205475455,2.91696439747298e-11,2.7063573803289137e-15,0.0,0.25060144346431434,0.1768243785084202,0.0,0.07629739947302096,0.0,0.07145721159353878,0.0,0.08027838240348263,0.0,0.09173444839042273,0.2528067361668003
196,7.1581107674945765e-06,2.782043821317021e-08,0.06828515624999998,63149,1,1346877540.6442537,0.14988289360080045,2.916964174566626e-11,2.7085864438706825e-15,0.0,0.2505863508952577,0.17693495795435044,0.0,0.07634002631428408,0.0,0.07147760425604943,0.0,0.08034437389165379,0.0,0.0916423545563755,0.25267433213202906
197,7.18595294235337e-06,2.7842174858794193e-08,0.06838671875000002,63172,1,1346406155.9980135,0.1499475025050145,2.916963982027989e-11,2.7105118302382545e-15,0.0,0.2505283600845376,0.17698634831781576,0.0,0.07628377220540355,0.0,0.07140001142400183,0.0,0.08039641286342607,0.0,0.09167761466841835,0.25272748043639687
198,7.213804864919933e-06,2.7851922566562688e-08,0.068462890625,63203,1,1345888726.7914486,0.1499423544072203,2.9169637220921916e-11,2.713111188212921e-15,0.0,0.2506204889738396,0.17716030011696574,0.0,0.07622742703905515,0.0,0.07137762816306735,0.0,0.08039254842666818,0.0,0.09163267052748696,0.252588936752917
199,7.241667495205424e-06,2.7862630285490745e-08,0.06854687500000001,63230,1,1347937716.773791,0.15022836100134673,2.916963514787729e-11,2.715184232837447e-15,0.0,0.25059835878732617,0.17714269432413948,0.0,0.07616252564394803,0.0,0.07140414862092546,0.0,0.08049350353316617,0.0,0.09160588101208114,0.25259288807841346
200,7.269487771716237e-06,2.78202765108124e-08,0.06849414062500003,63227,1,1136277260.004546,0.12644619026509898,2.9169674726107957e-11,2.6756060021758196e-15,0.0,0.24851008012774817,0.1769368958339274,0.0,0.07596452707519462,0.0,0.07017593886338362,0.0,0.08086914368815763,0.0,0.09321623085916338,0.25432718355242523
201,7.302490280276384e-06,3.3002508560146637e-08,0.06860156250000005,63252,1,1146461697.1303756,0.15134444789370186,2.9169670521691456e-11,2.679810418677397e-15,0.0,0.24854800136658695,0.17717230383783167,0.0,0.07593098735907072,0.0,0.07017993394829745,0.0,0.08077098280378088,0.0,0.0931841475913905,0.25421364309304173
202,7.33519961552401e-06,3.270933524762625e-08,0.06873632812499997,63273,1,1124199609.1952815,0.14708728760967552,2.916966684032463e-11,2.6834917855024044e-15,0.0,0.24851532975307591,0.17742164635012644,0.0,0.07586735998636092,0.0,0.07021282641434376,0.0,0.08072628079447618,0.0,0.09320035234279545,0.25405620435882137
203,7.3685566810248985e-06,3.335706550088827e-08,0.06887500000000002,63307,1,1146187784.5032647,0.15293384401597368,2.91696623205491e-11,2.688011561026143e-15,0.0,0.24852540834845735,0.17760322141560797,0.0,0.0757429673321234,0.0,0.07024160617059891,0.0,0.08064882032667876,0.0,0.09326792196007258,0.253970054446461
204,7.401273833054443e-06,3.271715202954441e-08,0.068998046875,63321,1,1125295814.3902996,0.14726589695046968,2.916965860615031e-11,2.691725959816099e-15,0.0,0.24859172870608884,0.17759787131655672,0.0,0.0756645059020013,0.0,0.07022956945112803,0.0,0.08061822402128684,0.0,0.09335635632802106,0.25394174427491717
205,7.434598403821036e-06,3.332457076659261e-08,0.06911328125000005,63348,1,1152159947.768529,0.15358094285538396,2.916965434734847e-11,2.6959847616599527e-15,0.0,0.24862940145820378,0.17758435539478892,0.0,0.07565138755440004,0.0,0.07022551291471203,0.0,0.08070988526535917,0.0,0.09337025942463122,0.2538291979879048
206,7.467145968135026e-06,3.2547564313990383e-08,0.06922070312499995,63357,1,1275576081.595842,0.16606757821251406,2.9169651054855904e-11,2.699277254225443e-15,0.0,0.2486667983409046,0.17776022121271973,0.0,0.0756186337857284,0.0,0.07017296351683079,0.0,0.08069749724894895,0.0,0.09336643999887137,0.2537174458959962
207,7.496544449763095e-06,2.939848162806931e-08,0.0693359375,63385,1,1275228595.2003744,0.14995913771034738,2.9169647424430396e-11,2.7029076797417474e-15,0.0,0.24856338028169014,0.17785915492957746,0.0,0.07563380281690141,0.0,0.07025352112676056,0.0,0.08064788732394366,0.0,0.09343661971830987,0.2536056338028169
208,7.525950942168567e-06,2.9406492405471578e-08,0.06946093750000004,63422,1,1275046776.3828225,0.14997861338528995,2.916964352988279e-11,2.706802227347422e-15,0.0,0.24862220222697112,0.17790462265212012,0.0,0.07561016758519852,0.0,0.07023956810257563,0.0,0.08058711056124171,0.0,0.0935215386345743,0.2535147902373186
209,7.555361627874062e-06,2.9410685705495188e-08,0.06956054687500002,63443,1,1274820777.9994543,0.14997341293030722,2.916964000971771e-11,2.7103223924196902e-15,0.0,0.24865927277832373,0.17795872525621229,0.0,0.07561420749684122,0.0,0.07019514249613927,0.0,0.08061210164256633,0.0,0.09355608591885442,0.25340446441106274
210,7.584777527463374e-06,2.9415899589311567e-08,0.06966015625,63459,1,1275012420.9068394,0.15002254939408258,2.91696370240017e-11,2.7133081084363154e-15,0.0,0.24878035103459878,0.17790052150507488,0.0,0.07559019794762518,0.0,0.07026299557001066,0.0,0.08058094543823249,0.0,0.09342230695900858,0.25346268154544943
211,7.614189005645938e-06,2.94114781825643e-08,0.06977734375,63487,1,1273766009.5793993,0.149853364801746,2.916963364307574e-11,2.716689034397872e-15,0.0,0.24886637183003976,0.17796562727425408,0.0,0.0756032021496949,0.0,0.07025695571852433,0.0,0.08066954039075185,0.0,0.09334938140289986,0.25328892123383534
212,7.643629263682327e-06,2.9440258036389734e-08,0.06991015624999997,63514,1,1274305637.2661521,0.15006354711336634,2.9169630368679376e-11,2.7199634307540933e-15,0.0,0.24886852545119298,0.1781024752751858,0.0,0.07562720008940046,0.0,0.07020729731239873,0.0,0.08062803821869588,0.0,0.09345141643850927,0.253115047214617
213,7.6730570547109e-06,2.942779102857231e-08,0.07000585937500003,63538,1,1274544041.4376554,0.15002806283255735,2.9169626678451185e-11,2.7236536589467907e-15,0.0,0.2487793990458388,0.1780821917808219,0.0,0.07566330943280417,0.0,0.07027871550930447,0.0,0.08062941160059146,0.0,0.09346315877577212,0.253103813854867
214,7.702479341254801e-06,2.9422286543900742e-08,0.07010546875000001,63562,1,1280474360.3732305,0.15069793417207683,2.916962347998132e-11,2.7268521288096437e-15,0.0,0.24892739733660219,0.17813562155234858,0.0,0.07566724243606172,0.0,0.07029029921435337,0.0,0.08065414832562544,0.0,0.09335822142976541,0.2529670697052432
215,7.73176536302963e-06,2.928602177482848e-08,0.07020507812499999,63572,1,1113995355.8001072,0.13049796898807897,2.916962103134586e-11,2.7293007642733907e-15,0.0,0.24890805397134516,0.17824454026985675,0.0,0.07567116427875922,0.0,0.07021838920573098,0.0,0.08067881485603005,0.0,0.09339268326610099,0.252886354152177
216,7.765427980925433e-06,3.366261789580469e-08,0.07030664062500003,63610,1,1279330617.712159,0.17226247098579278,2.9169617390310096e-11,2.7329418000342936e-15,0.0,0.2487985109870267,0.17832041559018807,0.0,0.07567297274772898,0.0,0.07017251437619801,0.0,0.08072894963469178,0.0,0.0934244520376698,0.25288218462649664
217,7.794740184886487e-06,2.931220396105399e-08,0.07043359375000002,63640,1,1116313272.3311818,0.13088640929201287,2.9169614439640645e-11,2.7358924694833804e-15,0.0,0.2487937441073706,0.17838722200654428,0.0,0.07570295602018745,0.0,0.07010149187510398,0.0,0.0807220897343464,0.0,0.09342243913260495,0.25287005712384225
218,7.828332905612353e-06,3.35927207258669e-08,0.07054687500000001,63688,1,1279268816.8993855,0.17189648039764488,2.9169610316831845e-11,2.7400152782872693e-15,0.0,0.24883720930232558,0.17837763012181618,0.0,0.07566445182724252,0.0,0.07009966777408638,0.0,0.08070321151716502,0.0,0.09352159468438538,0.25279623477297897
219,7.857646525630771e-06,2.9313620018418204e-08,0.07064257812499997,63719,1,1145971164.3551779,0.13437025305588784,2.916960716530678e-11,2.7431668033447913e-15,0.0,0.2489977605131466,0.17841245265282424,0.0,0.075561945312284,0.0,0.07011529210097045,0.0,0.08070447067931101,0.0,0.09350548812519008,0.2527025906162736
220,7.890369862104164e-06,3.2723336473392615e-08,0.07074609374999996,63739,1,1291768552.3068936,0.16908390793154301,2.916960464672595e-11,2.7456853841801443e-15,0.0,0.24901993263762354,0.17862072773452597,0.0,0.0755342057313235,0.0,0.07009552205841753,0.0,0.08072442162221855,0.0,0.09347910109877974,0.2525260891171111
221,7.919399830307858e-06,2.9029968203693264e-08,0.07084179687500003,63776,1,1145140461.4698033,0.13297356474092412,2.916960140307317e-11,2.7489290369650494e-15,0.0,0.24912464503322215,0.1787102643985553,0.0,0.07551487414187644,0.0,0.07011110804775164,0.0,0.08072564858978247,0.0,0.09338038653469714,0.25243307325411485
222,7.952146904803739e-06,3.27470744958817e-08,0.07096679687499996,63810,1,1292010249.7175004,0.16923822358776683,2.916959850340581e-11,2.7518287043232877e-15,0.0,0.24929131691206827,0.17886335489197747,0.0,0.0755194715838723,0.0,0.07009770194027798,0.0,0.08063850282097153,0.0,0.09343608091371958,0.252153570937113
223,7.981171442347617e-06,2.9024537543877392e-08,0.07106054687499996,63839,1,1082238484.2415783,0.12564588606919463,2.916959538113807e-11,2.7549509720548637e-15,0.0,0.24926476651183246,0.17895720528818404,0.0,0.07550229502789764,0.0,0.07008767831129924,0.0,0.08061457274001595,0.0,0.09358766456861721,0.2519858175521535
224,8.015821845697743e-06,3.46504033501263e-08,0.07117968750000003,63882,1,1295845079.62869,0.1796062187536426,2.916959236044518e-11,2.7579716649539035e-15,0.0,0.24936889474261884,0.17904181758314128,0.0,0.07537591921852706,0.0,0.07016244100537812,0.0,0.08061683679069258,0.0,0.09354077488749864,0.2518933157721436
225,8.044760490131031e-06,2.8938644433287665e-08,0.07114062499999996,63873,1,1132187644.2603629,0.1310559026760489,2.9169638443211294e-11,2.711888898836035e-15,0.0,0.2475291016911926,0.17875576542938723,0.0,0.07495058203382385,0.0,0.06915769822095322,0.0,0.08099055567757522,0.0,0.09507467603777729,0.2535416209092906
226,8.07788220824031e-06,3.312171810927865e-08,0.07125976562500003,63890,1,1236045950.885514,0.16375986222138114,2.916963409536003e-11,2.716236750106265e-15,0.0,0.24749897218034808,0.1787583938604906,0.0,0.0749623132794299,0.0,0.06920652322872414,0.0,0.08099218857064547,0.0,0.09518980402905303,0.25339180485130874
227,8.108220886161737e-06,3.033867792142733e-08,0.07139648437500001,63906,1,1236054873.140743,0.1500010827577109,2.9169630331088554e-11,2.7200010215804835e-15,0.0,0.24749008343591847,0.1788537819723704,0.0,0.07495554643687594,0.0,0.06912871016276843,0.0,0.08097387498290247,0.0,0.09530843933798386,0.2532895636711804
228,8.138559345088495e-06,3.03384589267584e-08,0.07153906249999997,63933,1,1216362073.1814885,0.14761020318913315,2.916962602687814e-11,2.7243052319928886e-15,0.0,0.2472971497215245,0.17901605329256304,0.0,0.07494266681227477,0.0,0.06918204652178661,0.0,0.08094900076444249,0.0,0.09547340832150267,0.25313967456590586
229,8.169388981121059e-06,3.082963603256378e-08,0.07163085937500002,63940,1,1214889166.615301,0.14981836330661785,2.916962216935479e-11,2.7281627553408077e-15,0.0,0.24725289706884798,0.17916837082481255,0.0,0.07484662576687118,0.0,0.06922972051806409,0.0,0.08092706203135652,0.0,0.09546012269938652,0.2531152010906612
230,8.200255994368428e-06,3.0867013247369343e-08,0.07177148437500003,63955,1,1215645588.0229595,0.15009339387844317,2.916961874777946e-11,2.731584330668801e-15,0.0,0.2474215582224399,0.17933436743135492,0.0,0.07483604103736359,0.0,0.0692029281301875,0.0,0.08090456363784798,0.0,0.0955180014695077,0.2527825400712983
231,8.231103800973796e-06,3.084780660536708e-08,0.07187500000000002,63991,1,1216984080.8065777,0.15016515826612695,2.916961387946443e-11,2.73645264570174e-15,0.0,0.24730978260869563,0.17926630434782606,0.0,0.07491847826086956,0.0,0.06913043478260869,0.0,0.08084239130434782,0.0,0.09565217391304347,0.2528804347826087
232,8.261917679800498e-06,3.0813878826702656e-08,0.07198632812500005,64013,1,1216918153.486831,0.14999187409423181,2.91696098628798e-11,2.7404692303351447e-15,0.0,0.24730716010527176,0.17934178039449766,0.0,0.0748840111783379,0.0,0.0690777871232059,0.0,0.08085302656211846,0.0,0.09574843313346176,0.25278780150310665
233,8.292733227988806e-06,3.081554818830781e-08,0.07208398437499997,64028,1,1217451772.0384464,0.1500657749927659,2.9169605996526727e-11,2.7443355834038346e-15,0.0,0.24745983146828515,0.1792884818598098,0.0,0.07486384696670009,0.0,0.06909258406264394,0.0,0.08090606118080582,0.0,0.09567290757850815,0.2527162868832471
234,8.323535269483403e-06,3.080204149459792e-08,0.07219726562499995,64060,1,1217511046.5267465,0.15000730310099278,2.9169601940341554e-11,2.7483917685750787e-15,0.0,0.24755850128499932,0.17938590558636547,0.0,0.07482753956445286,0.0,0.06917354254024076,0.0,0.08086027323143513,0.0,0.0956580549168132,0.25253618287569324
235,8.354335811381547e-06,3.0800541898143823e-08,0.07230078124999995,64095,1,1217117180.9874609,0.14995147491181998,2.916959762118579e-11,2.752710924338579e-15,0.0,0.247609271165379,0.17945323896482793,0.0,0.07493651736992814,0.0,0.06918255983575558,0.0,0.08079853044464855,0.0,0.09568318115511372,0.2523367010643471
236,8.385146320497502e-06,3.081050911595531e-08,0.07240625,64115,1,1217397741.6685472,0.15003457686968874,2.916959381514697e-11,2.7565169631624765e-15,0.0,0.24778808804488564,0.17940763918860597,0.0,0.07485433750539491,0.0,0.06924363400949504,0.0,0.0808426845058265,0.0,0.09559775571860164,0.25226586102719034
237,8.415949729043835e-06,3.080340854633347e-08,0.07254882812499996,64125,1,1218238846.0057447,0.15010363552211514,2.916959096563976e-11,2.7593664703653005e-15,0.0,0.24792031228967557,0.17953964194373398,0.0,0.07486875757167855,0.0,0.0691883160586889,0.0,0.08071072822721766,0.0,0.09557140934176873,0.25220083456723646
238,8.446731870101766e-06,3.078214105793107e-08,0.07266796875000003,64131,1,1232659312.8995903,0.15177557138419034,2.9169587913709115e-11,2.7624184010206786e-15,0.0,0.24810514433155942,0.17956781164328336,0.0,0.07485351824974466,0.0,0.06918238993710692,0.0,0.08073966564532602,0.0,0.09544159544159544,0.2521098747513842
239,8.477153901240109e-06,3.042203113834314e-08,0.07278515625000004,64148,1,1233294606.0687547,0.15007730763429716,2.916958455273191e-11,2.7657793782201747e-15,0.0,0.24821553158374923,0.1796812107551119,0.0,0.07481350292491815,0.0,0.06923200772822412,0.0,0.08069017334836044,0.0,0.09544893468577255,0.2519186389738636
240,8.507560261419965e-06,3.0406360179855856e-08,0.07290039062499998,64152,1,1232147928.6135485,0.14986053484914752,2.916958217195151e-11,2.7681601586119416e-15,0.0,0.24817146684527797,0.17969189551239118,0.0,0.07474882786336236,0.0,0.06928332217012727,0.0,0.08066979236436705,0.0,0.09548559946416611,0.2519490957803081
241,8.537994918760335e-06,3.043465734036997e-08,0.07299414062499998,64176,1,1221820801.7186835,0.14874278972657703,2.916957862771526e-11,2.7717043948707412e-15,0.0,0.2480132716131967,0.1798357102721216,0.0,0.07489363979343376,0.0,0.06930136729724669,0.0,0.08061969871297461,0.0,0.09546999170524176,0.25186632060578495
242,8.568686817234523e-06,3.069189847418732e-08,0.07309960937500004,64213,1,1222135174.9774044,0.1500385948485586,2.9169574842302354e-11,2.775489807783991e-15,0.0,0.2481898094958186,0.179950303257007,0.0,0.07489245731691026,0.0,0.06941512811606596,0.0,0.08055681727095414,0.0,0.09538568413177653,0.2516098004114677
243,8.599370820745585e-06,3.068400351106277e-08,0.07319921875000002,64237,1,1222711636.548992,0.15007075259554634,2.916957153823826e-11,2.7787938718695716e-15,0.0,0.2481455787395272,0.1800256150274828,0.0,0.07500400234804419,0.0,0.06932066812530017,0.0,0.08052724264902077,0.0,0.09538929505309783,0.2515875980575271
244,8.630040357927583e-06,3.0669537181997235e-08,0.07328710937500005,64273,1,1221735641.563147,0.14988026674196875,2.9169567866414917e-11,2.782465695209499e-15,0.0,0.2482477413852837,0.1799962689550409,0.0,0.07494070303547157,0.0,0.06942408656024304,0.0,0.08048396983183648,0.0,0.09532819870479439,0.2515790315273299
245,8.660734395757257e-06,3.069403782967378e-08,0.07339453124999995,64300,1,1222081316.564437,0.15004244064626546,2.9169564919800544e-11,2.7854123095865777e-15,0.0,0.2482303475437756,0.17999893554739477,0.0,0.07499068603970407,0.0,0.06945553249241578,0.0,0.08055245090212358,0.0,0.09534834211506732,0.25142370535951886
246,8.691419751544727e-06,3.06853557874704e-08,0.07350585937499998,64320,1,1222199852.788865,0.15001454930488112,2.91695624141109e-11,2.7879179992262333e-15,0.0,0.24838581108011157,0.17999202869669187,0.0,0.07487710907400025,0.0,0.0695097648465524,0.0,0.0805101634117178,0.0,0.09528364554271289,0.2514414773482131
247,8.722102131283549e-06,3.068237973882175e-08,0.07361328125,64343,1,1222587477.4335206,0.1500475729861738,2.916955979963306e-11,2.790532477069499e-15,0.0,0.24855399310161844,0.17999469355266645,0.0,0.07479437516582647,0.0,0.06948792783231625,0.0,0.0805784027593526,0.0,0.0952772618731759,0.25131334571504377
248,8.752774783091434e-06,3.067265180788595e-08,0.07370312499999998,64346,1,1226104533.8683956,0.1504315097896624,2.916955820568039e-11,2.792126429739457e-15,0.0,0.2485690057239771,0.18009327962688151,0.0,0.07470320118719526,0.0,0.06945622217511131,0.0,0.08058617765528939,0.0,0.09534661861352556,0.25124549501801996
249,8.783359451008521e-06,3.05846679170873e-08,0.07381249999999995,64382,1,1156304341.3071687,0.1414607371598645,2.916955521872909e-11,2.7951133810443607e-15,0.0,0.24872988992379338,0.1802497883149873,0.0,0.07459250635055038,0.0,0.06943268416596104,0.0,0.08065198983911938,0.0,0.09531117696867063,0.25103196443691783
250,8.815790359256784e-06,3.243090824826216e-08,0.07380078125,64496,1,1227025230.4516745,0.15917417066832396,2.916960102747437e-11,2.7493046357651965e-15,0.0,0.24644048060128088,0.18027840999311914,0.0,0.07428677287884401,0.0,0.06825279203937966,0.0,0.08103530408087652,0.0,0.09725824379399776,0.25244799661250195
251,8.846352078013126e-06,3.056171875634216e-08,0.07391601562500005,64495,1,1160327032.8506622,0.14184635377345173,2.916959723748387e-11,2.753094626259316e-15,0.0,0.2465319064605628,0.18023516977143614,0.0,0.07430307834588452,0.0,0.06825208085612366,0.0,0.08106751222090104,0.0,0.09723873695336241,0.2523715153917294
252,8.878670552838169e-06,3.231847482504216e-08,0.07402539062500002,64509,1,1163070516.2253847,0.15035466079351556,2.9169592726441993e-11,2.757605668136915e-15,0.0,0.24643149257275537,0.18044378776285588,0.0,0.0742724466372919,0.0,0.0681776206432548,0.0,0.08102688583414687,0.0,0.09727975515157912,0.25236801139811615
253,8.91091279393779e-06,3.224224109962142e-08,0.07415429687499997,64526,1,1163439354.3106618,0.15004756866588892,2.9169588513773804e-11,2.761818336332915e-15,0.0,0.2464772038875866,0.18055153159322568,0.0,0.0742486896515395,0.0,0.06808544262122368,0.0,0.0810440645824005,0.0,0.09734769668396237,0.2522453709800616
254,8.94314481347629e-06,3.2232019538499075e-08,0.074298828125,64536,1,1163339374.7607,0.14998710982876873,2.916958446559109e-11,2.76586651903364e-15,0.0,0.24660235009594908,0.18072605872611128,0.0,0.07418311821455797,0.0,0.06808443521463683,0.0,0.08104413658946925,0.0,0.09728976630477641,0.2520701348544991
255,8.975379603094507e-06,3.2234789618217624e-08,0.07443554687499998,64554,1,1163420002.344417,0.15001039605279418,2.916957994959477e-11,2.7703825153655157e-15,0.0,0.24670042769803993,0.18086641652016477,0.0,0.07415181968460549,0.0,0.06803809923644091,0.0,0.08094775786518327,0.0,0.0973209834431004,0.25197449555246515
256,9.007612158770388e-06,3.223255567588097e-08,0.07452929687499998,64566,1,1165042069.7350435,0.15020913350991358,2.916957550588656e-11,2.7748262235707237e-15,0.0,0.2468356088996043,0.18082234859404073,0.0,0.0741109567860793,0.0,0.06800492675384576,0.0,0.08092455253020257,0.0,0.09732959459105321,0.25197201184517415
257,9.039799837631227e-06,3.218767886084005e-08,0.07464453125000003,64586,1,1164856184.144484,0.14997606709722486,2.91695713205374e-11,2.779011572733342e-15,0.0,0.2467423727039615,0.18096185043696686,0.0,0.07407504317337381,0.0,0.06800460515987232,0.0,0.0810089486629337,0.0,0.09725783662148725,0.2519493432414046
258,9.071992652942193e-06,3.219281531096601e-08,0.07478515625000004,64599,1,1164863364.9679773,0.15000092468369797,2.916956756992856e-11,2.78276218157099e-15,0.0,0.24680073126142596,0.18106555236354138,0.0,0.0740402193784278,0.0,0.06790284669626534,0.0,0.08109166884303996,0.0,0.09731000261164795,0.2517889788456516
259,9.104185269799906e-06,3.2192616857712655e-08,0.07490039062499998,64609,1,1162745734.1503425,0.14972731168976716,2.916956350621305e-11,2.78682589708309e-15,0.0,0.24681217241649064,0.18115205090093614,0.0,0.07403061357532138,0.0,0.06792875955044458,0.0,0.08099298547550131,0.0,0.09742105400401573,0.2516623640772901
260,9.136436516911471e-06,3.225124711156435e-08,0.07503906250000003,64616,1,1164675408.3993564,0.1502489376041991,2.916956011249397e-11,2.790219616159243e-15,0.0,0.24674648620510156,0.18136387298282147,0.0,0.07402394586153047,0.0,0.06785528370640292,0.0,0.08092139510671525,0.0,0.09752732951587716,0.2515616866215513
261,9.168634329048277e-06,3.2197812136805755e-08,0.07515429687499997,64627,1,1159969081.738866,0.14939386631332438,2.916955615474189e-11,2.794177368244461e-15,0.0,0.24680994828347932,0.18152758647574002,0.0,0.07401439746355155,0.0,0.06782920554068453,0.0,0.08087528262168976,0.0,0.09753371969126017,0.2514098599235947
262,9.200962776927064e-06,3.232844787878756e-08,0.07526757812499996,64653,1,1159347254.5626209,0.1499195891701726,2.9169551871181394e-11,2.798460928736144e-15,0.0,0.246957469444949,0.18151386978747697,0.0,0.0739808495731375,0.0,0.0677790175675325,0.0,0.0807795106002024,0.0,0.09743882502530037,0.25155045800140124
263,9.23330856448331e-06,3.2345787556246357e-08,0.07540234374999999,64667,1,1158449711.1627307,0.14988387300745856,2.916954829813389e-11,2.802033976251278e-15,0.0,0.24713775060871365,0.18142257680153343,0.0,0.07397813811324663,0.0,0.06781329327047608,0.0,0.08071284256333212,0.0,0.09760140910739262,0.25133398953530534
264,9.265679412901376e-06,3.237084841806505e-08,0.07552734375000003,64689,1,1162461161.9659083,0.15051941626354476,2.916954428059471e-11,2.8060515154162744e-15,0.0,0.24703904835790014,0.18145849495733124,0.0,0.07403672097232997,0.0,0.06780449961210239,0.0,0.08063098008792345,0.0,0.09764675459012154,0.25138350142229116
265,9.297938555165175e-06,3.2259142263799574e-08,0.07565820312500005,64691,1,1160723532.235625,0.14977578222131593,2.916954139094433e-11,2.8089411658009656e-15,0.0,0.24707643854712544,0.18150605364380304,0.0,0.07401192658182099,0.0,0.06781629966182201,0.0,0.08062059529648655,0.0,0.09771019955081703,0.25125848671812473
266,9.330245990104289e-06,3.23074349391131e-08,0.07579492187500003,64704,1,1121889246.4369078,0.14498145535260407,2.916953807793314e-11,2.8122541769922555e-15,0.0,0.2471719019764475,0.18161671863323625,0.0,0.07403303527714071,0.0,0.0678485840183472,0.0,0.08055247764578555,0.0,0.09771432988893755,0.25106295256010513
267,9.36367174948214e-06,3.342575937785219e-08,0.07590820312500002,64735,1,1155989311.8579814,0.1545592823261353,2.916953390048442e-11,2.8164316257073073e-15,0.0,0.2472661777949312,0.1816544448732793,0.0,0.07394828251640294,0.0,0.06790171105107423,0.0,0.08045799562588447,0.0,0.09774861700759038,0.2510227711308375
268,9.39611149578025e-06,3.243974629811027e-08,0.07601562500000003,64756,1,1157811920.4694421,0.15023649984382614,2.916953026123017e-11,2.8200708799569613e-15,0.0,0.24722507708119215,0.1817317574511819,0.0,0.07389516957862281,0.0,0.06790853031860225,0.0,0.0804984583761562,0.0,0.09781603288797533,0.2509249743062692
269,9.428500175959666e-06,3.238868017941583e-08,0.07611914062500003,64768,1,1205030653.245502,0.1561174097374444,2.91695271947537e-11,2.8231373564306316e-15,0.0,0.24737638878197726,0.18166422908167193,0.0,0.0738716547353296,0.0,0.06789315680086214,0.0,0.08056859877350987,0.0,0.0977856464731994,0.25084032535344986
270,9.459619716279243e-06,3.111954031957732e-08,0.076251953125,64807,1,1158189242.991626,0.1441692673799146,2.916952353968154e-11,2.826792428587905e-15,0.0,0.2473809584795472,0.18186009579672657,0.0,0.07387105863067034,0.0,0.06795420199277684,0.0,0.08047949591455139,0.0,0.09779462616223972,0.2506595630234882
271,9.49199784466104e-06,3.2378128381797734e-08,0.07635351562500003,64833,1,1158561353.4156828,0.15004819295632926,2.916952018370901e-11,2.8301484011232613e-15,0.0,0.24758908244442737,0.18177167267797306,0.0,0.07392627836185506,0.0,0.06788939196275548,0.0,0.08039802522190673,0.0,0.09786918374133476,0.25055636558974753
272,9.52436557373248e-06,3.236772907144028e-08,0.07647265624999999,64845,1,1158467757.5411556,0.14998788205636435,2.91695182576182e-11,2.832074491938711e-15,0.0,0.24766307401542634,0.18187158400163458,0.0,0.07388772539204169,0.0,0.06793686468815448,0.0,0.0803749297645196,0.0,0.0979465699545385,0.25031925218368495
273,9.55673591788396e-06,3.237034415147957e-08,0.07659765625000003,64847,1,1144857045.9928873,0.14823766633214414,2.91695166599898e-11,2.8336721203324108e-15,0.0,0.24769238614921718,0.18195726452139324,0.0,0.0737926462338722,0.0,0.06792799224845733,0.0,0.08039675659136111,0.0,0.09796522005201694,0.250267734203682
274,9.58949109909305e-06,3.275518120908955e-08,0.07673828125000004,64860,1,1163606582.8878574,0.15245657791432504,2.9169514364821035e-11,2.835967289104128e-15,0.0,0.24779842199032834,0.18192924408246372,0.0,0.07373377449732756,0.0,0.06787986765080173,0.0,0.08047849325528124,0.0,0.09804021379485874,0.25013998472893867
275,9.621718486383119e-06,3.222738729006835e-08,0.076763671875,65075,1,1163377762.0452104,0.1499705028083359,2.9169565339381364e-11,2.78499272876565e-15,0.0,0.2452738976668448,0.18179273846780147,0.0,0.07348039589853192,0.0,0.06661069129582985,0.0,0.08090985420960232,0.0,0.09996692364450553,0.25196549881688424
276,9.653952212369144e-06,3.223372598602473e-08,0.07689648437499996,65097,1,1223412329.483024,0.15774055118592,2.9169559969009497e-11,2.790363100635657e-15,0.0,0.2453582586167484,0.18183434507632526,0.0,0.07350587996240888,0.0,0.06659724162454599,0.0,0.0807955093850804,0.0,0.09999746005943463,0.2519113052754566
277,9.684604183986796e-06,3.065197161765268e-08,0.077021484375,65104,1,1257003348.5386894,0.15411852385080918,2.916955542733978e-11,2.7949047703487436e-15,0.0,0.24554329909978445,0.18194497273995178,0.0,0.07338658552047674,0.0,0.06653987574489666,0.0,0.08079117535184481,0.0,0.09998732090782299,0.2518067706352225
278,9.71443704007552e-06,2.9832856088724875e-08,0.07714648437500005,65106,1,1263212440.7487352,0.15074093981737566,2.9169551375466315e-11,2.798956643815959e-15,0.0,0.24555052026633584,0.18208055900149367,0.0,0.0733436289526317,0.0,0.0665586470543558,0.0,0.08076153826679155,0.0,0.10000253170966354,0.2517025747487278
279,9.74412325815755e-06,2.9686218082029717e-08,0.07725781249999997,65112,1,1265143595.1713686,0.1502293146853615,2.9169547213837864e-11,2.8031182722679897e-15,0.0,0.24552533117605418,0.18227323288502373,0.0,0.07328850237637778,0.0,0.06648801698857316,0.0,0.08074628374962078,0.0,0.10006067347557891,0.25161795934877135
280,9.77376416227557e-06,2.9640904118018692e-08,0.07736523437499998,65102,1,1266688586.5775218,0.1501831797685318,2.916954391459806e-11,2.806417512078053e-15,0.0,0.2455883466713792,0.18237358309560478,0.0,0.07326247759460756,0.0,0.06647143470248164,0.0,0.0807351493272071,0.0,0.1000732119865694,0.25149579662215044
281,9.803368913117544e-06,2.9604750841974198e-08,0.07749023437500002,65094,1,1280580813.6407597,0.15164510368338913,2.9169540707132905e-11,2.8096249772250855e-15,0.0,0.24564587271581595,0.18243226212980462,0.0,0.07321991178323879,0.0,0.06641461877756771,0.0,0.08070573408947698,0.0,0.1001134215500945,0.2514681789540012
282,9.832652500377755e-06,2.928358726021007e-08,0.07762109375000004,65097,1,1249140607.748137,0.14631727194905766,2.916953703547757e-11,2.813296632554027e-15,0.0,0.24568466609632125,0.18237632731115697,0.0,0.07322228373005887,0.0,0.06650395048059987,0.0,0.08064516129032258,0.0,0.10014594132152382,0.25142166977001656
283,9.862673139981813e-06,3.002063960405735e-08,0.07775195312500005,65118,1,1216412676.664318,0.14606994630378495,2.9169532577568525e-11,2.8177545416072832e-15,0.0,0.24584892863422847,0.182370820668693,0.0,0.0731995277449823,0.0,0.06646738174784597,0.0,0.08066015222688337,0.0,0.10015323168127811,0.25129995729608884
284,9.893501493483384e-06,3.0828353501571175e-08,0.077880859375,65127,1,1289951289.318849,0.159068297387716,2.9169528543118745e-11,2.8217889913854265e-15,0.0,0.24586833855799375,0.18229467084639497,0.0,0.07320376175548589,0.0,0.0664576802507837,0.0,0.08070219435736677,0.0,0.1001128526645768,0.25136050156739814
285,9.922572358647449e-06,2.9070865164064948e-08,0.07800976562499995,65113,1,1206634557.7566705,0.14031164212338126,2.916952562545228e-11,2.8247066578513597e-15,0.0,0.2459627951228061,0.18234395733707215,0.0,0.0731579079141734,0.0,0.06652312160436642,0.0,0.08061891289652236,0.0,0.10017275481334967,0.25122055031170976
286,9.953650533691365e-06,3.107817504391601e-08,0.07813671874999994,65123,1,1206043565.2472064,0.14992653212536491,2.916952155992133e-11,2.828772188801442e-15,0.0,0.24581312803079536,0.18242263660450933,0.0,0.07316402539619056,0.0,0.06654001899715042,0.0,0.08053791931210318,0.0,0.10018497225416187,0.25133729940508925
287,9.984743937844068e-06,3.109340415270447e-08,0.07823632812500003,65125,1,1294825004.9959583,0.1610420687494677,2.916951789072063e-11,2.8324413895011177e-15,0.0,0.24582469980278102,0.18246498739296502,0.0,0.07314576728162367,0.0,0.0666300521756497,0.0,0.08048530843547944,0.0,0.10018224030756172,0.2512669446039394
288,1.0013705380398321e-05,2.896144255425238e-08,0.07835937500000001,65121,1,1202946501.2128124,0.13935626396285505,2.916951501884888e-11,2.8353132612506783e-15,0.0,0.24583748753738785,0.1825274177467597,0.0,0.07310568295114656,0.0,0.0667248255234297,0.0,0.08045862412761715,0.0,0.10019940179461616,0.25114656031904287
289,1.004487883654304e-05,3.1173456144718355e-08,0.07849804687499995,65130,1,1297553978.712185,0.16179696820315645,2.9169511499798485e-11,2.83883231164553e-15,0.0,0.24575153641362493,0.18250354556990372,0.0,0.0730760618048817,0.0,0.06675623895897091,0.0,0.08051553830459557,0.0,0.10034584857306364,0.2510512303749596
290,1.0073779368324553e-05,2.8900531781512885e-08,0.07862890624999996,65148,1,1205469384.8326633,0.1393548250719887,2.9169507792371406e-11,2.8425397387244154e-15,0.0,0.2456902975806051,0.1827462864523821,0.0,0.073028963187441,0.0,0.06674449798797755,0.0,0.08058025734015599,0.0,0.10035272492423865,0.2508569725271996
291,1.0104887582661498e-05,3.1108214336945225e-08,0.07878125000000002,65148,1,1200853074.1859708,0.1494255792758271,2.916950470173774e-11,2.8456303723895287e-15,0.0,0.24585977786592622,0.18271519238397463,0.0,0.07296211820706068,0.0,0.0667393891312971,0.0,0.08049880999603332,0.0,0.10043137643792147,0.2507933359777866
292,1.0136115382969557e-05,3.1227800308060446e-08,0.07889257812499995,65150,1,1299970274.000379,0.16238084849159384,2.91695012866604e-11,2.8490454497326393e-15,0.0,0.24588418785433117,0.18277919441487386,0.0,0.07300769935384843,0.0,0.06674423786299606,0.0,0.08053375584878568,0.0,0.10046295150149778,0.250587973163667
293,1.0164962196431377e-05,2.884681346182002e-08,0.07899609375000005,65153,1,1214530813.1774416,0.14014137524544898,2.916949844636768e-11,2.8518857424452198e-15,0.0,0.24593284873658705,0.18288582307273896,0.0,0.07301092815111507,0.0,0.06673094990852,0.0,0.08050239825940761,0.0,0.10040547891015181,0.2505315729614795
294,1.019583831714658e-05,3.087612071520271e-08,0.07910546875000002,65176,1,1296802593.3766656,0.16016093366754347,2.9169494990717276e-11,2.855341392852626e-15,0.0,0.24608661300676507,0.18297861833983503,0.0,0.07290997975408621,0.0,0.06676213520319985,0.0,0.08053923263048739,0.0,0.10036541405362698,0.2503580070119994
295,1.0224755594295413e-05,2.8917277148834213e-08,0.07922265625000002,65169,1,1180112155.7758229,0.13650252110111075,2.916949316366072e-11,2.857168449414392e-15,0.0,0.24606774813865195,0.1830777575070263,0.0,0.07285143730585278,0.0,0.06683595483457423,0.0,0.08049405847837879,0.0,0.10038952714363196,0.2502835165918841
296,1.0256532235029486e-05,3.1776640734072394e-08,0.07935156249999997,65180,1,1176312670.7110367,0.14951706051248725,2.9169490651252483e-11,2.859680857648195e-15,0.0,0.2460372157133012,0.1831003248990844,0.0,0.07278231761346855,0.0,0.0668012208329231,0.0,0.08048636408388303,0.0,0.1004725804863641,0.2503199763709757
297,1.02884115141818e-05,3.187927915231302e-08,0.07948242187499999,65182,1,1296149441.8907495,0.16528123952459972,2.916948819119687e-11,2.8621409132737375e-15,0.0,0.24619732153827253,0.1831428922472048,0.0,0.07266248924929354,0.0,0.06686325101363805,0.0,0.08042757095466274,0.0,0.10047917434574272,0.25022730065118565
298,1.0317343363232552e-05,2.8931849050752294e-08,0.07960351562500001,65194,1,1196197932.6475072,0.13843287208871854,2.916948575117485e-11,2.864580935285684e-15,0.0,0.2463135166965184,0.1832813995141939,0.0,0.07262556125328165,0.0,0.06683514488308757,0.0,0.08042790195549232,0.0,0.10039993130014477,0.2501165443972814
299,1.034869269010942e-05,3.1349326876867634e-08,0.07972265624999997,65206,1,1295332611.888852,0.16243122185748135,2.916948351750385e-11,2.8668146062822395e-15,0.0,0.24633740016659317,0.18342397961683568,0.0,0.07256602479298348,0.0,0.06685775883188788,0.0,0.08043020236170316,0.0,0.10044588171884952,0.24993875251114703
300,1.0377642783433574e-05,2.895009332415213e-08,0.07974804687500003,65391,1,1172423350.8029625,0.13576706168464367,2.916953749629506e-11,2.812835815069845e-15,0.0,0.244103744703779,0.18336558007396342,0.0,0.07237148245205849,0.0,0.06568538610369573,0.0,0.08067399769782764,0.0,0.10247116161739855,0.25132864735127725
301,1.0409627816804256e-05,3.198503337068236e-08,0.07987500000000003,65406,1,1246499784.766527,0.159477348849223,2.916953187607191e-11,2.8184560382189907e-15,0.0,0.244131455399061,0.1834164710485133,0.0,0.07228090766823161,0.0,0.06562989045383412,0.0,0.08064358372456963,0.0,0.10255281690140844,0.25134487480438183
302,1.0439712057859319e-05,3.008424105506272e-08,0.07997265625000005,65404,1,1247661265.5297718,0.1501397690690491,2.9169527526340206e-11,2.8228057699241666e-15,0.0,0.2442729448541982,0.18346114394568458,0.0,0.0722170663801104,0.0,0.06562301567918723,0.0,0.08071606506130025,0.0,0.10252527719435353,0.25118448688516587
303,1.0469768292701295e-05,3.005623484197616e-08,0.08010742187499997,65386,1,1253235413.7631357,0.15067015163338388,2.9169524158075454e-11,2.8261740346766696e-15,0.0,0.24437400950871635,0.18366451298305497,0.0,0.07216871876142876,0.0,0.0655126173351213,0.0,0.0806778008045837,0.0,0.10252346702425943,0.25107887358283554
304,1.0499690843235832e-05,2.992255053453794e-08,0.080275390625,65386,1,1270216849.086862,0.15203251142649274,2.91695200835157e-11,2.8302485944342905e-15,0.0,0.24430062528892244,0.18396146079170825,0.0,0.07206637308094693,0.0,0.06544852923286539,0.0,0.08065497189849395,0.0,0.10257657964526412,0.25099146006179895
305,1.0529213361400315e-05,2.952251816448359e-08,0.08042187499999998,65383,1,1269492780.3826756,0.14991449467411327,2.9169515751889566e-11,2.8345802205617596e-15,0.0,0.2443170779094618,0.1840635321546532,0.0,0.07200796580532348,0.0,0.06545074800854868,0.0,0.08067806489217019,0.0,0.10248688556440644,0.2509957256654362
306,1.0558752718046909e-05,2.953935664659393e-08,0.08053515624999996,65375,1,1291796297.071512,0.1526353261357792,2.9169511883777166e-11,2.838448332959815e-15,0.0,0.24438570112043462,0.18414415288354272,0.0,0.07200368627831402,0.0,0.06547994373575206,0.0,0.08071009361206773,0.0,0.1024397341999321,0.25083668816995686
307,1.058778206275475e-05,2.902934470783984e-08,0.08066015625,65356,1,1293900157.4240026,0.15024429474955844,2.9169508748563986e-11,2.8415835461469873e-15,0.0,0.24449125865659355,0.1841493534795874,0.0,0.07201317255072885,0.0,0.06545111143396774,0.0,0.08065765896653591,0.0,0.10245048186352851,0.25078696304905806
308,1.0616764206226049e-05,2.898214347129992e-08,0.08077929687499996,65355,1,1294263264.4834824,0.15004209448357314,2.9169504920608355e-11,2.845411501777087e-15,0.0,0.24451751734809837,0.18426460987934914,0.0,0.07200367513721319,0.0,0.0654029352740637,0.0,0.08070794748422351,0.0,0.10239609274885758,0.25070722212819463
309,1.0645738218723395e-05,2.8974012497345807e-08,0.08089843750000003,65364,1,1295999213.5310872,0.15020118963760026,2.91695007268276e-11,2.8496052825319897e-15,0.0,0.24459198454852726,0.18433124094640269,0.0,0.07194591984548526,0.0,0.06540318686624819,0.0,0.08070980202800579,0.0,0.10243843553838726,0.2505794302269435
310,1.0674673421467713e-05,2.8935202744319015e-08,0.08101953125000005,65366,1,1293019331.355988,0.1496551060204373,2.916949697819376e-11,2.853353916370573e-15,0.0,0.24473265512752523,0.18441733764042237,0.0,0.0718866014174823,0.0,0.06537775420664385,0.0,0.08063738488983174,0.0,0.10245407646690131,0.2504941902511933
311,1.070367530805256e-05,2.900188658484617e-08,0.08116015624999995,65348,1,1292006302.188377,0.14988248097189522,2.9169494116345764e-11,2.85621576436272e-15,0.0,0.2449102372816095,0.18436251624392355,0.0,0.07178610964046783,0.0,0.06543293064446262,0.0,0.08061799104779323,0.0,0.10244501131058381,0.2504452038311594
312,1.0732699934276506e-05,2.9024626223945794e-08,0.08128320312500004,65342,1,1298784361.0791068,0.15078692250330933,2.916949061807614e-11,2.859714033990188e-15,0.0,0.24509214984261243,0.18434774250907082,0.0,0.07177355407645916,0.0,0.06550207847754524,0.0,0.08066415166878921,0.0,0.1023379868803614,0.25028233654516185
313,1.0761573087606473e-05,2.8873153329966782e-08,0.08140429687499995,65350,1,1299693216.7955265,0.15010496612182,2.916948668618992e-11,2.8636459202109653e-15,0.0,0.245183425705991,0.18450538640562392,0.0,0.07166678663115718,0.0,0.06547661892079944,0.0,0.08064013052136568,0.0,0.1023297104057199,0.2501979414093428
314,1.0790426050379072e-05,2.8852962772598406e-08,0.08151367187500003,65342,1,1298194050.2186263,0.1498269784102671,2.916948359831166e-11,2.8667337984698702e-15,0.0,0.24530969210494788,0.18447346351982746,0.0,0.0716185455852402,0.0,0.0655564873607284,0.0,0.0806038097520067,0.0,0.10231220797891458,0.2501257936983347
315,1.0819312332821735e-05,2.8886282442663093e-08,0.08162695312500001,65343,1,1292389440.3314583,0.14932930559731916,2.916948052757263e-11,2.8698045374970384e-15,0.0,0.24539994735960569,0.18445672720312015,0.0,0.07161486373316106,0.0,0.06551336348192281,0.0,0.08056373076831048,0.0,0.10240949441293996,0.2500418730409399
316,1.0848328354486521e-05,2.9016021664787353e-08,0.08174804687500004,65339,1,1284379936.8775918,0.1490703842970337,2.916947757217396e-11,2.8727599361723587e-15,0.0,0.24546649145860713,0.18456576275235934,0.0,0.07158045633735517,0.0,0.06546410225779477,0.0,0.0805399593835862,0.0,0.10249671484888305,0.24988651296141445
317,1.0877525322551255e-05,2.9196968064733904e-08,0.081890625,65342,1,1287460757.85594,0.15035980252687198,2.916947431521619e-11,2.8760168939392987e-15,0.0,0.24553997328754057,0.184721427208548,0.0,0.07159893150162183,0.0,0.0653978248425873,0.0,0.08051898492654075,0.0,0.10250906315588629,0.24971379507727534
318,1.0906652423918173e-05,2.9127101366918744e-08,0.08202148437500001,65343,1,1280778899.5824249,0.14922150734699174,2.91694716188759e-11,2.8787132342353942e-15,0.0,0.24574354089772593,0.1847600904869627,0.0,0.07153232527681866,0.0,0.06541254911298963,0.0,0.08048577211572806,0.0,0.10239314204071914,0.24967258006905585
319,1.0935931482163296e-05,2.9279058245124276e-08,0.08214062499999997,65341,1,1278967609.569446,0.14978786853684473,2.9169468660495607e-11,2.8816716145309708e-15,0.0,0.24586265931139434,0.18472988396423817,0.0,0.07154746052881872,0.0,0.06538900513600913,0.0,0.08048792086741488,0.0,0.10252996005326233,0.24945311013886248
320,1.0965252005778921e-05,2.9320523615624683e-08,0.08225000000000005,65346,1,1283192994.5605092,0.15049556200166225,2.9169465653512094e-11,2.8846785980391675e-15,0.0,0.24589190729483285,0.18481667933130702,0.0,0.07157104863221886,0.0,0.06534954407294834,0.0,0.08040463525835867,0.0,0.10260733282674774,0.24935885258358667
321,1.0994475980784211e-05,2.9223975005290346e-08,0.082369140625,65345,1,1275484843.994501,0.14909894880208782,2.916946317932241e-11,2.887152787720835e-15,0.0,0.24603419249282718,0.18497616958717666,0.0,0.071562374030778,0.0,0.06544471581343514,0.0,0.08031204799279161,0.0,0.10250634292082614,0.2491641571621654
322,1.1023876565335697e-05,2.9400584551486575e-08,0.08249023437500003,65356,1,1304201584.2113721,0.15337715579515676,2.916946037292477e-11,2.8899591853569657e-15,0.0,0.24605185272877944,0.18522552385462296,0.0,0.07155203030661773,0.0,0.06539599857937729,0.0,0.08026518290517343,0.0,0.10247425121344855,0.2490351604119806
323,1.1052629789111817e-05,2.8753223776120157e-08,0.08262499999999995,65363,1,1273994511.4375222,0.1465257971076478,2.916945857061045e-11,2.891761499682275e-15,0.0,0.24602874432677763,0.18549073373676248,0.0,0.07143532526475038,0.0,0.06550208018154312,0.0,0.08022881996974282,0.0,0.10247257942511347,0.24884171709531017
324,1.1082064766785063e-05,2.9434977673244892e-08,0.08275781250000003,65370,1,1306009483.9029098,0.15376943999891293,2.916945605054585e-11,2.8942815642782628e-15,0.0,0.24627112243934673,0.1855706598697253,0.0,0.0713678844519966,0.0,0.06549136222033418,0.0,0.08021806853582554,0.0,0.10242613046351365,0.248654772019258
325,1.1110778187676874e-05,2.8713420891810145e-08,0.082787109375,65685,1,1273635451.1026511,0.14628172308096363,2.916950800779529e-11,2.842324314838536e-15,0.0,0.24434378465095427,0.18562295043291574,0.0,0.07105952296694741,0.0,0.06440653974095831,0.0,0.08056715502394601,0.0,0.10427725481869439,0.24972279236558376
326,1.1140221463590349e-05,2.944327591347613e-08,0.0829375,65666,1,1269556499.3631449,0.14951960919398383,2.9169504098650134e-11,2.8462334600035856e-15,0.0,0.24441880180859082,0.18568669932177845,0.0,0.07100131876412961,0.0,0.06440749811605125,0.0,0.08053880934438583,0.0,0.10432366239638283,0.24962321024868123
327,1.1169759337658035e-05,2.9537874067685323e-08,0.08308984374999995,65640,1,1262583928.563377,0.14917618032715374,2.916950038186269e-11,2.849950247438384e-15,0.0,0.24453481265572843,0.1857928635231066,0.0,0.07094165765596352,0.0,0.06443044520708947,0.0,0.08050867378120445,0.0,0.10429693009261436,0.24949461708429319
328,1.1199460333490184e-05,2.9700995832149653e-08,0.08322070312499996,65635,1,1260226323.4647918,0.14971990712317226,2.9169495815402976e-11,2.8545167071569614e-15,0.0,0.24469008894834426,0.18578234645262737,0.0,0.07090051397592058,0.0,0.06449341688375695,0.0,0.0804524865638715,0.0,0.10436762186392547,0.24931352531155393
329,1.1229216893325325e-05,2.975655983514113e-08,0.08334179687499998,65623,1,1260694920.3015828,0.15005577531925013,2.9169491522351236e-11,2.8588097588979736e-15,0.0,0.24470952168920343,0.18581706545428978,0.0,0.0707974971291978,0.0,0.0644700147641255,0.0,0.08047620163577135,0.0,0.10456750486278736,0.24916219446462468
330,1.1258962392728963e-05,2.9745499403637847e-08,0.08347460937499995,65603,1,1260479836.8298552,0.14997440893887995,2.9169487721936616e-11,2.8626101735194767e-15,0.0,0.2449285196190833,0.18582559255012984,0.0,0.07077844591590819,0.0,0.06446103090853787,0.0,0.08048854676056998,0.0,0.10447132595521656,0.24904653829055431
331,1.1288712967791167e-05,2.9750575062203e-08,0.08361914062499998,65591,1,1259062044.1079328,0.14983127940481522,2.916948381343816e-11,2.8665186719731266e-15,0.0,0.24480881975101018,0.18592483591432504,0.0,0.07074953869151893,0.0,0.06444304300095764,0.0,0.08039614135893303,0.0,0.10475790063765678,0.24891972064559828
332,1.1318497044100583e-05,2.9784076309416022e-08,0.08374414062500002,65576,1,1259929811.6765673,0.15010338262193215,2.9169479807528964e-11,2.870524581164634e-15,0.0,0.24490985843225974,0.18604379970613616,0.0,0.07073722508571029,0.0,0.06437017515217949,0.0,0.08032278377685007,0.0,0.10467150220397883,0.24894465564288545
333,1.1348260606842303e-05,2.9763562741720812e-08,0.08387695312499999,65560,1,1259593000.8961287,0.1499599012448173,2.916947604256989e-11,2.8742895402474314e-15,0.0,0.24494120386540927,0.1861916404703691,0.0,0.07064850390033764,0.0,0.06438467807660962,0.0,0.08035859820700897,0.0,0.10464547677261614,0.24882989870764932
334,1.1378032128257015e-05,2.9771521414711645e-08,0.08400585937500005,65543,1,1262372887.4931955,0.1503310458134202,2.9169472374998634e-11,2.8779571114923367e-15,0.0,0.24514659040710518,0.18634767850084863,0.0,0.0705633442607705,0.0,0.0644021296877543,0.0,0.0803050382460301,0.0,0.10464764827602241,0.24858757062146894
335,1.1407738089444495e-05,2.9705961187480058e-08,0.084134765625,65537,1,1259591444.6514995,0.14966949826759754,2.9169468570018985e-11,2.881762091143907e-15,0.0,0.2452584906098382,0.1864335956542935,0.0,0.07050165981846461,0.0,0.06432667084523062,0.0,0.08025164240778142,0.0,0.10467302736959398,0.24855491329479767
336,1.143750964764238e-05,2.977155819788487e-08,0.08425585937500002,65508,1,1269290529.5740738,0.1511550274849546,2.916946562056468e-11,2.8847115454515124e-15,0.0,0.24530007649690538,0.1864438211363268,0.0,0.07058578084795661,0.0,0.0643501240177102,0.0,0.08022902709844922,0.0,0.10461531328959876,0.2484758571130532
337,1.1467053711137902e-05,2.9544063495521064e-08,0.08438281250000002,65490,1,1260461399.5827446,0.14895660649170384,2.9169462473719e-11,2.8878583911263335e-15,0.0,0.2453707990000926,0.1864642162762707,0.0,0.07054902323858901,0.0,0.06425330987871494,0.0,0.08029349134339414,0.0,0.10468938061290621,0.2483797796500324
338,1.1496804721373054e-05,2.9751010235151797e-08,0.08453906249999998,65484,1,1271340011.8737252,0.15129459882245286,2.916945886357051e-11,2.891468539622616e-15,0.0,0.24558728398484428,0.18658164679789302,0.0,0.07053414656686074,0.0,0.0642269660844654,0.0,0.08032991405600222,0.0,0.10463450697717401,0.24810553553276038
339,1.1526301157928002e-05,2.949643655494786e-08,0.08468359375000001,65475,1,1270634846.4750125,0.14991680053422451,2.916945541054636e-11,2.8949215637698383e-15,0.0,0.2457447299229669,0.18667835232252408,0.0,0.07048295585589741,0.0,0.06423266755846671,0.0,0.08021587711610313,0.0,0.10464043544443931,0.24800498177960237
340,1.155581396414769e-05,2.9512806219687953e-08,0.08481835937500004,65463,1,1266217419.1860628,0.14947851729772665,2.916945224250326e-11,2.898089606870014e-15,0.0,0.2459299514127156,0.1866350427153614,0.0,0.07046307596656458,0.0,0.06419969143620328,0.0,0.08015750569921938,0.0,0.10463536509544753,0.2479793676744882
341,1.1585429731101918e-05,2.9615766954229212e-08,0.08495312499999996,65463,1,1268066182.1304624,0.1502190101300598,2.916944840068947e-11,2.9019314206624774e-15,0.0,0.24602262276990988,0.1868217767151002,0.0,0.07042026853043958,0.0,0.06421280117711974,0.0,0.08009931947765311,0.0,0.1045383483538716,0.2478848629759058
342,1.1615002320079094e-05,2.9572588977175236e-08,0.08509179687500001,65466,1,1268853634.9222913,0.15009314807100677,2.9169444721750075e-11,2.9056103600588295e-15,0.0,0.2460577960382859,0.1868386622902656,0.0,0.07039731907177452,0.0,0.06422292101820186,0.0,0.08022126839121355,0.0,0.104551610163656,0.24771042302660273
343,1.1644556556255669e-05,2.955423617657573e-08,0.08521093749999997,65476,1,1266263769.8208036,0.14969383406050066,2.9169440662545706e-11,2.9096695644256137e-15,0.0,0.2461263408820024,0.18687540111854775,0.0,0.07034473274044192,0.0,0.06420188869533328,0.0,0.08026955166406895,0.0,0.10461171724580544,0.2475703676538003
344,1.1674171239146981e-05,2.961468289131169e-08,0.085369140625,65468,1,1264246173.3355072,0.14976099807954127,2.916943795010271e-11,2.912382007433537e-15,0.0,0.2463565856002196,0.18691802603582786,0.0,0.07030588665949805,0.0,0.06412866915280606,0.0,0.08032670617035394,0.0,0.1045551259466014,0.2474090004346931
345,1.1703833183783176e-05,2.9661944636195627e-08,0.08552148437499996,65463,1,1265813831.6841037,0.15018599918057815,2.916943484779674e-11,2.9154843133849e-15,0.0,0.24644300819878048,0.18692762692123233,0.0,0.07024916070979971,0.0,0.06412862265055838,0.0,0.08027496745609428,0.0,0.10468860620732182,0.24728800785621305
346,1.1733458393321381e-05,2.962520953820521e-08,0.08563671875000001,65458,1,1263448398.3845918,0.14971969417141326,2.9169431459794214e-11,2.9188723159174776e-15,0.0,0.2466359531086074,0.18690416457601602,0.0,0.07026866760936003,0.0,0.06411075126579391,0.0,0.08023536924690963,0.0,0.10466177074305523,0.2471833234502577
347,1.1763139067299001e-05,2.9680673977620614e-08,0.0857734375,65461,1,1259221667.7477784,0.1494981911439101,2.916942857165637e-11,2.9217604537577968e-15,0.0,0.24685763730758725,0.18690226796611714,0.0,0.07022497495218144,0.0,0.06405410328809547,0.0,0.08019856088896986,0.0,0.10463156935968668,0.24713088623736226
348,1.1792919368067707e-05,2.9780300768705666e-08,0.08587500000000003,65457,1,1260962436.053341,0.15020736241483312,2.916942600628273e-11,2.9243258274038516e-15,0.0,0.246747634643377,0.18704512372634644,0.0,0.07018740902474527,0.0,0.06404657933042213,0.0,0.08024017467248909,0.0,0.10462154294032024,0.24711153566229985
349,1.1822658556902998e-05,2.9739188835291905e-08,0.0860078125,65453,1,1261512006.2794366,0.15006537509092846,2.9169424134825436e-11,2.926197284699558e-15,0.0,0.24668453083840494,0.18718775547279498,0.0,0.07019256971568716,0.0,0.06403851394313743,0.0,0.08022981197202289,0.0,0.10470978290489599,0.24695703515305661
350,1.1852384790036996e-05,2.972623313399793e-08,0.08607421874999999,65954,1,1259411979.5028417,0.1497502964578052,2.916948121823963e-11,2.869113870498875e-15,0.0,0.24535965509416835,0.18738370773769006,0.0,0.06997957794417971,0.0,0.06301338779214885,0.0,0.08053097345132743,0.0,0.10619469026548672,0.24753800771499884
351,1.1882160590656904e-05,2.977580061990778e-08,0.08622460937499998,65906,1,1293662713.0312717,0.1540793720505125,2.916947807217216e-11,2.872259937967216e-15,0.0,0.24527147937572202,0.18766847124379915,0.0,0.0699254762498018,0.0,0.06308469431671462,0.0,0.08054907468231137,0.0,0.10616802953768092,0.24733277459397018
352,1.1911148053634895e-05,2.898746297798993e-08,0.08633789062499997,65877,1,1296669222.7226691,0.15034860435348943,2.9169473900383176e-11,2.8764317269568584e-15,0.0,0.2454473475851148,0.18767107793236057,0.0,0.06987897296685894,0.0,0.06304716661011198,0.0,0.08051125438298834,0.0,0.10620970478452663,0.24723447573803867
353,1.19400683051091e-05,2.892025147420382e-08,0.08647656250000002,65823,1,1300438437.5074072,0.15043602655773963,2.916947147108785e-11,2.8788610222859085e-15,0.0,0.24557322251332545,0.1876863311952299,0.0,0.06976691661396692,0.0,0.06303640798626794,0.0,0.08049507633932602,0.0,0.10635558767729694,0.24708645767458665
354,1.1968904733592309e-05,2.8836428483210226e-08,0.08659375000000002,65839,1,1299720887.8036907,0.14991723371714255,2.916946560926461e-11,2.884722845519925e-15,0.0,0.2456468783832551,0.1877255503428365,0.0,0.06969505593648502,0.0,0.0629736557199567,0.0,0.08049891735835438,0.0,0.106392096715987,0.24706784554312522
355,1.199775708208643e-05,2.885234849412067e-08,0.08672460937500004,65799,1,1300497538.203199,0.15008963275193885,2.9169462416276686e-11,2.8879158334461008e-15,0.0,0.24574916109271897,0.18787018895119698,0.0,0.0696124135756593,0.0,0.06292367632817603,0.0,0.08049005697813211,0.0,0.10636668693556742,0.2469878161385492
356,1.2026592200107347e-05,2.8835118020916034e-08,0.08686328124999998,65778,1,1292871458.8416667,0.1491204044062934,2.9169458532641725e-11,2.891799468404077e-15,0.0,0.24585150874668343,0.1877726312002518,0.0,0.06956873679003463,0.0,0.06286819265188649,0.0,0.08049646984755138,0.0,0.10655663983451004,0.24688582092908215
357,1.2055597403790625e-05,2.900520368327853e-08,0.08699023437499998,65745,1,1294347535.5665042,0.15017125562422423,2.91694550619693e-11,2.8952701408332112e-15,0.0,0.24596421114079792,0.18781292799568913,0.0,0.06960192191113405,0.0,0.06284379981589168,0.0,0.08044635038954621,0.0,0.10653584498978422,0.2467949437571566
358,1.2084569529876984e-05,2.8972126086358377e-08,0.087078125,65717,1,1311238744.1051946,0.15195749689413565,2.916945119679882e-11,2.8991353113114032e-15,0.0,0.24596267719361203,0.1880046653507985,0.0,0.0695541001256056,0.0,0.0628476583527723,0.0,0.08043244213170643,0.0,0.10656289251749505,0.24663556432801
359,1.2113168440768372e-05,2.8598910891388017e-08,0.08723046874999996,65670,1,1309907956.5522013,0.14984776370142633,2.916944900166314e-11,2.901330446994859e-15,0.0,0.24602570417804842,0.18807935157404504,0.0,0.06952218888540594,0.0,0.06284984998432672,0.0,0.0804934843938919,0.0,0.10653351842729837,0.24649590255698356
360,1.2141796406429946e-05,2.862796566157477e-08,0.08736718750000005,65635,1,1311269317.5730717,0.15015589198623394,2.916944573185781e-11,2.9046002523208535e-15,0.0,0.24608781185728337,0.18827684878833942,0.0,0.06952517213627828,0.0,0.06284091925243673,0.0,0.08052400965751587,0.0,0.10643387284270767,0.2463113654654386
361,1.2170394650511037e-05,2.8598244081090743e-08,0.08750390625000004,65616,1,1309874835.9839697,0.14984048110059311,2.916944204891797e-11,2.9082831921650692e-15,0.0,0.24619436632293198,0.18822820409803134,0.0,0.06955046649703138,0.0,0.06276505513146734,0.0,0.0804651578054551,0.0,0.10651310209365653,0.24628364805142627
362,1.2199023340039094e-05,2.862868952805726e-08,0.08764453125000005,65586,1,1308209798.0803306,0.14980932858721707,2.9169439087625046e-11,2.9112444850839458e-15,0.0,0.24624504167223787,0.1882604626286937,0.0,0.06957258100459064,0.0,0.06279805678120962,0.0,0.08044747515264966,0.0,0.10647591032669253,0.24620047243392612
363,1.2227688467035565e-05,2.866512699647072e-08,0.08778320312499999,65594,1,1310548572.7076702,0.15026816508683524,2.9169434449329586e-11,2.9158827805423678e-15,0.0,0.24639003226165312,0.18825230837690513,0.0,0.06952942485259762,0.0,0.06283235065079543,0.0,0.08043163866948494,0.0,0.1064857047502503,0.2460785404383135
364,1.2256302438910352e-05,2.8613971874787363e-08,0.0879140625,65566,1,1309451779.6067736,0.14987446557223394,2.91694312842049e-11,2.919047905232546e-15,0.0,0.2465120412334489,0.18841642228739006,0.0,0.06951479605438551,0.0,0.06280547409579668,0.0,0.080356349417933,0.0,0.10637163423087179,0.2460232826801742
365,1.2284940377766919e-05,2.8637938856565752e-08,0.08802734374999999,65545,1,1310022654.276205,0.15006539469551178,2.916942802797026e-11,2.9223041398717133e-15,0.0,0.24657199911249167,0.1884845795429332,0.0,0.0695140891945862,0.0,0.06287996449966718,0.0,0.08038606611936987,0.0,0.1063456844907921,0.24581761704015972
366,1.2313565836935577e-05,2.8625459168657624e-08,0.08813281250000005,65535,1,1306704625.7435026,0.14962007963886673,2.9169424449967317e-11,2.9258821428117848e-15,0.0,0.2467644712348196,0.1884584699937949,0.0,0.06949738498360075,0.0,0.06295984398546228,0.0,0.08035635138728836,0.0,0.10630706497650919,0.24565641343852496
367,1.2342263982837266e-05,2.8698145901689796e-08,0.08825585937500002,65510,1,1301184747.1816363,0.14936635887868782,2.916942149619168e-11,2.92883591844855e-15,0.0,0.24688516608759156,0.18843915285369683,0.0,0.06948901232655409,0.0,0.06296058600925043,0.0,0.08031070883218625,0.0,0.10626950229048177,0.24564587160023899
368,1.2371083871850893e-05,2.8819889013627715e-08,0.08836914062500001,65489,1,1302003182.0161052,0.1500943488043771,2.916941800607001e-11,2.932326040119406e-15,0.0,0.24701071941651012,0.18839650790142556,0.0,0.06951044314288872,0.0,0.06292408000884075,0.0,0.08034036910155817,0.0,0.10626588573323019,0.24555199469554645
369,1.2399885644778924e-05,2.8801772928029707e-08,0.08848046875000004,65462,1,1301931127.5360699,0.14999169881291027,2.916941549157705e-11,2.934840533078076e-15,0.0,0.24709725839918767,0.18846850028696308,0.0,0.06946713169396494,0.0,0.0629332038320604,0.0,0.0803275793563198,0.0,0.10626462407840714,0.245441702353097
370,1.2428689011721205e-05,2.8803366942281717e-08,0.08864062500000003,65437,1,1301374972.6500387,0.1499359234669636,2.916941338341603e-11,2.9369486941053568e-15,0.0,0.24713555438039841,0.18856865855808216,0.0,0.06940772078265468,0.0,0.06299576943416182,0.0,0.08024854574299313,0.0,0.10633703507844175,0.24530671602326812
371,1.2457504688054397e-05,2.8815676333191915e-08,0.08878320312499999,65407,1,1299581459.6114242,0.1497932748351197,2.916941126020929e-11,2.939071900836177e-15,0.0,0.24728864641309367,0.18852981938975294,0.0,0.06938425325032448,0.0,0.06302659656378556,0.0,0.08020766878588556,0.0,0.10638625514222233,0.24517676045493542
372,1.2486360132030346e-05,2.8855443975949395e-08,0.08892578124999995,65416,1,1301331244.0992067,0.15020196323302876,2.916940761963757e-11,2.942712472559489e-15,0.0,0.24744124752910168,0.1886887766307929,0.0,0.06938282451131121,0.0,0.06305732484076433,0.0,0.08021084998901823,0.0,0.10632549967054689,0.24489347682846474
373,1.2515176776654873e-05,2.8816644624526658e-08,0.08902929687500005,65373,1,1295804429.2387192,0.1493629429610391,2.916940655348776e-11,2.9437786223668495e-15,0.0,0.2475484281420705,0.1887326415549657,0.0,0.06932409012131717,0.0,0.06315951122128864,0.0,0.08018340170677665,0.0,0.10628962551828534,0.2447623017352961
374,1.2544116328915881e-05,2.8939552261008335e-08,0.08915039062499996,65352,1,1295222234.41625,0.14993260617003623,2.916940540823265e-11,2.9449238774793573e-15,0.0,0.24756271223573229,0.18882681564245812,0.0,0.06931755942600505,0.0,0.06311753751780041,0.0,0.08011830430496221,0.0,0.10629860882900646,0.24475846204403554
375,1.257306888933645e-05,2.8952560420568332e-08,0.08922656250000005,65957,1,1292311614.3476458,0.14966292038640966,2.916946599341288e-11,2.88433869725426e-15,0.0,0.24625689519306543,0.18940985903160845,0.0,0.06910515716662288,0.0,0.062209964101217055,0.0,0.08064092461255583,0.0,0.10758690132212591,0.2447902985728045
376,1.2602086658412936e-05,2.9017769076485366e-08,0.08935546875,65915,1,1297895415.9553044,0.1506481178624798,2.9169462063832566e-11,2.8882682775687293e-15,0.0,0.24655737704918032,0.1893551912568306,0.0,0.06909289617486339,0.0,0.06216393442622951,0.0,0.08061202185792349,0.0,0.10760655737704919,0.2446120218579235
377,1.2630979587333868e-05,2.8892928920931933e-08,0.08950390625000004,65883,1,1297879164.8812027,0.14999812183548436,2.916945786975721e-11,2.8924623529212877e-15,0.0,0.24645397809104,0.18941212412167763,0.0,0.06910923929646924,0.0,0.06216994719155064,0.0,0.0805656177715707,0.0,0.10773360101252563,0.24455549251516606
378,1.2659872878030488e-05,2.8893290696620776e-08,0.08965039062500002,65840,1,1300285220.2637088,0.15027807543039567,2.916945365197868e-11,2.8966801314497074e-15,0.0,0.24653057667588943,0.18960371233742188,0.0,0.06910524825167208,0.0,0.06213372257685019,0.0,0.08056469357966059,0.0,0.10768828565826453,0.24437376092024143
379,1.2688712704412882e-05,2.88398263823953e-08,0.08978515625000005,65773,1,1297746266.1335707,0.14970710801477577,2.916945094590685e-11,2.8993862032851653e-15,0.0,0.24661735914726995,0.18962366760931043,0.0,0.06911028931912117,0.0,0.06208396780509028,0.0,0.08048727430933217,0.0,0.10772242767021971,0.24435501413965632
380,1.2717608953994649e-05,2.8896249581765547e-08,0.08994531250000004,65750,1,1291532740.0591683,0.14928180959908505,2.9169446693039865e-11,2.9036390702621063e-15,0.0,0.24652566663771389,0.18965517241379312,0.0,0.06907409015895076,0.0,0.062081994267349956,0.0,0.0806045340050378,0.0,0.10783462173195518,0.24422392078519936
381,1.274664422258434e-05,2.9035268589692914e-08,0.09008593750000005,65724,1,1292471027.1217885,0.15010897366750964,2.9169442292436214e-11,2.9080396739193583e-15,0.0,0.24646604804440206,0.18979273263376983,0.0,0.06903130691180298,0.0,0.06209348712167202,0.0,0.080608793686584,0.0,0.10779637498915967,0.2442112566126095
382,1.2775658412622712e-05,2.90141900383709e-08,0.09023828125,65704,1,1289402105.124126,0.14964383085578756,2.9169437881918933e-11,2.9124501911957015e-15,0.0,0.24654776849487037,0.18981862257045148,0.0,0.06904463010259296,0.0,0.06205359075364703,0.0,0.08055928314791568,0.0,0.10776589758019132,0.24421020735033114
383,1.280474165969589e-05,2.9083247073177386e-08,0.09035351562500005,65677,1,1290362750.607653,0.15011175475978858,2.916943336000751e-11,2.91697210262582e-15,0.0,0.2465791919759625,0.18974946499210998,0.0,0.06906465489289035,0.0,0.06199606580056635,0.0,0.08052138950736042,0.0,0.10793108666046995,0.24415814617064052
384,1.2833803254958417e-05,2.9061595262526476e-08,0.090529296875,65640,1,1288627880.724281,0.1497983276544652,2.9169430395458263e-11,2.9199366518653418e-15,0.0,0.24676921749261074,0.18974779400660183,0.0,0.06903842419796768,0.0,0.062005134732799734,0.0,0.08049448771331795,0.0,0.10787253780932451,0.24407240404737765
385,1.28629039756249e-05,2.9100720666483557e-08,0.09066406250000003,65593,1,1209354782.9587562,0.14077238290223448,2.9169426833475767e-11,2.9234986343703803e-15,0.0,0.24700560103403704,0.18981042654028438,0.0,0.06895734597156399,0.0,0.06199913830245584,0.0,0.08043946574752261,0.0,0.1078845325290823,0.24390348987505386
386,1.2893912245926072e-05,3.100827030117174e-08,0.09078515625000005,65551,1,1289421615.3624086,0.15993093592532426,2.916942298427359e-11,2.9273478365453352e-15,0.0,0.24719246159803795,0.18979389871348049,0.0,0.06895142205584957,0.0,0.062024009293920226,0.0,0.08041822641022331,0.0,0.10789122671141518,0.2437287552170733
387,1.2922995052940641e-05,2.9082807014569967e-08,0.09091015624999998,65513,1,1226698740.1624362,0.142703370900641,2.9169419704884746e-11,2.930627225381563e-15,0.0,0.24732522665750015,0.189876681132643,0.0,0.06892106733124222,0.0,0.061981695527005554,0.0,0.08035062089116143,0.0,0.10789326687577881,0.24365144158466895
388,1.2953564905808539e-05,3.056985286789676e-08,0.09103710937499998,65480,1,1227511544.9534621,0.15009938929148792,2.916941605216918e-11,2.9342799409486905e-15,0.0,0.2473665014696102,0.18999806912531378,0.0,0.06886786380897214,0.0,0.061959623264894556,0.0,0.08036729527364786,0.0,0.10791444079723671,0.2435262062603248
389,1.2984114516648591e-05,3.0549610840052595e-08,0.09117382812499997,65446,1,1206937154.948069,0.1474858415682551,2.9169412663007e-11,2.9376691031372225e-15,0.0,0.24750969345129709,0.18999164542319147,0.0,0.0688288597073756,0.0,0.06197382232599987,0.0,0.08037531329663032,0.0,0.10792399477303401,0.24339667102247167
390,1.301518489992933e-05,3.107038328073802e-08,0.09129687500000006,65422,1,1250026679.7743702,0.15535523220695222,2.9169408299602364e-11,2.942032507766757e-15,0.0,0.24762536368303953,0.18994951223686463,0.0,0.06880027383193565,0.0,0.06197586856067088,0.0,0.0804595242170118,0.0,0.10788550402190654,0.24330395344857095
391,1.3045184259628412e-05,2.999935969908158e-08,0.09141992187500003,65381,1,1248747023.5772917,0.14984644453381074,2.916940514441777e-11,2.9451876923610726e-15,0.0,0.24786890849659243,0.18999294977246994,0.0,0.06875040058110966,0.0,0.06191381630952636,0.0,0.0804366868203474,0.0,0.10782575255837804,0.24321148546157628
392,1.307521436123584e-05,3.003010160742851e-08,0.09157812499999995,65349,1,1205989419.3279176,0.1448639391996043,2.9169402343232965e-11,2.9479888771684384e-15,0.0,0.2480592049138372,0.1899419894216004,0.0,0.06865296024569185,0.0,0.06187084115338679,0.0,0.08042569527384404,0.0,0.10783142808394472,0.24321788090769492
393,1.3106309161404898e-05,3.1094800169058086e-08,0.09172851562499995,65323,1,1248559529.6939561,0.15529483630002686,2.9169399024145896e-11,2.9513079642390606e-15,0.0,0.248206110933674,0.18994996273820933,0.0,0.06854040242733951,0.0,0.06187586500585542,0.0,0.08040029809432557,0.0,0.10791014585329502,0.2431172149473012
394,1.3136343772577336e-05,3.003461117243797e-08,0.09188867187500005,65287,1,1248872125.7035606,0.1500375547984101,2.9169396637062824e-11,2.9536950473067547e-15,0.0,0.24838990796437602,0.1899589771930197,0.0,0.06846345144217485,0.0,0.061916806597657664,0.0,0.08036644206856973,0.0,0.10791336323251216,0.2429910515016898
395,1.3166370866006837e-05,3.002709342950073e-08,0.09200585937500005,65267,1,1205067035.097508,0.14473864180673723,2.91693935107528e-11,2.956821357328104e-15,0.0,0.24841318699980894,0.1900779077419492,0.0,0.06843993461693591,0.0,0.06188039994056086,0.0,0.08045513405650966,0.0,0.10786082747786954,0.24287260916636594
396,1.3197489466804813e-05,3.111860079797609e-08,0.09215429687499999,65242,1,1248621829.9684174,0.15542145709770222,2.916939133488789e-11,2.9589972222485493e-15,0.0,0.24867007184791134,0.1902380094525571,0.0,0.06839327723968379,0.0,0.06184430833139055,0.0,0.08041031727528984,0.0,0.10781425513426446,0.242629760718903
397,1.3227522579393392e-05,3.003311258857978e-08,0.09230273437500003,65212,1,1204026768.141386,0.1446426859490164,2.9169389146267185e-11,2.9611858429472844e-15,0.0,0.24898961044457144,0.19022831629954084,0.0,0.06836792991811085,0.0,0.06174485283226476,0.0,0.08045028460187478,0.0,0.10776783258215368,0.24245117332148375
398,1.3258668066347879e-05,3.114548695448643e-08,0.09246484374999997,65150,1,1248136382.580408,0.15549526168431196,2.916938861261209e-11,2.961719498042171e-15,0.0,0.24918676861983016,0.19031726585273118,0.0,0.06829031304127413,0.0,0.06174221621393266,0.0,0.08033036204638587,0.0,0.10779012293523721,0.24234295129060876
399,1.3288712859948456e-05,3.004479360057766e-08,0.09260546874999998,65107,1,1248956245.9815352,0.15009853050667013,2.916938656360623e-11,2.9637685039074654e-15,0.0,0.2493778208967816,0.19032353313367362,0.0,0.06822879318344793,0.0,0.06175391234656431,0.0,0.08031383135782683,0.0,0.10777407516767201,0.24222803391403386
400,1.331873793097929e-05,3.002507103083449e-08,0.09263671875000001,66090,1,1202448145.5161428,0.14441436392006962,2.916944615345604e-11,2.9041786540969586e-15,0.0,0.2478810879190386,0.1910394265232975,0.0,0.06810035842293907,0.0,0.06088973223698081,0.0,0.08089816571790007,0.0,0.10908707569049125,0.24210415348935274
401,1.334992430699046e-05,3.118637601116959e-08,0.09281835937500005,66025,1,1299568830.9856105,0.1621153688620534,2.916944269884685e-11,2.9076332632805945e-15,0.0,0.24806935589083182,0.19100225154135891,0.0,0.06803021694758328,0.0,0.06087578646129243,0.0,0.08086610693769333,0.0,0.10918923468636241,0.24196704753487785
402,1.3378780031370646e-05,2.8855724380184996e-08,0.09294140625000002,65976,1,1299653303.5361722,0.1500097500665468,2.916943822355293e-11,2.9121085572074124e-15,0.0,0.24809818013701507,0.1910645988315891,0.0,0.06800319421678645,0.0,0.06085823561551717,0.0,0.08086411969907115,0.0,0.1091917790946917,0.2419198924053293
403,1.3407633880237854e-05,2.8853848867207756e-08,0.09308984374999996,65912,1,1300183471.0039318,0.1500611894879562,2.916943507759508e-11,2.9152545150552938e-15,0.0,0.24826906130670134,0.1912215181905921,0.0,0.06793672107758801,0.0,0.06082413662876086,0.0,0.08077713902060342,0.0,0.10922747681591204,0.24174394695984222
404,1.343647596355633e-05,2.884208331847544e-08,0.09324218750000002,65861,1,1300051394.9797406,0.1499847626092236,2.9169431074730756e-11,2.9192573793801523e-15,0.0,0.2483661499790532,0.1912861332216171,0.0,0.06795140343527441,0.0,0.0608294930875576,0.0,0.0807498952660243,0.0,0.10921658986175115,0.24160033514872226
405,1.346532097702642e-05,2.8845013470090063e-08,0.09338476562499998,65825,1,1296684849.9762762,0.1496115678561096,2.916942657716375e-11,2.923754946377842e-15,0.0,0.2483634158074164,0.19141237738690314,0.0,0.0679313157509464,0.0,0.06086210863154372,0.0,0.08075209671009975,0.0,0.10923807332733775,0.24144061238575282
406,1.3494240879962501e-05,2.8919902936080487e-08,0.09353710937500004,65786,1,1295173864.7952712,0.1498252098209099,2.916942222368088e-11,2.9281084292489836e-15,0.0,0.24858532918502438,0.19137207408490117,0.0,0.06794596061890544,0.0,0.060825624856444854,0.0,0.08070409889123219,0.0,0.10922720344114761,0.24133970892234452
407,1.3523194521646684e-05,2.895364168418241e-08,0.09367578124999998,65747,1,1292748863.3835003,0.1497191495121598,2.916941774072207e-11,2.932591388069299e-15,0.0,0.24882198407072265,0.1913598265293357,0.0,0.06790792710896125,0.0,0.060777282014928484,0.0,0.0806680288561778,0.0,0.10927400859013384,0.24119094282974018
408,1.3552202475985048e-05,2.900795433836358e-08,0.0938203125,65700,1,1291623882.103633,0.14986946637760834,2.916941386012021e-11,2.9364719899212904e-15,0.0,0.24889666083770504,0.19143975351819467,0.0,0.06786576734116079,0.0,0.060704471646265294,0.0,0.08066866516779081,0.0,0.1092305770671996,0.2411941044216837
409,1.3581235695732367e-05,2.9033219747318978e-08,0.093994140625,65667,1,1290593065.659611,0.14988028831864622,2.916940965064053e-11,2.940681469602216e-15,0.0,0.24908051948051949,0.19145974025974027,0.0,0.06784415584415585,0.0,0.06073766233766234,0.0,0.08062337662337662,0.0,0.1092779220779221,0.24097662337662337
410,1.3610292104756875e-05,2.905640902450849e-08,0.09414257812500004,65634,1,1291286887.6093185,0.15008063989744355,2.9169404975108203e-11,2.945357001925971e-15,0.0,0.24914420862637707,0.19140681728594844,0.0,0.0678201697060227,0.0,0.06074562768407294,0.0,0.08064148046721022,0.0,0.1093753241633991,0.24086637206696956
411,1.3639332901468927e-05,2.9040796712051563e-08,0.09426757812499997,65595,1,1289853355.607561,0.14983347635422695,2.916940052396611e-11,2.9498081440169405e-15,0.0,0.24920750025898683,0.19144307469180563,0.0,0.06779239614627576,0.0,0.060727235056459127,0.0,0.08065886252978348,0.0,0.109271728996167,0.24089920232052212
412,1.3668405973874383e-05,2.9073072405456766e-08,0.094388671875,65543,1,1290641079.0088003,0.1500916061579188,2.9169397189521007e-11,2.953142589126262e-15,0.0,0.24930163262772362,0.19146646801994743,0.0,0.06774680820245411,0.0,0.06075278829639745,0.0,0.08065884495209717,0.0,0.10919361847414488,0.24087983942723526
413,1.3697461301966682e-05,2.9055328092299393e-08,0.09453124999999996,65516,1,1287643950.850821,0.14965166983214095,2.916939340699949e-11,2.9569251106364236e-15,0.0,0.24948347107438018,0.19144628099173555,0.0,0.06768595041322314,0.0,0.06076446280991736,0.0,0.0806611570247934,0.0,0.10927685950413224,0.2406818181818182
414,1.3726584259423377e-05,2.9122957456695676e-08,0.09466406250000003,65478,1,1299563508.0346224,0.151388531027066,2.9169389825614156e-11,2.9605064959754623e-15,0.0,0.24962862094577867,0.19142527028142278,0.0,0.06773541305603697,0.0,0.06074110753486837,0.0,0.08067178344474704,0.0,0.10922670628043245,0.24057109845671373
415,1.3755440101995252e-05,2.8855842571874473e-08,0.09481640624999998,65442,1,1299311314.5673878,0.14997089098004726,2.9169387005705455e-11,2.963326404671634e-15,0.0,0.24963951715898322,0.1915296831870803,0.0,0.06768837803320563,0.0,0.06074650846619701,0.0,0.08060396325134923,0.0,0.10931899641577061,0.240472953487414
416,1.3784301545422677e-05,2.88614434274251e-08,0.09496093750000001,65419,1,1294967238.9405138,0.1494984948282021,2.916938299655798e-11,2.967335552158568e-15,0.0,0.24977375565610857,0.19150555327025912,0.0,0.06766762649115589,0.0,0.06079802550390785,0.0,0.08060468942821883,0.0,0.1092760180995475,0.24037433155080212
417,1.3813259806969649e-05,2.8958261546972317e-08,0.09513085937499999,65361,1,1292896485.4194229,0.14976013831174773,2.9169381236766846e-11,2.9690953432833256e-15,0.0,0.24998460180261567,0.191512513601741,0.0,0.06758782105241547,0.0,0.06079208327345146,0.0,0.08056336871496911,0.0,0.10924507770956947,0.24031453384523788
418,1.3842264449199637e-05,2.9004642229988572e-08,0.09524218750000002,65334,1,1293749421.4691772,0.15009895641987275,2.916937763196257e-11,2.972700147555613e-15,0.0,0.24997949306865722,0.1915142318103519,0.0,0.06754983184316299,0.0,0.0608440652940694,0.0,0.08053071938315151,0.0,0.1093224509884341,0.24025920761217293
419,1.3871249969407573e-05,2.8985520207935727e-08,0.09538085937499996,65278,1,1294227786.5564392,0.1500554626436144,2.9169376264030607e-11,2.9740680795199365e-15,0.0,0.2500460735128494,0.19154295075253405,0.0,0.06757448551243986,0.0,0.06075560561073001,0.0,0.08059793181120099,0.0,0.10930684959557696,0.24017610320466878
420,1.3900224776152973e-05,2.8974806745400284e-08,0.09551953125000001,65241,1,1294287077.1620464,0.15000687173535715,2.9169374056269376e-11,2.9762758407545883e-15,0.0,0.2501533554165133,0.19157158630842844,0.0,0.06751727804359384,0.0,0.06076963971700815,0.0,0.08070584386373861,0.0,0.10927084611295138,0.24001145053776632
421,1.392919825557782e-05,2.8973479424847064e-08,0.09568750000000004,65193,1,1291481698.6705456,0.14967487369599036,2.9169372600085614e-11,2.9777320245152627e-15,0.0,0.25030617243631614,0.19164353363814499,0.0,0.06745999346832135,0.0,0.0606629653821032,0.0,0.0806866427171783,0.0,0.10930355976485957,0.23993713259307642
422,1.3958234671687008e-05,2.9036416109188836e-08,0.09582421875000002,65157,1,1291580816.8686662,0.15001151214897848,2.9169369684459276e-11,2.9806476508549947e-15,0.0,0.25031592678651504,0.19167583873466226,0.0,0.06750642044759692,0.0,0.060698707757531285,0.0,0.08065305124128654,0.0,0.10922913864090335,0.23992091639150462
423,1.3987268859490227e-05,2.9034187803219106e-08,0.09597265624999995,65107,1,1292660254.2144082,0.15012536234647234,2.9169368036439715e-11,2.9822956704147858e-15,0.0,0.25064105173185725,0.19162359070373233,0.0,0.06750376490699662,0.0,0.0606455289185559,0.0,0.0806300622735968,0.0,0.10916195205340064,0.2397940494118605
424,1.4016278802263466e-05,2.900994277323856e-08,0.09610351562499997,65051,1,1291473830.141333,0.14986232762214116,2.916936664137013e-11,2.9836907400027007e-15,0.0,0.25064525962808654,0.19162686718829383,0.0,0.0674321715272838,0.0,0.0607255360227619,0.0,0.08060156488161771,0.0,0.10923686617213696,0.23973173457981908
425,1.4045315395282077e-05,2.90365930186105e-08,0.09622070312499997,66138,1,1290922202.548897,0.1499359304564024,2.9169429401135093e-11,2.9209309750420926e-15,0.0,0.250177610879935,0.19198213742007508,0.0,0.0671673601948645,0.0,0.05971785243073175,0.0,0.08125444027199838,0.0,0.11034202780878918,0.239358570993606
426,1.4074364396008811e-05,2.9049000726734024e-08,0.09637695312500005,66085,1,1208044935.0745397,0.14036999278763065,2.916942460096154e-11,2.925731148593171e-15,0.0,0.2502989157969399,0.191934339852062,0.0,0.06713952781436822,0.0,0.059722362954706655,0.0,0.08128483128989766,0.0,0.1103049954402675,0.23931502685175804
427,1.4105406287672953e-05,3.104189166414256e-08,0.0965390625,66039,1,1209016542.8131642,0.15012064216864968,2.916941941748255e-11,2.930914627583591e-15,0.0,0.25054624908958484,0.19183458768309458,0.0,0.06708748078012462,0.0,0.05968277089908554,0.0,0.08124949421380594,0.0,0.11034231609613983,0.2392571012381646
428,1.413642323299344e-05,3.101694532048688e-08,0.09668164062499995,65960,1,1209431250.7311661,0.15005145189126654,2.91694155169399e-11,2.9348151702304286e-15,0.0,0.2507020060200804,0.19177390355750387,0.0,0.06702894891012302,0.0,0.05971596533403365,0.0,0.08125088382052888,0.0,0.11032100361608857,0.23920728874164157
429,1.4167429542758735e-05,3.100630976529607e-08,0.09683789062500003,65922,1,1209736054.9219975,0.1500378034126347,2.916940998372717e-11,2.940348382955484e-15,0.0,0.25084205643290775,0.19172666949032896,0.0,0.06700147233819406,0.0,0.05963978136786269,0.0,0.08126096690264416,0.0,0.11036485750589942,0.2391641959621629
430,1.4198428040197432e-05,3.0998497438697865e-08,0.09697656249999997,65845,1,1209909761.0777748,0.1500215385192998,2.91694060663283e-11,2.9442657818327467e-15,0.0,0.2509667284298719,0.19177475227583982,0.0,0.06696608394425199,0.0,0.05961491984210102,0.0,0.08126560863610731,0.0,0.11038830258599855,0.23902360428582936
431,1.4229422087196932e-05,3.099404699950135e-08,0.09713476562500001,65776,1,1208640092.0974975,0.1498425912798059,2.916940224317613e-11,2.9480889340023197e-15,0.0,0.2510204491987212,0.19184444935958017,0.0,0.06693744596143406,0.0,0.0596585768001126,0.0,0.08121368105684354,0.0,0.110369372448877,0.23895602517443146
432,1.4260448693252108e-05,3.1026606055175426e-08,0.09730859375,65726,1,1221849160.8416498,0.1516393302891222,2.916939750908624e-11,2.9528230238819813e-15,0.0,0.2510336799004456,0.19192324675846012,0.0,0.06687808598611056,0.0,0.05963229095580266,0.0,0.0811689615029505,0.0,0.11043314198546826,0.2389305929107623
433,1.4291139879367232e-05,3.0691186115124695e-08,0.09744921875000001,65671,1,1221338218.4764597,0.14993727429110343,2.916939284944348e-11,2.9574826666499685e-15,0.0,0.2510522307291458,0.19180663005571813,0.0,0.06690183188359321,0.0,0.05964645047500701,0.0,0.08119212730989699,0.0,0.1104541628251894,0.23894656672144948
434,1.4321843905027526e-05,3.070402566029483e-08,0.0975859375,65605,1,1221695753.2019753,0.1500439110215467,2.916938895757426e-11,2.961374535879197e-15,0.0,0.2512408934432792,0.19179809462813227,0.0,0.06690817388519735,0.0,0.05962292850852614,0.0,0.0811784484829077,0.0,0.1103994876310944,0.23885197342086303
435,1.4352538945017406e-05,3.069503998987901e-08,0.09771874999999997,65560,1,1222751275.753594,0.15012959722772856,2.9169384253821315e-11,2.966078288818414e-15,0.0,0.25133914294851295,0.1917972497601535,0.0,0.06687719859290055,0.0,0.05966181643748002,0.0,0.08114806523824752,0.0,0.11038935081547809,0.23878717620722736
436,1.4383207487953e-05,3.0668542935592824e-08,0.09789648437499998,65492,1,1223165471.6350644,0.1500508111366985,2.9169380726096646e-11,2.9696060134854443e-15,0.0,0.25154120862677815,0.19180815194621234,0.0,0.06685553538295792,0.0,0.05969315483909583,0.0,0.08114039462921215,0.0,0.11032859166450533,0.23863296291123837
437,1.4413865645716293e-05,3.065815776329259e-08,0.09802343749999998,65410,1,1224974027.866769,0.15022178800910158,2.916937727787846e-11,2.9730542316752634e-15,0.0,0.2517135570255838,0.19181876145692195,0.0,0.06682872399776839,0.0,0.05975531999681199,0.0,0.08117478281660954,0.0,0.11024547700645572,0.23846337769984857
438,1.4444478539660913e-05,3.06128939446205e-08,0.09816796875,65347,1,1243249872.7620008,0.15223790600610426,2.916937398168186e-11,2.9763504282655846e-15,0.0,0.2518801480243524,0.19187457721539133,0.0,0.06675022880108233,0.0,0.05982650909235606,0.0,0.08119454060721819,0.0,0.11020253869722654,0.2382714575623732
439,1.4474641422297442e-05,3.016288263652912e-08,0.09828320312500005,65310,1,1221713988.7834713,0.1474016626363268,2.9169369246607355e-11,2.9810855027807896e-15,0.0,0.25190278412591166,0.19192782337393932,0.0,0.06673158323562728,0.0,0.059776236561276605,0.0,0.08119870431827668,0.0,0.11031179825520163,0.2381510701297669
440,1.4505336004126157e-05,3.0694581828714947e-08,0.09844531249999999,65243,1,1234005671.7041075,0.15150915226888031,2.91693665573926e-11,2.9837747175271663e-15,0.0,0.2521426870883263,0.19194905166256648,0.0,0.06668121577652568,0.0,0.05973732243472741,0.0,0.0812038727085152,0.0,0.11026902626775653,0.23801682406158242
441,1.4535724843383446e-05,3.038883925728975e-08,0.0985625,65198,1,1221967921.3652074,0.1485367469597271,2.916936273125945e-11,2.987600850685426e-15,0.0,0.2521797717184528,0.1918991756499683,0.0,0.06662175015852886,0.0,0.05978519340519975,0.0,0.08124603677869373,0.0,0.11023700063411541,0.23803107165504125
442,1.4566413046685954e-05,3.068820330250915e-08,0.09869335937500001,65106,1,1233865933.3246124,0.15146051443962363,2.916936203074383e-11,2.9883013663049422e-15,0.0,0.2522016188082563,0.1919020007520136,0.0,0.06655320496328986,0.0,0.05982466208861886,0.0,0.08127683995962874,0.0,0.11020957432071402,0.23803209910747858
443,1.4596805327554718e-05,3.039228086876298e-08,0.098806640625,65064,1,1223241485.4137862,0.1487083951800745,2.9169358904861854e-11,2.9914272482796138e-15,0.0,0.25236711538081397,0.19195872620530152,0.0,0.06651643637945007,0.0,0.059815374883868025,0.0,0.08124295795528672,0.0,0.11022158967364445,0.2378777995216351
444,1.4627461580181169e-05,3.0656252626450825e-08,0.09895703125,64999,1,1234867502.8605895,0.1514256405115549,2.9169356701031256e-11,2.993631078877282e-15,0.0,0.2524177949709865,0.19198278924722695,0.0,0.06651403307938263,0.0,0.059842892669640387,0.0,0.08115896261792918,0.0,0.1102514506769826,0.2378320767378518
445,1.465782921064608e-05,3.036763046491277e-08,0.09907617187499995,64939,1,1221099634.8687115,0.1483276098901318,2.916935465388087e-11,2.9956782292633847e-15,0.0,0.2524888126638674,0.19196877402566684,0.0,0.06647347566384766,0.0,0.05983007077098982,0.0,0.08112050781635027,0.0,0.11027657854791335,0.2378417805113648
446,1.4688539235388682e-05,3.071002474260167e-08,0.09923046874999997,64876,1,1235168769.9314518,0.15172825394353504,2.916935341745948e-11,2.9969146506505053e-15,0.0,0.2525882769751604,0.1919851985985907,0.0,0.06642916191001062,0.0,0.05981576979096956,0.0,0.08111246703145297,0.0,0.11032161555721763,0.23774751013659803
447,1.4718899458957224e-05,3.036022356854208e-08,0.09935742187499996,64800,1,1220235261.688018,0.14818646140426672,2.916935242935178e-11,2.997902758350201e-15,0.0,0.2527373159560457,0.19195612431444242,0.0,0.06638359772758547,0.0,0.05981797094611862,0.0,0.08110711407285096,0.0,0.1103379135460282,0.23765996343692875
448,1.4749631237637448e-05,3.073177868022286e-08,0.09951367187500004,64732,1,1235814362.089754,0.15191509386233248,2.916935224691124e-11,2.9980851988976732e-15,0.0,0.25279189809817276,0.19190987419285196,0.0,0.06647563345174776,0.0,0.05984180879668702,0.0,0.08111715177327236,0.0,0.11032168161566996,0.2375419520715982
449,1.4779975600957995e-05,3.0344363320545765e-08,0.0996796875,64677,1,1219769832.9156358,0.14805255590973385,2.916935171649134e-11,2.998615618794594e-15,0.0,0.25303707187083624,0.19184497217650284,0.0,0.06636491888079003,0.0,0.059898894897719254,0.0,0.08115839799357316,0.0,0.11031428795360138,0.23738145622697704
450,1.4810719105993172e-05,3.074350503517793e-08,0.09975195312499996,66173,1,1220015571.9700563,0.15003021951942766,2.916941559690455e-11,2.9347352055827896e-15,0.0,0.25214888492941473,0.19260666105378577,0.0,0.06616020206371272,0.0,0.05887651009339573,0.0,0.08174573649482114,0.0,0.11166369706106945,0.23679830830380044
451,1.4841456418582916e-05,3.073731258974487e-08,0.09991210937499995,66083,1,1219545742.829429,0.14994223485936306,2.916941177452711e-11,2.938557583022862e-15,0.0,0.25215521454403284,0.19255204769817222,0.0,0.06615189131072231,0.0,0.05886032645880168,0.0,0.08171244257648323,0.0,0.11181702668360863,0.23675105072817904
452,1.4872205572700741e-05,3.074915411782542e-08,0.10007421875,65991,1,1218980813.5859375,0.14993051561450488,2.916940773014689e-11,2.942601963243271e-15,0.0,0.25217611928646705,0.1924743354541551,0.0,0.0661618330145595,0.0,0.0588235294117647,0.0,0.08171669464069635,0.0,0.11196768023732385,0.23667980795503335
453,1.4902968977327008e-05,3.076340462626671e-08,0.10024609375000004,65930,1,1218320176.0902238,0.1499187061656323,2.916940204184818e-11,2.948290261954544e-15,0.0,0.25228928808011536,0.1925145150605931,0.0,0.06614581303822625,0.0,0.058839574484666646,0.0,0.08171297198301056,0.0,0.11200950785177105,0.23648832950161713
454,1.4933749063494787e-05,3.078008616777836e-08,0.10040039062499995,65839,1,1219546563.6299376,0.15015099325658993,2.9169397816881873e-11,2.9525152282605102e-15,0.0,0.2525046201731349,0.19252990954187332,0.0,0.06608306584962552,0.0,0.05886586907888337,0.0,0.08164575430405602,0.0,0.11197354342962747,0.23639723762279932
455,1.4964498196917281e-05,3.0749133422493164e-08,0.10055273437500001,65797,1,1219579296.6527114,0.1500040260483384,2.916939209988808e-11,2.9582322220491218e-15,0.0,0.25274362410892914,0.1925101489812171,0.0,0.06600236971427462,0.0,0.05883495522793932,0.0,0.08167744692422742,0.0,0.11193986364430977,0.2362915913991026
456,1.4995246505045276e-05,3.0748308127994187e-08,0.10071874999999997,65744,1,1221828143.0955517,0.150276592893428,2.916938698433881e-11,2.9633477713192065e-15,0.0,0.25286999689730066,0.19254188644120385,0.0,0.06597114489605957,0.0,0.05877676078188024,0.0,0.08169795221843003,0.0,0.11200744647843623,0.23613481228668942
457,1.5025938219106627e-05,3.06917140613509e-08,0.10088671874999999,65659,1,1269078081.7283385,0.15580072642373552,2.9169383220475435e-11,2.967111634697772e-15,0.0,0.2530491346265536,0.19247299337902196,0.0,0.0659774654431409,0.0,0.058775699848995236,0.0,0.08177488674642815,0.0,0.11191776048321524,0.23603205947264488
458,1.5055487228375568e-05,2.9549009268940576e-08,0.10099218750000005,65573,1,1268552222.7059042,0.14993784554748776,2.91693792279882e-11,2.97110412194219e-15,0.0,0.2531909955906243,0.1924073644310358,0.0,0.065947242206235,0.0,0.058772336969134364,0.0,0.08176684458884505,0.0,0.11189757871122456,0.2360176375029009
459,1.5085048486736702e-05,2.956125836113397e-08,0.10113085937499999,65504,1,1267799789.083578,0.14991102846116325,2.916937570291863e-11,2.974629191503485e-15,0.0,0.2532107611193727,0.1925104772204948,0.0,0.0659147530852276,0.0,0.05874968616620637,0.0,0.08178991483033662,0.0,0.11186002047161976,0.23596438710674209
460,1.5114627289575206e-05,2.9578802838503907e-08,0.10126171875000001,65429,1,1262552063.7008984,0.14937911426222045,2.9169371810471635e-11,2.978521638496208e-15,0.0,0.2533850248813795,0.19257030436292094,0.0,0.06586814797670022,0.0,0.05873162828376345,0.0,0.08178065810284303,0.0,0.11185048026848743,0.2358137561239054
461,1.514432903501458e-05,2.9701745439373686e-08,0.10140429687499997,65345,1,1265441538.202153,0.1503432897443593,2.916936843593336e-11,2.981896176774007e-15,0.0,0.25351027562164147,0.19254993355033806,0.0,0.06587183882586338,0.0,0.058745353338854764,0.0,0.08180049692790695,0.0,0.11178951828810264,0.23573258344729295
462,1.5173962960303041e-05,2.963392528846276e-08,0.10154687500000004,65275,1,1265399470.8200145,0.14999501351336253,2.916936486116028e-11,2.98547094985348e-15,0.0,0.25363517464225266,0.19256808739806125,0.0,0.06579858439759963,0.0,0.0587013386674873,0.0,0.08182028004308355,0.0,0.11178642868133558,0.23569010617018005
463,1.520359787075207e-05,2.9634910449029147e-08,0.1016796875,65219,1,1266762279.2164223,0.15016154681914695,2.916936085918514e-11,2.9894729249907714e-15,0.0,0.2536880522474068,0.1924894352669996,0.0,0.06575105647330003,0.0,0.05873991548213599,0.0,0.08184786784479446,0.0,0.11175566653860929,0.2357280061467537
464,1.5233200899367034e-05,2.9603028614963393e-08,0.10184179687499995,65146,1,1265467330.867338,0.14984666242786862,2.9169357834360106e-11,2.9924977500248097e-15,0.0,0.2537828663483113,0.19250906161900924,0.0,0.06572310760792435,0.0,0.05876148284525247,0.0,0.08179429645398231,0.0,0.11175037876608555,0.2356788063594346
465,1.526283422065894e-05,2.963332129190399e-08,0.10198437500000002,65076,1,1265395029.7825675,0.14999142991490097,2.9169354877125096e-11,2.995454985033661e-15,0.0,0.2539834533476329,0.19241228742148,0.0,0.06568867779990807,0.0,0.05871763444155048,0.0,0.0817373984985445,0.0,0.11178565956794852,0.2356748889229355
466,1.5292469235114816e-05,2.9635014455875973e-08,0.10214843750000002,64998,1,1266021767.6240752,0.1500742935399725,2.916935189675311e-11,2.9984353570269362e-15,0.0,0.2540344168260038,0.19246653919694073,0.0,0.065717017208413,0.0,0.05873804971319311,0.0,0.08172084130019121,0.0,0.11179732313575524,0.23552581261950287
467,1.5322089578902723e-05,2.9620343787907933e-08,0.10231445312499998,64912,1,1266877584.7065215,0.15010139838480652,2.916934976944312e-11,3.0005626670066644e-15,0.0,0.2542712608571156,0.19244058413668036,0.0,0.06566765295408991,0.0,0.05873818841271356,0.0,0.08170277751264675,0.0,0.11176863605994082,0.23541090006681303
468,1.5351689913183392e-05,2.9600334280669315e-08,0.10247265625000002,64843,1,1276602319.4330873,0.1511514215947887,2.916934672287915e-11,3.003609230979747e-15,0.0,0.2544886212023024,0.1923912629131247,0.0,0.06568063126596273,0.0,0.05872374490146,0.0,0.08171005984828271,0.0,0.11171044104753555,0.2352952388213319
469,1.5381064761896384e-05,2.9374848712990722e-08,0.10259375000000004,64759,1,1218740342.8202777,0.14320125276305645,2.9169344595222855e-11,3.005736887279395e-15,0.0,0.2544928419128845,0.19244974109046603,0.0,0.06569829424307036,0.0,0.05874961925068534,0.0,0.08180399025281754,0.0,0.11163569905574168,0.23516981419433444
470,1.5411834236478002e-05,3.076947458161722e-08,0.10274218749999997,64691,1,1289521131.0506148,0.15871155065728074,2.91693425769722e-11,3.007755137937485e-15,0.0,0.25467645046004106,0.19245684738803132,0.0,0.06567941601399134,0.0,0.05875979013002813,0.0,0.08176184320583986,0.0,0.11166451220439512,0.23500114059767319
471,1.544091479909697e-05,2.9080562618968115e-08,0.10289648437499999,64611,1,1290805804.8169272,0.15014943614362478,2.9169340788388906e-11,3.0095437212276495e-15,0.0,0.2546741833228935,0.1924719549000626,0.0,0.06561889034413378,0.0,0.058804547956646344,0.0,0.08179109010496745,0.0,0.11172484482660439,0.23491448854469182
472,1.5469966419302007e-05,2.9051620205038168e-08,0.10302539062500005,64534,1,1289119158.619469,0.14980400078100467,2.9169339419351245e-11,3.010912758884904e-15,0.0,0.25484843314565203,0.19243966710269392,0.0,0.06561261824868718,0.0,0.058787844319323594,0.0,0.08174562550948834,0.0,0.11167984227189141,0.23488596940226356
473,1.5499056049806108e-05,2.908963050410261e-08,0.10316210937500003,64472,1,1288616903.7837164,0.14994155836963624,2.916933786334046e-11,3.0124687696739895e-15,0.0,0.2551165300365399,0.19244968666578313,0.0,0.06558246085688862,0.0,0.05880459683068593,0.0,0.08165622219277155,0.0,0.11162649804047786,0.23476400537685302
474,1.552815701836386e-05,2.910096855775381e-08,0.10332226562500002,64408,1,1283835801.9693553,0.14944346122571545,2.9169336740351314e-11,3.0135917588109403e-15,0.0,0.2552881798075651,0.19254834502183327,0.0,0.06551861023421107,0.0,0.058845768510992234,0.0,0.08160526266044121,0.0,0.1116046955634109,0.23458913820154628
475,1.5557366361133766e-05,2.920934276990595e-08,0.10337304687500004,66058,1,1287329267.6390994,0.1504081673448098,2.91694018161166e-11,2.9485159935325514e-15,0.0,0.25459595291628095,0.19311504525100612,0.0,0.0653541670602906,0.0,0.057928845390821326,0.0,0.08230203865701817,0.0,0.11274018931736166,0.23396376140722125
476,1.5586496437597244e-05,2.9130076463477918e-08,0.10353124999999996,66000,1,1213299364.3831835,0.14137401303028518,2.916939658901083e-11,2.953743099301707e-15,0.0,0.2546408089345005,0.19314065801388472,0.0,0.06534862662239661,0.0,0.05787805614246906,0.0,0.08228946574102022,0.0,0.11286975550860248,0.23383262903712648
477,1.5617403896301027e-05,3.090745870378349e-08,0.10369921874999999,65925,1,1214501487.7042015,0.1501486183076049,2.916939081739278e-11,2.959514717354647e-15,0.0,0.25484988887633253,0.19314800165743773,0.0,0.06526161148152333,0.0,0.057859645157644926,0.0,0.08232568651825065,0.0,0.11278110520962821,0.23377406109918258
478,1.56482807625541e-05,3.087686625307233e-08,0.10387890624999996,65861,1,1213462700.854538,0.14987170206950998,2.916938509167976e-11,2.9652404303686437e-15,0.0,0.25484149964276315,0.1932275410822397,0.0,0.06520512916933027,0.0,0.05779716466739367,0.0,0.08231489489715339,0.0,0.11279284022111082,0.233820930320009
479,1.567918406100208e-05,3.090329844798028e-08,0.10404296874999996,65766,1,1212977857.2100675,0.1499400669286173,2.91693804139769e-11,2.9699181332237877e-15,0.0,0.25490895438333017,0.19322320255303171,0.0,0.06510230899192791,0.0,0.057818659658344276,0.0,0.08235404542894688,0.0,0.11276515862586821,0.23382767035855076
480,1.5710099711916147e-05,3.0915650914067444e-08,0.10420703124999997,65667,1,1251860904.9325294,0.15480837891945062,2.916937605110409e-11,2.974281006049581e-15,0.0,0.2549199685122015,0.19336881958241184,0.0,0.06505604078419612,0.0,0.05782134422911121,0.0,0.08239307268433482,0.0,0.11273756419387487,0.2337031900138696
481,1.5740055116587897e-05,2.995540467175233e-08,0.10434765624999998,65568,1,1252580093.845918,0.15008617437974395,2.9169371746535996e-11,2.978585574131203e-15,0.0,0.25496949051023843,0.1933702691573391,0.0,0.06504323737506082,0.0,0.057837008198255525,0.0,0.08241305731291879,0.0,0.112735372290645,0.23363156515554223
482,1.57699933218845e-05,2.993820529660512e-08,0.10446875,65474,1,1250367863.3135557,0.1497350791526349,2.9169367465797395e-11,2.9828663127403826e-15,0.0,0.25521612324259646,0.19333308405623686,0.0,0.06502393060125634,0.0,0.057769967095423265,0.0,0.08235492072988333,0.0,0.11273556685611724,0.23356640741848636
483,1.579998449576242e-05,2.999117387791987e-08,0.10459375000000004,65385,1,1250304196.6499958,0.14999236224809182,2.9169362787239506e-11,2.98754487063015e-15,0.0,0.25535927696444577,0.19330743949805798,0.0,0.06505826112936959,0.0,0.05781296683597252,0.0,0.0822938452345384,0.0,0.1127128772034658,0.23345533313415
484,1.5829977196819072e-05,2.9992701056651387e-08,0.10475195312499996,65309,1,1250830619.1025739,0.1500631553249987,2.916935863269518e-11,2.9916994149562255e-15,0.0,0.2555143288646915,0.1932392370368989,0.0,0.06507187738892099,0.0,0.05783752540413551,0.0,0.08231872168254618,0.0,0.11267316763932653,0.23334514198348033
485,1.5859957275198433e-05,2.998007837936115e-08,0.10490234374999996,65216,1,1250350070.6997802,0.14994237248487668,2.916935494720046e-11,2.995384909678514e-15,0.0,0.25579966486687766,0.19311115248557068,0.0,0.06507168125116365,0.0,0.05790355613479799,0.0,0.08227518153044126,0.0,0.11260472910072612,0.23323403463042264
486,1.588994887585393e-05,2.9991600655496795e-08,0.10505078125,65126,1,1250006682.3006644,0.14995880492905594,2.916935132444793e-11,2.999007662205829e-15,0.0,0.25599598408507795,0.19304279924143833,0.0,0.06503551109954264,0.0,0.05793329119101626,0.0,0.0823262559030231,0.0,0.11259435540847061,0.23307180307143127
487,1.5919948715479574e-05,2.999983962564139e-08,0.10519921875000005,65034,1,1248269424.1595836,0.14979153013751695,2.916934821462017e-11,3.00211748996273e-15,0.0,0.2562845791095763,0.193048902751476,0.0,0.06498087705618061,0.0,0.057981508298986295,0.0,0.08230292228287103,0.0,0.1125283130964316,0.2328728974044781
488,1.5949990306881403e-05,3.004159140183013e-08,0.10535351562499995,64941,1,1248134195.4684157,0.1499837500596565,2.9169345436151617e-11,3.004895958519056e-15,0.0,0.2563170871878534,0.1930442520531692,0.0,0.06494132478077899,0.0,0.0579892845887173,0.0,0.08233069464785599,0.0,0.112493279694481,0.2328840770471441
489,1.5980035153129627e-05,3.004484624822455e-08,0.10552148437499997,64861,1,1250538872.4645832,0.15028899260250597,2.9169342178896506e-11,3.0081532136308325e-15,0.0,0.25635330482906693,0.19303311307309307,0.0,0.0649304977141059,0.0,0.05811908860384622,0.0,0.08231069650360004,0.0,0.11244377811094453,0.23280952116534326
490,1.601002222576344e-05,2.998707263381135e-08,0.10567968750000001,64783,1,1249632336.5423164,0.1498912625658153,2.916933845787931e-11,3.011874230825565e-15,0.0,0.2565239890589192,0.1928919937901974,0.0,0.06487025948103793,0.0,0.058179936423449395,0.0,0.08226140311968655,0.0,0.11253419087750426,0.2327382272492053
491,1.6040031052282574e-05,3.0008826519135235e-08,0.10583789062500004,64695,1,1248445525.8135366,0.14985754081091598,2.9169335024566494e-11,3.0153075436367286e-15,0.0,0.2566757090922512,0.19276975031833027,0.0,0.06484710919190241,0.0,0.058111424827917105,0.0,0.08228607281920684,0.0,0.11253206370296553,0.2327778700474266
492,1.6070068406115503e-05,3.003735383293036e-08,0.10600976562499997,64608,1,1246965831.5562663,0.14982221560011927,2.9169332771801824e-11,3.01756030831618e-15,0.0,0.25677542974003725,0.19277041840927095,0.0,0.06479724376807856,0.0,0.05821987213736942,0.0,0.08224478139911932,0.0,0.11249700609834737,0.23269524844777714
493,1.6100141403346868e-05,3.007299723136632e-08,0.10614062499999999,64513,1,1247349590.3272746,0.15004616310583216,2.9169330638025786e-11,3.0196940843491606e-15,0.0,0.2567716767260415,0.19284557632857352,0.0,0.06475415869277197,0.0,0.05825850139849846,0.0,0.08223538937141175,0.0,0.11254232297953776,0.23259237450316503
494,1.6130205148339288e-05,3.0063744992421006e-08,0.10627539062500002,64427,1,1227366125.1763124,0.14759688879854618,2.9169327729737276e-11,3.022602372851901e-15,0.0,0.25686876297943506,0.1928950802198004,0.0,0.06472717916674324,0.0,0.05822138092000074,0.0,0.08225975410287982,0.0,0.1124731222318196,0.2325547203793211
495,1.616075837873304e-05,3.0553230393753195e-08,0.10643554687500001,64309,1,1244654949.2659385,0.15211291770258967,2.916932786464681e-11,3.022467463316652e-15,0.0,0.25699605468391595,0.19284338012661714,0.0,0.06470318377832829,0.0,0.0582622258922837,0.0,0.08226442792916781,0.0,0.1123956326268465,0.23253509496284064
496,1.6190887210841983e-05,3.012883210894426e-08,0.10656835937499998,64219,1,1227064887.5870614,0.14788012793956454,2.916932640348383e-11,3.0239286262967667e-15,0.0,0.25711562780638897,0.19282297527628614,0.0,0.06467752872825908,0.0,0.058244597987647306,0.0,0.0822352143393875,0.0,0.11234719498561296,0.23255686087641808
497,1.622144794188347e-05,3.056073104148645e-08,0.10674414062500004,64135,1,1227276307.0161407,0.15002584452923612,2.916932545799159e-11,3.0248741185412635e-15,0.0,0.25722284229593984,0.19270671326368177,0.0,0.06466250709018719,0.0,0.058295061570270625,0.0,0.08231936032788685,0.0,0.11234515946059687,0.2324483559914369
498,1.6252003408313985e-05,3.055546643051654e-08,0.10689062500000002,64043,1,1236778772.5875397,0.1511614090710961,2.916932477704414e-11,3.0255550659812155e-15,0.0,0.25719923987721094,0.1927715246309019,0.0,0.06462870925303318,0.0,0.05828826195000732,0.0,0.08237099839204794,0.0,0.11233737757637773,0.232403888320421
499,1.628232410982598e-05,3.032070151199635e-08,0.10705078125,63949,1,1223454286.2345276,0.14838396890595862,2.91693252979592e-11,3.0250341509371654e-15,0.0,0.2573253056011677,0.19277504105090312,0.0,0.06462324393358877,0.0,0.05825579273855137,0.0,0.08239372377303412,0.0,0.11233351578179164,0.23229337712096335
500,1.6312975030274685e-05,3.0650920448703636e-08,0.10714257812500005,66121,1,1236236862.0921717,0.15156719086296866,2.916938768654374e-11,2.9626455663831605e-15,0.0,0.25692254406912524,0.19322966986893195,0.0,0.06445850119401353,0.0,0.05758608746376944,0.0,0.08294292433053212,0.0,0.11349508722678965,0.23136518584683816
501,1.6343309023014987e-05,3.033399274030389e-08,0.10729687499999996,66014,1,1243542345.9144175,0.15088641797291363,2.916938331178522e-11,2.967020324913228e-15,0.0,0.25698995194408036,0.19329765545361877,0.0,0.06445682248434542,0.0,0.05761249453910004,0.0,0.08291466433668268,0.0,0.11344109509247124,0.23128731614970147
502,1.6373464811535744e-05,3.0155788520756016e-08,0.10746875,65894,1,1243293348.3283725,0.14996996512581218,2.916937916807524e-11,2.9711640348862885e-15,0.0,0.2571423378889212,0.1933338179703402,0.0,0.06440825821459727,0.0,0.057574876417563245,0.0,0.08290927595231172,0.0,0.11340505961035185,0.2312263739459145
503,1.640362663943454e-05,3.0161827898797444e-08,0.10762890624999999,65777,1,1244484932.1023562,0.15014376137887156,2.9169374542815837e-11,2.9757892942891905e-15,0.0,0.2570863426850071,0.19328203825354773,0.0,0.06445759082495554,0.0,0.05756179000471818,0.0,0.08300366566254129,0.0,0.1134177766486408,0.23119079592058941
504,1.6433759587638783e-05,3.0132948204242056e-08,0.10777734375000003,65712,1,1243315220.886396,0.14985901261006218,2.916936776401375e-11,2.9825680963832355e-15,0.0,0.2574027762676235,0.19323330071400094,0.0,0.06438693776956254,0.0,0.05759124352143815,0.0,0.08301620093508753,0.0,0.11338842376137145,0.2309811170309159
505,1.6463920884926906e-05,3.016129728812066e-08,0.10792578124999996,65615,1,1243956580.1542487,0.15007737691018477,2.9169363456046736e-11,2.9868760634004765e-15,0.0,0.25746498244598065,0.1932027941655507,0.0,0.0643707698432806,0.0,0.05758442216511637,0.0,0.0829925078721633,0.0,0.11339534547033914,0.23098917803756924
506,1.6494066631650116e-05,3.014574672320963e-08,0.10807617187499996,65523,1,1244380472.2985864,0.15005111418088465,2.916935888509187e-11,2.9914470182614932e-15,0.0,0.2575404355290503,0.19329538266919669,0.0,0.06437155507364237,0.0,0.057558507273877284,0.0,0.08298545224541429,0.0,0.11330984006505826,0.2309388271437607
507,1.6524202109371597e-05,3.0135477721480954e-08,0.10824609375000005,65437,1,1243087624.2572463,0.14984415762661174,2.916935413543946e-11,2.9961966706696363e-15,0.0,0.2576954999819566,0.19333477680343544,0.0,0.06430659304969145,0.0,0.05757641369853126,0.0,0.08292735736711053,0.0,0.11331240301685251,0.23084695608242212
508,1.6554368928884747e-05,3.016681951315098e-08,0.10836328125000005,65338,1,1243811265.3005571,0.15008731979498346,2.9169349699533435e-11,3.0006325767024e-15,0.0,0.25777729714141523,0.19328791319707292,0.0,0.0643091453083883,0.0,0.05758624418730399,0.0,0.08287372481165062,0.0,0.11338812587866334,0.23077754947550558
509,1.6584518197544844e-05,3.014926866009564e-08,0.10850976562500003,65227,1,1243856543.045797,0.15000546036362225,2.9169346364520445e-11,3.0039675896921717e-15,0.0,0.25775329841424127,0.19331497381068094,0.0,0.06436632647551165,0.0,0.057562503374912255,0.0,0.08294184351206868,0.0,0.11337905214464425,0.23068200226794106
510,1.6614666368738425e-05,3.014817119358056e-08,0.10868359375000003,65125,1,1245918575.288205,0.1502486660042032,2.916934268414617e-11,3.0076479639581674e-15,0.0,0.2579340833123675,0.19329331847751863,0.0,0.06428134996226144,0.0,0.057524350357617805,0.0,0.08291701110591958,0.0,0.11341336304496281,0.23063652373935234
511,1.6644764643813363e-05,3.009827507493861e-08,0.10880859374999996,65020,1,1246078234.15596,0.15001922182607938,2.916933829126629e-11,3.012040843846634e-15,0.0,0.2580147190809549,0.19325076287919582,0.0,0.06426135343744391,0.0,0.05747621611918865,0.0,0.08298330640818524,0.0,0.11339077364925507,0.23062286842577634
512,1.6674859062423767e-05,3.0094418610402004e-08,0.10894140625000004,64909,1,1245932942.104661,0.14998251008074975,2.916933538095022e-11,3.0149511599134454e-15,0.0,0.25802287640288285,0.1932123776399297,0.0,0.06420093943848829,0.0,0.057531643300225886,0.0,0.08304349385062211,0.0,0.11337803435046075,0.23061063501739035
513,1.6704956990436374e-05,3.009792801260561e-08,0.10908789062500002,64797,1,1247728614.9105062,0.15021618412337812,2.91693324715635e-11,3.017860546629926e-15,0.0,0.2581060999409163,0.19325730041358566,0.0,0.06416844216067177,0.0,0.057561814047589206,0.0,0.08303940701484253,0.0,0.11340483053730328,0.23046210588509122
514,1.67350116029153e-05,3.005461247892411e-08,0.10925195312500002,64673,1,1249186535.281601,0.15017526892711353,2.91693306349214e-11,3.019697188730136e-15,0.0,0.2581475588608614,0.19323524679550208,0.0,0.06410783560076515,0.0,0.05760051486493734,0.0,0.08312923467472336,0.0,0.11335967248869265,0.23041993671451813
515,1.676503113878193e-05,3.001953586663217e-08,0.10940820312499999,64573,1,1249754723.5333016,0.1500682269904037,2.916932798739751e-11,3.022344712617226e-15,0.0,0.2583322919827909,0.19320920434867986,0.0,0.06410553938982808,0.0,0.05758966028170019,0.0,0.08306406983594265,0.0,0.11337629648142526,0.23032293767963294
516,1.6795037026572442e-05,3.000588779050992e-08,0.10956640625000003,64455,1,1248580783.083459,0.14985909949835713,2.916932604631723e-11,3.0242857929033592e-15,0.0,0.2584049342222539,0.19310848871617525,0.0,0.06404862918464116,0.0,0.057666939997860885,0.0,0.08314021890263466,0.0,0.11339085172376911,0.23023993725266495
517,1.682507112649459e-05,3.0034099922146073e-08,0.10970703125000003,64325,1,1251105020.6356547,0.15030325281147955,2.9169324962536505e-11,3.025369573630093e-15,0.0,0.25851878226811464,0.19307459497952645,0.0,0.06401993946946768,0.0,0.05766423357664234,0.0,0.08312266334342176,0.0,0.11333452020651594,0.23026526615631124
518,1.685504462942318e-05,2.997350292859283e-08,0.10985156250000006,64238,1,1250886584.5041904,0.14997381081589536,2.916932243565015e-11,3.027896459983849e-15,0.0,0.25874759974397266,0.1930517032927957,0.0,0.06400682739492213,0.0,0.05769504302681175,0.0,0.08306663821918782,0.0,0.11325652514045942,0.2301756631818505
519,1.68850233664762e-05,2.997873705301887e-08,0.11000390625,64126,1,1251200877.7994263,0.15003768846422158,2.916932128344068e-11,3.0290486694552127e-15,0.0,0.2587621178225205,0.1932104683782536,0.0,0.06397144987749015,0.0,0.057686161713007354,0.0,0.08304037498668371,0.0,0.11320620716593871,0.23012322005610597
520,1.69149945730709e-05,2.997120659470272e-08,0.11012109375000001,64009,1,1251199546.6589112,0.14999984041645048,2.9169319784965685e-11,3.030547144443614e-15,0.0,0.2588592103862935,0.1931999574332234,0.0,0.06393884573090702,0.0,0.05771345464864674,0.0,0.08300521443013728,0.0,0.11313894505338584,0.23014437231740628
521,1.6944965811551715e-05,2.997123848081353e-08,0.11028125,63939,1,1250352956.8827615,0.14989850662369442,2.916931782559778e-11,3.03250651236069e-15,0.0,0.2591208557665061,0.19325587985264947,0.0,0.06384599036554264,0.0,0.0577359025219609,0.0,0.08297322187588552,0.0,0.1130454803060357,0.23002266931141968
522,1.697495734297776e-05,2.999153142604689e-08,0.11042773437499998,63841,1,1250260544.9088342,0.14998891369351927,2.916931682216422e-11,3.0335099459102184e-15,0.0,0.2591485523267126,0.19326482604927575,0.0,0.06379667132421869,0.0,0.05771237552839634,0.0,0.0829869647499956,0.0,0.1131608270397425,0.22992978298165873
523,1.7004951091203043e-05,2.999374822528244e-08,0.11056054687500005,63740,1,1251921760.6926146,0.1501993043518663,2.9169316233177336e-11,3.034098932798953e-15,0.0,0.25931421908951185,0.19320932040207042,0.0,0.06375536594414118,0.0,0.05778437295740809,0.0,0.08297560372392107,0.0,0.11313088487289558,0.22983023301005173
524,1.7034905039746322e-05,2.995394854328073e-08,0.11070312500000001,63650,1,1251491629.7491488,0.14994846351941019,2.916931656009138e-11,3.0337720187506688e-15,0.0,0.2593683839096683,0.1931545518701482,0.0,0.06376146788990826,0.0,0.05781580804516584,0.0,0.082939308398024,0.0,0.11317925194071984,0.22978122794636557
525,1.7064869283300644e-05,2.99642435543229e-08,0.11082226562499997,65982,1,1251663199.5829463,0.15002056384114593,2.9169377539461634e-11,2.9727926484937887e-15,0.0,0.25887805995664515,0.19342274545742938,0.0,0.06362242470171482,0.0,0.0571720625297404,0.0,0.08367846883206147,0.0,0.11441462082092314,0.2288116177014857
526,1.709482941955175e-05,2.996013625110571e-08,0.11097851562500005,65863,1,1150928883.1575947,0.1379279446189379,2.916937323308475e-11,2.9770990253820023e-15,0.0,0.2588479611411274,0.19339680751834712,0.0,0.06356804702486757,0.0,0.05717956389363088,0.0,0.08370144840815896,0.0,0.11442952429559496,0.2288766477182732
527,1.7127411797619384e-05,3.258237806763356e-08,0.11113867187500004,65728,1,1154335700.0770493,0.15044400878750752,2.9169369164791114e-11,2.981167319021196e-15,0.0,0.2588967189779098,0.1934344410663761,0.0,0.06354673743036396,0.0,0.05720260794685693,0.0,0.08366869936558705,0.0,0.11451065848900761,0.22874013672389856
528,1.7159898014581658e-05,3.2486216962272726e-08,0.1112578125,65625,1,1203131206.892003,0.15634072568469862,2.916936291398949e-11,2.987418120644583e-15,0.0,0.2588828031739344,0.19349062565831052,0.0,0.06347868829436136,0.0,0.05719401727406784,0.0,0.0837897619549189,0.0,0.11445825433607192,0.2287058493083351
529,1.7191066684952094e-05,3.11686703704346e-08,0.11142382812499996,65511,1,1201717977.2618384,0.14982380604599868,2.9169358528277676e-11,2.9918038324598895e-15,0.0,0.25890024365019537,0.19357043944679134,0.0,0.06343669477116164,0.0,0.05719644516117723,0.0,0.08378762116776806,0.0,0.11448053427755087,0.22862802152535538
530,1.722227200991981e-05,3.120532496771432e-08,0.11163867187499998,65377,1,1201851521.6093535,0.15001666917904724,2.916935476639136e-11,2.995565718773519e-15,0.0,0.2589793383369198,0.1936527930859532,0.0,0.06336709879459052,0.0,0.05722633356076908,0.0,0.08381882118301578,0.0,0.11440018194859951,0.228555433090152
531,1.7253473867491852e-05,3.120185757204448e-08,0.11178320312500001,65237,1,1224455488.9543092,0.15282114307864178,2.9169350048306243e-11,3.000283803884389e-15,0.0,0.2590812992504325,0.19366449426030438,0.0,0.06332011252249577,0.0,0.05729212167805287,0.0,0.08379780895637132,0.0,0.11439204654657278,0.22845211678577046
532,1.728409972554736e-05,3.06258580555061e-08,0.11195898437499996,65119,1,1223849954.2384598,0.14992581991897888,2.9169345678050964e-11,3.0046540591734778e-15,0.0,0.25925021370130663,0.19372677633759575,0.0,0.06323814175810756,0.0,0.0573417301955585,0.0,0.08375346719466881,0.0,0.11433456029865847,0.2283551105141043
533,1.7314740736620757e-05,3.06410110733994e-08,0.112130859375,64996,1,1226363068.3839157,0.1503080174334385,2.9169341432077465e-11,3.0089000326664485e-15,0.0,0.25944505408371216,0.19362143143300062,0.0,0.06324571946142724,0.0,0.057323509431990376,0.0,0.08374701712215428,0.0,0.11435090836250891,0.2282663601052063
534,1.734531895686137e-05,3.057822024061519e-08,0.11226953125000005,64877,1,1228395487.1980882,0.15024859100048374,2.916933755328475e-11,3.012778825384725e-15,0.0,0.2594551337810097,0.19364322744511325,0.0,0.06328937754427473,0.0,0.057322292195817824,0.0,0.08376535263212832,0.0,0.11434883963675586,0.2281757767649003
535,1.7375846584478707e-05,3.0527627617336595e-08,0.11241406249999997,64780,1,1228465481.0171392,0.15000854698097404,2.916933273058215e-11,3.0176015279880593e-15,0.0,0.2595732851483772,0.19365487525192857,0.0,0.06326012926541108,0.0,0.057352838974216405,0.0,0.08374452706928903,0.0,0.1143929390506637,0.22802140524011394
536,1.7406372472734804e-05,3.0525888256095656e-08,0.11255859374999999,64677,1,1228552299.671766,0.15001060086619872,2.916932828167614e-11,3.022050433991707e-15,0.0,0.2596217247961132,0.19363178899878536,0.0,0.06328301231997224,0.0,0.05736595523165019,0.0,0.08377581120943954,0.0,0.11429810862398057,0.228023598820059
537,1.7436896203804308e-05,3.052373106950263e-08,0.11273046875000003,64560,1,1229430165.0753486,0.15010718290997668,2.916932531172102e-11,3.0250203891084514e-15,0.0,0.2597283343151183,0.19357912609584535,0.0,0.06329048130565855,0.0,0.057347794448872114,0.0,0.08380401261304966,0.0,0.11424512283862921,0.22800512838282685
538,1.7467398139632198e-05,3.050193582788959e-08,0.11286328125,64447,1,1230589962.9865398,0.15014150432584192,2.9169321316121576e-11,3.029015988557356e-15,0.0,0.2597168864430831,0.19347246737964213,0.0,0.06330253002457344,0.0,0.05736683625791715,0.0,0.08380922714844427,0.0,0.11424912608590317,0.2280829266604368
539,1.749787132820672e-05,3.0473188574519656e-08,0.11302539062500006,64337,1,1230710265.9238777,0.15001466405638222,2.916931850947636e-11,3.031822633765701e-15,0.0,0.25989735436935146,0.19331593772140526,0.0,0.06331541930912925,0.0,0.057370958544298335,0.0,0.08380998462043582,0.0,0.11424078522179407,0.22804956021358588
540,1.7528341538002075e-05,3.047020979535687e-08,0.11316796875000001,64235,1,1226967833.172623,0.149543869155697,2.916931590202906e-11,3.034430081065635e-15,0.0,0.26000138069103584,0.193417555486521,0.0,0.06325290808049427,0.0,0.05738497117807462,0.0,0.0837906872389631,0.0,0.11414863139001069,0.2280038659349004
541,1.755890468642874e-05,3.0563148426666286e-08,0.11334179687500001,64105,1,1227477751.0554225,0.15006233878374964,2.9169314491744766e-11,3.035840365361635e-15,0.0,0.26003343040788546,0.1933449363271355,0.0,0.0632420602781272,0.0,0.05736589064465544,0.0,0.08380003791077184,0.0,0.1142320483879306,0.227981596043494
542,1.758945513833531e-05,3.0550451906567234e-08,0.11350781249999997,63996,1,1272254922.3952358,0.15547185127811633,2.9169312064840056e-11,3.038267270076099e-15,0.0,0.2600144538509188,0.19340629086654276,0.0,0.06325280473535687,0.0,0.057333608644779405,0.0,0.08383233532934131,0.0,0.11427145708582832,0.2278890494872324
543,1.761893036326067e-05,2.9475224925363132e-08,0.11365625000000001,63891,1,1276606983.8570244,0.1505131119619009,2.916930993931349e-11,3.040392796631107e-15,0.0,0.26019040417926864,0.19334272752268353,0.0,0.063187379708551,0.0,0.05737902117129502,0.0,0.08379158647236734,0.0,0.11431124553203188,0.22779763541380257
544,1.764830510464482e-05,2.9374741384150118e-08,0.11377734375000004,63791,1,1276732737.2991674,0.15001477589936446,2.916930834944364e-11,3.0419826664862006e-15,0.0,0.2602224739932022,0.19336011261029287,0.0,0.06318879390256464,0.0,0.057386617228001514,0.0,0.08387406873347752,0.0,0.11430974697016515,0.22765818656229617
545,1.767767695272583e-05,2.9371848081007496e-08,0.11390039062500001,63686,1,1278455152.2307687,0.15020236203881382,2.9169306938510975e-11,3.0433935991576394e-15,0.0,0.2602157175437694,0.19339129241902017,0.0,0.06317197386696848,0.0,0.05739321295677075,0.0,0.08386919766105938,0.0,0.11430629147589896,0.22765231407651285
546,1.7707009229211686e-05,2.9332276485855974e-08,0.11408007812499998,63589,1,1218015828.5904326,0.14290870819345414,2.916930657529395e-11,3.0437568161840437e-15,0.0,0.2603194713143523,0.19341197418206105,0.0,0.06310671300655722,0.0,0.05737129551952611,0.0,0.08389118115358936,0.0,0.11433169545789179,0.22756766936602243
547,1.7737797006447222e-05,3.0787777235536783e-08,0.11424999999999996,63445,1,1232350675.4905279,0.15176535229226262,2.916930740561581e-11,3.0429264943266845e-15,0.0,0.260445158643326,0.19336364879649892,0.0,0.06308123632385121,0.0,0.05737144420131291,0.0,0.08388607768052517,0.0,0.11431550875273523,0.22753692560175057
548,1.7768226656664334e-05,3.042965021711324e-08,0.11437304687500005,63342,1,1230882849.310128,0.14982133825100363,2.916930732544766e-11,3.0430066624745765e-15,0.0,0.2605235745145921,0.19336054235898842,0.0,0.063064601513004,0.0,0.057395105790740975,0.0,0.08379582984682117,0.0,0.11429498454550113,0.22756536143035233
549,1.7798692594199346e-05,3.046593753501204e-08,0.11454101562499996,63220,1,1231578447.2698998,0.15008476817596758,2.9169308994030796e-11,3.0413380793372852e-15,0.0,0.260516668087646,0.19334981669366527,0.0,0.06310853440190978,0.0,0.05746440446755904,0.0,0.08379230965981754,0.0,0.11422968710034956,0.22753857958905277
550,1.7829141324512163e-05,3.0448730312817735e-08,0.11466015625000003,65910,1,1231542448.1248984,0.14999561548696944,2.916936893869312e-11,2.9813934170137697e-15,0.0,0.26041631179095837,0.19362586447722552,0.0,0.06292372159574831,0.0,0.05711511600177154,0.0,0.08433550233366267,0.0,0.11494566143154024,0.22663782236909347
551,1.785959094487003e-05,3.0449620357865963e-08,0.11480078125000004,65789,1,1210507407.884749,0.14743796404190004,2.916936365008097e-11,2.9866820291679193e-15,0.0,0.2604716050222873,0.19359284085882475,0.0,0.06291469597468442,0.0,0.0570961924529586,0.0,0.08431726156044779,0.0,0.1150600564837184,0.22654734764707887
552,1.7890569689614374e-05,3.09787447443447e-08,0.11496874999999995,65636,1,1210552949.090193,0.1500056432375152,2.9169360149211595e-11,2.9901828985385763e-15,0.0,0.26043082359336783,0.19363278064691491,0.0,0.06294169611307421,0.0,0.057114705082902964,0.0,0.08432998097309052,0.0,0.11511280239195434,0.2264372111986953
553,1.7921547268933133e-05,3.0977579318759756e-08,0.11511523437500004,65508,1,1210622307.8075962,0.1500085942606792,2.916935488418769e-11,2.995447922446667e-15,0.0,0.26048965879977604,0.19360694955801763,0.0,0.06289553606270891,0.0,0.0571268599738713,0.0,0.08432447106330274,0.0,0.1151020546666893,0.22645446987563414
554,1.7952523073490965e-05,3.09758045578323e-08,0.11529882812500003,65373,1,1210516010.3719044,0.14998682940562805,2.916934989258753e-11,3.0004395226032524e-15,0.0,0.2606169430657429,0.1936035776599529,0.0,0.06284620466518727,0.0,0.05712059356631037,0.0,0.08427489709145733,0.0,0.1151220503786018,0.22641573357274744
555,1.7983501598086008e-05,3.097852459504352e-08,0.11544140624999999,65258,1,1210836868.5238357,0.1500397588486045,2.916934428393665e-11,3.006048173478335e-15,0.0,0.26071803201028654,0.19351673264981556,0.0,0.06280242276587825,0.0,0.05710080194904069,0.0,0.08427232429871755,0.0,0.11523364802219739,0.22635603830406387
556,1.8014471913720447e-05,3.0970315634439896e-08,0.11563085937499995,65160,1,1210797766.8648148,0.14999515603711314,2.916933823388411e-11,3.012098226020827e-15,0.0,0.2607131395368478,0.19357127172609498,0.0,0.0627839805415266,0.0,0.05709170143404895,0.0,0.08438761549245814,0.0,0.11521375605965914,0.22623853520936438
557,1.804544322951425e-05,3.097131579380164e-08,0.11578124999999995,65043,1,1211534127.2869382,0.15009122420468657,2.9169333117661606e-11,3.0172144485220758e-15,0.0,0.26074561403508767,0.19358974358974354,0.0,0.06273616734143049,0.0,0.057135627530364365,0.0,0.0844298245614035,0.0,0.1151821862348178,0.22618083670715247
558,1.807639572119847e-05,3.0952491684221905e-08,0.115919921875,64917,1,1210410797.5988834,0.14986092058868739,2.9169328673215315e-11,3.021658894811974e-15,0.0,0.26080436723896816,0.1935603443918384,0.0,0.06277906016747822,0.0,0.057084126636450946,0.0,0.08444676585061751,0.0,0.11519603713501037,0.2261292985796364
559,1.8107376938545828e-05,3.098121734735803e-08,0.1160703125,64814,1,1220973175.5080523,0.1513089413028356,2.9169323322197703e-11,3.0270099124310795e-15,0.0,0.26080298849027395,0.19346099481725787,0.0,0.06278185367166993,0.0,0.05707747189876826,0.0,0.08448879316147272,0.0,0.11521505014471295,0.2261728478158444
560,1.8138090144005397e-05,3.0713205459568003e-08,0.11621875000000004,64705,1,1292422780.4851272,0.15877778559066352,2.916931851775279e-11,3.031814357337348e-15,0.0,0.26070516267813926,0.19343237429416507,0.0,0.06280250067222372,0.0,0.057189432643183644,0.0,0.08451532670072599,0.0,0.11528636730303844,0.2260688357085238
561,1.816710541715458e-05,2.9015273149181024e-08,0.116375,64601,1,1292206808.3437767,0.14997493403730439,2.9169314473577114e-11,3.0358585330128853e-15,0.0,0.2606740064446832,0.1934747583243824,0.0,0.06281887755102042,0.0,0.05724691192266381,0.0,0.08451933404940924,0.0,0.1152826262083781,0.22598348549946295
562,1.8196125539752496e-05,2.9020122597917434e-08,0.11651562500000001,64458,1,1292100817.4727128,0.14998769652770988,2.9169311795388343e-11,3.0385367217868375e-15,0.0,0.2606275982298512,0.19350945420410356,0.0,0.06282687407804748,0.0,0.05726163336462385,0.0,0.08456819096151269,0.0,0.11524406597827547,0.22596218318358594
563,1.8225148042867498e-05,2.9022503115003207e-08,0.11666406250000005,64305,1,1291047212.4099271,0.1498776869751333,2.916931024140724e-11,3.0400907028945483e-15,0.0,0.26074800776803053,0.1934808812696712,0.0,0.06279716065090739,0.0,0.057255742315676685,0.0,0.08459452219915622,0.0,0.1152648496618228,0.22585883613473512
564,1.8254194230829904e-05,2.9046187962406733e-08,0.11679296875,64221,1,1289922995.7764935,0.14986938316941928,2.916930497481826e-11,3.045357291875394e-15,0.0,0.260727783537911,0.1935349008328038,0.0,0.0627612963644269,0.0,0.05725944011505402,0.0,0.08458476872136193,0.0,0.11533830562895081,0.22579350479949165
565,1.8283265733642696e-05,2.9071502812790896e-08,0.116943359375,64113,1,1289917963.5028174,0.14999941481696666,2.916930212285814e-11,3.048209251988054e-15,0.0,0.26070981210855954,0.19351983298538625,0.0,0.06271398747390397,0.0,0.05735281837160752,0.0,0.08460960334029229,0.0,0.11529018789144051,0.22580375782881007
566,1.8312337349870264e-05,2.9071616227568018e-08,0.11708984374999998,64004,1,1136483482.498428,0.13215764660865728,2.916929910596364e-11,3.051226146485675e-15,0.0,0.2607839866555463,0.19347789824854048,0.0,0.0627189324437031,0.0,0.057364470391993334,0.0,0.08467055879899918,0.0,0.11529608006672229,0.22568807339449543
567,1.8345333869905523e-05,3.2996520035258726e-08,0.117234375,63885,1,1212341734.716729,0.1600122333566435,2.91692960714627e-11,3.054260647432036e-15,0.0,0.2608290017326403,0.19345595095295215,0.0,0.0626749300279888,0.0,0.057393709182993476,0.0,0.08471611355457817,0.0,0.11530387844862056,0.22562641610022657
568,1.837626574243465e-05,3.093187252912819e-08,0.1173515625,63759,1,1207276663.3763597,0.14937331143579505,2.916929395239373e-11,3.0563797163994174e-15,0.0,0.26088476133413224,0.19347912921909333,0.0,0.06266227281805474,0.0,0.057386325810531935,0.0,0.08473137607349712,0.0,0.11523866586778511,0.2256174688769057
569,1.8407327388151486e-05,3.10616457168357e-08,0.11751171875,63636,1,1207470777.1547518,0.15002411797365267,2.916929262676712e-11,3.057705343017556e-15,0.0,0.26092809892630386,0.193398264800718,0.0,0.06265997407173486,0.0,0.05737459694844264,0.0,0.08476548216600736,0.0,0.11529767642854767,0.2255759066582455
570,1.843838404037819e-05,3.10566522267014e-08,0.11766601562500001,63532,1,1218405166.9258702,0.15135834216173127,2.9169290399877285e-11,3.0599322328434763e-15,0.0,0.26106730849033116,0.19334384596232054,0.0,0.06264420283840982,0.0,0.05744875093368745,0.0,0.08478711926300939,0.0,0.11524607851273966,0.22546269399950206
571,1.8469161979456217e-05,3.0777939078028844e-08,0.11778710937500003,63437,1,1218681691.6786704,0.15003404344798102,2.9169287994113e-11,3.062337997129012e-15,0.0,0.26106422140050073,0.19329431077652676,0.0,0.06264612731523703,0.0,0.057489180360488834,0.0,0.084799442850747,0.0,0.11524366988906759,0.22546304740743198
572,1.8499932934871446e-05,3.077095541522881e-08,0.11793945312499998,63317,1,1218268571.5754056,0.14994915159888522,2.9169288294720055e-11,3.062037390080172e-15,0.0,0.26109133062846734,0.19329303635008693,0.0,0.06263144820733625,0.0,0.057481162540365976,0.0,0.08480582926223398,0.0,0.11534321437443072,0.22535397863707873
573,1.853071432484977e-05,3.078138997832541e-08,0.11810742187500001,63199,1,1173289566.3302643,0.14446193479484867,2.916928773991947e-11,3.0625921906598896e-15,0.0,0.2611665095665691,0.19329926741743977,0.0,0.0625754493889633,0.0,0.05746556200492798,0.0,0.08485058953878719,0.0,0.11544376643349705,0.22519885564981562
574,1.8562675744328928e-05,3.196141947915718e-08,0.11827929687500005,63059,1,1171088479.8003502,0.14971860060042996,2.9169289049070685e-11,3.0612830394431306e-15,0.0,0.2611833088393138,0.19338166085965752,0.0,0.06255057051800723,0.0,0.05751415974504203,0.0,0.0848428804967057,0.0,0.1154246272230387,0.22510279231823513
575,1.859469723599828e-05,3.202149166935113e-08,0.118455078125,66024,1,1171354721.5797734,0.15003410183568736,2.916934790853633e-11,3.002423573799139e-15,0.0,0.2611914458606078,0.19418292140018797,0.0,0.06235881877689657,0.0,0.057082557008359576,0.0,0.08534353410608585,0.0,0.11614371217992053,0.22369701066794176
576,1.8626711449378e-05,3.201421337972223e-08,0.11863281250000002,65850,1,1137944124.820313,0.14572154410479507,2.916934443959903e-11,3.005892511103342e-15,0.0,0.26117879486335194,0.19412248929864998,0.0,0.062314784326638124,0.0,0.0571452090879157,0.0,0.0853803095159697,0.0,0.11613434310174513,0.22372406980572931
577,1.865966561574001e-05,3.2954166362009585e-08,0.11881640625,65713,1,1139247209.979103,0.15017176834042656,2.916933820852079e-11,3.0121235893424772e-15,0.0,0.2612519314856824,0.19403622973994805,0.0,0.06230068711575764,0.0,0.057204852549561105,0.0,0.08539632442384193,0.0,0.11615215175724102,0.22365782292796793
578,1.8692582088715783e-05,3.29164729757713e-08,0.11896874999999996,65561,1,1139357818.715174,0.15001456339788705,2.916933298017674e-11,3.0173519333921315e-15,0.0,0.2612785657998424,0.19409968479117415,0.0,0.06225374310480693,0.0,0.05723010244286839,0.0,0.08538547412660887,0.0,0.11611833464670343,0.22363409508799578
579,1.8725495366163854e-05,3.291327744806968e-08,0.11912695312499999,65434,1,1138311691.030494,0.14986227403707209,2.9169326820036764e-11,3.0235120733678583e-15,0.0,0.2612922794419032,0.19405505549817198,0.0,0.06220385945928223,0.0,0.05720328562294035,0.0,0.08548521961536572,0.0,0.1161280802715066,0.22363222009083014
580,1.8758438891470224e-05,3.294352530637008e-08,0.11930664062499996,65298,1,1184544834.5573757,0.15609233093508346,2.916932138639349e-11,3.028945716643967e-15,0.0,0.26142260784153226,0.19400834902185476,0.0,0.06219202750266022,0.0,0.05716624375869689,0.0,0.08555291806499139,0.0,0.11605140378161577,0.2236064500286486
581,1.879009662100987e-05,3.1657729539644215e-08,0.11945703124999996,65169,1,1235577484.1250057,0.15646231127081392,2.9169315737340436e-11,3.0345947696966303e-15,0.0,0.26148588993165695,0.1939603021483928,0.0,0.062179130832870085,0.0,0.05717602432883162,0.0,0.08557601124881462,0.0,0.1160361008469311,0.22358654066250283
582,1.8820446801781055e-05,3.0350180771185086e-08,0.11958203125,65057,1,1242220812.706083,0.15080650489343228,2.9169310221964415e-11,3.0401101457184965e-15,0.0,0.26147388364420343,0.1938882174239702,0.0,0.06221213210074151,0.0,0.05718158952079182,0.0,0.08555188972005356,0.0,0.11609446966974815,0.22359781792049127
583,1.8850634671454813e-05,3.0187869673757204e-08,0.11972656250000002,64936,1,1241759663.2129862,0.14994431551680906,2.916930517089014e-11,3.045161219997335e-15,0.0,0.2615497553017945,0.1938336052202284,0.0,0.06220228384991844,0.0,0.05717781402936379,0.0,0.08556280587275693,0.0,0.11608482871125614,0.2235889070146819
584,1.888083375192983e-05,3.019908047501782e-08,0.11985937499999999,64802,1,1239515138.5132067,0.14972886967185275,2.916930059705978e-11,3.0497350503598928e-15,0.0,0.2615206622343893,0.19378177551818537,0.0,0.06218224481814627,0.0,0.057195932733672274,0.0,0.08561465258766784,0.0,0.11615174032068831,0.22355299178725072
585,1.8911087517160144e-05,3.025376523031505e-08,0.12000390625000001,64699,1,1239488667.1877918,0.14999679657094223,2.9169295684164214e-11,3.0546479459156325e-15,0.0,0.26162885322743396,0.19369486670355782,0.0,0.062205006347449625,0.0,0.05719214869307639,0.0,0.08564174343283096,0.0,0.11609322613196185,0.2235441554636893
586,1.8941341928509527e-05,3.025441134938466e-08,0.12013476562500003,64593,1,1240221496.9183316,0.15008868532846725,2.916929033486874e-11,3.0599972413919132e-15,0.0,0.2616202506950202,0.1936789738087109,0.0,0.062218537124648414,0.0,0.057243655400022755,0.0,0.08564600302394772,0.0,0.11608057357459882,0.22351200637305108
587,1.8971578462945657e-05,3.0236534436130136e-08,0.12026953124999995,64474,1,1239428025.0742278,0.14990403264504662,2.916928592784102e-11,3.064404269114363e-15,0.0,0.2616843677936926,0.19362434635746534,0.0,0.06223001721394004,0.0,0.057293189125986556,0.0,0.08561499236740394,0.0,0.11611289746337979,0.22344018967813178
588,1.9001834354567725e-05,3.025589162206831e-08,0.12041796874999999,64355,1,1239418988.9919078,0.14999890642109054,2.9169282421933334e-11,3.06791017679927e-15,0.0,0.26171862328478285,0.19371005936354493,0.0,0.062218185356992244,0.0,0.05730366237389301,0.0,0.08565543192655789,0.0,0.11603464495409868,0.2233593927401304
589,1.903209046677277e-05,3.0256112205042906e-08,0.12054882812500001,64231,1,1238316631.9394393,0.14986658784532197,2.916927864801766e-11,3.0716840924784987e-15,0.0,0.2617423567343368,0.19367800262471446,0.0,0.06219925147032615,0.0,0.057338669172566886,0.0,0.08569206590949596,0.0,0.11608690721148394,0.22326274687707592
590,1.9062373513154266e-05,3.028304638149604e-08,0.12067578125,64075,1,1240577419.804862,0.15027385417514927,2.916927698102655e-11,3.07335108357859e-15,0.0,0.2617745120253779,0.1937170232738808,0.0,0.06213381672223481,0.0,0.05735927232706438,0.0,0.08579613504677434,0.0,0.11609426083578803,0.22312497976887966
591,1.9092601372698813e-05,3.02278595445487e-08,0.12082421875000005,63940,1,1198679869.9084978,0.14493410698588793,2.9169274672199687e-11,3.075659910448402e-15,0.0,0.261808541592577,0.19367301412822086,0.0,0.06217063787139116,0.0,0.05736962917461446,0.0,0.08588471113122757,0.0,0.11611328440722898,0.2229801816947399
592,1.912388578894822e-05,3.1284416249404925e-08,0.12097851562499995,63814,1,1232126108.4999728,0.15418538420029043,2.9169271840262474e-11,3.078491847660568e-15,0.0,0.2618298057829224,0.19366816809544565,0.0,0.06217206696695242,0.0,0.05737718151143831,0.0,0.08590432831242634,0.0,0.11612663663809107,0.2229218126927237
593,1.9154320985265626e-05,3.0435196317407495e-08,0.12111132812500003,63712,1,1197570643.0014684,0.1457931904948545,2.9169268438234393e-11,3.081893875735796e-15,0.0,0.2618168330403651,0.19360092889741815,0.0,0.06221677498427648,0.0,0.05733038752439163,0.0,0.08593913786708383,0.0,0.11619281072102439,0.2229031269654405
594,1.9185634378107333e-05,3.131339284170647e-08,0.12126562500000004,63601,1,1180275613.6885955,0.1478337358116687,2.916926604562709e-11,3.084286483034543e-15,0.0,0.2618219301636387,0.1934995490271872,0.0,0.062169823476356134,0.0,0.05743460894214662,0.0,0.08591032083494395,0.0,0.11630266718206417,0.22286110037366316
595,1.9217406618052887e-05,3.1772239945553945e-08,0.12141601562500004,63477,1,1233273760.0691204,0.15673547929388648,2.9169264747456644e-11,3.085584653487172e-15,0.0,0.26188369661385025,0.19356551113970882,0.0,0.062157162390412614,0.0,0.05739564063379715,0.0,0.08593259872918846,0.0,0.11631947237191347,0.22274591812112923
596,1.924781349219079e-05,3.040687413790289e-08,0.12155664062500005,63346,1,1186854852.2844782,0.14435418445349382,2.9169263085243956e-11,3.0872468661710605e-15,0.0,0.2618378135192892,0.19358259556212543,0.0,0.06218166042707714,0.0,0.057409579510580525,0.0,0.08591352410945258,0.0,0.11637771743496633,0.22269710943650883
597,1.9279409605167722e-05,3.159611297693173e-08,0.121708984375,63197,1,1214560894.66443,0.15350161298072246,2.916926361330532e-11,3.0867188048158767e-15,0.0,0.2618310198186632,0.19361309476049104,0.0,0.062168017331300646,0.0,0.05741795715317338,0.0,0.08593436572253871,0.0,0.11634437936291421,0.22269116585091872
598,1.9310284961162417e-05,3.087535599469539e-08,0.12184765625000005,63087,1,1233794528.1169217,0.15237538111966867,2.916926261726989e-11,3.087714840246335e-15,0.0,0.26190170871669927,0.1935530407463213,0.0,0.062145353124098364,0.0,0.05744878658673421,0.0,0.08590068284551022,0.0,0.11635623377039721,0.22269419421023948
599,1.9340679000968408e-05,3.039403980599132e-08,0.12197460937500004,62970,1,1214487490.4118345,0.14765272450982322,2.9169262605600816e-11,3.08772650931308e-15,0.0,0.2619333557509087,0.19354373829081997,0.0,0.06209668380009927,0.0,0.05745304318585771,0.0,0.08585931370194232,0.0,0.1164432915405678,0.22267057372980414
600,1.93715562230856e-05,3.087722211719422e-08,0.12207812500000004,66250,1,1216533467.1227512,0.15025269630939833,2.916932612032394e-11,3.0242117861926354e-15,0.0,0.2613912709586586,0.19424356841162166,0.0,0.06198003327787021,0.0,0.05718034045821067,0.0,0.08617048508895431,0.0,0.11728849353641366,0.2217458082682708
601,1.9402381515618402e-05,3.0825292532799804e-08,0.12225781250000001,66127,1,1096004786.806396,0.13513867268262417,2.91693201358465e-11,3.030196263636602e-15,0.0,0.26124672503035334,0.19430954054572175,0.0,0.06192088951370695,0.0,0.057144226468144925,0.0,0.08628346859224231,0.0,0.11733976611924085,0.2217553837305898
602,1.9436596694649936e-05,3.4215179031534825e-08,0.12246679687499995,65954,1,1095289357.5016112,0.14990208583300954,2.916931509567888e-11,3.0352364312460226e-15,0.0,0.26127936462370216,0.19426502719168137,0.0,0.061894965153182456,0.0,0.05712645327974737,0.0,0.08632760792944515,0.0,0.1173947020078784,0.2217118798143629
603,1.9470834222608336e-05,3.423752795840055e-08,0.12265234375,65780,1,1095665082.8222094,0.15005145562467462,2.9169309657493476e-11,3.0406746166549372e-15,0.0,0.26129813051371065,0.19427370298417146,0.0,0.061865027548648054,0.0,0.057310742380330584,0.0,0.08630848116182045,0.0,0.11736042549125769,0.22158348992006116
604,1.9505060009838323e-05,3.422578722998789e-08,0.12284375000000003,65665,1,1148463070.3195217,0.15722821074501828,2.9169301338660213e-11,3.048993449921768e-15,0.0,0.2613361740015263,0.19414589163062831,0.0,0.06181633172220807,0.0,0.05731684049860085,0.0,0.08633299414907147,0.0,0.11746374968201474,0.22158801831595012
605,1.9537712344048395e-05,3.265233421007335e-08,0.12299609374999998,65525,1,1143377959.0521355,0.14933583698960753,2.916929443038282e-11,3.055901727311395e-15,0.0,0.2614888684218884,0.19412773525581983,0.0,0.06175564518690253,0.0,0.05726172706196208,0.0,0.08632133896528725,0.0,0.117492933591641,0.22155175151649886
606,1.9570509897738416e-05,3.279755369002183e-08,0.12312500000000004,65380,1,1263263628.2893937,0.16572782669389272,2.9169288319061874e-11,3.062013048255949e-15,0.0,0.2614847715736041,0.19421002538071067,0.0,0.061754441624365476,0.0,0.05721763959390863,0.0,0.08631027918781727,0.0,0.11749682741116751,0.2215260152284264
607,1.9600194912932577e-05,2.968501519415973e-08,0.12324804687500002,65267,1,1198281090.1883872,0.14228396947646627,2.916928268908826e-11,3.0676430218742646e-15,0.0,0.2615406557532922,0.19417460342614454,0.0,0.061740329302885755,0.0,0.05717636245503383,0.0,0.08631919243142165,0.0,0.11752214633218705,0.2215267102990349
608,1.963148974042093e-05,3.1294827488352046e-08,0.12339453125,65126,1,1222652065.7422569,0.15305074190272477,2.916927839564614e-11,3.071936463996748e-15,0.0,0.26164171072208675,0.19411820570451738,0.0,0.061730349172180184,0.0,0.05715597201557504,0.0,0.0863433473677546,0.0,0.11747760296305676,0.2215328120548292
609,1.9662160771903e-05,3.067103148207107e-08,0.12354882812500001,64989,1,1198139794.9196475,0.14699273347961075,2.9169274031779486e-11,3.0763003306424423e-15,0.0,0.2617101664637906,0.19411290450068763,0.0,0.061669064293279785,0.0,0.057163634064214236,0.0,0.08631455807262436,0.0,0.11755220766081223,0.22147746494459108
610,1.9693459289954904e-05,3.1298518051906384e-08,0.12368749999999995,64872,1,1223216799.2798235,0.15313949229461887,2.9169268030815216e-11,3.0823012949133667e-15,0.0,0.26182731177362306,0.19408476503284489,0.0,0.06166308741788783,0.0,0.0572100808489136,0.0,0.0862967407781708,0.0,0.11756253158160687,0.22135548256695303
611,1.9724116161265105e-05,3.065687131020303e-08,0.12385351562500002,64764,1,1230083801.0050337,0.15084208315270684,2.916926259349715e-11,3.0877386129836094e-15,0.0,0.26182328544620187,0.19407692428997209,0.0,0.061659281219939126,0.0,0.05722801318341665,0.0,0.08632299370791478,0.0,0.11762572343210383,0.22126377872045164
612,1.9754601889123127e-05,3.048572785802139e-08,0.12400976562499999,64620,1,1154845749.263353,0.14082525292014156,2.916925867673093e-11,3.0916553792047705e-15,0.0,0.26188713716472684,0.19400563841683335,0.0,0.061676090277668405,0.0,0.05718740648575433,0.0,0.08632447671396848,0.0,0.11766651441891231,0.22125273652213628
613,1.978707375822246e-05,3.247186909933235e-08,0.12414453125000002,64476,1,1230031321.9767768,0.1597656643012345,2.9169254520232076e-11,3.095811878061683e-15,0.0,0.26182310185330854,0.19410968817847138,0.0,0.06164060287593215,0.0,0.05720398980522954,0.0,0.08632516283313929,0.0,0.11769610773732733,0.22120134671659164
614,1.9817560786747663e-05,3.048702852520369e-08,0.12430273437499995,64326,1,1153038713.6177552,0.1406108966109147,2.9169251840666586e-11,3.0984914435498284e-15,0.0,0.2617884134940214,0.19409832974561228,0.0,0.06165642725830022,0.0,0.05724117342048615,0.0,0.0863095705733545,0.0,0.11776629008689095,0.22113979542133466
615,1.9850083545573635e-05,3.2522758825972646e-08,0.12445312500000005,64197,1,1228702745.3475707,0.15984321222299813,2.916924766774744e-11,3.1026643626872663e-15,0.0,0.26172316384180794,0.19402071563088513,0.0,0.06175455116133082,0.0,0.057266164469554307,0.0,0.08637790332705587,0.0,0.1177024482109228,0.22115505335844318
616,1.9880603539235237e-05,3.051999366160132e-08,0.12462499999999999,64043,1,1162883054.8883553,0.14196473385750477,2.916924536520495e-11,3.104966905178595e-15,0.0,0.26164430792377136,0.19416060682046138,0.0,0.06171639919759278,0.0,0.05731256268806419,0.0,0.08636848044132397,0.0,0.1176968405215647,0.22110080240722169
617,1.991285097791135e-05,3.224743867611026e-08,0.12476171874999997,63894,1,1230792222.4565449,0.15875958686680355,2.916924221313708e-11,3.1081189730494462e-15,0.0,0.2615924105325777,0.19412004132878297,0.0,0.06169573249005916,0.0,0.05729672187607627,0.0,0.08643038291743636,0.0,0.11777137668680922,0.22109333416825824
618,1.9943319158743005e-05,3.0468180831654544e-08,0.12493359375000002,63779,1,1230157027.3708525,0.14992258704506298,2.9169239190782876e-11,3.111141327251314e-15,0.0,0.2616858956320545,0.19404058406028205,0.0,0.06167338898789982,0.0,0.057311696838945686,0.0,0.08646781102460682,0.0,0.11778132132695496,0.22103930212925618
619,1.9973803071906633e-05,3.048391316362814e-08,0.12507421875000002,63675,1,1190006218.4351256,0.14510418490781551,2.9169235509714224e-11,3.1148223959034374e-15,0.0,0.2617508354414566,0.19402542240544673,0.0,0.06168212623754645,0.0,0.05734095380867609,0.0,0.08646428682969484,0.0,0.11775820606514878,0.2209781692120303
620,2.0005315512278006e-05,3.1512440371373025e-08,0.1251875,63546,1,1204711195.9644988,0.15185355891022703,2.91692337804313e-11,3.1165516788256853e-15,0.0,0.26181040938592115,0.19405267099350976,0.0,0.06167311532700949,0.0,0.05738267598602097,0.0,0.0865108587119321,0.0,0.11768285072391414,0.22088741887169247
621,2.0036443304669756e-05,3.112779239175019e-08,0.12530859375000003,63430,1,1186523814.3072724,0.14773546783849734,2.916923186949329e-11,3.1184626168392305e-15,0.0,0.2618067894884504,0.19406777019233765,0.0,0.06162910315159449,0.0,0.05734280993796564,0.0,0.08655194987374917,0.0,0.11772499142741358,0.22087658592848902
622,2.0068048232904502e-05,3.1604928234747314e-08,0.125408203125,63280,1,1204174835.8198547,0.15223143707270057,2.9169232912545164e-11,3.117419564970252e-15,0.0,0.26183245339438393,0.19405379308196666,0.0,0.061626874737186366,0.0,0.057328411904873144,0.0,0.0866077964148328,0.0,0.11777165194910369,0.22077901851765325
623,2.0099189890149373e-05,3.11416572448704e-08,0.12557812499999998,63148,1,1186972336.612173,0.14785714266367694,2.9169232733731056e-11,3.117598379079695e-15,0.0,0.2619447555057857,0.19400895856662936,0.0,0.06159014557670773,0.0,0.05734415826801045,0.0,0.0865839243498818,0.0,0.11778337688192111,0.22074468085106386
624,2.013078287580145e-05,3.159298565207641e-08,0.12573828124999997,63007,1,1202497434.3229659,0.15196193675689662,2.9169232764318534e-11,3.1175677915959255e-15,0.0,0.26193730777594826,0.19387057690515394,0.0,0.06157382956910746,0.0,0.057410916772810586,0.0,0.0865823728602939,0.0,0.11785081860262824,0.22077417751405762
625,2.0161967973523604e-05,3.118509772215304e-08,0.12575976562500002,66586,1,1140557314.7842822,0.14227356527705723,2.916929602607877e-11,3.05430603136406e-15,0.0,0.2616440696392241,0.1946916398763764,0.0,0.06154777990029353,0.0,0.057199211045364885,0.0,0.08675394865582631,0.0,0.1181723586326857,0.21999099225022908
626,2.019484663688748e-05,3.287866336387708e-08,0.12593554687499997,66428,1,1149046061.6020136,0.15111639459600548,2.916928983386635e-11,3.0604982437830198e-15,0.0,0.2615580266443338,0.1947300671536469,0.0,0.06153941593386994,0.0,0.05719691682563314,0.0,0.086772437537803,0.0,0.11822453822174661,0.21997859768296654
627,2.0227482404288934e-05,3.263576740145391e-08,0.12611914062499996,66261,1,1149278800.4220736,0.15003038243998706,2.916928370975972e-11,3.066622350412466e-15,0.0,0.26156443095411397,0.1946943769067567,0.0,0.061573722763384076,0.0,0.057206572406423746,0.0,0.08672355318786491,0.0,0.1183466774038685,0.2198906663775882
628,2.026011156266741e-05,3.262915837847882e-08,0.12632421875,66141,1,1151603724.6211987,0.15030344127964482,2.91692757901202e-11,3.074541989926383e-15,0.0,0.26149540802127463,0.19482667986023067,0.0,0.061489223538142804,0.0,0.057237391385015005,0.0,0.08675283713163673,0.0,0.11832462351958935,0.21987383654411083
629,2.0292674847413938e-05,3.256328474652599e-08,0.126478515625,66002,1,1151672978.8197446,0.1500090205767486,2.916926825217648e-11,3.082079933657066e-15,0.0,0.26140803310838984,0.19488240653520084,0.0,0.06153774881479995,0.0,0.05729110366446871,0.0,0.08686319625677534,0.0,0.11830381271522769,0.21971369890513764
630,2.032523617401416e-05,3.2561326600221775e-08,0.12666015625000004,65837,1,1151554320.7325907,0.1499845453410817,2.9169263197777975e-11,3.0871343321563404e-15,0.0,0.2612490362374711,0.1948650732459522,0.0,0.061480339244410175,0.0,0.05733230531996915,0.0,0.0869545104086353,0.0,0.11827293754818811,0.21984579799537393
631,2.0357800855788046e-05,3.2564681773885764e-08,0.12680859374999998,65709,1,1151709285.1423762,0.1500201854667638,2.916925644603852e-11,3.0938860716140707e-15,0.0,0.26114345562640545,0.19488340572343898,0.0,0.06146998120937683,0.0,0.05741921572251486,0.0,0.08699134399162123,0.0,0.11828851307642546,0.21980408465021717
632,2.0390361155929557e-05,3.2560300141510265e-08,0.12697460937500005,65566,1,1299070551.3868337,0.16919250823261017,2.9169250011458017e-11,3.1003206521190284e-15,0.0,0.26115580440233194,0.19495162357139562,0.0,0.06143575702573412,0.0,0.0574364338342742,0.0,0.08710833551245174,0.0,0.11825691036901448,0.21965513528479794
633,2.0419227948391264e-05,2.8866792461707763e-08,0.127140625,65431,1,1233183520.2806652,0.14239221098856059,2.9169243886819194e-11,3.106445290935736e-15,0.0,0.2611681209290893,0.1949274917045594,0.0,0.0614630699274917,0.0,0.05737679734545901,0.0,0.08710212609069681,0.0,0.11834828560894678,0.2196141083937569
634,2.0449637047591247e-05,3.040909919998382e-08,0.12729882812500004,65293,1,1302957964.2209103,0.15848711194961052,2.916923793069232e-11,3.1124014178077465e-15,0.0,0.2611657486536662,0.19486935575433054,0.0,0.06147874250118908,0.0,0.05742823388618685,0.0,0.08716264940086227,0.0,0.11823189161820888,0.21966337818555629
635,2.047841771514135e-05,2.8780667550102217e-08,0.12741406249999998,65175,1,1344222974.2684832,0.1547505381425233,2.916923202188269e-11,3.118310227437341e-15,0.0,0.2612514562511497,0.1948310748666381,0.0,0.06145379851615673,0.0,0.057437611134956164,0.0,0.08714513458826416,0.0,0.1182016064749525,0.21967931816788278
636,2.0506314872620307e-05,2.7897157478957118e-08,0.12753906250000002,65047,1,1273097631.17073,0.1420632204114285,2.916922756827311e-11,3.1227638370232274e-15,0.0,0.2612251148545176,0.19483920367534455,0.0,0.061454823889739656,0.0,0.057442572741194485,0.0,0.0871209800918836,0.0,0.11826952526799386,0.21964777947932618
637,2.0535770586841938e-05,2.945571422163067e-08,0.12767382812500006,64920,1,1279131208.271392,0.1507108932912451,2.9169221831368335e-11,3.1285007418007073e-15,0.0,0.2612553350976763,0.19480181737520844,0.0,0.061420551025715545,0.0,0.05748902384922517,0.0,0.08712080649849317,0.0,0.11826706848812127,0.21964539766556013
638,2.0565087360412555e-05,2.9316773570615326e-08,0.12780664062500002,64764,1,1259205696.39553,0.14766339312022697,2.916921804480763e-11,3.1322873024997006e-15,0.0,0.2612894845423843,0.19475220441034893,0.0,0.061402570411235244,0.0,0.05747512874978988,0.0,0.08721365588275747,0.0,0.11823586044592511,0.21963109555755922
639,2.0594868038904834e-05,2.9780678492277758e-08,0.12795117187500005,64639,1,1280905471.331913,0.15258493608294085,2.91692130630208e-11,3.137269089329363e-15,0.0,0.26136068751812674,0.19465433286013037,0.0,0.06139426966463648,0.0,0.057455999755766214,0.0,0.08731358092534079,0.0,0.11823968493840731,0.21958144433759216
640,2.0624144203960955e-05,2.9276165056119787e-08,0.12805859374999995,64496,1,1279342555.262449,0.14981697524472604,2.9169209737890934e-11,3.14059421920247e-15,0.0,0.26129396333465515,0.1946435652624836,0.0,0.06137327273281883,0.0,0.057453558246652235,0.0,0.08733184882408565,0.0,0.11824726230058262,0.21965652929872187
641,2.065345613440972e-05,2.9311930448766406e-08,0.12816796875000003,64368,1,1233815345.5130856,0.144662038377201,2.916920560418793e-11,3.1447279221919598e-15,0.0,0.2614062357136326,0.19458413336990643,0.0,0.06135137606290573,0.0,0.05746548413641766,0.0,0.08730303861509858,0.0,0.11834445765139738,0.21954527445064156
642,2.068384966139605e-05,3.0393526986329966e-08,0.12828906250000005,64226,1,1279456847.6664968,0.15554882490958535,2.916920298585429e-11,3.1473462558444397e-15,0.0,0.2613269593812801,0.1945527068997016,0.0,0.06138481213080811,0.0,0.05751781255709153,0.0,0.08737287619511602,0.0,0.11830887278484868,0.219535960051154
643,2.0713158973443885e-05,2.9309312047837617e-08,0.12842578125000004,64090,1,1278909349.8326018,0.1499358128605634,2.9169200628233767e-11,3.1497038763604257e-15,0.0,0.26135292149527023,0.19460413054719103,0.0,0.06139550445600267,0.0,0.057563037990084255,0.0,0.08738631870304467,0.0,0.11828938163457736,0.2194087051738297
644,2.074248083273353e-05,2.9321859289642712e-08,0.12858203125,63950,1,1210492457.5941958,0.14197555805100323,2.916919790361895e-11,3.1524284911857054e-15,0.0,0.26144545371692435,0.19458030804751342,0.0,0.061396846614211506,0.0,0.057584226995169664,0.0,0.0874016465656044,0.0,0.11832791566667679,0.21926360239389978
645,2.077345996008351e-05,3.097912734997928e-08,0.12873046875000005,63828,1,1260272183.3763406,0.1561685298578084,2.916919481084561e-11,3.155521264519095e-15,0.0,0.26147777272037626,0.19456835078136853,0.0,0.061417083902291,0.0,0.05762403277196177,0.0,0.08734638142922167,0.0,0.11837353967531482,0.21919283871946593
646,2.080321543711033e-05,2.975547702682398e-08,0.12886523437499997,63712,1,1233949362.4531093,0.14686700762695035,2.916919165977609e-11,3.1586723340444485e-15,0.0,0.26141651131420607,0.19460737507388715,0.0,0.06145894905954925,0.0,0.05766986465390503,0.0,0.08733081738128799,0.0,0.11837099683232544,0.21914548568483913
647,2.0833605663112354e-05,3.039022600202123e-08,0.12900390625000002,63589,1,1224362579.6059883,0.14883462201057476,2.916918991578608e-11,3.160416324055573e-15,0.0,0.2614383043149129,0.19462528387585157,0.0,0.06143830431491293,0.0,0.057607872823618456,0.0,0.08734292202876608,0.0,0.11838001514004538,0.21916729750189248
648,2.086423384517593e-05,3.0628182063574554e-08,0.12916015625,63452,1,1224551945.5397685,0.15002319973718586,2.916918954574416e-11,3.1607863659668253e-15,0.0,0.2613942234991683,0.19461666414637835,0.0,0.061409345229094206,0.0,0.05759866928776652,0.0,0.08738847724179646,0.0,0.11838802358989868,0.21920459700589748
649,2.089485729086689e-05,3.0623445690962854e-08,0.12930078125,63311,1,1225109337.7606208,0.15006827708161535,2.9169190218625444e-11,3.160113484684018e-15,0.0,0.2613214102292982,0.1945560557082868,0.0,0.06143318932962751,0.0,0.05762665780490017,0.0,0.08742938279810279,0.0,0.11839521464608321,0.21923808948370144
650,2.0925466803703145e-05,3.060951283625534e-08,0.129310546875,66971,1,1235968699.9198077,0.1513295991416207,2.916926366744736e-11,3.0866646627689565e-15,0.0,0.2606219886114761,0.19538719470750826,0.0,0.061337924992825525,0.0,0.057425951938616764,0.0,0.08783059193136676,0.0,0.11912637636503691,0.21826997145316956
651,2.0955807377863667e-05,3.034057416052128e-08,0.12946679687499996,66827,1,1230249555.1257517,0.14930591145296473,2.916925750417785e-11,3.0928279322828043e-15,0.0,0.26069968470439153,0.19540784769260944,0.0,0.061309155641377656,0.0,0.05743207567094605,0.0,0.08786036477740734,0.0,0.11905803551224224,0.21823283600102586
652,2.0986288998315193e-05,3.048162045152447e-08,0.12964453124999997,66701,1,1230256667.301972,0.15000086716262453,2.9169250267237164e-11,3.1000648729698207e-15,0.0,0.2605983910331736,0.19544126065865194,0.0,0.061315496098104785,0.0,0.05744373135677483,0.0,0.08787550091897917,0.0,0.11910572780137996,0.21821989213293558
653,2.1016770442550923e-05,3.048144423572992e-08,0.12979687500000003,66542,1,1172378925.260805,0.14294321133392884,2.916924411060812e-11,3.1062215020078702e-15,0.0,0.2605934753822078,0.19546767786204405,0.0,0.06130371975442398,0.0,0.05743649933790779,0.0,0.08783255086071988,0.0,0.11916155049957868,0.21820452630311785
654,2.1048756687946506e-05,3.1986245395581315e-08,0.12997851562499996,66390,1,1229253475.6632066,0.1572768133037383,2.916923786121049e-11,3.112470899645701e-15,0.0,0.2605148086372448,0.1954649957174413,0.0,0.06126312942343237,0.0,0.057551578536116255,0.0,0.08779996694165203,0.0,0.11922042404844552,0.21818509669566788
655,2.107926300803624e-05,3.050632008973414e-08,0.13012304687499998,66238,1,1169573307.320309,0.14271751072608937,2.916923150580082e-11,3.118826309311685e-15,0.0,0.2605706737913333,0.19548804466925834,0.0,0.061240112273539156,0.0,0.05751767407652011,0.0,0.08783753358449783,0.0,0.11916305179892828,0.21818290980592284
656,2.1111325983281393e-05,3.2062975245150614e-08,0.13026562500000005,66069,1,1218969346.9866347,0.15633513598811952,2.916922605444384e-11,3.124277666289217e-15,0.0,0.2605253688377114,0.19554396065731078,0.0,0.06127803766342809,0.0,0.05755967374355283,0.0,0.08783135420415017,0.0,0.1191525728679381,0.2181090320259086
657,2.1142089677292815e-05,3.0763694011422225e-08,0.13040234375000004,65939,1,1227519725.7366946,0.15105216494219445,2.916921950800865e-11,3.1308241014744938e-15,0.0,0.26050684480124614,0.19553365485426713,0.0,0.0612437468172423,0.0,0.05760416978701735,0.0,0.08781415690620975,0.0,0.11917742563580265,0.21812000119821467
658,2.1172639084535533e-05,3.054940724271817e-08,0.13054101562499998,65825,1,1224861166.762011,0.14967513039681443,2.9169212520874215e-11,3.137811235911581e-15,0.0,0.26046950042641054,0.19550548348968386,0.0,0.061268459087032635,0.0,0.0576327483280219,0.0,0.08782560557774885,0.0,0.1191106722324461,0.21818753085865614
659,2.1203254799212105e-05,3.0615714676572976e-08,0.13067578125,65704,1,1220400646.928302,0.1494537519898479,2.916920523405896e-11,3.145098051174363e-15,0.0,0.26054464472543565,0.1955280542851164,0.0,0.06125011209756971,0.0,0.05763309718111977,0.0,0.08780976295100587,0.0,0.11907751173287894,0.2181568170268735
660,2.1233982413208694e-05,3.07276139965887e-08,0.13080468749999996,65565,1,1224280324.185989,0.1504768529008222,2.916919969637795e-11,3.1506357321822064e-15,0.0,0.26051185570088997,0.195514543391268,0.0,0.0612494773935376,0.0,0.0576061637699337,0.0,0.08781281729678075,0.0,0.11913934181448967,0.2181658006331004
661,2.126461265308038e-05,3.0630239871684085e-08,0.13093359375000002,65410,1,1220143363.7156072,0.14949313563381014,2.9169194871749267e-11,3.1554603608614165e-15,0.0,0.26062830036695606,0.19547122527521704,0.0,0.06124884393925833,0.0,0.05765386795548793,0.0,0.08783078254124527,0.0,0.11915629941227364,0.21801068050956177
662,2.1295346746396924e-05,3.073409331654617e-08,0.13108398437500002,65275,1,1227228435.3536968,0.15087101301151784,2.916918950305926e-11,3.160829050874871e-15,0.0,0.26062728153169934,0.19545556134992179,0.0,0.061253073083513375,0.0,0.05764732176115623,0.0,0.08787901363331596,0.0,0.11910899202860761,0.21802875661178578
663,2.1325903404733474e-05,3.055665833654857e-08,0.13125390625,65107,1,1193564205.0571303,0.14588533446665974,2.916918529652071e-11,3.1650355894252524e-15,0.0,0.26078092913901374,0.19542573137704236,0.0,0.0612481771375852,0.0,0.05766197434600161,0.0,0.08788428915806078,0.0,0.11905895657867326,0.2179399422636231
664,2.135732190726657e-05,3.141850253309586e-08,0.13141992187499996,64957,1,1226462133.3493104,0.15413441457352586,2.916918120407628e-11,3.169128033850758e-15,0.0,0.2606744244802116,0.19537206295421106,0.0,0.061319422771114775,0.0,0.057708026810528036,0.0,0.0879070251311546,0.0,0.11914634327581851,0.21787269457696135
665,2.1387897657614107e-05,3.057575034754014e-08,0.13153906250000003,64833,1,1244824615.6092963,0.15224578669336988,2.9169175574901735e-11,3.1747572083923354e-15,0.0,0.26075013363425786,0.1953732850270238,0.0,0.06127873136544515,0.0,0.05771515115519392,0.0,0.08793134168794917,0.0,0.1191275167785235,0.2178238403516066
666,2.1418022383241938e-05,3.01247256278308e-08,0.13166406249999996,64671,1,1244783795.8316178,0.149995081261589,2.916917226036457e-11,3.178071745556213e-15,0.0,0.2607547617634842,0.19543998101228266,0.0,0.06123538835815581,0.0,0.05770485966890168,0.0,0.08796653414822286,0.0,0.1190885895686228,0.21780988548032992
667,2.1448148096739796e-05,3.012571349785841e-08,0.13177343750000003,64535,1,1245002051.3826463,0.1500263004167984,2.9169168025135136e-11,3.182306974996325e-15,0.0,0.2607754787454793,0.19547044524811763,0.0,0.0612290270943262,0.0,0.057686606984051696,0.0,0.08798245093970475,0.0,0.11909349617596489,0.21776249481235546
668,2.1478268529038164e-05,3.012043229836778e-08,0.13192187499999997,64406,1,1244341907.1381793,0.14992046467990955,2.916916474559838e-11,3.185586511753045e-15,0.0,0.2606449129456354,0.19551699632831931,0.0,0.06118974298235224,0.0,0.05772533459670733,0.0,0.08798708989695606,0.0,0.11916676536776027,0.21776915788226933
669,2.1508404940730868e-05,3.01364116927035e-08,0.13205078125000003,64265,1,1244285449.9676993,0.14999319433386965,2.916916236786535e-11,3.187964244779958e-15,0.0,0.2606714982990682,0.19553320514716757,0.0,0.06118917319923088,0.0,0.05772814672385742,0.0,0.08798994231622542,0.0,0.1192131341517527,0.2176749001626978
670,2.1538542719807987e-05,3.0137779077118896e-08,0.13220117187500002,64141,1,1243543459.5378022,0.14991055222538568,2.916915946764667e-11,3.190864463463207e-15,0.0,0.2606408911607842,0.19553237697046702,0.0,0.061149112828164945,0.0,0.05779544077887926,0.0,0.08800803699380975,0.0,0.11925480520631732,0.21761933606157757
671,2.15686984813235e-05,3.015576151551464e-08,0.13233203125000004,64029,1,1243404175.868903,0.14998319917959066,2.9169156357914335e-11,3.1939741957961955e-15,0.0,0.2605750214009505,0.19553089116509728,0.0,0.0611034034890929,0.0,0.05787112200017711,0.0,0.08803908256339109,0.0,0.1192697110133719,0.21761076836791926
672,2.159885762082759e-05,3.015913950409136e-08,0.13246679687499996,63896,1,1241744722.834575,0.14979980929774886,2.916915479624918e-11,3.1955358609463505e-15,0.0,0.2605310882738894,0.19553838668298362,0.0,0.06112970526222667,0.0,0.0578712236262035,0.0,0.08803798121581174,0.0,0.11929581410435985,0.21759580083452515
673,2.1629057064650794e-05,3.0199443823201765e-08,0.13260742187499996,63743,1,1260213323.754648,0.15223096590391552,2.916915467703638e-11,3.1956550737472763e-15,0.0,0.2605199204654246,0.19558141247514546,0.0,0.06109433684365565,0.0,0.05786876795051183,0.0,0.08810663524559983,0.0,0.11928713454599013,0.21754179247367258
674,2.1658813931439247e-05,2.975686678845248e-08,0.13273828124999998,63568,1,1259756613.2709215,0.14994563890789944,2.916915686759023e-11,3.193464519902388e-15,0.0,0.260424943350696,0.19560931108560667,0.0,0.06104882140019423,0.0,0.057885288837879995,0.0,0.08812277449162768,0.0,0.11936081928136312,0.21754804155263235
675,2.168858158624253e-05,2.9767654803281672e-08,0.132732421875,67332,1,1259668890.7886734,0.14998955482971982,2.9169229097471165e-11,3.121234638964203e-15,0.0,0.26011271501934985,0.19653026089259698,0.0,0.06112509012787121,0.0,0.05777012610544593,0.0,0.0883032416604129,0.0,0.1196309539575332,0.2165276122367898
676,2.1718351314044985e-05,2.9769727802455615e-08,0.13292382812500003,67205,1,1186088286.926995,0.14123810180599006,2.91692212355723e-11,3.1290965378259093e-15,0.0,0.26017896763007475,0.19658521533420514,0.0,0.06112523326035529,0.0,0.05773101958652306,0.0,0.08832302334807586,0.0,0.11962031826263278,0.216436222578133
677,2.1749967847496433e-05,3.161653345144969e-08,0.13308203124999995,67060,1,1281912958.580401,0.1621185757472164,2.916921304394532e-11,3.1372881648115274e-15,0.0,0.2601044938213625,0.19663036778302856,0.0,0.061096598080366306,0.0,0.057691743226980535,0.0,0.08833543690745252,0.0,0.11972761161172914,0.21641374856908038
678,2.177922100368695e-05,2.925315619051683e-08,0.13324218750000005,66907,1,1184934521.1941035,0.13865229849610552,2.9169206325340534e-11,3.144006769596993e-15,0.0,0.2599824098504837,0.19665787159190856,0.0,0.061096452653180894,0.0,0.05771034887129875,0.0,0.08837584286133099,0.0,0.11980357666373499,0.21637349750806217
679,2.1810868322023333e-05,3.164731833638353e-08,0.13336523437500003,66733,1,1281791433.440927,0.16226104613981754,2.9169200320224496e-11,3.1500118856340487e-15,0.0,0.2600061508721058,0.1965935884480764,0.0,0.06109866291756366,0.0,0.05771568325937641,0.0,0.08835288431966962,0.0,0.11978091179356502,0.2164521183896431
680,2.1840124251671212e-05,2.9255929647877642e-08,0.13349414062499998,66565,1,1184164603.3898792,0.13857534531312496,2.91691957245968e-11,3.1546075133302764e-15,0.0,0.26001843479787556,0.19660858242256649,0.0,0.06106892566094601,0.0,0.05773310509297867,0.0,0.08841387584309936,0.0,0.11970913985574036,0.21644793632679332
681,2.1871792146398557e-05,3.166789472734589e-08,0.13365625000000003,66442,1,1281978150.9239872,0.1623901965048735,2.9169187546636204e-11,3.162785473922672e-15,0.0,0.260009936871639,0.19660392798690668,0.0,0.06103869534720598,0.0,0.05767769464577975,0.0,0.0884527706336217,0.0,0.11971007715688566,0.21650689735796116
682,2.1901043814980404e-05,2.9251668581848944e-08,0.13381054687500005,66293,1,1273718303.1528063,0.14903354268184357,2.916918111799589e-11,3.1692141142341073e-15,0.0,0.26003123585993493,0.19659616703886967,0.0,0.061055888835369505,0.0,0.057654975113485434,0.0,0.08846754535767978,0.0,0.11974719388127454,0.2164469939133862
683,2.1930485175685653e-05,2.9441360705249417e-08,0.13397460937500005,66185,1,1273079182.8000555,0.1499247337086424,2.91691736772518e-11,3.1766548583256218e-15,0.0,0.2601793133610321,0.19654493767767328,0.0,0.06103943436110503,0.0,0.057657263648954,0.0,0.08846125810919163,0.0,0.11973175887455352,0.21638603396749034
684,2.195994131675421e-05,2.945614106855566e-08,0.1341171875,66027,1,1273464096.9523792,0.1500453523422805,2.916916818044193e-11,3.1821516682056684e-15,0.0,0.26019397681598416,0.1964816217160832,0.0,0.06104735830372226,0.0,0.05763965748237898,0.0,0.08855653288285664,0.0,0.119764664763791,0.21631618803518377
685,2.19893885544814e-05,2.944723772719153e-08,0.13426953124999996,65890,1,1243796656.5770895,0.14650550332204626,2.916916162044456e-11,3.1887116655711994e-15,0.0,0.2602624152677974,0.19641870072440581,0.0,0.061021732173508286,0.0,0.05766153667122451,0.0,0.08855787973118437,0.0,0.11980333401216071,0.216274401419719
686,2.20195381772527e-05,3.0149622771297244e-08,0.13441015624999997,65722,1,1203602212.0459285,0.14515261063953463,2.916915706704243e-11,3.1932650676984557e-15,0.0,0.26022261617600045,0.1964166351826557,0.0,0.06101601325234678,0.0,0.057761050887849115,0.0,0.08859600685867071,0.0,0.11976517771513269,0.21622249992734463
687,2.20506946504003e-05,3.115647314759922e-08,0.13456054687499996,65580,1,1202627032.8010411,0.1498784674161703,2.916915120959583e-11,3.199122514310388e-15,0.0,0.26020756223238256,0.196385804485086,0.0,0.06103490819362798,0.0,0.05779809855577328,0.0,0.0886131069018071,0.0,0.11976195660062414,0.2161985630306989
688,2.208187638752844e-05,3.118173712814244e-08,0.13472070312499995,65416,1,1210852693.801307,0.15102596159606202,2.91691467100884e-11,3.203622021730305e-15,0.0,0.2601881786682518,0.19638430201371473,0.0,0.06107833045797875,0.0,0.05780187598764806,0.0,0.08871072966351104,0.0,0.11979355437319687,0.21604302883569887
689,2.2112846298395364e-05,3.0969910866922925e-08,0.13486523437499998,65252,1,1203557160.8534453,0.1490962319795121,2.9169141839579885e-11,3.208492530243529e-15,0.0,0.2601265731126269,0.19643451941318738,0.0,0.06107080274000377,0.0,0.05778337750358431,0.0,0.08868807113582715,0.0,0.11983895960956396,0.2160576964852066
690,2.2144003937782768e-05,3.115763938740446e-08,0.13501953125,65120,1,1217389511.4285312,0.15172393356439473,2.91691364315849e-11,3.213900525226662e-15,0.0,0.2600028930999566,0.19648488355272675,0.0,0.06110227108346593,0.0,0.05774627513380587,0.0,0.08871691016924635,0.0,0.11994792420078113,0.21599884276001738
691,2.2174807554577525e-05,3.0803616794756243e-08,0.13517187500000005,64967,1,1217662326.420051,0.15003361475381857,2.916913238667764e-11,3.2179454324916095e-15,0.0,0.26007109004739337,0.1964946248988556,0.0,0.06107675413247023,0.0,0.057782337302046,0.0,0.08871806727545949,0.0,0.11988498439486764,0.21597214194890765
692,2.2205604269878924e-05,3.0796715301401057e-08,0.13529687499999998,64819,1,1217918117.4405832,0.15003151009294394,2.9169128335187286e-11,3.2219969228448825e-15,0.0,0.26004734957847325,0.19650075066404898,0.0,0.06109250490818802,0.0,0.057830003464603305,0.0,0.08867940870770297,0.0,0.11990414597528584,0.21594583670169767
693,2.2236394517156636e-05,3.079024727771114e-08,0.135474609375,64668,1,1205477764.4601738,0.14846783382204476,2.9169124974057975e-11,3.2253580521521707e-15,0.0,0.2600233553912028,0.19657454262358892,0.0,0.0610411891065842,0.0,0.05792713694621051,0.0,0.08867840202990065,0.0,0.11986217435808716,0.21589319954442568
694,2.2267502515251313e-05,3.110799809467486e-08,0.13561718749999996,64490,1,1217609107.923621,0.15150952723738703,2.916912287702777e-11,3.227455082359505e-15,0.0,0.2600236188720549,0.19658390460279973,0.0,0.061005818307506204,0.0,0.05793824529062735,0.0,0.08865718071317473,0.0,0.11985137392706956,0.21593985828676768
695,2.2298300576596262e-05,3.0798061344948747e-08,0.13576367187500005,64358,1,1214432867.9062948,0.14960871186040045,2.916911961588371e-11,3.2307162264156177e-15,0.0,0.26000201406971557,0.19653004560429282,0.0,0.06099753995770453,0.0,0.057947662959819304,0.0,0.08869099854699256,0.0,0.11983714807728273,0.2159945907841924
696,2.2329179187502644e-05,3.087861090638193e-08,0.13591406250000004,64190,1,1191137011.0228443,0.1471226251982607,2.91691184754325e-11,3.231856677626277e-15,0.0,0.2599586135540611,0.19655687762257862,0.0,0.061016267172501006,0.0,0.0579841351957234,0.0,0.08872219348163476,0.0,0.11979076852330862,0.21597114445019255
697,2.2360661711891504e-05,3.148252438885958e-08,0.13606640625,64063,1,1218871402.1115813,0.15349259457544537,2.9169114682321144e-11,3.2356497889855305e-15,0.0,0.26002641173599744,0.19652341170728904,0.0,0.06097666006373267,0.0,0.05793356874228461,0.0,0.08876639967846582,0.0,0.11984325208853673,0.2159302959836936
698,2.2391427877981736e-05,3.076616609023293e-08,0.13623242187499995,63904,1,1190549479.0562203,0.14651457204513588,2.916911406675085e-11,3.2362653592767886e-15,0.0,0.26008229272698596,0.1964416280770168,0.0,0.06094536279049762,0.0,0.05793465326661982,0.0,0.08883026766641336,0.0,0.11991225932244698,0.21585353615001932
699,2.2422925938885285e-05,3.1498060903547854e-08,0.13636914062500005,63761,1,1218309334.0157838,0.15349752640875997,2.916911250233455e-11,3.237829775579925e-15,0.0,0.2600507010784721,0.19638790621732716,0.0,0.060927228197820135,0.0,0.05790521476346658,0.0,0.08881282135747125,0.0,0.11994958536829893,0.21596654301714382
700,2.2453706298973633e-05,3.078036008834696e-08,0.136287109375,67857,1,1214722925.0438879,0.14955843616168388,2.9169192966090966e-11,3.1573660191671887e-15,0.0,0.2592040585276373,0.1975379412144055,0.0,0.060863583599650335,0.0,0.05786841313289099,0.0,0.08913856604422535,0.0,0.12020808552716433,0.21517935195402632
701,2.248457753654301e-05,3.087123756937832e-08,0.13648242187500004,67681,1,1182480333.2559643,0.14601852515625008,2.916918741442372e-11,3.162917686415882e-15,0.0,0.25926243935946425,0.19741267047324665,0.0,0.060819416419811395,0.0,0.05788577398073814,0.0,0.08929721375520545,0.0,0.12022209819831425,0.21510038781322002
702,2.2516290537550597e-05,3.171300100758851e-08,0.136658203125,67539,1,1216408098.8339012,0.15430380505583335,2.916917931919325e-11,3.1710129168764982e-15,0.0,0.2592862553416513,0.1973588303391502,0.0,0.060812645600194365,0.0,0.05788277665823435,0.0,0.08933956466435135,0.0,0.12022467092569565,0.21509525647072275
703,2.25471190070716e-05,3.082846952100125e-08,0.13683203124999999,67386,1,1216123851.368585,0.14996494834271631,2.916917215765396e-11,3.1781744561803127e-15,0.0,0.25938508093294127,0.19732221873304978,0.0,0.06077821233834823,0.0,0.05789488709355106,0.0,0.08936880870136173,0.0,0.12022895315310171,0.21502183904764624
704,2.257795468220271e-05,3.0835675131113287e-08,0.13698828124999995,67200,1,1319039928.9322147,0.16269394693408215,2.916916596240095e-11,3.184369709180677e-15,0.0,0.2593601186232855,0.1973823034588953,0.0,0.06076591861758247,0.0,0.0579286549374091,0.0,0.0893666771222447,0.0,0.12014884941116084,0.21504747782942196
705,2.260638445083781e-05,2.8429768635098775e-08,0.13711718750000002,67057,1,1216266194.2245517,0.13831266600198447,2.91691590294776e-11,3.1913026325280073e-15,0.0,0.2594154179249046,0.1973249387499288,0.0,0.06076576833228876,0.0,0.05795966041820979,0.0,0.08932539456441228,0.0,0.12022107002450001,0.2149877499857558
706,2.2637216517188144e-05,3.0832066350334325e-08,0.13725390625,66920,1,1294485428.7986953,0.15964664252104943,2.916915104649844e-11,3.199285611695116e-15,0.0,0.25939892421094574,0.19731337336710586,0.0,0.06079061957480717,0.0,0.05798730682756068,0.0,0.08935025756325239,0.0,0.12022938782480004,0.21493013063152802
707,2.2666185557059687e-05,2.8969039871542347e-08,0.13739648437499996,66774,1,1293491836.1744652,0.14988486630261041,2.9169144822857946e-11,3.2055092521902577e-15,0.0,0.25944247800190484,0.19723655592989037,0.0,0.06077018209731758,0.0,0.05795556313702077,0.0,0.0893854748603352,0.0,0.12017570045630943,0.21503404551722177
708,2.2695176849429112e-05,2.899129236942631e-08,0.13753710937499997,66596,1,1294107967.4399753,0.1500714497666254,2.916913992218841e-11,3.210409921729546e-15,0.0,0.25936181996336216,0.19726210255754836,0.0,0.060736448969738274,0.0,0.057995711384711504,0.0,0.08940768826595094,0.0,0.12012383021627686,0.21511239864241183
709,2.272415433889947e-05,2.8977489470359327e-08,0.13766406249999996,66454,1,1295033932.9840283,0.15010732862721085,2.9169134104179713e-11,3.216227930418031e-15,0.0,0.2594063901027183,0.1972504398161285,0.0,0.06076556381590148,0.0,0.05801316610862039,0.0,0.08943873786958742,0.0,0.12011236592701889,0.21501333636002498
710,2.2753111109100535e-05,2.895677020106506e-08,0.13779687500000004,66307,1,1295611747.516329,0.15006692657052267,2.916912845897933e-11,3.2218731308041556e-15,0.0,0.2593973239596326,0.19718788978342217,0.0,0.060777865971198546,0.0,0.058084816872661295,0.0,0.08936670824356502,0.0,0.12016668556525684,0.2150187096042635
711,2.278205496521475e-05,2.8943856114215552e-08,0.13791992187500002,66155,1,1293889521.6827164,0.1498006085731029,2.916912261145955e-11,3.227720650579568e-15,0.0,0.2594208029455498,0.19718190186221057,0.0,0.06076612617715783,0.0,0.05806131841676697,0.0,0.08935778517312186,0.0,0.120158606528358,0.21505345889683491
712,2.2811037346918583e-05,2.8982381703834242e-08,0.13806054687500002,65996,1,1292868455.5896022,0.1498816282909781,2.9169117445346444e-11,3.2328867636886877e-15,0.0,0.2595668227538303,0.19706593857427818,0.0,0.06074667194816586,0.0,0.058072912982585205,0.0,0.08936579569086255,0.0,0.12010695035862323,0.21507490769165477
713,2.2840042617979124e-05,2.900527106054144e-08,0.13825585937499996,65846,1,1292655461.090507,0.14997528814727734,2.916911244185264e-11,3.2378902574959387e-15,0.0,0.25951092714764007,0.19694294150055797,0.0,0.06073149024538403,0.0,0.058075635356774534,0.0,0.08945145295040048,0.0,0.12029044881122238,0.21499710398802035
714,2.2869052668320274e-05,2.9010050341151485e-08,0.13840624999999995,65688,1,1239602974.2619283,0.14384377874551862,2.916910725818209e-11,3.243073928039517e-15,0.0,0.25945473018740123,0.19696884172499438,0.0,0.06077839241363739,0.0,0.058040754120568985,0.0,0.0895094829532626,0.0,0.12028674644389253,0.21496105215624295
715,2.289930428983024e-05,3.025162150996601e-08,0.13856640625000005,65537,1,1273780897.5628173,0.15413575039878058,2.9169102182514565e-11,3.2481495955705466e-15,0.0,0.25945084994220957,0.19695261184562907,0.0,0.06073633467707834,0.0,0.058128717616215145,0.0,0.0895469793927776,0.0,0.12027457502889521,0.21490993149719506
716,2.2928744203768148e-05,2.9439913937907568e-08,0.138681640625,65398,1,1236849227.2331388,0.14565093921564434,2.9169096944681234e-11,3.2533874289037617e-15,0.0,0.25941835082036474,0.19692979367650165,0.0,0.06075628476867826,0.0,0.058136750933032874,0.0,0.089557073445532,0.0,0.12028730371100625,0.21491444264488416
717,2.295906317812195e-05,3.03189743538009e-08,0.1388125,65230,1,1297815135.744302,0.1573936952664245,2.9169093852313986e-11,3.256479796139939e-15,0.0,0.2593426384511481,0.19694113012156683,0.0,0.060769360648356585,0.0,0.05819450697883835,0.0,0.08961334984241331,0.0,0.1202583295812697,0.21488068437640698
718,2.298795789430084e-05,2.8894716178890606e-08,0.13893164062499996,65070,1,1273622272.2301078,0.14720381630081086,2.9169090589047405e-11,3.259743062732047e-15,0.0,0.2592889376238876,0.19705340699815838,0.0,0.060773480662983416,0.0,0.058214893228178195,0.0,0.08962085108177638,0.0,0.12026766760856424,0.21478076279645172
719,2.3017401474880142e-05,2.94435805793013e-08,0.13907812500000005,64923,1,1298398816.9342687,0.1529180407618945,2.916908745605593e-11,3.262876054203326e-15,0.0,0.25922649140546006,0.19700033704078196,0.0,0.060765644309628136,0.0,0.05822379507920458,0.0,0.08969497809234918,0.0,0.12032355915065723,0.21476519492191887
720,2.304628320175089e-05,2.8881726870749627e-08,0.13921093750000002,64803,1,1271096713.1982183,0.14684587238759408,2.9169082551275554e-11,3.2677808345807014e-15,0.0,0.2592457489196925,0.197022840787923,0.0,0.060749761490543806,0.0,0.058224367248442675,0.0,0.08972164543464842,0.0,0.12033503563611875,0.2147006004826309
721,2.3075785284173593e-05,2.9502082422702433e-08,0.13934375,64683,1,1278163497.6607206,0.15083393943070483,2.9169077911212875e-11,3.2724208972552613e-15,0.0,0.25916685355460867,0.19700325185019063,0.0,0.06081800852209016,0.0,0.058252971518277644,0.0,0.08967817896389325,0.0,0.12036050684009868,0.214720228750841
722,2.3105124253772266e-05,2.933896959867188e-08,0.13946289062499995,64544,1,1270198959.6602435,0.14906531464694617,2.9169076428026615e-11,3.2739040835154615e-15,0.0,0.2591555213220363,0.19707303410125343,0.0,0.06085008052657377,0.0,0.05828723478747987,0.0,0.08967159162523633,0.0,0.12029969890063723,0.21466283873678313
723,2.3134647187730605e-05,2.952293395833878e-08,0.139564453125,64426,1,1278947190.1022909,0.1510330937183716,2.9169072971878963e-11,3.277360231177932e-15,0.0,0.2590928810333487,0.19702758302195728,0.0,0.060861777012748926,0.0,0.05827280742264579,0.0,0.08974628098016989,0.0,0.12038008872468757,0.21461858180444185
724,2.316396817947304e-05,2.932099174243522e-08,0.139705078125,64261,1,1270026527.769537,0.1489537493336171,2.9169074625665395e-11,3.275706444743338e-15,0.0,0.2590557675907673,0.19703896321771588,0.0,0.06084245550755637,0.0,0.05822813124746606,0.0,0.08978176683582881,0.0,0.12039871940052284,0.21465419620014256
725,2.3193495121769166e-05,2.9526942296125695e-08,0.13966406249999996,68253,1,1260087863.1116116,0.14882616648857958,2.916915485984721e-11,3.1954722629182294e-15,0.0,0.25862840521340275,0.19755831515354927,0.0,0.06083235442188287,0.0,0.058496951390054265,0.0,0.08996196229792472,0.0,0.12065782849471389,0.21386418302847235
726,2.322325495129994e-05,2.9759829530774914e-08,0.13981640625000002,68108,1,1178937305.3168077,0.14033989293479737,2.9169146208362886e-11,3.204123747243312e-15,0.0,0.25855614226245355,0.1976643477774984,0.0,0.06086385606124103,0.0,0.0584611516218255,0.0,0.08991981672394044,0.0,0.12070795965691615,0.21382672589612495
727,2.32550632585194e-05,3.1808307219460563e-08,0.13998437500000005,67938,1,1251345970.7009134,0.15921278829555505,2.9169137885391025e-11,3.2124467191071863e-15,0.0,0.25859470923094097,0.19765040741154147,0.0,0.060860587119098114,0.0,0.058488670610559214,0.0,0.08993749302377498,0.0,0.12064683558432861,0.21382129701975666
728,2.32850309899686e-05,2.9967731449197227e-08,0.14011132812500005,67764,1,1195036629.9292345,0.14325014719069198,2.916913098989144e-11,3.2193422186941756e-15,0.0,0.2584858580648759,0.19766647615595856,0.0,0.06086120133264564,0.0,0.05853325341176799,0.0,0.08992570082384264,0.0,0.12067691707208274,0.21385059313882654
729,2.331641078123259e-05,3.137979126398879e-08,0.14030664062499998,67587,1,1255773092.521202,0.15762359007299603,2.916912414487497e-11,3.2261872351616863e-15,0.0,0.258474045408355,0.19761404290268245,0.0,0.06083216169940281,0.0,0.058549215585283344,0.0,0.08999540626696548,0.0,0.12067597477622952,0.2138591533610813
730,2.334627286397933e-05,2.986208274674181e-08,0.14044335937499997,67415,1,1200023594.983535,0.1433408155657636,2.916911679658557e-11,3.2335355245626075e-15,0.0,0.25844493581987843,0.1975468313237932,0.0,0.06078684968083774,0.0,0.05853393967207642,0.0,0.09008858664664078,0.0,0.1206836608396957,0.2139151960170776
731,2.3377522249538713e-05,3.12493855593852e-08,0.14059765624999998,67295,1,1262359515.4516757,0.1577918368516324,2.9169107683564264e-11,3.2426485458712592e-15,0.0,0.25843914094407244,0.1975661934264996,0.0,0.06074792320729031,0.0,0.05848359403217292,0.0,0.09008696135359653,0.0,0.1206901341927597,0.21398605284360847
732,2.3407228525398313e-05,2.9706275859601212e-08,0.14073632812500003,67163,1,1262018884.9420004,0.14995952454445355,2.916909899596722e-11,3.251336142919924e-15,0.0,0.2584620508763895,0.19760744965790972,0.0,0.06071582219631681,0.0,0.05843984623284345,0.0,0.0901508527970912,0.0,0.12072387137960228,0.2139001068598471
733,2.3436942819255116e-05,2.9714293856801846e-08,0.14090039062500004,67043,1,1301131108.2990353,0.15464876839289524,2.91690912231216e-11,3.259108988534388e-15,0.0,0.2584660595223244,0.19755756088770607,0.0,0.06068671074700934,0.0,0.05846883187091946,0.0,0.09018449979900474,0.0,0.12072191957416727,0.2139144175988689
734,2.346576389636319e-05,2.8821077108073783e-08,0.14103906249999998,66882,1,1301496765.5254176,0.15004215454046674,2.916908549131197e-11,3.264840798169918e-15,0.0,0.25844734947100206,0.19755719271035285,0.0,0.06068243505234587,0.0,0.058480584944330574,0.0,0.09020661385919237,0.0,0.12068631252423419,0.21393951143854203
735,2.3494576876151783e-05,2.8812979788590676e-08,0.141193359375,66750,1,1301631585.2512736,0.15001553823214478,2.916907910643784e-11,3.271225672295916e-15,0.0,0.25846924236765295,0.1975902947808164,0.0,0.060699118839136264,0.0,0.05849967492495607,0.0,0.09020486644257238,0.0,0.1206512567262868,0.21388554591857906
736,2.3523386871564394e-05,2.8809995412611937e-08,0.14132226562500005,66579,1,1239447747.2175431,0.1428339356460385,2.916907349440206e-11,3.2768377080678124e-15,0.0,0.2585098884696712,0.1976173694321213,0.0,0.060671393230786234,0.0,0.05847395552607212,0.0,0.09021932915958374,0.0,0.12061030722666777,0.21389775695509763
737,2.3553642281753478e-05,3.025541018908169e-08,0.14146289062499995,66396,1,1239323705.8111043,0.14998498830547108,2.9169069090428134e-11,3.2812416819991086e-15,0.0,0.2584738157367905,0.19764182854933796,0.0,0.06065250107001339,0.0,0.05852628090958042,0.0,0.09018487070096232,0.0,0.1205732510458518,0.2139474519874636
738,2.3583900720145453e-05,3.025843839197544e-08,0.14163281250000004,66226,1,1253421285.3738718,0.1517062829707039,2.916906509286201e-11,3.2852392481276697e-15,0.0,0.2584533068564179,0.1975839814661592,0.0,0.06069005460863809,0.0,0.058497435048816805,0.0,0.09020078327541509,0.0,0.1206492360306691,0.21392520271388382
739,2.3613818833422758e-05,2.991811327730441e-08,0.14177734374999995,66066,1,1239288125.5159266,0.14830865008961497,2.9169058919754104e-11,3.2914123560225443e-15,0.0,0.2584929053588649,0.19756164760986364,0.0,0.060697065711530516,0.0,0.05853423336547734,0.0,0.09017771042843369,0.0,0.12063645130183223,0.21389998622399783
740,2.3644078140542633e-05,3.0259307119874493e-08,0.14192578125,65918,1,1237386004.9302292,0.14976977259607335,2.9169053585731093e-11,3.2967463790390953e-15,0.0,0.25840145322434155,0.19763025348856414,0.0,0.06070239176506207,0.0,0.058596867861173046,0.0,0.09015220323122232,0.0,0.12064789585225554,0.2138689345773815
741,2.3674383962533982e-05,3.030582199134736e-08,0.14208789062500005,65777,1,1238092949.0346277,0.15008569808874295,2.91690479027566e-11,3.302429353535047e-15,0.0,0.2582853372554949,0.19761096372458728,0.0,0.06071561121115067,0.0,0.058557505945098905,0.0,0.0902142984783296,0.0,0.12073018185816987,0.21388610152716875
742,2.370467248007157e-05,3.028851753758851e-08,0.1422265625,65619,1,1251305759.4328287,0.15160078575786698,2.916904343402442e-11,3.3068980857097122e-15,0.0,0.2582532271354024,0.19761054655314478,0.0,0.06069761054655315,0.0,0.058582806921175505,0.0,0.090208733864323,0.0,0.1206811315572645,0.2139659434221368
743,2.3734641174547168e-05,2.996869447559914e-08,0.14236523437500004,65468,1,1250679472.53535,0.14992492399726154,2.916903943520517e-11,3.3108969049570217e-15,0.0,0.25827605602886505,0.1975689728498717,0.0,0.06065220671962246,0.0,0.05860805860805861,0.0,0.09021689920566325,0.0,0.12072821061585108,0.2139495959720679
744,2.3764624876065816e-05,2.9983701518647955e-08,0.14253710937499997,65304,1,1247717037.5524182,0.14964470093481347,2.9169036396818464e-11,3.3139352916726167e-15,0.0,0.25819756368270325,0.19748146727140686,0.0,0.06063388097945984,0.0,0.05868811575932803,0.0,0.09028624672851095,0.0,0.12074706422395484,0.2139656613546363
745,2.3794679767416472e-05,3.0054891350655753e-08,0.14269921875000002,65136,1,1247543473.668205,0.14997913422527032,2.916903366724842e-11,3.316664861708009e-15,0.0,0.2581232377980346,0.19746242916974627,0.0,0.060647121622731386,0.0,0.058703566833648135,0.0,0.09036161068681393,0.0,0.12073307601762887,0.21396895787139691
746,2.3824738840139393e-05,3.005907272292256e-08,0.14286523437499998,64991,1,1246854248.7966936,0.14991713015785918,2.9169030522015535e-11,3.3198100945998982e-15,0.0,0.2581240515673917,0.19734233803163495,0.0,0.060686015831134574,0.0,0.058703706235389015,0.0,0.09037964646533694,0.0,0.12078417433387564,0.2139800675352373
747,2.385481452864604e-05,3.007568850664804e-08,0.14298437500000005,64815,1,1247280420.9690332,0.15005126968602198,2.9169029363758455e-11,3.320968351675502e-15,0.0,0.2580455687902962,0.19738279969402253,0.0,0.060649109386952255,0.0,0.058723090372636885,0.0,0.09044093541689434,0.0,0.12079280952901325,0.2139656868101847
748,2.3884879940857728e-05,3.0065412211686613e-08,0.143146484375,64676,1,1245408898.246906,0.14977492759158284,2.916902760027922e-11,3.322731830907444e-15,0.0,0.25799893574927346,0.19739122129592993,0.0,0.06062135869342757,0.0,0.05873845356182887,0.0,0.09050224447749383,0.0,0.1207788132239975,0.21396897299804887
749,2.3914990533493436e-05,3.01105926357092e-08,0.14328515625000005,64518,1,1245227943.7228394,0.14997820540816093,2.916902683138413e-11,3.323500726002817e-15,0.0,0.25798097107494344,0.19741828194433084,0.0,0.06058995120089419,0.0,0.058777023527166655,0.0,0.09051007333496905,0.0,0.12077097134756413,0.21395272757013167
750,2.3945105501752088e-05,3.011496825865215e-08,0.14311523437499996,68883,1,1244271838.2806044,0.14988482765982064,2.9169111273297397e-11,3.239058812732451e-15,0.0,0.25752302968270213,0.19837598089389288,0.0,0.060620948481746845,0.0,0.05886045718184921,0.0,0.09056294779938588,0.0,0.12098259979529172,0.21307403616513138
751,2.3975243610520845e-05,3.0138108768755333e-08,0.143287109375,68712,1,1156158310.357346,0.13937769964580035,2.9169104579347486e-11,3.2457527626452185e-15,0.0,0.25752763654703326,0.1983561195698104,0.0,0.06065727955508907,0.0,0.05889889999045841,0.0,0.09053610130447229,0.0,0.12098741872606081,0.21303654430707578
752,2.4007678615021577e-05,3.243500450073267e-08,0.14348242187500004,68510,1,1211122854.5613105,0.15713110095454524,2.916909780841397e-11,3.2525236961593214e-15,0.0,0.2574084913493868,0.1983311326790357,0.0,0.06064277255216912,0.0,0.05894123572410602,0.0,0.09053537154758179,0.0,0.12102691150647266,0.21311408464124798
753,2.4038641617543383e-05,3.0963002521807035e-08,0.14362304687500005,68312,1,1300165676.826159,0.16102813252134124,2.9169091164338997e-11,3.2591677711358154e-15,0.0,0.2574012375059495,0.19831372815666007,0.0,0.06069218739375807,0.0,0.05896511865098252,0.0,0.0905419188141701,0.0,0.12101720269259535,0.21306860678588424
754,2.406748409559706e-05,2.8842478053675e-08,0.14381054687499994,68182,1,1237038786.983914,0.14271705626051312,2.916908365578249e-11,3.2666763276390446e-15,0.0,0.2573101003653353,0.19831321046841688,0.0,0.06068096318126876,0.0,0.058996889896918425,0.0,0.09053252026999499,0.0,0.12111746411158344,0.21304885170648236
755,2.4097798423971055e-05,3.031432837399596e-08,0.143939453125,68000,1,1282705097.2903078,0.1555373741050273,2.9169076422442675e-11,3.2739096674621158e-15,0.0,0.25732390735036703,0.1983934217132312,0.0,0.060667327028237246,0.0,0.058998331003975744,0.0,0.09053285751116057,0.0,0.1210632725891149,0.21302088280391335
756,2.4127033514779705e-05,2.92350908086497e-08,0.14408398437500003,67860,1,1231352830.7847202,0.14399484730191667,2.916906925195179e-11,3.2810801583434963e-15,0.0,0.25735044936357104,0.1984248552954413,0.0,0.06064713776416207,0.0,0.05899337137899717,0.0,0.09056404278103862,0.0,0.12103672174702795,0.2129834216697618
757,2.4157487824107196e-05,3.045430932749136e-08,0.14423046875,67723,1,1230369320.1737888,0.14988019145451129,2.916906096245719e-11,3.289369652944988e-15,0.0,0.2573328277767245,0.1984399967499932,0.0,0.0606397096660618,0.0,0.05897408119600248,0.0,0.09058039704249382,0.0,0.12103566882431005,0.21299731874441402
758,2.4187966477455528e-05,3.0478653348332145e-08,0.14438476562500002,67602,1,1272644487.520607,0.1551539606832256,2.916905232851873e-11,3.298003591400231e-15,0.0,0.2572742644572202,0.19844436929320258,0.0,0.06062901589448766,0.0,0.05895164017585391,0.0,0.09060534325329728,0.0,0.1210010145417653,0.21309435238417318
759,2.4217432679814255e-05,2.9466202358726505e-08,0.14451562500000004,67433,1,1267119589.0522437,0.14934880889487917,2.916904645143089e-11,3.303880679242428e-15,0.0,0.2573251162287815,0.19846740188128448,0.0,0.06062817601902908,0.0,0.058952319169639965,0.0,0.0905908746891556,0.0,0.12094550762244567,0.21309060438966376
760,2.4247027360793064e-05,2.9594680978808436e-08,0.14466015624999995,67273,1,1271991992.3841348,0.15057678888882958,2.9169040538543023e-11,3.3097935671040907e-15,0.0,0.25733804984743336,0.1984851348797019,0.0,0.06063510922690574,0.0,0.05896092674101477,0.0,0.09056787189803689,0.0,0.12102719196392406,0.21298571544298328
761,2.427650867846214e-05,2.9481317669077906e-08,0.144798828125,67083,1,1267655613.7782047,0.14948863137914076,2.916903527742539e-11,3.3150546847431473e-15,0.0,0.25729392880747803,0.19842993377126134,0.0,0.06065797105358998,0.0,0.0589449262851208,0.0,0.09062951023105872,0.0,0.12104617127749978,0.2129975585739914
762,2.430609084541065e-05,2.958216694850782e-08,0.14494140624999996,66890,1,1270795000.8120863,0.15037147948540908,2.9169030957123666e-11,3.319374986462655e-15,0.0,0.2572699097156717,0.19839644252796118,0.0,0.06067915375286349,0.0,0.05891389300633337,0.0,0.09066163589812692,0.0,0.12110227732111574,0.2129766877779275
763,2.4335599932223264e-05,2.9509086812614204e-08,0.14511328125,66728,1,1214363376.7709312,0.14333901722877096,2.9169025653864186e-11,3.3246782459441227e-15,0.0,0.257247839780344,0.19834988828770628,0.0,0.060634202804920725,0.0,0.05893832943013271,0.0,0.09079652211365044,0.0,0.12105305660986837,0.2129801609733775
764,2.4366480310137586e-05,3.088037791432319e-08,0.14527148437500004,66543,1,1271710761.5441077,0.15708363565677516,2.916902069610378e-11,3.329636006350034e-15,0.0,0.2571962516301644,0.1983355517014211,0.0,0.060608505088801945,0.0,0.05904892509982657,0.0,0.09083208970273869,0.0,0.12104222966159804,0.2129364471154493
765,2.4395968147414725e-05,2.9487837277139655e-08,0.14538867187500004,66393,1,1209425783.284191,0.14265340278504557,2.9169015564358605e-11,3.3347677515270367e-15,0.0,0.2572173188785448,0.19832345947688712,0.0,0.06061338814331197,0.0,0.059095366676070335,0.0,0.09082604548690874,0.0,0.12101183519391719,0.21291258614435982
766,2.442697459735014e-05,3.100644993541389e-08,0.14551171875000002,66201,1,1271899840.444014,0.15774839490235296,2.916901174092823e-11,3.338591181902231e-15,0.0,0.2571877265039865,0.19837051354326063,0.0,0.06060239993557221,0.0,0.059072239671418225,0.0,0.0908566212987571,0.0,0.12103030791119704,0.21288019113580847
767,2.4456458051005506e-05,2.9483453655367178e-08,0.1456484375,66053,1,1202135541.8875988,0.1417724301468509,2.916900668180934e-11,3.343650300793945e-15,0.0,0.25716086466770366,0.1983720431261063,0.0,0.06059915249691573,0.0,0.05909724829694791,0.0,0.0908517942391246,0.0,0.12106420640454861,0.2128546907686531
768,2.4487652536729733e-05,3.119448572422817e-08,0.14580078124999996,65901,1,1241350273.6505623,0.15489313356063683,2.916900127932486e-11,3.349052785276475e-15,0.0,0.25721366376423305,0.1984326858673811,0.0,0.060562625586068314,0.0,0.0590488948425988,0.0,0.09090421969189552,0.0,0.12112525117213663,0.21271265907568654
769,2.451786157667276e-05,3.020903994302914e-08,0.14594726562500004,65730,1,1203944168.9252188,0.14547998995295583,2.9168997462374443e-11,3.3528697356821995e-15,0.0,0.25718300434928065,0.19847440615590498,0.0,0.06054198728671796,0.0,0.05901639344262295,0.0,0.09087989294078287,0.0,0.12116426898628305,0.2127400468384075
770,2.4549009200431326e-05,3.114762375856422e-08,0.14612499999999995,65544,1,1249655941.574259,0.15569525238323734,2.916899484968425e-11,3.3554824258812403e-15,0.0,0.25712414456800686,0.19846022241231823,0.0,0.06056191189050471,0.0,0.05903817365269461,0.0,0.09087628314798973,0.0,0.12124411890504705,0.21269514542343884
771,2.4579017460106992e-05,3.000825967566658e-08,0.14629296874999997,65405,1,1248889008.7103608,0.14990794271786534,2.9168989815453666e-11,3.3605166564697365e-15,0.0,0.2570825879148755,0.1984192678433153,0.0,0.060612533710715344,0.0,0.05903714186537076,0.0,0.09091880056607302,0.0,0.12126511975648181,0.21266454834316845
772,2.4609044147617617e-05,3.002668751062482e-08,0.146423828125,65276,1,1247776392.6095932,0.14986636729609185,2.9168985367809036e-11,3.364964301094978e-15,0.0,0.25703957635822805,0.19841534500927052,0.0,0.060665074897624356,0.0,0.05910442983099682,0.0,0.0909575958062666,0.0,0.12123677786818553,0.21258120022942817
773,2.4639097609297214e-05,3.0053461679598445e-08,0.14658398437499998,65087,1,1247283861.1410882,0.14994079089754114,2.9168984964373076e-11,3.365367737055265e-15,0.0,0.2569985743028074,0.1984250709517528,0.0,0.060678738457848665,0.0,0.059093149991339224,0.0,0.09097813486828957,0.0,0.12127753127873046,0.21254880014923186
774,2.466916293858456e-05,3.006532928734667e-08,0.14675585937500002,64928,1,1201355223.9795825,0.14447656160008107,2.916898432440028e-11,3.36600770984575e-15,0.0,0.25700368650101807,0.19837900424546503,0.0,0.06070083445347955,0.0,0.059103794301228384,0.0,0.09100467134244533,0.0,0.12125527355966939,0.21255273559669408
775,2.470037768610593e-05,3.1214747521368685e-08,0.14660351562499996,69264,1,1260567644.4732392,0.15739320302335447,2.9169074497424515e-11,3.2758346856205095e-15,0.0,0.2561783083092418,0.19918466314064562,0.0,0.060683977032013954,0.0,0.05936504975952892,0.0,0.09159217170035037,0.0,0.12127469658011482,0.21172113347810448
776,2.4730126188825647e-05,2.9748502719717467e-08,0.14675781249999997,69101,1,1165650609.4045393,0.13870544129644508,2.9169066367952314e-11,3.283964157821905e-15,0.0,0.25609528879425075,0.19924141602342296,0.0,0.060686718126164496,0.0,0.05940910300771893,0.0,0.09158903380356669,0.0,0.12125365983497471,0.21172478040990156
777,2.476229706378376e-05,3.217087495811158e-08,0.14691015625000003,68928,1,1355956252.7389543,0.17448919622213777,2.91690572281826e-11,3.2931039275352068e-15,0.0,0.25600255258049937,0.19928740461059852,0.0,0.060663670929830625,0.0,0.0594139700603579,0.0,0.09166688824483502,0.0,0.12122098433885506,0.21174452923502354
778,2.4789952823270285e-05,2.7655759486526307e-08,0.14704687500000002,68770,1,1164979471.1115065,0.1288735682392018,2.916904973282877e-11,3.300599281365631e-15,0.0,0.2560434597811072,0.19934119647221335,0.0,0.06063383274891085,0.0,0.05938529380512166,0.0,0.09164807140580172,0.0,0.12120125385187545,0.21174689193496973
779,2.4822142231693268e-05,3.218940842298385e-08,0.14720703125,68606,1,1225418002.1557386,0.15778192224107193,2.9169040866246966e-11,3.309465863168675e-15,0.0,0.2560700543983017,0.1993100703197559,0.0,0.06059440095528725,0.0,0.059400291893326254,0.0,0.09164123656627306,0.0,0.1211888019105745,0.21179514395648139
780,2.4852744034452842e-05,3.060180275957307e-08,0.14734570312499995,68415,1,1320848092.2140403,0.1616813311731698,2.916903381450758e-11,3.3165176025536364e-15,0.0,0.2560013785607296,0.19933457934014662,0.0,0.060616905926485595,0.0,0.05935764372158376,0.0,0.09168754390848478,0.0,0.12116753489481848,0.21183441364775124
781,2.4881134884408297e-05,2.8390849955456656e-08,0.14749609374999995,68240,1,1162826368.9318204,0.1320545158583672,2.91690271837441e-11,3.323148366027784e-15,0.0,0.2560051908154347,0.19936968669721125,0.0,0.0606080669509256,0.0,0.05937657247278794,0.0,0.09167350830265632,0.0,0.12112344076908814,0.21184353399189595
782,2.4913383895096322e-05,3.224901068802536e-08,0.14766406249999997,68098,1,1257233784.2000594,0.16217818297605713,2.916901720286428e-11,3.333129245854882e-15,0.0,0.25607110734881755,0.1993280778794773,0.0,0.06059203216761018,0.0,0.05938839214856357,0.0,0.09174117771546479,0.0,0.12109147664144754,0.21178773609861914
783,2.4943211283185373e-05,2.982738808904991e-08,0.14782421874999996,67965,1,1160464243.550011,0.13845446942332762,2.9169007744879557e-11,3.3425872305761914e-15,0.0,0.25601828607668525,0.19936315831197315,0.0,0.060605660227783215,0.0,0.059376899294453396,0.0,0.09172105805565098,0.0,0.12111883307348784,0.21179610495996617
784,2.497552593674616e-05,3.231465356078755e-08,0.14800390625000004,67776,1,1241352739.994334,0.16045553495860518,2.9169001426734296e-11,3.3489053758418734e-15,0.0,0.25589221145979046,0.19939824223389374,0.0,0.060611259204518465,0.0,0.05937079363403626,0.0,0.09187363086911769,0.0,0.12113014331336272,0.21172371928528072
785,2.500573491666928e-05,3.020897992312094e-08,0.14815625,67607,1,1240207977.0480034,0.14986167151655028,2.9168993906752507e-11,3.356425357622669e-15,0.0,0.2559059270196161,0.19929867116642055,0.0,0.06058848344231175,0.0,0.059415207762075505,0.0,0.09187144062434086,0.0,0.12112423539337693,0.21179603459185825
786,2.503597178072273e-05,3.0236864053446195e-08,0.14830468750000003,67426,1,1311323478.9907906,0.15860123905734658,2.916898729714763e-11,3.363034962501451e-15,0.0,0.25593952483801297,0.1993625875783596,0.0,0.06054101037770637,0.0,0.059447927092661855,0.0,0.09188484433440446,0.0,0.12108202075541274,0.211742085023442
787,2.506456884361438e-05,2.859706289165235e-08,0.14847265624999995,67277,1,1310796700.141655,0.14993974268848512,2.916898129521606e-11,3.3690368940768448e-15,0.0,0.2559656923360257,0.19937383251335214,0.0,0.060525138782919846,0.0,0.0594332921150254,0.0,0.0918992870109711,0.0,0.1210765871241022,0.21172617011760372
788,2.5093177399003594e-05,2.860855538921288e-08,0.1486484375,67103,1,1218868419.231025,0.1394802587349325,2.916897604307974e-11,3.3742890303904254e-15,0.0,0.2560177642297788,0.19929573763599095,0.0,0.06051926210122458,0.0,0.059441845798076424,0.0,0.09186944867819416,0.0,0.12110422031849477,0.21175172123824043
789,2.512394364038645e-05,3.076624138285449e-08,0.14879101562499997,66923,1,1301107258.7614505,0.16012071995215565,2.9168970075397714e-11,3.3802567124212027e-15,0.0,0.25595620955356324,0.19928853651172865,0.0,0.06051377640093986,0.0,0.059503025688820044,0.0,0.09191268163977895,0.0,0.12115881912812905,0.2116669510770402
790,2.5152765245790217e-05,2.882160540376739e-08,0.14891796874999996,66784,1,1231508242.1884181,0.1419761784313672,2.916896359035564e-11,3.3867417544979468e-15,0.0,0.25603966109697557,0.1992366812685256,0.0,0.060501534506728225,0.0,0.05951787634761167,0.0,0.09195236471421452,0.0,0.12109487710830731,0.21165700495763712
791,2.5183215711905945e-05,3.045046611572948e-08,0.14908398437500003,66612,1,1232144883.6797292,0.15007754412063615,2.916895918158826e-11,3.3911505218754196e-15,0.0,0.2560034586210059,0.19923753127824867,0.0,0.060499665928652836,0.0,0.05951710314289082,0.0,0.09194167507303716,0.0,0.12113034022874061,0.21167022572742397
792,2.5213650444457858e-05,3.043473255191258e-08,0.149240234375,66420,1,1232527308.5667439,0.15004655599662994,2.9168955163088195e-11,3.395169021933924e-15,0.0,0.25598408606090745,0.19923832955988013,0.0,0.06058028294355524,0.0,0.059507139024486,0.0,0.09193702477391998,0.0,0.1210558689193964,0.21169726871785474
793,2.524407573381198e-05,3.042528935412168e-08,0.149353515625,66249,1,1232262647.807451,0.14996779047927133,2.916895135691262e-11,3.3989751975174917e-15,0.0,0.2559076226967791,0.1992441381474846,0.0,0.06059972014803384,0.0,0.05950123579489728,0.0,0.09193267860178635,0.0,0.12110789993330631,0.21170670467771255
794,2.527450755779587e-05,3.043182398389115e-08,0.14949023437499998,66097,1,1232125303.1935992,0.14998328141154452,2.916894674651792e-11,3.4035855922105284e-15,0.0,0.25580423052300133,0.1992970903722285,0.0,0.06059655861717555,0.0,0.059538274605103275,0.0,0.09194005670311867,0.0,0.1211016605913325,0.21172212858804007
795,2.5304942774005457e-05,3.043521620958689e-08,0.14966796875,65905,1,1314525691.5213675,0.1600314945380382,2.9168944290790354e-11,3.4060413197729707e-15,0.0,0.2558006002870938,0.1992822654312932,0.0,0.06060289703771369,0.0,0.0595589194832311,0.0,0.09196137283048414,0.0,0.12108834660054808,0.2117055983296359
796,2.533347017384395e-05,2.852739983849181e-08,0.149794921875,65792,1,1229797634.0710692,0.14033171531030655,2.916893918413558e-11,3.411147974549803e-15,0.0,0.25576634721950586,0.1992437577417042,0.0,0.06059065128104831,0.0,0.05961275180911403,0.0,0.09196166634070019,0.0,0.12103787730621293,0.2117869483017146
797,2.5363962995557927e-05,3.049282171397713e-08,0.14992968750000002,65636,1,1229927373.7753267,0.15001582451868462,2.916893630915325e-11,3.4140229568752183e-15,0.0,0.25578396123182734,0.1992470428846855,0.0,0.06057526965765201,0.0,0.05962430305872543,0.0,0.09200927518107445,0.0,0.1210202699181908,0.21173987806784428
798,2.5394452600716394e-05,3.048960515846702e-08,0.150076171875,65458,1,1314623024.8006845,0.1603293478336099,2.916893614088411e-11,3.4141912260197314e-15,0.0,0.25567745545881654,0.19920873514751625,0.0,0.06062025794193054,0.0,0.059709262223610414,0.0,0.09201056755033253,0.0,0.12103228829110219,0.21174143338669166
799,2.5422977888416786e-05,2.852528770039269e-08,0.150216796875,65277,1,1232053483.0925918,0.14057872026994833,2.916893732757248e-11,3.413004537650631e-15,0.0,0.25569814460870355,0.19919127302986567,0.0,0.060602514594791386,0.0,0.05975738190895971,0.0,0.09204145050772972,0.0,0.12102300061109594,0.21168623473885398
800,2.545341487878661e-05,3.0436990369826165e-08,0.14992187499999998,69913,1,1313310955.4044216,0.15989293160892634,2.916902937639847e-11,3.3209557116624398e-15,0.0,0.2556149035956227,0.19997394476289734,0.0,0.060630536737884315,0.0,0.05979676915059927,0.0,0.09217040125065137,0.0,0.12103960396039604,0.21077384054194892
801,2.5481968664807876e-05,2.8553786021264273e-08,0.15010742187500004,69745,1,1177123193.2298565,0.13444529512061057,2.9169021217602686e-11,3.329114507442406e-15,0.0,0.2556372389564765,0.19994795393923626,0.0,0.06064667230498993,0.0,0.05978791230238762,0.0,0.09218658512783814,0.0,0.12105913733654285,0.2107345000325288
802,2.5513825993094056e-05,3.185732828617997e-08,0.15026757812500002,69569,1,1249142435.1534402,0.1591773625315257,2.916901029553285e-11,3.340036577279108e-15,0.0,0.255546746038967,0.19995580799875226,0.0,0.06066002053628294,0.0,0.05980217580617909,0.0,0.09219231319131238,0.0,0.12103409282919791,0.21080884359930857
803,2.5543846588780083e-05,3.002059568602649e-08,0.15045703124999998,69404,1,1177870726.845755,0.14144152344417027,2.916900095958612e-11,3.3493725240129604e-15,0.0,0.25549757250045435,0.19995067113222734,0.0,0.060648544798400705,0.0,0.05981774281486097,0.0,0.0922449827348963,0.0,0.12098553885297401,0.21085494716618636
804,2.5575683698868064e-05,3.183711008798227e-08,0.150625,69220,1,1213466652.6026833,0.1545330856280279,2.916899172066286e-11,3.3586114472725056e-15,0.0,0.2553941908713693,0.199948132780083,0.0,0.060645746887966805,0.0,0.05981587136929461,0.0,0.09224585062240663,0.0,0.12100622406639004,0.2109439834024896
805,2.560658689667706e-05,3.0903197808995214e-08,0.15075000000000005,69019,1,1249989569.8475158,0.1545146997447145,2.916898454015508e-11,3.365791955047863e-15,0.0,0.2553249378109453,0.19989894278606968,0.0,0.06069910862354893,0.0,0.059818097014925374,0.0,0.09226005389718077,0.0,0.12098362354892207,0.21101523631840796
806,2.5636587147002807e-05,3.000025032574837e-08,0.15087109374999996,68853,1,1213005501.2560294,0.14556187473676305,2.916897708693122e-11,3.3732451789158545e-15,0.0,0.2552882997177847,0.1999067912901639,0.0,0.06071511793490925,0.0,0.05988659606969941,0.0,0.09228956839189084,0.0,0.12093830101235016,0.21097532558320173
807,2.5667502093358094e-05,3.091494635528851e-08,0.15104101562500005,68672,1,1250105015.4607184,0.15458771796578089,2.916897056444706e-11,3.3797676630712064e-15,0.0,0.25537610075905504,0.19987586153388592,0.0,0.06068560640347588,0.0,0.059858016629382026,0.0,0.09230212199190514,0.0,0.12094448682968462,0.21095780585261145
808,2.5697499573198762e-05,2.999747984066731e-08,0.1511796875,68504,1,1213242061.4886293,0.14557681712541923,2.9168962503311546e-11,3.387828798584063e-15,0.0,0.255361480026872,0.19984755309803112,0.0,0.06065578006304583,0.0,0.05993230324014263,0.0,0.09228205260710041,0.0,0.12102733708852256,0.21089349387628548
809,2.572840849169932e-05,3.0908918500557154e-08,0.15132421875000002,68313,1,1251579864.0054474,0.1547399200539311,2.9168956452624364e-11,3.3938794857659523e-15,0.0,0.25529827822091433,0.19986318696920413,0.0,0.06062366091019386,0.0,0.05992668886651694,0.0,0.09225844755930715,0.0,0.1210537184749219,0.21097601899894164
810,2.5758370622825327e-05,2.9962131126006023e-08,0.15147265624999995,68139,1,1191822033.4994497,0.14283811218629464,2.91689493413128e-11,3.400990797329383e-15,0.0,0.2553317688320396,0.19982205946824147,0.0,0.060615828970781646,0.0,0.059971116899192815,0.0,0.09225829744436134,0.0,0.12099956159579132,0.21100136678959178
811,2.5789835052032e-05,3.146442920667594e-08,0.15159960937500006,67936,1,1239496747.46608,0.15600023065020624,2.916894370657595e-11,3.4066255341779927e-15,0.0,0.255259665803476,0.1998737422538296,0.0,0.06069390226619771,0.0,0.05994666254396475,0.0,0.09227122225228358,0.0,0.12101418467127895,0.21094062020896942
812,2.5820089266152904e-05,3.0254214120901694e-08,0.15174609375000003,67785,1,1252868535.810889,0.15161821179105295,2.916893689387978e-11,3.4134382303536866e-15,0.0,0.25518058022498524,0.19989960614719285,0.0,0.060699667928025336,0.0,0.059927407521816356,0.0,0.09229798954874252,0.0,0.12103894766648648,0.21095580096275132
813,2.5850020578918874e-05,2.993131276597111e-08,0.15190625000000002,67599,1,1252787910.285383,0.14999034708871664,2.9168931011406715e-11,3.4193207034162998e-15,0.0,0.25519440444353014,0.19993314132894463,0.0,0.0606742439827196,0.0,0.05992851265171775,0.0,0.09227782349310841,0.0,0.12107848179386956,0.21091339230610984
814,2.587995381797085e-05,2.993323905197773e-08,0.15206640625,67420,1,1266007565.1626222,0.15158282835850018,2.9168924617098425e-11,3.4257150117104552e-15,0.0,0.25513113617097793,0.2000051375581186,0.0,0.06062318579978936,0.0,0.05995530324436795,0.0,0.09223201212463716,0.0,0.12109224485601994,0.21096098024608903
815,2.590957449404887e-05,2.962067607801618e-08,0.15220507812499995,67234,1,1265623232.340741,0.14995446320790762,2.916891966130782e-11,3.430670802311009e-15,0.0,0.2551168371209691,0.2000153986320882,0.0,0.06064494604062673,0.0,0.059939175403251686,0.0,0.092250638401622,0.0,0.12114873795377845,0.21088426644766392
816,2.5939204165061342e-05,2.962967101247392e-08,0.15234570312499995,67054,1,1261246965.7042818,0.1494813306371954,2.916891475663963e-11,3.4355754705027566e-15,0.0,0.2550608325534288,0.1999589748849374,0.0,0.06060178715657493,0.0,0.0599479493852643,0.0,0.09230650889091166,0.0,0.1211779336162357,0.2109460135126473
817,2.5968936644916358e-05,2.973247985501392e-08,0.152517578125,66872,1,1261152801.9820852,0.14998880111610682,2.9168909825939284e-11,3.4405061708498626e-15,0.0,0.2550167117007517,0.20004097888306932,0.0,0.06063594104163198,0.0,0.059995645993673886,0.0,0.09227932231172124,0.0,0.12118224077654985,0.21084915929260206
818,2.5998671344741044e-05,2.9734699824686816e-08,0.15268554687500002,66733,1,1260598685.1952074,0.14993409401469748,2.916890360777832e-11,3.446724331813878e-15,0.0,0.25501758874320435,0.20002558362647904,0.0,0.0606459865685961,0.0,0.05996802046690118,0.0,0.09230572433642469,0.0,0.12122801407099455,0.21080908218740008
819,2.6028419114939767e-05,2.9747770198723487e-08,0.15279101562499997,66560,1,1254018003.063381,0.14921695752076636,2.9168898227096206e-11,3.4521050139268645e-15,0.0,0.2549949507215994,0.19997699063007326,0.0,0.06065525572358077,0.0,0.05997775760907081,0.0,0.09235705428933004,0.0,0.1212338135474057,0.21080417747894004
820,2.6058322991844557e-05,2.990387690479166e-08,0.152939453125,66405,1,1198845506.4450421,0.14340051381038066,2.916889458287249e-11,3.4557492376391234e-15,0.0,0.25501564395632464,0.19993614711704233,0.0,0.06063469765659919,0.0,0.05999616882702254,0.0,0.09235680990996743,0.0,0.1212310835834238,0.21082944894962008
821,2.608960308573355e-05,3.128009388899443e-08,0.15308398437500004,66213,1,1254495954.8127177,0.1569630049996221,2.916889179813241e-11,3.45853397772379e-15,0.0,0.2549917707549216,0.19993875910639328,0.0,0.060654001709641615,0.0,0.06000331721507036,0.0,0.09238443970961609,0.0,0.12128248638028044,0.21074522512407662
822,2.6119495569528446e-05,2.989248379489461e-08,0.15322460937500004,66058,1,1254327837.7694032,0.14997989825602834,2.916888820978819e-11,3.4621223219458062e-15,0.0,0.25502542988617105,0.1998699825368702,0.0,0.06063657569693186,0.0,0.06003747562172567,0.0,0.09235063925252705,0.0,0.12132413863430679,0.2107557583714676
823,2.6149392059800627e-05,2.9896490272181957e-08,0.15339843750000004,65849,1,1197528743.8016558,0.14320762575889795,2.916888878466166e-11,3.461547448471372e-15,0.0,0.2551056786350904,0.1998726763432646,0.0,0.06064425770308124,0.0,0.060033104150751214,0.0,0.09236058059587471,0.0,0.12131398013750955,0.2106697224344283
824,2.6180706548236998e-05,3.131448843637197e-08,0.15356640624999995,65667,1,1254510279.034775,0.15713739050457695,2.916888908751267e-11,3.461244597463447e-15,0.0,0.25510645333604665,0.19988299035942314,0.0,0.060641518072902106,0.0,0.06004375143082442,0.0,0.09234858698140565,0.0,0.12129575458499735,0.21068094523440087
825,2.6210598690714183e-05,2.9892142477184514e-08,0.153404296875,70507,1,1254225572.9175165,0.14996595809671512,2.916898302444255e-11,3.367307667586127e-15,0.0,0.2542556306736438,0.2004761722877914,0.0,0.060629209477611,0.0,0.06051462256343661,0.0,0.09256076289421082,0.0,0.12133481023133826,0.21022879187196825
826,2.6240497618634117e-05,2.9898927919935e-08,0.15354492187500002,70306,1,1264423380.9066255,0.15121961410403084,2.9168974866118935e-11,3.3754659911920173e-15,0.0,0.2541754118170833,0.20052152897029832,0.0,0.06066272339884247,0.0,0.06053552121096484,0.0,0.09255231189976469,0.0,0.12128728614132166,0.2102652165617249
827,2.627015540618081e-05,2.9657787546693012e-08,0.15371093749999998,70110,1,1264644336.5077488,0.15002621221710147,2.916896675439414e-11,3.3835777159926348e-15,0.0,0.2541677255400254,0.20055908513341808,0.0,0.06063532401524778,0.0,0.06055908513341805,0.0,0.09259212198221094,0.0,0.12120711562897078,0.21027954256670903
828,2.629980801199056e-05,2.9652605809752285e-08,0.153888671875,69909,1,1264259338.7503474,0.14995433525304855,2.916895924821344e-11,3.391083896693089e-15,0.0,0.25411531773933577,0.200555901054689,0.0,0.06065413562462719,0.0,0.060590676600119305,0.0,0.09261210036679317,0.0,0.12116866139533704,0.21030320721909868
829,2.632946964774092e-05,2.9661635750356995e-08,0.1540390625,69747,1,1264446872.6246455,0.15002225024588112,2.916894959443881e-11,3.400737671320317e-15,0.0,0.2540574123852513,0.20055028655474974,0.0,0.06065831515950703,0.0,0.060607597504691385,0.0,0.09261043769336105,0.0,0.12118983618197496,0.2103261145204646
830,2.6359126884285908e-05,2.965723654498845e-08,0.15421093750000003,69573,1,1229187166.8174496,0.14581717825747714,2.9168941567432734e-11,3.408764677399358e-15,0.0,0.2540275596534779,0.20051674350271037,0.0,0.060628704594964285,0.0,0.06060337403110594,0.0,0.09269719843963727,0.0,0.12116875221642436,0.21035766756167992
831,2.6389634850047617e-05,3.050796576170994e-08,0.154376953125,69378,1,1371733775.6523762,0.16739522824713518,2.9168933518651646e-11,3.4168134584837105e-15,0.0,0.2540580205209954,0.20047823281588034,0.0,0.060639414987158566,0.0,0.060639414987158566,0.0,0.09267342265406561,0.0,0.12115231335635936,0.2103591806783821
832,2.6416972516193633e-05,2.7337666146016968e-08,0.15449999999999997,69235,1,1372748322.927017,0.15011094141873393,2.916892459312545e-11,3.425738984679348e-15,0.0,0.2540453074433657,0.20047026699029125,0.0,0.060654328478964396,0.0,0.060692253236245955,0.0,0.0926122572815534,0.0,0.12111903317152102,0.21040655339805825
833,2.6444289978086458e-05,2.73174618928263e-08,0.15463867187500002,69110,1,1372736857.1081417,0.14999874713171923,2.9168915854419374e-11,3.4344776907556445e-15,0.0,0.25398168613830124,0.20049257972844964,0.0,0.06065045784654247,0.0,0.060713609093779604,0.0,0.09260498894853172,0.0,0.12109883170192612,0.2104578465424692
834,2.6471607668149067e-05,2.7317690062608858e-08,0.15476562500000002,68959,1,1372129572.3875477,0.14993364153689223,2.916890758277894e-11,3.4427493312001133e-15,0.0,0.25391216557294294,0.20054265522463402,0.0,0.0606638061585058,0.0,0.06075214538112064,0.0,0.09257950530035335,0.0,0.12111307420494698,0.21043664815749621
835,2.649893744862654e-05,2.7329780477472578e-08,0.15492382812500005,68753,1,1371699495.3173525,0.14995298435233273,2.916890271783018e-11,3.4476142799492045e-15,0.0,0.25391762584939676,0.200514365678698,0.0,0.06063967927787094,0.0,0.06081617730487514,0.0,0.09264885717527516,0.0,0.12110286052873767,0.21036043418514644
836,2.652627579797202e-05,2.7338349345476795e-08,0.1550625,68577,1,1402574385.3434136,0.15337627411814256,2.916889632293725e-11,3.4540091728810617e-15,0.0,0.25391727126158803,0.2004484079000403,0.0,0.06067361950826279,0.0,0.06087515114873035,0.0,0.09269195888754535,0.0,0.12105753728335349,0.21033605401047964
837,2.6553012347841934e-05,2.6736549869915316e-08,0.15517773437500004,68404,1,1371256406.095678,0.1466506611440718,2.9168890931575666e-11,3.459400534462874e-15,0.0,0.2538419906609105,0.2004380058149048,0.0,0.06070408176108545,0.0,0.06090546374494971,0.0,0.09269864444752111,0.0,0.1210431586764169,0.21036865489421153
838,2.6580359530931325e-05,2.7347183089391866e-08,0.15531835937500005,68242,1,1401352805.875833,0.1532922070204777,2.9168885393931393e-11,3.4649381787344105e-15,0.0,0.2538133621719503,0.20045772921041713,0.0,0.0606994202935,0.0,0.06090061994643059,0.0,0.09272789004438967,0.0,0.12105931617267959,0.2103416621606328
839,2.660711938743767e-05,2.675985650634412e-08,0.155447265625,68074,1,1401631314.3445065,0.15002981138663002,2.9168879660520896e-11,3.470671589234983e-15,0.0,0.25380391762680776,0.20047996582442298,0.0,0.06072447197477039,0.0,0.06092550478081143,0.0,0.09272638178642778,0.0,0.12103431378708114,0.21030544421967862
840,2.6633873926677926e-05,2.6754539240254793e-08,0.155564453125,67881,1,1401778417.0430706,0.15001574265968434,2.916887596210879e-11,3.4743700013405812e-15,0.0,0.25380105211615966,0.20046704917826963,0.0,0.06072894826049291,0.0,0.060904719456615894,0.0,0.09273186104031438,0.0,0.12106868887242776,0.2102976810757197
841,2.666062565829547e-05,2.675173161754265e-08,0.15568359374999996,67715,1,1402104999.424741,0.1500349465769019,2.916887022550716e-11,3.480106602965226e-15,0.0,0.2538200978547234,0.20050181909421655,0.0,0.060695019445489905,0.0,0.06087065612846569,0.0,0.09272362313386025,0.0,0.12107640195709447,0.21031238238614983
842,2.668737115882174e-05,2.6745500526269845e-08,0.15581640625000004,67543,1,1180693489.3199255,0.1263129533598778,2.916886658501354e-11,3.483747096591082e-15,0.0,0.2538043069517912,0.20043119657048306,0.0,0.0607059590363258,0.0,0.06084384166060819,0.0,0.0927323322219158,0.0,0.12113615282408684,0.21034621073478904
843,2.671913215381257e-05,3.176099499083359e-08,0.15597656250000003,67349,1,1311372523.4338956,0.1666019845916031,2.916886104694897e-11,3.4892851611596934e-15,0.0,0.25383170548459805,0.2004257450538442,0.0,0.06064362634610568,0.0,0.06085649887302779,0.0,0.09277485599799648,0.0,0.12113698973203105,0.21033057851239667
844,2.6747728147193463e-05,2.8595993380892516e-08,0.15611523437499997,67180,1,1311895242.9482183,0.15005979073508652,2.9168856088904254e-11,3.4942432058782952e-15,0.0,0.25380640802692317,0.20039784313970796,0.0,0.06068984499130499,0.0,0.060864996059100965,0.0,0.09276751197908195,0.0,0.12110445259035918,0.21036894321352165
845,2.6776312746612945e-05,2.858459941948288e-08,0.15627929687499997,67019,1,1194671378.906037,0.1365968112158013,2.9168850949936067e-11,3.4993821740613873e-15,0.0,0.2537774167343623,0.20043741798412798,0.0,0.06067612322689496,0.0,0.06083859276385678,0.0,0.0928200962319565,0.0,0.12102730737986628,0.21042304567893522
846,2.6807702131729327e-05,3.138938511638139e-08,0.156423828125,66846,1,1311644291.5027497,0.16468683120673214,2.916884580451461e-11,3.504527595523772e-15,0.0,0.25383011399817695,0.20040205271635303,0.0,0.060657518510656885,0.0,0.06081983793030253,0.0,0.09280924970969795,0.0,0.12100288429122599,0.21047834284358646
847,2.6836292200121296e-05,2.8590068391969504e-08,0.156564453125,66678,1,1311220773.8490694,0.1499515664052643,2.9168841294134166e-11,3.5090379759640404e-15,0.0,0.253764299347563,0.20039670163795362,0.0,0.060652935966367685,0.0,0.060877484063322565,0.0,0.09287558787939271,0.0,0.12095657489302777,0.2104764162123726
848,2.6864891502960222e-05,2.859930283892566e-08,0.15672265625000004,66531,1,1311964522.9296694,0.150085082820769,2.916883714671321e-11,3.5131853969274896e-15,0.0,0.25376984621519905,0.2003439595224446,0.0,0.060641559283168424,0.0,0.06096557912315246,0.0,0.09283168415542983,0.0,0.12094663642481493,0.21050073527579075
849,2.6893474592933005e-05,2.858308997278447e-08,0.15687304687500003,66373,1,1317367330.0461006,0.15061771568765822,2.9168834596020506e-11,3.5157360896262875e-15,0.0,0.2537257684981138,0.20040090140564498,0.0,0.06065812572367685,0.0,0.06095693422477869,0.0,0.09286719207161445,0.0,0.1209178401125512,0.21047323796362008
850,2.6921940457498426e-05,2.846586456541905e-08,0.156400390625,71118,1,1190207387.51905,0.13552112919151402,2.916893165641558e-11,3.4186756945490096e-15,0.0,0.2527816976160446,0.2013811706232751,0.0,0.060791488192614616,0.0,0.06130349538569128,0.0,0.0931853091399528,0.0,0.1208212095857737,0.209735629456648
851,2.6953447571631003e-05,3.150711413257783e-08,0.15656640624999996,70907,1,1161069961.4534762,0.1463278551656897,2.916892248535299e-11,3.4278467571369572e-15,0.0,0.2527257303959482,0.2014420797884284,0.0,0.060764451984730926,0.0,0.061288391008208376,0.0,0.09324867144033333,0.0,0.12076794491155411,0.20976273047079666
852,2.698574536697923e-05,3.229779534822856e-08,0.15676757812499997,70707,1,1258268156.748938,0.1625571496794799,2.9168912832786745e-11,3.4374993233849237e-15,0.0,0.25272534728711143,0.20140783654145641,0.0,0.060773687161278254,0.0,0.06133433003176976,0.0,0.09321622126705288,0.0,0.1207375568429577,0.2098050208683735
853,2.7015548235150743e-05,2.9802868171512e-08,0.15691796874999997,70494,1,1220642724.553308,0.14551461681750988,2.9168904407612106e-11,3.4459244980260962e-15,0.0,0.25274451718901697,0.20142640213089044,0.0,0.060740335067586075,0.0,0.061400014936147974,0.0,0.0932015633168206,0.0,0.12068407557690872,0.2098030917826293
854,2.7046269755252967e-05,3.07215201022257e-08,0.15706445312499995,70349,1,1253519330.6234193,0.15404007725710353,2.916889339406757e-11,3.4569380425634896e-15,0.0,0.2527326311600781,0.20143750699478966,0.0,0.060733427011701514,0.0,0.06140492681895619,0.0,0.09327629730032208,0.0,0.12068343758160588,0.20973177313254662
855,2.7076185528455564e-05,2.9915773202595867e-08,0.15719531249999996,70141,1,1219686981.0899637,0.14595151641778475,2.916888521872928e-11,3.465113380854867e-15,0.0,0.2527458873813429,0.20139406590129716,0.0,0.06070771830425923,0.0,0.061428358431489485,0.0,0.09331047164653845,0.0,0.12065752199194871,0.20975597634312412
856,2.7106931121858955e-05,3.074559340338979e-08,0.157330078125,69948,1,1253113534.5940995,0.15411087689165923,2.916887739626334e-11,3.472935846791837e-15,0.0,0.2527404317654215,0.20146983973284668,0.0,0.06068054572765757,0.0,0.06137574019589586,0.0,0.09335468573485779,0.0,0.12064106861321117,0.20973768823010933
857,2.7136856582692915e-05,2.992546083395928e-08,0.15746484375000003,69740,1,1161238515.3384943,0.13900239083858854,2.91688708042719e-11,3.479527838235814e-15,0.0,0.2526605641140135,0.20153308030066233,0.0,0.06071543747364243,0.0,0.06137282627570638,0.0,0.09337401701768748,0.0,0.12063704695988688,0.20970702785840092
858,2.7169149690012962e-05,3.229310732004869e-08,0.15762695312499997,69551,1,1225477897.3588984,0.15829795703103408,2.916886173608945e-11,3.4885960206819776e-15,0.0,0.25263614398116596,0.20149928752865373,0.0,0.060690167895421594,0.0,0.06132209900254012,0.0,0.09345145901740906,0.0,0.12063688742952729,0.20976395514528218
859,2.719974999711015e-05,3.06003070971892e-08,0.15777734374999997,69340,1,1250108247.8317928,0.1530147851535279,2.9168854547984885e-11,3.495784125250539e-15,0.0,0.25261815751033645,0.20148052784036044,0.0,0.06068183506226634,0.0,0.06133792181426555,0.0,0.09342427768562302,0.0,0.12062093040528829,0.20983634968185977
860,2.7229747399387147e-05,2.9997402276995275e-08,0.15796289062500002,69141,1,1250300286.4022129,0.15002304263299834,2.916884852871853e-11,3.501803391606437e-15,0.0,0.2525934443661362,0.20142933095935803,0.0,0.0606600145900565,0.0,0.06141424632466584,0.0,0.0934010905449015,0.0,0.12062761971883228,0.20987425349604955
861,2.725974019424438e-05,2.999279485723201e-08,0.15807812499999996,68939,1,1250071113.7218142,0.14997250588323968,2.916884211746097e-11,3.5082146491582497e-15,0.0,0.25261935356330933,0.2014431155480874,0.0,0.06065286152021351,0.0,0.061443609765740835,0.0,0.09339478106157952,0.0,0.12066324009093606,0.20978303845013346
862,2.728973848761215e-05,2.999829336776843e-08,0.15823828124999995,68761,1,1250469923.9092598,0.15004785450000419,2.9168835446758434e-11,3.514885351697845e-15,0.0,0.2524994445678738,0.20139968895800933,0.0,0.06066553111654201,0.0,0.06146782196548916,0.0,0.09342368362586093,0.0,0.1206892295539263,0.2098546002122985
863,2.731972721367664e-05,2.998872606449124e-08,0.15841015625,68596,1,1249828365.728823,0.1499230419498898,2.916882782264973e-11,3.522509460412968e-15,0.0,0.2524844031267724,0.20130446576085617,0.0,0.06063669765492071,0.0,0.061561413458930285,0.0,0.09353192118955442,0.0,0.12066924765122185,0.20981185115774417
864,2.7349731333464825e-05,3.000411978818572e-08,0.158583984375,68398,1,1249576279.260056,0.14996974546957656,2.9168822108719126e-11,3.528223390999429e-15,0.0,0.25247860089907015,0.20124391896052712,0.0,0.06066876039164973,0.0,0.06155551450212452,0.0,0.0935771907137139,0.0,0.12064782314181909,0.2098281913910955
865,2.7379741506210905e-05,3.0010172746081454e-08,0.158724609375,68183,1,1249213192.1141381,0.14995641476811652,2.9168817243841125e-11,3.5330882690053836e-15,0.0,0.2524640998191148,0.20126250507586105,0.0,0.060639620017965475,0.0,0.06159941919844464,0.0,0.09358042009671823,0.0,0.12063937391561151,0.20981456187628433
866,2.7409760401493732e-05,3.0018895282826705e-08,0.15888281250000003,68022,1,1251330078.8349586,0.15025418640319163,2.9168810039522876e-11,3.5402925872582426e-15,0.0,0.25247086590942613,0.20127108226385404,0.0,0.060591532674435754,0.0,0.06157496189211781,0.0,0.0935978757928898,0.0,0.12066676500958842,0.20982691645768795
867,2.7439728513532495e-05,2.996811203876286e-08,0.15903320312500002,67828,1,1251374570.3950331,0.15000533331222837,2.916880561412522e-11,3.5447179849096203e-15,0.0,0.2524531777709549,0.20127724900214922,0.0,0.06059564015965612,0.0,0.061590420632483885,0.0,0.0935830518882407,0.0,0.12063862450107461,0.20986183604544056
868,2.7469695560080487e-05,2.996704654799084e-08,0.15918750000000004,67612,1,1252827505.2683947,0.1501741606679249,2.9168802460004594e-11,3.5478721055372244e-15,0.0,0.2524538672948567,0.20133981154299174,0.0,0.06058598351001178,0.0,0.06155526109148017,0.0,0.09357822928936002,0.0,0.12059530820573224,0.20989153906556732
869,2.7499627853107506e-05,2.9932293027016775e-08,0.15933203124999995,67462,1,1254148256.4267595,0.15015813244275178,2.916879594371972e-11,3.554388390404968e-15,0.0,0.25243325406359557,0.20140233886587072,0.0,0.060567800142195205,0.0,0.06160974772610263,0.0,0.09355463482801736,0.0,0.12057172276839344,0.20986050160582512
870,2.7529528624254644e-05,2.990077114713905e-08,0.1594609375,67287,1,1254038826.4627306,0.14998691183875573,2.9168791746774374e-11,3.558585335754002e-15,0.0,0.25246190779481653,0.20139875557297537,0.0,0.06054333447650777,0.0,0.061621184655332915,0.0,0.09351575131056784,0.0,0.12058448875606291,0.20987457743373675
871,2.755943200460354e-05,2.990338034889742e-08,0.15960546875000003,67122,1,1254117876.387881,0.15000945543991331,2.916878790327188e-11,3.56242883824568e-15,0.0,0.2524413225972246,0.2013509875425243,0.0,0.06054969529357057,0.0,0.061675518245674146,0.0,0.0935412026726058,0.0,0.12058542793509387,0.20985584571330676
872,2.7589333500073812e-05,2.990149547027251e-08,0.15975781249999998,66947,1,1253605329.4606116,0.1499386963215038,2.916878506087732e-11,3.565271232813047e-15,0.0,0.25253068609711965,0.20133013839307545,0.0,0.060553083280356,0.0,0.06167783265685364,0.0,0.09353758129981907,0.0,0.12056824294586531,0.20980243532691087
873,2.7619247221018296e-05,2.9913720944481873e-08,0.15992382812499994,66770,1,1318505119.1900659,0.15776557679728978,2.916878231471343e-11,3.568017396696433e-15,0.0,0.2525738571829851,0.201353183278172,0.0,0.06050243646267144,0.0,0.0617481467006998,0.0,0.0934893320794812,0.0,0.1206018490248043,0.20973119527118625
874,2.764768852128646e-05,2.844130026816701e-08,0.16008984375000002,66599,1,1319352530.2185364,0.15009640588604514,2.9168781052285823e-11,3.5692798243087736e-15,0.0,0.25248273674450383,0.2013883805480321,0.0,0.06054949613254276,0.0,0.06174511382768465,0.0,0.0935021838323207,0.0,0.12057438450089061,0.2097577044140253
875,2.767611155390367e-05,2.8423032617209995e-08,0.15984570312500002,71704,1,1315721311.2786045,0.14958715898252034,2.9168885020144546e-11,3.46531196558125e-15,0.0,0.2522940824281228,0.20178150315856352,0.0,0.06061753888637724,0.0,0.062022702557397884,0.0,0.09351058760279077,0.0,0.12053860534450948,0.20923498002223823
876,2.7704613030377862e-05,2.850147647419185e-08,0.15999414062499995,71530,1,1370266986.5334167,0.15621852912017575,2.916887564505327e-11,3.4746870568648804e-15,0.0,0.25221870918124445,0.20176520136235457,0.0,0.060622337243795545,0.0,0.06209944211824163,0.0,0.09352149126554928,0.0,0.1205732631810247,0.20919955564778983
877,2.773197995986572e-05,2.7366929487858225e-08,0.16016406250000004,71361,1,1369860635.6132212,0.1499555176920787,2.9168866722654535e-11,3.483609455600017e-15,0.0,0.25228037656699676,0.2017584508072777,0.0,0.060631188722501346,0.0,0.06208233744695381,0.0,0.09348324471976978,0.0,0.12051851129213209,0.20924589044436856
878,2.7759355007388866e-05,2.737504752314679e-08,0.16031640625,71165,1,1369456118.2295628,0.14995570526959368,2.916885886272283e-11,3.4914693872930873e-15,0.0,0.2521990204917034,0.20172510416412853,0.0,0.06062230452474355,0.0,0.062120806023245045,0.0,0.09352842279671547,0.0,0.12051363270875466,0.20929070929070928
879,2.7786738141102184e-05,2.7383133713316872e-08,0.16045703125,70973,1,1382373736.0250146,0.15141489942140154,2.9168851306962916e-11,3.4990251472208616e-15,0.0,0.25218492100202056,0.2017430678968766,0.0,0.06058134722594152,0.0,0.062139396742702725,0.0,0.09349514326752195,0.0,0.12049322005014972,0.20936290381478687
880,2.7813865392599184e-05,2.71272514970014e-08,0.16060546875000004,70773,1,1381910795.611375,0.14994976679588432,2.916884452268656e-11,3.505809423571033e-15,0.0,0.2521585795938222,0.2017633467104463,0.0,0.06058616076857594,0.0,0.062142770278487164,0.0,0.09348169767724673,0.0,0.12050346588836192,0.2093639790830597
881,2.7841001731731268e-05,2.7136339132085234e-08,0.16072070312499998,70598,1,1262119452.0719175,0.1369972059065006,2.916883671076937e-11,3.5136213407602563e-15,0.0,0.2520628516569651,0.20188603580065378,0.0,0.06059133055450911,0.0,0.06214682399834729,0.0,0.09346328184812067,0.0,0.12051428501986901,0.20933539112153507
882,2.787071365791895e-05,2.9711926187683212e-08,0.16087890625,70425,1,1259024864.5107884,0.14963221537120963,2.9168828262212134e-11,3.5220698979998204e-15,0.0,0.2520092266601918,0.20184533203836347,0.0,0.06055602767998057,0.0,0.06224353526769454,0.0,0.0934927764962972,0.0,0.12046861721500544,0.2093844846424669
883,2.7900498613766165e-05,2.9784955847215252e-08,0.161015625,70269,1,1406213664.5388017,0.1675360476401559,2.916881888971437e-11,3.5314423957651328e-15,0.0,0.25211062590975253,0.20179524502668605,0.0,0.060553129548762734,0.0,0.062239204269771954,0.0,0.09347404172731684,0.0,0.12043910722950024,0.2093886462882096
884,2.792716596947864e-05,2.6667355712475557e-08,0.16115625,70090,1,1408820976.4465528,0.1502781204563895,2.916881261846434e-11,3.5377136457947807e-15,0.0,0.2521330230754314,0.2017645918169478,0.0,0.060573007562536356,0.0,0.062269730463447734,0.0,0.09347731239092494,0.0,0.12038248981966258,0.209399844871049
885,2.7953783971784787e-05,2.6618002306145144e-08,0.161296875,69938,1,1392620247.7462852,0.14827507586438018,2.916880417775741e-11,3.546154352720042e-15,0.0,0.25203429235687297,0.2017339920565727,0.0,0.060617068681584806,0.0,0.06230020342923567,0.0,0.09354112176692819,0.0,0.12038651554780587,0.2093868061609997
886,2.798071162852444e-05,2.6927656739651213e-08,0.16142968749999997,69764,1,1255718492.830158,0.13525422614625068,2.916879762071388e-11,3.5527113962547943e-15,0.0,0.2520931132942942,0.20173740502347193,0.0,0.06057929632676766,0.0,0.062273145235445,0.0,0.09358515220442337,0.0,0.12040845956540677,0.2093234283501912
887,2.801057500969953e-05,2.986338117509276e-08,0.16155859375000003,69507,1,1392564628.7078128,0.16634675327221177,2.916879317925512e-11,3.557152855012248e-15,0.0,0.25210957711743515,0.20170942237481565,0.0,0.06059140694891076,0.0,0.06225972581542108,0.0,0.09358301699750962,0.0,0.12039701153316087,0.20934983921274694
888,2.803750374192993e-05,2.6928732230400654e-08,0.161728515625,69341,1,1339889970.5371568,0.14432615293917808,2.91687873894854e-11,3.562942624722009e-15,0.0,0.2521828392005314,0.20169071915947107,0.0,0.060600205301612226,0.0,0.062254694764808896,0.0,0.09360545860757201,0.0,0.12035505102348892,0.20931103194251555
889,2.8065491114643053e-05,2.7987372713123888e-08,0.16183593750000003,69168,1,1392157192.0852187,0.15585128884058008,2.916878048500525e-11,3.5698471048815154e-15,0.0,0.2522447501810282,0.20168959691045135,0.0,0.06058411778904175,0.0,0.06230992034757422,0.0,0.0936157373883659,0.0,0.12031136857349746,0.20924450881004103
890,2.8092427727989015e-05,2.6936613345962224e-08,0.16196093749999996,69004,1,1278011580.376452,0.13770121516905046,2.9168774673360695e-11,3.575658749436232e-15,0.0,0.25229125464280544,0.2016665862717669,0.0,0.06056147797983696,0.0,0.06229800781438426,0.0,0.09366407795089479,0.0,0.12032704645217308,0.20919154888813854
891,2.81217701851121e-05,2.9342457123083323e-08,0.162095703125,68808,1,1278235952.3188565,0.15002633449639852,2.916876907145021e-11,3.581260659929053e-15,0.0,0.25228633740194956,0.20171580735724698,0.0,0.06051112744448327,0.0,0.06230645958092851,0.0,0.0936223536924801,0.0,0.12027520393286181,0.20928271059004977
892,2.8151107491680554e-05,2.9337306568455532e-08,0.1622734375,68620,1,1391962921.1380596,0.1633457717974006,2.916876401170124e-11,3.5863204088932686e-15,0.0,0.2522266621732223,0.20171152087044436,0.0,0.06051706706465746,0.0,0.06232246882672958,0.0,0.09367627942804872,0.0,0.12026382937749748,0.20928217225940016
893,2.8178047864466734e-05,2.6940372786180427e-08,0.16241210937499995,68433,1,1278146524.1792126,0.13773497534699505,2.916876010872053e-11,3.590223389600833e-15,0.0,0.25223979315735673,0.20169562864530094,0.0,0.06051349888761951,0.0,0.062329384883651015,0.0,0.09369250195418195,0.0,0.1202332992604173,0.20929589321147254
894,2.8207387223679936e-05,2.9339359213202392e-08,0.16256640624999996,68243,1,1392722038.349294,0.16344628866909353,2.916875443999495e-11,3.595892115177145e-15,0.0,0.2522526852007593,0.20162433620876086,0.0,0.060540163875339406,0.0,0.06233029771487613,0.0,0.09368767570944567,0.0,0.12020328231251652,0.20936155897830214
895,2.8234312912343874e-05,2.6925688663939284e-08,0.16272656249999995,68044,1,1278135238.4277976,0.1376586860012667,2.9168751099593984e-11,3.599232516145809e-15,0.0,0.25222046185606606,0.20160593403427912,0.0,0.06054059244322819,0.0,0.06237697441067742,0.0,0.09367948533294926,0.0,0.12019300014402996,0.20938355177877
896,2.8263652530619423e-05,2.933961827554948e-08,0.16286914062500002,67833,1,1193752935.9310913,0.1400970218221388,2.91687486521171e-11,3.601679993036219e-15,0.0,0.2522754799793738,0.20152538104546164,0.0,0.06053556224442073,0.0,0.06239432059384332,0.0,0.09370540478960056,0.0,0.1201357493194546,0.2094281020278454
897,2.829506606592583e-05,3.141353530640838e-08,0.16302734375000005,67659,1,1393314563.025434,0.17507574487412975,2.916874327610045e-11,3.607056009679973e-15,0.0,0.2522103749850246,0.2015454654366838,0.0,0.06050077872289445,0.0,0.06242961543069366,0.0,0.0937222954354858,0.0,0.12017491314244638,0.2094165568467713
898,2.8321980304099424e-05,2.691423817359143e-08,0.16314843749999997,67496,1,1275578907.029407,0.13732493805199564,2.916873929899415e-11,3.611033115978945e-15,0.0,0.2522386630273428,0.20146770100081407,0.0,0.06046784465833453,0.0,0.06245510702485275,0.0,0.0937485035674951,0.0,0.12018148733419529,0.20944069338696547
899,2.835137872060925e-05,2.9398416509826686e-08,0.16330468750000005,67342,1,1193311507.5808291,0.14032587490332168,2.916873535209989e-11,3.61498001024705e-15,0.0,0.2522245610677893,0.20141845668085917,0.0,0.06045782901975792,0.0,0.06246710998421278,0.0,0.09375448500215279,0.0,0.12021001770080848,0.20946754054441943
900,2.838280387637266e-05,3.142515576341237e-08,0.16278320312500005,72107,1,1393125991.09509,0.17511680507288577,2.9168844643094016e-11,3.505689016112191e-15,0.0,0.25134081228627997,0.2028436018957346,0.0,0.060627512148299235,0.0,0.06285919971204032,0.0,0.09382686423900653,0.0,0.11973123762673227,0.20877077209190714
901,2.8409721757626547e-05,2.6917881253886087e-08,0.16292773437499997,71964,1,1236720823.970761,0.13315961713541244,2.9168833213052354e-11,3.51711905777811e-15,0.0,0.2513576043826946,0.20283148922907251,0.0,0.06063366858869083,0.0,0.06289933947901558,0.0,0.09388748366679055,0.0,0.11968496385715484,0.20870545079658112
902,2.844004387986558e-05,3.032212223903378e-08,0.163109375,71752,1,1242110594.70551,0.1506537171482377,2.916882383794055e-11,3.526494169578038e-15,0.0,0.2513411246287958,0.20279720279720279,0.0,0.060649966471884274,0.0,0.06292508861002012,0.0,0.09390267266979595,0.0,0.11967142446594502,0.20871252035635596
903,2.847023442824335e-05,3.019054837777212e-08,0.16327539062499996,71565,1,1235858954.1127987,0.14924503816898121,2.916881376554522e-11,3.536566564910147e-15,0.0,0.25131284615476635,0.2027465100422264,0.0,0.06063614723016377,0.0,0.06292091821476849,0.0,0.09390289125207844,0.0,0.11970525258083425,0.2087754345251624
904,2.8500577696684467e-05,3.0343268441114776e-08,0.16341992187499998,71336,1,1240536402.3821917,0.15056771627383048,2.916880545962836e-11,3.5448724817741915e-15,0.0,0.251233999832678,0.20275842287052862,0.0,0.06061837434714538,0.0,0.06293697935963476,0.0,0.09391545457804976,0.0,0.11970694744893692,0.20882982156302662
905,2.853080655569093e-05,3.022885900646613e-08,0.16357812500000002,71123,1,1235758101.2982361,0.14942222964097068,2.916879687809351e-11,3.553454016614589e-15,0.0,0.2512059413506543,0.20277724711051676,0.0,0.06059556786703601,0.0,0.06292387047473492,0.0,0.09392014519056262,0.0,0.11967475403572453,0.20890247397077086
906,2.8561152300509924e-05,3.034574481899334e-08,0.163734375,70925,1,1240330025.2089808,0.15055495374530925,2.916878867206089e-11,3.56166004923551e-15,0.0,0.2511809332951617,0.2027626681935299,0.0,0.06060931386582689,0.0,0.06288768012214906,0.0,0.09392594713235995,0.0,0.11966790724305754,0.20896555014791485
907,2.859138618926359e-05,3.0233888753665943e-08,0.163865234375,70731,1,1235571928.8655005,0.14942457697788797,2.916877951441231e-11,3.57081769781795e-15,0.0,0.2511948890928378,0.20271993706718794,0.0,0.06058475071216581,0.0,0.06289705479207142,0.0,0.09394629256606156,0.0,0.11966769568171254,0.20898938008796292
908,2.8621736506492335e-05,3.0350317228744764e-08,0.164025390625,70553,1,1239993943.9607258,0.15053683824372158,2.916877131459285e-11,3.579017517284773e-15,0.0,0.2511282313856706,0.20266488848668152,0.0,0.060585132351365194,0.0,0.0629428084923971,0.0,0.09398554434931712,0.0,0.11964611042974008,0.20904728450482848
909,2.8651978589675596e-05,3.0242083183260876e-08,0.164142578125,70385,1,1234917755.0692842,0.14938594189316431,2.9168762028072523e-11,3.5883040376092336e-15,0.0,0.2511750217155912,0.20260349115312762,0.0,0.060637070001546854,0.0,0.06294546709344248,0.0,0.09398983829321401,0.0,0.11963208433978652,0.20901702740329123
910,2.8682344984397888e-05,3.036639472229151e-08,0.16432617187499998,70164,1,1239183857.8088093,0.15051818463885705,2.916875597578979e-11,3.5943563203376815e-15,0.0,0.25114399477030963,0.20249598858976645,0.0,0.060700065371129736,0.0,0.06297022642182208,0.0,0.09406311285434124,0.0,0.11961728174956916,0.20900933024306176
911,2.871260683760368e-05,3.0261853205794244e-08,0.16446093750000002,69931,1,1234998582.3623614,0.1494933832352551,2.916874866039276e-11,3.601671717367947e-15,0.0,0.25116384019761534,0.20249631846468105,0.0,0.06072158092252151,0.0,0.06296612987506532,0.0,0.09404541351954779,0.0,0.11957864234478174,0.20902807467578743
912,2.8742971244928155e-05,3.0364407324475056e-08,0.16460156250000002,69708,1,1248173932.2877457,0.15160024676710743,2.91687414183346e-11,3.608913775533747e-15,0.0,0.25113911433860175,0.2024775736864588,0.0,0.06071716740234468,0.0,0.06292420143338555,0.0,0.09408372490388724,0.0,0.11954767668138024,0.20911054155394182
913,2.877301513466976e-05,3.004388974160613e-08,0.16474999999999995,69463,1,1246609005.3056223,0.14981193402518164,2.916873720686926e-11,3.613125240876723e-15,0.0,0.25124478376327775,0.2024729704097117,0.0,0.06067431714719272,0.0,0.06296234825493173,0.0,0.09405823216995447,0.0,0.1194873861911988,0.20909996206373296
914,2.8803096739920804e-05,3.008160525104372e-08,0.16488476562499998,69266,1,1247856467.3725934,0.1501501026458571,2.9168730827193755e-11,3.619504916372837e-15,0.0,0.25126449580080784,0.20244962746236128,0.0,0.060695798438777086,0.0,0.06295826867722486,0.0,0.09405242771348361,0.0,0.1194489522749079,0.20913042963243741
915,2.883314827307426e-05,3.0051533153454415e-08,0.16508398437500005,69068,1,1248037249.0795672,0.15002173106984265,2.9168725496050224e-11,3.6248360599107616e-15,0.0,0.2512807164913692,0.20245376997976883,0.0,0.06064621463980218,0.0,0.06304792778297032,0.0,0.0940927321557446,0.0,0.11936396010553339,0.20911467884481147
916,2.8863195453178583e-05,3.0047180104324934e-08,0.16527929687499998,68881,1,1248705225.2621193,0.15008028320265018,2.916871852254824e-11,3.631809561892464e-15,0.0,0.25120830034387814,0.20248632168559375,0.0,0.06064545100031907,0.0,0.06300887465582643,0.0,0.09419424979024615,0.0,0.11936471172139963,0.20909209080273686
917,2.8893226559993347e-05,3.003110681476348e-08,0.16542578124999996,68685,1,1248374272.61061,0.1499602445022876,2.916871083588087e-11,3.6394962292602315e-15,0.0,0.2512456020212992,0.20246050674159954,0.0,0.060650782781175465,0.0,0.06297669366454933,0.0,0.09419348744952653,0.0,0.11935346761434744,0.2091194597275024
918,2.8923265628262174e-05,3.003906826882911e-08,0.165611328125,68486,1,1248859365.9266427,0.15005828700494825,2.916870587585536e-11,3.644456254770851e-15,0.0,0.25124715483589444,0.20239878291840127,0.0,0.06064179826164895,0.0,0.06302407038316842,0.0,0.09424126991614873,0.0,0.11930230089747974,0.20914462278725834
919,2.8953293028482835e-05,3.0027400220660814e-08,0.165771484375,68301,1,1247956779.6981812,0.1498915907283373,2.9168700224885374e-11,3.650107224756265e-15,0.0,0.251298969072165,0.20232106038291608,0.0,0.060642120765832114,0.0,0.06303387334315169,0.0,0.09426804123711341,0.0,0.11928129602356408,0.20915463917525776
920,2.89833421460565e-05,3.0049117573662593e-08,0.16591406249999996,68111,1,1249293425.2560189,0.1501606600780871,2.916869636209994e-11,3.653970010188458e-15,0.0,0.2513184536422282,0.20226491500682772,0.0,0.060625323727456805,0.0,0.06303856476903517,0.0,0.09426943541931534,0.0,0.11923765126901163,0.20924565616612517
921,2.9013359113441334e-05,3.0016967384836015e-08,0.16610351562500003,67913,1,1249709793.1544878,0.1500499924065137,2.916869418267013e-11,3.656149439995241e-15,0.0,0.2513728026338997,0.20217531894879182,0.0,0.06060321006525958,0.0,0.06309600799576695,0.0,0.09433829149273916,0.0,0.11919571991298726,0.2092186489505556
922,2.9043366080023025e-05,3.000696658169205e-08,0.16626367187500002,67730,1,1249699213.5397217,0.1499987301514131,2.9168690036191124e-11,3.660295919005498e-15,0.0,0.25130687091052195,0.20208629459513436,0.0,0.06058007447695796,0.0,0.0631057126411127,0.0,0.09436489010537198,0.0,0.11924536281085908,0.20931079446004205
923,2.9073373300635562e-05,3.000722061253666e-08,0.16640624999999998,67567,1,1315246728.9571831,0.15786759502294165,2.9168687807649036e-11,3.662524461094613e-15,0.0,0.25125586854460097,0.20206572769953055,0.0,0.060622065727699535,0.0,0.06312206572769954,0.0,0.09440140845070424,0.0,0.11923708920187794,0.20929577464788734
924,2.9101885061337473e-05,2.8511760701912212e-08,0.16658007812499998,67389,1,1314730515.1702886,0.14994112734414813,2.916868709554815e-11,3.663236561983963e-15,0.0,0.2512985261874333,0.20201901769278569,0.0,0.06060570530783571,0.0,0.063138271054884,0.0,0.09440842312607722,0.0,0.1192299124154346,0.2093001442155495
925,2.913040801685368e-05,2.8522955516205435e-08,0.16607031250000004,72726,1,1313488346.581021,0.14985827872233876,2.916880093511337e-11,3.549396996761805e-15,0.0,0.2502469774662464,0.20278026062003104,0.0,0.06075645669661758,0.0,0.06364962130121843,0.0,0.09433363127440372,0.0,0.11937244201909959,0.20886061062238323
926,2.9158957946586677e-05,2.854992973299809e-08,0.16626171874999995,72575,1,1283906261.5138047,0.14662173419990157,2.91687891653541e-11,3.561166756033695e-15,0.0,0.2502995559523529,0.20279350609684463,0.0,0.060756995512534356,0.0,0.0636938185748185,0.0,0.09429551488381926,0.0,0.11935248925122759,0.20880811972840257
927,2.918816568637586e-05,2.9207739789184593e-08,0.16642968749999998,72359,1,1360134579.7593386,0.1589058275355308,2.916878047817659e-11,3.569853933541506e-15,0.0,0.25029338590808803,0.20268272074355725,0.0,0.06076608928319955,0.0,0.06372341923672722,0.0,0.09430596629582688,0.0,0.11938459371919448,0.20884382481340658
928,2.921573648749955e-05,2.7570801123691174e-08,0.16658007812499998,72166,1,1359372719.5290072,0.14991597961242192,2.916877171859382e-11,3.578613516312554e-15,0.0,0.25024329045949656,0.20262870944670472,0.0,0.0607815779291585,0.0,0.06371278828453845,0.0,0.09436152376039114,0.0,0.11934716082964979,0.20892494929006086
929,2.9243322740674464e-05,2.758625317491506e-08,0.16671679687499996,71962,1,1360589045.6811066,0.15013421552470033,2.916876339076895e-11,3.5869413411778226e-15,0.0,0.2501903724270434,0.20268512986328333,0.0,0.06074344825970314,0.0,0.063730830961,0.0,0.09433100200330369,0.0,0.11934301011024027,0.20897620637542613
930,2.927088433255927e-05,2.7561591884805754e-08,0.16687109374999998,71773,1,1360502291.6310833,0.14999043568111559,2.9168754939711283e-11,3.59539239885309e-15,0.0,0.25027505325499194,0.20262646597532716,0.0,0.06075750836864159,0.0,0.06371872000749082,0.0,0.09431400547765632,0.0,0.11933799948500669,0.20897024743088558
931,2.929844768194183e-05,2.75633493825592e-08,0.16699023437500005,71601,1,1373539322.720701,0.1514373769713377,2.916874547214169e-11,3.6048599684445075e-15,0.0,0.2502953250915215,0.20263394893507525,0.0,0.06074924852922257,0.0,0.0637200435092808,0.0,0.09432858863846359,0.0,0.11932303301793003,0.20894981227850618
932,2.9325749412135997e-05,2.7301730194167393e-08,0.1671328125,71416,1,1369324591.3949232,0.14953972217001082,2.916873798512102e-11,3.612346989107681e-15,0.0,0.2502337213107091,0.2026480624503342,0.0,0.06076754078436871,0.0,0.06372411536483896,0.0,0.09441172346094516,0.0,0.11930304305146541,0.20891179357733836
933,2.9353135176063453e-05,2.7385763927454893e-08,0.167283203125,71229,1,1368335272.8098037,0.14989162701911551,2.916873016290475e-11,3.620169205383017e-15,0.0,0.2502772945393408,0.2025943093322747,0.0,0.06078296302350289,0.0,0.06372520403040315,0.0,0.09444360120958796,0.0,0.11924248969631869,0.20893413816857173
934,2.9380540740142055e-05,2.7405564078601687e-08,0.167400390625,71048,1,1266514944.9878063,0.13883822592548006,2.91687215885642e-11,3.628743545930158e-15,0.0,0.2502771004211926,0.2026391627483695,0.0,0.060775414483893175,0.0,0.06372726318122951,0.0,0.0944358235424518,0.0,0.119182349578224,0.20896288604463942
935,2.9410149549851254e-05,2.9608809709198528e-08,0.16757031249999998,70841,1,1368811889.7556674,0.16211556308585598,2.916871403904762e-11,3.6362930625187816e-15,0.0,0.250198144435638,0.20259685766236185,0.0,0.060795375075761104,0.0,0.06376754161033148,0.0,0.0944566180241503,0.0,0.1191780502587533,0.20900741293300384
936,2.9437545571379597e-05,2.739602152834436e-08,0.16772070312499998,70675,1,1407968914.256604,0.15429098674485425,2.916870607635666e-11,3.644255753477028e-15,0.0,0.2502416359041841,0.20250835536198805,0.0,0.06076415171241251,0.0,0.06376858849696644,0.0,0.09453495277910402,0.0,0.11914105714252443,0.20904125860282044
937,2.946417968213324e-05,2.6634110753645216e-08,0.16784960937500004,70497,1,1408351722.5423782,0.15004078303312288,2.9168698689197186e-11,3.651642912946176e-15,0.0,0.2502938130534449,0.20253901022818513,0.0,0.06074075797949709,0.0,0.06376615971793946,0.0,0.09452053200525955,0.0,0.1191310115314351,0.2090087154842388
938,2.9490806553389737e-05,2.66268712564958e-08,0.168005859375,70318,1,1411939790.9388063,0.15038215614100478,2.9168691693486947e-11,3.658638623186027e-15,0.0,0.2502121624292307,0.20250177286413462,0.0,0.06085864750810867,0.0,0.06377660749369325,0.0,0.09456050407468115,0.0,0.11912484451109638,0.20896546111905506
939,2.9517365759554658e-05,2.6559206164921556e-08,0.16816796874999995,70131,1,1272716636.452505,0.13520937414827042,2.916868556468284e-11,3.6647674272982195e-15,0.0,0.2502380897075561,0.2024459362151866,0.0,0.06085805207776822,0.0,0.06378481336089753,0.0,0.09464356228659031,0.0,0.11905646791015306,0.208973078441848
940,2.954683029150619e-05,2.9464531951531077e-08,0.16833398437500002,69910,1,1348770722.7318,0.15896359222088316,2.916867925922531e-11,3.671072884822808e-15,0.0,0.25021174887163955,0.20245512664322923,0.0,0.06089085360901295,0.0,0.06374511237193543,0.0,0.09464304361446621,0.0,0.11904347523408403,0.2090106396556325
941,2.9574633386107806e-05,2.780309460161435e-08,0.16848242187499995,69717,1,1354049702.1875768,0.15058708786083574,2.9168673328184235e-11,3.677003925899169e-15,0.0,0.2502695245933946,0.20246223757578566,0.0,0.06088357696810915,0.0,0.06378169087557817,0.0,0.09460603039541865,0.0,0.11904292686319742,0.20895401272851627
942,2.960232808589572e-05,2.769469978791452e-08,0.16860156250000002,69530,1,1314395368.7129743,0.14560714055652416,2.916866747706552e-11,3.682855044618737e-15,0.0,0.2501969324869098,0.20244659654325564,0.0,0.0608753069829943,0.0,0.06378295723089754,0.0,0.09460868356424633,0.0,0.1190862332607386,0.2090032899309578
943,2.963085831423692e-05,2.853022834120234e-08,0.16876171875,69361,1,1353151385.444965,0.1544228720278366,2.916866147822715e-11,3.6888538829816395e-15,0.0,0.25021410550193274,0.20241649885424623,0.0,0.06087540217114553,0.0,0.06380343957595538,0.0,0.09456519223202094,0.0,0.11905423234497604,0.20907112931972316
944,2.9658571399707894e-05,2.7713085470971635e-08,0.16891015625000005,69158,1,1314278971.1614952,0.14569090184199673,2.916865762954685e-11,3.692702563282164e-15,0.0,0.25017922804745496,0.20238893642607708,0.0,0.06086815753567216,0.0,0.06381674799380217,0.0,0.09455146735736915,0.0,0.11909992830878102,0.20909553433084338
945,2.9687104154794783e-05,2.853275508688946e-08,0.16905468749999997,68993,1,1266773665.4215417,0.1445781709839764,2.916865093277452e-11,3.699399335611865e-15,0.0,0.2501617449974583,0.20234299182032442,0.0,0.060850778686630615,0.0,0.06384306113960904,0.0,0.09460927029899718,0.0,0.11907897777161607,0.20911317528536438
946,2.9716706917327364e-05,2.9602762532580116e-08,0.16921484374999995,68790,1,1365104569.0273142,0.16164346555622283,2.916864715131622e-11,3.703180793906022e-15,0.0,0.2501096516540086,0.20235924190309101,0.0,0.06080472771762968,0.0,0.06380572035365543,0.0,0.09466977538724347,0.0,0.11905861169463745,0.2091922712897343
947,2.974417734036369e-05,2.7470423036324673e-08,0.16935156250000005,68647,1,1313592941.230285,0.14433981517250363,2.9168640491162055e-11,3.709840948075401e-15,0.0,0.25011532961203115,0.20235733726991742,0.0,0.06079023850163767,0.0,0.06377727545324537,0.0,0.09468561147760297,0.0,0.11906629146099551,0.2092079162245698
948,2.9772724996812634e-05,2.8547656448943954e-08,0.16948828125000004,68478,1,1281777362.3846467,0.14636695914156173,2.916863649927108e-11,3.7138328390484556e-15,0.0,0.25015556938394523,0.20229781741916153,0.0,0.06082186729355366,0.0,0.06378344741754823,0.0,0.09472446933554587,0.0,0.11903938786328332,0.2091774412869621
949,2.980198124762536e-05,2.9256250812726304e-08,0.16965039062499998,68291,1,1355879627.4755287,0.1586718178131599,2.9168634140986183e-11,3.716191123946286e-15,0.0,0.25013527359804744,0.20231173944578118,0.0,0.06078677427153728,0.0,0.06380308769182946,0.0,0.09479513245299961,0.0,0.11899471569519117,0.2091732768446138
950,2.9829638570030758e-05,2.7657322405396795e-08,0.16914062500000004,73317,1,1201495427.866039,0.13292058566840487,2.916875371750481e-11,3.596614605319467e-15,0.0,0.24949191685912242,0.20300230946882222,0.0,0.060842956120092384,0.0,0.0639376443418014,0.0,0.09489607390300232,0.0,0.11901847575057738,0.208810623556582
951,2.9860849675067256e-05,3.1211105036498786e-08,0.16931640625,73129,1,1152318225.43076,0.14386050067756537,2.916874049374066e-11,3.609838369474045e-15,0.0,0.24942899988464645,0.20301072788095517,0.0,0.06083746683585189,0.0,0.06397508363133003,0.0,0.09491290806321376,0.0,0.11899873111085477,0.20883608259314804
952,2.989339276878252e-05,3.254309371526406e-08,0.16950781250000002,72909,1,1234254783.2249663,0.16066587631601204,2.91687291018466e-11,3.6212302635370975e-15,0.0,0.24942388348619624,0.2029543254827856,0.0,0.06084942618795225,0.0,0.06399502235332073,0.0,0.0948863898234779,0.0,0.11900262709130294,0.20888832557496426
953,2.9923775474614147e-05,3.0382705831624806e-08,0.1696875,72699,1,1218408797.9971702,0.1480742243688464,2.916871970480925e-11,3.630627300876459e-15,0.0,0.24940147329650092,0.20294659300184162,0.0,0.06087707182320441,0.0,0.06396178637200736,0.0,0.09491252302025782,0.0,0.11895718232044199,0.20894337016574582
954,2.9954553321968534e-05,3.077784735438778e-08,0.16986718749999996,72472,1,1234053130.501693,0.15192599551114197,2.9168709849892406e-11,3.640482217723954e-15,0.0,0.24944809823851355,0.20290438301982247,0.0,0.060870165110610316,0.0,0.06396311456560733,0.0,0.09497309478912754,0.0,0.11895782550705974,0.20888331876925906
955,2.998494099254213e-05,3.038767057359574e-08,0.17005078124999995,72262,1,1271503770.7546828,0.1545521508751124,2.916869925716655e-11,3.651074943578345e-15,0.0,0.2494084947051662,0.20288057335814208,0.0,0.06087336043920704,0.0,0.06399742723910597,0.0,0.094985413364574,0.0,0.11897870580938598,0.20887602508441871
956,3.0014433630206698e-05,2.9492637664568162e-08,0.17019726562500004,72046,1,1235837233.556779,0.14579239896668955,2.9168690338254665e-11,3.659993855465861e-15,0.0,0.24938892140324304,0.202855142814519,0.0,0.06090129789651255,0.0,0.06404562720189118,0.0,0.09494956449891553,0.0,0.11899106046522304,0.20886838571969565
957,3.0044777431948352e-05,3.034380174165315e-08,0.17034570312499997,71850,1,1235617570.6669974,0.1499733383712899,2.916868080419839e-11,3.669527911745549e-15,0.0,0.249412385200133,0.20286182739603517,0.0,0.060882626093536805,0.0,0.06402421546258183,0.0,0.09500441427703316,0.0,0.11899056376623823,0.2088239678044418
958,3.0075126628083334e-05,3.034919613497983e-08,0.170517578125,71645,1,1235856948.3593462,0.15002905968214175,2.916867194568665e-11,3.678386423476554e-15,0.0,0.24943588568810493,0.2027833457419392,0.0,0.06090143748926179,0.0,0.06398258977149075,0.0,0.09505755684095984,0.0,0.11900807513888094,0.20883110932936258
959,3.010546994577053e-05,3.0343317687199055e-08,0.17070898437500004,71425,1,1235766312.164845,0.14998899918862518,2.91686637553184e-11,3.686576791737438e-15,0.0,0.2494307975698775,0.20283056645652897,0.0,0.0608903584545153,0.0,0.06395661476150705,0.0,0.09501962175211379,0.0,0.11896616820932922,0.2089058727961283
960,3.013581548896171e-05,3.034554319117714e-08,0.17092968750000004,71216,1,1237037579.5734386,0.15015430920022005,2.916865556668959e-11,3.694765420536578e-15,0.0,0.24939439645321998,0.20270579094108507,0.0,0.06088029617441382,0.0,0.06397687280040222,0.0,0.0950569038804333,0.0,0.11898395721925134,0.20900178253119428
961,3.0166129846924004e-05,3.031435796229483e-08,0.17108398437500005,70983,1,1236320079.1059248,0.14991299773595868,2.916864710642658e-11,3.703225683556619e-15,0.0,0.2494777099149495,0.20263713682287804,0.0,0.06087105428392032,0.0,0.06401050288258463,0.0,0.09506250356755523,0.0,0.11895656144757122,0.20898453108054116
962,3.019646179787567e-05,3.033195095166539e-08,0.171236328125,70745,1,1236657934.4114773,0.15004099124222708,2.916864079011791e-11,3.7095419922217435e-15,0.0,0.2494724715704949,0.20260513499024785,0.0,0.06086252323976594,0.0,0.06404480284694261,0.0,0.09510339557218299,0.0,0.11891916553556967,0.20899250624479598
963,3.0226785462129557e-05,3.032366425388776e-08,0.17141015625,70536,1,1236564290.857591,0.14998864153724964,2.9168633771424006e-11,3.716560686128633e-15,0.0,0.24941318566122014,0.20257058863745128,0.0,0.06085777443540484,0.0,0.06403682687267838,0.0,0.0951664729609626,0.0,0.11892390784166267,0.20903124359062006
964,3.025711142275874e-05,3.032596062918227e-08,0.17157421875,70319,1,1248783836.2481003,0.15148227780967638,2.916862687896316e-11,3.723453146963079e-15,0.0,0.2494251303417344,0.2025931744188694,0.0,0.060856498873027805,0.0,0.06408942922842246,0.0,0.09513239077476493,0.0,0.1189126425790588,0.20899073378412222
965,3.0287140639114283e-05,3.0029216355543654e-08,0.17171679687499997,70123,1,1248450589.5065815,0.14995997144599663,2.916861935857245e-11,3.730973537690362e-15,0.0,0.2493545195009042,0.2025841968175252,0.0,0.060885587870653665,0.0,0.06412720799827114,0.0,0.09514439427200036,0.0,0.11892764931357272,0.20897644422707262
966,3.0317177871116248e-05,3.0037232001965666e-08,0.17190625000000004,69902,1,1246520495.3602386,0.14976810125736262,2.916861346474282e-11,3.736867367313546e-15,0.0,0.24937511361570622,0.20256544264679147,0.0,0.0608752954008362,0.0,0.06412470459916378,0.0,0.09517587711325212,0.0,0.11891019814579167,0.20897336847845843
967,3.0347261612329957e-05,3.008374121370758e-08,0.17207421874999995,69710,1,1246327381.7957406,0.14997676168600316,2.916860670107268e-11,3.7436310374579425e-15,0.0,0.24940409979342124,0.20252661687589385,0.0,0.06088397539215909,0.0,0.06411886222787223,0.0,0.09520782729109441,0.0,0.11888492883248962,0.20897368958706952
968,3.0377350014901974e-05,3.008840257201846e-08,0.17227148437499995,69503,1,1246702991.1883724,0.15004520594646134,2.916860207959634e-11,3.748252513792096e-15,0.0,0.2493112479167375,0.2024987812205934,0.0,0.060848270466990914,0.0,0.06417015294264368,0.0,0.09524619344013241,0.0,0.11886217022096754,0.2090631837919345
969,3.040742935237453e-05,3.007933747255595e-08,0.17243945312499998,69306,1,1246815161.0180151,0.15001349597664027,2.916859638091849e-11,3.7539511916380476e-15,0.0,0.24931758203173668,0.20249408193546195,0.0,0.06085695839798842,0.0,0.06417560511501999,0.0,0.09524402813487523,0.0,0.11884832765123628,0.20906341673368142
970,3.043750598375699e-05,3.007663138245891e-08,0.1726171875,69087,1,1246780205.0445514,0.14999579456828607,2.916859280645696e-11,3.757525653168597e-15,0.0,0.2493097985969676,0.20250056573885494,0.0,0.06085087123783661,0.0,0.06420004525910838,0.0,0.0952591083955646,0.0,0.11877121520706041,0.20910839556460736
971,3.0467583458397886e-05,3.007747464089711e-08,0.17280078124999998,68872,1,1246172090.0316992,0.14992683774448876,2.916858975718048e-11,3.760574929654989e-15,0.0,0.24930488052987318,0.20250016954133418,0.0,0.06084273345841716,0.0,0.06424486289757443,0.0,0.09519180776273255,0.0,0.11879196148020889,0.2091235843298596
972,3.049767561043689e-05,3.009215203900618e-08,0.17293749999999997,68678,1,1245999781.4319339,0.14997925945367294,2.916858673355877e-11,3.763598551353515e-15,0.0,0.24926590169859056,0.20249819298879657,0.0,0.06088498373689918,0.0,0.06426183592338272,0.0,0.09517302132273221,0.0,0.11878839898807374,0.20912766534152513
973,3.052777192390246e-05,3.0096313465564226e-08,0.17308789062499996,68493,1,1245723102.4687932,0.14996669193278395,2.916858464034834e-11,3.765691761797963e-15,0.0,0.24927500253890164,0.20254792882048278,0.0,0.060888502725087744,0.0,0.06423985285654643,0.0,0.09515803252050871,0.0,0.1187754595411923,0.20911522099728058
974,3.055787492185255e-05,3.0102997950091734e-08,0.17326367187500002,68315,1,1258976370.8031425,0.15159585243800375,2.916858225646219e-11,3.768075647941294e-15,0.0,0.24927010179120965,0.2025566164286278,0.0,0.060871819729233126,0.0,0.0642535874919683,0.0,0.09512912716574043,0.0,0.1187676838272593,0.20915106356596136
975,3.058766102496748e-05,2.978610311492781e-08,0.17265234375000005,74182,1,1258428081.7573075,0.14993467442377587,2.916869785776129e-11,3.6524743488398286e-15,0.0,0.24862553451435557,0.20311545510079418,0.0,0.06105341749813345,0.0,0.0648996583633114,0.0,0.09483246227290212,0.0,0.11839634380868348,0.20907712844181997
976,3.061746010569654e-05,2.9799080729058308e-08,0.17282617187500005,73967,1,1192046550.6887922,0.1420875655870833,2.9168686958817494e-11,3.663373292635733e-15,0.0,0.24853368291387432,0.2031032807079006,0.0,0.0610937199814662,0.0,0.06492479121226846,0.0,0.09482748878366314,0.0,0.11839027201735848,0.20912676438346875
977,3.06489186087041e-05,3.145850300756428e-08,0.173001953125,73763,1,1283334694.3509405,0.16148715336780262,2.916867517645566e-11,3.675155654471001e-15,0.0,0.2485521072061596,0.2030662587353376,0.0,0.061076803233344995,0.0,0.06493785068358603,0.0,0.09486661322916783,0.0,0.11837158630344219,0.2091287806089617
978,3.067813935693531e-05,2.922074823120558e-08,0.17318164062499997,73535,1,1198950592.3425174,0.14013693360198198,2.916866508449835e-11,3.685247611784192e-15,0.0,0.24855360949147953,0.20300217663444947,0.0,0.06108109936956546,0.0,0.06496069652302382,0.0,0.0948922396779032,0.0,0.11829387948437446,0.20921629881920398
979,3.070941670917943e-05,3.127735224412564e-08,0.17333203124999996,73313,1,1342968982.007918,0.1680180556127859,2.916865336087465e-11,3.696971235478715e-15,0.0,0.24848443873526696,0.20296126022581298,0.0,0.06106190701552746,0.0,0.0649944786243887,0.0,0.09494512428729182,0.0,0.11828138733013319,0.20927140378157888
980,3.073733991552477e-05,2.7923206345341266e-08,0.1734765625,73102,1,1289465415.0349832,0.1440240354368118,2.91686441004399e-11,3.706231670232177e-15,0.0,0.24844629587930647,0.2029723035352398,0.0,0.061101103355100196,0.0,0.06498536365683404,0.0,0.09502364332357575,0.0,0.11822787660436838,0.2092434136455753
981,3.07664217346746e-05,2.9081819149823903e-08,0.17365820312500002,72905,1,1306629455.8929682,0.15199664612844846,2.916863573331632e-11,3.714598793812281e-15,0.0,0.24849009706117214,0.20296244643640413,0.0,0.061093428407544455,0.0,0.06498487285323856,0.0,0.0950592151878803,0.0,0.11817169592747967,0.20923824412628075
982,3.0795121531568716e-05,2.869979689411792e-08,0.173794921875,72700,1,1307148464.599219,0.15005958177782272,2.916862587599768e-11,3.724456112451382e-15,0.0,0.24850814200465254,0.20298259218052886,0.0,0.06106784441972062,0.0,0.06496746569569468,0.0,0.09506310194082015,0.0,0.11819111515682772,0.20921973860175538
983,3.082380993308973e-05,2.8688401521014496e-08,0.17395117187499998,72513,1,1286717260.5562928,0.14765544565943503,2.9168616681635854e-11,3.7336504742765595e-15,0.0,0.24858807810201766,0.2029462290738017,0.0,0.06103544681854417,0.0,0.0650101613464626,0.0,0.09508999247723522,0.0,0.11809617910916992,0.2092339130727687
984,3.0852953864821705e-05,2.9143931731969957e-08,0.17411718750000005,72315,1,1304537305.2710242,0.15207738466650714,2.916860676871782e-11,3.743563392315768e-15,0.0,0.2485978373042581,0.2028985507246377,0.0,0.06101090321712209,0.0,0.06500426257459506,0.0,0.09516758648539507,0.0,0.11807331628303497,0.20924754341095705
985,3.08816996889913e-05,2.8745824169596422e-08,0.17426171874999996,72078,1,1249587905.6396291,0.1436817368798841,2.916859929128629e-11,3.751040823845467e-15,0.0,0.24869426822980875,0.2028087243056645,0.0,0.060993925265069145,0.0,0.06501759655690299,0.0,0.09521194324269798,0.0,0.11803142722646878,0.2092421151733877
986,3.0911709582517604e-05,3.000989352630201e-08,0.17443164062500005,71867,1,1247519947.7242808,0.14975176321257405,2.9168589705579506e-11,3.760626530625453e-15,0.0,0.24866474823366067,0.2027679181269525,0.0,0.060968099519645276,0.0,0.06509982196643116,0.0,0.09519757247309903,0.0,0.11799482694913166,0.2093070127310797
987,3.0941769222099646e-05,3.005963958204219e-08,0.17461523437500004,71655,1,1248907071.7457397,0.15016678579256257,2.9168581262134295e-11,3.769069975838137e-15,0.0,0.24866055948905516,0.2026665771842108,0.0,0.06095992304508797,0.0,0.06510967193494625,0.0,0.09531000078297149,0.0,0.11797143272597116,0.20932183483775713
988,3.097179547533207e-05,3.002625323242183e-08,0.17477343749999996,71419,1,1219289539.2177026,0.14644278587277468,2.916857428497335e-11,3.776047136785809e-15,0.0,0.2486478029591882,0.20262840284296632,0.0,0.06096061865808412,0.0,0.06509543605560769,0.0,0.09539135487908451,0.0,0.11789817174019934,0.20937821286486968
989,3.1002551090625925e-05,3.0755615293853855e-08,0.17495117187499998,71183,1,1246016903.5387409,0.1532880661395061,2.91685681244792e-11,3.7822076309329124e-15,0.0,0.24868545911247555,0.2026234998604521,0.0,0.06093217973765001,0.0,0.06507396036840635,0.0,0.09538375662852357,0.0,0.11786770862405803,0.20943343566843425
990,3.103264699052383e-05,3.00958998979054e-08,0.17512890625,70973,1,1256322995.7254686,0.15124068447516137,2.9168561086383264e-11,3.789245726870785e-15,0.0,0.24872303883300245,0.20259630183124036,0.0,0.06092610353980326,0.0,0.06504137577231056,0.0,0.09542078379764905,0.0,0.11782615484129992,0.20946624138469427
991,3.106249600238431e-05,2.984901186047739e-08,0.175279296875,70745,1,1209738682.6910985,0.14443801715089957,2.9168554854375603e-11,3.7954777345315644e-15,0.0,0.24877706339213088,0.20252275943527628,0.0,0.06088497152981291,0.0,0.06507471334811629,0.0,0.0954169127397123,0.0,0.11774734519683985,0.20957623435811149
992,3.1093494432488714e-05,3.0998430104409135e-08,0.17546484375000004,70545,1,1256780156.7108493,0.1558328473776385,2.916854770234968e-11,3.802629760451995e-15,0.0,0.248814532825753,0.20248669827912466,0.0,0.06088737505287295,0.0,0.06506155524388343,0.0,0.0955052427703199,0.0,0.11770075023931965,0.20954384558872638
993,3.1123332586600045e-05,2.983815411133016e-08,0.17559375,70330,1,1257070036.0246117,0.1500345978545509,2.9168541435016784e-11,3.808897093354412e-15,0.0,0.24880984160882716,0.2024826481580352,0.0,0.060853799608471246,0.0,0.06504716141662217,0.0,0.09547962270866701,0.0,0.1177255739455419,0.2096013525538352
994,3.115316386005764e-05,2.98312734575958e-08,0.17579296874999994,70141,1,1216627669.6542833,0.14517421083813783,2.9168535633504094e-11,3.814698606036495e-15,0.0,0.24887229740239541,0.20245316978868075,0.0,0.060862609159389375,0.0,0.06507343954847455,0.0,0.09546030264649023,0.0,0.11770326422682932,0.20957491722774038
995,3.118398676581208e-05,3.0822905754441695e-08,0.17596875,69908,1,1260591666.3169985,0.15542039250289386,2.916852990537689e-11,3.820426733241955e-15,0.0,0.24885677499556028,0.20241742141715502,0.0,0.060846208488723144,0.0,0.0650084354466347,0.0,0.09547593677854732,0.0,0.11772997691351447,0.20966524595986505
996,3.121373470164412e-05,2.9747935832038054e-08,0.17612695312500004,69706,1,1204800253.0936143,0.1433612824778082,2.9168525219266506e-11,3.825112843630124e-15,0.0,0.2488217616465396,0.2023686749392861,0.0,0.06084700089823348,0.0,0.06506093571531543,0.0,0.0955010701176575,0.0,0.11771294232453952,0.20968761435842845
997,3.1244860193113524e-05,3.1125491469403104e-08,0.17631640625,69483,1,1259303656.6649718,0.1567857808916549,2.916852306194219e-11,3.8272701679447794e-15,0.0,0.2488534904845249,0.20238385360125838,0.0,0.060859162106475836,0.0,0.0650574916365731,0.0,0.09547599530318807,0.0,0.11761969116246095,0.20975031570551875
998,3.127463855498957e-05,2.9778361876047965e-08,0.176513671875,69288,1,1258846734.2973065,0.14994557440154557,2.916851987589494e-11,3.830456215193031e-15,0.0,0.24880774550484097,0.20239004149377593,0.0,0.06081327800829876,0.0,0.06505117565698479,0.0,0.09549100968188105,0.0,0.11766528354080223,0.20978146611341636
999,3.1304427725488495e-05,2.978917049892706e-08,0.17666015624999998,69090,1,1203970565.5729828,0.1434611378141729,2.91685167062566e-11,3.833625853530858e-15,0.0,0.24875621890547264,0.20237700386954116,0.0,0.06081813156440022,0.0,0.06505251520176893,0.0,0.09557766721945826,0.0,0.11764510779436152,0.2097733554449972
1000,3.133557466634593e-05,3.114694085743976e-08,0.17584960937500005,74874,1,1256874630.6072989,0.15659119913896793,2.916863757942558e-11,3.712752684557075e-15,0.0,0.24825901038485032,0.20314322208030208,0.0,0.061076248125728885,0.0,0.06507469317487644,0.0,0.09544066196479147,0.0,0.11797634253345922,0.20902982173599158
1001,3.136541057765069e-05,2.9835911304758125e-08,0.17601757812499996,74662,1,1277102621.76489,0.1524140822002053,2.916862509798663e-11,3.725234123496459e-15,0.0,0.24824402747417362,0.2031047147723616,0.0,0.061051253314987626,0.0,0.06511245991500317,0.0,0.09549383606484615,0.0,0.11793033810099755,0.2090633703576303
1002,3.1394773918826964e-05,2.936334117627676e-08,0.17619531249999998,74451,1,1280238415.0879188,0.15036830947680957,2.9168613554323425e-11,3.736777786708164e-15,0.0,0.24820423003591538,0.20306611093867777,0.0,0.06102292377954152,0.0,0.06511328869773422,0.0,0.09553052808938943,0.0,0.11791114264177714,0.20915177581696445
1003,3.1424065337954884e-05,2.9291419127916678e-08,0.17634765625000004,74259,1,1332815247.8087971,0.15616020017458246,2.916860199265135e-11,3.748339458781897e-15,0.0,0.2482113190829549,0.20304574149961238,0.0,0.06098128253405693,0.0,0.06506811385535496,0.0,0.09561413224055822,0.0,0.11786465832318087,0.20921475246428178
1004,3.145220127056944e-05,2.8135932614555195e-08,0.17649414062500002,74035,1,1332081997.7492323,0.1499174773029379,2.916859286825553e-11,3.757463854608344e-15,0.0,0.24828196757594198,0.20302108117080725,0.0,0.06095280252310075,0.0,0.06504730813921318,0.0,0.09564543794610744,0.0,0.11782216566148396,0.2092292369833453
1005,3.148035269072478e-05,2.815142015533751e-08,0.176650390625,73798,1,1289348459.9075575,0.14518796088598,2.916858403194283e-11,3.766300167297946e-15,0.0,0.24836088230416278,0.2029520703189784,0.0,0.06095417104317542,0.0,0.06506716789208912,0.0,0.09564928962352813,0.0,0.11780640168057938,0.20921001713748688
1006,3.150943714784872e-05,2.9084457123940443e-08,0.17681640624999995,73582,1,1288492675.112756,0.14990043985531312,2.916857295716986e-11,3.7773749402750695e-15,0.0,0.24835965978128802,0.20284988401634818,0.0,0.06094112448911963,0.0,0.06511653595493207,0.0,0.09566994366508341,0.0,0.11777311388490004,0.20928973820832875
1007,3.153854092214586e-05,2.910377429714016e-08,0.176955078125,73345,1,1283559031.6419337,0.14942564941585051,2.916856469764612e-11,3.785634464010517e-15,0.0,0.24835266718910387,0.2028233683954923,0.0,0.060948554651714656,0.0,0.06517588106091544,0.0,0.09562808357523647,0.0,0.11775808214037371,0.2093133629871635
1008,3.156775656324655e-05,2.9215641100690045e-08,0.17708398437499995,73156,1,1282567039.4404933,0.14988407324747213,2.916855475822496e-11,3.795573885168622e-15,0.0,0.2482932048043941,0.2028191072826938,0.0,0.06099242282197492,0.0,0.06517255451266724,0.0,0.09564670718122359,0.0,0.11777162583961089,0.20930437755743547
1009,3.159699480097357e-05,2.9238237727018923e-08,0.17724804687499995,72963,1,1282267520.8152282,0.14996497041292334,2.916854566901694e-11,3.80466309319637e-15,0.0,0.2483498804420888,0.20276360591067868,0.0,0.061002082621679096,0.0,0.06518936430452557,0.0,0.09561327147910216,0.0,0.11777280691121861,0.2093089883307071
1010,3.1626239868318145e-05,2.924506734457299e-08,0.17741601562499998,72737,1,1281455075.237489,0.1499049598974609,2.9168538687084435e-11,3.811645025692505e-15,0.0,0.2483349295991721,0.20278080517850652,0.0,0.06101038123231721,0.0,0.06520470733291499,0.0,0.09563283683961381,0.0,0.11773836652465403,0.20929797329282118
1011,3.165550347710525e-05,2.926360878710493e-08,0.17755273437499997,72534,1,1282111985.4404805,0.15007689425275436,2.91685293025742e-11,3.821029535933999e-15,0.0,0.24828671059434365,0.20277866390926988,0.0,0.06100740317027291,0.0,0.06523150032450745,0.0,0.09568020064461481,0.0,0.11774670817428799,0.20926881318270318
1012,3.1684752092222996e-05,2.924861511774773e-08,0.17773632812499995,72302,1,1282124853.1412723,0.15000150544971164,2.916852264401286e-11,3.827688097269283e-15,0.0,0.248195074779398,0.20276700256041144,0.0,0.06105427412885573,0.0,0.06520807463654245,0.0,0.09568026724981045,0.0,0.11775694772584916,0.20933835891913277
1013,3.1714000413794895e-05,2.9248321571899224e-08,0.17790234375000002,72059,1,1386651963.523253,0.16222897014973434,2.9168515332006403e-11,3.835000103730918e-15,0.0,0.24821597171903476,0.20265463408207626,0.0,0.06105219243352436,0.0,0.0653119030366906,0.0,0.09568978767318798,0.0,0.11774586654370593,0.20932964451178007
1014,3.1741043969774666e-05,2.704355597977066e-08,0.17805273437500002,71833,1,1387045343.215589,0.150042553542924,2.916850864791123e-11,3.841684198902766e-15,0.0,0.24822570560424734,0.20254927986134724,0.0,0.06104450270394787,0.0,0.06541030900694361,0.0,0.09571865778879589,0.0,0.11765738292947796,0.20939416210524006
1015,3.176807985593615e-05,2.703588616148892e-08,0.17818164062499997,71616,1,1386792764.5809274,0.14997268525114585,2.916850225792312e-11,3.848074187012564e-15,0.0,0.24830919992546227,0.20249043615516996,0.0,0.06103322408444682,0.0,0.06537394907321137,0.0,0.09574806256782381,0.0,0.11763803176621468,0.20940709642767102
1016,3.179512066618391e-05,2.7040810247760455e-08,0.17833593749999999,71423,1,1385317026.9579017,0.14984037943584114,2.916849580981788e-11,3.854522292242505e-15,0.0,0.24826959302580273,0.20247951986682436,0.0,0.06100232181188942,0.0,0.06540500284750514,0.0,0.09575283655320453,0.0,0.1176129145310378,0.2094778113637359
1017,3.182219028221422e-05,2.706961603030927e-08,0.1785,71225,1,1384806000.812141,0.14994466687381122,2.916849021143693e-11,3.860120673202251e-15,0.0,0.24829306722689076,0.20234812675070027,0.0,0.06101190476190475,0.0,0.06539959733893556,0.0,0.09574142156862744,0.0,0.11758140756302521,0.20962447478991594
1018,3.1849269887572664e-05,2.7079605358445545e-08,0.17866601562499995,71030,1,1274211478.5331523,0.1380205759275167,2.916848437509288e-11,3.865957017254802e-15,0.0,0.24821539840615672,0.20231314975348996,0.0,0.060977076204947696,0.0,0.06544814543546465,0.0,0.09576177618417744,0.0,0.11754867343703883,0.20973578057872472
1019,3.187869985318808e-05,2.942996561541674e-08,0.17884570312500003,70861,1,1384581040.9050746,0.16299268970237707,2.9168476895600095e-11,3.873436510031761e-15,0.0,0.24822811213401913,0.2023282988784414,0.0,0.061003177931395994,0.0,0.06548067577455252,0.0,0.09575292948486933,0.0,0.11748517511384855,0.20972163068287303
1020,3.190578385830741e-05,2.7084005119329778e-08,0.17899804687499998,70678,1,1271113283.3618326,0.13770735469527984,2.9168470086713405e-11,3.880245396723434e-15,0.0,0.24815869586565847,0.20233068185537992,0.0,0.06097308149748492,0.0,0.06549041430706952,0.0,0.09578054928148222,0.0,0.11746156448110687,0.2098050127118182
1021,3.193528555614257e-05,2.950169783516087e-08,0.17914648437500003,70493,1,1274586985.1423633,0.15040992040119475,2.91684645105776e-11,3.8858215325332274e-15,0.0,0.24820383110016028,0.20225025348058828,0.0,0.06098797466284356,0.0,0.06546885732041037,0.0,0.09577750400662866,0.0,0.11746235949543735,0.20984921993393152
1022,3.196470685138341e-05,2.9421295240835588e-08,0.17932226562499998,70265,1,1319349713.0262785,0.1552679097314314,2.916846177626213e-11,3.888555848008714e-15,0.0,0.2481674708374631,0.20223715595830655,0.0,0.06099354121965299,0.0,0.06550270658839162,0.0,0.09577075141864441,0.0,0.11739078344025355,0.20993759053728775
1023,3.1993129944691993e-05,2.8423093308584425e-08,0.17948632812499998,70061,1,1279160595.2096791,0.14543080381723641,2.9168459511470676e-11,3.8908206394545345e-15,0.0,0.24813650064746398,0.20215023341349553,0.0,0.061035724778828467,0.0,0.06550812322491484,0.0,0.09582467327551496,0.0,0.11744670663895446,0.20989803802082763
1024,3.202244604475045e-05,2.9316100058455148e-08,0.179630859375,69883,1,1274516914.2126138,0.14945546153300196,2.916845687959602e-11,3.893452514111668e-15,0.0,0.2481434365180329,0.20213980493851322,0.0,0.0610518533015842,0.0,0.06553152624196758,0.0,0.09581281055985039,0.0,0.11739570081873636,0.20992486762131546
1025,3.2051868957527694e-05,2.942291277724407e-08,0.17919726562500005,75539,1,1317382247.8786352,0.15504489189449125,2.9168585315153944e-11,3.765016956190135e-15,0.0,0.24739234215086814,0.20254171707593543,0.0,0.06116687920304309,0.0,0.06582088088153548,0.0,0.09575036240177004,0.0,0.11703669794766156,0.21029112033918626
1026,3.2080334499750074e-05,2.8465542222377596e-08,0.17936328125,75349,1,1278612683.641367,0.14558561332904343,2.916857376156285e-11,3.776570547280103e-15,0.0,0.24744647951739007,0.2025284752923754,0.0,0.06115382102489274,0.0,0.06585796110373064,0.0,0.09573796197486771,0.0,0.11697192760851101,0.21030337347823247
1027,3.2109663162354295e-05,2.932866260422474e-08,0.17954101562500002,75118,1,1275961584.1471071,0.1496889871896105,2.9168563560185166e-11,3.786771924967586e-15,0.0,0.24737557791677994,0.20250203970628228,0.0,0.06116943160184933,0.0,0.06589067174326897,0.0,0.0957846070165896,0.0,0.11694316018493335,0.21033451183029642
1028,3.213905276190487e-05,2.9389599550574382e-08,0.17969921874999994,74908,1,1274938171.6969903,0.14987968927166395,2.916855284422967e-11,3.797487880457796e-15,0.0,0.2473534334717301,0.20253026976501534,0.0,0.06118079255700715,0.0,0.06588700736908464,0.0,0.09576549355476818,0.0,0.11691628806816948,0.21036671521422518
1029,3.216846595293835e-05,2.9413191033480547e-08,0.17985351562499996,74669,1,1274848643.7627244,0.14998946679106642,2.9168543339990645e-11,3.806992119490963e-15,0.0,0.24738013791605581,0.20254113047727643,0.0,0.061193462561763584,0.0,0.06593907802573709,0.0,0.09571591464407883,0.0,0.11688114242276158,0.21034913395232663
1030,3.219788120955212e-05,2.9415256613772198e-08,0.18000000000000005,74419,1,1274982852.0982955,0.15001579109052213,2.916853466508786e-11,3.8156670222737074e-15,0.0,0.24737413194444446,0.20254991319444446,0.0,0.061154513888888894,0.0,0.06595052083333333,0.0,0.09577907986111112,0.0,0.11684027777777778,0.2103515625
1031,3.222729336983199e-05,2.9412160279869328e-08,0.18016406250000006,74196,1,1276105946.480834,0.15013213052795457,2.916852519205247e-11,3.8251400576620195e-15,0.0,0.24736568232080136,0.20244135119899395,0.0,0.06119639217726898,0.0,0.0659880317419019,0.0,0.09582195047916395,0.0,0.11678808377780668,0.21039850830406312
1032,3.225667964461851e-05,2.9386274786521582e-08,0.18032812499999995,73984,1,1275929303.2408497,0.14997923645284256,2.916851492510768e-11,3.835407002449831e-15,0.0,0.2473572480720908,0.20236547959448922,0.0,0.06120570141235594,0.0,0.06601464344510874,0.0,0.09587557404037779,0.0,0.11676847760159431,0.21041287583398316
1033,3.228606998772353e-05,2.9390343105021812e-08,0.18049218749999996,73760,1,1302352778.7640784,0.15310638004661933,2.916850586903531e-11,3.8444630748169145e-15,0.0,0.24737047136735488,0.20230056702592736,0.0,0.06120417261827469,0.0,0.06605202787516773,0.0,0.09586417348396312,0.0,0.11673808596286198,0.21047050166645026
1034,3.231486402925473e-05,2.879404153119493e-08,0.18067187500000004,73531,1,1302683706.2303333,0.15003811495682864,2.9168496391103284e-11,3.853941006847653e-15,0.0,0.24739470725590243,0.20221828245265067,0.0,0.06120816397128772,0.0,0.06607281847271469,0.0,0.09585531436478421,0.0,0.11675170803424716,0.21049900544841302
1035,3.234365075608692e-05,2.8786726832191954e-08,0.18082617187500005,73279,1,1302131318.5097525,0.14993639426232874,2.916848896085752e-11,3.861371252612909e-15,0.0,0.24738882948273444,0.20219694760377177,0.0,0.06122074246891978,0.0,0.06611364937407516,0.0,0.0958599310888608,0.0,0.11672769298899367,0.21049220699264445
1036,3.237244969477071e-05,2.879893868378617e-08,0.18099023437499995,73047,1,1302080391.144382,0.1499941333837095,2.9168479369301165e-11,3.870962808961065e-15,0.0,0.24736961377836772,0.20214315775842537,0.0,0.06126236955982173,0.0,0.06609688454358079,0.0,0.09589174139661369,0.0,0.1167621699202521,0.21047406304293872
1037,3.240124975984736e-05,2.8800065076659146e-08,0.18113281250000002,72816,1,1273326903.8983788,0.14668759078453686,2.9168471558125814e-11,3.878773984314687e-15,0.0,0.2473689885701963,0.2021350010782834,0.0,0.06127884408022429,0.0,0.06608798792322623,0.0,0.09591330601682124,0.0,0.11675652361440587,0.21045934871684283
1038,3.243070017033126e-05,2.945041048389941e-08,0.18129296875,72593,1,1275014739.1830826,0.15019882976785492,2.9168463975859095e-11,3.886356251035908e-15,0.0,0.2474197927215531,0.20212880567106936,0.0,0.061246256275451945,0.0,0.06609424489883864,0.0,0.0958824416625369,0.0,0.11676111266725561,0.2104673461032945
1039,3.2460111595036845e-05,2.9411424705589444e-08,0.18146289062499998,72377,1,1274515114.2217085,0.14994122127227005,2.916845754048699e-11,3.892791623140965e-15,0.0,0.24746795251267373,0.20205792764963568,0.0,0.0612427213725258,0.0,0.06612922321841802,0.0,0.09591105275054085,0.0,0.11673788330516958,0.21045323919103642
1040,3.248953454936791e-05,2.942295433106702e-08,0.181654296875,72141,1,1273260990.0889854,0.14985239985166962,2.916845076072988e-11,3.899571380256891e-15,0.0,0.24756201146150292,0.2020278043588117,0.0,0.061221198404421175,0.0,0.06608104766307912,0.0,0.09590675970625867,0.0,0.116690141602245,0.21051103680368144
1041,3.25189864844322e-05,2.94519350642944e-08,0.18181250000000004,71918,1,1272473656.645702,0.14990724602621786,2.9168443375753185e-11,3.906956356941864e-15,0.0,0.24760441732554142,0.20202389137160537,0.0,0.061210897215537984,0.0,0.0660987452732898,0.0,0.09590924716397387,0.0,0.11666380199381231,0.21048899965623924
1042,3.2548456642658386e-05,2.947015822618418e-08,0.181978515625,71684,1,1274858376.0783522,0.15028111223602103,2.916843703783377e-11,3.913294276356001e-15,0.0,0.24760391959043931,0.20196838139804452,0.0,0.06120871926416452,0.0,0.0661457718437745,0.0,0.09590761272042331,0.0,0.11662176810878691,0.21054382707436706
1043,3.257787167471501e-05,2.9415032056623725e-08,0.18214843749999998,71480,1,1274876831.0988717,0.15000217142008074,2.916842942896175e-11,3.920903148376649e-15,0.0,0.24768389448852673,0.2019193652155265,0.0,0.061205232682822235,0.0,0.06610551147330046,0.0,0.09596826077632427,0.0,0.11659875616555866,0.21051897919794127
1044,3.2607286280961856e-05,2.9414606246845914e-08,0.18232031250000003,71280,1,1275644312.5087771,0.15009030065389656,2.9168422891988186e-11,3.927440121937319e-15,0.0,0.24768607790204394,0.20186827784205338,0.0,0.06129751039122423,0.0,0.06609675622402193,0.0,0.09595277884903801,0.0,0.11658525088914598,0.21051334790247245
1045,3.263668319014122e-05,2.9396909179369678e-08,0.18246289062499998,71091,1,1276469417.9960325,0.15009702220428897,2.916841702273846e-11,3.9333093716722606e-15,0.0,0.24767450573211588,0.20183898695154195,0.0,0.061281724665760366,0.0,0.06610933301934255,0.0,0.09594202588283147,0.0,0.11662260091414135,0.21053082283426638
1046,3.2666061097258555e-05,2.9377907117330213e-08,0.18265820312500003,70897,1,1271055224.986697,0.14936376936262577,2.916841216422588e-11,3.938167884246906e-15,0.0,0.24768768511885034,0.2018370205622267,0.0,0.061258968573903186,0.0,0.06608141486938762,0.0,0.09597844334427562,0.0,0.11662621229456485,0.21053025523679172
1047,3.269556414265172e-05,2.9503045393163366e-08,0.18281054687499998,70685,1,1270986743.5504453,0.14999191835631073,2.9168408445543796e-11,3.941886566333897e-15,0.0,0.24768427013109115,0.20185044712016154,0.0,0.06126133826216092,0.0,0.06606908193463605,0.0,0.09596256370260367,0.0,0.11663586149424672,0.21053643735509994
1048,3.272506877768453e-05,2.9504635032813485e-08,0.18295117187499998,70472,1,1271395622.8884518,0.1500482553425614,2.916840502009693e-11,3.945312013201581e-15,0.0,0.24769672577425245,0.20177002487429407,0.0,0.06128897951340329,0.0,0.06610370338738777,0.0,0.09599555892432023,0.0,0.11658891225672834,0.21055609526961386
1049,3.27545639240614e-05,2.949514637686473e-08,0.183142578125,70244,1,1269494060.0172968,0.1497756524990819,2.9168405316542735e-11,3.9450155673995054e-15,0.0,0.24769380072305344,0.20172978276402648,0.0,0.06125691859783084,0.0,0.0661519265428873,0.0,0.09604453497424521,0.0,0.11658437223389392,0.21053866416406272
1050,3.2784103250932675e-05,2.9539326871280564e-08,0.18234375000000003,76248,1,1269933214.4166744,0.15005188930140068,2.916853347466659e-11,3.816857443541447e-15,0.0,0.24639031705227077,0.2023457583547558,0.0,0.0615038560411311,0.0,0.0662382176520994,0.0,0.09601542416452441,0.0,0.11687017994858612,0.21063624678663237
1051,3.281363236283737e-05,2.952911190469578e-08,0.18255859375000005,76005,1,1249930042.1618793,0.147637296352157,2.916852127255937e-11,3.829059550758103e-15,0.0,0.2463464213116508,0.20226810741414358,0.0,0.06153846153846154,0.0,0.0662565529046753,0.0,0.0960843051246389,0.0,0.11683962768802825,0.21066652401840164
1052,3.284363404191946e-05,3.0001679082086856e-08,0.18276562500000004,75752,1,1245102454.8873055,0.1494206571033899,2.916850986366909e-11,3.840468441043997e-15,0.0,0.2463986492262973,0.2022527143712063,0.0,0.06152218517568607,0.0,0.06625630503547918,0.0,0.09606095580063263,0.0,0.11682482687868684,0.2106843635120116
1053,3.287375204534384e-05,3.011800342438015e-08,0.18295703124999996,75524,1,1224330945.2383556,0.14749761440505355,2.9168497682074973e-11,3.852650035160795e-15,0.0,0.24636505326985075,0.20223327710997716,0.0,0.06153254905309904,0.0,0.06627239148536412,0.0,0.09602451053654162,0.0,0.11679868480047825,0.21077353374468905
1054,3.2904381018781e-05,3.0628973437161146e-08,0.18314062499999995,75276,1,1244474751.9242647,0.15246793647962403,2.9168485707789466e-11,3.864624320667715e-15,0.0,0.24632070642436651,0.2022011773739442,0.0,0.06156684583226686,0.0,0.06628060745670164,0.0,0.09604555925262348,0.0,0.11674558484770924,0.210839518812388
1055,3.293451421348183e-05,3.013319470082921e-08,0.18331445312500005,75013,1,1224605358.9689546,0.14760508685396143,2.91684750340338e-11,3.875298076331092e-15,0.0,0.24636414971712284,0.20207336693054329,0.0,0.061583046549538126,0.0,0.0663136473571497,0.0,0.09608233802486763,0.0,0.1167414257860362,0.21084202563474222
1056,3.2965136323474536e-05,3.0622109992702285e-08,0.18348242187499997,74756,1,1393522497.329929,0.17069039676216907,2.916846429199934e-11,3.8860401107916735e-15,0.0,0.24637280052797972,0.2020586951662178,0.0,0.061601183696496815,0.0,0.06633809863427824,0.0,0.09604760333393653,0.0,0.1166984235121297,0.21088319512896117
1057,3.299204654564307e-05,2.6910222168534915e-08,0.183630859375,74576,1,1393248536.7677188,0.149970510641622,2.916845384423343e-11,3.896487876697504e-15,0.0,0.2463757325646944,0.20206553994405385,0.0,0.06158329699316095,0.0,0.0663589274508344,0.0,0.09609759729416395,0.0,0.11665727140258883,0.21086163435050362
1058,3.301896205928646e-05,2.691551364338663e-08,0.18375976562499996,74358,1,1393830665.367404,0.15006267316106814,2.9168444527007885e-11,3.905805102252002e-15,0.0,0.24641547536801828,0.20201945049689107,0.0,0.061582611468353074,0.0,0.0663442631662858,0.0,0.0961045862783653,0.0,0.11663920922570016,0.21089440399638623
1059,3.304586633175783e-05,2.690427247137317e-08,0.18391796875,74146,1,1393841607.9123065,0.15000117760483836,2.9168436817976454e-11,3.913514133676844e-15,0.0,0.2463628061083618,0.20198373085827154,0.0,0.06157211732472441,0.0,0.06641462948410254,0.0,0.09608563600450266,0.0,0.11660259541660471,0.2109784848034322
1060,3.307277039301352e-05,2.6904061255688463e-08,0.18406250000000002,73908,1,1393779938.287304,0.14999336334652524,2.916843078175188e-11,3.919550358246038e-15,0.0,0.24637096774193548,0.2019418505942275,0.0,0.06157682512733446,0.0,0.06643675721561969,0.0,0.09610568760611204,0.0,0.1165853140916808,0.21098259762309
1061,3.309967564467475e-05,2.6905251661234638e-08,0.18422851562499998,73698,1,1393509494.1309073,0.14997089452764736,2.916842387333758e-11,3.926458772555189e-15,0.0,0.24635038430956802,0.2018976941425921,0.0,0.06156374238006891,0.0,0.0664829048502518,0.0,0.09608269281738671,0.0,0.11657566922873046,0.2110469122714021
1062,3.312658611794956e-05,2.6910473274807282e-08,0.18442187499999996,73450,1,1227336215.0760005,0.13211279366002335,2.916841853017322e-11,3.931801936911636e-15,0.0,0.24638863000931965,0.2018448699483182,0.0,0.0615415572312124,0.0,0.06652969584004066,0.0,0.0960984495467254,0.0,0.11653816826230619,0.21105862916207743
1063,3.315714009292346e-05,3.055397497390548e-08,0.18465624999999997,73210,1,1274007731.7088556,0.15570400140477786,2.916841004357661e-11,3.940288533522771e-15,0.0,0.2463509053985446,0.2017684887459807,0.0,0.06152690810627856,0.0,0.06654044677610424,0.0,0.0961034015907937,0.0,0.11651717718734134,0.21119267219495683
1064,3.3186574765152414e-05,2.9434672228951384e-08,0.18485742187499998,72983,1,1396091996.3304482,0.16437404125379657,2.916840219767575e-11,3.948134434381885e-15,0.0,0.24629412448360752,0.20174965926019842,0.0,0.061544475788984324,0.0,0.06655255845404504,0.0,0.09618899700994221,0.0,0.11651716377698183,0.21115302122624063
1065,3.321343545921739e-05,2.6860694064980463e-08,0.18501367187499995,72767,1,1225743759.7693684,0.13169731253289566,2.916839508664497e-11,3.955245465161024e-15,0.0,0.24629725421474344,0.2017692949211946,0.0,0.06152416945538232,0.0,0.06651746598118805,0.0,0.09621332882916171,0.0,0.1164715445437943,0.21120694205453572
1066,3.32440291291432e-05,3.059366992580559e-08,0.18517773437499996,72539,1,1225465606.4851894,0.1499659610809402,2.916838665240499e-11,3.9636797051446296e-15,0.0,0.24631108204744176,0.20175928953391484,0.0,0.061522397190199446,0.0,0.06649017519064243,0.0,0.09621246479838838,0.0,0.11643163767917225,0.2112729535602409
1067,3.3274629743147827e-05,3.060061400462748e-08,0.18536914062499998,72300,1,1395838799.1544507,0.1708540972224324,2.91683799051305e-11,3.970426979631433e-15,0.0,0.24625694085913877,0.20176168751119494,0.0,0.06150101676342603,0.0,0.06650581082932072,0.0,0.09617633733365646,0.0,0.11647999662834928,0.2113182100749139
1068,3.3301495309589105e-05,2.6865566441279722e-08,0.18552929687499997,72123,1,1238788770.941787,0.1331230481297913,2.916837212203201e-11,3.978210078116038e-15,0.0,0.24621279910728383,0.2017454285142803,0.0,0.061532145150593215,0.0,0.0665431461927972,0.0,0.09617753260835236,0.0,0.11644261035255972,0.21134633807413333
1069,3.333176681420687e-05,3.027150461776521e-08,0.18570312499999997,71904,1,1239158591.7780366,0.15004478013260908,2.9168365321399865e-11,3.985010710268612e-15,0.0,0.24628733697938576,0.20177745056794277,0.0,0.061495582667227586,0.0,0.06659655027345393,0.0,0.09611905763567521,0.0,0.11644930584770719,0.21127471602860745
1070,3.3362029284441764e-05,3.0262470234897226e-08,0.18587695312499997,71668,1,1331125260.9530296,0.16113255435404347,2.9168360763943674e-11,3.989568166450326e-15,0.0,0.24634072019249967,0.20173585936597,0.0,0.06151162668516008,0.0,0.0666078239762948,0.0,0.0961342453950341,0.0,0.11641395832676607,0.21125576605827526
1071,3.339020093822974e-05,2.817165378797753e-08,0.18605273437500003,71469,1,1250914004.1117976,0.14096126496948105,2.9168356014414904e-11,3.994317695231628e-15,0.0,0.2463179332136596,0.20166073546856464,0.0,0.06152699482463599,0.0,0.06657638648316694,0.0,0.09619038621022684,0.0,0.11637745514859488,0.21135010865115106
1072,3.342017901815909e-05,2.9978079929344625e-08,0.18625195312499998,71267,1,1251397178.559854,0.15005793856889463,2.91683516155102e-11,3.998716599934611e-15,0.0,0.24641100659598789,0.2015498998542381,0.0,0.061513616677677456,0.0,0.06657858034206855,0.0,0.0962238231562169,0.0,0.11634735373999854,0.21137571963381255
1073,3.345014552331228e-05,2.996650515318896e-08,0.186416015625,71048,1,1251705583.1500278,0.1500369672309628,2.916834785015538e-11,4.002481954753453e-15,0.0,0.24641416522604645,0.2014982450626015,0.0,0.06152234271046153,0.0,0.0666038032374666,0.0,0.09623343286709625,0.0,0.11631829849651634,0.2114097123998114
1074,3.348010464509364e-05,2.995912178136006e-08,0.18659375,70860,1,1326528286.344644,0.15896648990807227,2.916834372236768e-11,4.006609742453669e-15,0.0,0.2464725339139173,0.20145285546809583,0.0,0.06151607770892648,0.0,0.06660316529894492,0.0,0.09620457209847598,0.0,0.11631217551498914,0.2114386199966505
1075,3.350837392542941e-05,2.8269280335765984e-08,0.18578320312499996,76934,1,1264543411.2908468,0.14299092876210712,2.916847996060908e-11,3.8703715010508995e-15,0.0,0.2462337443887259,0.20176406892274049,0.0,0.06176343814720198,0.0,0.06697784926567214,0.0,0.09573070089675255,0.0,0.11624141882444464,0.21128877955446218
1076,3.35380288978607e-05,2.9654972431290414e-08,0.186001953125,76689,1,1255542485.7525036,0.14893231120521733,2.916846821203237e-11,3.882120077754176e-15,0.0,0.2462381737422952,0.20173679291842112,0.0,0.06174330326672477,0.0,0.06697258303319227,0.0,0.09575462287232366,0.0,0.11618871609631114,0.2113658080707318
1077,3.356789646540663e-05,2.9867567545931784e-08,0.18618164062499998,76426,1,1240942476.8259666,0.1482557329888618,2.916845579061382e-11,3.894541496310505e-15,0.0,0.24625229478101232,0.20169944925255703,0.0,0.06174665617623918,0.0,0.06701285077366903,0.0,0.09574613165486494,0.0,0.11617099396800419,0.2113716233936533
1078,3.359811543260317e-05,3.021896719654243e-08,0.18637499999999996,76184,1,1244155904.229127,0.15038842582913828,2.916844110640824e-11,3.9092257018857166e-15,0.0,0.24620640509725011,0.20165786384976525,0.0,0.061734993293091886,0.0,0.06704812206572769,0.0,0.09581447015425888,0.0,0.1161447853789403,0.21139336016096577
1079,3.362825634972821e-05,3.014091712504055e-08,0.18654492187500005,75915,1,1227825319.2904422,0.14803112477103866,2.916843079074479e-11,3.919541365337443e-15,0.0,0.2462124781438787,0.2016521657191318,0.0,0.061710169509271176,0.0,0.06704986860152233,0.0,0.09591565369433887,0.0,0.11609134026447214,0.2113683240673849
1080,3.3658798153526224e-05,3.05418037980119e-08,0.18668164062500003,75666,1,1310979440.162918,0.16015870737873328,2.9168420501122165e-11,3.929830987962619e-15,0.0,0.24621002082003743,0.20163003107312122,0.0,0.06169636224772705,0.0,0.06702168841087663,0.0,0.09595003191010763,0.0,0.116069093229826,0.21142277230830392
1081,3.368740272111223e-05,2.8604567586002564e-08,0.186837890625,75436,1,1311345704.1131427,0.15004190728767405,2.9168410614224406e-11,3.939717885719127e-15,0.0,0.24624455107096935,0.20154503925319617,0.0,0.061676127157357756,0.0,0.0670597213075339,0.0,0.09595341884362488,0.0,0.11602429412195146,0.21149684824536646
1082,3.3715999299331365e-05,2.859657821913641e-08,0.18698242187500003,75199,1,1311910520.4172263,0.15006460725447668,2.916840079919923e-11,3.9495329108991945e-15,0.0,0.24621089465712642,0.2015459340888912,0.0,0.06165979004543792,0.0,0.06706011385595655,0.0,0.09597325951846242,0.0,0.11602862067164568,0.21152138716247976
1083,3.374458356587728e-05,2.8584266545918e-08,0.18710742187499996,74999,1,1223332273.0608187,0.13987222306957675,2.916839045365644e-11,3.959878453686932e-15,0.0,0.2462969342059938,0.2014947963966221,0.0,0.06162903579369304,0.0,0.06704662887921586,0.0,0.09597177423563921,0.0,0.11599286005073123,0.2115679704381048
1084,3.3775237543399e-05,3.0653977521719204e-08,0.18726757812499994,74742,1,1230547945.1002285,0.15088475619400069,2.916838239429921e-11,3.967937810921885e-15,0.0,0.24630531596458108,0.20147891657366945,0.0,0.0616284769662394,0.0,0.06701014799595331,0.0,0.0960148517433068,0.0,0.11599795579937631,0.21156433495687363
1085,3.380571177250102e-05,3.047422910201651e-08,0.187453125,74502,1,1223558671.4044785,0.1491480290885561,2.916837201684142e-11,3.978315268707123e-15,0.0,0.2463011586229891,0.201487871967992,0.0,0.061609152288072025,0.0,0.06701675418854715,0.0,0.09606568308743853,0.0,0.11597691089439027,0.211542468950571
1086,3.3836360078035035e-05,3.06483055340167e-08,0.187603515625,74225,1,1248003779.002282,0.15299680450587758,2.916836414573916e-11,3.986186370970556e-15,0.0,0.24628069919731818,0.2015345694564459,0.0,0.061611818475216816,0.0,0.06699426358364653,0.0,0.09603031659604594,0.0,0.11593599367016126,0.2116123390211654
1087,3.3866408063971404e-05,3.0047985936372256e-08,0.18779296874999996,73979,1,1237867985.511358,0.14878175927892298,2.916835659162e-11,3.993740490133187e-15,0.0,0.24632345293811753,0.20147685907436297,0.0,0.061653666146645865,0.0,0.06700988039521581,0.0,0.09605824232969319,0.0,0.11588143525741029,0.21159646385855435
1088,3.3896702085982574e-05,3.029402201116697e-08,0.18796679687499995,73711,1,1237535329.1641827,0.14995969000518605,2.9168349209222286e-11,4.0011228878474574e-15,0.0,0.24635542763328797,0.20144639906898448,0.0,0.06164860399630087,0.0,0.06697908332380843,0.0,0.09601097268259229,0.0,0.11586778748740115,0.21169172580762477
1089,3.392700425119456e-05,3.030216521198395e-08,0.18814648437500003,73459,1,1236107031.1721518,0.14982687791309418,2.916834121910298e-11,4.009113007155969e-15,0.0,0.24644195534147886,0.20136819922973914,0.0,0.06165201233247865,0.0,0.06693587733958954,0.0,0.09605422968722427,0.0,0.1158609378081822,0.21168678826130738
1090,3.395734142997789e-05,3.033717878332932e-08,0.18836328125000001,73239,1,1241798929.9722877,0.15069070460606537,2.916833140628702e-11,4.018925823118808e-15,0.0,0.24646938056033682,0.2013749196408204,0.0,0.06162252960328488,0.0,0.06695215777358414,0.0,0.09603699632940008,0.0,0.11582090790319571,0.2117231081893781
1091,3.398753955553179e-05,3.0198125553898535e-08,0.188513671875,73028,1,1234286394.4143236,0.1490925420319699,2.91683209380869e-11,4.029394023224549e-15,0.0,0.2464592463660005,0.20135931785451572,0.0,0.06160445093712119,0.0,0.06697126990540724,0.0,0.09608470871020214,0.0,0.11583211595644381,0.2116888902703095
1092,3.4017921483234874e-05,3.0381927703087077e-08,0.188697265625,72796,1,1234141579.4267685,0.14998240096607113,2.9168314076814884e-11,4.036255295250791e-15,0.0,0.24641611377350878,0.20136006541562734,0.0,0.061637667808680005,0.0,0.06696821338743235,0.0,0.09607402730481407,0.0,0.11576081893741011,0.21178309337252757
1093,3.404830697597341e-05,3.038549273853808e-08,0.18885156250000001,72560,1,1234586377.2648966,0.15005406160592222,2.916830731113365e-11,4.043020976487032e-15,0.0,0.24642162743556864,0.20134033839407606,0.0,0.061659702974392924,0.0,0.06698589335208704,0.0,0.09610929549497373,0.0,0.11572829189591695,0.21175485045298473
1094,3.407868152140058e-05,3.037454542717175e-08,0.18903320312500005,72309,1,1241698586.0189972,0.15086412043155584,2.916830268068716e-11,4.0476514229637425e-15,0.0,0.24637082192488505,0.20136384770367308,0.0,0.0616624476933409,0.0,0.06699385235315389,0.0,0.0961099343906597,0.0,0.11574107557989356,0.21175802035439376
1095,3.410888208732071e-05,3.0200565920130856e-08,0.18921093749999995,72102,1,1233630768.5433512,0.1490253893859807,2.916829704850419e-11,4.05328360594203e-15,0.0,0.2463664891201123,0.2013398571369586,0.0,0.06166646021718486,0.0,0.06697221189974813,0.0,0.09615384615384616,0.0,0.11572525702960486,0.2117758784425451
1096,3.4139280161814496e-05,3.039807449378011e-08,0.189396484375,71888,1,1234240044.0046556,0.15007408320343985,2.916829003441719e-11,4.060297692941268e-15,0.0,0.24644481339781998,0.2012869827061699,0.0,0.06162667189159646,0.0,0.06695816274968806,0.0,0.09623495684276744,0.0,0.11567375813387508,0.21177465427808315
1097,3.4169663230474566e-05,3.038306866006897e-08,0.18961914062499996,71684,1,1240782399.579272,0.15079510735448862,2.916828571861484e-11,4.064613495298431e-15,0.0,0.24647473863109642,0.20120512952567338,0.0,0.06160580934232888,0.0,0.06701344182932481,0.0,0.09623525776381521,0.0,0.11565123345521965,0.21181438945254158
1098,3.4199886096315276e-05,3.022286584071115e-08,0.18980273437499995,71466,1,1232437860.3901522,0.14899121644633867,2.916828107674728e-11,4.069255362853012e-15,0.0,0.24644213255950362,0.20117515100999186,0.0,0.06160796056761235,0.0,0.0670618137663487,0.0,0.09620391236789842,0.0,0.11566284896942755,0.21184618075921754
1099,3.4230313593883496e-05,3.0427497568217066e-08,0.18998632812500005,71263,1,1236153221.581302,0.15045219657443504,2.916827778337986e-11,4.072548730272165e-15,0.0,0.2464095895058238,0.2011246697439166,0.0,0.061599827290203864,0.0,0.06711009221469473,0.0,0.09621374893341421,0.0,0.1156641616892663,0.2118779106226805
1100,3.426064963908025e-05,3.0336045196751214e-08,0.18918359375000005,77812,1,1234650676.1133528,0.14981767485109648,2.916841201585263e-11,3.938316257498869e-15,0.0,0.24563812434184723,0.20181288843922285,0.0,0.06192314839668808,0.0,0.06730193471123867,0.0,0.096188391732568,0.0,0.11534967273027609,0.21178583964815928
1101,3.4291022602644366e-05,3.0372963564114336e-08,0.18935351562500002,77572,1,1227744740.7695532,0.14916098510970657,2.916839855228859e-11,3.9517798215408486e-15,0.0,0.24558272906373455,0.2018071357105282,0.0,0.06189852396620903,0.0,0.0673137422768672,0.0,0.09621553600346573,0.0,0.11538025147242363,0.2118020815067716
1102,3.43215664109416e-05,3.054380829723197e-08,0.18955273437499998,77312,1,1233002280.805802,0.15064234117992883,2.9168386777972465e-11,3.963554137665333e-15,0.0,0.24558221965770574,0.20175989943431805,0.0,0.06185407672254794,0.0,0.06736664228086264,0.0,0.09617623723609237,0.0,0.11536202615119885,0.21189889851727445
1103,3.4351979979986656e-05,3.041356904505698e-08,0.18973632812499996,77077,1,1227138438.6451247,0.1492866385263077,2.916837488483042e-11,3.975447279709437e-15,0.0,0.24564311081373208,0.20178084306963817,0.0,0.06182510679911473,0.0,0.06743527716300377,0.0,0.09615523186988523,0.0,0.11528128055998765,0.21187914972463845
1104,3.4382538879308076e-05,3.0558899321419265e-08,0.189908203125,76792,1,1232606110.228702,0.1506683441017805,2.916836528284997e-11,3.985049260159374e-15,0.0,0.24567790770623144,0.201752491438092,0.0,0.06182057531907892,0.0,0.06745652196270814,0.0,0.09610934559254575,0.0,0.11520779982104841,0.21197535816029536
1105,3.441296222354498e-05,3.0423344236904777e-08,0.19011914062500002,76533,1,1381657857.340695,0.16813861044600095,2.916835374356063e-11,3.996588549502068e-15,0.0,0.24572379572841865,0.20169301733082667,0.0,0.06180335110590604,0.0,0.067463864147687,0.0,0.09612599007612414,0.0,0.11515188872109389,0.2120380928899436
1106,3.444010353049066e-05,2.7141306945684085e-08,0.190265625,76306,1,1381503022.4013748,0.149983190309544,2.916834342690776e-11,4.006905202368541e-15,0.0,0.24565779748706576,0.20168144863266813,0.0,0.061766034327009924,0.0,0.06750431140675042,0.0,0.09611357477211134,0.0,0.11512482549067914,0.21215200788371516
1107,3.446724787935703e-05,2.7144348866364578e-08,0.19040625,76087,1,1240260940.0462747,0.13466430256776546,2.9168333558540876e-11,4.0167735692567796e-15,0.0,0.24569177744953227,0.20159404234367306,0.0,0.06179222058099459,0.0,0.06751600196947317,0.0,0.09616568193008372,0.0,0.11507057278844578,0.2121697029377975
1108,3.449748345220237e-05,3.0235572845340797e-08,0.19058789062500003,75889,1,1221605888.5485063,0.14774381532602254,2.9168322360951616e-11,4.027971158512944e-15,0.0,0.24575480882548856,0.2014838954304629,0.0,0.06179481661389,0.0,0.06755413451389103,0.0,0.09619700556460786,0.0,0.11506338324058987,0.21215195581106977
1109,3.452818075020292e-05,3.069729800054986e-08,0.19076953124999996,75601,1,1394149637.7449186,0.17118650754885764,2.916831347488659e-11,4.036857223539321e-15,0.0,0.2457870057538342,0.20140467268669246,0.0,0.061817883981407536,0.0,0.06760243258185393,0.0,0.09617707885414747,0.0,0.11503573110551427,0.21217519503655016
1110,3.455507886715158e-05,2.689811694866373e-08,0.190978515625,75344,1,1221389441.5438254,0.1314123041540356,2.9168306526014846e-11,4.043806095282292e-15,0.0,0.24576349188492652,0.20136836399709554,0.0,0.06183205326188115,0.0,0.06764095274133011,0.0,0.09611274173919268,0.0,0.1150018919831051,0.2122805043924689
1111,3.458578160513547e-05,3.070273798388197e-08,0.19112890625,75077,1,1225259200.7711196,0.1504752488144653,2.9168298383408115e-11,4.051948702013003e-15,0.0,0.24581536512088945,0.20130188640683438,0.0,0.061793619325962106,0.0,0.06768991804451348,0.0,0.09611886611212164,0.0,0.11497271556745488,0.21230762942222403
1112,3.461638737408329e-05,3.060576894782695e-08,0.19131835937499997,74780,1,1394237919.5565095,0.17068689449698188,2.9168290853520146e-11,4.059478589984633e-15,0.0,0.24577612168853047,0.20127609616660713,0.0,0.06177326323311725,0.0,0.06769434944617427,0.0,0.09615639834617938,0.0,0.11497116022663469,0.2123526108927569
1113,3.464328378786892e-05,2.689641378562441e-08,0.19149414062500003,74552,1,1236346416.0844522,0.13301313915752477,2.916828241131933e-11,4.0679207908065084e-15,0.0,0.24577489928094243,0.201213728390025,0.0,0.06174715691774185,0.0,0.06770360548727625,0.0,0.0961395277678617,0.0,0.11493701871589576,0.21248406344025703
1114,3.4673615092681336e-05,3.033130481241954e-08,0.19170312499999997,74327,1,1236353510.6974013,0.15000086075547153,2.916827337749928e-11,4.07695461085038e-15,0.0,0.24579224060640642,0.20118795337843345,0.0,0.061700220066835114,0.0,0.06770111663542261,0.0,0.09621811068546746,0.0,0.1149136033906594,0.21248675523677563
1115,3.470394622344251e-05,3.033113076117447e-08,0.19185156250000002,74082,1,1391835756.7532709,0.16886380934464673,2.9168264795305473e-11,4.0855368046582034e-15,0.0,0.2458565785723012,0.2011239157877591,0.0,0.061672842773954475,0.0,0.06774035916439304,0.0,0.09619456774035917,0.0,0.11489595634645927,0.2125157796147738
1116,3.473088905762251e-05,2.69428341800013e-08,0.19203906250000002,73872,1,1235536692.542812,0.13315544092195294,2.916825868902836e-11,4.0916430817712284e-15,0.0,0.2458911354298035,0.2010801025182051,0.0,0.06165330946666124,0.0,0.06775558358081445,0.0,0.0961921809527684,0.0,0.11488548065579106,0.21254220739595622
1117,3.4761240240413224e-05,3.0351182790713115e-08,0.19222265625,73637,1,1236088995.3284883,0.15006705217121552,2.916825107196181e-11,4.099260148320669e-15,0.0,0.24590014021825277,0.2010201385925339,0.0,0.061635066756081214,0.0,0.06780263772887074,0.0,0.0961815927980654,0.0,0.11483671686073686,0.21262370704545916
1118,3.4791577861848026e-05,3.033762143480166e-08,0.192392578125,73384,1,1235938253.779189,0.14998170743977146,2.916824380265476e-11,4.106529455367192e-15,0.0,0.24591645094157658,0.2009136592051165,0.0,0.06167199634536319,0.0,0.06780366478858942,0.0,0.09616770722298361,0.0,0.114846962083143,0.21267955941322778
1119,3.4821919183419176e-05,3.0341321571150015e-08,0.19256640625,73150,1,1390828556.79906,0.1687983059687151,2.9168236529070404e-11,4.113803039728513e-15,0.0,0.24589731626670994,0.20093514818345942,0.0,0.06164675335213096,0.0,0.06782359981337607,0.0,0.09617218086293285,0.0,0.11482443150698826,0.2127005700144025
1120,3.4848881528861886e-05,2.6962345442708514e-08,0.192734375,72948,1,1236835109.370306,0.13339190189804945,2.916823048995456e-11,4.11984215557051e-15,0.0,0.24588569112282124,0.20092217267936763,0.0,0.06160316173490069,0.0,0.0678759627077422,0.0,0.096149169031212,0.0,0.11478516416700445,0.21277867855695176
1121,3.4879200849291825e-05,3.031932042994146e-08,0.19293359374999997,72711,1,1236659648.058726,0.14997872052908462,2.9168226644298066e-11,4.123687812056197e-15,0.0,0.24591524771719542,0.20093741774817275,0.0,0.06155979834382782,0.0,0.06788686197890303,0.0,0.09620173715859164,0.0,0.11470713287845964,0.21279180417484966
1122,3.490952447152602e-05,3.032362223419067e-08,0.19309960937500004,72469,1,1387789009.3643756,0.16833115864290815,2.916822340380932e-11,4.126928300811242e-15,0.0,0.24589600169925252,0.20089615341822853,0.0,0.06155744586161207,0.0,0.06790941365673075,0.0,0.09618983078276877,0.0,0.11466920205933223,0.21288195252207512
1123,3.493654587012981e-05,2.7021398603794577e-08,0.19326757812499995,72276,1,1239509782.5722096,0.1339731516327457,2.91682189168945e-11,4.131415215632946e-15,0.0,0.24591472719371824,0.2008428243711661,0.0,0.06155447535698766,0.0,0.06792113427586835,0.0,0.09616686709852153,0.0,0.11466049538669874,0.2129394763170394
1124,3.4966799766087114e-05,3.025389595730389e-08,0.19345507812499996,72066,1,1238793143.8387709,0.14991327554527828,2.9168214600383273e-11,4.135731726859414e-15,0.0,0.24589849468444913,0.20078950822320268,0.0,0.06155539177578775,0.0,0.0679764560974871,0.0,0.09618471665539279,0.0,0.11462003654756736,0.21297539601611326
1125,3.499707116384752e-05,3.027139776040012e-08,0.1924296875,78624,1,1238606492.8477566,0.14997739925443454,2.916834488273697e-11,4.005449373164735e-15,0.0,0.2444480532662093,0.20141285372092083,0.0,0.0619747472697008,0.0,0.06816613210994277,0.0,0.0962405099265154,0.0,0.1146319678453981,0.213125735861313
1126,3.5027347123336296e-05,3.0275959488781166e-08,0.19261328125,78354,1,1274292798.797254,0.15432174861292494,2.916833277416885e-11,4.017557941281774e-15,0.0,0.24436715406923687,0.20135269423431829,0.0,0.06199679571680627,0.0,0.06817213896043318,0.0,0.09629073799914822,0.0,0.11463424526962625,0.21318623375043097
1127,3.5056775210849145e-05,2.942808751284988e-08,0.19281640624999996,78095,1,1224225796.8759818,0.14410649554381913,2.9168322255902063e-11,4.028076208070693e-15,0.0,0.24441360588318717,0.2013026478393874,0.0,0.061972002187962165,0.0,0.06818135775207149,0.0,0.09630072324304614,0.0,0.11462490630254656,0.2132047567917992
1128,3.5087406814999044e-05,3.063160414989921e-08,0.19301562500000002,77833,1,1232728210.4788163,0.15104177027120294,2.916830901780981e-11,4.041314300322028e-15,0.0,0.24452562130656522,0.20129725572735369,0.0,0.06193839553144985,0.0,0.06817169918238485,0.0,0.09630251760705902,0.0,0.11462802558083056,0.21313648506435684
1129,3.511782714584021e-05,3.042033084116266e-08,0.19320312500000003,77555,1,1274631725.3014016,0.15509887513724244,2.916829722071556e-11,4.053111394568622e-15,0.0,0.24454104326728665,0.20128386575010107,0.0,0.06191872219975737,0.0,0.06818641326324301,0.0,0.09628993125758188,0.0,0.11456732713303679,0.21321269712899313
1130,3.5147247408380066e-05,2.942026253985847e-08,0.19338867187499997,77325,1,1223627508.4619396,0.1439977701997726,2.9168284699715905e-11,4.065632394230334e-15,0.0,0.2445993031358885,0.20123213654496794,0.0,0.06191991112457709,0.0,0.06821188708781498,0.0,0.09631873958491138,0.0,0.11447760440337323,0.21324041811846692
1131,3.5177893989746264e-05,3.064658136620048e-08,0.19357617187499998,77050,1,1275057789.3641136,0.1563046491534201,2.9168274548376854e-11,4.0757837332763116e-15,0.0,0.24463480340224597,0.20114820756525512,0.0,0.06195074209724451,0.0,0.06818617509660885,0.0,0.09628598238338833,0.0,0.11446761711616267,0.21332647233909455
1132,3.520730442142458e-05,2.9410431678317644e-08,0.19373046875,76817,1,1223787633.2087834,0.14396849030102793,2.916826311883869e-11,4.0872132714373186e-15,0.0,0.24465167859663273,0.20110898276035888,0.0,0.061951809658231674,0.0,0.06819235810061498,0.0,0.09628994858352656,0.0,0.11444702086903921,0.21335820143159592
1133,3.523794699288257e-05,3.064257145798624e-08,0.19389453125,76578,1,1274489917.6211727,0.15621459349275912,2.9168252951848654e-11,4.0973802614771455e-15,0.0,0.24465620404134011,0.20105969337389448,0.0,0.06199004774664061,0.0,0.06816487700707133,0.0,0.09629913169611379,0.0,0.11443076737111428,0.21339927876382536
1134,3.526737052890394e-05,2.942353602137042e-08,0.19407617187500004,76300,1,1327884797.8225973,0.1562842647238535,2.916824461027589e-11,4.105721834237978e-15,0.0,0.24466875320780537,0.20098221743637223,0.0,0.06202260307748045,0.0,0.06821178057101451,0.0,0.09628951261485201,0.0,0.11439411474634435,0.21343101834613099
1135,3.529561093052725e-05,2.8240401623311544e-08,0.19423437499999996,76075,1,1327795973.8073332,0.1499899662965406,2.9168233843008625e-11,4.1164891015047176e-15,0.0,0.2447309146488617,0.2009592953101118,0.0,0.06202236344622315,0.0,0.06819644437293862,0.0,0.0963216957605985,0.0,0.11438138524656102,0.21338790121470516
1136,3.53238532213157e-05,2.8242290788450116e-08,0.19442382812500003,75804,1,1259953220.3291197,0.14233586091351663,2.916822755448446e-11,4.122777625672332e-15,0.0,0.24479381184388974,0.20090411371741423,0.0,0.06200210959867397,0.0,0.06822040283288966,0.0,0.09631824802852981,0.0,0.11438043096087197,0.21338088301773067
1137,3.535361623108063e-05,2.9763009764921593e-08,0.19458398437500002,75544,1,1260174915.4262433,0.1500263932533621,2.916821758446041e-11,4.132747649720284e-15,0.0,0.24483322794021703,0.2008993545926305,0.0,0.0619711523984462,0.0,0.06822447730033024,0.0,0.09628915856143416,0.0,0.11438666225019321,0.21339596695674867
1138,3.53833740048158e-05,2.975777373517703e-08,0.19474999999999998,75284,1,1224231575.1610851,0.14572162485241177,2.916821027624224e-11,4.140055867893449e-15,0.0,0.24480503851091143,0.20084844351732992,0.0,0.06194841142490372,0.0,0.06825657894736842,0.0,0.09630736521181002,0.0,0.11434932605905006,0.21348483632862644
1139,3.541400546438673e-05,3.0631459570927764e-08,0.19496289062500005,75051,1,1261566720.306019,0.15457451995632707,2.9168200622914276e-11,4.149709195856321e-15,0.0,0.24479818875787657,0.20076937718516144,0.0,0.061940874164754904,0.0,0.06829224311517616,0.0,0.096372506787149,0.0,0.1143146231754841,0.21351218681439774
1140,3.544373040829687e-05,2.9724943910143408e-08,0.19516406249999996,74773,1,1230996993.3375201,0.14636526632205188,2.91681927328526e-11,4.157599257530687e-15,0.0,0.244806052599976,0.20079260237780716,0.0,0.06197710259797447,0.0,0.06829190184540251,0.0,0.09640326648252673,0.0,0.11426684280052841,0.2134622312957848
1141,3.5474193520882004e-05,3.046311258513211e-08,0.19535742187500005,74537,1,1218617975.7827184,0.148491586378139,2.916818349763991e-11,4.1668344702207405e-15,0.0,0.24482369055117317,0.2007638243204063,0.0,0.061955750177459176,0.0,0.06833428311488357,0.0,0.09640782619997398,0.0,0.11424372394349298,0.21347090169261068
1142,3.5504966085168126e-05,3.0772564286124e-08,0.19554101562500004,74309,1,1218506992.71785,0.14998633906600664,2.91681743605222e-11,4.175971587933998e-15,0.0,0.24482355643896644,0.20067521000429497,0.0,0.061947521399962055,0.0,0.06830008889599169,0.0,0.09644715682651299,0.0,0.1142363434781306,0.21357012295614133
1143,3.5535741452255974e-05,3.077536708784672e-08,0.19575781250000002,74068,1,1256950451.2025821,0.1547324461879761,2.9168167682600223e-11,4.1826495099084625e-15,0.0,0.24476194277048333,0.20072235303508004,0.0,0.061898870575088805,0.0,0.06828431176916631,0.0,0.09645009378616755,0.0,0.11421957935906135,0.21366284870495272
1144,3.556557556382666e-05,2.983411157068445e-08,0.19592968749999995,73826,1,1254811258.0735607,0.14974471629407013,2.916816031233517e-11,4.1900197749555045e-15,0.0,0.24473663224211492,0.20069580126799316,0.0,0.06191435065193988,0.0,0.0682642848598429,0.0,0.09645520156306073,0.0,0.11420909924638144,0.21372463016866702
1145,3.5595460536374295e-05,2.988497254764161e-08,0.196115234375,73590,1,1256160181.3198304,0.15016125013673456,2.9168155427808555e-11,4.194904301580986e-15,0.0,0.24476401987830018,0.20071506109888357,0.0,0.06190556811504715,0.0,0.06824949457728735,0.0,0.09644361673521824,0.0,0.11416079911563473,0.2137614404796287
1146,3.5625313417048e-05,2.985288067370457e-08,0.196298828125,73314,1,1259222662.8634615,0.15036569558434978,2.916815260412997e-11,4.197727980164718e-15,0.0,0.24479379135366397,0.20069648276205163,0.0,0.061907367792647126,0.0,0.06828515994229142,0.0,0.09643301328292124,0.0,0.11412367543903287,0.21376050942739164
1147,3.565509369428247e-05,2.978027723446886e-08,0.1965,73105,1,1262513891.1480467,0.1503920547630275,2.9168147623884024e-11,4.202708226110419e-15,0.0,0.24479166666666666,0.200779262086514,0.0,0.06185392811704835,0.0,0.06829476781170483,0.0,0.0964436227735369,0.0,0.11408635496183207,0.2137503975826972
1148,3.5684796337764596e-05,2.970264348212436e-08,0.19667968749999998,72864,1,1227857980.8533263,0.14588251140786973,2.916814334857089e-11,4.20698353923958e-15,0.0,0.24486593843098312,0.2007547169811321,0.0,0.06183714001986097,0.0,0.06831181727904667,0.0,0.09644488579940416,0.0,0.1140119165839126,0.21377358490566037
1149,3.571533732913718e-05,3.054099137258412e-08,0.19689843750000002,72620,1,1228064001.0390162,0.15002516824285494,2.916814136260132e-11,4.208969508818728e-15,0.0,0.2449113200809427,0.20068047454668092,0.0,0.061847795897313804,0.0,0.06828552156489306,0.0,0.09642701265722334,0.0,0.11397452684204261,0.21387334841090347
1150,3.574587319694885e-05,3.0535867811671655e-08,0.19599609375000004,79458,1,1227993139.2966442,0.1499913447008081,2.9168282338760354e-11,4.067993349778228e-15,0.0,0.24394618834080714,0.20133532635774787,0.0,0.06219232685600398,0.0,0.06834080717488789,0.0,0.09627304434479321,0.0,0.11397110114598903,0.21394120577977077
1151,3.5776410826842676e-05,3.0537629893827265e-08,0.19621875,79186,1,1225615215.2901819,0.14970953534710002,2.91682685865332e-11,4.081745576930411e-15,0.0,0.24388835801879283,0.20134575569358182,0.0,0.06215161649944259,0.0,0.06838270425226949,0.0,0.09629319955406913,0.0,0.11395126612517918,0.21398709985666511
1152,3.580700770548139e-05,3.059687863871805e-08,0.196416015625,78913,1,1225054063.5782747,0.14993132203669143,2.916825568454185e-11,4.094647568281578e-15,0.0,0.2438422910555362,0.20135235917068564,0.0,0.062168746581812755,0.0,0.06840352011137076,0.0,0.09627604037189878,0.0,0.11390642867796948,0.21405061403072642
1153,3.5837618599412447e-05,3.0610893931052975e-08,0.19658789062500004,78621,1,1234086839.58745,0.15110600539327929,2.916824355194123e-11,4.106780168906892e-15,0.0,0.24386754493159668,0.201265734752069,0.0,0.062134263260906285,0.0,0.06840332627939555,0.0,0.09627134809692707,0.0,0.11391612768620905,0.2141416549928964
1154,3.586800543994673e-05,3.038684053428209e-08,0.19678906249999994,78314,1,1225165913.4189281,0.1489156849563961,2.916823403115596e-11,4.11630095417029e-15,0.0,0.24382667037198774,0.20120886101075863,0.0,0.062189844773512234,0.0,0.06837309936877208,0.0,0.09634165707253164,0.0,0.11386914923180752,0.21419071817063
1155,3.589861353929823e-05,3.060809935150179e-08,0.19695507812500002,78047,1,1223109063.6572704,0.14974817495257628,2.916822159771407e-11,4.12873439606959e-15,0.0,0.24379964498567053,0.2012078420483732,0.0,0.06215725746472169,0.0,0.06840471633561745,0.0,0.0963298658283833,0.0,0.11384258386965619,0.21425808946757766
1156,3.5929273110970337e-05,3.065957167210392e-08,0.19713085937499997,77779,1,1405282738.5310235,0.17234146736624956,2.916821128558866e-11,4.139046521466378e-15,0.0,0.2438101277110105,0.20110768743002644,0.0,0.06212164746212759,0.0,0.06843288979599925,0.0,0.09635295399827605,0.0,0.11385005597883702,0.21432463762372314
1157,3.595595813240538e-05,2.6685021435045638e-08,0.19727734374999994,77580,1,1405204991.5419004,0.14999170127971498,2.916819957990508e-11,4.150752205053107e-15,0.0,0.24386670098806015,0.2010375621250223,0.0,0.06212502227590441,0.0,0.06850088113577411,0.0,0.09634081143694434,0.0,0.11380512048789182,0.21432390155040298
1158,3.598264463026564e-05,2.6686497860253167e-08,0.19745507812499996,77351,1,1405098916.5909688,0.14998867692419576,2.916819030616987e-11,4.160025940258808e-15,0.0,0.24383512863883205,0.20100497541964651,0.0,0.062177908345450415,0.0,0.06856781111210027,0.0,0.09632333303658863,0.0,0.11380159648654264,0.21428924696083962
1159,3.600933314276623e-05,2.668851250058748e-08,0.19764062500000001,77114,1,1405093479.9559085,0.14999941961718893,2.916818088645122e-11,4.169445658906637e-15,0.0,0.24387303344137876,0.20094473871452287,0.0,0.062159063957625105,0.0,0.0685923788441774,0.0,0.09636137244050913,0.0,0.11378369831607242,0.2142857142857143
1160,3.603602175853091e-05,2.6688615764679753e-08,0.19777539062500005,76876,1,1406563163.216663,0.15015689524736822,2.91681724201108e-11,4.177911999323303e-15,0.0,0.24387473953447034,0.20090656817530936,0.0,0.06213645924887173,0.0,0.06860489230799617,0.0,0.0963450884348367,0.0,0.11375554260771668,0.21437670969079903
1161,3.606268248801727e-05,2.666072948636122e-08,0.197927734375,76637,1,1406347395.3564649,0.1499769898857896,2.916816490485537e-11,4.185427254762765e-15,0.0,0.24392385952101364,0.20088021393540492,0.0,0.0621182368091258,0.0,0.06865076624004579,0.0,0.09634000730222322,0.0,0.11371732501800885,0.21436959117417775
1162,3.60893473079073e-05,2.6664819890035013e-08,0.19807617187500004,76398,1,1220568483.73956,0.13018495512947398,2.916815755502161e-11,4.1927770885242755e-15,0.0,0.24393827343095204,0.2008381403145491,0.0,0.06213084849381255,0.0,0.06867820342158458,0.0,0.09635655475028349,0.0,0.11368140807572845,0.21437657151308978
1163,3.612007069663933e-05,3.0723388732034144e-08,0.19828710937500005,76113,1,1419925648.8620758,0.1744997107223015,2.916814982842185e-11,4.2005036882824136e-15,0.0,0.2439742718398787,0.20080178875722743,0.0,0.06209430375382918,0.0,0.06866424357042247,0.0,0.09636240063827901,0.0,0.11363927385912552,0.21446371758123775
1164,3.6146480530161285e-05,2.6409833521954043e-08,0.19844335937500002,75900,1,1266481435.8420796,0.13379025551693857,2.916813983393675e-11,4.210498173380972e-15,0.0,0.24400854305483105,0.20079131521707033,0.0,0.062065096503056014,0.0,0.06865938997864236,0.0,0.09633573811796896,0.0,0.11367774573585425,0.21446217139257698
1165,3.617609012327393e-05,2.9609593112643108e-08,0.198626953125,75641,1,1265004905.7465181,0.1498251221786074,2.9168132194959655e-11,4.218137150474628e-15,0.0,0.2439403325565159,0.20078271728762892,0.0,0.062047061368575275,0.0,0.06869425843436876,0.0,0.09639419058575965,0.0,0.11367100307777023,0.21447043668938118
1166,3.620573427708681e-05,2.9644153812881932e-08,0.19881249999999995,75419,1,1416722982.3762143,0.16799021599922126,2.9168121798049213e-11,4.228534060918441e-15,0.0,0.24397791574976424,0.20072304306821756,0.0,0.062038274127632825,0.0,0.06867926752593524,0.0,0.09640246777742849,0.0,0.11364350833071361,0.2145355234203081
1167,3.623220381309808e-05,2.6469536011269263e-08,0.19895507812500002,75205,1,1265274821.6227255,0.1339649498203801,2.916811363857493e-11,4.236693535201178e-15,0.0,0.2439994109851274,0.20066755018897564,0.0,0.062033083002012476,0.0,0.06870858489176852,0.0,0.09645118539243117,0.0,0.11362096892946548,0.21451921661021942
1168,3.62618416430455e-05,2.9637829947414847e-08,0.199138671875,74957,1,1231369941.4130452,0.1459805317038321,2.9168107533654694e-11,4.242798455437161e-15,0.0,0.24393138418383858,0.20067870418501554,0.0,0.06200531586225835,0.0,0.06871389480085131,0.0,0.09644072617424651,0.0,0.11365352739826792,0.21457644739552173
1169,3.6292295529191983e-05,3.045388614648761e-08,0.19933203124999999,74739,1,1415996982.2225232,0.1724904435214991,2.916809915289477e-11,4.251179215363217e-15,0.0,0.24394951890101707,0.20064081208724452,0.0,0.061974563483509375,0.0,0.0687550216543534,0.0,0.09645495698524367,0.0,0.11358247271159537,0.21464265417703657
1170,3.631877863648021e-05,2.6483107288223647e-08,0.19950390625000003,74512,1,1263778889.316904,0.13387516765748675,2.916809289382021e-11,4.257438289928826e-15,0.0,0.24396452137137042,0.20061480625770955,0.0,0.06196033129050576,0.0,0.0687447379241478,0.0,0.09645017915532669,0.0,0.11353356959645998,0.2147318544044799
1171,3.634845154866208e-05,2.967291218186865e-08,0.19966601562499997,74250,1,1245691064.8188918,0.1478531262884377,2.91680862481102e-11,4.264083999926199e-15,0.0,0.24399143100294438,0.20054974615813517,0.0,0.06193937141124339,0.0,0.06871826976689589,0.0,0.09647947255671092,0.0,0.11355877490731593,0.21476293419675432
1172,3.637855532082444e-05,3.010377216236357e-08,0.19986914062500005,73986,1,1246018624.4491282,0.1500394431219129,2.916808165804722e-11,4.268674062916958e-15,0.0,0.24396822139485796,0.20049250974758875,0.0,0.06192528314424477,0.0,0.06868752015478877,0.0,0.09648891364466985,0.0,0.11357040250945442,0.21486714940439544
1173,3.6408651179156076e-05,3.009585833163526e-08,0.20005859375,73778,1,1353296388.3118951,0.16291446553339384,2.916807642594409e-11,4.273906166038699e-15,0.0,0.2439812554915552,0.20041003612222982,0.0,0.06191545445670214,0.0,0.06872010153275408,0.0,0.09649516743141658,0.0,0.1135507175632139,0.2149272674021283
1174,3.643636129522812e-05,2.77101160720436e-08,0.20025781249999997,73530,1,1248011176.5794017,0.13833013824889168,2.9168074194935555e-11,4.276137174580551e-15,0.0,0.24401162563882495,0.20036671478172666,0.0,0.06188311941637733,0.0,0.0687297624156361,0.0,0.09648695041548004,0.0,0.11354503959739398,0.21497678773456091
1175,3.646640910305527e-05,3.004780782715543e-08,0.19936132812499996,80070,1,1247523323.7453754,0.14994136436718097,2.916823157050846e-11,4.118761601678375e-15,0.0,0.24329646429516133,0.2007778746583328,0.0,0.06219078502640268,0.0,0.06898984060427342,0.0,0.09610768763531982,0.0,0.11342862461179745,0.21520872316871262
1176,3.649646866129056e-05,3.005955823528466e-08,0.19963671875,79805,1,1189366056.228396,0.14300727292107332,2.916821607843185e-11,4.1342536782796575e-15,0.0,0.24332283248870015,0.2007161445594537,0.0,0.062183262566771674,0.0,0.0689631557320915,0.0,0.0962001291408222,0.0,0.1133210714774884,0.21529340403467234
1177,3.65279980628601e-05,3.152940156953563e-08,0.19983593749999995,79503,1,1303270736.6895287,0.16436538564363473,2.916820176733268e-11,4.148564777445359e-15,0.0,0.24331482857031156,0.2006235583877399,0.0,0.06214081864029086,0.0,0.06900191563391844,0.0,0.09623128347472536,0.0,0.11328628953438366,0.2154013057586301
1178,3.655677182332621e-05,2.8773760466113664e-08,0.20003710937499997,79238,1,1303723364.5549283,0.15005209522311716,2.916819006226788e-11,4.160269842251244e-15,0.0,0.24328493736513734,0.2006268368173874,0.0,0.06212714437750808,0.0,0.06900086897938859,0.0,0.09623214442632716,0.0,0.11325047110399439,0.2154775969302571
1179,3.6585535594091955e-05,2.8763770765742115e-08,0.20023632812500003,78966,1,1342248693.3780913,0.1544325349077772,2.91681776353159e-11,4.172696794237543e-15,0.0,0.24324772485637092,0.20060280332809868,0.0,0.06212385755113587,0.0,0.06900049745905718,0.0,0.09625345051257793,0.0,0.11325484534875783,0.21551682094400174
1180,3.661347378481995e-05,2.7938190727995595e-08,0.20043164062499996,78710,1,1305520727.777947,0.14589554836804763,2.916816593448767e-11,4.184397622457685e-15,0.0,0.2433030276454137,0.2005437483555997,0.0,0.06213153253232769,0.0,0.06899172683953576,0.0,0.09628633515557244,0.0,0.11321269525730601,0.21553093421424466
1181,3.664219795533835e-05,2.8724170518400444e-08,0.20059570312499997,78470,1,1341765954.7297652,0.1541644563177686,2.916815378758188e-11,4.196544528255365e-15,0.0,0.2433377148142739,0.20054525096149164,0.0,0.0620807166155494,0.0,0.06899371987731853,0.0,0.09633416094639989,0.0,0.11318825763107933,0.21552017915388738
1182,3.6670146197628906e-05,2.7948242290551023e-08,0.200763671875,78259,1,1224649014.7765114,0.1369071495434342,2.9168140840003773e-11,4.209492106356107e-15,0.0,0.24333842457024452,0.20051366364759562,0.0,0.06208714770748412,0.0,0.06898463873296301,0.0,0.0963703047932212,0.0,0.11313247268729754,0.2155733478611941
1183,3.6700767216016647e-05,3.062101838774063e-08,0.20094531250000003,77995,1,1276875435.9057775,0.15639690480690058,2.916812878890481e-11,4.22154320532435e-15,0.0,0.24337117530422608,0.2004879281520936,0.0,0.06206018428521441,0.0,0.06901947824734651,0.0,0.096322071459119,0.0,0.11309824656895143,0.21564091598304885
1184,3.673013578161475e-05,2.9368565598098934e-08,0.201134765625,77767,1,1272286733.238319,0.14946094553880226,2.9168115605440424e-11,4.23472666970335e-15,0.0,0.243374991503287,0.20042532117575088,0.0,0.06208912323632515,0.0,0.06902244103281188,0.0,0.09631873840805585,0.0,0.11307911168079549,0.21569027296297374
1185,3.6759610269574355e-05,2.947448795960656e-08,0.201298828125,77470,1,1275178370.6387126,0.1503409181269658,2.916810757362087e-11,4.2427584892622666e-15,0.0,0.24340949885994276,0.20037840197933343,0.0,0.06206762722553728,0.0,0.06904380730606899,0.0,0.09631785766264009,0.0,0.11309367874642216,0.21568912822005532
1186,3.6789017920192846e-05,2.940765061849109e-08,0.20145117187499995,77188,1,1310540434.0255344,0.15415966082091437,2.916809989253803e-11,4.25043957209821e-15,0.0,0.2433902446118496,0.20035290809846523,0.0,0.06204977555432749,0.0,0.06903037530418933,0.0,0.09632258127066307,0.0,0.11309541122519222,0.2157587039353131
1187,3.681763206976533e-05,2.861414957248801e-08,0.20163281249999998,76927,1,1310521504.2026627,0.14999783335686787,2.916809085814395e-11,4.2594739661797145e-15,0.0,0.2434422100817544,0.20029834553837805,0.0,0.062013251191444844,0.0,0.06902630865202061,0.0,0.0963714208221938,0.0,0.11310976791041882,0.21573869580378935
1188,3.6846246632654796e-05,2.861456288946243e-08,0.20179296874999997,76642,1,1323958648.1229978,0.1515379919990527,2.916808330813178e-11,4.267023978353853e-15,0.0,0.24349096962775124,0.2002071275092433,0.0,0.06199306993941037,0.0,0.06906831336262802,0.0,0.09641108035385898,0.0,0.11307806964904471,0.21575136955806348
1189,3.6874570780129615e-05,2.832414747482067e-08,0.20194335937499996,76414,1,1261657653.3822217,0.14294150974853692,2.9168074702170675e-11,4.2756299394521626e-15,0.0,0.24351274239566714,0.2001837613037381,0.0,0.061975917597562755,0.0,0.06909425020552253,0.0,0.09645534116736787,0.0,0.11307123168431744,0.21570675564582428
1190,3.690429358163561e-05,2.972280150599562e-08,0.202171875,76165,1,1261678892.9772995,0.15000252520107424,2.9168065153432487e-11,4.285178677649503e-15,0.0,0.24357562408223202,0.20015070716438674,0.0,0.061973490996213,0.0,0.06908377772625397,0.0,0.096462245923178,0.0,0.11304003400571914,0.21571412010201718
1191,3.693401588277636e-05,2.9722301140750485e-08,0.20235156249999997,75941,1,1261607835.0743725,0.1499915519824431,2.916805554173072e-11,4.294790379410091e-15,0.0,0.24361993745415234,0.20010810393421102,0.0,0.06195706729469905,0.0,0.06909964866221381,0.0,0.09643450059843248,0.0,0.11298791552449712,0.2157928265317941
1192,3.696373985797487e-05,2.9723975198512733e-08,0.20254101562500004,75692,1,1261575856.9394696,0.149996197930845,2.916804862297955e-11,4.301709130585454e-15,0.0,0.2436331375782297,0.20003664381249942,0.0,0.061928043123981445,0.0,0.06914108832123124,0.0,0.09644072863328222,0.0,0.11298830290932585,0.21583205562145014
1193,3.6993464586609875e-05,2.9724728635005294e-08,0.20272460937500003,75452,1,1261465569.6935208,0.14998688696616905,2.9168040229245424e-11,4.310102864712709e-15,0.0,0.24358591454308975,0.20005780625270966,0.0,0.06194903415386097,0.0,0.06916518136711788,0.0,0.09640156076882316,0.0,0.11295341779469147,0.2158870851197071
1194,3.702319191401455e-05,2.9727327404671698e-08,0.20292968749999996,75201,1,1261274870.1074488,0.1499773240438756,2.9168032776757313e-11,4.317555352823077e-15,0.0,0.2435611164581328,0.2000866217516843,0.0,0.06191530317613089,0.0,0.06915303176130895,0.0,0.096390760346487,0.0,0.11293551491819057,0.21595765158806543
1195,3.7052923736069166e-05,2.9731822054621086e-08,0.20312695312499995,74953,1,1260985342.8887057,0.14996556731300945,2.916802579059567e-11,4.324541514459362e-15,0.0,0.24352650455284086,0.20001730752588917,0.0,0.06190325093027952,0.0,0.06911472005076874,0.0,0.09643176507918194,0.0,0.11295083701118258,0.21605561484985722
1196,3.7082662384667646e-05,2.973864859847918e-08,0.20332031250000004,74679,1,1261384331.465154,0.1500474615242792,2.9168021591100974e-11,4.328741009159077e-15,0.0,0.24346781940441886,0.20002881844380405,0.0,0.061892411143131605,0.0,0.06914505283381364,0.0,0.09646493756003843,0.0,0.11293948126801154,0.21606147934678196
1197,3.711239162663186e-05,2.9729241964217264e-08,0.20347460937499995,74431,1,1245152655.125742,0.14806977826648302,2.91680166624522e-11,4.333669657930398e-15,0.0,0.24348477140306585,0.1999731231822152,0.0,0.061874274085948214,0.0,0.06916941034181552,0.0,0.09646857812035053,0.0,0.11296902446750302,0.21606081839910152
1198,3.7142508415802755e-05,3.0116789170893304e-08,0.20365429687500003,74170,1,1245625779.3956366,0.15005699593555216,2.916801514597845e-11,4.33518613168215e-15,0.0,0.2435192910780562,0.19994053955558114,0.0,0.061848452589885965,0.0,0.06919469459389475,0.0,0.09643141429544169,0.0,0.11293648281880868,0.21612912506833157
1199,3.717261376575641e-05,3.010534995365508e-08,0.20387109375,73940,1,1245694885.7604651,0.15000832188518878,2.916801245713549e-11,4.337874974639379e-15,0.0,0.24354773811576705,0.19991952635511867,0.0,0.06184016401295242,0.0,0.06923607518537678,0.0,0.09639593033281599,0.0,0.11288344733766358,0.2161771186603054
1200,3.7202717445580945e-05,3.010367982454002e-08,0.20266015625,81000,1,1244644757.039916,0.14987354904488817,2.916815867333036e-11,4.191658779766577e-15,0.0,0.24206356855110736,0.20091170177907136,0.0,0.062315683969083095,0.0,0.06915826603188066,0.0,0.09626838341589407,0.0,0.11302789074998554,0.21625450550297798
