step,t,dt,f,band,band_ok,dG,disp,mol_bulk,mol_face,v1,v2,v3,v4,v5,v6,v7,v8,v9,v10,v11,v12
1,1.8749999999999998e-07,1.8749999999999998e-07,0.12980468749999996,238593,1,931030563.2568746,0.6982729224426559,2.91640458760149e-11,8.304456095225557e-15,0.09160397231417393,0.0967198314775805,0.07306650616912427,0.06716822148660848,0.10537165212157687,0.060803490821546784,0.09321396328618717,0.10108335841107431,0.07943123683418596,0.06190189587721937,0.08784231116461028,0.08179356003611193
2,2.277779473412986e-07,4.027794734129863e-08,0.13109179687500006,239698,1,1203440627.1028678,0.19388847282731486,2.916398387190754e-11,8.366460202589871e-15,0.09168789761468436,0.0968429207824908,0.07364531652736184,0.06737287504283436,0.1050671195935577,0.06086205098407305,0.09310329414919769,0.10088052563357618,0.07930690266541515,0.061741086726560285,0.08787377642694318,0.08161623385330531
3,2.589386038418827e-07,3.116065650058411e-08,0.13201367187500002,240554,1,1203906152.8647718,0.15005802435343546,2.916395141309866e-11,8.398919011474864e-15,0.0915210604962199,0.09687680312467635,0.07353049962273082,0.06749419301386278,0.10488082732908226,0.06101404033081326,0.09305972688671567,0.10073826397005517,0.07919693450311431,0.0618277581334793,0.0882218046781376,0.08163808791111242
4,2.9008721115713427e-07,3.114860731525156e-08,0.132873046875,241352,1,1198619376.641914,0.14934129713388236,2.916392385484528e-11,8.426477264845192e-15,0.0915024033161353,0.09708809219326484,0.07355470300304273,0.0676603313195455,0.1048639590774794,0.060957504666990056,0.09310461407299614,0.10065999323837663,0.07906689597389426,0.06164836618600344,0.08835677852743604,0.08153635842483575
5,3.213732063035343e-07,3.128599514640007e-08,0.13375390625000005,242154,1,1196998031.0945132,0.14979709836429353,2.9163895879920755e-11,8.45445218936591e-15,0.09168832685961273,0.09704739931660875,0.07365439093484419,0.06762360912356531,0.10480126164539587,0.06083350369440144,0.09317776934084869,0.10052276510615928,0.0791010776554423,0.06162203206682047,0.08834438246546537,0.08158348179083555
6,3.52701578636537e-07,3.132837233300265e-08,0.13466015625000005,242999,1,1206101933.0740738,0.15114084172359535,2.916386684349527e-11,8.483488614864322e-15,0.09168044556609521,0.09706146839555595,0.0737388680996722,0.06769065645577699,0.10490818901749195,0.06080120674150785,0.09321788066022685,0.10048443709569808,0.07910538682447132,0.06156992428857367,0.08825747686595307,0.08148405998897688
7,3.8379347806200365e-07,3.109189942546664e-08,0.1354609375,243812,1,1217971933.0574253,0.15147624338265062,2.916383851726782e-11,8.511814842316706e-15,0.09164311667339523,0.09693465597785339,0.07377876463463867,0.067795143895265,0.1050521944748832,0.0608310744564277,0.09322913662840994,0.1003373896995213,0.0789982121229598,0.06158082934425284,0.08828363804140954,0.08153584405098332
8,4.1458236488459674e-07,3.07888868225931e-08,0.13631640624999997,244638,1,1044100090.0935715,0.12858671802140093,2.916381063286366e-11,8.539699246471346e-15,0.091555148006992,0.09712869301086052,0.0738172335730865,0.06789981946872223,0.10516663323494854,0.060664240479124276,0.09308823108003551,0.10036679370719545,0.07894661432214803,0.06159555262630025,0.08836003094821904,0.08141100954236753
9,4.5049846177588164e-07,3.591609689128489e-08,0.137314453125,245545,1,1206310621.2383804,0.17330387661353502,2.916378040215098e-11,8.569929959150051e-15,0.09151553943531754,0.09724770642201834,0.07383543133489794,0.06783301329919635,0.10508498684304103,0.06067847237038617,0.09308015077163785,0.10034848161581679,0.07887063508996514,0.06161723917217836,0.08850010667804564,0.08138823696749875
10,4.815849823948438e-07,3.1086520618962184e-08,0.13821093750000002,246358,1,1159329959.8780372,0.14415813880771686,2.916375137354557e-11,8.598958564562794e-15,0.0915719857554689,0.09722457746876945,0.07380871629642191,0.0678876264767396,0.10516646882595672,0.06066644056299814,0.09319710587304281,0.10024871403538524,0.07879712848340965,0.061542592278559724,0.08860437510598611,0.0812842688372619
11,5.139312524799756e-07,3.234627008513179e-08,0.13908789062500004,247167,1,1064553138.2319767,0.13773729331690468,2.9163723080495e-11,8.627251615127903e-15,0.09151418982489153,0.09735581986435062,0.07386291828739136,0.0679089492087119,0.10510721357055595,0.06069116593880332,0.09324140255290467,0.10022046536446998,0.07879179363318496,0.0616039206324688,0.08866358670467471,0.0810385744175923
12,5.491573005307854e-07,3.5226048050809817e-08,0.13998828124999996,248083,1,1230012077.2503402,0.17331385814518752,2.916369242077132e-11,8.657911338811882e-15,0.09145575801545888,0.09741328794262911,0.07391801769121299,0.06796048776404275,0.10505901721684291,0.060761224432848725,0.09329743003041549,0.10009208360074781,0.07888495130730808,0.061486731590255875,0.08870720205374333,0.08096380835449395
13,5.796448060549835e-07,3.048750552419799e-08,0.14078710937500005,248845,1,1095569388.2761896,0.1336047111088502,2.9163664842189295e-11,8.68548992083701e-15,0.09157498994215,0.09737386068837312,0.07392866556608355,0.06797719295811772,0.10490684349985432,0.06079103255968814,0.09323973752479779,0.1000652026136537,0.07893678121054894,0.06147080448926931,0.08881428353425912,0.08092060541320421
14,6.138735828000182e-07,3.422877674503476e-08,0.14174023437500005,249631,1,1124062750.7664049,0.1539011717735717,2.9163638971537393e-11,8.711360572735701e-15,0.09155172176213638,0.097463173995122,0.07399649997933058,0.06815394579101845,0.10480770555731628,0.06076807540202009,0.0932052748343002,0.1000537404748453,0.07891582036901792,0.061415717021950915,0.08886469801987018,0.0808036267930716
15,6.472347096360706e-07,3.3361126836052406e-08,0.14257421874999998,250470,1,1227414142.7827885,0.1637916755909646,2.916360863880787e-11,8.741693302264457e-15,0.09155045343708049,0.0975095208087893,0.07402942546371136,0.06824844516288119,0.1047288966821009,0.06076878818597772,0.0932354311077016,0.10001643880654268,0.07887887339379163,0.0613852434313269,0.08879695334118745,0.08085153017890903
16,6.77786744758446e-07,3.055203512237536e-08,0.14341210937500004,251184,1,1088104190.5013847,0.1329751897800085,2.9163583747215835e-11,8.766584894300549e-15,0.09147861140997182,0.09748457651817452,0.07410080760483202,0.06836722186661584,0.10468901085431791,0.0607133615699947,0.09316736350388823,0.10001770465904915,0.07890830348509405,0.06140792896346032,0.08879567461560463,0.08086943494899697
17,7.122503561730114e-07,3.446361141456542e-08,0.14439453125,251992,1,1091686802.4572887,0.15049387898518982,2.916355631373037e-11,8.794018379751754e-15,0.09139726768564858,0.09748410658731231,0.0741376978222643,0.06825375355065602,0.10457189233058298,0.060827810090626266,0.09316921412146625,0.09997294738265926,0.07889895847423238,0.06146354659813337,0.08898958474232381,0.08083322061409441
18,7.466008676160287e-07,3.435051144301724e-08,0.14533593749999996,252820,1,1227760546.7915134,0.16869681084738794,2.9163527165271933e-11,8.823166838199835e-15,0.09135623286566683,0.09761866365639951,0.07419502230822986,0.06833575229801646,0.10456646777401495,0.0606756974681503,0.09303606945116379,0.09987636402730743,0.07895231951835725,0.061414825565768966,0.08913884857281085,0.08083373649411385
19,7.771442826964352e-07,3.054341508040646e-08,0.14618750000000003,253485,1,1081272149.3462577,0.13210297628946402,2.916350324833399e-11,8.847083776140813e-15,0.0913985677640017,0.09769132107738349,0.0741903591278324,0.06840530141085933,0.10457193244976484,0.06072306541256947,0.09293501496365968,0.09980226592560922,0.07887986318939716,0.061404446344591704,0.08915401881145789,0.08084384352287301
20,8.118256531753407e-07,3.46813704789055e-08,0.1471328125,254275,1,1143919139.3253,0.1586907338754058,2.916347567523806e-11,8.874656872067122e-15,0.09131577550045136,0.09775394254765574,0.07420485318324219,0.06843041469760529,0.1045372484468752,0.06081081081081082,0.09272288005097437,0.09986459937344025,0.07891732597037118,0.06148781394360964,0.08923166781712953,0.08072266765783467
21,8.446076905684015e-07,3.278203739306087e-08,0.14801757812500005,255033,1,1229192838.2034492,0.16118178234107242,2.9163448217848205e-11,8.90211426193128e-15,0.09111301708781422,0.0978689714323415,0.0743154977898001,0.06839084251500957,0.10449297354357723,0.060790393877416374,0.09282839612060434,0.09983505970838556,0.0788150689450419,0.0615161311605199,0.08935805238503661,0.08067559543445273
22,8.751155155690816e-07,3.050782500068e-08,0.14882812499999998,255746,1,1086096006.7016864,0.13253770762556968,2.916342179363646e-11,8.928538473668335e-15,0.09120734908136482,0.09791338582677164,0.07439632545931758,0.06822834645669291,0.10454068241469816,0.0607742782152231,0.09288713910761155,0.0996719160104987,0.07879265091863516,0.06149606299212598,0.08938320209973752,0.08070866141732283
23,9.096428499562891e-07,3.45273343872076e-08,0.14972070312499997,256514,1,1065087880.9948314,0.1470985816754837,2.916339520661137e-11,8.95512549875794e-15,0.09128977131899241,0.0979427840901679,0.07443547229868114,0.06829121932765436,0.10450448099977824,0.0606076418331007,0.09284214096560002,0.0994951537367755,0.07897517513077737,0.06148166507951003,0.08934604797996269,0.08078844723899971
24,9.44851212260603e-07,3.520836230431391e-08,0.15076171875,257223,1,1222383789.6059709,0.172152525357469,2.9163369789126775e-11,8.980542983363239e-15,0.09134602927840395,0.09797901282549554,0.07436196398497215,0.0683508226454204,0.10430107526881721,0.06061666018914368,0.09288767975126312,0.09944293302241224,0.07902578054152093,0.061458738178520544,0.0894416375178132,0.08078766679621714
25,9.755289751030634e-07,3.0677762842460414e-08,0.14941992187499997,229930,1,1105956275.7767951,0.1357130573696451,2.916359151254093e-11,8.758819569205e-15,0.09129053762597547,0.09782622903676982,0.07441538240330446,0.06827183247715776,0.10449263427578004,0.060246003424702314,0.09284603218174452,0.09973465092872177,0.07923872266447068,0.061370142347358936,0.08966968615609847,0.08059814647791591
26,1.009436283033172e-06,3.390730793010869e-08,0.15083398437499995,230622,1,1167621075.8938804,0.15836354946407447,2.9163563896438346e-11,8.786435671782214e-15,0.09113392984318955,0.0979061727116164,0.07433928548305643,0.06830512644541416,0.10453597834954094,0.06034159037642274,0.09295971616144612,0.09978375438641925,0.07911740712445128,0.06139044634648503,0.0894764784337084,0.08071011433824957
27,1.0415528667213276e-06,3.211658368815552e-08,0.15206445312500005,231254,1,1166635353.651329,0.1498733678764153,2.916353346334267e-11,8.816868767455044e-15,0.0911157635151624,0.0979616476360507,0.07439279705100377,0.068227648124125,0.10446074212980207,0.06032855106156158,0.09297815225349038,0.09982403637437867,0.0790423468666915,0.061535892726408664,0.08944603568079941,0.08068638658052583
28,1.0736965865928647e-06,3.214371987153715e-08,0.153236328125,231923,1,1166863196.3312025,0.15002929484510652,2.916350209295906e-11,8.84823915107314e-15,0.0910689932064698,0.09788801509106901,0.07435920313037717,0.06833042303427357,0.1044521202697019,0.06038976764342252,0.09282791847763745,0.09990185706820298,0.07898594134366597,0.06153689282027099,0.08956498464126848,0.08069388327364035
29,1.1058340300548795e-06,3.2137443462014886e-08,0.15431835937500005,232594,1,1167229158.7853658,0.15004704439071956,2.916347020677869e-11,8.880125331432873e-15,0.09112655199908874,0.09797369986457583,0.07439470453481162,0.06852210451709256,0.10440318436673376,0.06038399716495173,0.09280986191796081,0.09974560504233589,0.07902697092809863,0.06145979673716319,0.08950652440799384,0.08064699851919355
30,1.1379613974340692e-06,3.21273673791897e-08,0.15533593749999997,233336,1,1175060794.29174,0.15100643932437274,2.916343546587972e-11,8.914866230414737e-15,0.0910828345823065,0.09808630488356888,0.07441030025650054,0.06851330282150582,0.10444852386460796,0.060340491877483284,0.092742543881708,0.09964542574058241,0.07894935371925765,0.06152240607554193,0.08952371372529297,0.08073479857164413
31,1.1698746398655834e-06,3.191324243151426e-08,0.15626171874999994,234002,1,1180279465.9872468,0.1506661789399568,2.916340356680949e-11,8.946765300638587e-15,0.09095567832412568,0.09806764492663049,0.07450691198160138,0.068469864760143,0.1046296527760418,0.06028297877659176,0.0926930480213984,0.09959253056020798,0.07895657825663074,0.061545384096192784,0.08961827862910282,0.08068144889133315
32,1.2016467761101407e-06,3.177213624455718e-08,0.15720703125000002,234639,1,1167278600.3144255,0.1483477388981837,2.916337374706516e-11,8.976585044979204e-15,0.09095539818611005,0.0981985339793763,0.07445645421791526,0.06839358926574729,0.1046092682320785,0.06020623679960242,0.09266989688160018,0.09949061995278916,0.07906572244999377,0.061597714001739336,0.08962604050192569,0.08073052553112187
33,1.233772782694943e-06,3.2126006584802255e-08,0.158076171875,235308,1,1170445215.8345363,0.15040692284420246,2.916334248849698e-11,9.007843613145895e-15,0.09109779452647185,0.09839995057762402,0.07441774263297708,0.06846234632729968,0.10447890282325321,0.060221165132513736,0.09255575461790326,0.09951195403719032,0.07907580156916043,0.061604991659974045,0.08955334527707419,0.0806202508185581
34,1.2658118730279853e-06,3.203909033304238e-08,0.15896484374999997,235958,1,1166263362.749093,0.14946406892494388,2.916331274495194e-11,9.037587158196762e-15,0.09099397960437401,0.09847647131097188,0.074468607937093,0.06848507187615187,0.10443543432854159,0.060277675390097075,0.09265266003194496,0.09944710652414303,0.07921120530777738,0.06146946799361101,0.08958102961051728,0.08050129008477701
35,1.2979658454477359e-06,3.215397241975066e-08,0.15976953125000004,236574,1,1165059003.356197,0.14984510024518943,2.9163283668880255e-11,9.066663229871175e-15,0.09098799540353537,0.0985183736338965,0.07442360822473779,0.06847020855235814,0.10443509938632307,0.06021857656292023,0.09268722036136036,0.09945967091269164,0.07930123957849441,0.06145326520133982,0.08945991540549132,0.08058482677685143
36,1.330153056474794e-06,3.2187211027058176e-08,0.16057617187499995,237227,1,1163282979.6265228,0.14977133899769565,2.9163254347437096e-11,9.095984673032313e-15,0.09094447485252083,0.09860731010156297,0.07457276652678951,0.06845466155810982,0.10440917107583773,0.060147175089703825,0.09268381682174784,0.09938575685702122,0.07930426321230918,0.061387824606215405,0.0894483974943745,0.08065438180380709
37,1.3623894088127605e-06,3.2236352337966415e-08,0.16138476562500004,237869,1,1168522310.8490982,0.15067558770922498,2.916322554841944e-11,9.124783690695441e-15,0.09091239153323893,0.0987667767974924,0.07458640428905106,0.06848685086349829,0.10434593181570635,0.06006365803773494,0.09278824625736727,0.09931137978191677,0.07919737622384393,0.0613343983347251,0.0896053443706205,0.0806012416948045
38,1.3944812222525492e-06,3.209181343978866e-08,0.162166015625,238479,1,1138543976.7762296,0.14615176358279136,2.916319771123238e-11,9.152620877748937e-15,0.09098025990918837,0.09876067398138001,0.07460044080983753,0.0684459646629491,0.1045056546507847,0.06001517542063617,0.09273868166544222,0.09925447735128692,0.07918919895458214,0.06125570583771936,0.08959520167652268,0.08065856507967097
39,1.4274180264207823e-06,3.293680416823309e-08,0.16290039062499995,239152,1,1170194022.5442035,0.15416980543750147,2.916316725656452e-11,9.183075545611736e-15,0.0910017385048858,0.09872309813560338,0.0746597925783826,0.06855704094478748,0.1045500869252443,0.059972423715604586,0.09277621245728673,0.09909477849049816,0.07911995683712009,0.06129128949103771,0.0896708830405851,0.08058269887896409
40,1.459463994249663e-06,3.204596782888066e-08,0.16368749999999999,239805,1,1170191931.463214,0.1499997319571435,2.916313847116598e-11,9.211860944150024e-15,0.09099369988545247,0.09871372661321115,0.07478999618174877,0.06864499809087439,0.10444110347460864,0.05993461244749906,0.09280736922489502,0.09902395952653685,0.07912132493318061,0.06140225276823216,0.0896692439862543,0.08045771286750669
41,1.4915100193432644e-06,3.2046025093601355e-08,0.16445312499999998,240400,1,1255001984.443815,0.160871300344024,2.9163111373982196e-11,9.2389581279394e-15,0.09105700712589074,0.09870546318289786,0.07471496437054631,0.06877672209026128,0.10438242280285034,0.059988123515439425,0.09276722090261282,0.09893111638954868,0.07913301662707838,0.06142517814726841,0.08975059382422802,0.08036817102137767
42,1.5213904501830763e-06,2.988043083981181e-08,0.16516406250000004,240888,1,1169938839.2343283,0.13983310629020423,2.916308868587286e-11,9.261646237271277e-15,0.09105529539756871,0.09878908282484272,0.07477177049335415,0.06876448606972234,0.10438247954212194,0.060072844236318056,0.0928290998533655,0.09886003500307458,0.07909985336549831,0.061361808807530394,0.0896717279220472,0.08034151648455608
43,1.55344340777575e-06,3.205295759267385e-08,0.16586328125000005,241467,1,1166062110.2337646,0.14950295747898656,2.916306253145434e-11,9.2878006557936e-15,0.09100115400014132,0.09876121617484279,0.0748098254869174,0.06875721250088317,0.10446056381149761,0.06005510939450319,0.0928028072819764,0.09878476719813477,0.07920209133086833,0.061338640163915124,0.08972939874237536,0.08029721391394457
44,1.585602929700772e-06,3.2159521925021846e-08,0.16667382812499998,242056,1,1165802994.8965182,0.14996666789852287,2.916303707740986e-11,9.313254700271985e-15,0.09093359269718879,0.09878481783985844,0.07476241255258563,0.06889157106530579,0.1043392666721352,0.06010288620410842,0.09299600407794978,0.0986207623891161,0.07923878270855549,0.06141532981004722,0.08973833155606595,0.08017624242708321
45,1.6177695995104758e-06,3.2166669809703705e-08,0.16744531250000005,242643,1,1269899483.0648568,0.1633937494530427,2.9163010851619094e-11,9.339480491043712e-15,0.09073624784211262,0.09871459898287686,0.07498950216955162,0.06891242476554844,0.10439509168105257,0.06015256846918303,0.09296412074837866,0.09857462791023189,0.07922362711706246,0.06131899407455792,0.08981477161386647,0.08020342462557738
46,1.6472994957739936e-06,2.9529896263517717e-08,0.16815429687500005,243224,1,1271058420.748943,0.15013689323834778,2.9162984182421045e-11,9.36614968908158e-15,0.09072536151925198,0.09868168883210407,0.07507985365003775,0.06888901794529298,0.10433823102386898,0.06017771066844764,0.09283930541843312,0.09855392299204367,0.07929612637203089,0.06143213891631336,0.08974969510424531,0.08023694755793019
47,1.6768024669890412e-06,2.950297121504765e-08,0.168884765625,243772,1,1271345180.2350826,0.15003384102746084,2.9162960038292474e-11,9.390293817653987e-15,0.09071459135643987,0.0987868484659242,0.07503267066810071,0.06899582509338607,0.1043032763186807,0.06020654801142606,0.09286565127386692,0.09842833847968638,0.07927696631162613,0.06140929119106269,0.08978940429518094,0.08019058853461936
48,1.7062987836330119e-06,2.9496316643970698e-08,0.16968554687500004,244295,1,1269092209.3539367,0.1497341826300003,2.916293708996107e-11,9.413242149057055e-15,0.09080445216910876,0.09881559410214207,0.07500086326960487,0.06915365047940239,0.10423692722061718,0.060221687634526185,0.09280723765236709,0.0984472657374049,0.07930570103247046,0.06132667272873767,0.08975701838188746,0.08012292959173103
49,1.7358474639602595e-06,2.9548680327247708e-08,0.17041015625,244872,1,1268347881.4089863,0.1499120243659841,2.916291086318833e-11,9.439468921804002e-15,0.09065902578796561,0.0988997134670487,0.07508309455587392,0.06930659025787965,0.10414899713467049,0.06021776504297994,0.09276790830945558,0.09854441260744987,0.07920916905444125,0.06130659025787965,0.08979942693409741,0.08005730659025788
50,1.7654134848837477e-06,2.9566020923488184e-08,0.16829882812499997,236728,1,1267233760.1815193,0.14986823947390965,2.916317053799572e-11,9.179794114412568e-15,0.09051979250078335,0.09882904524829114,0.07542155531571679,0.06922443105989393,0.10443430932237813,0.06010282120019961,0.09294525873574024,0.09846928709860855,0.07963420719748401,0.06133296197008205,0.0894869384581462,0.07959939189267602
51,1.7950054995366942e-06,2.959201465294649e-08,0.16947656249999998,237368,1,1202498196.5460346,0.14233737700932794,2.9163141299607535e-11,9.209032502596034e-15,0.0905706910063154,0.09885677407458626,0.07528926381782142,0.06921587608906098,0.10433089014889595,0.06007698335868713,0.09296777762411837,0.09862628497672059,0.07964550776748258,0.061321624487161754,0.08954501452081316,0.07955331212833631
52,1.8261905774916651e-06,3.118507795497089e-08,0.17074023437499997,238027,1,1158342475.550164,0.14449200159434333,2.9163108468960526e-11,9.241863149601718e-15,0.09050664043285785,0.09878859286882714,0.07520104325146708,0.06918404465848385,0.10439378167217653,0.06006703348242373,0.09282879007995974,0.09870851874306501,0.0798339033848477,0.06134821949461787,0.08959150756700489,0.07954792436426864
53,1.858564422698532e-06,3.237384520686688e-08,0.17195312500000004,238661,1,1141912112.61491,0.14787234389456577,2.916307514101056e-11,9.275191099562609e-15,0.090765561108587,0.09879600181735573,0.07518173557473874,0.06929804634257156,0.10441844616083598,0.06013175829168559,0.09271921853702862,0.09861426624261699,0.07977055883689231,0.061278964107223985,0.08944797819173103,0.07957746478873239
54,1.8914040778573929e-06,3.2839655158860924e-08,0.17315625,239328,1,1143305535.1233165,0.1501830380586667,2.916304042746854e-11,9.309904641589843e-15,0.09068760151597186,0.09878632015881611,0.07509926006136076,0.06927901100884318,0.10434713950550442,0.06009745533297239,0.09281943692474283,0.09867352463454251,0.07975771521386031,0.06124796968056308,0.0896386031402274,0.0795659628225952
55,1.924203709144016e-06,3.279963128662301e-08,0.17422460937499995,239980,1,1143922906.537715,0.1500809982190367,2.9163005468713864e-11,9.344863396271329e-15,0.09062475477282154,0.09879712565720883,0.07506473997511294,0.06940349539813682,0.10439110792237928,0.06007645482775243,0.0928668318330101,0.09858412833649093,0.0797170498750042,0.0612983868255552,0.08960460971043574,0.07957131486609194
56,1.9569856385779673e-06,3.278192943395144e-08,0.17521484374999996,240629,1,1148661171.4841578,0.15062131786845462,2.916297127428699e-11,9.37905782313747e-15,0.09072567160851634,0.09877382677516444,0.07500836027198753,0.06945713967227735,0.10435848846282467,0.06001560584104337,0.09291048935458701,0.098539739159514,0.07964552446772936,0.06140898450562926,0.08968899788206444,0.07946717199866236
57,1.9896323414795264e-06,3.2646702901558985e-08,0.17616406250000005,241257,1,1248931197.6335764,0.16309394301452648,2.916293899265908e-11,9.41133945104806e-15,0.09074681804071134,0.09868508581311809,0.07502550002217394,0.06950419087320946,0.10426182979289547,0.060035921770366756,0.09284225464543883,0.09855204221916715,0.07960441704731917,0.061455053439176906,0.08970464322142889,0.07958224311499403
58,2.0196580146879892e-06,3.002567320846293e-08,0.17699609375000003,241841,1,1158683994.8363252,0.13916106792332741,2.916290821925387e-11,9.44211285626511e-15,0.09072852066827039,0.09864050672022247,0.07511421067731897,0.06947540332369623,0.10432345346604578,0.06007371278497495,0.09270375846924588,0.09856326278387147,0.07961642868177705,0.061430999095142456,0.0896360707113063,0.07969367261812806
59,2.0520223177828096e-06,3.2364303094820275e-08,0.177818359375,242451,1,1152415000.3162582,0.14918843344501115,2.91628769981202e-11,9.473333989932872e-15,0.0907153762507826,0.09868963017475259,0.07510736684863197,0.06946168294102786,0.10429137879902903,0.05998264556308558,0.09275836692551871,0.09864569489142493,0.07952286282306163,0.06144349373373021,0.0896499456300869,0.079731555418868
60,2.0845626786681754e-06,3.254036088536581e-08,0.17859960937499997,243050,1,1168078618.6981137,0.15203879917966492,2.916284590341443e-11,9.504428695699908e-15,0.09067943965093006,0.09867349058976628,0.07516157606377742,0.0695187165775401,0.10429447852760734,0.06003740034775761,0.09271349365178307,0.0985860043961812,0.07955775729142743,0.06142624367092068,0.08960773377951291,0.07974366545279572
61,2.1166666821142754e-06,3.210400344610002e-08,0.179443359375,243658,1,1154274732.8360584,0.14822736000286002,2.9162816153906365e-11,9.534178203768654e-15,0.09076462585034013,0.09871020408163265,0.07503673469387753,0.06957278911564625,0.10426122448979591,0.06010340136054421,0.0927673469387755,0.0985034013605442,0.07951020408163263,0.061398639455782306,0.08966530612244897,0.07970612244897958
62,2.1491546149548933e-06,3.248793284061787e-08,0.18017382812500005,244318,1,1166012856.0080273,0.15152538942914334,2.916278313957079e-11,9.567192539349603e-15,0.09081941267656017,0.09878697872063655,0.07500352307342086,0.06958341011826687,0.10418541122396992,0.06007653199492677,0.09287905559951869,0.09844009149150669,0.07948053637437803,0.061442400459625575,0.08968118895597783,0.07962145931121205
63,2.1813154953489443e-06,3.216088039405102e-08,0.18097265625000003,244886,1,1287862450.4854918,0.16567516093621343,2.9162755264125374e-11,9.595067984756055e-15,0.09082863864965789,0.09876103520473138,0.07502859979710333,0.06955686503054243,0.10413563858490363,0.060124328174577475,0.09285760538755423,0.09840488678797298,0.07962615208616634,0.06141941332642622,0.0896414772604632,0.07961535970990094
64,2.210433511784522e-06,2.9118016435577758e-08,0.18170703124999998,245406,1,1290697724.0927234,0.15033023017397892,2.916272855798018e-11,9.621774129956329e-15,0.09081626072188662,0.09868435195734893,0.07501558569985167,0.06963045768213771,0.10414472128469163,0.06010705763484318,0.09276178601371542,0.09852312057957308,0.07966979813831504,0.06140765741556851,0.08966614356041877,0.07957305931164951
65,2.2394875647203944e-06,2.9054052935872383e-08,0.182443359375,245950,1,1290003203.3487477,0.14991928543015787,2.9162701631686796e-11,9.64870042333582e-15,0.09082442110672191,0.09874640031687917,0.07499116806371842,0.06955283638971856,0.10429178576398927,0.06007857746946292,0.09270856751346203,0.09856440890259179,0.07960518568476947,0.06141674963334084,0.08965753497982037,0.07956236417552538
66,2.2685572599759203e-06,2.906969525552566e-08,0.183095703125,246468,1,1293030594.6603518,0.15035202137139023,2.916267523802298e-11,9.675094087154204e-15,0.09084217824950662,0.09866126193396979,0.07497999893327642,0.06962504666915567,0.10433623126566748,0.060099205290948844,0.09268761000586696,0.09851192063576723,0.07956691023521253,0.06145394421035787,0.08974345298415913,0.07949223958611124
67,2.297558893931728e-06,2.9001633955807793e-08,0.18394335937499995,246960,1,1271360002.2764273,0.14748606964830363,2.916265193695696e-11,9.698395153167658e-15,0.09078456980855606,0.09862071162361039,0.07506981386508671,0.0695908854415528,0.1043863281623292,0.060055851092069366,0.09262149736140755,0.09851453084020854,0.07957187908132388,0.061478673589653754,0.08975461620955841,0.07955064292464352
68,2.3270548666954256e-06,2.9495972763697584e-08,0.18469140625000002,247508,1,1291551060.396949,0.15238221960157255,2.9162624056593043e-11,9.726275517088993e-15,0.0908292971806857,0.09866542585816714,0.07507243924620885,0.0696368520124363,0.10436538990292085,0.06007698652735772,0.0926376345677968,0.09853852498889619,0.07950339459825302,0.061462321016898976,0.08969776442968636,0.07951396967069226
69,2.3560897234268926e-06,2.903485673146723e-08,0.18544921874999998,247998,1,1260846732.8855095,0.14643401699867722,2.916259957200441e-11,9.750760105717899e-15,0.09080568720379144,0.09866245392311741,0.07503949447077407,0.0696787783043707,0.10426540284360188,0.06004212743549235,0.09271195365982093,0.09862032648762503,0.07947340705634542,0.06142180094786728,0.08975250131648234,0.07952606635071088
70,2.3858316413158175e-06,2.9741917888924857e-08,0.18620312500000002,248550,1,1267835666.7058005,0.15083145718325688,2.916257232238157e-11,9.778009728560894e-15,0.09076319543509272,0.09869304355122932,0.07495594528824367,0.06971133674582529,0.10422086095493831,0.06008223546194511,0.09270370059578752,0.09868255433414448,0.07941386254929932,0.06145632290005873,0.08975623059494839,0.07956071158848702
71,2.4154096071238278e-06,2.957796580801021e-08,0.187025390625,249087,1,1269028649.2533262,0.15014114398800107,2.916254640710498e-11,9.803925005151604e-15,0.09074010255124951,0.09870818843531019,0.07504412210073415,0.0697703562141671,0.1042534749417797,0.06000605699844397,0.0927138485959251,0.09870818843531019,0.07948243992606283,0.06139498940025272,0.08970623557546707,0.07947199682529736
72,2.4449597674153737e-06,2.9550160291546078e-08,0.18779882812500004,249613,1,1276380438.7558868,0.15086898623292147,2.9162520119355215e-11,9.830212754905391e-15,0.09073039842750616,0.09864486807483905,0.07510946096325648,0.06982621447068733,0.10427131758759477,0.06002932825808867,0.09276881636558401,0.09865526816635986,0.07944629912743233,0.06129813942362693,0.08974238973302964,0.07947749940199474
73,2.474339722530129e-06,2.9379955114755588e-08,0.18850585937499997,250083,1,1268113907.7280316,0.14902851875778753,2.9162495755147106e-11,9.8545769630232e-15,0.09073201056830545,0.09873076723825311,0.07507641299279905,0.06983370460550173,0.10412889188209086,0.060135730197378646,0.09275242190333108,0.09861679531679013,0.07950059576231674,0.061316893747085946,0.08971662435890794,0.07945915142723929
74,2.5039111985398713e-06,2.957147600974226e-08,0.18928320312500002,250648,1,1268656971.3856928,0.15006423677569716,2.9162468481932236e-11,9.881850177900725e-15,0.09069990610134863,0.09866581366792897,0.07510860256105992,0.06981519507186858,0.10419654741881892,0.06014672954092846,0.09282552392351903,0.09868645073416363,0.07945270500345672,0.06128176818383499,0.08967837132273275,0.07944238647033937
75,2.5334700161287114e-06,2.955881758884007e-08,0.187462890625,244222,1,1267820064.789858,0.1499010481223793,2.916277958118664e-11,9.570750923490329e-15,0.09083047686521292,0.09870703576749568,0.07545243329408947,0.0697221325053917,0.10423938071076569,0.05999103989331223,0.09281003531949034,0.09859242975172172,0.07986997426574012,0.061303799710359354,0.08976776653712716,0.07871349537929384
76,2.5630483459260202e-06,2.957832979730893e-08,0.18844921874999998,244802,1,1292283354.8581629,0.1528943330462702,2.9162747675610126e-11,9.602656500003258e-15,0.09085255892046515,0.09870862093982548,0.07535808303795369,0.06965777418485583,0.10427419522003192,0.05995688493667475,0.09291503430549511,0.09870862093982548,0.07987687332877308,0.06119022448852683,0.08960885517069833,0.07889227452687438
77,2.5920667495594213e-06,2.9018403633401194e-08,0.18951562499999997,245386,1,1252881492.1150312,0.14542648337204775,2.9162714862727416e-11,9.63546938271391e-15,0.09094937752494024,0.0987406216505895,0.07535658339516861,0.06965743259955479,0.10418212548437629,0.05995960095638553,0.09295902382719104,0.09872000989364334,0.07984994640943194,0.06113447110231676,0.08957869568802045,0.07891211146838158
78,2.6219977527995563e-06,2.9931003240134856e-08,0.190603515625,245918,1,1252078227.8981764,0.14990382998449053,2.9162683217599124e-11,9.667114511010072e-15,0.09095287378700467,0.09874063675209296,0.07521339495229994,0.06961850208527601,0.1042330590537868,0.06000676305731178,0.09296129686747481,0.09864841324329585,0.07980407627908884,0.06123640984127309,0.08960026232464724,0.07898431175644796
79,2.6519479581177576e-06,2.9950205318201277e-08,0.19160546874999995,246456,1,1252314851.8235059,0.15002834774058726,2.916265024972808e-11,9.700082382051483e-15,0.09094615808036534,0.09879513159772482,0.0751462763246417,0.06951947972518399,0.10428941305987646,0.05994780942284561,0.09293388513995637,0.09862184257201688,0.07968237140934946,0.0613341216285091,0.08966178059570651,0.07912173044382378
80,2.6818925043677648e-06,2.994454625000729e-08,0.19263671875,246988,1,1245898429.668312,0.1492314526000569,2.916261892589981e-11,9.731406210319215e-15,0.09091554293825407,0.09877319274054547,0.0751698266247592,0.06962384669978708,0.10431917266551759,0.05992091655682855,0.092902767920511,0.09863124809895568,0.07961066612592517,0.061340362972726346,0.08964818006691676,0.07914427658927305
81,2.711991266118338e-06,3.009876175057335e-08,0.19357812500000005,247564,1,1240965368.9925017,0.14940608392807062,2.9162584764941144e-11,9.765567168993138e-15,0.09101824198886108,0.09881749939462425,0.07505650173541044,0.06968883687141818,0.10428606021470659,0.05988174993946242,0.09288481717652755,0.09877714101218822,0.07963717814190006,0.06129429332472354,0.08957542981677294,0.07908225038340462
82,2.742209675863684e-06,3.0218409745346074e-08,0.19447460937500005,248152,1,1243196206.6337306,0.150269649463672,2.916255047864964e-11,9.799853460493121e-15,0.09099034859547458,0.09892438561428529,0.07511223147301925,0.06963875023852327,0.10423717749143828,0.0598969579496038,0.09282823312008516,0.09876369625694228,0.07960149039378937,0.06138333450502657,0.08954414437938758,0.07907924998242462
83,2.7723738605675137e-06,3.0164184703829465e-08,0.195322265625,248691,1,1251080637.9231503,0.15095130976679483,2.9162519352017314e-11,9.830980092816104e-15,0.09100544972751362,0.09887505624718763,0.07509624518774062,0.06963651817409129,0.10438478076096196,0.059917004149792515,0.09282535873206339,0.09879506024698764,0.07954602269886506,0.06148692565371732,0.08938553072346384,0.07904604769761511
84,2.8023479476593353e-06,2.9974087091821414e-08,0.19606054687499996,249251,1,1251287902.1677368,0.15002485022607306,2.916248733884589e-11,9.862993264238027e-15,0.09097157885299303,0.09894105575645278,0.07510235796897881,0.0696930755207555,0.10427064343564149,0.05992050446788799,0.09279459669465946,0.09875178067999561,0.07958518872717492,0.06150443800245061,0.08941753085681839,0.0790472490361914
85,2.8323170698214173e-06,2.996912216208183e-08,0.19673632812499997,249850,1,1245864560.9782495,0.14934986890146243,2.916245397816012e-11,9.896353950009546e-15,0.090897358258297,0.09893873661011228,0.07518192377567533,0.06969194571573231,0.10426987262853797,0.05989337727963149,0.09270418648055674,0.09876996694100011,0.07956000754499698,0.06155129108796871,0.0895074903950203,0.0790338432824708
86,2.8624166498034942e-06,3.009957998207694e-08,0.19756249999999997,250381,1,1258537787.6713247,0.15152583520191681,2.9162425342739376e-11,9.924989370763014e-15,0.09090279974691552,0.09900941157861436,0.07517399557102183,0.06969708952863017,0.10419962037329958,0.059840635874723186,0.09279104713698196,0.09877214489085731,0.07959308763049668,0.06151138880101233,0.08956817462828218,0.07894060423916481
87,2.892213132966218e-06,2.979648316272357e-08,0.19832812499999997,250909,1,1259058035.5228872,0.1500620062253981,2.916239527359731e-11,9.955058512823263e-15,0.09087686126211297,0.09895217836602853,0.07529740802016859,0.06967422989049082,0.10423067832663672,0.05987552194122745,0.09267903568896242,0.09871582762152367,0.07943354604900339,0.061608760734262975,0.08967541164421335,0.07898054045536909
88,2.9219973041020832e-06,2.978417113586526e-08,0.19910351562499995,251457,1,1259771837.9311538,0.15008504005234,2.9162365583866264e-11,9.984748243863505e-15,0.09088590459187175,0.09889053472106414,0.0752886473548425,0.06962851060907779,0.1042465739986855,0.05990720122423754,0.09266144142199899,0.09878262916785198,0.07941848716414396,0.061623880479885415,0.08969894350653808,0.07896724575980223
89,2.9517645991557527e-06,2.9767295053669363e-08,0.199791015625,251975,1,1258314214.3727272,0.14982644195783654,2.916233637317658e-11,1.001395893355493e-14,0.09089576021819674,0.09893150068919672,0.07528374375568221,0.06972129080191214,0.10423978180325144,0.05987701993293774,0.09262608389625879,0.0987555355693938,0.07936026903111651,0.06161711945098883,0.08973243525949967,0.0789594595915654
90,2.981566376463572e-06,2.9801777307819604e-08,0.20058789062500004,252523,1,1249065857.9581444,0.148897530166677,2.9162308103998194e-11,1.0042228111940537e-14,0.09076834694890995,0.09896690392498612,0.07532545934314175,0.06979484133552741,0.10426383384777167,0.05982414971616634,0.09261837762047107,0.09867479381895015,0.07938578981704171,0.061625495370054816,0.08974596157778404,0.07900604667919495
91,3.0115888126394368e-06,3.002243617586464e-08,0.20138476562499996,253084,1,1250405926.228132,0.15016092845642803,2.916227795028999e-11,1.0072381820141771e-14,0.09065164049694983,0.09897293155786596,0.07537654326974368,0.06974172962592984,0.10424890164777081,0.05986868265621818,0.09263982775509413,0.09861408800395698,0.0793723147348922,0.06164350347690309,0.08984666711926215,0.07902316965541321
92,3.041579073572636e-06,2.9990260933198945e-08,0.20217773437499997,253626,1,1297726030.2854435,0.15567656907225957,2.916224863804932e-11,1.010169406081045e-14,0.09060522629570593,0.09895184272810702,0.07536105878375113,0.06976766652176013,0.10425542191952855,0.05986571994396947,0.09266289909674924,0.09858474617205235,0.0793411582862387,0.06161425880307201,0.08990001449065352,0.07908998695841181
93,3.0704757737426643e-06,2.889670017002866e-08,0.202927734375,254114,1,1300738759.2686267,0.1503482317044824,2.9162221422123484e-11,1.0128909986649117e-14,0.09060722432362198,0.09899999037526828,0.07532315036718351,0.06983705329213948,0.10427434335267904,0.05986583123995418,0.09264766744626993,0.09857650218000173,0.07929816456366277,0.06157903348444162,0.08995274256730093,0.07903829680747648
94,3.0993055443117254e-06,2.8829770569061325e-08,0.20361914062499997,254632,1,1302050815.5424776,0.15015130512539526,2.916219281254088e-11,1.0157519569252245e-14,0.09055854507783949,0.09901873327386262,0.07536473770538978,0.069897269143334,0.10426558468341439,0.0598735767795651,0.09265920405168196,0.09849117051787479,0.07929747825002638,0.061542593498508436,0.08996383797108956,0.0790672690474135
95,3.1281062635711934e-06,2.8800719259467805e-08,0.20446874999999998,255155,1,1302343876.4628203,0.15003376146117084,2.9162165946647577e-11,1.0184385462554366e-14,0.09054523918691731,0.09906579550664832,0.07535725202506494,0.06993160629680574,0.10414756228029955,0.05990180345407305,0.09271358703958428,0.09861684242702122,0.07927365123032247,0.06151612410209383,0.08996255540272045,0.07896798104844872
96,3.1569005019269266e-06,2.8794238355733197e-08,0.20520703124999995,255671,1,1203254889.5770922,0.1385872323727369,2.9162136897011114e-11,1.0213435099019883e-14,0.09059067633677878,0.09906154226866921,0.07540974244760436,0.06992747415909999,0.10413454400091371,0.05988616679039841,0.09267508042563721,0.09865227571240934,0.07927398016484877,0.06153275084232768,0.08994346410827479,0.0789123027430377
97,3.188065968466755e-06,3.1165466539828574e-08,0.20603710937499997,256234,1,1309804457.565961,0.1632826679839611,2.9162107662039704e-11,1.0242670070421548e-14,0.09053852935321498,0.09910798077561118,0.0753713586941066,0.06993961570181344,0.10422690087306026,0.05980604980519665,0.09269037169047598,0.09870036306414764,0.07925794617550312,0.06155975391265606,0.08992236304518869,0.07887876690902541
98,3.2166961962716653e-06,2.8630227804909974e-08,0.20676171875000005,256721,1,1313491903.4582076,0.15042228966365323,2.916207995671553e-11,1.0270375394601016e-14,0.0905801893030549,0.09908182350607393,0.07540004912055316,0.0699967882715233,0.10423003532901323,0.059860951049479506,0.09267725907313294,0.09853394041299049,0.0792352307721373,0.06166518675256466,0.08988116604636225,0.07885738036311424
99,3.2452460486927337e-06,2.8549852421068357e-08,0.20755468749999995,257196,1,1315019632.3977652,0.15017446574305504,2.916205476282527e-11,1.0295569284862028e-14,0.09054466066925132,0.09906086498287349,0.07544133699702639,0.07003048895245982,0.1041611774005345,0.05984868445816238,0.09273723039861483,0.09856212594572214,0.07927127639552829,0.061655437196522,0.08984830805134188,0.07883840855196295
100,3.273762733216769e-06,2.8516684524035344e-08,0.2059140625,251617,1,1208776344.6990225,0.13788117472759454,2.9162417382073896e-11,9.932950036236134e-15,0.0905926319383845,0.09907235269567857,0.07548279394468263,0.0699055279432409,0.10414690594528969,0.059803847175323444,0.09266039382327276,0.09883522403915468,0.07949501081306674,0.061729331866297386,0.08994764199263953,0.07832833782296925
101,3.304785841970057e-06,3.102310875328823e-08,0.20700390624999998,252251,1,1211827695.1423552,0.15037864950659163,2.916237860863655e-11,9.971723473581335e-15,0.09053082482592041,0.09900364199045157,0.0754722321816089,0.06988658879474648,0.10419300662351631,0.05981922140660087,0.09268205234653634,0.09884324344724775,0.07948219576170439,0.061791179967165474,0.08986092502783387,0.07843488762666767
102,3.3357308353468547e-06,3.094499337679753e-08,0.20813867187500001,252812,1,1211123420.6405778,0.14991282492082822,2.916234112165114e-11,1.000921045898621e-14,0.09046890688487054,0.09911135717435979,0.07537980800810758,0.06987153621665243,0.10415982433586381,0.059755834357728,0.09266470858708606,0.09900813572681974,0.07950866590970938,0.06179211200465435,0.08979327559188116,0.07848583520226712
103,3.36669382339655e-06,3.0962988049695046e-08,0.20928515625,253383,1,1214590998.626397,0.1504294663029452,2.9162303519922265e-11,1.0046812187867046e-14,0.09049592175747057,0.09906303077813242,0.07537749407394964,0.06999272075704127,0.10417716557478023,0.05970845698714,0.09260503574294938,0.09894171006215353,0.07945573660339325,0.06180823860985124,0.08977732982436494,0.07859715922877353
104,3.397568414137309e-06,3.0874590740759176e-08,0.21035937500000002,253980,1,1216879615.6412065,0.15028264045477835,2.9162264057263013e-11,1.0086274847120138e-14,0.09051660105474262,0.09906781549431774,0.0753175369531308,0.07005310851964644,0.10423011215925128,0.0597099457773156,0.092689222313006,0.09895639901953501,0.07931924533907746,0.06177115056079625,0.08981096338111862,0.07855789942806209
105,3.428384938235496e-06,3.0816524098187183e-08,0.21135742187499995,254557,1,1224329983.047597,0.1509183777068775,2.9162226073469334e-11,1.0124258640793718e-14,0.0904957723051333,0.09899736635401746,0.07532227510049437,0.06998105623065194,0.10426465831908699,0.05976990250889433,0.09260268909116111,0.09901584808021067,0.07926812364274823,0.06180289239014923,0.08990435706695005,0.07857505891050223
106,3.4590139357437132e-06,3.062899750821682e-08,0.21219921875000003,255078,1,1273983856.4604604,0.15608339346014363,2.916219068294881e-11,1.015964916131551e-14,0.09054175947572853,0.09923973270990188,0.0752351674244795,0.06994274984813063,0.1041823905159877,0.05977210389706018,0.09253907184802017,0.09892678975756125,0.07923899637354344,0.061852254109677304,0.08993428198000847,0.07859470205990096
107,3.4884491595966962e-06,2.943522385298283e-08,0.213041015625,255609,1,1221772162.7217245,0.14385254842822773,2.9162156257106194e-11,1.019407500394222e-14,0.09058738322469449,0.09925098783428221,0.07523125865214482,0.07000559237969507,0.104137444190801,0.059710113039412524,0.09246678951566324,0.09893928142504836,0.07926510630105338,0.06187372223291803,0.08989979555726689,0.07863252564701999
108,3.5191422799215706e-06,3.0693120324874465e-08,0.21387304687499997,256132,1,1225375749.7640817,0.15044242132276892,2.9162123006465784e-11,1.022732564435187e-14,0.09060938969708593,0.09923929024775578,0.07525821210377799,0.0700620074335863,0.1041523976512059,0.05974265545236204,0.09246322018574835,0.09892879647132956,0.07918504515858014,0.061879583207766,0.08990621261517949,0.0785731897756226
109,3.54974513786716e-06,3.060285794558915e-08,0.21465625,256708,1,1299295995.8318574,0.15904868315886053,2.916208717886112e-11,1.0263153249012624e-14,0.09054265540835639,0.09925935361770272,0.07526568641723685,0.07014303392051245,0.10411813946717136,0.05976124617848304,0.09243521618867374,0.09897728927063619,0.07921458727616829,0.06191767360605619,0.08987843936526423,0.07848667928373854
110,3.578606921571797e-06,2.8861783704636992e-08,0.21533593750000002,257211,1,1230455319.565459,0.14205254116607308,2.9162054978986035e-11,1.0295353124102987e-14,0.09054711025650329,0.0992907158146791,0.07528208105068389,0.07011210680985379,0.10407974458513225,0.059754018067699456,0.09239741682690565,0.09895512099553751,0.07923665783840655,0.06198527010847876,0.08986685048797302,0.0784929071581468
111,3.6090834446959714e-06,3.047652312417431e-08,0.216134765625,257767,1,1231989165.2114952,0.15018698512920134,2.916202219906818e-11,1.0328133041954039e-14,0.09052873189289812,0.09939364365042788,0.07524782895509709,0.07017829226195317,0.10402942319335629,0.059713901013003674,0.09247160246157182,0.09883337399806617,0.07931430223836762,0.06200016265893133,0.0898238765237979,0.07846486115252889
112,3.6395220240754926e-06,3.043857937952107e-08,0.21692968749999997,258324,1,1229921548.7690594,0.14974825877116207,2.916198849432811e-11,1.0361837782012236e-14,0.0904310872618576,0.09950660856412288,0.07526920445132712,0.07014621673209205,0.10413440414880974,0.0597651888932906,0.09245687326682753,0.09874131162891202,0.07928476248784529,0.061980048258724385,0.08982785320704434,0.07845644109914647
113,3.6700117736351543e-06,3.0489749559661806e-08,0.21764062500000003,258854,1,1231535810.284115,0.1501968737172714,2.9161955949705956e-11,1.0394382404175144e-14,0.09044080694952975,0.0995764232895398,0.07524768468662502,0.07016835379424222,0.1041352573766961,0.059758417689712115,0.09244202742479718,0.09870593725321272,0.07922320338861367,0.06199296431904659,0.08984851748151339,0.07846040634647139
114,3.7004615581130807e-06,3.044978447792659e-08,0.21846289062500002,259392,1,1289414505.7670863,0.15704957521328006,2.916192484247415e-11,1.0425489635977416e-14,0.09039542971578768,0.09956818324050316,0.07517902961923238,0.07016351818905171,0.10412773908612197,0.059801704022243475,0.09238911786004846,0.09870991390485727,0.07926474926913002,0.062027840111575014,0.08986795168658865,0.07850482329486022
115,3.7295445254849197e-06,2.9082967371838936e-08,0.21919335937499995,259906,1,1228722816.840264,0.14293962236479774,2.9161893162630823e-11,1.045716947930778e-14,0.09042387304302886,0.09951259500833132,0.0751779874718205,0.0701346378322507,0.10411041906136669,0.059780623201190444,0.09242873818243381,0.0987462909994921,0.07924118082101454,0.06199934062213193,0.08993379489784098,0.07851051885909807
116,3.7600640205948367e-06,3.0519495109917096e-08,0.21996484375000003,260423,1,1226234128.3158948,0.14969618593100165,2.9161862529423996e-11,1.0487802686133058e-14,0.09042638205679174,0.09949210633801565,0.07516293441778693,0.07019054891584238,0.10412707996661398,0.05978405640105841,0.09245973255669408,0.09877288629219869,0.07920299763811688,0.06195059579833425,0.0899202642467724,0.07851041537177461
117,3.790645456173948e-06,3.05814355791111e-08,0.22086132812500003,260966,1,1224435640.3614943,0.14977999862593075,2.9161830732412355e-11,1.0519599697775062e-14,0.09051918536270459,0.0996011708421397,0.07509661216296282,0.07025937160088785,0.10422617415834666,0.05970941183753238,0.09238510448262748,0.09877875151440116,0.0791202766158771,0.06191137326341294,0.08984710075078925,0.07854546740831791
118,3.8212718106868965e-06,3.06263545129483e-08,0.22174804687500005,261452,1,1249416980.7482414,0.15306034954757264,2.916180084506105e-11,1.0549487049077204e-14,0.09046549522173777,0.09956401109789932,0.07507816972739684,0.07026027216276919,0.10410886510767604,0.05965561280662351,0.09245607081516712,0.0988241511428194,0.0792266701898093,0.06193684766811996,0.08987536882899547,0.07854846523098603
119,3.851285809678284e-06,3.0013998991387385e-08,0.22258398437500004,261948,1,1243611716.9744322,0.14930304327579258,2.9161770543635287e-11,1.0579788474844872e-14,0.09041531023226836,0.0996025025666225,0.07509454823056606,0.07026842045225204,0.10409518878934391,0.05963338978440371,0.09238086045470899,0.09896194378877354,0.07920114423102236,0.061914832006879424,0.08985372445442819,0.0785781350087309
120,3.8814399160509975e-06,3.0154106372713575e-08,0.22345507812499998,262476,1,1243579423.8319259,0.14999610491658302,2.916173964875584e-11,1.0610683354288398e-14,0.09042994869284758,0.09961628892831857,0.07508150582559064,0.07026545114457777,0.10403027733832128,0.05963691667613561,0.09240531776346267,0.09892578381071418,0.0792594988156526,0.06194442744888951,0.08986181157076802,0.07854277198472148
121,3.911594805462442e-06,3.015488941144482e-08,0.2243515625,262936,1,1254288534.0186446,0.1512917281335019,2.9161711626977286e-11,1.0638705132842031e-14,0.09031235853327298,0.09956645889194554,0.0750687745934464,0.07035902078907964,0.1041543336699516,0.05964237211407878,0.09227983424452416,0.0988874186022217,0.07927360100289028,0.06199289619389212,0.08992060451997076,0.07854232684472613
122,3.941492232555914e-06,2.9897427093471753e-08,0.22518554687500003,263433,1,1243143470.1942365,0.14866716506743066,2.9161680834034224e-11,1.0669498075912867e-14,0.09027277852465417,0.09958801335704065,0.07507697645171084,0.0703586452144499,0.10413287653410817,0.05963831909449673,0.09233704844095582,0.09887679431024765,0.07924888329936251,0.061988811310117534,0.08997788282232536,0.07850297064053081
123,3.971657696880108e-06,3.016546432419483e-08,0.22600390625,263939,1,1256234067.7631104,0.15157953581578504,2.9161650465596665e-11,1.0699866513466932e-14,0.09022244499369135,0.0995903693589367,0.07516808683478231,0.07035449470245606,0.10419655357173722,0.05962113486699968,0.092261956202361,0.09886444164059664,0.07926439324541543,0.061937189968370304,0.09005824705740013,0.07846068755725323
124,4.001508821732003e-06,2.985112485189457e-08,0.226830078125,264435,1,1245585657.8333972,0.14872853194285587,2.916162084440035e-11,1.072948770978052e-14,0.09015214789429725,0.09953761505807796,0.0752903897982555,0.07034795112668658,0.10409258031462842,0.05958480070950688,0.09229616745739946,0.09886599447204594,0.07930289227378011,0.06200435692328887,0.09011770581296229,0.07840739815907076
125,4.0316151414091485e-06,3.010631967714564e-08,0.22559765624999994,259738,1,1253818345.1090474,0.1509914236596908,2.916203467041737e-11,1.031566169276273e-14,0.09008190050733295,0.09966581822589303,0.07532942011670389,0.07042058421207556,0.10389070697626096,0.05977178674700881,0.09236749606081068,0.09887798036465638,0.07933786989420462,0.062031409623742484,0.09006458538950357,0.078160441881807
126,4.061523780205416e-06,2.99086387962672e-08,0.22661132812499996,260263,1,1232758087.0573907,0.14748046539590726,2.916199428551047e-11,1.035604659966518e-14,0.09003232062055591,0.0996250808015514,0.07532859297565181,0.07040723981900453,0.1039431157078216,0.05978021978021979,0.09242835595776773,0.09893557422969189,0.07926739926739927,0.062038353803059686,0.09005817711700066,0.07815556992027581
127,4.091943373792924e-06,3.0419593587508295e-08,0.22769335937500002,260785,1,1232674124.618311,0.14998978358690632,2.9161954828974815e-11,1.0395503135314111e-14,0.09011056879884027,0.09957196407586273,0.07529658000154403,0.07046723680937392,0.1040324586760909,0.0597706276430575,0.09240086121857283,0.09893720138275333,0.07924240214789972,0.06202660856586522,0.08997332281114095,0.07817016786899872
128,4.12236503938245e-06,3.042166558952603e-08,0.22874414062500004,261363,1,1220698804.5687673,0.14854276327250096,2.9161912784891784e-11,1.043754721834645e-14,0.09010647472185934,0.09945609945609944,0.0752153829076906,0.07047653201499354,0.10410956564802719,0.059735136658213575,0.09237770776232314,0.09898648360186821,0.07927115619423311,0.06198929275852352,0.08998693614078229,0.07828923213538598
129,4.153085148110047e-06,3.072010872759682e-08,0.22975390625000003,261874,1,1221596777.0285084,0.15011034324639055,2.9161873582684675e-11,1.0476749425452299e-14,0.09005899654861689,0.09937603073941208,0.07518234524032168,0.07055783191934305,0.10406855160922862,0.05967662410527568,0.09245626264515362,0.0990614958260367,0.07930530288862063,0.0619038713297176,0.09007599843582638,0.07827668871244707
130,4.183782675072436e-06,3.069752696238888e-08,0.23066992187500002,262436,1,1178208280.070856,0.14467232177913975,2.916183237260598e-11,1.0517959504157458e-14,0.08998924667451293,0.09945555997730794,0.07523094248240941,0.07055705612897216,0.10401937292024757,0.0597105916022455,0.09242779607630627,0.09904913507700905,0.07931212585624413,0.0619543957393123,0.09004851697247318,0.07824526049295953
131,4.2156106639215254e-06,3.1827988849089386e-08,0.23155664062500003,262992,1,1194821744.4241233,0.15211509263272213,2.916179218330765e-11,1.0558148802485545e-14,0.09004951204905658,0.09947114046408057,0.07517902780940813,0.07059895240264176,0.10408495491620064,0.05968437123071602,0.0924702885531854,0.09904096763582075,0.07926145229720725,0.062020800121460565,0.0899651644356723,0.07817336808455004
132,4.246996098757309e-06,3.1385434835783085e-08,0.23248437499999997,263567,1,1321615376.6628616,0.16591789312888464,2.916175242356871e-11,1.0597908541419361e-14,0.09002621143894078,0.09949425364607835,0.07520666711472544,0.07059446199341353,0.10408965656294104,0.0596730291014181,0.09247093218630284,0.0990994018415216,0.07924759728476376,0.06204213992875864,0.08993379931447006,0.07812184958666576
133,4.275370465961396e-06,2.8374367204087157e-08,0.23325390624999998,264096,1,1205528171.9688072,0.13682439610525948,2.9161714938597065e-11,1.0635393513068635e-14,0.08997203289066033,0.09952606635071089,0.07524324686416693,0.07063788454775342,0.10406444157888567,0.059652002076599736,0.09245892854152363,0.09920787768157688,0.07917036491216319,0.062113777569373495,0.08983805871418284,0.07811531827240299
134,4.3064771633177556e-06,3.110669735636033e-08,0.23412304687499996,264665,1,1199235927.1962454,0.14921707618467112,2.916167729348219e-11,1.0673038627939919e-14,0.08998006189987569,0.09948194308882048,0.07525590009259954,0.07063426516838935,0.10407020880780171,0.059664138949370574,0.09244104078551109,0.09911488183130197,0.07916843940569446,0.062133460136313205,0.08987995428418882,0.07817570555013305
135,4.337747073724521e-06,3.12699104067647e-08,0.23503125000000002,265217,1,1192821437.786164,0.14919767796336644,2.91616400768031e-11,1.0710255307023311e-14,0.09003955591011834,0.0994964100518548,0.07518946948544077,0.0705856933918362,0.10410018614545938,0.05969119797899215,0.09242454460842973,0.09917231751096929,0.07909520010636883,0.062084496742454455,0.08996476532376015,0.07815616274431592
136,4.369185140489651e-06,3.1438066765130176e-08,0.23590234374999997,265772,1,1193549294.6633852,0.15009152965240616,2.916160205593363e-11,1.074827617650522e-14,0.09013760328525772,0.09950158136146113,0.07517676474971435,0.07065622360947822,0.10407179877796359,0.059735722210263104,0.09235647695848717,0.09912072991008591,0.07907635243662134,0.06207050719478066,0.08987266314517062,0.07822357636071599
137,4.400604035517841e-06,3.141889502819074e-08,0.23676367187500003,266328,1,1181624619.9670238,0.14850135958987884,2.9161564972460674e-11,1.0785359649453594e-14,0.09013141070588913,0.09955206520214809,0.07512600744083217,0.07072090279897379,0.1041139057769565,0.059732888973214646,0.09235046154607622,0.09914785148032963,0.07897841168755103,0.06198493685191753,0.08990868069590753,0.07825247684020357
138,4.432340002563828e-06,3.1735967045986676e-08,0.237595703125,266845,1,1229435893.7846804,0.1560693480412152,2.9161529428395485e-11,1.0820903714648309e-14,0.09016925745382207,0.09949115899020955,0.07518351979876531,0.07067053572162534,0.10414388938667808,0.05967989872502035,0.09230655410237652,0.09914590337775075,0.07887446670338434,0.06205558615360587,0.09001307039104309,0.07826615919571883
139,4.462841796264158e-06,3.050179370032906e-08,0.23841601562500003,267343,1,1211608336.9905412,0.14782491016193705,2.916149476681048e-11,1.0855565299649147e-14,0.09010477680656023,0.09957483062857891,0.07514602397004973,0.07069772014188697,0.10414601577796165,0.059679361672496704,0.09230844850043829,0.09910788160794305,0.07887342404705536,0.06206325930416404,0.09003104801382825,0.07826720952903686
140,4.493792392141654e-06,3.0950595877496636e-08,0.23926562500000004,267849,1,1361843481.767084,0.16859946901030393,2.916146104336267e-11,1.0889288747453322e-14,0.09007052830927971,0.09973551884020114,0.07514856657741789,0.07066708025860381,0.1041761901652191,0.05965519493241038,0.09229902697054791,0.09912329393325933,0.07871579703519886,0.062030627571344615,0.09009501730555738,0.07828315810095998
141,4.521328596193048e-06,2.7536204051394523e-08,0.23993554687499996,268298,1,1362233810.592811,0.1500429926967695,2.916142928112516e-11,1.0921050984966013e-14,0.0901120906493443,0.09972567502665917,0.07510968928830171,0.07066513630776494,0.10420278883489217,0.05964329613258769,0.09226110527729614,0.09911515950735468,0.07874022157643247,0.06203651696826134,0.09014465147704054,0.07824366895406482
142,4.548856910134751e-06,2.7528313941702055e-08,0.24071484374999996,268734,1,1361420467.4282372,0.14991044013609311,2.9161401240493645e-11,1.094909161648553e-14,0.09012868571799491,0.09971926066566057,0.07512617042338089,0.07074468948282298,0.10426301867809099,0.05965305162033657,0.09228697077389937,0.09906203852457687,0.0786881521509826,0.062014183016081664,0.09007188874283953,0.07824189020333318
143,4.5764016701094835e-06,2.754475997473329e-08,0.24148632812500004,269213,1,1362032349.6131186,0.15006741659166148,2.916136980829527e-11,1.0980523814859414e-14,0.090123826238869,0.09969993772292364,0.0750883606570636,0.07068852565087634,0.10432623482501761,0.05966467433941817,0.0922590402859893,0.09901246350320687,0.0786794024635841,0.062066790142428496,0.09009956244287899,0.07829118172774405
144,4.603934055820184e-06,2.7532385710700455e-08,0.24230664062499996,269657,1,1280014094.0545442,0.1409673670105701,2.916134059642999e-11,1.1009735680136915e-14,0.09010083749123417,0.09970095356316654,0.07505178903926296,0.07069103102506027,0.10434383085740083,0.059672258002111886,0.09230942842633869,0.09904804894366483,0.07863067362023522,0.06209042325952557,0.09010083749123417,0.07825988828076513
145,4.633230608236428e-06,2.929655241624397e-08,0.243126953125,270169,1,1281207887.5329492,0.15013989613285703,2.9161308143501094e-11,1.1042188609038049e-14,0.09005390380861336,0.09982246286581888,0.07507973104329174,0.07075778632883734,0.10427294125207863,0.05960749029972446,0.0922470095837919,0.09898699399908419,0.07868670720832899,0.0621138968999285,0.09012620399900387,0.07824487271149813
146,4.662499862949033e-06,2.9269254712604627e-08,0.243953125,270644,1,1363765768.9273522,0.15966563063626313,2.9161276797843016e-11,1.1073534267117663e-14,0.0900371485300711,0.09976461922756677,0.07500960737846667,0.07076634855569076,0.10428809325562031,0.059573752642029076,0.09235092551079228,0.09908409658617819,0.07865240504707616,0.06211970793569461,0.09016524690962659,0.07818804842118747
147,4.689997253523292e-06,2.7497390574258957e-08,0.24475781249999995,271081,1,1219675232.9525802,0.1341515450169895,2.9161247164680346e-11,1.1103167429790283e-14,0.09006032749209998,0.09982763573685723,0.07496249481311246,0.07076510581250599,0.10428835902837627,0.05956142870822562,0.09237447732133168,0.09908551182610362,0.07860927575090172,0.06209103386638578,0.090219924032047,0.07815442561205274
148,4.720743143073923e-06,3.0745889550630864e-08,0.24566406249999995,271590,1,1249186633.7221067,0.15362941707417707,2.916121447622079e-11,1.1135855889336066e-14,0.09003021148036255,0.09982509142948005,0.07501192558435364,0.07079026872316745,0.10422960725075531,0.05952456670376849,0.09238352679281286,0.09910160597869297,0.07857370011130546,0.06213229448242965,0.09022897121958977,0.07816823024328193
149,4.750762676574905e-06,3.001953350098223e-08,0.24660742187499995,272054,1,1264456882.277622,0.15183362295232247,2.9161183099723496e-11,1.1167232386633393e-14,0.09002637352193438,0.09975210473377,0.0749863380404394,0.07090755011365167,0.10413977174627563,0.05947110396553227,0.09242612641866581,0.0991581064920048,0.07862952725659933,0.06212429611208351,0.09023229291241298,0.0781464086866303
150,4.780419678348229e-06,2.9657001773324652e-08,0.24549218750000001,268045,1,1234869865.4136574,0.14649015115359207,2.9161649216741814e-11,1.0701115368312196e-14,0.08994208064156828,0.09979950991312096,0.07485758839066925,0.0708955223880597,0.10429462495624224,0.05952646150908571,0.09231295547847118,0.09932215256340897,0.07856506380676574,0.06215192693250166,0.0904035260796232,0.0779285873404831
151,4.81078725071379e-06,3.036757236556115e-08,0.24658398437499995,268569,1,1284703348.7679245,0.15605328764795479,2.9161604748556243e-11,1.0745583553890485e-14,0.09003493041639274,0.09983287261091,0.07478752643543417,0.07096181416384821,0.10420511520700826,0.05949259807843106,0.09229233827850869,0.09936554957980531,0.07847858630822727,0.062185646054288675,0.09044680834211213,0.07791621452503347
152,4.8399768687185725e-06,2.9189618004782043e-08,0.24760937500000002,269079,1,1284231530.1492488,0.14994491117901323,2.916156144958312e-11,1.0788882527012552e-14,0.08998548621190132,0.09979806903514861,0.07482488799141793,0.07092036347573674,0.10416798132138576,0.05947497949138638,0.09235975263456805,0.0993563450495362,0.07845333501609138,0.062243642329778505,0.0905060894806588,0.07790906796239036
153,4.869177210806142e-06,2.9200342087568804e-08,0.24856445312499997,269608,1,1287917190.0152907,0.1504304901156274,2.9161516919788396e-11,1.0833412321738562e-14,0.09000117864298904,0.09983891879149805,0.0749145483832947,0.07097002317997878,0.1041527521313794,0.05944289474718108,0.09235846462106627,0.09928102777668643,0.07839547401092209,0.06229521078065454,0.09048049345853142,0.07786901347581818
154,4.898293989657082e-06,2.911677885094055e-08,0.24958203125,270121,1,1236469903.1698673,0.1440080829057636,2.916147526225833e-11,1.0875069851801379e-14,0.09007246490225845,0.09984661856541403,0.07483605402782777,0.07095456466279561,0.10422111968447248,0.05953703848621914,0.09229493058707526,0.09931447889440158,0.07838104330677852,0.062315120592240154,0.0903776626547509,0.07784890363576603
155,4.928622265261578e-06,3.032827560449582e-08,0.2505078125,270629,1,1285986417.2735748,0.15600700194684458,2.916143215274943e-11,1.0918179360697174e-14,0.09010603461718386,0.09994542335880244,0.07479338842975207,0.0709574302198659,0.10425697801341027,0.05956650553563076,0.09234367690628412,0.09925152034929051,0.07831748011850928,0.062310930921565574,0.09039451114922814,0.07775612038047716
156,4.9577827598797894e-06,2.9160494618212145e-08,0.25140039062499997,271115,1,1250405068.1178973,0.14584972103774854,2.916139236632314e-11,1.0957965786992782e-14,0.09009687920010565,0.09992464087882719,0.07478421653705415,0.07097741557059284,0.10423642564696194,0.059557012671208935,0.09237319079841823,0.09927204642743383,0.07842786889066712,0.062276156218681294,0.09032994864703187,0.07774419851301692
157,4.9877730413942784e-06,2.9990281514489373e-08,0.25228320312499997,271609,1,1250726663.681684,0.15003857896596712,2.9161352647357e-11,1.0997684753130425e-14,0.09006805038360599,0.0999698069970349,0.0748321965796747,0.07103871671995604,0.10422005279904623,0.05950344122815846,0.0923363965038051,0.09929627077704403,0.0784243897529593,0.06228274586007479,0.09026933707004003,0.07775859532860052
158,5.017755611598398e-06,2.9982570204119296e-08,0.25316601562499996,272106,1,1255365140.7592745,0.15055629385847624,2.916131297002086e-11,1.1037362089271572e-14,0.09005485222301943,0.0999066509284761,0.07484126800441288,0.0711150199427562,0.10416522014179802,0.05954282099351186,0.09244644000586326,0.0993126113824149,0.07835921648498315,0.062297004343432015,0.09020914820900934,0.07774974734032294
159,5.047627398525123e-06,2.987178692672565e-08,0.25406445312500003,272584,1,1364256526.885073,0.16301112113802266,2.916127434364319e-11,1.1075988466941277e-14,0.09011308338650534,0.09991466855267103,0.07477648542062254,0.07116335206525165,0.10417355340134224,0.059539825185845746,0.09252696396860419,0.0992689170593707,0.07830505608044219,0.062315019103481674,0.09016689601094702,0.0777361797649157
160,5.075114897584865e-06,2.7487499059741757e-08,0.254783203125,273006,1,1246094384.2417092,0.13700807286077388,2.916123919850525e-11,1.1111133604885927e-14,0.09005818365798128,0.09993943993438048,0.07478018229346334,0.07118490751174787,0.10414798120338216,0.05960183673312942,0.09248058628276185,0.09924951513618348,0.0783064645953591,0.06233853843264417,0.09024216360416713,0.07767020061479965
161,5.1052089261546354e-06,3.009402856977003e-08,0.25567382812499995,273527,1,1232335191.1722522,0.14834372180268313,2.916120149313691e-11,1.1148838973216782e-14,0.09004239715824452,0.09991978916007792,0.07476414193499102,0.07110499980902181,0.10420533975020053,0.05955463886024216,0.09247163973874184,0.09923226767503152,0.07832397540200908,0.06234292043848592,0.09031740575226309,0.07772048432069058
162,5.13563895872096e-06,3.0430032566325016e-08,0.25651953125000004,274023,1,1230442341.1786017,0.1497696020522002,2.9161163623672764e-11,1.118670843736677e-14,0.09005771368530051,0.09985685787814644,0.07476891684051835,0.07109138253970669,0.10418919124701152,0.05954864547960223,0.09249417533387136,0.09920967275274481,0.0783017862309461,0.062304892719548026,0.09036988533402364,0.07780687995858014
163,5.1661158033036006e-06,3.047684458264004e-08,0.25738671874999997,274528,1,1243591507.7789574,0.15160298042748113,2.916112632778632e-11,1.1224004323810216e-14,0.08994399842163574,0.09993018773428844,0.07471430089086523,0.07105674523075989,0.10422515973349926,0.05955289796785601,0.09251642864731147,0.09920171191816787,0.07828079707395547,0.06239091833482569,0.09040688409646234,0.07777996995037259
164,5.1962703997007525e-06,3.0154596397151856e-08,0.25833984374999996,274993,1,1265382764.2994225,0.1526284261814457,2.916109130866582e-11,1.125902344430412e-14,0.08997505103198004,0.09985635442655176,0.07474105995312619,0.07108943827020489,0.10419596280335677,0.05956755122098738,0.09253043018069101,0.09919104861268618,0.07831707870265367,0.06242534210327361,0.0903606259922885,0.07775005670220005
165,5.225905701411822e-06,2.963530171106908e-08,0.259220703125,275499,1,1240969770.2932703,0.14710605422782863,2.916105360686329e-11,1.1296725246836306e-14,0.08993301738232835,0.09991636591044373,0.07480353523556936,0.07111157993083236,0.10418848562021084,0.05956103404886944,0.0925023168903188,0.09917797484949634,0.0783447984870518,0.062409113855380845,0.09032481672079025,0.07772696106870805
166,5.256124003982672e-06,3.021830257084978e-08,0.26022265624999996,275983,1,1235668515.2909126,0.14935922028933407,2.9161018718555577e-11,1.1331613554551665e-14,0.08992449374784216,0.09995196421333895,0.07479322094960747,0.07113049221670145,0.10423015146283983,0.059579386643049084,0.09242385577255055,0.09908131558010719,0.07838089376585557,0.06244652265938125,0.0902997733311317,0.07775792965759493
167,5.286471948869146e-06,3.0347944886474186e-08,0.26116796875000003,276474,1,1240204070.6768014,0.15055057913952205,2.916098200043148e-11,1.1368331678645187e-14,0.089905622279723,0.10008375835713965,0.0748141611450964,0.07108990562227972,0.1042417625151438,0.05952826096710988,0.09239593771967872,0.09909660629085089,0.07833649919980855,0.062437368192763874,0.09027206509220898,0.0777980526181965
168,5.316708908162092e-06,3.0236959292945695e-08,0.26203125000000005,276961,1,1311526816.0638297,0.15862633179571478,2.91609456648624e-11,1.1404667247727945e-14,0.08991502683363149,0.10014907573047108,0.07477638640429339,0.07116129994036971,0.10417412045319022,0.059525939177101965,0.09243440667859272,0.09905336911150865,0.07831693500298151,0.06246273106738224,0.09028026237328562,0.07775044722719142
169,5.345301537409693e-06,2.8592629247601244e-08,0.2629453125,277380,1,1265686641.8289537,0.144757235573827,2.916091444519571e-11,1.1435886914426128e-14,0.08989214725020055,0.10011290370502421,0.07475413732655911,0.07118132929256915,0.10415366788483822,0.059437858394984694,0.09241019698725376,0.09912499628606233,0.07831208960988797,0.06248328728050628,0.09040467064800785,0.07773271533410583
170,5.374929724008717e-06,2.962818659902376e-08,0.26396484374999996,277847,1,1329693422.3414416,0.15758561934650697,2.916088077369895e-11,1.1469558411182972e-14,0.08990751017388088,0.10012578616352201,0.07480577136514983,0.071165371809101,0.1041213466518683,0.05945246022937477,0.09238623751387347,0.09905290418054014,0.07829078801331854,0.062493525712171656,0.0904772475027747,0.07772105068442471
171,5.403131713557531e-06,2.8201989548813958e-08,0.26487890625,278282,1,1262128668.6811187,0.14237815809361357,2.9160847373455603e-11,1.1502958654529195e-14,0.0898774498960315,0.10015632143225825,0.07479095695261691,0.0711115043725759,0.10405698358624961,0.05943163886799687,0.09241398634399564,0.09904289991004143,0.07827132091610259,0.06258756212302202,0.09054845227034759,0.07771092332876167
172,5.432843422775883e-06,2.9711709218352684e-08,0.26581445312499996,278739,1,1285081992.6887796,0.15272792995404103,2.916081388049543e-11,1.1536451614703147e-14,0.08989176837108827,0.10023733072734888,0.07477020066570167,0.0710890026966061,0.10409487350933526,0.0593988111420531,0.0924193773558565,0.09904700324033594,0.07827505382190643,0.06260240857623607,0.09052367061728032,0.07765049927625149
173,5.462024440184382e-06,2.9181017408499103e-08,0.26678124999999997,279228,1,1352953661.6802619,0.15792225741753735,2.9160778987091494e-11,1.157134501863112e-14,0.0898661707859904,0.10024013119362775,0.07482136581937449,0.07117547147709968,0.10406173128733749,0.05936658076607708,0.09250907813049081,0.09909072273632424,0.0782037015344969,0.06259517394869393,0.09038596696731874,0.07768390535316856
174,5.489741575709503e-06,2.771713552512061e-08,0.267724609375,279678,1,1280162708.079785,0.1419297730962113,2.91607462749671e-11,1.1604057143030236e-14,0.08979026080612802,0.10019332482217763,0.07483494437351815,0.07119460149553164,0.10399416377895311,0.05939084442823271,0.09260623746124383,0.09909173809958051,0.07818347619916102,0.0626007660040124,0.09042494984497537,0.07769469268648549
175,5.51903472709043e-06,2.9293151380928085e-08,0.26683007812500004,276212,1,1287681259.8824623,0.1508809683044847,2.916127152825515e-11,1.107880385498155e-14,0.08981312720964446,0.10004611431959418,0.07464663987644289,0.0711185284408236,0.10413052548365134,0.05956066960919943,0.09263122451817854,0.09934341992577789,0.07828454731109596,0.06260567864907,0.09052314133672967,0.0772963833197918
176,5.548156840744102e-06,2.912211365367152e-08,0.26783203125,276715,1,1287991093.517951,0.15003609204138574,2.9161223088069837e-11,1.1127244040298003e-14,0.08982717129730912,0.10005104645227156,0.07465179027200466,0.07113687741559103,0.10412017793334791,0.059593086851892366,0.09259826442062276,0.09938015022241668,0.07827608838328592,0.0625829504849413,0.09050535987748852,0.07727703638882812
177,5.577271948906515e-06,2.91151081624132e-08,0.26890429687499995,277190,1,1275399685.681785,0.1485335991957319,2.9161176603648564e-11,1.1173728461569359e-14,0.08981035597295156,0.10006609577350212,0.0746228546110881,0.07121638013059362,0.10409721162995081,0.059602408500933325,0.09254134617479788,0.09945598094117475,0.07825449051779863,0.06258761321624938,0.0904422606207192,0.07730300191024048
178,5.606674496532167e-06,2.940254762565178e-08,0.26995703125000003,277661,1,1275652632.8625011,0.15002974916611111,2.9161130162623307e-11,1.1220169486820729e-14,0.08980740569245683,0.10005932657106888,0.07462848543605029,0.07124976486420002,0.10400960801053408,0.05955085444732233,0.09255668581516155,0.09948053075576263,0.07826042917709704,0.06262570721613682,0.09048025582775035,0.07729094618645907
179,5.6360712139722835e-06,2.9396717440116795e-08,0.27096875,278069,1,1280439442.4889865,0.15056286596011767,2.9161087381266233e-11,1.1262950843900945e-14,0.0898036558643755,0.10005333871525775,0.07459491408142083,0.07128647214854111,0.10396724714565794,0.05956637066082343,0.09260754238265483,0.09946949602122016,0.07830700034598086,0.0625792872794372,0.09043795409987314,0.07732672125475724
180,5.6653580343838025e-06,2.9286820411518637e-08,0.271888671875,278517,1,1278838377.691266,0.1498124396112078,2.9161043388376485e-11,1.130694373365082e-14,0.08980151860179446,0.10003807279806332,0.07458676647007693,0.07124641720603131,0.10395310580646087,0.059544419461665006,0.09260310185551014,0.09944902196010258,0.07829347662114693,0.06259024330673027,0.09048395554821238,0.07740990036420582
181,5.694681520958939e-06,2.9323486575137135e-08,0.2728984375,278972,1,1271083177.5286422,0.14909036196857517,2.9161001069910225e-11,1.1349262199908912e-14,0.0897483610546506,0.10004007901291118,0.0745040222152243,0.07126191634937448,0.10400503850448027,0.05951733417308408,0.0925753628582062,0.09956771921788671,0.07823280180928116,0.06259482980733447,0.09050699951332629,0.07744553548424037
182,5.724183917547108e-06,2.950239658816898e-08,0.273748046875,279423,1,1293818314.1514924,0.15268296406853413,2.916095796528708e-11,1.1392366823056775e-14,0.0897195328163015,0.09997930921310799,0.07455104559821348,0.071233384941388,0.10397477150949994,0.05948244493753524,0.09257343445658146,0.09960830199987158,0.07823257871417463,0.06260033247954111,0.09055429904608339,0.07749056428770183
183,5.7531678943465034e-06,2.8983976799395608e-08,0.27457617187500005,279868,1,1261600009.284118,0.14626474159683267,2.91609174313704e-11,1.1432900739725525e-14,0.08967656117738275,0.09997652632252833,0.07458227523953821,0.07119637509513953,0.10391725884353015,0.059509329008486093,0.09264278042153035,0.09963509101384947,0.07815311950947126,0.06260358649338825,0.09061550827624962,0.077491588598906
184,5.7828920539248465e-06,2.9724159578342893e-08,0.2754609375,280383,1,1295196987.3784392,0.1539945677529028,2.91608739402055e-11,1.1476391904637623e-14,0.08970759238775915,0.10003828809665617,0.07458379420857086,0.07116622706259394,0.10389545931535211,0.05952380952380952,0.09258629002524178,0.0996057744122068,0.07811480756686236,0.06264358036246065,0.09061516208627585,0.07751921495221079
185,5.811845178712376e-06,2.8953124787529327e-08,0.276353515625,280832,1,1286118311.2629519,0.14894857583009097,2.9160834578718675e-11,1.1515753391458734e-14,0.08975002296933418,0.10009682457789432,0.0745619924660584,0.07116253100860113,0.10389913281929143,0.05947997427434573,0.09257701794435061,0.09960210045726643,0.07818054603407942,0.06261793869661397,0.09057691899952648,0.07749499975263795
186,5.8410026828639e-06,2.9157504151523566e-08,0.277166015625,281297,1,1302036874.2987201,0.15185658227120682,2.916079350850937e-11,1.1556823600757434e-14,0.08971946810984505,0.1001345932957036,0.07455482034261393,0.07120760487354573,0.10382005369638289,0.05950996765532842,0.0925381758732709,0.09959903882065267,0.07819095335743328,0.062624639733914,0.09058622074709849,0.07751446349421108
187,5.8698037105000775e-06,2.8801027636177796e-08,0.27801367187500003,281729,1,1282137988.319368,0.14770756653991807,2.916075570126545e-11,1.1594630844679993e-14,0.08962154795107591,0.10009624639076035,0.07458744019726997,0.07126448086663903,0.10388989974919736,0.059560357727461134,0.0924948891058921,0.09956232480698031,0.0781492591838025,0.06265148268618759,0.09061913827866491,0.0775029330560688
188,5.899051732430349e-06,2.9248021930272233e-08,0.27889062499999995,282152,1,1296063574.178037,0.15162918336234496,2.916071815232798e-11,1.1632179782157535e-14,0.08960586027228416,0.10018068239117038,0.07457700711524455,0.07139055409266624,0.10392038769678973,0.05951313799092386,0.09251918875007002,0.09953638859319851,0.07810661661717742,0.06258053672474648,0.09050927222813603,0.07756036752759257
189,5.927985498294252e-06,2.8933765863902532e-08,0.279755859375,282603,1,1301537069.1086147,0.15063347528311435,2.9160680097567974e-11,1.1670234542160287e-14,0.08955213460397249,0.10015708451146715,0.07459768911229797,0.07140712814605368,0.10387126051593534,0.05952455754529269,0.09256815722414213,0.09954969106712744,0.07812336370300554,0.06258246936852026,0.09051558627430445,0.07755087792788075
190,5.9567975858559856e-06,2.8812087561733965e-08,0.280685546875,283013,1,1302502709.8074913,0.15011128849747682,2.9160644734784315e-11,1.1705597325817323e-14,0.0895060225034966,0.1001106387124159,0.07461502598965981,0.07135153189387033,0.10390297193673416,0.059522235597831756,0.09265122363632569,0.09948438184968443,0.07809423078261232,0.0626048110443877,0.09057761757972599,0.07757930847325537
191,5.985588312906022e-06,2.8790727050036207e-08,0.28157617187499995,283480,1,1301449980.7189724,0.14987876465661928,2.9160606445843714e-11,1.1743886266416304e-14,0.0894656890966726,0.10008531772180873,0.07464953838257021,0.07134087551242656,0.10391421060298127,0.059535122462144596,0.09261481476343407,0.09941248690754471,0.07804143805447848,0.06267731172875901,0.0906448771216714,0.07761831764550833
192,6.014402328469865e-06,2.881401556384327e-08,0.282583984375,283929,1,1269382236.6158202,0.14630399808925773,2.91605700792563e-11,1.1780252853833294e-14,0.08941617190685844,0.10012924808028585,0.07473580171823918,0.0713836456252635,0.10393066220634076,0.0595094102278775,0.0926439180829814,0.0993413186068854,0.0779773712184569,0.0627025980937636,0.09062571276514864,0.07760414146789879
193,6.043944257542368e-06,2.954192907250317e-08,0.28355859375000003,284387,1,1302230765.2098053,0.1538816356074384,2.916053198925701e-11,1.1818342853127067e-14,0.08939124684878291,0.10008127729332837,0.07468556708131863,0.07140003581711231,0.10386273780496204,0.059566612940998194,0.0926354506757036,0.09944758992161562,0.07799176206416773,0.06270749817470486,0.0906792853108512,0.07755093606645452
194,6.07274099695434e-06,2.8796739411972264e-08,0.284541015625,284841,1,1284175697.0085914,0.14792029162377704,2.916049515159231e-11,1.185518051781476e-14,0.08939149534955555,0.10005834505954628,0.07467481209458764,0.07144867350791091,0.10388852661564334,0.05958060198373203,0.09261763393623229,0.09937879671894842,0.07789408655661187,0.06275869169784123,0.09070254315818377,0.07760579332120672
195,6.10194260860869e-06,2.920161165435068e-08,0.28556250000000005,285252,1,1303415367.2934337,0.15224731752006285,2.9160459577204375e-11,1.1890754905760922e-14,0.08946842854016195,0.10006292405340335,0.07466075727730356,0.0714871963230466,0.10395463996498139,0.05955898446049463,0.09260779163930838,0.09932425038301596,0.0778343182315605,0.06281462026701685,0.09067903261107463,0.07754705624863208
196,6.130713176258103e-06,2.8770567649412826e-08,0.286517578125,285698,1,1384803240.3058457,0.1593663012253817,2.916042289504716e-11,1.19274370629653e-14,0.08947013231354424,0.10007021275145367,0.07460956938451366,0.07146703749906269,0.10398303987129934,0.05952405297995188,0.09264674805892419,0.09929310074507318,0.07782708576180836,0.06278928676114713,0.0907448686748877,0.07757486519833398
197,6.157792835597806e-06,2.707965933970359e-08,0.28751953124999996,286066,1,1360832440.4115248,0.14740351561904633,2.916039099303444e-11,1.1959339075691355e-14,0.08953196114394403,0.10014265335235378,0.07453977311323959,0.07142177841179267,0.10393994973167583,0.059506826981862646,0.09262278377827593,0.09934787038923985,0.07781400720059778,0.06276068201888459,0.09077508321445554,0.07759663066367774
198,6.185349497892438e-06,2.7556662294631766e-08,0.28843359375,286458,1,1365723463.7657442,0.15053912111538953,2.9160357122812234e-11,1.1993209297896238e-14,0.08943105946721921,0.10007584068039924,0.07463535530004468,0.07143921234036213,0.10386110321104022,0.05946044773087393,0.09269491732011538,0.09938514876962039,0.07784504123836997,0.06281233494494778,0.09077181435284877,0.07758772464415822
199,6.212807472361589e-06,2.7457974469150796e-08,0.28935546874999996,286840,1,1391308855.9303467,0.15281009217935546,2.916032468862333e-11,1.2025643486799838e-14,0.08936213297333785,0.10006074924063452,0.07460681741478233,0.07146135673304085,0.10385420182247725,0.059419507256159305,0.0927505906176173,0.0993925075936551,0.07784002699966253,0.06284171447856902,0.09082011474856566,0.0775902801214985
200,6.239760510028358e-06,2.6953037666769055e-08,0.28857421875,283946,1,1362854418.4062748,0.14693226589450784,2.916089975137315e-11,1.1450580736985634e-14,0.08931302876480542,0.10014890016920475,0.07436209813874789,0.07152622673434857,0.10392554991539764,0.059587140439932317,0.0926429780033841,0.09946531302876481,0.07773942470389171,0.06298477157360406,0.09096446700507616,0.07734010152284264
201,6.267276288304847e-06,2.751577827648868e-08,0.28945898437499995,284367,1,1312962653.6496484,0.1445087570525357,2.916085001563459e-11,1.1500316475539258e-14,0.08936391301120761,0.1001666632929158,0.07437771165226076,0.07151677091556852,0.10396550677111799,0.05960743034891332,0.09256222883477393,0.09947167061395519,0.07773122001578915,0.06298792871939164,0.09092933341430336,0.07731962240980277
202,6.295837649053198e-06,2.856136074835112e-08,0.29045703125,284823,1,1312462746.9966671,0.14994288794297478,2.9160799732732344e-11,1.1550599377781595e-14,0.08945358204338529,0.10012507228640208,0.07435749156098283,0.07147275979396693,0.1039915542585096,0.059584168269295426,0.09253331898812485,0.09943919200613258,0.07773309843054453,0.06297994808827682,0.09094638030044246,0.07738343397393654
203,6.324409888597377e-06,2.857223954417902e-08,0.2914765625,285207,1,1314033599.2520273,0.15017953106771464,2.916075286730223e-11,1.1597464807895294e-14,0.08942882414430835,0.10011659385134952,0.0743855370017958,0.07147069071805731,0.10406336272749202,0.059610281701466136,0.09256479669784769,0.09945991583800155,0.07768232866064488,0.06300088450507921,0.09091640086842316,0.07730038328553432
204,6.352947971658073e-06,2.8538083060696244e-08,0.29240820312500004,285632,1,1314650971.3586526,0.15007047446583294,2.916070443691567e-11,1.1645895194462402e-14,0.08942443208004648,0.10005811118606935,0.07436895927541362,0.0714767588652956,0.10407913808420109,0.059654138251187275,0.09251701589040363,0.0994636404320266,0.07766860593268453,0.06300722048185528,0.09094734592186383,0.07733463359895265
205,6.381472652974244e-06,2.8524681316170833e-08,0.29336132812500004,286040,1,1312392654.4695528,0.14974232892171,2.9160658022608376e-11,1.1692309501753069e-14,0.08941351921758176,0.09999933422547119,0.07438033035732118,0.07150418439291349,0.10406721659642744,0.05968002876145963,0.0925160285217808,0.09942011038541686,0.07766925652958367,0.06300890140545003,0.09093148514324138,0.07740960446335243
206,6.410046418510258e-06,2.857376553601397e-08,0.2943203125,286459,1,1314623796.4366105,0.1502550085097771,2.9160612475472215e-11,1.173785663791363e-14,0.08942080535131261,0.10003185305125688,0.07433705837071643,0.0715631884904308,0.10399357630132987,0.05967801874021183,0.09247338943009582,0.09937488386908395,0.0776484484909617,0.06306904148859926,0.09103336607119157,0.07737637034480929
207,6.4385716894673536e-06,2.8525270957095594e-08,0.295265625,286829,1,1303340617.6127796,0.14871257706717142,2.916056970316534e-11,1.1780628944798444e-14,0.08937265174366302,0.10002910514896546,0.07439011483304228,0.07155236280891147,0.10395830025930042,0.05971847383182516,0.09250807006403133,0.09933455045774463,0.07761152563899032,0.06307879557601735,0.09106604222892523,0.07738000740858338
208,6.467343907177169e-06,2.8772217709815275e-08,0.29619921875,287224,1,1305984873.155848,0.15030432438466218,2.916052563865837e-11,1.1824693451765805e-14,0.08942065491183879,0.10004352011816373,0.074366650401572,0.07155762459282314,0.10398670658208818,0.05974125311564482,0.0924802510978939,0.09937093647381541,0.07755812573357775,0.06302504384981604,0.09106914423622192,0.07738008888654437
209,6.49605786916157e-06,2.8713961984401163e-08,0.297123046875,287582,1,1437442029.0034328,0.16509862310234016,2.916048391213462e-11,1.1866419975512399e-14,0.08937269518231478,0.10000197203652213,0.07439836452437766,0.07154548502238263,0.10399863272134469,0.05970669243461056,0.0925542474379959,0.09941693453496094,0.07754704950469017,0.06295397924102888,0.09114095459714582,0.07736299276262597
210,6.522145877751383e-06,2.608800858981315e-08,0.29796679687500005,287979,1,1394411872.9350836,0.14550971567547166,2.916044363562013e-11,1.1906696489995917e-14,0.08937525809686743,0.0999613264376405,0.07431878814098151,0.07154609036503909,0.10403843758808066,0.059688382855157665,0.09249536244993738,0.09949593272111115,0.07752410542806389,0.06301824212271973,0.09113851034681662,0.0773995634475842
211,6.549038936199792e-06,2.6893058448409955e-08,0.298828125,288372,1,1370951125.8303127,0.14747627502747215,2.9160403944131394e-11,1.1946387978738412e-14,0.089359477124183,0.09993464052287582,0.0743202614379085,0.07158823529411765,0.10399346405228758,0.059712418300653596,0.09255555555555556,0.09950980392156863,0.07748366013071896,0.06298692810457517,0.09110457516339869,0.07745098039215687
212,6.576392208897452e-06,2.7353272697659608e-08,0.29967187500000003,288778,1,1360194529.3033516,0.14882308752759732,2.916036352738514e-11,1.1986804724995543e-14,0.08938813285364199,0.09997914385525834,0.07430001564210854,0.07158871682569476,0.10404609207987903,0.05973330204911622,0.09249700192919338,0.0995359507794984,0.07748057771520933,0.06292038166744877,0.0910305542520465,0.07750013035090463
213,6.603961794858958e-06,2.756958596150677e-08,0.30057421875,289167,1,1359539829.9879718,0.1499278008437828,2.916032480792313e-11,1.2025524187001263e-14,0.08936670695413726,0.09999740080834861,0.0743368812299375,0.0716467178707422,0.10404564180539853,0.05969693425344718,0.09247274097755599,0.09947106449894083,0.07747540514899867,0.06288744200553628,0.09112116131882984,0.07748190312812715
214,6.631544657216387e-06,2.7582862357428517e-08,0.30141015625,289524,1,1361680906.1984835,0.15023622804164524,2.916028670333984e-11,1.2063628770296267e-14,0.08935861380749342,0.0999663042210443,0.07437047212970282,0.07170720960070501,0.10402923756820155,0.05967392853902879,0.09246899340340327,0.09945438757921748,0.07747437176812119,0.06292038724225969,0.09108876245771827,0.07748733168310416
215,6.659084148905884e-06,2.7539491689497085e-08,0.30231445312500005,289915,1,1363134929.9567807,0.15016017230083184,2.916024858791409e-11,1.2101744196047285e-14,0.08927221630002907,0.0999903091384824,0.07436121071163226,0.07173175695319314,0.10402816810414446,0.05966340407662241,0.09243143715476305,0.09951868721129309,0.07748812869464096,0.06292599412087733,0.09111994056271602,0.07746874697160577
216,6.686594264871578e-06,2.751011596569458e-08,0.30327734375000004,290321,1,1360974846.6663392,0.14976230343273758,2.916021013668815e-11,1.2140195421985435e-14,0.08930434446605444,0.10000772807480779,0.07434407965069104,0.07174873452775024,0.1039876866008063,0.05966717757827897,0.09246641507489795,0.09952472339932253,0.07746106982315591,0.06292584912221952,0.09108824173418,0.0774739499478355
217,6.714148043761655e-06,2.755377889007644e-08,0.304169921875,290674,1,1360914332.0212793,0.14999333037140164,2.916017262504286e-11,1.2177707067272278e-14,0.08934407808135617,0.10006742222364916,0.0743570809387742,0.07171798247022186,0.10397149003114266,0.05969114200404534,0.0924198157125887,0.09954730792692718,0.07741997624169263,0.0629659357241468,0.0910649500754487,0.07743281857000675
218,6.741703047862688e-06,2.755500410103231e-08,0.3050546875,291048,1,1357410544.3490758,0.14961381246529315,2.916013567118638e-11,1.2214660923754996e-14,0.08935385560990602,0.10007170845391453,0.07435270315261096,0.07169564883345712,0.1039644530949881,0.059697287883832315,0.09235664711757627,0.09954670013061183,0.0773875073629216,0.06297538863421005,0.09114016441724077,0.07745793530873052
219,6.769329177743668e-06,2.7626129880980493e-08,0.3059375,291375,1,1360834387.5179877,0.1503783501443059,2.9160101224764075e-11,1.2249107346054455e-14,0.08933222676200205,0.10005107252298263,0.07432328907048008,0.07169305413687437,0.10399642492339123,0.05968462717058223,0.09240934627170583,0.09954673135852912,0.07733018386108273,0.06302349336057202,0.09116445352400408,0.07744509703779368
220,6.7968858006097285e-06,2.755662286606078e-08,0.306833984375,291744,1,1468084756.8606794,0.16182183192088911,2.9160065091031153e-11,1.2285241078979573e-14,0.0892749158174145,0.10002609819285929,0.07434802258448495,0.07166181834384687,0.1040681353796014,0.059701207518825704,0.09245125685077561,0.0995232305743512,0.07735249746974837,0.06303668387449951,0.0911272509691341,0.07742888242445846
221,6.8224292849520015e-06,2.5543484342272708e-08,0.3077578125,292087,1,1467353735.3531744,0.14992530865427675,2.916003146212551e-11,1.231886998462201e-14,0.08926712867768385,0.10003680857005051,0.07430254106059453,0.07163074657934151,0.10404767344452061,0.0597441169750971,0.09249105170969461,0.09961795242809637,0.07732972863199046,0.06303784936410023,0.0911392887061153,0.07735511385271496
222,6.847985494812314e-06,2.5556209860313062e-08,0.30862890624999995,292418,1,1463693958.1191127,0.1496258798598573,2.9159998122637395e-11,1.235220947274097e-14,0.08924299763318103,0.10003923603640093,0.0743396321938007,0.07165639357541546,0.10410839271475403,0.0597337012239112,0.09254641876241947,0.09960257692161653,0.07725069295902999,0.06300548038831019,0.09116682909541952,0.077307648495741
223,6.873605604666555e-06,2.562010985424066e-08,0.30952539062499995,292738,1,1466625894.263617,0.15030046610443126,2.915996674608251e-11,1.2383586027614718e-14,0.08926847428964457,0.0999766527634925,0.07433886305268272,0.07163815569451719,0.10409081443995029,0.05977523552313586,0.0924866068893278,0.09959173886431472,0.0772036320727929,0.0630880190816333,0.0912372142329802,0.07730459309552806
224,6.899174497283733e-06,2.5568892617178623e-08,0.310416015625,293119,1,1467332808.6876233,0.15007230007598782,2.915993164924314e-11,1.241868286698855e-14,0.08927661341571605,0.10002328025016831,0.07429545783443338,0.07162766700433516,0.10403755041432554,0.05974215549948721,0.09249809668224976,0.09957655112531696,0.0772086350852246,0.0631461055916644,0.09123970478126003,0.07732818231581862
225,6.924731071619136e-06,2.5556574335402374e-08,0.309884765625,290868,1,1465890806.7450707,0.14985258948065344,2.916055789588925e-11,1.1792436220877625e-14,0.0892405821216304,0.10006869993256062,0.07412659695829474,0.07194584680545313,0.10408985194849397,0.05988869350375959,0.09258103755806406,0.09955817749793584,0.07715191508940446,0.06310309401806367,0.09122594714517117,0.07701955742116841
226,6.950312786046602e-06,2.5581714427465892e-08,0.310810546875,291239,1,1312897543.386151,0.13434468010970413,2.916050767946171e-11,1.1842652648416567e-14,0.08928268451314923,0.10009740157727717,0.07407547051245798,0.07190749992145036,0.1041379960410972,0.05987997612090364,0.0925754862223898,0.09952556005906936,0.07709806139441355,0.06320419769378202,0.09118672824959942,0.07702893769441042
227,6.978875563232765e-06,2.856277718616345e-08,0.311927734375,291560,1,1314173217.4333835,0.15014574717429308,2.916045780146925e-11,1.1892530640872994e-14,0.08923215638638256,0.10012710776609665,0.07405436205050499,0.0718628488419418,0.10419706086771399,0.05987214085794611,0.09251316473291715,0.09961992899497203,0.07704734294677126,0.06322202533389268,0.0911794724088487,0.07707238881201199
228,7.007410614398424e-06,2.8535051165658763e-08,0.31304687499999995,291946,1,1314150228.651923,0.14999737605577917,2.9160405533689713e-11,1.1944798420414889e-14,0.08916895432992263,0.10018093336660842,0.07410781133017219,0.07183054654354878,0.10418018467681556,0.05984527077614174,0.09251934115298227,0.09963813326678311,0.07710257050162216,0.0632393311704517,0.09115922136261541,0.0770277015223359
229,7.035946164735365e-06,2.85355503369414e-08,0.314048828125,292359,1,1311176305.4788728,0.14966054986238894,2.916035174686476e-11,1.1998585245366974e-14,0.08919542517398145,0.10009764106646434,0.07410148451736083,0.07185636190630189,0.10419607818748328,0.059853351825017255,0.0924978077403867,0.09964986037949412,0.07704315486370675,0.06324280285833339,0.09120421908913945,0.07706181239233051
230,7.064546437515847e-06,2.8600272780481726e-08,0.31497656249999995,292711,1,1298002673.2491865,0.1484929220988849,2.916030143377499e-11,1.2048898335140504e-14,0.08919934518937421,0.10012525733561525,0.07409405461715902,0.0719423568221842,0.10422402460500534,0.05990029020016371,0.09248580003472483,0.09964779125430961,0.07695885110499294,0.06314333903812289,0.09122702582037355,0.07705186397797456
231,7.093436978939871e-06,2.8890541424024375e-08,0.31596484375,293090,1,1282533251.9924195,0.14821232017750277,2.91602526040509e-11,1.2097728059231617e-14,0.08911197102130133,0.10013970106444793,0.0740786529355768,0.07192750380159978,0.1042812812936566,0.05991692113689469,0.09254268300221298,0.09959573231792501,0.07691594446573616,0.06318073361603226,0.09126312015527836,0.07704575518933822
232,7.122675986927963e-06,2.9239007988092028e-08,0.31697265625000004,293491,1,1297708947.9595046,0.15177488918242585,2.916020251233527e-11,1.2147819774858153e-14,0.08909975968944482,0.10013555980035738,0.07410191632263231,0.07187750323494978,0.10422083923840038,0.059948240803499905,0.09252572555302237,0.09963029145357077,0.07687473042085156,0.0632324850576129,0.09134265820444883,0.07701029022120895
233,7.151573067478239e-06,2.8897080550276205e-08,0.31798828125,293842,1,1420512010.5557206,0.16419459996665386,2.916015595687092e-11,1.2194375239210351e-14,0.08913457404336343,0.10007984767520423,0.07409250046065967,0.07190590258583625,0.10422578465696211,0.05989804066089306,0.09251274491738835,0.09963761439715005,0.07685031631963637,0.06327006940605613,0.09140101959339107,0.07699158528345924
234,7.17797199949806e-06,2.6398932019821195e-08,0.31886914062500005,294190,1,1420611526.9880788,0.15001050851013073,2.916011160388761e-11,1.2238728222519387e-14,0.08916397669988546,0.10004226361470284,0.07401645218392636,0.0719951488720515,0.1042318741156798,0.05988570448545581,0.09250218974525454,0.09960125198302106,0.07681565101279546,0.06329741946943851,0.0914731626046637,0.076974905213125
235,7.2043690822244725e-06,2.6397082726412846e-08,0.319740234375,294520,1,1421794215.160394,0.1501248780700966,2.916006952711554e-11,1.2280804994584162e-14,0.08911042288967483,0.10002015796514502,0.07396140665945866,0.0719395016706677,0.10430219843989566,0.05987526495507217,0.09252506001575984,0.09964143255938963,0.07679573872833781,0.06335709529830734,0.09144996854135741,0.07702175227693378
236,7.2307442071195824e-06,2.6375124895109796e-08,0.32062109375000003,294831,1,1420878837.6205003,0.1499034272122365,2.916002883490387e-11,1.2321497206263783e-14,0.08915191461884282,0.09997685156982906,0.07390440916677835,0.07195506767869979,0.10433850314940485,0.059899608913363954,0.09245970345642612,0.09961744173296458,0.07674922940094299,0.06339624020760487,0.09153376624958881,0.0770172638555538
237,7.257136323749878e-06,2.639211663029624e-08,0.32153125000000005,295128,1,1422914218.2372706,0.15021487201049938,2.915999025892368e-11,1.236007318644456e-14,0.08910608416755758,0.09995504908154339,0.07387136747983282,0.07195184177276703,0.10433472640684224,0.05990621051608513,0.09250170084556322,0.09971814559238021,0.0767567304888716,0.06342939061133249,0.09154193799203032,0.07692681504519389
238,7.283490688278231e-06,2.6354364528351967e-08,0.322462890625,295406,1,1335731527.2146606,0.14080942232090984,2.9159952109638064e-11,1.2398222472070332e-14,0.08911514769747003,0.10001150810715864,0.07387599106001781,0.07194989733557036,0.10433613363940861,0.05991484000702601,0.09254335225104635,0.0996783786894083,0.07673484715416624,0.06343995493667513,0.09146522431723611,0.07693472480481645
239,7.3115651922005846e-06,2.8074503922354077e-08,0.32340039062500003,295807,1,1299643587.9141378,0.14594739602623116,2.915990790124781e-11,1.2442430862315683e-14,0.08917085897536554,0.10002355342702364,0.07389132811131713,0.07198893592863916,0.10432960303416457,0.059892137382912304,0.09248645677946143,0.09966723235153793,0.07672377869441543,0.0634613874780319,0.09144769025431664,0.07691703758281447
240,7.340419256767767e-06,2.8854064567183067e-08,0.32445507812499996,296104,1,1304911023.757237,0.1506079477356811,2.9159868404055487e-11,1.2481928054651729e-14,0.08918800151696656,0.100071634531456,0.07389794186165506,0.0719957139675297,0.10429746991650665,0.05981784362001192,0.09246272295495452,0.09966831406023322,0.07671516545168883,0.06344772786101698,0.09142733308853185,0.07701013116944877
241,7.369156848310236e-06,2.8737591542468587e-08,0.32548437500000005,296461,1,1301014928.0799727,0.14955214237526565,2.9159825470751913e-11,1.2524861358223333e-14,0.08921199174307522,0.10004920551101724,0.07383826988622726,0.07206207095194662,0.10428567999615956,0.05983270126254141,0.09244635399164707,0.0996651624981998,0.07674859584273439,0.06343310450770487,0.09142023906677547,0.0770066247419711
242,7.397980499131324e-06,2.882365082108796e-08,0.32648437500000005,296800,1,1368296947.2703447,0.15775725371072408,2.915978392676258e-11,1.2566405347541806e-14,0.08924383823881311,0.10000598229241445,0.07388131131849725,0.07206269442450347,0.1042833213687485,0.059804977267288825,0.0924144532184733,0.09962909787030388,0.07669298875329025,0.06349006939459201,0.0914692510169897,0.07702201483608519
243,7.425386830830601e-06,2.7406331699277582e-08,0.3273984375,297122,1,1369875468.935167,0.15017304595336248,2.9159744320079374e-11,1.2606012030765535e-14,0.08923926790273701,0.10000119311809484,0.07385401006991672,0.0721180232419405,0.10429641825947933,0.059799078912830796,0.0923950652635598,0.0996134297372754,0.07661607845944592,0.06356933209249051,0.09150022669243803,0.07699787624979121
244,7.452761581930531e-06,2.737475109992993e-08,0.32845507812499997,297440,1,1368539887.9098759,0.14985375520743544,2.915970799288793e-11,1.2642339222193518e-14,0.08914841617658427,0.10001843383738977,0.07383049194560234,0.07217144658052316,0.10432362682777443,0.059844561126010144,0.09244272131011066,0.09954272190475057,0.07657178195743568,0.06356106059975382,0.09157454703304414,0.076970190701021
245,7.4801630485091e-06,2.7401466578568245e-08,0.32948046875000003,297778,1,1300579692.9667506,0.1425511639583719,2.915966912777374e-11,1.2681204336387932e-14,0.08916736813401782,0.10002726830829788,0.07378448551815715,0.07211874755474411,0.104307207132441,0.05984208092759672,0.09247513248841098,0.09947597424923237,0.0765824510652424,0.06361222094443195,0.09160966009460919,0.0769974035828186
246,7.5089963450789225e-06,2.8833296569823256e-08,0.3305703125,298113,1,1366140900.4979496,0.15756138296089114,2.915962982533638e-11,1.2720506773755442e-14,0.0891569966676908,0.10001654337910336,0.07373029565381799,0.0720759577434831,0.10437690544277173,0.05982794885732518,0.0924420390896415,0.09950251695696359,0.07655448680074682,0.06369791789757286,0.09161487013447406,0.07700352137640916
247,7.536445929515148e-06,2.7449584436225783e-08,0.331609375,298389,1,1419903176.128188,0.15590300849758346,2.9159593741660493e-11,1.2756590449640637e-14,0.08913678556283276,0.10003298308438956,0.07377020213918861,0.07205036988173208,0.10437379258351788,0.05979362012910521,0.09242331432879422,0.09955590632804033,0.07653842529331385,0.0637221410733638,0.09163407623804364,0.07696838335767799
248,7.562856181024167e-06,2.6410251509018756e-08,0.332626953125,298646,1,1367303238.7494636,0.14444328969787704,2.915955996076906e-11,1.2790371341082626e-14,0.08915181585978096,0.10006752590939784,0.07376765215348932,0.07202959396377087,0.10433633774698334,0.059763365726197115,0.0924517776929626,0.09962713954375971,0.07649217580223715,0.06372097119873169,0.091647338598397,0.07694430580429229
249,7.59028243069377e-06,2.7426249669603298e-08,0.333619140625,298921,1,1369671030.08186,0.1502597585449913,2.915952470326445e-11,1.282562884568424e-14,0.08914426887883241,0.10007435031291528,0.07379414915726554,0.07202027948692429,0.10434217536136006,0.0597436963228794,0.09246368836095611,0.09967625414927435,0.07646958955114656,0.06371294924859348,0.09159138941415466,0.07696720975569775
250,7.617661267784132e-06,2.737883709036232e-08,0.33336132812499997,297895,1,1372806037.608485,0.15034333144139408,2.916021947698372e-11,1.2130855126410352e-14,0.08914876289686607,0.10001699076054157,0.07354069873038005,0.07212284905759866,0.10463379052149917,0.05978404157463337,0.09245903176100442,0.09957171565669287,0.07645256355423274,0.06367433985036412,0.09183799016879439,0.07675722546739237
251,7.644977581212742e-06,2.7316313428608874e-08,0.33436132812499997,298181,1,1349736355.1897888,0.1474792852974097,2.916016189328208e-11,1.2188438828055472e-14,0.08910411056526843,0.10001577167290718,0.07347847166648169,0.07213495878920283,0.10465965314002325,0.059780481678573305,0.09245705139812958,0.09963024189073151,0.0763991518344792,0.06372924126570596,0.09180281904049815,0.07680804705799886
252,7.67276078484048e-06,2.778320362773888e-08,0.335462890625,298494,1,1332916248.202825,0.14813073417016331,2.916010600127581e-11,1.2244330834314723e-14,0.08903276140128205,0.10007161280180722,0.07345261037395857,0.07211933138096265,0.10465948986067528,0.05982288931455488,0.09246784701642438,0.09963494937615354,0.07638116641534262,0.0637412157874206,0.09182158514645693,0.07679454112496144
253,7.700894585482915e-06,2.813380064243448e-08,0.33656054687500003,298804,1,1350520858.5389612,0.1519811383903384,2.9160050073622844e-11,1.2300258487288008e-14,0.08900353414307187,0.10004120265321874,0.073445180160052,0.0721162495139828,0.10467795193797551,0.059796075882520214,0.09249125169017926,0.09957694740568364,0.07638159460071148,0.06376545824894526,0.09188771986838364,0.07681683389527562
254,7.728661650140153e-06,2.7767064657238067e-08,0.33755468749999995,299077,1,1315696557.9706633,0.14613212557790795,2.915999709475208e-11,1.2353237358045457e-14,0.08899020991968894,0.10005901821464115,0.0733966718355822,0.07207165505589373,0.104716828291712,0.05978776587127086,0.09252551669868309,0.09961927465456988,0.07633601036869027,0.0637917467077094,0.09185432915962692,0.07685097322193163
255,7.757163662836637e-06,2.850201269648389e-08,0.33855468749999995,299388,1,1409183696.9793262,0.16065828649193148,2.915994304877221e-11,1.240728333791812e-14,0.08899273104880581,0.10012691819545404,0.07338756201684551,0.07202030691127265,0.1047132802584516,0.05980731510326526,0.09256374754817123,0.0995846313603323,0.07635283258336219,0.06377062420676129,0.09185415945540558,0.07682589131187262
256,7.783774813732283e-06,2.6611150895645188e-08,0.33945703125000004,299644,1,1409362729.2743382,0.15001905702167104,2.9159894672630707e-11,1.2455659479428944e-14,0.0889920714376129,0.10013693743455195,0.0734111230020368,0.07200147294047247,0.10468233967388177,0.05979793097893004,0.09263414690279743,0.09959609210480891,0.07627645251493079,0.06377947319363414,0.09182287890818287,0.07686908090815985
257,7.810382584195539e-06,2.6607770463256284e-08,0.340439453125,299910,1,1405613232.0425458,0.1496009369532154,2.915984833916473e-11,1.2501992945396356e-14,0.08905653882562174,0.10010613579644874,0.07341728579214594,0.07197154413241157,0.10467858064886261,0.05987206333725365,0.09260778520409625,0.09959553655947906,0.07629155790137974,0.06376753392042683,0.0917988583230544,0.0768365795588193
258,7.837061331339594e-06,2.6678747144054297e-08,0.341337890625,300147,1,1406077474.9708962,0.1500495416787955,2.91598029328946e-11,1.254739921553051e-14,0.0891540068091437,0.10010585643578519,0.07341859067891168,0.07198809830343604,0.10463765628129201,0.05983463508139502,0.09267301805281376,0.09959660115011587,0.07625668755185534,0.06376562812920207,0.09177466884101507,0.07679455268503418
259,7.86373126999342e-06,2.6669938653825735e-08,0.34228125,300383,1,1417092581.9964862,0.15117508891455123,2.915975937897349e-11,1.2590953136637869e-14,0.08917077513010135,0.1001552086186433,0.07339884050031954,0.07193234730210901,0.10463457500228249,0.05982379256824615,0.0926915000456496,0.09957888249794578,0.07625194010773305,0.06377248242490642,0.09178421437049211,0.07680544143157127
260,7.8901939023411e-06,2.64626323476817e-08,0.3431640625,300640,1,1419688831.9100702,0.15027481442778348,2.915971497574862e-11,1.2635356361510227e-14,0.08920318725099602,0.10014228799089356,0.07335230506545247,0.0719180421172453,0.10468981217985202,0.05982925441092772,0.09268070574843483,0.09952760387023335,0.07622083096186683,0.06373932840068298,0.09183836084234491,0.07685828116107
261,7.916608141262419e-06,2.6414238921318376e-08,0.34416601562500004,300847,1,1421480264.658668,0.15018927733053178,2.9159674268855004e-11,1.2676063255130865e-14,0.08912509292730957,0.10011179651898555,0.07338278106609614,0.07195269361511353,0.10471985608326288,0.05983099998297515,0.09270598650496842,0.09948187704652892,0.07623160606765676,0.06374671562257042,0.09182069427340775,0.07688990029112494
262,7.942989091411596e-06,2.6380950149177524e-08,0.34515625000000005,301071,1,1399170791.4973834,0.14764581960271095,2.915963201209025e-11,1.2718320019883382e-14,0.08916364870982345,0.10009619737437755,0.0733816206428248,0.07189339067451335,0.1047023540063377,0.05982910819375283,0.09266636487098236,0.09950203712086918,0.07620529651425985,0.06378451788139429,0.09186283386147577,0.07691263014938886
263,7.96979068005816e-06,2.6801588646563828e-08,0.346162109375,301342,1,1399878530.0239072,0.15007587406742887,2.915958841358242e-11,1.2761918527708025e-14,0.0890963974384292,0.10008181228312693,0.07337715462521512,0.0718650379439727,0.10467458459107963,0.059824526758258806,0.09267921121674612,0.09954015854656248,0.07621519451575591,0.06385871865037944,0.09183851947978673,0.07694868395068694
264,7.996578718588445e-06,2.6788038530285606e-08,0.3471640625,301586,1,1401849992.9411733,0.15021124649835504,2.91595470199624e-11,1.2803312147731878e-14,0.08906429326912259,0.10006863649661318,0.07335103629858002,0.0718376578076828,0.10467628327744898,0.0598375227850665,0.0927042779665594,0.09949479037738823,0.07621464095235952,0.06382631590791459,0.09192789792290208,0.07699664693836218
265,8.023329084311472e-06,2.6750365723027564e-08,0.34816015624999996,301793,1,1406571961.3697255,0.15050525752958543,2.9159506936136286e-11,1.2843395973845968e-14,0.08912362979501624,0.10010770905092621,0.07325337432261106,0.07181725364359524,0.10471900279370353,0.05980657249604507,0.09268027241414133,0.09957477364269768,0.07616488460545952,0.0638007831345578,0.091956602228231,0.07699514187301552
266,8.049989647034109e-06,2.6660562722636917e-08,0.349177734375,302084,1,1406712332.9251494,0.15001496953863142,2.915946475005801e-11,1.2885582052122554e-14,0.08911561201259656,0.1000844618215786,0.07322448385996119,0.07175898735310077,0.10471028476498918,0.0598280558678592,0.09266748331739186,0.09955867299850654,0.07623378584733106,0.06381062652772418,0.09201304403761068,0.07699450159135021
267,8.076647549380086e-06,2.665790234597691e-08,0.35013281249999995,302349,1,1406040505.0470273,0.14992836191212686,2.9159423634395336e-11,1.2926697714797079e-14,0.08906218622397752,0.10005689805207846,0.07323671820960798,0.07173617154204878,0.10470357230515208,0.05985451949037197,0.0926657295222795,0.09956601289689182,0.07621549858312694,0.06387085257826272,0.09202423187629694,0.0770076087199054
268,8.103318189283697e-06,2.667063990361056e-08,0.35116210937500003,302611,1,1406204592.7331429,0.150017505294356,2.915938376582771e-11,1.2966566282426767e-14,0.0890402958925443,0.10013070441335965,0.07320559526126978,0.07168719931032563,0.10468589226619204,0.05989043076837509,0.09267221001696375,0.09956339164047943,0.07615339692427486,0.06386162017853667,0.09207152590450235,0.07703773742317639
269,8.129985717034487e-06,2.6667527750790396e-08,0.35213281249999995,302875,1,1406619989.5170648,0.1500443104210513,2.9159343338693575e-11,1.3006993416557461e-14,0.088983426885275,0.1001375546335944,0.07319237681095113,0.07167816652985157,0.1046912785925055,0.059969383000909635,0.09268298094202738,0.09961063164200297,0.07613759900605684,0.06382424067623634,0.09211168548798616,0.0769806757926031
270,8.15664536944912e-06,2.665965241463324e-08,0.3530703125,303105,1,1405749637.0765285,0.14990718682582832,2.915930537058635e-11,1.3044961523775187e-14,0.08895182882304782,0.10016484853849048,0.07324143119509659,0.07162060496094527,0.10461797180979354,0.059965038833447656,0.09273560064611776,0.09962272918372314,0.07614564202420729,0.06383731993892859,0.09214369481999425,0.0769532892262076
271,8.183321527856663e-06,2.6676158407543312e-08,0.35401953124999996,303336,1,1403238167.0595613,0.14973201451196633,2.915926863042925e-11,1.3081701680875048e-14,0.08890090368425117,0.10018868132716899,0.07327676571516842,0.07164373434551853,0.10465744960222444,0.059969766851669985,0.09273521720420613,0.09961491354864335,0.07612905361418529,0.06384269935671803,0.09215593242781006,0.07688488232243541
272,8.210045430384614e-06,2.672390252795076e-08,0.355033203125,303559,1,1381924072.2678936,0.1477216168332639,2.9159232077351554e-11,1.3118254758576171e-14,0.08885062466648697,0.10018319149287315,0.0733151058714799,0.07163722583165087,0.1046502032710409,0.059958080505234435,0.09271800062714206,0.09961656315155383,0.07613174383997975,0.06389147141827624,0.09215137228582275,0.07689641703845922
273,8.237181508807836e-06,2.7136078423222094e-08,0.35612109375,303758,1,1403184109.391842,0.1523076561387043,2.9159196887182963e-11,1.3153444927171714e-14,0.08879309399234372,0.1002007305274935,0.07325567365384404,0.07163227922384197,0.10463764300678972,0.06000526506301622,0.09272543793258525,0.09961937981945221,0.07611855166891529,0.06390470235940637,0.09221538495288865,0.07689185779942304
274,8.263906440874129e-06,2.672493206629384e-08,0.35719531250000003,303995,1,1403278284.487316,0.15001006729211552,2.915916001554529e-11,1.3190316564847426e-14,0.0887611819514009,0.10017825506878678,0.07325955250322609,0.07161916843463617,0.10461276000087487,0.060005249229019494,0.09279652676013211,0.09968067190131451,0.07609741694188667,0.06392029920605412,0.09226613591128803,0.07680278209138033
275,8.290629579409477e-06,2.672313853534798e-08,0.3571875,304143,1,1391059352.40542,0.14869388714088597,2.915990757652042e-11,1.2442755589707042e-14,0.08878499562554683,0.1003882327209099,0.0729057305336833,0.07194881889763781,0.10477909011373579,0.060072178477690294,0.092749343832021,0.0996773840769904,0.07604440069991253,0.06393810148731409,0.0922353455818023,0.07647637795275591
276,8.317587451433525e-06,2.6957872024047707e-08,0.35809375,304397,1,1430894142.1750953,0.154295444658863,2.9159845479740464e-11,1.2504852369669823e-14,0.08881119643947989,0.10035779736451698,0.07287394187974518,0.07191399773104111,0.10483026442097916,0.06006741425953399,0.09282550833406056,0.0996651103935771,0.07601557727550398,0.06395627890740903,0.09220918055676762,0.07647373243738546
277,8.343794840851582e-06,2.6207389418057458e-08,0.359158203125,304580,1,1432736782.0110784,0.15019316311895534,2.915979119807935e-11,1.255913403077808e-14,0.08875462915128149,0.10035945597615956,0.0728809227305603,0.07190207135826505,0.10490023873097361,0.060096036195748534,0.09281142428312734,0.09967969807873231,0.07597518067964915,0.06399512749539125,0.09222411345975019,0.07642110186036143
278,8.369968524999876e-06,2.617368414829322e-08,0.36025585937500004,304818,1,1433554339.2999532,0.15008559394500862,2.915973535785874e-11,1.2614974251388485e-14,0.08872817170955972,0.10036269795230171,0.0729028305620463,0.07189443266775458,0.10492217445283572,0.060113526085518655,0.09282139972133521,0.09965248223105323,0.07597681769141941,0.06398447284102554,0.09216539894064006,0.07647559514450994
279,8.396127282273292e-06,2.6158757273416195e-08,0.36132617187500005,305041,1,1395455398.4708543,0.14601351621790945,2.9159681257312905e-11,1.2669074797230173e-14,0.0887950745679706,0.10033027205552461,0.07289769133887208,0.0718328207179498,0.10500056757063549,0.060097622149308895,0.09276266358196529,0.09974107968151177,0.07598959994378346,0.06395710247082415,0.09212482229633671,0.07647068362531688
280,8.423000230015722e-06,2.687294774243064e-08,0.362318359375,305199,1,1433222518.0723681,0.15405965532573443,2.915962901094105e-11,1.2721321169080368e-14,0.08881605545882365,0.10030888322273553,0.07288673742769815,0.07184095478876809,0.10495560814416707,0.06010554857768171,0.09279434199248547,0.09975364811031391,0.07595400712641572,0.06395985057167654,0.0921366848690346,0.07648767971019961
281,8.449165043592916e-06,2.6164813577193945e-08,0.363275390625,305362,1,1402293698.8806732,0.14676301284674623,2.915957913549673e-11,1.2771196613398321e-14,0.08879713113652371,0.10034570450061023,0.07289364882229284,0.07178072764614483,0.1048726592364393,0.060130002096808015,0.09285095996171981,0.09968977994268725,0.07595821437980183,0.06395264439749028,0.09221116469620477,0.07651736318327716
282,8.475906945114639e-06,2.6741901521723247e-08,0.36422656249999996,305563,1,1436346524.5824409,0.1536425492458123,2.9159528639003406e-11,1.282169310672872e-14,0.08876364728341306,0.10034641041590697,0.07289633426996417,0.07178631946976684,0.10482400634907015,0.06013384526286437,0.092865875892838,0.0996492996718217,0.0759528967632612,0.06398404152635079,0.09219021471010917,0.07660710838463353
283,8.50201485108176e-06,2.61079059671214e-08,0.365150390625,305727,1,1403070249.852229,0.14652490459363013,2.915948013311564e-11,1.2870198994488445e-14,0.08877977288895308,0.1003706734703702,0.07289376701594485,0.07180260701658671,0.1048529875853806,0.06014217172932814,0.09287162288654612,0.09966462876490317,0.0759158523082848,0.06395588290355537,0.0921655781810791,0.07658445524906798
284,8.528741951883697e-06,2.6727100801937383e-08,0.36606640625,305949,1,1437040263.8761153,0.15363167995623853,2.915943048704332e-11,1.2919845066813975e-14,0.088760364090361,0.1003756149093509,0.07290343922401375,0.0717616552666119,0.10486805459221239,0.060130398130462163,0.09289532935665278,0.09966600151526471,0.07589128509385037,0.06395590793166371,0.09217504508446,0.07661690480509642
285,8.55483725411194e-06,2.609530222824209e-08,0.36698242187499996,306142,1,1403895959.6031878,0.14654035745141256,2.915938359776565e-11,1.2966734344482353e-14,0.08876234066899066,0.10036988743713245,0.07291838526836797,0.07172090795391044,0.10482982516831209,0.06011336118576865,0.09291359535911015,0.0996141461986748,0.07591473961521061,0.0639825434418159,0.09224300806301391,0.07661725963969238
286,8.581548635210721e-06,2.671138109878128e-08,0.36791796875000005,306312,1,1435027342.2526438,0.15332624890432642,2.91593380333338e-11,1.3012298776332263e-14,0.08874366950853091,0.10035886056462144,0.07286568210050219,0.07174026139488465,0.10486585197532568,0.0601250703387941,0.09291091127225626,0.09963158397655729,0.0758968859821419,0.06400033974964699,0.09223672056653254,0.07662416257020607
287,8.607680541478886e-06,2.613190626816498e-08,0.36887499999999995,306465,1,1405015572.8110187,0.14686294101603872,2.915929468468414e-11,1.305564742598573e-14,0.08869345137241612,0.10034204506946796,0.07283018468315824,0.07170238902067094,0.1048744069806845,0.0601543968146391,0.09290282954930532,0.09966430870891223,0.07591176719756014,0.06404079125720094,0.09225156726533378,0.0766318620806506
288,8.63437063710891e-06,2.6690095630024684e-08,0.3698203125,306649,1,1436955957.1759965,0.15340996765264403,2.915924955580001e-11,1.3100776310123067e-14,0.08870967741935483,0.10033377696093963,0.07283414665061157,0.07167226482455584,0.10484927223947439,0.06016963474660413,0.09289773327418298,0.09972642964277413,0.07594482117582439,0.06404609502080824,0.09222701058368717,0.07658913746118257
289,8.660467470357508e-06,2.6096833248596945e-08,0.37074804687499996,306836,1,1406347417.8747988,0.14680485621549405,2.9159205740751023e-11,1.3144591359114371e-14,0.08869315098802569,0.10031977157667932,0.07284154185741454,0.0716720313133814,0.10484503985291561,0.06015077203500103,0.09287599500587389,0.09978242889428574,0.07593389631393456,0.06408074890819342,0.09221748681666604,0.07658713643762874
290,8.687132289820588e-06,2.666481946307983e-08,0.371751953125,307022,1,1437175777.7383275,0.1532881306004154,2.915916309252208e-11,1.3187239588055646e-14,0.08867429874380704,0.10033256802408361,0.07279719655137992,0.07164135191791403,0.10488239280854485,0.060140697814928264,0.09285110094201339,0.09982294561751001,0.07586543866930762,0.06409683876492747,0.09228894014300952,0.0766062300025744
291,8.713225131476334e-06,2.6092841655746147e-08,0.37274804687499996,307161,1,1380685218.0372386,0.14410400308270005,2.915912241404667e-11,1.3227918063463223e-14,0.0887202837875366,0.10030024050679338,0.07281749254638531,0.07163329787735724,0.10494794259275754,0.06012145855056668,0.09283352633261197,0.09984437795721178,0.07583037721316026,0.0640775071130277,0.0922519085969389,0.07662158692565248
292,8.74038555842239e-06,2.7160426946056128e-08,0.37380078125000005,307338,1,1436347613.2007277,0.15604725766992183,2.9159080100667226e-11,1.327023144290852e-14,0.08872122307796809,0.1002581171036544,0.07279006823905615,0.0716301087853866,0.10496588047192584,0.06011933997262078,0.09285423176198886,0.09985056378209482,0.07579446772491195,0.06411649754945503,0.09226902699256999,0.0766304745383675
293,8.76649344460214e-06,2.6107886179749872e-08,0.37480078125000005,307539,1,1382610953.4750156,0.1443881976168046,2.9159037954453755e-11,1.3312377656373253e-14,0.08864084044648719,0.10025638620517151,0.07277824677693358,0.07165264880300994,0.10495158886491782,0.06014653618067932,0.0928461995435075,0.09978738704936997,0.07581110798445008,0.06415387341191675,0.09231987826866356,0.07665530646489281
294,8.793616041819925e-06,2.7122597217784616e-08,0.37590820312499995,307677,1,1434960493.980574,0.15567942200667342,2.915899925264737e-11,1.3351079462766806e-14,0.08863429714493545,0.10027797261839815,0.07276647702179617,0.07160782479931416,0.10492297300807939,0.06010963032239628,0.0928428545449822,0.09984152962876366,0.07581118644948431,0.06425064297404723,0.0922921050580625,0.07664250642974046
295,8.819749165454551e-06,2.6133123634627156e-08,0.37690234375,307830,1,1382132427.6638052,0.14447775044626238,2.915896017514698e-11,1.3390156963157713e-14,0.0886026096779877,0.10036067034937349,0.07277664348565091,0.07158995512348813,0.1048949599427902,0.060137635121829874,0.092857068827925,0.0998217376434131,0.07575631950418191,0.06425217905002746,0.09229222589571652,0.07665799537761563
296,8.84688115313491e-06,2.713198768035969e-08,0.37799218749999997,307992,1,1437240810.2451932,0.15598079982913107,2.915892202484207e-11,1.3428307268052043e-14,0.088538329578571,0.10039683359857804,0.0727579935101172,0.07156439245189428,0.10491804972821034,0.06012442386788749,0.09289419837546246,0.09984912055887399,0.0757445797077486,0.064242605873964,0.09231548271086953,0.07665399003782321
297,8.872972814137496e-06,2.6091661002586267e-08,0.37907421875,308117,1,1382873449.7008312,0.14432586103628448,2.9158885293626236e-11,1.3465038483899944e-14,0.08852261368671621,0.10043485877394558,0.07273064517791082,0.07158166998134848,0.10498438836392116,0.06012798450171574,0.09289181084673805,0.09983718557752749,0.07568809702915202,0.06423956390466082,0.09232505178116918,0.0766361303751945
298,8.90009026295981e-06,2.7117448822314644e-08,0.38011328125,308231,1,1439313651.4895554,0.15612205713410734,2.915884844298005e-11,1.3501889130081715e-14,0.08845533301133503,0.10041722759456986,0.07268084144323751,0.07165832554028918,0.10496973558458107,0.06012804571005764,0.09293076693830993,0.09982632644462484,0.0756815916307844,0.06428490684314914,0.0923398657883649,0.07662703347069644
299,8.926144347808648e-06,2.605408484883819e-08,0.38112500000000005,308358,1,1401487689.7553496,0.14605791673395238,2.9158813070024883e-11,1.3537262085247335e-14,0.08841013447031815,0.10039152181042965,0.07266726795670711,0.07163209248934077,0.10496781731715317,0.06010167267956707,0.09294543292882912,0.0999303050180387,0.07563955395211545,0.06431924401443097,0.09235610036077403,0.07663885700229583
300,8.952901628856579e-06,2.6757281047931414e-08,0.38126953124999996,309986,1,1440429977.8961582,0.15416795899373256,2.91596092622207e-11,1.2741069889433014e-14,0.0883971108037498,0.10040981507094922,0.07251165411608013,0.07167665590902106,0.10530710516879258,0.06022232467598996,0.09313047487321346,0.09974386558065673,0.07556477639465191,0.06424875774806618,0.09240305312227858,0.07638440653655039
