step,t,dt,f,band,band_ok,dG,disp,mol_bulk,mol_face,v1,v2,v3,v4,v5,v6,v7,v8,v9,v10,v11,v12
1,1.8749999999999998e-07,1.8749999999999998e-07,0.12756640625000004,235769,1,931030563.2568746,0.6982729224426559,2.916412550715793e-11,8.224824952204378e-15,0.0919098508742383,0.09710016229292343,0.0730471261904033,0.06681569035735065,0.10513825519796675,0.060798603668432497,0.09319594573904523,0.10114217472517378,0.07941635790182809,0.06177848547019016,0.0878065958293781,0.0818507517530698
2,2.277779473412986e-07,4.027794734129863e-08,0.12841015624999996,236260,1,1207600676.8325815,0.19455870588311722,2.9164094000694525e-11,8.256331415606037e-15,0.09194475709548872,0.09729869497764122,0.0733884951175737,0.06706111398412072,0.10499498068323548,0.060855413257080285,0.09302467070240016,0.10093389711921638,0.07927478477778117,0.06164633589876191,0.08797493383627902,0.08160192255042133
3,2.588312588534773e-07,3.1053311512178704e-08,0.128919921875,236628,1,1208109670.526998,0.15006322375900183,2.916407686268097e-11,8.273469429163493e-15,0.0919144939173118,0.09732301119578227,0.07343160573878527,0.06706864423470238,0.10491311527565257,0.06078143227233475,0.09306588695138393,0.10082264002302785,0.07926432045086126,0.06167527686457496,0.08812701683154817,0.08161255624403471
4,2.89871487166228e-07,3.104022831275066e-08,0.12939062499999998,237067,1,1209884380.492937,0.15022034961012665,2.916405954399919e-11,8.290788110938185e-15,0.09192730346576501,0.09731614539306847,0.07354184277261201,0.06712655476391739,0.10480316386909794,0.060862214708368556,0.09305941311435817,0.10080304311073543,0.07921748581089241,0.061571670088153604,0.0881686994324357,0.08160246347059534
5,3.2086618434937665e-07,3.099469718314866e-08,0.12989453124999994,237494,1,1217337735.1881616,0.15092405788710833,2.916404296272096e-11,8.30736938916992e-15,0.09188644633566898,0.09735963672450607,0.07355727302799747,0.06719694463657415,0.10480257420383124,0.060956906143806576,0.09299912789823475,0.10063753646287553,0.0791206808408264,0.06154331939975341,0.088352930562656,0.08158662376326949
6,3.5167111129448914e-07,3.0804926945112474e-08,0.13041406249999998,237909,1,1216976455.689818,0.149955483245787,2.9164026588093275e-11,8.323744016852592e-15,0.09190978254358113,0.09721140597855388,0.07372850895584976,0.06733361289163123,0.10465464565985742,0.06090876415263882,0.09292817348589227,0.10062601090277361,0.07909003774037021,0.061582699335050624,0.08836039058287905,0.08166596777092194
7,3.8248518318936727e-07,3.081407189487811e-08,0.13091406250000004,238322,1,1209731051.3834486,0.14910695836318433,2.916401055799727e-11,8.339774112860205e-15,0.0919018917467327,0.09721310497105687,0.07389449185415049,0.06734499015336874,0.10461299755326131,0.0609446798352927,0.09285671659604941,0.10046547711404188,0.0790714328340395,0.061511607089574497,0.08851524735931252,0.08166736289311928
8,4.134838088401803e-07,3.0998625650813035e-08,0.13133203125000004,238691,1,1041778365.1197195,0.12917479020584882,2.916399555236435e-11,8.354779745781478e-15,0.09184735730644537,0.09717141072543946,0.07392700990452396,0.06742809553552838,0.10460723952291723,0.06092918116653282,0.09282888670771244,0.10047291871151959,0.07911721840516345,0.06155379078552096,0.0885309776627703,0.08158591356592607
9,4.494799489555402e-07,3.5996140115359904e-08,0.13189843749999997,239146,1,1209883888.9568155,0.1742045999608243,2.916397912088224e-11,8.371211227890934e-15,0.09179352010898537,0.09734644316768346,0.07395012734703547,0.06740508203518332,0.10449860806728661,0.06090446010780074,0.092830065746609,0.1004412722857312,0.07917727891962328,0.06151157969555173,0.08853580524788249,0.08160575727062724
10,4.804746587308172e-07,3.099470977527703e-08,0.13241992187499996,239505,1,1037015417.213068,0.12856796755602748,2.916396439576193e-11,8.385936348205629e-15,0.09168276818242156,0.09753831177450993,0.07389489520494402,0.06753786929010752,0.10442631897225621,0.06093010221389695,0.09277422970840277,0.10038496143010957,0.07911621115355683,0.06156432985737252,0.0885558784052862,0.08159412380713578
11,5.166361268995158e-07,3.616146816869854e-08,0.13294726562500003,239976,1,1037015236.9347764,0.14999997392348918,2.916394628608263e-11,8.404046027498293e-15,0.09161292218190367,0.09757745816744776,0.07396906080594691,0.06751972263438571,0.10443814364835682,0.06089409275881826,0.09292041898661653,0.10036874348087971,0.0790668292467937,0.06149642274750622,0.08858658126313006,0.08154960407821477
12,5.527976013546481e-07,3.61614744551324e-08,0.133484375,240408,1,1221190200.7243671,0.17664015299340888,2.916392955941013e-11,8.420772700003798e-15,0.09174177689336299,0.09757988996839519,0.07394943228374108,0.0675553084396582,0.10441296968278123,0.06075149244995903,0.09292695774318156,0.10049163057473955,0.07908521596628819,0.06143918998010067,0.08853739904014983,0.08152873697764251
13,5.835053485817028e-07,3.0707747227054654e-08,0.13394921875,240798,1,1028931784.0398659,0.12638470855271436,2.916391378073326e-11,8.436551376869988e-15,0.09177335160829372,0.09763494794552506,0.07389694088827972,0.06759791198856843,0.10426934180980434,0.060803126184713195,0.0928960951853256,0.10046367851622875,0.07910238838179115,0.06141553177218513,0.08862383715843808,0.08152284856084688
14,6.199509133719795e-07,3.644556479027677e-08,0.13442578125000004,241247,1,1217996972.8556864,0.1775623503542916,2.916389703132603e-11,8.453300784107444e-15,0.09166594019701856,0.0976956382762328,0.07405631592712056,0.06761979484497137,0.10426292389503967,0.06086362711765902,0.09284282102693749,0.10042716415308169,0.07902536832011159,0.06140121465725162,0.08867288524685438,0.0814663063377212
15,6.507391672311647e-07,3.078825385918521e-08,0.13487890624999999,241622,1,1162409199.5242956,0.14315419809282515,2.916388240245852e-11,8.467929651606004e-15,0.09180688696458049,0.09775840597758406,0.07414057748559183,0.06760983521098207,0.10414434243679226,0.06084740363172984,0.09282052767239132,0.1003649106548119,0.07904949462770425,0.06126734049639434,0.08879492600422834,0.08139534883720931
16,6.829997515549523e-07,3.2260584323787615e-08,0.13537695312499998,241988,1,1039588214.487461,0.13415089302195415,2.9163869229944866e-11,8.481102165265244e-15,0.09184424278273917,0.09780272099029043,0.0740842266241542,0.0676063653282934,0.10403531805000507,0.06085438518026922,0.0927531631872809,0.100370781815821,0.07906164788712075,0.061344913652561575,0.08881450810093346,0.08142772640053093
17,7.190717264748375e-07,3.6071974919885264e-08,0.13586328125000002,242413,1,1218573009.507937,0.17582534014807763,2.916385298427961e-11,8.497347830523857e-15,0.09187487421293235,0.09782639947097553,0.0741353037577988,0.0676518788993991,0.10409418935625774,0.06082343808401139,0.09285241942439838,0.10041401914838562,0.07903740548000344,0.06129783502486991,0.08875535493516575,0.08123688220580201
18,7.498454262920874e-07,3.077369981724985e-08,0.13632812500000002,242793,1,1038962179.7460216,0.1278908409639186,2.91638388932006e-11,8.511438909532934e-15,0.09183381088825214,0.0978080229226361,0.07421203438395416,0.06773638968481376,0.10398280802292265,0.0608595988538682,0.0929083094555874,0.10035816618911175,0.07901146131805158,0.061246418338108885,0.08888252148997135,0.08116045845272207
19,7.859391366609932e-07,3.6093710368905837e-08,0.13688671875000002,243216,1,1211204028.4470723,0.17486738960168247,2.916382325352701e-11,8.527078583123711e-15,0.09177296464343807,0.0977370658904774,0.07433724281596894,0.06780241417686841,0.10394372627914276,0.060825271808920466,0.09287161487315583,0.10034814370915732,0.0790029392460691,0.06128185372256942,0.0888479867591245,0.08122877607510771
20,8.169000640681454e-07,3.09609274071521e-08,0.13734179687500003,243532,1,1156623131.0162485,0.1432404991873082,2.916381026537135e-11,8.54006673878451e-15,0.09166797024986136,0.09795361139947951,0.07427580028157398,0.0677910664258593,0.103855288044483,0.06079437989732505,0.09297629374706694,0.10030006114990259,0.07892603705968515,0.061249448939831336,0.08898021871755855,0.08122982408737325
21,8.493220336746595e-07,3.2421969606514114e-08,0.13779296875000002,243904,1,1010579636.1040627,0.1310599289869121,2.916379640830341e-11,8.5539238067235e-15,0.09158043940467753,0.09800141743444364,0.07440113394755492,0.06778171509567682,0.10382707299787385,0.06085046066619418,0.09291282778171508,0.10017009213323882,0.07893692416725726,0.061275690999291275,0.0890574060949681,0.08120481927710842
22,8.864294507057093e-07,3.710741703104979e-08,0.13834765625,244309,1,1214571769.955791,0.18027848472755925,2.916378199723644e-11,8.568334873682475e-15,0.09150972696727559,0.0980037834938024,0.07438518225710816,0.06774995058870033,0.10386255188186462,0.06090295620747098,0.09283677330095716,0.10016376316458198,0.07907219696755795,0.061157071462856816,0.0891944546404269,0.08116158906739701
23,9.173045302420672e-07,3.087507953635787e-08,0.13875390624999995,244691,1,1025247636.4433063,0.12661840927860002,2.916376663769399e-11,8.583694416139815e-15,0.09141071478843502,0.09804059570394978,0.07443484136144816,0.06774865572478253,0.10385405816277696,0.060935784465527436,0.09277610427634359,0.10009571802595649,0.07909405703668253,0.06118915571070635,0.08921483066355114,0.0812054840798401
24,9.538810593332159e-07,3.657652909114866e-08,0.13925781250000002,245108,1,1063183488.2853873,0.15555024715399754,2.916375196277394e-11,8.598369336187869e-15,0.09150070126227208,0.09813464235624123,0.07444600280504908,0.06775596072931275,0.10380084151472649,0.06091164095371669,0.09280504908835904,0.09999999999999999,0.07904628330995792,0.06122019635343619,0.08922861150070124,0.0811500701262272
25,9.89152487466921e-07,3.527142813370515e-08,0.13754882812500002,220962,1,1218915068.0064726,0.1719715008891225,2.916393935832642e-11,8.410973783713838e-15,0.09143059992900249,0.09818956336528221,0.07436279730209444,0.06764643237486688,0.10394036208732695,0.06071707490237842,0.09263755768548101,0.10020589279375222,0.07933262335818247,0.06137025204117857,0.08895988640397587,0.08120695775647853
26,1.0199175514031074e-06,3.0765063936186296e-08,0.13810546874999996,221298,1,1173187312.1720598,0.14437273067238388,2.916392291816592e-11,8.42741394421337e-15,0.09127421863951352,0.09814736246641212,0.07443077358223732,0.06779804836656768,0.10403054730589734,0.0607269127421864,0.09273087257813606,0.10008485362749259,0.07939471079055298,0.061278461320888135,0.08888417479847265,0.08121906378164334
27,1.0518817566164862e-06,3.1964205213378786e-08,0.138625,221649,1,1170210517.2716556,0.1496193964677014,2.916390465353377e-11,8.445678576357782e-15,0.09129846708746621,0.09814585211902617,0.07443361136158702,0.06776938683498648,0.10409152389540129,0.06073884129846709,0.09259467989179443,0.10003381424706945,0.0794775698827773,0.06128832281334536,0.0888751127141569,0.08125281785392247
28,1.0839272727407398e-06,3.204551612425361e-08,0.13918164062500005,222024,1,1168053688.1717908,0.1497235331932121,2.916388631828942e-11,8.464013820709501e-15,0.091326251385751,0.09824448155372506,0.07438851545726276,0.06777900955641937,0.1042646047627735,0.0607485160185796,0.09264534598167302,0.09992843210171062,0.07930003788888734,0.06121160241927563,0.08891258893363833,0.08125061394030397
29,1.1160319614033766e-06,3.21046886626368e-08,0.13979296875000002,222356,1,1168506056.5593698,0.15005809258497618,2.9163869515797405e-11,8.48081631272451e-15,0.09129013328862436,0.09833179646240255,0.0744264677117389,0.06785983737111241,0.10433956464637997,0.060734344873836874,0.09264537401849833,0.09984072428535501,0.07924665381283706,0.061167463045239893,0.08883113979936849,0.08128650068460615
30,1.148124221250465e-06,3.209225984708851e-08,0.14033593749999995,222686,1,1168766706.5529397,0.15003345938929114,2.9163852627705355e-11,8.497704404777208e-15,0.0912291933418694,0.09843845682792406,0.07441685687246005,0.06795913822858096,0.10436731058286478,0.06073595724544897,0.09259310805544729,0.09984412403273393,0.07919055836998273,0.061083894672382115,0.088904971329956,0.0812364304403496
31,1.1802093241112399e-06,3.2085102860774745e-08,0.14087109374999995,223006,1,1168848642.7958598,0.1500105157311285,2.916383598252928e-11,8.514349580854247e-15,0.09113218534231762,0.09843884313562379,0.07449463438981783,0.06799212489254916,0.10433130909796748,0.060727060976624246,0.0925186479216926,0.09985303496658628,0.07925020103707402,0.061018218118293,0.08908022072484265,0.0811635193966115
32,1.2122921778075927e-06,3.208285369635271e-08,0.14145507812500002,223311,1,1174039413.5060945,0.15066613894907108,2.916382044490466e-11,8.529887205477761e-15,0.09115636865723163,0.098557128063514,0.07450465999309631,0.06795995857783915,0.10437003797031412,0.060573006558508814,0.09259233690024164,0.09970314118053161,0.07921297894373491,0.06111149464963757,0.08911287538833278,0.08114601311701762
33,1.2442331838492995e-06,3.1941006041706734e-08,0.141953125,223616,1,1171087796.0846343,0.1496228894804333,2.916380413016109e-11,8.546201949045711e-15,0.09104292790313705,0.0986378646119978,0.07447716015410016,0.06802421574023115,0.10429279031370392,0.06055310952118878,0.09254265272427079,0.09968354430379746,0.07926527242707761,0.06110346725371492,0.08917171161254817,0.08120528343423225
34,1.276254694213745e-06,3.20215103644457e-08,0.14244921875000005,223960,1,1144775158.2537177,0.14662971837992556,2.916378673997321e-11,8.563592136922114e-15,0.0910137932925659,0.09867825705432309,0.07453313955082679,0.06803411303370172,0.10434091096059452,0.060397071324759376,0.09252200619738395,0.09959689582362137,0.07931828776702224,0.06113746675076096,0.08932733704445116,0.08110072119998904
35,1.3090122184573738e-06,3.275752424362866e-08,0.14300000000000002,224302,1,1171039020.7876704,0.15344135645474916,2.9163770223436875e-11,8.580108673256264e-15,0.09104567307692309,0.0987079326923077,0.07457386363636365,0.06805889423076925,0.10426682692307694,0.06032834353146855,0.09265734265734267,0.09950010926573429,0.07938155594405595,0.06112052010489512,0.08931107954545456,0.0810478583916084
36,1.3410350625593377e-06,3.202284410196387e-08,0.143494140625,224626,1,1142504136.9945693,0.1463449274593035,2.916375422833702e-11,8.596103773117669e-15,0.09100436918972629,0.09878996583593082,0.07456206018865101,0.0681511930201854,0.10427527256393855,0.06028392927629341,0.09274660060705878,0.09940246906858677,0.07933958540336741,0.0610733778872722,0.08935741605302919,0.08101376090596034
37,1.3738577008201023e-06,3.2822638260764776e-08,0.14402734375000004,224966,1,1142470006.7087803,0.14999551901590322,2.916373826614629e-11,8.612065963840302e-15,0.09096579967996528,0.09885818122643812,0.07461148327954217,0.06811586341569255,0.10428249844050877,0.06026416424832524,0.09274226356757342,0.09935993056873965,0.0792492744975726,0.06107781183043584,0.08935206530877925,0.08112066393642699
38,1.406681319628293e-06,3.282361880819063e-08,0.14446679687499997,225306,1,1169656007.0923028,0.15356937165403228,2.916372147014665e-11,8.628861963477562e-15,0.09100004055862748,0.0988143361228656,0.07462787459272377,0.06826017007584462,0.10423567266483702,0.06031067908661971,0.09281165925345086,0.0992604810253221,0.07918396041477956,0.06102721483904985,0.08945881271377776,0.08100909865210161
39,1.4387420278815023e-06,3.2060708253209274e-08,0.14492382812500004,225619,1,1137729692.4448721,0.14590567896195425,2.9163706682086024e-11,8.643650024101786e-15,0.09094217059069284,0.09882616137248824,0.07472945108556488,0.06823358175765824,0.10425735502216951,0.06025525262462769,0.09278850689343808,0.0992708993140254,0.07909596905702078,0.060969528712551034,0.08963491058071993,0.08099621298904326
40,1.4717024052444382e-06,3.2960377362935906e-08,0.145390625,225918,1,1140150793.5375524,0.1503192016225942,2.9163692169867954e-11,8.658162242176012e-15,0.09089199355185383,0.09883127350886618,0.074785061794734,0.06816227834497582,0.10424502955400321,0.06026329930145082,0.09271896829661472,0.09930145083288554,0.07919129500268672,0.0610290166577109,0.08973670069854915,0.08084363245566899
41,1.504592791509617e-06,3.28903862651786e-08,0.145869140625,226243,1,1165776799.9898872,0.15337139700260502,2.9163676906978515e-11,8.673425131609405e-15,0.09087500836848095,0.09881502309700742,0.07480752493807323,0.06808596103635267,0.10434491531097273,0.06026645243355425,0.09282988551918055,0.09923009975229294,0.07910557675570729,0.0609894891879226,0.08972350538930172,0.08092655821115351
42,1.5367601841016853e-06,3.216739259206848e-08,0.14632812500000003,226551,1,1144735556.8118036,0.1472926322802616,2.916366226942745e-11,8.688062682689193e-15,0.09092365189535503,0.09881206620395089,0.07497330485851575,0.06821943406300053,0.10420448478376934,0.06023758675920982,0.09276561665776828,0.09925253603844099,0.07911105178857447,0.06093166043780032,0.08966898024559529,0.0808996262680192
43,1.5695188415722726e-06,3.275865747058738e-08,0.14682812499999998,226871,1,1145870735.4940808,0.1501487477184825,2.916364731363725e-11,8.70301847288284e-15,0.09090667234223689,0.09876822390124508,0.07505054804724912,0.06823986378631479,0.10423539427476854,0.06021868681494094,0.0927955730552304,0.09923379802064489,0.07914760029796744,0.06092369905288922,0.08964297116100883,0.08083696924550389
44,1.6022450460545178e-06,3.27262044822452e-08,0.14723632812499998,227172,1,1162028977.2907443,0.15211519170044469,2.9163632782691655e-11,8.71754941847967e-15,0.09091994428599853,0.09879949592093917,0.07505471910857597,0.06826291702593354,0.10411885653644624,0.06023744776812363,0.09276381242952841,0.09929030974331762,0.07907408635670225,0.060940505405584655,0.08965974663394573,0.08087815878490415
45,1.6345161862178474e-06,3.227114016332946e-08,0.14768945312500004,227511,1,1140202205.8398116,0.147182500796776,2.9163617773201714e-11,8.732558908420599e-15,0.09090548421651215,0.09887988150812647,0.07512860864620388,0.06814605181374558,0.10407712551410396,0.06015842998267585,0.09266434796408214,0.0992898422312443,0.07913564410119417,0.06089900419217901,0.08978139836280201,0.0809341814671304
46,1.66740508943864e-06,3.2888903220792766e-08,0.14815625,227825,1,1138229214.5003247,0.14974044191512065,2.916360340375605e-11,8.74692835408304e-15,0.0908431765450327,0.09887154608732335,0.0752478380088589,0.0681290866905716,0.10398650073824087,0.06024572874920903,0.09267559586585108,0.09931976376291922,0.07912360261548196,0.06093123813541447,0.08973581522885467,0.08089010757224215
47,1.700351001845626e-06,3.294591240698584e-08,0.14857421875,228136,1,1155788028.3398023,0.152313964570904,2.9163588861522356e-11,8.7614705877766e-15,0.09083738661758907,0.09900092020507427,0.07533850400946497,0.06805573813592744,0.10394373603260156,0.06019455764427502,0.09261206783225977,0.09929012751413173,0.07921651110818982,0.06095701327724465,0.08966741159458394,0.08088602602865783
48,1.7327963976106831e-06,3.244539576505717e-08,0.14905664062500001,228458,1,1168416374.355038,0.15163892673728963,2.916357440937582e-11,8.775922734307839e-15,0.09096269507449191,0.09900808469934615,0.07543535516333189,0.06803202431961423,0.10384318041851749,0.06018318330123039,0.0926137033688431,0.09933566571013011,0.07915667544583775,0.060890758284523755,0.08965237103135605,0.08088630318277709
49,1.7648911207103144e-06,3.209472309963122e-08,0.14952734374999999,228795,1,1164065639.1653728,0.14944145743523155,2.916355918352285e-11,8.791148587282304e-15,0.09096371378562658,0.09904908696674417,0.07552443898743437,0.06798766947934899,0.1038167141252384,0.06016353614253246,0.09260952480472322,0.09929726481883017,0.079155672823219,0.06094725567543562,0.08961832858747618,0.0808667938033909
50,1.7971057989366103e-06,3.2214678226295934e-08,0.14664257812500003,222123,1,1164221309.154509,0.15002005943443805,2.916373449277033e-11,8.615839339798279e-15,0.0910749723631811,0.09905302273544571,0.07539856954489152,0.06779344974094645,0.10384784432812563,0.0601483730903957,0.09243350514777374,0.09919953117299983,0.07971390897830344,0.06129380269309146,0.0893168711125318,0.08072614909231363
51,1.8293161696841046e-06,3.221037074749437e-08,0.14725,222438,1,1182349889.4834096,0.15233571317407849,2.9163718832202097e-11,8.63149990803608e-15,0.09100435059422751,0.09912192275042446,0.07533955857385399,0.06788518675721562,0.10389696519524619,0.06019206281833616,0.09247665534804754,0.09910865874363327,0.07975647283531409,0.06127971137521222,0.08925350169779288,0.0806849533106961
52,1.8610326694559145e-06,3.171649977180988e-08,0.14782031250000005,222759,1,1180569132.4322948,0.14977408247757867,2.916370078109846e-11,8.649551011666993e-15,0.09119496855345913,0.0991358807674013,0.07535278262248296,0.06796680936525554,0.10389250039638497,0.06013159980973522,0.09245018762221871,0.09905660377358491,0.07985835843771472,0.06114898789704561,0.0891866180434438,0.0806247027112732
53,1.8927970100352246e-06,3.176434057931005e-08,0.14847265624999995,223076,1,1180182022.1776047,0.1499508147921131,2.9163683855695505e-11,8.66647641462418e-15,0.09129416717093318,0.09906864163750688,0.07537688442211055,0.06798389855034333,0.10402799336999129,0.06007787629245704,0.09241232339709014,0.09905548685837562,0.07984950932673839,0.06114341340208897,0.08911047383514428,0.08059933173722011
54,1.924571769602234e-06,3.177475956700911e-08,0.14903710937500003,223403,1,1191649204.1423557,0.15145746779936442,2.916366511664393e-11,8.685215466190979e-15,0.0913284495524657,0.0989424299212392,0.07541903101943465,0.06810646467558677,0.10413199313300223,0.06007312566343848,0.09236374120329721,0.0989817447940556,0.07979608685965901,0.06108220739905907,0.08920544642038082,0.08056927935838128
55,1.9560407622131836e-06,3.1468992610949796e-08,0.14956835937500002,223697,1,1187992445.1752672,0.14953970191633867,2.9163648302201646e-11,8.70202990848899e-15,0.09130440460178377,0.09893051619895792,0.07560819545828489,0.06812572637407122,0.10404941302445837,0.06008174564828477,0.092401311064391,0.09886522414761226,0.07981300356494599,0.06104806800820067,0.08920200054845322,0.08057039136055574
56,1.987606619514968e-06,3.156585730178405e-08,0.15012499999999995,224020,1,1187021228.064309,0.14987737079706576,2.916363083198347e-11,8.719500126664259e-15,0.09127810158201499,0.0989149666944213,0.07566611157368859,0.06819837635303914,0.10392381348875938,0.06010616153205662,0.09237094088259784,0.09892797668609493,0.07980328892589508,0.06104288093255621,0.08924854288093256,0.08051883846794339
57,2.019198303903925e-06,3.159168438895717e-08,0.15064257812500004,224306,1,1235080100.6581264,0.15607304294029195,2.916361488733874e-11,8.735444771392757e-15,0.09126268977946038,0.09886035084079917,0.07567840889937635,0.06824929663291368,0.10392977997899622,0.060055232143551705,0.09253328838698802,0.09887331613271272,0.0797624758521438,0.06106652491280841,0.0893049307005147,0.08042370573973472
58,2.0495607071035376e-06,3.0362403199612476e-08,0.15117773437500004,224589,1,1183798312.9554467,0.14377184673989724,2.9163599502355235e-11,8.750829754888574e-15,0.09135304833146002,0.09892381432244228,0.07561722413859928,0.06831776546128702,0.10380734596850251,0.06007519088407426,0.09256747154503055,0.09891089492655324,0.07976435021898376,0.061031226179863826,0.08924718680154516,0.08038448122165807
59,2.0812384004991112e-06,3.167769339557366e-08,0.15168945312500004,224887,1,1181555790.0007472,0.149715848181634,2.916358369174377e-11,8.766640366357144e-15,0.09137964333998584,0.09893774544518123,0.07556814523916822,0.0683190626408292,0.10374042361424066,0.060130045709135396,0.09246121161398313,0.09893774544518123,0.07976566020730058,0.06114723491920428,0.0892551342303483,0.08035794759544196
60,2.112976216281789e-06,3.173781578267776e-08,0.15218554687499997,225189,1,1171887234.6247764,0.14877256468237132,2.916356782070489e-11,8.782511405246762e-15,0.0914924472850011,0.09893607464161502,0.07546298078774112,0.06845570400030801,0.10376159858314404,0.06010087398452239,0.09244215146498287,0.09880773623891477,0.07973664959765911,0.061140415046394336,0.08937486364044712,0.08028850472927014
61,2.144975882198456e-06,3.199966591666734e-08,0.15270703124999996,225497,1,1236727956.0411997,0.15829952569248498,2.9163552212917196e-11,8.798119192934855e-15,0.09155091704397206,0.0990458649886169,0.07549945002941702,0.0684521525592817,0.10376537999130278,0.060125853733404955,0.09235668789808918,0.09868774460900927,0.07964341442201929,0.06123858491290001,0.08933824469853938,0.08029570511344741
62,2.1752978295732357e-06,3.0321947374779605e-08,0.15323437500000003,225745,1,1170338004.814878,0.1419477095708052,2.916353886613233e-11,8.811465977798738e-15,0.0915799938819211,0.09894718058529624,0.07555827470174367,0.0684077699602325,0.1037779137350872,0.06018660140715817,0.09249770572040382,0.09870500662791885,0.07958600999286225,0.06119353522993781,0.08931120628122771,0.08024880187621088
63,2.2073398549075593e-06,3.204202533432355e-08,0.15373046874999996,226022,1,1172338467.314854,0.1502563954804184,2.9163524669490757e-11,8.825662619378644e-15,0.09153855926819972,0.09907254478465251,0.07553042815398296,0.0684411129462584,0.10381145978909923,0.06027188413162241,0.0924914242154745,0.09861516960996061,0.07958328039639181,0.061084995553296904,0.0893152077245585,0.08024393342650234
64,2.239327204163351e-06,3.198734925579189e-08,0.154203125,226301,1,1173539758.211578,0.15015370444588527,2.916351045181016e-11,8.83988029997055e-15,0.09146063430945385,0.09908552031614146,0.0755522342689229,0.06842131928260209,0.10370858242983079,0.06027713040834938,0.0925119059681832,0.09864221299017126,0.07969399128584456,0.061113081365893204,0.08934542506839599,0.08018796230621136
65,2.271281809652941e-06,3.1954605489590166e-08,0.15463671874999996,226611,1,1173323456.7177107,0.1499723526843867,2.916349486397489e-11,8.855468135240337e-15,0.09146942177987723,0.09907292798140803,0.07546669361153914,0.06845681663172254,0.10367039684744993,0.06028494202642281,0.09247985449768863,0.09865612448531083,0.07974840225326496,0.06113117942758987,0.08933488266350063,0.08022835779422538
66,2.3032423059553874e-06,3.196049630244638e-08,0.15509765625000005,226910,1,1147311832.3352597,0.14667462230041622,2.916348038602023e-11,8.869946089891937e-15,0.09146203248961089,0.09906812743986905,0.07546908449817404,0.06845485455232339,0.10362674726105024,0.06031985895982874,0.09253242664651808,0.09874071275657978,0.07972547538093439,0.061100617050749276,0.08935902279309911,0.08014104017126307
67,2.3359274042374054e-06,3.268509828201789e-08,0.15553710937499998,227188,1,1208191925.8858185,0.15795948736447382,2.9163466251143346e-11,8.884080966782321e-15,0.09151754881647516,0.09898913794185973,0.07548188610535568,0.0684498022226408,0.10366045080680604,0.06032523387957556,0.0926100332768255,0.09878822125949645,0.07965090726439379,0.06109122873108557,0.08935769448106988,0.08007785521441577
68,2.366965519288957e-06,3.103811505155182e-08,0.15596875,227489,1,1193504647.6861691,0.14817653827778055,2.916345153738632e-11,8.898794723814181e-15,0.09161490683229814,0.0989656381486676,0.07546082949308755,0.06842316169104389,0.10361150070126227,0.06030855539971949,0.09257914245642156,0.09874023241835304,0.07959326788218794,0.06113504307753957,0.08943598477259067,0.08013173712682829
69,2.3983855896445276e-06,3.142007035557065e-08,0.15638281249999997,227777,1,1149780197.4185145,0.14450469878532657,2.916343708927046e-11,8.913242839668711e-15,0.09157216366088824,0.09902832592296548,0.07549832642254084,0.06850427136933607,0.10353699355547784,0.06031123544986761,0.09268371883898688,0.0987785382424939,0.07953239746215716,0.061160513563471054,0.08936154268871459,0.08003197282310037
70,2.431000519075557e-06,3.2614929431029476e-08,0.15683398437499996,228063,1,1185530952.3589253,0.1546640333979501,2.91634234064049e-11,8.926925705225788e-15,0.09163252344362942,0.0989427016525735,0.07550529894519234,0.06846909675089352,0.10347575934943148,0.060324537042802516,0.09270352059178817,0.09883062055567317,0.0795651253440267,0.06113401163152716,0.08937844805041158,0.08003835664205032
71,2.462631915898545e-06,3.163139682298795e-08,0.15721874999999996,228349,1,1273692037.856436,0.1611546331188685,2.91634092981176e-11,8.941033992527781e-15,0.09161945935201748,0.0988620552574041,0.07548201152852316,0.06854999006161797,0.10340886503677202,0.06025144106539456,0.0927375273305506,0.09892417014510038,0.07956917113893858,0.06108378056052475,0.08948270721526537,0.08002882130789109
72,2.492073883725486e-06,2.9441967826940915e-08,0.15769921875000004,228618,1,1273973154.5392716,0.15003310651332663,2.9163396939263406e-11,8.953392846727564e-15,0.091588021104258,0.098820935820267,0.07541304401674467,0.06858883852270192,0.10337866290158775,0.06027841767605458,0.0927646082584033,0.09896955735552745,0.07951252136434568,0.061095836119987104,0.08951970473854994,0.08006985212157239
73,2.5215093548469806e-06,2.9435471121494515e-08,0.15811718750000003,228875,1,1274623058.5709803,0.15007652092542842,2.916338424837957e-11,8.966083730562172e-15,0.09145708780078067,0.09883146400513859,0.07546074410791047,0.0685928158505855,0.10337714313948317,0.06031671525272987,0.09277879341864717,0.09896734028361084,0.07951232768417413,0.061070210978803295,0.08953011512426504,0.08010524235387124
74,2.55092981742832e-06,2.9420462581339474e-08,0.15851953124999996,229154,1,1274046399.1633558,0.14993213765390323,2.916337069196224e-11,8.979640147891659e-15,0.09149602030506887,0.09879007417264238,0.07538010398955176,0.06860353367339395,0.10336117887681429,0.06044700722012765,0.09276508710973116,0.09901185283753482,0.07944604617924644,0.06101377491929721,0.08964786476429856,0.08003745595229295
75,2.5803635963115895e-06,2.9433778883269552e-08,0.155517578125,224202,1,1280192907.9688969,0.15072365992434547,2.916356034483712e-11,8.789987273008265e-15,0.0908634222919937,0.0992276295133438,0.07536577708006278,0.06858398744113028,0.1031208791208791,0.06024489795918367,0.09304866562009417,0.09883830455259025,0.08018838304552589,0.061098901098901086,0.08946938775510203,0.07994976452119308
76,2.6096560566639095e-06,2.9292460352319873e-08,0.15611523437499997,224474,1,1284315401.7801619,0.15048303194607665,2.9163545145346856e-11,8.805186763276926e-15,0.09090340418611054,0.0991355043725213,0.07545257784839425,0.06863419699490812,0.10312644656015815,0.06021443495014451,0.09309279253356022,0.09881022381804307,0.08014412430721499,0.0610276363363401,0.0895147064342996,0.0799439516583053
77,2.638854491836471e-06,2.919843517256124e-08,0.15671289062500005,224732,1,1279918469.7707705,0.14948646586306252,2.916352936549983e-11,8.820966610296009e-15,0.09093061804404451,0.09903161882921845,0.07540162269277266,0.06864663434575072,0.1032192130812468,0.06018420429477672,0.09309919363884492,0.09881974650099082,0.08007527699191146,0.0610566197639493,0.08958460560589254,0.07995064621060109
78,2.6681532330341945e-06,2.9298741197723424e-08,0.15724804687500005,224995,1,1285021164.415784,0.15059801011926102,2.9163513250783447e-11,8.837081326684555e-15,0.09095651525878451,0.09891816025139423,0.07543068649004483,0.06866142514687434,0.10321570965458138,0.06027747761175492,0.09311771062339308,0.09876911229521432,0.08006359379463676,0.06097303474059445,0.08957782166412044,0.08003875246860677
79,2.6973356317669415e-06,2.9182398732746803e-08,0.15784374999999995,225251,1,1285394774.9687574,0.15004361140851052,2.916349824886877e-11,8.852083241361588e-15,0.09093496337358939,0.09885418728964564,0.07544298158780441,0.06863739853494359,0.10329637695505842,0.060247970698871514,0.09313749752524254,0.09879231835280143,0.07999653533953674,0.061039893090477144,0.08956147297564841,0.08005840427638092
80,2.726509548395715e-06,2.9173916628773805e-08,0.15834570312499996,225553,1,1284724681.1518178,0.14992180295540458,2.916348053950418e-11,8.869792605959624e-15,0.09085638868673909,0.09886151986481317,0.07549985815252919,0.06871584867958505,0.10326495874088783,0.060254338682422005,0.0930396062807593,0.09888618899016934,0.08001430809270656,0.06101908156846298,0.08943791397875986,0.08014998828216545
81,2.7556986817175563e-06,2.918913332184094e-08,0.15888671875000004,225832,1,1240088478.6327286,0.1447884317347585,2.916346501087502e-11,8.885321235108108e-15,0.09091579594345421,0.09888137676705593,0.07543945912722803,0.0686662569145667,0.10325752919483713,0.060270436385986476,0.09309157959434543,0.09886908420405655,0.07995082974800245,0.061007990165949606,0.08942839582052858,0.08022126613398893
82,2.785938459480306e-06,3.0239777762749625e-08,0.15944921874999995,226069,1,1226160972.090908,0.14831534118954445,2.916345075417909e-11,8.899577931040767e-15,0.09097479115117957,0.09876528087410272,0.07543055929836594,0.06870574977338982,0.10332198241015211,0.060253803375878864,0.09308165315171854,0.0989735172346211,0.08001175922977043,0.060964256841176886,0.08932114946471004,0.08019549719493371
83,2.8165217196341936e-06,3.0583260153887636e-08,0.16004492187499997,226342,1,1226773252.9770358,0.1500749021825108,2.916343497896406e-11,8.915353146077964e-15,0.09096567125929,0.09872716400424686,0.07538166774465178,0.06875511025957069,0.10331571946352953,0.060200383193195275,0.09317452375431703,0.09900784691797959,0.07993361238909975,0.06094480309483422,0.08940360982634271,0.08018988809294267
84,2.847089715723934e-06,3.056799608974028e-08,0.16057226562500004,226603,1,1280281502.9472544,0.15654255990343394,2.91634193773726e-11,8.930954737530761e-15,0.09110481310741611,0.09860970892681206,0.07531655577585054,0.06878474207242163,0.10338997482150025,0.060233782978361086,0.09316044907739653,0.0989867782467493,0.07986571466799655,0.060963594565336385,0.08938975587802415,0.08019412988213542
85,2.8763801490494748e-06,2.9290433325541012e-08,0.16108007812500003,226871,1,1279566452.2911527,0.1499162234257323,2.91634044021675e-11,8.945929942636682e-15,0.09116923114231323,0.09862621706497882,0.07529737004837946,0.06885889927612672,0.10330653668473318,0.06034702266196209,0.09307288445915632,0.09901422283656468,0.07975943642161676,0.060989657221151156,0.08938682962909071,0.08017169255392673
86,2.9056869505312217e-06,2.9306801481746917e-08,0.16153320312499997,227095,1,1277454407.5055757,0.14975241089099414,2.916339081845671e-11,8.95951365341644e-15,0.0912520403844991,0.09865183483465327,0.07525542591137174,0.06885919835560123,0.1033432077867118,0.06039538117405235,0.09311408016443987,0.09897829635451301,0.0797170666827882,0.060987848376760766,0.08931745360014509,0.08012816637446345
87,2.9350422056226535e-06,2.935525509143176e-08,0.16204492187499997,227346,1,1278851121.9085464,0.1501640036303563,2.916337722387743e-11,8.973108232695657e-15,0.09139778466137138,0.09856931068979231,0.07534320874564586,0.06878638494823242,0.10336639868863523,0.06037340147287475,0.09312136150517676,0.09902732411681753,0.07962201839285499,0.06103631564356913,0.0892764593151494,0.08008003181988019
88,2.964365399978565e-06,2.932319435591167e-08,0.16250585937499995,227600,1,1275737560.8495243,0.14963480177570918,2.916336304610114e-11,8.987286008984268e-15,0.09146304820739636,0.09857817626768266,0.07544199127435308,0.06875953992043557,0.10337367642993642,0.06041849452543778,0.09304952946408182,0.09893874018965663,0.07960049517445283,0.06107952838239006,0.08921553309375864,0.08008124707041812
89,2.9937601604299454e-06,2.9394760451380326e-08,0.1629453125,227898,1,1236282684.7239168,0.14536093347059553,2.916334720264434e-11,9.003129465787381e-15,0.09149206501414392,0.09850409934314618,0.07546627031691996,0.06878985472503236,0.10338255741477681,0.060375413530229655,0.0929424174138179,0.09897156829841298,0.07966150453085295,0.061130555688737584,0.08926259768902527,0.08002109603490434
90,3.024093028845371e-06,3.0332868415425875e-08,0.16341015625,228171,1,1276352488.8566527,0.1548617283847607,2.9163332843987336e-11,9.017488122789243e-15,0.0914828006597662,0.09843903138670426,0.07545478450027489,0.0688451700810365,0.10341118255922357,0.060311237539741346,0.09286926589056486,0.09902469342385198,0.07959027561972605,0.06107618387397508,0.08946286424593024,0.08003251021920492
91,3.053473627330036e-06,2.9380598484664862e-08,0.16380078124999997,228436,1,1230626184.0907445,0.14462613519794174,2.916331836883688e-11,9.031963273250355e-15,0.09155080724012113,0.09844275391696275,0.07542985238356424,0.06883600028617079,0.10339112393580234,0.06029857153077527,0.09283857582333721,0.09897932415996945,0.07955548136312689,0.061109388786874295,0.08951184031669566,0.0800562802565998
92,3.083945918985123e-06,3.0472291655087036e-08,0.16422070312500003,228714,1,1276958085.5264413,0.15564735685393322,2.916330427238802e-11,9.046059722112626e-15,0.09160214555012429,0.09847646911906376,0.07545105315112807,0.06879080886288222,0.10331703952141388,0.060322783982112486,0.0927320084204517,0.09898788073405407,0.07953045277767867,0.06109584805128388,0.08962785885039426,0.0800656509794127
93,3.1133125837371147e-06,2.936666475199158e-08,0.16461523437500003,228969,1,1200721001.337963,0.14104468442787038,2.9163290452870644e-11,9.059879239493268e-15,0.09157244046842185,0.0985133419550799,0.07542446282168407,0.06874458669007984,0.10330671665697706,0.06029685701742936,0.09275891935503006,0.09899979829858925,0.0795178149804824,0.06111552744918903,0.08972153340531304,0.08002800090172393
94,3.1445438189351448e-06,3.123123519802998e-08,0.16505859374999998,229231,1,1281781156.9367628,0.16012643513878008,2.9163277159704825e-11,9.07317240530403e-15,0.09161046030055613,0.09853271802153589,0.07537569518400189,0.06873742752337002,0.1033960478049935,0.06025322447047686,0.09275825346112886,0.09891137143533309,0.07957638149331439,0.061140693409064015,0.08970536031238906,0.08000236658383622
95,3.1737999831384154e-06,2.925616420327052e-08,0.165490234375,229492,1,1205517970.2747786,0.14107532675340925,2.916326391886526e-11,9.086413244867402e-15,0.09163116214844627,0.09848815663688616,0.07537973114916618,0.06877057983500727,0.1033742077869965,0.06029670368578207,0.09278776362842409,0.09893663476177551,0.0795340548323518,0.061111045544133796,0.08975463525746187,0.0799353247335686
96,3.204906943735156e-06,3.110696059674039e-08,0.16592382812499995,229799,1,1206212320.1588523,0.15008639645793692,2.9163249040873276e-11,9.101291236858855e-15,0.09167421986274764,0.09850152437229996,0.07534754511318022,0.068779207326404,0.10328063752898661,0.06031570397749344,0.09283957011524019,0.09891351688580743,0.0795498687509564,0.06112791778983672,0.08976728308594163,0.07990300519110566
97,3.235995997770901e-06,3.1089054035745074e-08,0.16633593749999998,230071,1,1274320088.4721725,0.15846962435738726,2.9163235278892034e-11,9.115053218093002e-15,0.09167018928185619,0.09857451505330891,0.07534873890376216,0.06878493260062937,0.10328307735662956,0.06027194589263069,0.09286787844629187,0.09896200272415574,0.07950542482739185,0.061093889436851255,0.08976797707951717,0.07986942839697525
98,3.2654234550787116e-06,2.9427457307810373e-08,0.16670703124999997,230348,1,1209273861.7134914,0.14234341975609904,2.916322114538719e-11,9.12918672294381e-15,0.09167701572275465,0.0985542563910303,0.07535674953722146,0.06883098624551867,0.10324062141200178,0.060266654169693276,0.09287203880310238,0.0989994610680226,0.07950418258078122,0.06105162031070601,0.08975560606415633,0.07989080769501136
99,3.2964338003671347e-06,3.101034528842295e-08,0.167166015625,230623,1,1276981384.3257966,0.15839853461932513,2.9163208033251765e-11,9.142298858368581e-15,0.09168234235707858,0.09857575155685892,0.07534846767692108,0.06878220332052015,0.10319083059738983,0.06025306990384277,0.09286240054212572,0.09907815256633444,0.0794961969411957,0.06097746205704002,0.08976620827442777,0.0799869142062648
100,3.3257999293180266e-06,2.936612895089206e-08,0.16379101562499998,226402,1,1213868937.915028,0.14258652704118047,2.916340152058439e-11,8.948811525737359e-15,0.09110313494949977,0.09869903769332586,0.07547012318002409,0.06869701052932829,0.10311110051156079,0.06023061971595855,0.09283218659448372,0.09915216846925269,0.08012067588032577,0.06130382418525894,0.08967219565709925,0.07960792263388225
101,3.356692885574417e-06,3.0892956256390365e-08,0.16438867187499995,226690,1,1296852096.1670623,0.16025438031158884,2.916338471901834e-11,8.965613091790605e-15,0.09117587653118206,0.09863723311986884,0.07543336462033813,0.06870863877766821,0.10312830444235864,0.060249266339539254,0.09282735513918758,0.09913624104458992,0.08009077191773498,0.061306687894305364,0.08979766416766666,0.07950859600556037
102,3.385609058907393e-06,2.891617333297597e-08,0.16488085937499997,226938,1,1297753349.177753,0.15010424315309595,2.916336772247306e-11,8.982609637074598e-15,0.09125907674812545,0.09854416659756693,0.0753621814994255,0.06877598644854832,0.10327059074378991,0.06023525509660149,0.09278716876532536,0.09914829599971571,0.08004122294744076,0.06127767445717198,0.08977836742913327,0.07952001326715552
103,3.4145051507755124e-06,2.8896091868119408e-08,0.16539257812499997,227208,1,1212347179.6960027,0.14012838192220467,2.916335134818336e-11,8.998983926771604e-15,0.09128375904866498,0.09855811811386261,0.07532976700794747,0.06883480355687815,0.10337620009211038,0.06016697960581476,0.09275988710572618,0.09916037836114357,0.07992347752152194,0.061253409855811805,0.08976039489377781,0.07959282483674023
104,3.44543688438123e-06,3.093173360571776e-08,0.16600781249999996,227485,1,1212699522.52263,0.15004359429780448,2.916333470913917e-11,9.015622970959463e-15,0.0912631182643889,0.09858110969927995,0.07535648736411124,0.06881500305896748,0.10325191773730528,0.0602381288531225,0.09273377570709208,0.09922819897406937,0.07996846910442844,0.06112052331874441,0.08972186926443597,0.07972139865405431
105,3.476359630950795e-06,3.092274656956519e-08,0.16655664062499997,227745,1,1305204199.4878552,0.16144199472918064,2.916331736707628e-11,9.032965033852628e-15,0.09137282033842656,0.09853770653282833,0.0753427067087257,0.0689165894672655,0.10311103814627627,0.06021553291039789,0.09270964034851133,0.09922956952050378,0.0799043118308571,0.061177105198353614,0.08967247909752925,0.07981049990032484
106,3.5050907674386447e-06,2.873113648784956e-08,0.16705859374999998,227976,1,1214870225.2856982,0.13961840903083178,2.916330238080658e-11,9.047951303555206e-15,0.09133210185423339,0.09856899010919634,0.07537353567002596,0.06893165290995394,0.1030701241611523,0.06025674000982066,0.09265321392662566,0.09924708303130919,0.0798629784647041,0.06112189304837843,0.08973039960717376,0.07985128720742629
107,3.535958261940933e-06,3.086749450228827e-08,0.16755273437499996,228231,1,1307320930.1861022,0.16141488650098357,2.9163286148139184e-11,9.064183970945504e-15,0.09135416788091437,0.09856971335983308,0.07536106869339178,0.06896149766281605,0.10302260249221912,0.060218914287712595,0.09269469733176355,0.09919917936284053,0.07983727138144475,0.0611514565143903,0.08975718931772882,0.07987224171494517
108,3.564642878804416e-06,2.868461686348258e-08,0.16806835937499998,228488,1,1214502765.9689689,0.1393501860858389,2.916327075275886e-11,9.079579351268677e-15,0.09150387560865068,0.098639179091469,0.07533904312558831,0.06888937955398543,0.1030086808985369,0.06023172304795993,0.09278218730752692,0.09912726174013085,0.07983637610254384,0.0611265412371733,0.08969099719933528,0.0798247550870995
109,3.5955197125595708e-06,3.0876833755155186e-08,0.16862304687499996,228745,1,1213518993.5560408,0.14987849689101246,2.916325545271138e-11,9.094879398750398e-15,0.09142294550298256,0.09869693635258006,0.0753576185787919,0.0688712573116349,0.10302889905600278,0.06025366305669775,0.09290554236404702,0.09909075114380031,0.07977066079805409,0.06107604100306944,0.08972027567035386,0.0798054091619853
110,3.62642157746579e-06,3.090186490621931e-08,0.169095703125,228996,1,1309399785.5212238,0.1618515811216376,2.9163239879585815e-11,9.110452524315762e-15,0.09145616041211871,0.09868671818150318,0.07530868475461151,0.06887510539750742,0.10298347136075402,0.060293149450777926,0.09283065941300808,0.09914873465239037,0.07979024452221722,0.061067027039513964,0.08976980029338047,0.07979024452221722
111,3.6550606534872306e-06,2.8639076021440333e-08,0.169541015625,229231,1,1212987913.5409458,0.13895541227594976,2.916322580585879e-11,9.124526251342525e-15,0.09141178503542424,0.09863487126317609,0.07524912159437822,0.06891308104371868,0.10308161972236625,0.06024998559990785,0.09290939462012557,0.09918783480214274,0.07976499049593919,0.06107943090835782,0.08972985427106735,0.07978803064339614
112,3.685976048093703e-06,3.091539460647243e-08,0.16998437499999997,229486,1,1212392268.473563,0.14992634159078588,2.916321001048729e-11,9.140321622845136e-15,0.09138018200202226,0.0986878389557864,0.07519073444250392,0.0688712197812299,0.10308851916536448,0.0602307197352698,0.09298878573398292,0.09910147991543343,0.07974078499862121,0.061103961761191296,0.08974859821674787,0.0798671752918467
113,3.716906631350567e-06,3.09305832568642e-08,0.17044531249999995,229737,1,1312284610.944548,0.16235891366208796,2.916319579072601e-11,9.154541384124771e-15,0.09137369940871798,0.09870742998579089,0.07515927946097081,0.06886831370032544,0.10310766833203465,0.0602282623642114,0.0930123298345327,0.09914287023880461,0.07971994316358803,0.06114497868634551,0.08973506898290325,0.07980015584177476
114,3.7454827494329155e-06,2.8576118082348373e-08,0.17089648437500005,229961,1,1212915171.8641498,0.13864162870024727,2.916318263486477e-11,9.167697245360867e-15,0.09140675893438784,0.09866398473125408,0.07510942982205512,0.06889221591103899,0.10307546371958538,0.060252117167053344,0.09304106332643802,0.09921256242928492,0.07973805414919027,0.06110926982022652,0.08970388233008378,0.07979519765940184
115,3.7763999981159916e-06,3.091724868307617e-08,0.17131249999999998,230215,1,1212822577.9507442,0.14998854900381076,2.916316772808136e-11,9.182604028774265e-15,0.09143560744253923,0.09864100693177674,0.07501824151769428,0.0687933236045239,0.10317858445822693,0.06027681503101059,0.09298613644655236,0.09922245530828167,0.07976103611820505,0.06116608901860635,0.08971406421014229,0.07980663991244073
116,3.80731960720124e-06,3.091960908524822e-08,0.17171875000000003,230469,1,1308554770.4432936,0.16184000787497346,2.91631528006615e-11,9.197531448626431e-15,0.0915150136487716,0.09865787079162874,0.075,0.0687670609645132,0.1031505914467698,0.060338944494995446,0.0929936305732484,0.0991469517743403,0.07972020018198361,0.06119199272065513,0.08964968152866241,0.0798680618744313
117,3.835977177252584e-06,2.865757005134472e-08,0.17212695312500004,230733,1,1211468518.6971793,0.138870975758253,2.916313858507741e-11,9.21174703271682e-15,0.09147953568064995,0.09865084138024942,0.07495829976511705,0.06875148929410296,0.10309886643443134,0.06041144231751183,0.09305676905445426,0.09928627353084683,0.07965595887846225,0.06117169149769089,0.08959593323423617,0.07988289893224705
118,3.866931345207628e-06,3.095416795504329e-08,0.17252734375,231018,1,1206589869.628394,0.1493959419093244,2.9163123409040625e-11,9.226923069507254e-15,0.09159553512803675,0.09865963275748861,0.07496547195870219,0.06875042452509791,0.10311997645300788,0.06037312925940181,0.09307854280345051,0.09928226956777683,0.07960694636266895,0.06113161410102565,0.08953517331944665,0.07990128376389612
119,3.898010671285137e-06,3.107932607750906e-08,0.17296289062500003,231247,1,1206659600.1424832,0.15000866870953974,2.91631107359683e-11,9.239596141827218e-15,0.09163589552491615,0.09868220468173042,0.07494607992592342,0.06870151427893899,0.10307485574262903,0.06037919080366318,0.09310387659925246,0.09925810494935466,0.07964361936379959,0.06116964215138273,0.08953555337240422,0.07986946260600516
120,3.92908820134877e-06,3.1077530063633494e-08,0.17334179687499995,231505,1,1314588924.6654744,0.16341670731044367,2.9163096318468235e-11,9.254013641895131e-15,0.09167220651034917,0.09868057824700564,0.07498507059075389,0.06867528253202779,0.10304109249473242,0.060359883268920896,0.09309190882356252,0.09926648713817307,0.0796498067627407,0.06114860677626166,0.08956518799788168,0.07986388885759033
121,3.9576142289885836e-06,2.8526027639813472e-08,0.17371289062499995,231764,1,1206499709.0977328,0.13766657619659536,2.916308248509093e-11,9.267847019202636e-15,0.09171248355651498,0.09870588367569512,0.07495980481442753,0.06861852239124813,0.10305708278521716,0.06035461710572177,0.09312915303403378,0.09927929751183368,0.07965954958905341,0.061175385929998535,0.08956499252313331,0.07978322708312252
122,3.988695877593409e-06,3.1081648604825564e-08,0.17410156249999997,232047,1,1210558157.243189,0.1505045730365519,2.916306784343321e-11,9.282488676920436e-15,0.09170967018173658,0.09865380300650661,0.07503926407897688,0.06859995512676688,0.10310747139331389,0.06032084361678258,0.0931007404083464,0.09924837334529951,0.07964998878169172,0.061229526587390615,0.08961184653354273,0.0797285169396455
123,4.019673323638132e-06,3.097744604472284e-08,0.17447851562500005,232316,1,1315366523.2884293,0.16298678201680797,2.916305368694032e-11,9.296645169815383e-15,0.09169064063671879,0.09876529390035037,0.07505625020988885,0.06863085310019815,0.10319814626173979,0.06031365788678316,0.09310109366079723,0.0992466389799962,0.07954507292937661,0.061186795473117436,0.08957496110060112,0.07969059586043231
124,4.048182487689419e-06,2.850916405128635e-08,0.17485546875000002,232572,1,1216737016.3300078,0.13875262082329948,2.916304037541301e-11,9.309956697113508e-15,0.09173871277617675,0.09878694457476041,0.07508433304291491,0.0686057681567366,0.10319907066103702,0.06029533319929406,0.09307910551124812,0.0992225722136586,0.07947411925027367,0.06120009829546724,0.08960525433952149,0.07970868797891116
125,4.079002623426811e-06,3.082013573739184e-08,0.17165039062499998,228952,1,1216329214.92742,0.14994972602167336,2.9163244376098853e-11,9.105956011272503e-15,0.09126699664334072,0.09890197417079136,0.07518916766228594,0.06864652671104284,0.10343061955965181,0.06019229675143654,0.09321272116971041,0.09873129658075895,0.07996814018319394,0.06125049780963759,0.08957159924901859,0.07963816350913125
126,4.109833092299696e-06,3.083046887288461e-08,0.17221093750000005,229198,1,1296554948.0982025,0.1598935878773046,2.916322819411818e-11,9.122137991955798e-15,0.09123077621013474,0.09896565803202831,0.07531869527741233,0.06858186272285986,0.10350224561085151,0.060245883046772225,0.09322687474481695,0.09863675543256363,0.0798666243251826,0.06118722496937804,0.08957492174386426,0.07966247788413555
127,4.138755892721695e-06,2.8922800421999318e-08,0.17270898437500004,229482,1,1296166115.0877075,0.14995501544175988,2.91632092010535e-11,9.14113105662863e-15,0.09134088004794916,0.09892906012869372,0.07535028893889875,0.06864419238467889,0.10338471281395953,0.06024178135637305,0.09320682596944373,0.09869157610232168,0.07977201533468284,0.06119171746186119,0.08958802175806031,0.07965892770307711
128,4.167687369608407e-06,2.8931476886712542e-08,0.173259765625,229715,1,1294082245.2388175,0.1497588422705277,2.91631932866129e-11,9.157045497232838e-15,0.0914112435040413,0.09890766438580077,0.07527984759156343,0.06868525177828631,0.10340551691485644,0.060185550507840246,0.09320362082764996,0.09876111781217238,0.07974388168055102,0.06116628526981479,0.0896414118071447,0.07960860792027867
129,4.196665435058242e-06,2.897806544983509e-08,0.17373632812499995,229944,1,1283225753.3742857,0.148741599472776,2.916317712829909e-11,9.173203811038427e-15,0.09152024102615987,0.0988611963621238,0.07528694928782614,0.06865423313435183,0.10341416253527141,0.06022281429518958,0.09317279911863567,0.0987712612278394,0.07969377086776161,0.061122165638033556,0.08964284509797307,0.07963756140883387
130,4.225888664019625e-06,2.9223228961383043e-08,0.17421484374999996,230171,1,1285741762.711447,0.1502941036677154,2.916316140891794e-11,9.188923192189953e-15,0.09151550483194693,0.09893719590125342,0.07531559003565104,0.06866745891163481,0.10343281239489678,0.060158299513442016,0.09319715688692574,0.09873539765465594,0.07966546335119624,0.061133657705329726,0.08960963250297094,0.07963183031009666
131,4.255054707378843e-06,2.916604335921843e-08,0.17473632812499995,230427,1,1217834295.6171281,0.14207763148124958,2.916314541674586e-11,9.204915364273761e-15,0.09151064662158385,0.09897725367462136,0.07532554630302353,0.06864136813278936,0.10335885541832002,0.06024702397585648,0.09313139216453362,0.09877605767618622,0.07965126026937909,0.061141228413346,0.08966634996926173,0.07957301738109876
132,4.285847073906013e-06,3.0792366527169576e-08,0.17526562499999998,230644,1,1214798291.6583574,0.14962605701329437,2.9163130175443596e-11,9.220156666544266e-15,0.09159088882945529,0.09909066595346348,0.07527636622982972,0.06869038067219399,0.1033364535972185,0.060332530979762856,0.09307301417491307,0.09876749576535615,0.07956672907194436,0.06107916555228671,0.08962958010163145,0.07956672907194436
133,4.316716396210383e-06,3.086932230437007e-08,0.1757578125,230916,1,1285831454.7813413,0.15877098242696913,2.916311215977412e-11,9.238172336003228e-15,0.0916011023692048,0.0991021025025559,0.07524336578210428,0.0687536115926568,0.10328043739165221,0.060274703293772505,0.09315686535982576,0.09877983731164156,0.07949948882073166,0.06108592256745344,0.08966751122371873,0.07955505178468242
134,4.345880405117271e-06,2.9164008906888158e-08,0.17622656250000002,231154,1,1215517407.452738,0.14179744198971703,2.916309664627018e-11,9.253685839948662e-15,0.09155694462916168,0.09914882298177947,0.07522055237841911,0.06879239260539965,0.1032052134592366,0.06031387152546881,0.09314181850423371,0.09882741499312851,0.07946535443543025,0.06097885357095358,0.08975041007226138,0.0795983508445272
135,4.376731464731946e-06,3.0851059614675304e-08,0.17671289062499995,231378,1,1218073172.071126,0.15031539218641185,2.916308193112602e-11,9.26840098410803e-15,0.09160339091702863,0.0990306928832742,0.07532301026780286,0.06877991091658653,0.10314223504316014,0.060313670877681615,0.09312864042795406,0.09882069476220476,0.07947876255844026,0.061043138035080734,0.08972446036009152,0.07961139295069465
136,4.407517792564976e-06,3.078632783302963e-08,0.17717773437499995,231615,1,1286959576.3566685,0.15848303770229333,2.9163067046473307e-11,9.283285636822283e-15,0.09168274265556964,0.09905748773631705,0.07527972220691177,0.06875378934024143,0.10315824284848152,0.060342831946205155,0.09318194344926418,0.0988039464256187,0.07942457146006725,0.061015267596318146,0.0897536239872127,0.07954583034779254
137,4.436656236917798e-06,2.913844435282187e-08,0.1776640625,231889,1,1219566708.3099785,0.14214510665857782,2.91630512542889e-11,9.299077821232983e-15,0.09167362912800668,0.0990171936150565,0.07522756255221845,0.06878545358603402,0.10323864385910908,0.06030957301789719,0.09321269952948419,0.0988742799349193,0.07944901279627103,0.06103513477859373,0.08973879776614924,0.07943801943626048
138,4.4674048624292024e-06,3.074862551140465e-08,0.17814062500000005,232135,1,1222875484.48008,0.150406961277422,2.9163036279189904e-11,9.314052920230437e-15,0.09164766248574686,0.09915796859924568,0.07524559249188667,0.06879878957986142,0.10314884659240417,0.0603346197701956,0.09319357951056924,0.09885097798438733,0.07938996579247434,0.06100342075256557,0.0897289711428822,0.0794996052977809
139,4.498070290329202e-06,3.06654278999988e-08,0.178583984375,232363,1,1283907406.8948452,0.15748628006563323,2.916302170788276e-11,9.3286242273674e-15,0.09161699567999126,0.09916334007765079,0.0752665828183956,0.06875922786679062,0.10316618362771368,0.060414502105320726,0.09307158090446765,0.09893366872641769,0.0793678569475584,0.06100508557992017,0.08975775140810413,0.0794772242576694
140,4.527278004061997e-06,2.9207713732795163e-08,0.17898046874999995,232616,1,1221398105.4168372,0.14269698486717342,2.9163006523047274e-11,9.343809062849628e-15,0.09155590475566906,0.0991073572098911,0.07527444946419608,0.06879242235753727,0.10326502106113186,0.06047709465505576,0.09301818023090858,0.09893275715314608,0.07931207577642463,0.06101180732883739,0.08980990418821887,0.0794430258189834
141,4.557980524258884e-06,3.070252019688703e-08,0.17939062500000003,232849,1,1282747924.3387952,0.15753437621810712,2.916299255505594e-11,9.357777054196174e-15,0.09154254855848794,0.09909851058270185,0.07530920651511193,0.06878756205905409,0.10327933106872222,0.06043680864036234,0.09297970560055745,0.09896785994251373,0.07927227593415208,0.06109006184130302,0.08981142757599513,0.07942470168103824
142,4.587214638996844e-06,2.9234114737959706e-08,0.179734375,233095,1,1228834627.556362,0.1436955699838427,2.9162977325660825e-11,9.373006449308799e-15,0.0914870033904199,0.09906111449187169,0.07533904198904634,0.06876467008606452,0.10326653916369644,0.06044075458576024,0.092997478918543,0.09903938103103539,0.07925106493958098,0.06104929148917674,0.08988959401895158,0.07941406589585327
143,4.617731357161412e-06,3.05167181645685e-08,0.18015625000000002,233319,1,1228921508.9865646,0.15001060534447694,2.9162964602825014e-11,9.385729285113189e-15,0.09147875108412835,0.09903512575888984,0.07535776235906332,0.06873373807458802,0.10325238508239376,0.06049436253252385,0.09298568950563746,0.09903512575888984,0.07923894189071987,0.060993061578490895,0.08997181266261925,0.0794232437120555
144,4.648245917876461e-06,3.0514560715048867e-08,0.180546875,233599,1,1281515690.830617,0.15641955342055464,2.916294857535446e-11,9.401756755673185e-15,0.09155127650367807,0.09902639549978365,0.07532453483340545,0.06874729554305496,0.10328861964517524,0.06048247511899611,0.09296841194288187,0.09900475984422329,0.07932713111207271,0.060980095196884465,0.08987451319774989,0.07942449156209434
145,4.677508142497132e-06,2.9262224620671084e-08,0.18090429687499998,233851,1,1205277373.2303753,0.14107638890271865,2.916293391507864e-11,9.416417031494761e-15,0.09162950886928733,0.09893870852811937,0.0753052697494143,0.06878421126502057,0.10334366194141845,0.06046014488841865,0.09296826922038803,0.09900348725478554,0.07934314371160511,0.06095678179285923,0.08985889034041222,0.07940792243827129
146,4.708621312654382e-06,3.111317015725001e-08,0.18133789062500005,234097,1,1206134165.1103458,0.15010663004620348,2.916291994825476e-11,9.430383855371688e-15,0.09163659863212882,0.09900371587053693,0.07526522699122193,0.06878130217028382,0.10325811836932523,0.06047713931821854,0.09292907534062148,0.09892832139587486,0.07934729926221121,0.0609941300016156,0.08989175507566376,0.07948731757229792
147,4.739712381197796e-06,3.1091068543414674e-08,0.18172656249999997,234347,1,1284628568.5428748,0.1597618995095808,2.916290581033901e-11,9.444521771124197e-15,0.09159107519023259,0.0990069214565152,0.07523322299127295,0.06879540862387687,0.10329521516701776,0.060380035252138774,0.09298826361721337,0.0989746786466618,0.07937105025579295,0.06107862946562917,0.08983921585486436,0.07944628347878423
148,4.768903698375598e-06,2.9191317177801363e-08,0.182068359375,234583,1,1203864513.6105535,0.14056956342362095,2.9162892220294e-11,9.45811181612509e-15,0.09152640556109805,0.09897123976871668,0.0752636265139081,0.06881644299981764,0.10328366534719317,0.06038468552548299,0.09297460818073568,0.09890687520784389,0.07942586811701477,0.06107124084145935,0.08996020124652698,0.07941514069020264
149,4.80005338305858e-06,3.11496846829818e-08,0.18246093750000003,234864,1,1208740929.91542,0.15060759532111814,2.916287756316724e-11,9.47276894288487e-15,0.0915542710340398,0.09890815671162491,0.07527296082209377,0.06883964889745235,0.10324341682723186,0.06039391993149218,0.09298865339327766,0.09894026974951829,0.07944765574823379,0.0610575893812888,0.08994861913937058,0.07940483836437592
150,4.831077400754931e-06,3.10240176963512e-08,0.179654296875,231603,1,1284507917.1440053,0.15940238541031537,2.9163091617447605e-11,9.258714662527729e-15,0.09113640564017264,0.09909439787786874,0.07536175162801821,0.06896926606003283,0.10332344020090668,0.06047856669167128,0.0930824174032158,0.09862692019177456,0.07992781274800778,0.060935172803670244,0.09006011980474653,0.07900372894991466
151,4.860271459817936e-06,2.9194059063005287e-08,0.18009765624999996,231850,1,1283601759.1777399,0.14989418228324974,2.91630732030581e-11,9.277129052028436e-15,0.09119401366446156,0.0990890358963236,0.07534974514694719,0.06895130679969634,0.103318512091964,0.06048150959765752,0.09304847630408848,0.09857932979069516,0.07991541047608719,0.06093699164949571,0.09004446372410801,0.07909120485847522
152,4.889486128411116e-06,2.9214668593179596e-08,0.18054296874999998,232119,1,1282078954.5559354,0.1498220470705673,2.91630544566358e-11,9.295875474330389e-15,0.09121789740150156,0.0990069019234514,0.07540189099720894,0.06903005257578053,0.10326921828685172,0.060472965663471726,0.0930569679136286,0.09866072394469806,0.07991302278283823,0.060916506198749436,0.0899521841666847,0.07910166814513511
153,4.918735497076549e-06,2.9249368665433405e-08,0.18105859375,232362,1,1314173359.1521835,0.153754964288533,2.9163036902938654e-11,9.313429171476047e-15,0.09123859247912663,0.09901620245517895,0.07537054216737502,0.06907078595931047,0.10327716769864725,0.0604733446959073,0.09304006386054238,0.09868179758797005,0.07989040150158572,0.06091562210092554,0.08997648378675754,0.07904899570667298
154,4.947270545165024e-06,2.853504808847478e-08,0.18154296874999998,232613,1,1280845267.5375788,0.14619592521232067,2.916301949103378e-11,9.330841076351362e-15,0.091221086605702,0.0990747713824637,0.07535233996772459,0.06909090909090909,0.10327057557826788,0.06041958041958042,0.09309306078536848,0.09868746637977407,0.07982786444324907,0.06094674556213018,0.09001613770844541,0.07899946207638517
155,4.976548086293855e-06,2.9277541128830987e-08,0.18200585937500002,232871,1,1284853619.932184,0.1504694188083676,2.916300132520176e-11,9.349006908375939e-15,0.09118224645068518,0.09908034382478242,0.0753216650391149,0.069076158691663,0.10327620805477158,0.060416152467618875,0.09308165302027106,0.09872621717621557,0.07985019369654565,0.06095270799575048,0.09002328650992092,0.07901316707266035
156,5.0057342904016654e-06,2.9186204107810575e-08,0.18246874999999996,233105,1,1284771571.6361969,0.14999042128674647,2.916298464797954e-11,9.365684130582984e-15,0.0910900839184792,0.09916081520808359,0.07526973796883028,0.06912570645658503,0.10321758862818976,0.06041274190786094,0.09304889535879432,0.09883969857852372,0.07988311354684022,0.060915824627504715,0.09000899126562768,0.0790268025346806
157,5.034922358403702e-06,2.9188068002036014e-08,0.182998046875,233353,1,1315120365.2224958,0.1535432906039066,2.916296826159709e-11,9.382070513036075e-15,0.09105074977320028,0.09917284807086825,0.07531885372752015,0.06912855541917926,0.10320721489940765,0.06045146485938417,0.0930359144031165,0.0988633331554512,0.07982282939324403,0.060963765409039965,0.09000480281765304,0.07897966807193553
158,5.063436858666691e-06,2.851450026298972e-08,0.18346093750000003,233561,1,1315415599.5959735,0.1500336738424807,2.916295329227767e-11,9.397039832461026e-15,0.09110846144019076,0.09913554486224074,0.07530979857769449,0.06912447302303794,0.10325554656560064,0.060405399650811216,0.09306732529915257,0.09890133287910402,0.07981305625345993,0.060937699612485616,0.08996933952220755,0.07897202231401437
159,5.091944959081129e-06,2.850810041443786e-08,0.18392578125000003,233770,1,1195238012.400002,0.13629586110660954,2.916293857779289e-11,9.41175431723644e-15,0.09103748539874694,0.09919294892216203,0.07529998938090686,0.06905596262079218,0.10340872889455238,0.0603164489752575,0.0930763512796007,0.09892747159392587,0.0797600084952745,0.06088988000424763,0.08997557608580226,0.079059148348731
160,5.123319463247626e-06,3.137450416649745e-08,0.18442382812500002,233994,1,1195430969.9993966,0.15002421579602465,2.916292318998292e-11,9.427142127213613e-15,0.09110934604183214,0.09910510987556262,0.07527667460947843,0.0691236431029918,0.10340481863913159,0.060280646015356106,0.09313211543553085,0.0989568440561292,0.07970346836113318,0.06087370929308976,0.08998676198040774,0.07904686258935664
161,5.154688903174399e-06,3.136943992677296e-08,0.184921875,234217,1,1336203876.3556895,0.16766386891704385,2.9162907627379146e-11,9.442704730980642e-15,0.09117025771018167,0.09915504858470639,0.0752534854245881,0.06916983523447402,0.10335868187579215,0.06025559780312632,0.09313476975073934,0.09899662019433883,0.07962610899873257,0.060825940008449514,0.0899873257287706,0.07906632868610056
162,5.18275348273712e-06,2.8064579562720652e-08,0.18535546874999997,234439,1,1186110056.3813326,0.13315072018982796,2.9162892642847815e-11,9.457689262314778e-15,0.09122041685106742,0.09917599207603635,0.07524604328675899,0.06919769867863691,0.10327495732439781,0.06025162799519505,0.0930749615392721,0.09901793429010981,0.07958736380687448,0.0607679500958884,0.09009293797812482,0.079092116077638
163,5.2143694359096335e-06,3.161595317251387e-08,0.18581250000000005,234690,1,1339632781.489207,0.16941506915170912,2.9162876729604965e-11,9.473602505171489e-15,0.09120627312478977,0.09914228052472249,0.07518710057181298,0.06917465523040699,0.10329423141607802,0.06029263370332996,0.0930772788429196,0.09903716784392869,0.07961234443323241,0.06074461823074335,0.0900710561722166,0.07916035990581903
164,5.242362181771162e-06,2.7992745861528562e-08,0.18621093749999995,234912,1,1280117894.1808136,0.1433360595383945,2.9162861997871707e-11,9.488334238428303e-15,0.09121040486679252,0.09915040906230332,0.07519404237465911,0.06917348437172224,0.10331445353471784,0.06028949024543738,0.09311936228235787,0.0990035661841829,0.07958883994126284,0.06070904132578141,0.09017201594294104,0.07907488986784139
165,5.2716563586360186e-06,2.929417686485618e-08,0.18663671874999999,235127,1,1191119277.2227879,0.13957143509641604,2.916284826946914e-11,9.50206264099775e-15,0.09121162016785617,0.0991858347809707,0.07520040185018523,0.06912032482889972,0.10326712572469075,0.06039264111848301,0.09307436321396428,0.09898700265807153,0.07957470855396723,0.06070658657569225,0.09020699470478662,0.07907239582243245
166,5.303139351747703e-06,3.1482993111684794e-08,0.18705859375,235401,1,1290019157.4781556,0.1624546569953048,2.916283160615406e-11,9.518725956071387e-15,0.09123561718211623,0.09921272996846743,0.07523962662100361,0.06913149706600956,0.10319084511454048,0.06040261448827448,0.09309415916637083,0.09900390502641636,0.07946833169753795,0.060778499383966414,0.0901079624950404,0.07913421179025623
167,5.332208687487886e-06,2.90693357401826e-08,0.18742578124999998,235604,1,1340899728.2293556,0.155916257575275,2.916281749452079e-11,9.532837589340481e-15,0.09126529251161919,0.09919551489131115,0.07516516954627875,0.069121110439549,0.10317625726850212,0.06039890790104417,0.09314103499301808,0.09903920301786123,0.07945853567036952,0.060794897980450596,0.09008774306496323,0.07915633271503304
168,5.360174984452924e-06,2.7966296965037325e-08,0.187814453125,235850,1,1186372123.0032647,0.1327137404118044,2.9162802940474295e-11,9.547391635835727e-15,0.09129480766630964,0.09919821965245787,0.07513440999989601,0.06911325797360678,0.1032331194559125,0.06038830710995102,0.09308347458949055,0.09902143280539928,0.0794916858185751,0.060793876935556004,0.09004690051060203,0.07920050748224333
169,5.3917839537407976e-06,3.160896928787394e-08,0.18820312500000003,236140,1,1284292129.888846,0.16238060196125897,2.9162786173543124e-11,9.56415856701285e-15,0.09131382316313824,0.09920091324200915,0.07517642175176421,0.0690950601909506,0.10319634703196348,0.060450394354503945,0.09310917393109173,0.09902449149024493,0.07943129929431299,0.06081361560813616,0.0899958488999585,0.07919261104192613
170,5.420982918000779e-06,2.9198964259981554e-08,0.18852929687499997,236360,1,1183742577.7146525,0.1382562288788343,2.9162772280951116e-11,9.578051159009641e-15,0.09131123934236017,0.09925720264796378,0.07517067763423707,0.06904803837268329,0.1031939250157987,0.060439048141970646,0.09307240461218107,0.09895676857252377,0.07943891346462649,0.06080164099163965,0.09004734426637107,0.0792627969376444
171,5.452662102906333e-06,3.167918490555433e-08,0.18891210937500003,236651,1,1344583881.4710515,0.17038128560859755,2.91627559900316e-11,9.594342078525495e-15,0.0913329818140463,0.0992008105621207,0.07522512742574154,0.06908387870516837,0.1031709107451175,0.06041996215998263,0.09310091705178705,0.09891132409044384,0.07944335887017566,0.06080249785469846,0.09004063149406034,0.07926759922665756
172,5.480551772354827e-06,2.7889669448493504e-08,0.18923437499999995,236875,1,1229396864.5667949,0.137149888695129,2.916274213822209e-11,9.608193888030738e-15,0.09132193873338287,0.09917636859053752,0.0752105523903889,0.06913136817768971,0.10316035009495501,0.06039963669391463,0.09307654198662374,0.09892865989596236,0.07946288498059614,0.060812484518206596,0.09008339526050697,0.07923581867723557
173,5.511054534384575e-06,3.050276202974859e-08,0.18961914062499996,237106,1,1183174794.2775605,0.14436039675778067,2.916272867257374e-11,9.62165953638916e-15,0.09130143688520369,0.09920173044239584,0.07531544522840809,0.06912499356234228,0.10314672709481383,0.06042128032136788,0.09305247978575476,0.09897512489055982,0.07942524591852501,0.06074058814440954,0.09005510635010558,0.07923984137611371
174,5.542748921537994e-06,3.1694387153419094e-08,0.18998437499999998,237390,1,1295555220.7590864,0.1642473149814873,2.916271210333464e-11,9.638228775488352e-15,0.09130068262192614,0.099257751459824,0.07535570359404556,0.06916687227568057,0.10311292047043343,0.06045933053705074,0.09302779833867916,0.09893905748828027,0.07936507936507936,0.060706061353729746,0.09006702853853112,0.07924171395673987
175,5.571694040510251e-06,2.894511897225666e-08,0.18727734375000005,234494,1,1186498223.0142527,0.13737332890207465,2.9162930636502645e-11,9.41969560748593e-15,0.09106647477212523,0.09937842855057047,0.07532903656425338,0.06934276119558642,0.1032684646350875,0.060457209603070314,0.0929645620841416,0.098888263145819,0.07961537659303757,0.06068664872869867,0.09020086352543645,0.07880191060217341
176,5.603299650424046e-06,3.160560991379549e-08,0.18777343749999997,234733,1,1273374541.1853027,0.16098311609144397,2.9162912526715165e-11,9.43780539496628e-15,0.09108591637195756,0.09940711462450592,0.07537965467027254,0.06936758893280633,0.1031620553359684,0.06047430830039526,0.09295818597878094,0.09884543374245891,0.0796130642812565,0.06068233825670897,0.0902017890576243,0.07882255044726441
177,5.6327489591601025e-06,2.9449308736056282e-08,0.18823828124999997,234976,1,1274288524.4124255,0.15010766469694048,2.916289329546912e-11,9.457036641017036e-15,0.09108925273402643,0.09942102969557366,0.07534914607068002,0.06941418165971487,0.10319782522982422,0.06043910435991615,0.09298802631305898,0.0988918632883023,0.07955134989312913,0.060688123845690924,0.09015542966237107,0.07881466724771213
178,5.662177145384483e-06,2.942818622438058e-08,0.18871484375000003,235189,1,1224112132.0885217,0.14409359913049832,2.9162876266669955e-11,9.474065440177257e-15,0.09113866407236447,0.09937695348885349,0.07537620831694647,0.06943553228043303,0.10312351224358843,0.06037962368818696,0.09300159383991224,0.0988801722175074,0.07967129639212601,0.06065906315331913,0.09012440231003292,0.07883297799672953
179,5.692811593828368e-06,3.063444844388503e-08,0.18925976562500002,235445,1,1328873301.2613938,0.1628372025437899,2.9162857256439626e-11,9.493075670505681e-15,0.0911032909877091,0.0994004189843242,0.0753862189244693,0.06943168801147562,0.1030845914902839,0.06036057419428076,0.09305373525557012,0.09889474824821208,0.07964830084312856,0.06061856946780735,0.09014354857019019,0.07887431502254878
180,5.7210309883819374e-06,2.8219394553569726e-08,0.18970117187500002,235645,1,1331780071.6814861,0.15032810920544493,2.9162840429965494e-11,9.50990214463726e-15,0.09113840641634148,0.09936474924583275,0.07540642663728932,0.06942456783386698,0.10308153242661668,0.060384856939882825,0.09308431229215355,0.09892202991958979,0.07959681653917035,0.06059077290557722,0.09013971398272363,0.07886581486095523
181,5.749188790707852e-06,2.815780232591485e-08,0.19018164062499998,235861,1,1278650756.0196247,0.14401598092752868,2.916282449813181e-11,9.525833978322227e-15,0.09113409261294197,0.09939100161235659,0.07541104823719101,0.0693518737226952,0.10311893440686842,0.06044796812258017,0.09311616156429399,0.09892886118328488,0.07951896316227292,0.06057120557033263,0.09017900239286045,0.07883088741232169
182,5.778516580038487e-06,2.932778933063443e-08,0.19067187500000005,236103,1,1333179602.6463847,0.15639684210524837,2.9162807172266836e-11,9.543159843290899e-15,0.09114561992952554,0.09940178644595592,0.0753912972219946,0.06939891829877899,0.10301770056543474,0.06048717528476605,0.09312259280504795,0.099022781283291,0.07946816356633615,0.06059985249528805,0.09015201180037696,0.07879210030320415
183,5.806644823169092e-06,2.8128243130604338e-08,0.19108007812500005,236326,1,1338991934.101734,0.15065396268932688,2.916279057075855e-11,9.559761351574569e-15,0.09112467163431562,0.09930187155663223,0.07541422628356485,0.06940398434066215,0.10302249752128627,0.060460171925628366,0.09317919311479766,0.09906677705886562,0.07945171874520868,0.06059305142436601,0.09017407214334631,0.07880776425132624
184,5.834650966481043e-06,2.8006143311951288e-08,0.19155078125000002,236554,1,1294732140.594948,0.14504181552036632,2.916277483280485e-11,9.575499305282615e-15,0.09113526520790427,0.09919040724351003,0.07547362195892898,0.06938638171176868,0.10296306870322411,0.06049513632563168,0.09321532720190878,0.09910883618492161,0.07946040744743767,0.0606174929135143,0.09016660888716686,0.07878744621408326
185,5.863614486288907e-06,2.896351980786405e-08,0.191955078125,236776,1,1342476545.2166939,0.15553138403590647,2.916275834199653e-11,9.591990113604791e-15,0.09111628900804834,0.09924603941758835,0.07551815712090842,0.06936233860054335,0.10294970543645263,0.06048982000590145,0.09318179505703036,0.09907306600461942,0.07946602089925825,0.06062209379228946,0.0901598477833966,0.07881482687396343
186,5.891547935207336e-06,2.7933448918429325e-08,0.19236718750000004,236970,1,1242151404.879461,0.1387902912686226,2.9162744067664667e-11,9.606264445461439e-15,0.09112415221540836,0.09923648621207813,0.07552897697274906,0.06935588677252975,0.1030134427161597,0.06049222271859644,0.09322584575396986,0.09907403646996711,0.07940746456565,0.060624213134061654,0.09013930065386022,0.07877797181496975
187,5.921737491691909e-06,3.0189556484572844e-08,0.19283203125000004,237193,1,1294983291.0581422,0.1563798848479113,2.91627288364538e-11,9.621495656336072e-15,0.09109693102400485,0.0992808670110402,0.0755190924744252,0.06932036868226475,0.1031500050643168,0.06048820014180086,0.09318342955535298,0.09905803707079913,0.07947938823052769,0.06057935784462675,0.09011445356021472,0.07872986934062594
188,5.950695394283346e-06,2.895790259143685e-08,0.193208984375,237427,1,1345884504.2655325,0.15589596949538226,2.916271258543287e-11,9.637746677255382e-15,0.09113148610535465,0.09930956400432658,0.07553349574921907,0.06924577701848912,0.10308017346825307,0.060471275638628016,0.09320380497963061,0.09909727768062028,0.07952650040940934,0.06052182000141524,0.09009027223193797,0.07878855271271594
189,5.978558111983974e-06,2.7862717700627854e-08,0.19361132812500004,237670,1,1235877813.5674596,0.13773965852759723,2.91626970296496e-11,9.653302460534903e-15,0.09112368731652692,0.09927468248443945,0.07553793541748628,0.06930363465787004,0.10299710478265692,0.060486840379707245,0.09322196330034599,0.09913345237014393,0.07944193929122657,0.06055745543685499,0.09009472505523106,0.0788265795075104
190,6.008900917387813e-06,3.0342805403839445e-08,0.19398242187500003,237957,1,1284840067.365722,0.15594260855653627,2.9162679191868234e-11,9.671140241895088e-15,0.09108025654708567,0.09929620717083337,0.07552432062344568,0.06929187768704881,0.10296116553730908,0.06045167591296731,0.093255067006313,0.09916531580060212,0.07940071889567958,0.06053222444849425,0.09013381125464413,0.07890735911557709
191,6.038087429353373e-06,2.918651196555956e-08,0.194359375,238163,1,1234216010.633669,0.14408984144977904,2.916266502338469e-11,9.685308725437258e-15,0.09108449232253396,0.09925436128306134,0.07546828523193183,0.06935846933033202,0.10296245678913095,0.06047511857866388,0.09329528097113915,0.09914382185063107,0.07943765576010933,0.06051531473591125,0.09013988262722084,0.07886486051933436
192,6.068471089650201e-06,3.038366029682828e-08,0.19475390625,238430,1,1310878016.795724,0.1593170894116049,2.9162648536213166e-11,9.70179589696431e-15,0.09110054756603886,0.09928395210301462,0.07549591832641353,0.0693182501955593,0.10296447840824759,0.06045289528050223,0.09332691497683374,0.09910343582646368,0.07945724772850352,0.06051306737268587,0.09008765068094751,0.07889564153478949
193,6.097077870387637e-06,2.860678073743583e-08,0.19509765624999997,238634,1,1294703285.293288,0.1481491720096917,2.916263449897507e-11,9.715833135057808e-15,0.09112023225548102,0.09937931724897386,0.07547302032235459,0.06932625888477326,0.10291320452497747,0.06042646911602763,0.09327259985984583,0.09908899789768746,0.0794974471919111,0.06058664530984082,0.0900890980078086,0.07882670938031835
194,6.12604203571105e-06,2.8964165323412426e-08,0.19543164062499996,238860,1,1191681596.2835662,0.13806425107050097,2.916262001699833e-11,9.73031511179895e-15,0.09109443239623831,0.09939936638650425,0.07549394869129832,0.06933770400055968,0.10288723878434156,0.06043313578716983,0.09328309731064052,0.09900960414147372,0.07956146750482207,0.06057305043923207,0.09009504202436515,0.07883191253335466
195,6.1575101729357495e-06,3.146813722469932e-08,0.19583203125000004,239116,1,1191842108.0416007,0.15002020402411204,2.9162604390725616e-11,9.74594138451021e-15,0.0911276005824507,0.09936568727185689,0.07548919873137457,0.0692857000378992,0.10287634891189439,0.06043923164382743,0.09325194981349613,0.09906648315480825,0.07954840125266792,0.06059880717292005,0.09012028005505358,0.07883031137175116
196,6.188974072177922e-06,3.1463899242173e-08,0.19622656250000003,239375,1,1305652623.839259,0.164323690407029,2.9162588222432596e-11,9.762109677533374e-15,0.09113349524226617,0.09936497193136122,0.07551658239439424,0.06927578930604769,0.10286857506867858,0.06045706095473185,0.09326352669506709,0.09905641597324522,0.07952780984990246,0.0606561293148067,0.09010829318788072,0.07877135008161802
197,6.217695341001885e-06,2.8721268823963e-08,0.19658398437500002,239612,1,1192793630.2155833,0.13703418601972997,2.9162573308692235e-11,9.777023417893776e-15,0.09117644136670276,0.09938301656218021,0.07561772858689927,0.06927899375068305,0.10279083168572592,0.06040675204419231,0.09327279411034167,0.0990253450040238,0.07954218040555981,0.06066507039174971,0.09007362072905385,0.0787672253628876
198,6.249134140681946e-06,3.143879968006059e-08,0.19693359374999997,239855,1,1305175796.725278,0.164132641682038,2.9162558305901235e-11,9.79202620889378e-15,0.09120301497570167,0.09946444510562333,0.07558266388971537,0.06922542893979966,0.10272736288802935,0.06044827928195973,0.09335515223643756,0.09898839631062183,0.07952990181493602,0.06069622136268967,0.09007239908757313,0.07870673410691262
199,6.277865902406373e-06,2.873176172442711e-08,0.19727343750000004,240086,1,1274890561.0949087,0.1465194073044004,2.9162544103475585e-11,9.806228634544166e-15,0.09126371232822464,0.099451506871015,0.07560096629836442,0.06918537879687933,0.1027385054057265,0.06041344897231793,0.09337253970139797,0.09897627816720131,0.07957110609480812,0.06068076511821314,0.09002613757870975,0.0787196546671419
200,6.307280191871183e-06,2.9414289464810244e-08,0.19495703124999997,237394,1,1275037334.0932906,0.15001726889384007,2.9162778759744836e-11,9.571572365295025e-15,0.09101564848023401,0.09957121961970784,0.07592818930453424,0.06923600953735798,0.10279709070508324,0.06038990963553667,0.0930994409825883,0.09882987036406259,0.07961489911639182,0.060590274299224575,0.09030435392414192,0.07862309403113667
201,6.336691095377524e-06,2.9410903506340967e-08,0.19544726562500003,237663,1,1314977688.2152517,0.15469872760436035,2.916275853050843e-11,9.59180160170281e-15,0.09105717055231888,0.0996212613296825,0.07589763063486195,0.069182264237676,0.10273911001409025,0.060398325155642606,0.09313573634192406,0.09881181984430741,0.079605072499975,0.06058819414603923,0.09034766011452096,0.07861575512896102
202,6.365208689505601e-06,2.8517594128077354e-08,0.19587695312499998,237897,1,1315135392.919029,0.15001798943493763,2.916273900778163e-11,9.611324328499043e-15,0.09098704743291885,0.09965200570351683,0.07593056067963584,0.06917009841557897,0.10274307252041599,0.0604054283121778,0.09316076538802859,0.09880445512468963,0.0796198984933542,0.06062479434434484,0.09029903578657679,0.07860283779876158
203,6.393722863941106e-06,2.85141744355053e-08,0.19630664062500003,238138,1,1308675597.0192945,0.14926321701158882,2.9162719737457e-11,9.630594653131522e-15,0.09098687679710274,0.09972241291824611,0.0758638529882896,0.06924753007193385,0.10267737217562606,0.060362753584256135,0.0931657861485041,0.09888666686565381,0.07963465958272392,0.06063138624401794,0.09024067496443104,0.07858002765921458
204,6.422377788114378e-06,2.8654924173272497e-08,0.19677539062500005,238341,1,1319319428.9619584,0.15121999278892037,2.9162702513843345e-11,9.647818266782554e-15,0.09108775273203704,0.09977270245858519,0.07582209252697297,0.06920167942113568,0.10277025082134811,0.06036784484213242,0.09309273541176587,0.09888931900068487,0.0796533960634845,0.060635837576551624,0.09020436927413672,0.07850201987116498
205,6.450801533855396e-06,2.8423745741018173e-08,0.19722656250000004,238564,1,1305783715.8259177,0.14846105732559126,2.9162684525393587e-11,9.665806716538392e-15,0.09107744107744108,0.09971281441869677,0.07577738165973459,0.0692414339473163,0.1027827292533175,0.0604179045355516,0.09318676965735789,0.09881164587046941,0.07963953258070905,0.06068528421469598,0.09019607843137255,0.07847098435333728
206,6.479519919255294e-06,2.8718385399898306e-08,0.19768164062500004,238787,1,1304231069.8765762,0.14982164206094886,2.9162666778582576e-11,9.683553527552651e-15,0.09104561666979535,0.09971051149555886,0.07573137838024759,0.06928951814490232,0.1027832393072036,0.0604171400906998,0.09321925049153762,0.09883117781312675,0.07964391925938366,0.0606740240878148,0.09013664252615769,0.07851758173357176
207,6.508272492987147e-06,2.8752573731853168e-08,0.1981015625,239014,1,1318616157.8215806,0.15165443320711175,2.916264917068888e-11,9.701161421255355e-15,0.09100051267894466,0.09972591394881096,0.07570887723311116,0.06934968647710692,0.10279212840635721,0.060397523366328816,0.09322869424616476,0.09892731790038252,0.07959340616003469,0.0606637220491383,0.0901131837362464,0.07849903379737351
208,6.536711398257315e-06,2.843890527016737e-08,0.19849804687499994,239227,1,1304632557.785217,0.1484092868929198,2.9162632438454496e-11,9.717893655633245e-15,0.09098601804567504,0.09974318859403135,0.07566588934478652,0.06933907961153585,0.10269504383505032,0.0604047977487184,0.09325894658125965,0.0990052247837766,0.07959185681534177,0.06070982279029036,0.09012014050830948,0.07847999134122462
209,6.56545512366584e-06,2.874372540852507e-08,0.19892578125000004,239450,1,1304007989.4468846,0.14992819031673646,2.916261567701832e-11,9.734655091811174e-15,0.09104565537555229,0.09970544918998527,0.07568973981345116,0.06929798723613156,0.10270004909180167,0.060392734413352966,0.09324496809032892,0.0990279823269514,0.07953853706431027,0.06075601374570447,0.09013254786450663,0.07846833578792341
210,6.594212616183893e-06,2.8757492518052903e-08,0.199345703125,239690,1,1317593925.6590343,0.15156278983588653,2.9162598094795144e-11,9.752237314988317e-15,0.09107921422622839,0.09966198011071375,0.07563807377651496,0.06930877382060452,0.10278743937686768,0.060402684563758385,0.0932542987312007,0.09901533336599225,0.07947876353304267,0.06073580561406946,0.09020722088864938,0.07843041199235781
211,6.6226735852804555e-06,2.8460969096562314e-08,0.19977539062500005,239917,1,1165510611.6357214,0.13268624599791884,2.91625818626598e-11,9.768469450327104e-15,0.09103974189763893,0.0996822603509801,0.0756220364667351,0.06929657330009287,0.1028792100503495,0.06038030991836534,0.09325903113848559,0.09901745123918462,0.07943491225497383,0.060751820892603996,0.09018917729872414,0.07844747519186586
212,6.654848324511161e-06,3.217473923070601e-08,0.20024609375000002,240160,1,1191570633.1608212,0.1533538975876667,2.916256427352092e-11,9.786058589214888e-15,0.09105982872637185,0.09971129274525486,0.0755418137838207,0.06930924838577533,0.1029202348672532,0.06048221914441216,0.09322513313696039,0.09900903185533427,0.07937498780797067,0.06074556697813238,0.09019175623744222,0.07842888633127208
213,6.686319392156161e-06,3.147106764500026e-08,0.20067187500000006,240423,1,1192237174.2168856,0.1500839070346543,2.9162545268639856e-11,9.805063470278044e-15,0.09105154558903682,0.0997235848322043,0.0754885930078642,0.06934711516000934,0.10285758779101455,0.06049015027641516,0.09323172156038308,0.09901308105582807,0.07937203145682473,0.0607237405590594,0.09024371252822548,0.07845713618313477
214,6.71777286535006e-06,3.145347319389841e-08,0.20114648437500005,240707,1,1342609203.4930832,0.16891889036780397,2.9162526872500575e-11,9.823459609556774e-15,0.09101148688669444,0.09965335430685428,0.07553380523755428,0.06931942866575394,0.10291590200704945,0.06048336197772535,0.09316709876003769,0.09906104653985455,0.07938866070474915,0.06072611106256131,0.09031236952236692,0.0784273743287988
215,6.745703554267159e-06,2.7930688917099463e-08,0.20155078125000003,240935,1,1214512655.7701974,0.13568870069679076,2.916251060057072e-11,9.839731539415924e-15,0.09099366242223385,0.09968602825745683,0.0754985754985755,0.06930635502064074,0.10295172199934105,0.06049770335484621,0.09318371223133128,0.09904645618931333,0.07937476985096033,0.06071089404422737,0.0902668759811617,0.07848324514991181
216,6.776580136591629e-06,3.087658232447066e-08,0.20196289062499995,241187,1,1292702790.105601,0.15965697647907404,2.916249290863043e-11,9.857423479701729e-15,0.09099173154102799,0.09975339683767709,0.07549925051980079,0.06924229969537257,0.1029737440162468,0.06049997582321938,0.09318698322131426,0.09903776413132827,0.07931918185774382,0.06077075576616218,0.09025675741018326,0.0784681591799236
217,6.805589124803789e-06,2.9008988212160208e-08,0.20240039062500004,241444,1,1249229942.4395294,0.14495558669802355,2.916247609960263e-11,9.87423250750632e-15,0.09092049522816972,0.09979831900336777,0.07552905074834264,0.0692566752549962,0.10297310598384622,0.06051394879811636,0.09321714963957965,0.0989780852850071,0.07930212585280182,0.06081309286010673,0.09024500863657857,0.07845294270908723
218,6.83560761757764e-06,3.0018492773851546e-08,0.2027734375,241690,1,1225826201.2070076,0.14718981985172183,2.916245923676642e-11,9.89109534371305e-15,0.0909458678481988,0.09974956655750337,0.07554421113465615,0.06927374301675977,0.10297630514351763,0.06047967636293585,0.09325756116355231,0.09900789828549413,0.07934887304950877,0.06078790213831632,0.09021383163167021,0.07841456366788672
219,6.866199229963699e-06,3.059161238605904e-08,0.20318749999999997,241937,1,1225766978.4220712,0.1499927531180752,2.916244303726841e-11,9.90729484172069e-15,0.09095278375884346,0.09979621654875424,0.07556328821900955,0.06926714856967088,0.10289141802522303,0.0604621654875423,0.0932597662257767,0.09906567210089205,0.07937942171639498,0.060817825284527845,0.09016456474930792,0.07837972931405723
220,6.896792320379851e-06,3.059309041615211e-08,0.20362499999999994,242173,1,1244476031.293582,0.15228947098439477,2.9162427236007726e-11,9.923096102406101e-15,0.0909396101903008,0.09985996009821976,0.07556399631675875,0.06932934315531002,0.10291014426028239,0.060495319214241866,0.09324163597298955,0.09902547575199508,0.07938152240638428,0.06082143953345611,0.09012430939226519,0.0783072437077962
221,6.9269254841025946e-06,3.0133163722743844e-08,0.20402539062500002,242401,1,1223533802.6799679,0.14747577758586733,2.916241132908242e-11,9.939003027706202e-15,0.09088559366653583,0.09982672959286239,0.07556887259359951,0.06936560055906031,0.10299537626482609,0.060501048238098425,0.09329797723552329,0.0990417476378744,0.07936933400982184,0.06079780970888656,0.09008146581020668,0.07826844468270454
222,6.9575744125734405e-06,3.0648928470845554e-08,0.20441210937499998,242636,1,1201086942.432001,0.14724811114345998,2.916239556874091e-11,9.954763369222286e-15,0.09083786391996865,0.09983852320392893,0.07552145539322942,0.06937769327052616,0.10303939460533731,0.06045347270659951,0.09339856104109534,0.09902636180357158,0.07936250107491949,0.060787892106746656,0.0900639218796281,0.07829235899444861
223,6.98879613239671e-06,3.1221719823270027e-08,0.2047734375,242896,1,1201198809.9437528,0.15001397078443696,2.91623790262831e-11,9.971305827028906e-15,0.09084926176032963,0.0998435771241082,0.07549311357826867,0.06935065430544428,0.10300064858265615,0.06050894662546259,0.09338636450345275,0.09902331082369997,0.07932738163366525,0.06081416199305635,0.09012437526229446,0.07827820380756172
224,7.020014944544681e-06,3.1218812147970716e-08,0.20518749999999997,243156,1,1247455050.7716112,0.15577625957230481,2.916236271443513e-11,9.98761767500316e-15,0.09090389887298203,0.09986102650015231,0.07555970149253732,0.06930589399939081,0.10301172707889125,0.060482028632348465,0.09329310082241851,0.09898530307645446,0.0793481571733171,0.060834221748400856,0.0900757691136156,0.07833917148949132
225,7.050076147933776e-06,3.006120338909561e-08,0.20299023437499997,240605,1,1293144082.8897948,0.15549386914862257,2.916261006371573e-11,9.740268394401682e-15,0.09077176203442668,0.10021071672551982,0.07569445112622798,0.06932484051919062,0.10302027306578403,0.060424704852257746,0.09333115239918792,0.09884442562854202,0.07937958838075262,0.060722979669203606,0.09023294301026642,0.07804216258864054
226,7.079075236663471e-06,2.899908872969405e-08,0.203439453125,240852,1,1313521197.126176,0.15236367097518377,2.916258981371525e-11,9.76051839488374e-15,0.09083054118144027,0.10023905300448345,0.07569051756415549,0.06934457234473555,0.10294640028417545,0.06042568715738136,0.09327867435988518,0.09885657779783219,0.0794059196820307,0.0607137028254337,0.09022570827853034,0.07804264551991628
227,7.107624452376202e-06,2.8549215712731104e-08,0.20386132812500002,241054,1,1238355273.1230345,0.14141628728555025,2.916257103060256e-11,9.779301507567492e-15,0.09076712302518754,0.10020406794600344,0.07567759180662406,0.06941184360539199,0.10290581258323193,0.06041560880270558,0.09330599653180298,0.09891067955584083,0.07933740191804707,0.06072218975444782,0.09024018701438057,0.07810149745633616
228,7.137906553816629e-06,3.028210144042747e-08,0.20432421874999995,241303,1,1224861231.3406005,0.14836548823161183,2.916255024886201e-11,9.80008324812088e-15,0.09073355382644771,0.10017779647083565,0.0756495306555528,0.06946488997648499,0.10292121513372972,0.060383887433804274,0.09330491138853308,0.09896380981512992,0.07930104957271494,0.0607471275355115,0.09022692947406658,0.07812529871718892
229,7.168522266879044e-06,3.061571306241488e-08,0.20477539062500005,241553,1,1224405908.4718983,0.14994423986280422,2.916252960302412e-11,9.82072908601208e-15,0.09079116791454052,0.10011922361581382,0.0756926892078783,0.06945490962849922,0.10292336305975489,0.06034622538032333,0.09326148123420287,0.09898421479326626,0.07932662501788354,0.06075635461872288,0.09020935666936908,0.07813438885974534
230,7.199149365082778e-06,3.06270982037332e-08,0.20524609375000002,241807,1,1240909825.1791599,0.15202186831095812,2.916250877089178e-11,9.84156121835067e-15,0.09077327141579276,0.10006090249890565,0.07572845098300439,0.06947642882972041,0.1028300629960223,0.06040766610204974,0.09328549949565118,0.0989665607216946,0.07933502084007384,0.06075024265839407,0.09021182650400623,0.07817406695468473
231,7.2293691274209365e-06,3.021976233815848e-08,0.20563867187499996,242054,1,1204419191.5800385,0.14558904690026295,2.9162488137092935e-11,9.86219501719903e-15,0.09071395328957992,0.10005033859830748,0.07576433937713108,0.0695242527567506,0.10284270612706223,0.06040631796898003,0.0932498789024286,0.09901507308594604,0.07930703695612944,0.06075773837225868,0.09021056730650509,0.07815779725892086
232,7.260504466563785e-06,3.1135339142848566e-08,0.20613281250000004,242301,1,1204556652.946626,0.15001711962507097,2.916246897861035e-11,9.881353499773186e-15,0.0907807466363464,0.10003790032215273,0.07567746825848021,0.06953761606973659,0.10287094940306993,0.06037521318931211,0.09326321773735076,0.09904301686564336,0.07933484934621945,0.06074474133030131,0.09022171688459352,0.07811256395679364
233,7.2916362526099344e-06,3.1131786046149235e-08,0.20661718750000002,242542,1,1229990895.3705902,0.153167253573555,2.91624497702872e-11,9.9005618229408e-15,0.0907191741974515,0.10005860778160093,0.07562294400120996,0.06959201421711347,0.10286610957764585,0.06041327938896661,0.09332816576549326,0.09911332098158582,0.07930956252126896,0.06073467690097176,0.09018036072144289,0.07806178394524899
234,7.322124283164584e-06,3.048803055465011e-08,0.20706250000000004,242747,1,1241471019.717542,0.1514000255274442,2.916243211641002e-11,9.918215700118419e-15,0.0907410202233625,0.10000377301539388,0.07569612134017506,0.06951780863265922,0.10289956233021429,0.060434274071838205,0.09333496830667068,0.09913597947479624,0.07928991850286748,0.060773845457289456,0.09017506791427708,0.07799766073045578
235,7.352330384961896e-06,3.020610179731135e-08,0.20744531249999998,242967,1,1209070018.1150906,0.14608516818904604,2.9162413950513684e-11,9.936381596445132e-15,0.09075245734945205,0.09999811697359996,0.07560350996120965,0.06953074982111249,0.10286031710164575,0.06046397770496742,0.09336044891349377,0.09917900048958686,0.07928482657326855,0.06082175272097315,0.09015930403344255,0.07798553835724777
236,7.383345958450734e-06,3.1015573488838587e-08,0.207900390625,243213,1,1175924739.8871627,0.1458879207492548,2.9162395814115307e-11,9.954517994823743e-15,0.09070411949833249,0.09999530273850346,0.07559772652543567,0.06958523180985486,0.10276668702146649,0.060500728075531966,0.09334398045939218,0.0991685847151111,0.07930856310770822,0.060810747334304104,0.0901216590727606,0.07809666964159895
237,7.415235754394307e-06,3.188979594357234e-08,0.20830664062500004,243465,1,1197133072.901302,0.15270531764849696,2.916237645514918e-11,9.973876960954804e-15,0.09074287643104272,0.10006282054888281,0.07553467788060345,0.06960891864270109,0.10280067133601492,0.06047649855137689,0.0933400841982879,0.0991627052216065,0.0792757822095956,0.060804665597779715,0.09008654233823707,0.07810375704387125
238,7.44656059275093e-06,3.132483835662244e-08,0.20873632812499998,243693,1,1244685732.8685791,0.15595831754760955,2.916235901117646e-11,9.991320933665672e-15,0.09068707718507013,0.10012818953337138,0.07552889878641003,0.06958726713014511,0.10275747850252168,0.06045493248996472,0.09332572305446651,0.09926735471073142,0.07929972958558287,0.060801137799069926,0.09007887866907449,0.07808333255359165
239,7.476688679712749e-06,3.0128086961819025e-08,0.20917773437499998,243935,1,1206856594.3348446,0.14544112169825976,2.916234177108703e-11,1.0008561023096688e-14,0.09069178983930755,0.10006629380293,0.07553758671883024,0.06958048161047255,0.10272738307547223,0.06049542946245997,0.09331553049048077,0.09925396128815395,0.0792351002343626,0.0608502413654656,0.09010354905274559,0.07814265305931895
240,7.507761137017146e-06,3.1072457304397475e-08,0.20960156249999995,244181,1,1180247296.6551027,0.14669273493578489,2.916232364817682e-11,1.0026683933313646e-14,0.09067613403406759,0.10008759178500874,0.07550598233255058,0.06957024115695702,0.10274330016027432,0.06048492303104848,0.09329456930932944,0.09924894703492489,0.07924261060792426,0.06087629058108762,0.0900890827090089,0.07818032725781802
241,7.539534139256827e-06,3.177300223968098e-08,0.21001367187499997,244426,1,1195844061.2934916,0.15198222415114926,2.9162305594841526e-11,1.0044737268606245e-14,0.09066560026783971,0.10009578989463112,0.07557171687111144,0.06960112343876422,0.10269048704046427,0.060468533484613174,0.09328819738298288,0.09932389074372018,0.07919871288141583,0.06084983306518363,0.09009830089186902,0.07814781403740456
242,7.570892742952561e-06,3.135860369573429e-08,0.21046484374999996,244662,1,1236385662.8436587,0.1550853120648082,2.9162288578863586e-11,1.006175324655161e-14,0.0907032424506765,0.10006681638486237,0.07556747526865754,0.06959112084485607,0.10267451140518569,0.06053378867462276,0.09326453720373429,0.09933369216206685,0.07914957590155719,0.06088643070584086,0.09011859908313072,0.0781102099148091
243,7.601223084954224e-06,3.0330342001662214e-08,0.21083593749999996,244904,1,1202043590.8056133,0.14583357284016146,2.916227075253523e-11,1.0079579574897228e-14,0.09070107829695778,0.10010375365916924,0.07553636936302664,0.06957979768036462,0.10272538629710601,0.06052914366176307,0.09328565605661984,0.09935339237410604,0.07912142883610628,0.06087190128580427,0.09007114536628746,0.0781209471226887
244,7.632419956920295e-06,3.119687196607187e-08,0.21122070312499996,245136,1,1199188708.384318,0.14964374639449868,2.916225414141855e-11,1.0096190691586105e-14,0.09065606361829026,0.10006935133385732,0.07553747283739423,0.06952702390309307,0.10275093624300707,0.06051135050164131,0.09333764852744,0.09930186323916963,0.07916223588700355,0.06081649637061353,0.09010125294743168,0.0782283045910583
245,7.66369109859951e-06,3.1271141679214284e-08,0.21159375000000002,245379,1,1203892184.97984,0.15058833233201374,2.916223659160416e-11,1.0113740505967876e-14,0.09062546152710087,0.10008676709496382,0.07548737261852016,0.0695798257273667,0.10273593265396545,0.06054312509230542,0.0933761630482942,0.09932986264953478,0.07913343671540393,0.06079234972677596,0.09011778171614238,0.07819192142962635
246,7.694840067309386e-06,3.1148968709874927e-08,0.21198828125000002,245621,1,1222291143.2315814,0.15229243429951117,2.916221979095654e-11,1.0130541153588007e-14,0.09061342571265363,0.1000939763032302,0.07548508356520298,0.0695885312056607,0.10276585159114782,0.06047651513755552,0.09337743463118908,0.09935690725828743,0.07911514861154618,0.06083583629696512,0.09007905065507013,0.07821223903149128
247,7.725520155443589e-06,3.068008813420245e-08,0.21243749999999995,245852,1,1205609493.070769,0.14795282201136936,2.9162203614570016e-11,1.0146717540108691e-14,0.09057811120917918,0.1001673286260665,0.07550934098264195,0.06953331862312445,0.10273242130038247,0.06049573403942336,0.09343740806119448,0.09938584877905267,0.0791776993233304,0.06078074433656958,0.09003567225654606,0.07816637246248898
248,7.756624754582474e-06,3.110459913888447e-08,0.21285156250000004,246119,1,1206227268.1119058,0.15007686258005024,2.916218549074019e-11,1.0164841369942169e-14,0.09057625252339879,0.10018351991191045,0.07547256377316941,0.06954487061846212,0.10272527069187008,0.060497338961277305,0.0933932831712241,0.09935768030831346,0.07922554597173795,0.06077261882914297,0.09009910075243165,0.07815195448706186
249,7.787713423352746e-06,3.108866877027107e-08,0.21323437499999998,246390,1,1198954269.4250176,0.14909556861142687,2.916216727321318e-11,1.0183058896955149e-14,0.0905601963801568,0.1001685352092035,0.07549278229647542,0.06956657140763539,0.1026874038250165,0.06048032534622994,0.09339964827434602,0.0992983805964681,0.07922070784787866,0.060800908624606145,0.09013885835714809,0.07818568183483549
250,7.818990679672109e-06,3.1277256319362263e-08,0.21133007812500004,244020,1,1200265525.5058074,0.15016404997015675,2.916243692868578e-11,9.913403424346423e-15,0.09042430291771794,0.1002855796157152,0.07572942948771268,0.06970360717553441,0.10266078871729466,0.060433822238241786,0.09343721407380708,0.09911183815306697,0.0794077688745945,0.060794262529921164,0.09014704115488766,0.0778643450615059
251,7.850233766475086e-06,3.124308680297804e-08,0.21179296874999998,244273,1,1231966486.314481,0.15396174348113276,2.9162413439820226e-11,9.936892289903252e-15,0.09038344491783323,0.10029694387576313,0.07571146646009702,0.06965270477139011,0.10261163060919605,0.060458510854128636,0.09352809900588356,0.0990796584223243,0.07938176653940503,0.06075361035799259,0.09018978586842252,0.07795237831756396
252,7.880672906189173e-06,3.043913971408753e-08,0.21224414062499997,244488,1,1324121347.7691712,0.16122045881260677,2.916239180669786e-11,9.958525412274453e-15,0.09034775326910158,0.10028619017383063,0.07569776109101953,0.06966108089703596,0.10260515878493406,0.06045882450376833,0.09354093623756546,0.0991267058682789,0.07935105687914676,0.06074409445195962,0.0901729103976295,0.0780075274457297
253,7.908993573372115e-06,2.8320667182942526e-08,0.21263867187499996,244720,1,1232426753.583329,0.13961259166235113,2.9162370793016383e-11,9.979539093748657e-15,0.09038219544231246,0.10033893323290867,0.07568590350047304,0.06963286825692792,0.10260767330143013,0.060456870975741935,0.09359700930458983,0.09910811878277961,0.07935079130346924,0.060695685719796826,0.09014338069825757,0.07800056948131273
254,7.939421345157308e-06,3.042777178519314e-08,0.21310546875000003,244971,1,1232807725.460035,0.15004636850128394,2.9162349489176686e-11,1.0000842933444558e-14,0.09032169370360187,0.10029328200898174,0.07570341856841718,0.06959032169370359,0.10263953808083584,0.06043442397580423,0.09367610668133076,0.09909265878471266,0.07935111355512783,0.06070937585922463,0.09015672257354962,0.07803134451470992
255,7.969839713914696e-06,3.041836875738792e-08,0.213609375,245185,1,1233459229.6688244,0.1500792707810798,2.9162329562653803e-11,1.0020769456319801e-14,0.09034635359520152,0.10030356228512909,0.07567112866652037,0.06954502230999926,0.10269914417379854,0.060419866871479766,0.0937202838124497,0.0990966278984712,0.07933764903810986,0.060694170141174744,0.09014519786409186,0.07802099334357399
256,8.000242015910577e-06,3.040230199588234e-08,0.21410351562499996,245437,1,1236085180.5476575,0.15031933980657855,2.916230851800034e-11,1.004181410978881e-14,0.09033853002618111,0.10030924731575154,0.07559682907472108,0.06952135083606244,0.10266281095775444,0.0604446228368652,0.09370467337462712,0.09914158783444778,0.07930049899198145,0.06075478238658651,0.09020169493071582,0.07802337143430546
257,8.030579730972726e-06,3.033771506214913e-08,0.214515625,245668,1,1209212710.2250855,0.14673900260935102,2.916228725179973e-11,1.0063080310402243e-14,0.09031065627503825,0.10023490421735014,0.07553354213708209,0.06956078374244301,0.10270230898098916,0.06041044504333892,0.09369764731590066,0.09919695534998908,0.07933024983611335,0.06077463762837789,0.09019229368490057,0.07805557578847695
258,8.061591644495385e-06,3.101191352265861e-08,0.21492578124999995,245924,1,1234719563.3397753,0.15316406529211166,2.916226653737917e-11,1.0083794730958565e-14,0.09038367168899149,0.10021628105632396,0.07549844604787263,0.06959161047600008,0.10262445248177969,0.0604223841805856,0.09369149960924013,0.09922575016811765,0.07935152032860182,0.06074953199687393,0.0901928354628233,0.07805201650278987
259,8.091962913497204e-06,3.037126900181834e-08,0.21534374999999994,246148,1,1211320440.1428523,0.14715735573991826,2.91622474280642e-11,1.0102904045927378e-14,0.09037149905674068,0.10021223334784501,0.07543353649687999,0.0696560731388768,0.10263387026556378,0.060377666521549855,0.09370011609345524,0.09922362501813961,0.07936983021332172,0.0607132491655783,0.09019917283413148,0.07810912784791758
260,8.122920865462068e-06,3.095795196486372e-08,0.21574414062500002,246376,1,1235945790.0776846,0.15304940160160202,2.916222843792711e-11,1.012189418302072e-14,0.09034862983315378,0.10027973673966378,0.07540217814432243,0.06961733100370265,0.1026063497524013,0.06037424973520066,0.0936801223961398,0.09922959234480948,0.07942169634531646,0.060700156616362334,0.09026715311286336,0.07807280397606396
261,8.153262002024087e-06,3.034113656201941e-08,0.21619726562499997,246610,1,1212385010.6439393,0.14714055669477247,2.91622098731502e-11,1.014045895993405e-14,0.09043932317310037,0.10028637763905575,0.07542482361124912,0.06961596487582773,0.10255391036470236,0.06042839203924367,0.09361928938595936,0.09920229824830838,0.07936364539763129,0.06069037789200762,0.09025864327464247,0.07811695409827178
262,8.184192770443998e-06,3.0930768419911805e-08,0.2166328125,246829,1,1240808816.0498934,0.1535166805704968,2.916219124492636e-11,1.0159087183770422e-14,0.09046485628764109,0.10025604962313822,0.07547152800317357,0.06960222150095567,0.10254607090050127,0.06047819971870604,0.09353925493165999,0.09921922896606439,0.07936636734105088,0.06070359551372209,0.09023946049262503,0.07811316672076164
263,8.214414992848397e-06,3.0222222404399895e-08,0.21704882812500004,247081,1,1242522491.7470303,0.15020716435219156,2.9162171955898775e-11,1.0178376211356847e-14,0.09045343699664354,0.10024386073842112,0.0755248405006794,0.0695947952379667,0.102493498546734,0.06045226718498322,0.09349494731348254,0.09926301865399671,0.07933122767234477,0.06066823241458126,0.09025546886951202,0.07822440587065482
264,8.24459553303908e-06,3.0180540190683934e-08,0.21745117187499996,247284,1,1173438355.6537073,0.14166001381638715,2.9162154725154316e-11,1.0195606955809683e-14,0.09044774778820674,0.10024700229038486,0.07557371895630303,0.06962770018412898,0.1025194233619257,0.06041226927740602,0.09347464858310503,0.09924102932590828,0.07933713567162166,0.06068172632146225,0.09022320025149322,0.07821439798805406
265,8.2765528998827e-06,3.19573668436202e-08,0.21786914062499996,247514,1,1242036885.7925653,0.1587689135703225,2.916213644317671e-11,1.0213888933417388e-14,0.09041766398623026,0.10019811921218477,0.07559906408842751,0.06967341706335332,0.10245721611130534,0.06044877139194434,0.09347461653623071,0.09927475817802041,0.07938215492743099,0.06067288814780948,0.09017561788989592,0.07822571246716689
266,8.306745239924253e-06,3.0192340041552464e-08,0.21826171875,247745,1,1241860659.0696762,0.1499787172114325,2.9162118397858534e-11,1.0231934251601517e-14,0.09041610738255033,0.10010738255033558,0.07562416107382551,0.06968232662192395,0.10247874720357943,0.060492170022371373,0.09343176733780761,0.09935570469798659,0.07939149888143178,0.06063534675615213,0.09012975391498881,0.07825503355704698
267,8.336941864421636e-06,3.019662449738334e-08,0.21863671875000001,247968,1,1174781860.1925478,0.14189778679428747,2.9162101022657586e-11,1.0249309452543745e-14,0.09043969198334852,0.1000964785335263,0.07561058405245574,0.06968787407764736,0.10249950867413482,0.060468814207357384,0.09340551356952709,0.09939075592717657,0.07941612620821498,0.06060281217058834,0.09010916367404549,0.07827267692197745
268,8.368862684167571e-06,3.1920819745934546e-08,0.21902734375,248211,1,1246044128.7924461,0.1590990001226549,2.916208260772597e-11,1.0267724384167722e-14,0.09045674234452747,0.10003388560931675,0.07560949510442118,0.06967059620837866,0.10253963724563499,0.06045906083358598,0.093337019136452,0.09941859428224928,0.07943500205097108,0.06061065434895043,0.09013572078257923,0.07829359205293288
269,8.39895792648964e-06,3.009524232206898e-08,0.21945507812499998,248424,1,1328453791.6438706,0.1599205550927745,2.9162066233692065e-11,1.0284098418067376e-14,0.09046733297140466,0.1000169097818638,0.07558672493124839,0.06966830127891349,0.10247327809471257,0.060474719876113595,0.09334199588825302,0.09940281770365161,0.0794225754487767,0.06062601792436877,0.09018253664527726,0.07833678945541601
270,8.427186232386223e-06,2.8228305896583962e-08,0.21976171874999995,248652,1,1246759344.7100084,0.14077561664759475,2.9162048634221844e-11,1.0301697888284196e-14,0.09043886311523489,0.09999289002648465,0.0755790184681562,0.06970440285109937,0.1024724932899625,0.06047032474804031,0.09328285252137436,0.09941520467836257,0.07944506656712703,0.06063029915213566,0.09020778897598605,0.07836079560603637
271,8.457264210272744e-06,3.0077977886520157e-08,0.22008203125000003,248887,1,1249172177.642382,0.1502902925423352,2.916203148272652e-11,1.0318849383611924e-14,0.09042260520757531,0.09998047602988942,0.07555776432793171,0.06970944782662714,0.10244759588931683,0.06045331108784012,0.0932890790010827,0.09941250599030901,0.07947143288191547,0.06068404891641966,0.09017411831525887,0.07839761452583377
272,8.487284091175611e-06,3.0019880902867534e-08,0.22043359375000005,249113,1,1223852352.496802,0.14695960745859304,2.9162015103095526e-11,1.0335229014606382e-14,0.0904024383760699,0.09998050716804592,0.07558788609097836,0.06973117612659707,0.10246141305310912,0.06045436019209299,0.09327320090021442,0.09936028069678013,0.07948645248179191,0.06070245078059932,0.0901632081657245,0.0783966259679963
273,8.517925042204953e-06,3.064095102934239e-08,0.22083398437500001,249344,1,1245949026.2756696,0.15270825239667854,2.9161998296692447e-11,1.0352035417682138e-14,0.09039772878028073,0.09994074309922435,0.07563656946766076,0.06971087939009613,0.10246137246057647,0.06043319447761061,0.09325444205647979,0.09937470703211371,0.07946615723420626,0.06069852388406873,0.09017662094156562,0.07844906117611682
274,8.548022581678211e-06,3.0097539473258534e-08,0.22124999999999995,249566,1,1251638200.2109392,0.15068492054834803,2.9161982084165575e-11,1.0368247944558724e-14,0.09036899717514124,0.09999117231638417,0.0755914548022599,0.06970338983050847,0.10241878531073446,0.060443149717514126,0.09329978813559321,0.09942620056497176,0.07945798022598871,0.060655014124293784,0.09015713276836158,0.07848693502824859
275,8.577983316332747e-06,2.9960734654535234e-08,0.219623046875,247124,1,1271747259.8764246,0.1524099288031593,2.9162268241738406e-11,1.0082090371723308e-14,0.0903714638896547,0.09999377484503812,0.07568899125810383,0.06967727018061844,0.10259055377199926,0.060570757779220434,0.09327060748619351,0.0993712593488488,0.07933515345006982,0.060775298585111215,0.09030031926151877,0.07805455014362322
276,8.60747030732783e-06,2.9486990995084878e-08,0.22002734375,247323,1,1246310883.1717339,0.14699983115664483,2.9162246394863975e-11,1.0103937246157088e-14,0.09035631224812257,0.10004970973067978,0.07565643474710174,0.06971789727839224,0.1025440730022902,0.06057485752836117,0.09330338913842384,0.0993573241962114,0.07931365064711417,0.06072576206792479,0.09029417508477285,0.07810641433060522
277,8.63755910820917e-06,3.0088800881338954e-08,0.22051953125,247562,1,1245965265.6596715,0.14995840313399383,2.9162223892129105e-11,1.0126439981029174e-14,0.0903317804191097,0.10012753972330966,0.07561157068712027,0.06975714311019787,0.10257205108674472,0.06051937009547765,0.09328113652064549,0.09934813030308398,0.07926948080704303,0.06074079322622358,0.09026978194250083,0.07817122207854323
278,8.667656255403835e-06,3.0097147194665786e-08,0.220970703125,247788,1,1246213066.46219,0.15002983238891338,2.916220110994857e-11,1.0149222161555538e-14,0.09035063683852322,0.10013523427349146,0.07558977169272653,0.06981800825547788,0.102521721452752,0.060519547097766434,0.09330280986768255,0.09935741622988059,0.0792667297170687,0.060775873498501824,0.09023573190026252,0.07812651917586644
279,8.697747417990066e-06,3.0091162586231595e-08,0.22142382812500006,248024,1,1311687443.3869,0.15788080048509465,2.916217872749257e-11,1.0171604617564172e-14,0.09032451552011572,0.10008026885656572,0.07554093270647178,0.06982508445871445,0.10246187229313125,0.06051036879570252,0.0932882886856195,0.09934814631865853,0.07937796046538295,0.06081909516710917,0.09025394949236562,0.07816951724016265
280,8.72633654582617e-06,2.8589127836103605e-08,0.22187109375000003,248275,1,1232789888.8044186,0.1409775509043419,2.916215700623925e-11,1.0193325870875673e-14,0.090344900438388,0.10005457842567651,0.07547668092748112,0.06986038486593074,0.10249300163735278,0.060546840613391086,0.09331150196306273,0.09930632581559534,0.07934998855613655,0.06085494462930686,0.09021285586013839,0.07818799626753992
281,8.756755354692593e-06,3.041880886642261e-08,0.22230273437500003,248482,1,1232802359.6033018,0.15000151738739054,2.916213627561003e-11,1.0214056500098819e-14,0.090301267802388,0.10001845034660294,0.0754619176060236,0.06987409834913327,0.1024697106809935,0.060596209771654995,0.09327089501752783,0.09932436587915901,0.07937163390997988,0.06085100027236226,0.09031005368172272,0.07815039668245197
282,8.787173855848015e-06,3.0418501155421995e-08,0.22269726562500003,248724,1,1232209681.2761612,0.14992788645448432,2.916211465466008e-11,1.0235677450055472e-14,0.09027284447601759,0.09998158234009526,0.07549486498101228,0.06992571543838416,0.1024460406416362,0.06058533077240159,0.09333368414590296,0.09935889002902976,0.07931872198980891,0.060848440199612365,0.09029915541873866,0.07813472956736041
283,8.817606987943813e-06,3.0433132095799156e-08,0.22320898437500003,248905,1,1231584291.460299,0.14992386971648997,2.916209659228253e-11,1.0253739827605065e-14,0.09026714384466633,0.09994487369075018,0.07550554325665236,0.06990541025349355,0.10239493187963217,0.060595189135741995,0.09336471741203856,0.0993848603904343,0.07931188365723688,0.06085769537026506,0.09028464426030121,0.07818310684878768
284,8.848055573769422e-06,3.044858582560838e-08,0.22360742187500005,249090,1,1227610207.107403,0.14951597900601057,2.9162077104173106e-11,1.0273227937018777e-14,0.09023731952099363,0.099967681920218,0.0755020220636404,0.06997301003607395,0.10236970136347355,0.06054835920235484,0.09335557748914722,0.09938246263767936,0.07932778394053472,0.06092394769711844,0.09024605413715092,0.07816607999161476
285,8.87860272935911e-06,3.0547155589688855e-08,0.22403906250000005,249291,1,1224470582.6103396,0.14961637360798005,2.916205848361654e-11,1.0291848493589752e-14,0.09018551452383444,0.09992328346758728,0.07550475991212471,0.06996024688774977,0.10232067510548523,0.06057118945496391,0.09332391812253724,0.09947867629110438,0.07938417547163233,0.06093733654147924,0.09022038567493113,0.07818983854657043
286,8.90922820989949e-06,3.062548054037941e-08,0.22448437499999996,249500,1,1223119912.6777623,0.14983454033705348,2.916203962204757e-11,1.0310710062562073e-14,0.09018062225934434,0.09990777476160646,0.07546808658731816,0.06992587178951765,0.10238741560520638,0.06057284053734253,0.09329539917867335,0.09949885153476719,0.07930500452425698,0.06098176376418181,0.09026762720122504,0.07820874225656017
287,8.939887509622524e-06,3.065929972303507e-08,0.22489257812499996,249708,1,1303890367.5691528,0.15990546234112413,2.916202089176855e-11,1.0329440341582427e-14,0.09014720569716447,0.09992618003387037,0.07548742889400323,0.0699031655738417,0.10234921186330281,0.06057579573581138,0.09332580659168876,0.09951799904468281,0.07924790481566722,0.06102740023448697,0.09026879152373096,0.07822310999174954
288,8.968647596308272e-06,2.8760086685747493e-08,0.22527734374999997,249919,1,1225314788.0287213,0.14096063808413736,2.916200263822855e-11,1.034769388157948e-14,0.09014929513967158,0.09990289747013231,0.07543652789096773,0.06990515163600423,0.10234780045430113,0.060567703004976506,0.09336581644153907,0.09953009311439025,0.07925994000450834,0.061018536179362245,0.09023599382705345,0.07828024483709317
289,8.999251976804103e-06,3.060438049583141e-08,0.22566210937499998,250108,1,1225047397.4387195,0.14996726670657032,2.916198506975242e-11,1.0365262357709872e-14,0.09016003254312396,0.0998710392161954,0.07546369624109607,0.06988116566700421,0.10236370403067363,0.06053367261271086,0.0933018288197059,0.09952483576974008,0.07932386466907279,0.06100104726542553,0.09028985883554472,0.07828525432970686
290,9.029863037305439e-06,3.0611060501335304e-08,0.22610351562499997,250332,1,1224366376.1597583,0.1499166128657081,2.916196622559229e-11,1.0384106517843117e-14,0.09013950675938323,0.09990066082149182,0.07545458471904289,0.06991750529089104,0.10237118300004318,0.06051051699563771,0.09328380771390317,0.09954649505463654,0.07926402626009589,0.060994255604025396,0.09032954692696411,0.07828791085388502
291,9.060491124396183e-06,3.062808709074424e-08,0.22645312500000003,250577,1,1261804108.625592,0.15458658452177415,2.916194604784807e-11,1.0404284262072007e-14,0.09017284206168495,0.0999103015248741,0.07545884219968262,0.06994756089146487,0.10236838473745948,0.06050334644311047,0.09329503898433728,0.09951355826950944,0.07925377768577935,0.06099496308562755,0.09029359000896986,0.07828779410750018
292,9.090210476032188e-06,2.9719351636005143e-08,0.22682421875000003,250796,1,1239114965.5175934,0.14730277351061496,2.916192840248027e-11,1.0421929629858115e-14,0.09018891969621301,0.09990183753250557,0.07545593882928342,0.06990200974736083,0.10244200664749344,0.06059379682091378,0.09317684743485974,0.09955740782199873,0.07930494084419724,0.060972669502471294,0.09021475192450103,0.07828887319820209
293,9.120474011735944e-06,3.026353570375594e-08,0.2272578125,251003,1,1263278555.4955237,0.15292510267211207,2.916191131468488e-11,1.0439017425248343e-14,0.0902402970194919,0.09984014575956549,0.07540651105228781,0.0698545842070886,0.10237546839011309,0.06062429096909485,0.09323971260613978,0.09961669359551721,0.07934270686513803,0.060950874901165394,0.09020591976348448,0.0783027948709134
294,9.150158676164756e-06,2.9684664428812808e-08,0.22764062500000004,251209,1,1255550711.91156,0.14908240622580676,2.916189381843019e-11,1.0456513679942309e-14,0.09022582195071727,0.09984384652344018,0.07539982153888393,0.06982291166174755,0.10237490562152515,0.060573821127050585,0.09325451300706981,0.09962934998970417,0.07934655775962661,0.06094275516507653,0.09022582195071727,0.07835987370444093
295,9.180026048023363e-06,2.986737185860595e-08,0.22802148437500003,251431,1,1255179752.0419376,0.14995568161451747,2.916187604140431e-11,1.047429070582047e-14,0.09023786478453408,0.09980556245556631,0.07541949686073303,0.06981763985370074,0.10239235269428763,0.06061825999811558,0.09321010389988607,0.0995914241907715,0.0793510754023658,0.06087522591586936,0.09031495455986022,0.07836603938430967
296,9.209902246981316e-06,2.9876198957953764e-08,0.22844140624999998,251603,1,1254414449.570837,0.14990854268444154,2.916186050986418e-11,1.0489822245953505e-14,0.09025153468647937,0.09980164497871104,0.07540910723140849,0.06982609736495614,0.1024178793112293,0.060583779347138385,0.09320976043501308,0.0995708007729006,0.07932490894478549,0.06090012140695268,0.09037123168208479,0.07833313383834066
297,9.239796673032315e-06,2.989442605099899e-08,0.22881835937499995,251862,1,1254367812.1420753,0.1499944232033387,2.9161841207716783e-11,1.0509124393346532e-14,0.09017967649694848,0.09981648243779608,0.07543852161666169,0.06985617344543553,0.1024113354103538,0.06064615253296914,0.09317570739618453,0.09954334001963211,0.07933933677606589,0.06095343775340361,0.09036746190943622,0.07827237420511288
298,9.269692210558874e-06,2.9895537526558104e-08,0.22927343749999995,252088,1,1255363325.5707958,0.15011904563626605,2.916182396816036e-11,1.0526363949770254e-14,0.09014550039186289,0.09987392237707433,0.07545916107268205,0.06979418679933214,0.1023699185606706,0.06065355913722016,0.09326336593178179,0.09953317204484274,0.07930963982689884,0.060977271952840154,0.09034995059120184,0.07827035131359254
299,9.299564040678611e-06,2.987183011973787e-08,0.229689453125,252325,1,1253555253.5657778,0.14978395832088742,2.9161805706714695e-11,1.0544625395435667e-14,0.09008426799091843,0.0998715997312948,0.07547554867730716,0.06974430489536652,0.1023460684858122,0.0606287361502028,0.09329002304402173,0.09961649985969506,0.07930204675130313,0.06099437929949574,0.09033936786251817,0.07830715725206418
300,9.329478956589441e-06,2.991491591083046e-08,0.22828710937499996,250031,1,1251807863.8951657,0.14979090793976074,2.916210547407814e-11,1.0244858031994359e-14,0.09001309001309003,0.09995465551021109,0.07534885312663091,0.06988184765962545,0.10237588015365795,0.0606846162401718,0.09329842663175998,0.09957821068932181,0.07941274607941276,0.06093272759939427,0.0904836460392016,0.07803530025752249
