step,t_s,wall_s,dt,V0,Vt,M,nreg_used,nslab_n,nf3_col,runs,ncomp_min,ncomp_max,ncompbig_max,vols,ths,f3_pairs,f3_pairs_pos,nf3,f3_area_m2,f3_area_stair,f3_pos_m,f3_pos_dx,nf2,f2_area_m2,nf1,f1_area_m2,f1_area_stair,f3_std_m,n_lath,w_lath,a_lath,box_touch,finite,psi_mean,cfl_used,nslab_n1,runs1,nf3_col1,r_col_nm,col_cover_min,nslab_nu,nslab_nu1,E_el_J,nblk_sig,blk_laths,blk_vars,n_var_sig,n_habit,f_var,r_selfac,blk_nlath,blk_span_nm,blk_alen_nm,blk_wlen_nm,blk_nprof,blk_nruns,box_touch_core,core_vox,ncomp_all,dG_max_Jm3,dG_p999,dG_ratio,dG_near_max,ed_tip,ed_side,ed_wide,dG_tip,dG_side,dG_wide,ed_obl,dG_obl,n_obl,dG_tip_p90,dG_side_p90,dG_tip_max,dG_side_max,ed_tip_p90,ed_side_p90,v_tip_nsgn,v_tip_nabs,v_side_nsgn,v_side_nabs,v_wide_nabs,v_obl_nabs,v_tip_f1,v_side_f1,v_wide_f1,f1_tip,f1_side,f1_wide,n_tip,n_side,n_wide,tip_sep_nm,side_sep_nm,wide_sep_nm
0,0.0,16.96,7.638473182236092e-08,1.2475048828125007e-16,2.495117187500001e-19,276,1,1,0,1,0,1,1,0.249512/0/0/0/0/0/0/0/0/0/0/0/0/0/0/0/0/0/0/0/0/0/0/0/0/0/0/0/0/0/0/0/0/0/0/0/0/0/0/0/0/0/0/0/0/0/0/0/0/0/0/0/0/0/0/0/0/0/0/0/0/0/0/0/0/0/0/0/0/0/0/0/0/0/0/0/0/0/0/0/0/0/0/0/0/0/0/0/0/0/0/0/0/0/0/0/0/0/0/0/0/0/0/0/0/0/0/0/0/0/0/0/0/0/0/0/0/0/0/0/0/0/0/0/0/0/0/0/0/0/0/0/0/0/0/0/0/0/0/0/0/0/0/0/0/0/0/0/0/0/0/0/0/0/0/0/0/0/0/0/0/0/0/0/0/0/0/0/0/0/0/0/0/0/0/0/0/0/0/0/0/0/0/0/0/0/0/0/0/0/0/0/0/0/0/0/0/0/0/0/0/0/0/0/0/0/0/0/0/0/0/0/0/0/0/0/0/0/0/0/0/0/0/0/0/0/0/0/0/0/0/0/0/0/0/0/0/0/0/0/0/0/0/0/0/0/0/0/0/0/0/0/0/0/0/0/0/0/0/0/0/0/0/0/0/0/0/0/0/0/0/0/0/0/0/0,507.199/0/0/0/0/0/0/0/0/0/0/0/0/0/0/0/0/0/0/0/0/0/0/0/0/0/0/0/0/0/0/0/0/0/0/0/0/0/0/0/0/0/0/0/0/0/0/0/0/0/0/0/0/0/0/0/0/0/0/0/0/0/0/0/0/0/0/0/0/0/0/0/0/0/0/0/0/0/0/0/0/0/0/0/0/0/0/0/0/0/0/0/0/0/0/0/0/0/0/0/0/0/0/0/0/0/0/0/0/0/0/0/0/0/0/0/0/0/0/0/0/0/0/0/0/0/0/0/0/0/0/0/0/0/0/0/0/0/0/0/0/0/0/0/0/0/0/0/0/0/0/0/0/0/0/0/0/0/0/0/0/0/0/0/0/0/0/0/0/0/0/0/0/0/0/0/0/0/0/0/0/0/0/0/0/0/0/0/0/0/0/0/0/0/0/0/0/0/0/0/0/0/0/0/0/0/0/0/0/0/0/0/0/0/0/0/0/0/0/0/0/0/0/0/0/0/0/0/0/0/0/0/0/0/0/0/0/0/0/0/0/0/0/0/0/0/0/0/0/0/0/0/0/0/0/0/0/0/0/0/0/0/0/0/0/0/0/0/0/0/0/0/0/0/0/0,,,0,0.0,0.0,nan,nan,0,0.0,940,1.95694010763834e-12,3.671875000000001e-12,nan,5.071986094432838e-07,4.419417382415928e-07,1.042953646404103e-06,0,1,nan,nan,1,1,0,597.6,1.0,1,1,0.0,1,1,1,1,1,1/0/0/0/0/0/0/0/0/0/0/0,1.0,1,507,1043,442,1,1,0,1022,1,nan,nan,nan,-1,,,,,,,,,,,,,,,,,,,,,,,,,,,,0,0,0,1075.7,530.3,559.6
20,-0.0,433.91,7.638473182236092e-08,1.2340356445312505e-16,1.5964355468750008e-18,276,3,3,2,3/1/2,0,1,1,0.167725/0.714355/0.714355/0/0/0/0/0/0/0/0/0/0/0/0/0/0/0/0/0/0/0/0/0/0/0/0/0/0/0/0/0/0/0/0/0/0/0/0/0/0/0/0/0/0/0/0/0/0/0/0/0/0/0/0/0/0/0/0/0/0/0/0/0/0/0/0/0/0/0/0/0/0/0/0/0/0/0/0/0/0/0/0/0/0/0/0/0/0/0/0/0/0/0/0/0/0/0/0/0/0/0/0/0/0/0/0/0/0/0/0/0/0/0/0/0/0/0/0/0/0/0/0/0/0/0/0/0/0/0/0/0/0/0/0/0/0/0/0/0/0/0/0/0/0/0/0/0/0/0/0/0/0/0/0/0/0/0/0/0/0/0/0/0/0/0/0/0/0/0/0/0/0/0/0/0/0/0/0/0/0/0/0/0/0/0/0/0/0/0/0/0/0/0/0/0/0/0/0/0/0/0/0/0/0/0/0/0/0/0/0/0/0/0/0/0/0/0/0/0/0/0/0/0/0/0/0/0/0/0/0/0/0/0/0/0/0/0/0/0/0/0/0/0/0/0/0/0/0/0/0/0/0/0/0/0/0/0/0/0/0/0/0/0/0/0/0/0/0/0/0/0/0/0/0/0,380.599/311.401/311.401/0/0/0/0/0/0/0/0/0/0/0/0/0/0/0/0/0/0/0/0/0/0/0/0/0/0/0/0/0/0/0/0/0/0/0/0/0/0/0/0/0/0/0/0/0/0/0/0/0/0/0/0/0/0/0/0/0/0/0/0/0/0/0/0/0/0/0/0/0/0/0/0/0/0/0/0/0/0/0/0/0/0/0/0/0/0/0/0/0/0/0/0/0/0/0/0/0/0/0/0/0/0/0/0/0/0/0/0/0/0/0/0/0/0/0/0/0/0/0/0/0/0/0/0/0/0/0/0/0/0/0/0/0/0/0/0/0/0/0/0/0/0/0/0/0/0/0/0/0/0/0/0/0/0/0/0/0/0/0/0/0/0/0/0/0/0/0/0/0/0/0/0/0/0/0/0/0/0/0/0/0/0/0/0/0/0/0/0/0/0/0/0/0/0/0/0/0/0/0/0/0/0/0/0/0/0/0/0/0/0/0/0/0/0/0/0/0/0/0/0/0/0/0/0/0/0/0/0/0/0/0/0/0/0/0/0/0/0/0/0/0/0/0/0/0/0/0/0/0/0/0/0/0/0/0/0/0/0/0/0/0/0/0/0/0/0/0/0/0/0/0/0/0,,,402,9.400712717777397e-13,1.5703125000000006e-12,-1.9256728650883317e-06,0.0,0,0.0,5868,1.2676390837546651e-11,2.292187500000001e-11,1.9512872345732365e-07,3.114007948504429e-07,6.187184335382292e-07,4.433762144504359e-06,0,1,nan,0.5803935598531403,3,3/1/2,2,2299.2,1.0,,,2.4788381330592357e-10,,,,,,,,,,,,,,0,6539,1,474893301.6506607,136236549.66070715,3.4857995364193206,2,-273187175.368108,-258040164.580138,-276515933.178307,-100440079.755432,-133872872.881523,-127053062.510736,-272507043.122589,-128161479.775973,1612,-69758.581623,-54233763.132618,-37087.568568,-38061.00312,-179968295.903978,-182645001.075029,-7.3495,7.3495,-1.0265,1.0265,0.0182,0.5508,8.8434,1.0501,0.0234,0.831,0.9774,0.7767,71,1462,3403,,,
40,-0.0,597.56,7.638473182236092e-08,1.2346679687500005e-16,1.5332031250000006e-18,276,3,3,2,3/1/2,0,1,1,0.161865/0.685547/0.685791/0/0/0/0/0/0/0/0/0/0/0/0/0/0/0/0/0/0/0/0/0/0/0/0/0/0/0/0/0/0/0/0/0/0/0/0/0/0/0/0/0/0/0/0/0/0/0/0/0/0/0/0/0/0/0/0/0/0/0/0/0/0/0/0/0/0/0/0/0/0/0/0/0/0/0/0/0/0/0/0/0/0/0/0/0/0/0/0/0/0/0/0/0/0/0/0/0/0/0/0/0/0/0/0/0/0/0/0/0/0/0/0/0/0/0/0/0/0/0/0/0/0/0/0/0/0/0/0/0/0/0/0/0/0/0/0/0/0/0/0/0/0/0/0/0/0/0/0/0/0/0/0/0/0/0/0/0/0/0/0/0/0/0/0/0/0/0/0/0/0/0/0/0/0/0/0/0/0/0/0/0/0/0/0/0/0/0/0/0/0/0/0/0/0/0/0/0/0/0/0/0/0/0/0/0/0/0/0/0/0/0/0/0/0/0/0/0/0/0/0/0/0/0/0/0/0/0/0/0/0/0/0/0/0/0/0/0/0/0/0/0/0/0/0/0/0/0/0/0/0/0/0/0/0/0/0/0/0/0/0/0/0/0/0/0/0/0/0/0/0/0/0/0,380.599/310.742/310.742/0/0/0/0/0/0/0/0/0/0/0/0/0/0/0/0/0/0/0/0/0/0/0/0/0/0/0/0/0/0/0/0/0/0/0/0/0/0/0/0/0/0/0/0/0/0/0/0/0/0/0/0/0/0/0/0/0/0/0/0/0/0/0/0/0/0/0/0/0/0/0/0/0/0/0/0/0/0/0/0/0/0/0/0/0/0/0/0/0/0/0/0/0/0/0/0/0/0/0/0/0/0/0/0/0/0/0/0/0/0/0/0/0/0/0/0/0/0/0/0/0/0/0/0/0/0/0/0/0/0/0/0/0/0/0/0/0/0/0/0/0/0/0/0/0/0/0/0/0/0/0/0/0/0/0/0/0/0/0/0/0/0/0/0/0/0/0/0/0/0/0/0/0/0/0/0/0/0/0/0/0/0/0/0/0/0/0/0/0/0/0/0/0/0/0/0/0/0/0/0/0/0/0/0/0/0/0/0/0/0/0/0/0/0/0/0/0/0/0/0/0/0/0/0/0/0/0/0/0/0/0/0/0/0/0/0/0/0/0/0/0/0/0/0/0/0/0/0/0/0/0/0/0/0/0/0/0/0/0/0/0/0/0/0/0/0/0/0/0/0/0/0/0,,,390,9.193315688513787e-13,1.5234375000000006e-12,-1.925672865088332e-06,-6.776263578034402e-15,0,0.0,5688,1.2344194717606256e-11,2.2218750000000007e-11,1.946017080231595e-07,3.107420867397374e-07,6.187184335382292e-07,4.41945459353339e-06,0,1,nan,0.588746812234783,3,3/1/2,2,2283.9,1.0,,,2.400269158661691e-10,,,,,,,,,,,,,,0,6280,1,481728152.82310194,135995749.99296668,3.5422294656120914,2,-272935067.237005,-241692247.231542,-277353223.995058,-81145721.783199,-116359437.046961,-123050428.408592,-262888703.731234,-120046235.536277,1402,-54054.92116,-52736732.619459,-32774.737274,-36501.959259,-176848300.363717,-180272656.461264,-7.0633,7.0633,-0.9108,0.9108,0.0178,0.4753,8.5653,0.9327,0.0233,0.8246,0.9764,0.765,57,1653,3179,,,
60,-0.0,745.37,7.638473182236092e-08,1.2350146484375007e-16,1.4985351562500008e-18,276,3,3,2,3/1/2,0,1,1,0.15918/0.669922/0.669434/0/0/0/0/0/0/0/0/0/0/0/0/0/0/0/0/0/0/0/0/0/0/0/0/0/0/0/0/0/0/0/0/0/0/0/0/0/0/0/0/0/0/0/0/0/0/0/0/0/0/0/0/0/0/0/0/0/0/0/0/0/0/0/0/0/0/0/0/0/0/0/0/0/0/0/0/0/0/0/0/0/0/0/0/0/0/0/0/0/0/0/0/0/0/0/0/0/0/0/0/0/0/0/0/0/0/0/0/0/0/0/0/0/0/0/0/0/0/0/0/0/0/0/0/0/0/0/0/0/0/0/0/0/0/0/0/0/0/0/0/0/0/0/0/0/0/0/0/0/0/0/0/0/0/0/0/0/0/0/0/0/0/0/0/0/0/0/0/0/0/0/0/0/0/0/0/0/0/0/0/0/0/0/0/0/0/0/0/0/0/0/0/0/0/0/0/0/0/0/0/0/0/0/0/0/0/0/0/0/0/0/0/0/0/0/0/0/0/0/0/0/0/0/0/0/0/0/0/0/0/0/0/0/0/0/0/0/0/0/0/0/0/0/0/0/0/0/0/0/0/0/0/0/0/0/0/0/0/0/0/0/0/0/0/0/0/0/0/0/0/0/0/0,380.599/310.742/310.742/0/0/0/0/0/0/0/0/0/0/0/0/0/0/0/0/0/0/0/0/0/0/0/0/0/0/0/0/0/0/0/0/0/0/0/0/0/0/0/0/0/0/0/0/0/0/0/0/0/0/0/0/0/0/0/0/0/0/0/0/0/0/0/0/0/0/0/0/0/0/0/0/0/0/0/0/0/0/0/0/0/0/0/0/0/0/0/0/0/0/0/0/0/0/0/0/0/0/0/0/0/0/0/0/0/0/0/0/0/0/0/0/0/0/0/0/0/0/0/0/0/0/0/0/0/0/0/0/0/0/0/0/0/0/0/0/0/0/0/0/0/0/0/0/0/0/0/0/0/0/0/0/0/0/0/0/0/0/0/0/0/0/0/0/0/0/0/0/0/0/0/0/0/0/0/0/0/0/0/0/0/0/0/0/0/0/0/0/0/0/0/0/0/0/0/0/0/0/0/0/0/0/0/0/0/0/0/0/0/0/0/0/0/0/0/0/0/0/0/0/0/0/0/0/0/0/0/0/0/0/0/0/0/0/0/0/0/0/0/0/0/0/0/0/0/0/0/0/0/0/0/0/0/0/0/0/0/0/0/0/0/0/0/0/0/0/0/0/0/0/0/0/0,,,386,9.124183345425917e-13,1.5078125000000006e-12,-1.925672865088332e-06,-6.776263578034402e-15,0,0.0,5530,1.2034196529706886e-11,2.160156250000001e-11,1.945629273842205e-07,3.107420867397374e-07,6.187184335382292e-07,4.40514704256242e-06,0,1,nan,0.5940317821887757,3,3/1/2,2,2284.6,1.0,,,2.3361748246235627e-10,,,,,,,,,,,,,,0,6138,1,486052454.47664064,135874928.5647564,3.577204857517138,2,-229325744.991601,-233423767.699698,-276813324.610016,-96077944.94658,-105795303.347896,-119386209.997424,-251565602.618427,-114238896.429254,1494,-35525621.229422,-44372775.231939,-37407.337928,-30423.463445,-173643977.077445,-171702683.03253,-5.8042,5.8042,-0.8306,0.8306,0.0174,0.4495,6.1847,0.8525,0.0229,0.9385,0.9741,0.7561,65,1661,2927,,,
80,-0.0,923.57,7.638473182236092e-08,1.2352954101562505e-16,1.4704589843750006e-18,276,3,3,2,3/1/2,0,3,1,0.159912/0.65625/0.654297/0/0/0/0/0/0/0/0/0/0/0/0/0/0/0/0/0/0/0/0/0/0/0/0/0/0/0/0/0/0/0/0/0/0/0/0/0/0/0/0/0/0/0/0/0/0/0/0/0/0/0/0/0/0/0/0/0/0/0/0/0/0/0/0/0/0/0/0/0/0/0/0/0/0/0/0/0/0/0/0/0/0/0/0/0/0/0/0/0/0/0/0/0/0/0/0/0/0/0/0/0/0/0/0/0/0/0/0/0/0/0/0/0/0/0/0/0/0/0/0/0/0/0/0/0/0/0/0/0/0/0/0/0/0/0/0/0/0/0/0/0/0/0/0/0/0/0/0/0/0/0/0/0/0/0/0/0/0/0/0/0/0/0/0/0/0/0/0/0/0/0/0/0/0/0/0/0/0/0/0/0/0/0/0/0/0/0/0/0/0/0/0/0/0/0/0/0/0/0/0/0/0/0/0/0/0/0/0/0/0/0/0/0/0/0/0/0/0/0/0/0/0/0/0/0/0/0/0/0/0/0/0/0/0/0/0/0/0/0/0/0/0/0/0/0/0/0/0/0/0/0/0/0/0/0/0/0/0/0/0/0/0/0/0/0/0/0/0/0/0/0/0/0,380.599/309.959/309.959/0/0/0/0/0/0/0/0/0/0/0/0/0/0/0/0/0/0/0/0/0/0/0/0/0/0/0/0/0/0/0/0/0/0/0/0/0/0/0/0/0/0/0/0/0/0/0/0/0/0/0/0/0/0/0/0/0/0/0/0/0/0/0/0/0/0/0/0/0/0/0/0/0/0/0/0/0/0/0/0/0/0/0/0/0/0/0/0/0/0/0/0/0/0/0/0/0/0/0/0/0/0/0/0/0/0/0/0/0/0/0/0/0/0/0/0/0/0/0/0/0/0/0/0/0/0/0/0/0/0/0/0/0/0/0/0/0/0/0/0/0/0/0/0/0/0/0/0/0/0/0/0/0/0/0/0/0/0/0/0/0/0/0/0/0/0/0/0/0/0/0/0/0/0/0/0/0/0/0/0/0/0/0/0/0/0/0/0/0/0/0/0/0/0/0/0/0/0/0/0/0/0/0/0/0/0/0/0/0/0/0/0/0/0/0/0/0/0/0/0/0/0/0/0/0/0/0/0/0/0/0/0/0/0/0/0/0/0/0/0/0/0/0/0/0/0/0/0/0/0/0/0/0/0/0/0/0/0/0/0/0/0/0/0/0/0/0/0/0/0/0/0/0,,,382,9.055051002338047e-13,1.4921875000000005e-12,-1.925672865088332e-06,-6.776263578034402e-15,0,0.0,5490,1.1962426774440184e-11,2.144531250000001e-11,1.943944566794719e-07,3.099593481588478e-07,6.187184335382292e-07,4.40514704256242e-06,0,1,nan,0.597304299489188,3,3/1/2,2,2286.1,1.0,,,2.2800694206592007e-10,,,,,,,,,,,,,,0,6021,3,488730114.34918445,135902819.8184014,3.5961734642610397,2,-263908320.628751,-226669224.527621,-277564488.177273,-82761194.925419,-101555259.361088,-115722115.470933,-243089697.889341,-109906295.021415,1544,-41372.849182,-42595503.396058,-5964.400783,-36147.149763,-187794853.817036,-167635368.059555,-5.6594,5.6594,-0.7791,0.7791,0.0173,0.4096,6.4845,0.7966,0.0232,0.8727,0.9779,0.747,55,1719,2711,,,
100,-0.0,1070.7,7.638473182236092e-08,1.2356176757812504e-16,1.4382324218750007e-18,276,3,3,2,3/1/2,0,1,1,0.157471/0.639893/0.640869/0/0/0/0/0/0/0/0/0/0/0/0/0/0/0/0/0/0/0/0/0/0/0/0/0/0/0/0/0/0/0/0/0/0/0/0/0/0/0/0/0/0/0/0/0/0/0/0/0/0/0/0/0/0/0/0/0/0/0/0/0/0/0/0/0/0/0/0/0/0/0/0/0/0/0/0/0/0/0/0/0/0/0/0/0/0/0/0/0/0/0/0/0/0/0/0/0/0/0/0/0/0/0/0/0/0/0/0/0/0/0/0/0/0/0/0/0/0/0/0/0/0/0/0/0/0/0/0/0/0/0/0/0/0/0/0/0/0/0/0/0/0/0/0/0/0/0/0/0/0/0/0/0/0/0/0/0/0/0/0/0/0/0/0/0/0/0/0/0/0/0/0/0/0/0/0/0/0/0/0/0/0/0/0/0/0/0/0/0/0/0/0/0/0/0/0/0/0/0/0/0/0/0/0/0/0/0/0/0/0/0/0/0/0/0/0/0/0/0/0/0/0/0/0/0/0/0/0/0/0/0/0/0/0/0/0/0/0/0/0/0/0/0/0/0/0/0/0/0/0/0/0/0/0/0/0/0/0/0/0/0/0/0/0/0/0/0/0/0/0/0/0/0,380.599/309.957/309.957/0/0/0/0/0/0/0/0/0/0/0/0/0/0/0/0/0/0/0/0/0/0/0/0/0/0/0/0/0/0/0/0/0/0/0/0/0/0/0/0/0/0/0/0/0/0/0/0/0/0/0/0/0/0/0/0/0/0/0/0/0/0/0/0/0/0/0/0/0/0/0/0/0/0/0/0/0/0/0/0/0/0/0/0/0/0/0/0/0/0/0/0/0/0/0/0/0/0/0/0/0/0/0/0/0/0/0/0/0/0/0/0/0/0/0/0/0/0/0/0/0/0/0/0/0/0/0/0/0/0/0/0/0/0/0/0/0/0/0/0/0/0/0/0/0/0/0/0/0/0/0/0/0/0/0/0/0/0/0/0/0/0/0/0/0/0/0/0/0/0/0/0/0/0/0/0/0/0/0/0/0/0/0/0/0/0/0/0/0/0/0/0/0/0/0/0/0/0/0/0/0/0/0/0/0/0/0/0/0/0/0/0/0/0/0/0/0/0/0/0/0/0/0/0/0/0/0/0/0/0/0/0/0/0/0/0/0/0/0/0/0/0/0/0/0/0/0/0/0/0/0/0/0/0/0/0/0/0/0/0/0/0/0/0/0/0/0/0/0/0/0/0/0,1-2:0.446658/1-3:0.446658,1-2:-28.519/1-3:-33.883,378,8.933167858444876e-13,1.4765625000000006e-12,-1.925672865088332e-06,-6.776263578034402e-15,0,0.0,5408,1.1815430263168088e-11,2.1125000000000008e-11,1.9411124887456574e-07,3.099573023759684e-07,6.187184335382292e-07,4.3744677691609546e-06,0,1,nan,0.5989482174441781,3,3/1/2,2,2277.9,1.0,,,2.2300888621098586e-10,1,3,1,1,1,1/0/0/0/0/0/0/0/0/0/0/0,1.0,3,1003,4473,619,3,3,0,5891,1,490075211.330422,135796359.91349158,3.6088979972852147,2,-251614559.814289,-218604413.216918,-277200932.204904,-88548022.337941,-95394462.18886,-113741470.73894,-237279364.11123,-104569809.738509,1686,-40665.594737,-39083427.846224,-23016.301241,-31133.005487,-182592599.607324,-162877756.039162,-6.5613,6.5613,-0.7295,0.7295,0.0169,0.3946,7.5971,0.7483,0.0229,0.8636,0.9746,0.7389,44,1656,2512,4521.7,618.7,375.5
120,1.0184666e-05,1373.77,7.066431797835207e-08,1.2196215820312506e-16,3.0378417968750015e-18,276,6,6,5,6/3/1/2/4/5,0,2,1,0.156738/0.469727/0.474609/0.545166/0.694824/0.696777/0/0/0/0/0/0/0/0/0/0/0/0/0/0/0/0/0/0/0/0/0/0/0/0/0/0/0/0/0/0/0/0/0/0/0/0/0/0/0/0/0/0/0/0/0/0/0/0/0/0/0/0/0/0/0/0/0/0/0/0/0/0/0/0/0/0/0/0/0/0/0/0/0/0/0/0/0/0/0/0/0/0/0/0/0/0/0/0/0/0/0/0/0/0/0/0/0/0/0/0/0/0/0/0/0/0/0/0/0/0/0/0/0/0/0/0/0/0/0/0/0/0/0/0/0/0/0/0/0/0/0/0/0/0/0/0/0/0/0/0/0/0/0/0/0/0/0/0/0/0/0/0/0/0/0/0/0/0/0/0/0/0/0/0/0/0/0/0/0/0/0/0/0/0/0/0/0/0/0/0/0/0/0/0/0/0/0/0/0/0/0/0/0/0/0/0/0/0/0/0/0/0/0/0/0/0/0/0/0/0/0/0/0/0/0/0/0/0/0/0/0/0/0/0/0/0/0/0/0/0/0/0/0/0/0/0/0/0/0/0/0/0/0/0/0/0/0/0/0/0/0/0/0/0/0/0/0/0/0/0/0/0/0/0/0/0/0/0/0/0,380.599/247.444/247.444/248.888/310.744/310.744/0/0/0/0/0/0/0/0/0/0/0/0/0/0/0/0/0/0/0/0/0/0/0/0/0/0/0/0/0/0/0/0/0/0/0/0/0/0/0/0/0/0/0/0/0/0/0/0/0/0/0/0/0/0/0/0/0/0/0/0/0/0/0/0/0/0/0/0/0/0/0/0/0/0/0/0/0/0/0/0/0/0/0/0/0/0/0/0/0/0/0/0/0/0/0/0/0/0/0/0/0/0/0/0/0/0/0/0/0/0/0/0/0/0/0/0/0/0/0/0/0/0/0/0/0/0/0/0/0/0/0/0/0/0/0/0/0/0/0/0/0/0/0/0/0/0/0/0/0/0/0/0/0/0/0/0/0/0/0/0/0/0/0/0/0/0/0/0/0/0/0/0/0/0/0/0/0/0/0/0/0/0/0/0/0/0/0/0/0/0/0/0/0/0/0/0/0/0/0/0/0/0/0/0/0/0/0/0/0/0/0/0/0/0/0/0/0/0/0/0/0/0/0/0/0/0/0/0/0/0/0/0/0/0/0/0/0/0/0/0/0/0/0/0/0/0/0/0/0/0/0/0/0/0/0/0/0/0/0/0/0/0/0/0/0/0/0/0/0/0,,,2931,6.8934872401523235e-12,1.1449218750000004e-11,-1.7122510186295734e-06,3.4147495433401325,0,0.0,8492,1.7799643589505744e-11,3.317187500000001e-11,4.6627985446383245e-07,2.7981590972239423e-07,5.745242597140704e-07,4.348878099785446e-06,0,1,nan,0.6356689282719048,6,6/3/1/2/4/5,5,2326.7,1.0,,,7.164940715849039e-10,,,,,,,,,,,,,,0,12441,3,562225875.1462808,145943934.14142802,3.852341506714844,2,-413758697.150102,-368325669.135825,-417672095.846362,-119582802.06634,-226150538.175898,-231306.22447,-385336390.146782,-159947984.095773,3310,-1366.460111,-124693015.471484,93283.617131,56078.137866,-253999082.610714,-280862838.470781,-6.2564,6.2567,-1.4033,1.4033,0.0126,0.5952,10.4587,1.4995,0.0332,0.5981,0.9356,0.3789,107,2516,6558,,,
140,1.0184666e-05,1495.44,7.066431797835207e-08,1.2213159179687505e-16,2.8684082031250013e-18,276,6,6,5,6/3/1/2/4/5,0,4,1,0.154785/0.438965/0.444824/0.522949/0.652344/0.654541/0/0/0/0/0/0/0/0/0/0/0/0/0/0/0/0/0/0/0/0/0/0/0/0/0/0/0/0/0/0/0/0/0/0/0/0/0/0/0/0/0/0/0/0/0/0/0/0/0/0/0/0/0/0/0/0/0/0/0/0/0/0/0/0/0/0/0/0/0/0/0/0/0/0/0/0/0/0/0/0/0/0/0/0/0/0/0/0/0/0/0/0/0/0/0/0/0/0/0/0/0/0/0/0/0/0/0/0/0/0/0/0/0/0/0/0/0/0/0/0/0/0/0/0/0/0/0/0/0/0/0/0/0/0/0/0/0/0/0/0/0/0/0/0/0/0/0/0/0/0/0/0/0/0/0/0/0/0/0/0/0/0/0/0/0/0/0/0/0/0/0/0/0/0/0/0/0/0/0/0/0/0/0/0/0/0/0/0/0/0/0/0/0/0/0/0/0/0/0/0/0/0/0/0/0/0/0/0/0/0/0/0/0/0/0/0/0/0/0/0/0/0/0/0/0/0/0/0/0/0/0/0/0/0/0/0/0/0/0/0/0/0/0/0/0/0/0/0/0/0/0/0/0/0/0/0/0/0/0/0/0/0/0/0/0/0/0/0/0/0,380.599/247.444/247.444/248.888/310.744/310.742/0/0/0/0/0/0/0/0/0/0/0/0/0/0/0/0/0/0/0/0/0/0/0/0/0/0/0/0/0/0/0/0/0/0/0/0/0/0/0/0/0/0/0/0/0/0/0/0/0/0/0/0/0/0/0/0/0/0/0/0/0/0/0/0/0/0/0/0/0/0/0/0/0/0/0/0/0/0/0/0/0/0/0/0/0/0/0/0/0/0/0/0/0/0/0/0/0/0/0/0/0/0/0/0/0/0/0/0/0/0/0/0/0/0/0/0/0/0/0/0/0/0/0/0/0/0/0/0/0/0/0/0/0/0/0/0/0/0/0/0/0/0/0/0/0/0/0/0/0/0/0/0/0/0/0/0/0/0/0/0/0/0/0/0/0/0/0/0/0/0/0/0/0/0/0/0/0/0/0/0/0/0/0/0/0/0/0/0/0/0/0/0/0/0/0/0/0/0/0/0/0/0/0/0/0/0/0/0/0/0/0/0/0/0/0/0/0/0/0/0/0/0/0/0/0/0/0/0/0/0/0/0/0/0/0/0/0/0/0/0/0/0/0/0/0/0/0/0/0/0/0/0/0/0/0/0/0/0/0/0/0/0/0/0/0/0/0/0/0/0,,,2821,6.630841137345538e-12,1.1019531250000004e-11,-1.7067948234472182e-06,3.502048666257816,0,0.0,8260,1.7322187722012705e-11,3.226562500000001e-11,4.650673516090875e-07,2.798148868309543e-07,5.745242597140704e-07,4.31207713662826e-06,0,1,nan,0.6340137105678807,6,6/3/1/2/4/5,5,2320.4,1.0,,,6.930656010584805e-10,,,,,,,,,,,,,,0,11741,9,560761895.7368538,145532423.0774612,3.8531750099315136,2,-413038555.58146,-357536350.774646,-424425761.358379,-250686.805288,-202782573.038133,-216094.390985,-387966833.281734,-143791013.986675,3350,-24127.724514,-153747.347246,165143.676021,77208.433809,-285326496.233576,-267704863.841753,-5.1853,5.1861,-1.2012,1.2012,0.0123,0.4926,10.5532,1.3701,0.0336,0.4912,0.8762,0.3655,114,2133,6181,,,
160,1.0184666e-05,1621.67,7.066431797835207e-08,1.2224414062500006e-16,2.7558593750000013e-18,276,6,6,5,6/3/1/2/4/5,0,5,1,0.152832/0.423828/0.42749/0.510986/0.620361/0.620361/0/0/0/0/0/0/0/0/0/0/0/0/0/0/0/0/0/0/0/0/0/0/0/0/0/0/0/0/0/0/0/0/0/0/0/0/0/0/0/0/0/0/0/0/0/0/0/0/0/0/0/0/0/0/0/0/0/0/0/0/0/0/0/0/0/0/0/0/0/0/0/0/0/0/0/0/0/0/0/0/0/0/0/0/0/0/0/0/0/0/0/0/0/0/0/0/0/0/0/0/0/0/0/0/0/0/0/0/0/0/0/0/0/0/0/0/0/0/0/0/0/0/0/0/0/0/0/0/0/0/0/0/0/0/0/0/0/0/0/0/0/0/0/0/0/0/0/0/0/0/0/0/0/0/0/0/0/0/0/0/0/0/0/0/0/0/0/0/0/0/0/0/0/0/0/0/0/0/0/0/0/0/0/0/0/0/0/0/0/0/0/0/0/0/0/0/0/0/0/0/0/0/0/0/0/0/0/0/0/0/0/0/0/0/0/0/0/0/0/0/0/0/0/0/0/0/0/0/0/0/0/0/0/0/0/0/0/0/0/0/0/0/0/0/0/0/0/0/0/0/0/0/0/0/0/0/0/0/0/0/0/0/0/0/0/0/0/0/0/0,380.599/247.444/247.444/248.888/309.961/310.734/0/0/0/0/0/0/0/0/0/0/0/0/0/0/0/0/0/0/0/0/0/0/0/0/0/0/0/0/0/0/0/0/0/0/0/0/0/0/0/0/0/0/0/0/0/0/0/0/0/0/0/0/0/0/0/0/0/0/0/0/0/0/0/0/0/0/0/0/0/0/0/0/0/0/0/0/0/0/0/0/0/0/0/0/0/0/0/0/0/0/0/0/0/0/0/0/0/0/0/0/0/0/0/0/0/0/0/0/0/0/0/0/0/0/0/0/0/0/0/0/0/0/0/0/0/0/0/0/0/0/0/0/0/0/0/0/0/0/0/0/0/0/0/0/0/0/0/0/0/0/0/0/0/0/0/0/0/0/0/0/0/0/0/0/0/0/0/0/0/0/0/0/0/0/0/0/0/0/0/0/0/0/0/0/0/0/0/0/0/0/0/0/0/0/0/0/0/0/0/0/0/0/0/0/0/0/0/0/0/0/0/0/0/0/0/0/0/0/0/0/0/0/0/0/0/0/0/0/0/0/0/0/0/0/0/0/0/0/0/0/0/0/0/0/0/0/0/0/0/0/0/0/0/0/0/0/0/0/0/0/0/0/0/0/0/0/0/0/0/0,,,2799,6.583587150298427e-12,1.0933593750000005e-11,-1.704857801446881e-06,3.5330410182632126,0,0.0,8228,1.7396120925931103e-11,3.214062500000001e-11,4.6400714493156493e-07,2.794245404319497e-07,5.745242597140704e-07,4.311045050898497e-06,0,1,nan,0.6312011397545347,6,6/3/1/2/4/5,5,2301.3,1.0,,,6.758544925689648e-10,,,,,,,,,,,,,,0,11280,9,558274279.9094715,145467352.79279202,3.8377977545566107,2,-394818801.135233,-355901658.114964,-426276060.853506,-143020452.302811,-193434718.928691,-205351.337821,-384523869.164143,-135288227.280167,3326,-31598.702735,-119096.553461,191131.397668,71206.341246,-276234642.07646,-257149236.661636,-6.4287,6.4293,-1.1369,1.1369,0.0121,0.4447,11.2472,1.3358,0.0345,0.5714,0.8506,0.3505,98,1907,5972,,,
180,1.0184666e-05,1784.68,7.066431797835207e-08,1.2235815429687505e-16,2.641845703125001e-18,276,6,6,5,6/3/1/2/4/5,0,5,1,0.1521/0.406006/0.41626/0.502441/0.579834/0.585205/0/0/0/0/0/0/0/0/0/0/0/0/0/0/0/0/0/0/0/0/0/0/0/0/0/0/0/0/0/0/0/0/0/0/0/0/0/0/0/0/0/0/0/0/0/0/0/0/0/0/0/0/0/0/0/0/0/0/0/0/0/0/0/0/0/0/0/0/0/0/0/0/0/0/0/0/0/0/0/0/0/0/0/0/0/0/0/0/0/0/0/0/0/0/0/0/0/0/0/0/0/0/0/0/0/0/0/0/0/0/0/0/0/0/0/0/0/0/0/0/0/0/0/0/0/0/0/0/0/0/0/0/0/0/0/0/0/0/0/0/0/0/0/0/0/0/0/0/0/0/0/0/0/0/0/0/0/0/0/0/0/0/0/0/0/0/0/0/0/0/0/0/0/0/0/0/0/0/0/0/0/0/0/0/0/0/0/0/0/0/0/0/0/0/0/0/0/0/0/0/0/0/0/0/0/0/0/0/0/0/0/0/0/0/0/0/0/0/0/0/0/0/0/0/0/0/0/0/0/0/0/0/0/0/0/0/0/0/0/0/0/0/0/0/0/0/0/0/0/0/0/0/0/0/0/0/0/0/0/0/0/0/0/0/0/0/0/0/0/0,380.599/247.444/247.444/248.888/309.301/309.951/0/0/0/0/0/0/0/0/0/0/0/0/0/0/0/0/0/0/0/0/0/0/0/0/0/0/0/0/0/0/0/0/0/0/0/0/0/0/0/0/0/0/0/0/0/0/0/0/0/0/0/0/0/0/0/0/0/0/0/0/0/0/0/0/0/0/0/0/0/0/0/0/0/0/0/0/0/0/0/0/0/0/0/0/0/0/0/0/0/0/0/0/0/0/0/0/0/0/0/0/0/0/0/0/0/0/0/0/0/0/0/0/0/0/0/0/0/0/0/0/0/0/0/0/0/0/0/0/0/0/0/0/0/0/0/0/0/0/0/0/0/0/0/0/0/0/0/0/0/0/0/0/0/0/0/0/0/0/0/0/0/0/0/0/0/0/0/0/0/0/0/0/0/0/0/0/0/0/0/0/0/0/0/0/0/0/0/0/0/0/0/0/0/0/0/0/0/0/0/0/0/0/0/0/0/0/0/0/0/0/0/0/0/0/0/0/0/0/0/0/0/0/0/0/0/0/0/0/0/0/0/0/0/0/0/0/0/0/0/0/0/0/0/0/0/0/0/0/0/0/0/0/0/0/0/0/0/0/0/0/0/0/0/0/0/0/0/0/0/0,,,2777,6.5310579553093556e-12,1.0847656250000004e-11,-1.7066029942683362e-06,3.5051179331199287,0,0.0,8070,1.709931056609449e-11,3.1523437500000015e-11,4.640697052035697e-07,2.7909416348515687e-07,5.745242597140704e-07,4.303891275413012e-06,0,1,nan,0.6294092474540801,6,6/3/1/2/4/5,5,2304.5,1.0,,,6.614056030191139e-10,,,,,,,,,,,,,,0,10809,11,556689416.8274741,145313585.76552212,3.8309523083804957,2,-396628533.174981,-357071007.734995,-428508592.888507,-126096581.42803,-191293217.57936,-205085.178562,-387275172.031473,-129349934.438761,3330,-35011.167325,-101465.19337,116287.419195,216906.191758,-275084755.749367,-260124826.973363,-6.8534,6.8539,-1.1169,1.1169,0.012,0.4271,12.0541,1.3379,0.0352,0.5684,0.8343,0.3403,95,1756,5660,,,
200,1.0184666e-05,1965.43,7.066431797835207e-08,1.2245922851562505e-16,2.5407714843750013e-18,276,6,6,5,6/3/1/2/4/5,0,9,1,0.151123/0.393311/0.401611/0.497803/0.548828/0.548096/0/0/0/0/0/0/0/0/0/0/0/0/0/0/0/0/0/0/0/0/0/0/0/0/0/0/0/0/0/0/0/0/0/0/0/0/0/0/0/0/0/0/0/0/0/0/0/0/0/0/0/0/0/0/0/0/0/0/0/0/0/0/0/0/0/0/0/0/0/0/0/0/0/0/0/0/0/0/0/0/0/0/0/0/0/0/0/0/0/0/0/0/0/0/0/0/0/0/0/0/0/0/0/0/0/0/0/0/0/0/0/0/0/0/0/0/0/0/0/0/0/0/0/0/0/0/0/0/0/0/0/0/0/0/0/0/0/0/0/0/0/0/0/0/0/0/0/0/0/0/0/0/0/0/0/0/0/0/0/0/0/0/0/0/0/0/0/0/0/0/0/0/0/0/0/0/0/0/0/0/0/0/0/0/0/0/0/0/0/0/0/0/0/0/0/0/0/0/0/0/0/0/0/0/0/0/0/0/0/0/0/0/0/0/0/0/0/0/0/0/0/0/0/0/0/0/0/0/0/0/0/0/0/0/0/0/0/0/0/0/0/0/0/0/0/0/0/0/0/0/0/0/0/0/0/0/0/0/0/0/0/0/0/0/0/0/0/0/0/0,380.599/247.444/247.444/248.888/308.518/309.951/0/0/0/0/0/0/0/0/0/0/0/0/0/0/0/0/0/0/0/0/0/0/0/0/0/0/0/0/0/0/0/0/0/0/0/0/0/0/0/0/0/0/0/0/0/0/0/0/0/0/0/0/0/0/0/0/0/0/0/0/0/0/0/0/0/0/0/0/0/0/0/0/0/0/0/0/0/0/0/0/0/0/0/0/0/0/0/0/0/0/0/0/0/0/0/0/0/0/0/0/0/0/0/0/0/0/0/0/0/0/0/0/0/0/0/0/0/0/0/0/0/0/0/0/0/0/0/0/0/0/0/0/0/0/0/0/0/0/0/0/0/0/0/0/0/0/0/0/0/0/0/0/0/0/0/0/0/0/0/0/0/0/0/0/0/0/0/0/0/0/0/0/0/0/0/0/0/0/0/0/0/0/0/0/0/0/0/0/0/0/0/0/0/0/0/0/0/0/0/0/0/0/0/0/0/0/0/0/0/0/0/0/0/0/0/0/0/0/0/0/0/0/0/0/0/0/0/0/0/0/0/0/0/0/0/0/0/0/0/0/0/0/0/0/0/0/0/0/0/0/0/0/0/0/0/0/0/0/0/0/0/0/0/0/0/0/0/0/0/0,1-2:0.419235/1-3:0.422282/2-4:1.78268/3-6:1.77181/4-5:2.08721,1-2:-28.517/1-3:-33.883/2-4:-24.55/3-6:-37.85/4-5:-20.556,2760,6.483213865284441e-12,1.0781250000000005e-11,-1.7045108007495618e-06,3.538593029420318,0,0.0,7824,1.6558095022193858e-11,3.056250000000001e-11,4.632347859452364e-07,2.787027941947123e-07,5.524271728019908e-07,4.289583724442044e-06,0,1,nan,0.6274589177098527,6,6/3/1/2/4/5,5,2301.9,1.0,,,6.481887256440096e-10,1,6,1,1,1,1/0/0/0/0/0/0/0/0/0/0/0,1.0,6,1747,4448,619,6,6,0,10393,13,554964421.6318572,145094677.6906808,3.8248434089012875,2,-398103598.047357,-358002575.679446,-430908445.242006,-459092.634194,-188945029.178131,-194538.66359,-384295849.440852,-124065667.545505,3411,-34416.359597,-82662.768027,195524.688791,194642.925934,-265272683.082686,-266387281.579718,-5.3849,5.3857,-1.1172,1.1173,0.0116,0.4113,10.8691,1.3595,0.0358,0.4952,0.8212,0.3228,105,1566,5334,4544.2,618.7,365.9
220,2.0369332e-05,2263.87,6.574100727035609e-08,1.2084545898437505e-16,4.1545410156250016e-18,276,9,9,8,7/6/3/1/2/4/5/8/9,0,11,1,0.150146/0.385742/0.391846/0.491943/0.413818/0.40625/0.688232/0.537598/0.688965/0/0/0/0/0/0/0/0/0/0/0/0/0/0/0/0/0/0/0/0/0/0/0/0/0/0/0/0/0/0/0/0/0/0/0/0/0/0/0/0/0/0/0/0/0/0/0/0/0/0/0/0/0/0/0/0/0/0/0/0/0/0/0/0/0/0/0/0/0/0/0/0/0/0/0/0/0/0/0/0/0/0/0/0/0/0/0/0/0/0/0/0/0/0/0/0/0/0/0/0/0/0/0/0/0/0/0/0/0/0/0/0/0/0/0/0/0/0/0/0/0/0/0/0/0/0/0/0/0/0/0/0/0/0/0/0/0/0/0/0/0/0/0/0/0/0/0/0/0/0/0/0/0/0/0/0/0/0/0/0/0/0/0/0/0/0/0/0/0/0/0/0/0/0/0/0/0/0/0/0/0/0/0/0/0/0/0/0/0/0/0/0/0/0/0/0/0/0/0/0/0/0/0/0/0/0/0/0/0/0/0/0/0/0/0/0/0/0/0/0/0/0/0/0/0/0/0/0/0/0/0/0/0/0/0/0/0/0/0/0/0/0/0/0/0/0/0/0/0/0/0/0/0/0/0/0/0/0/0/0/0/0/0/0/0/0/0,380.599/247.444/248.221/248.888/246.001/247.434/310.744/248.89/3947.7/0/0/0/0/0/0/0/0/0/0/0/0/0/0/0/0/0/0/0/0/0/0/0/0/0/0/0/0/0/0/0/0/0/0/0/0/0/0/0/0/0/0/0/0/0/0/0/0/0/0/0/0/0/0/0/0/0/0/0/0/0/0/0/0/0/0/0/0/0/0/0/0/0/0/0/0/0/0/0/0/0/0/0/0/0/0/0/0/0/0/0/0/0/0/0/0/0/0/0/0/0/0/0/0/0/0/0/0/0/0/0/0/0/0/0/0/0/0/0/0/0/0/0/0/0/0/0/0/0/0/0/0/0/0/0/0/0/0/0/0/0/0/0/0/0/0/0/0/0/0/0/0/0/0/0/0/0/0/0/0/0/0/0/0/0/0/0/0/0/0/0/0/0/0/0/0/0/0/0/0/0/0/0/0/0/0/0/0/0/0/0/0/0/0/0/0/0/0/0/0/0/0/0/0/0/0/0/0/0/0/0/0/0/0/0/0/0/0/0/0/0/0/0/0/0/0/0/0/0/0/0/0/0/0/0/0/0/0/0/0/0/0/0/0/0/0/0/0/0/0/0/0/0/0/0/0/0/0/0/0/0/0/0/0/0/0/0,,,5032,1.183024645615031e-11,1.9656250000000006e-11,-1.5695213100630626e-06,5.698424880404305,0,0.0,11300,2.3486196726997976e-11,4.4140625000000014e-11,6.721981373453891e-07,2.4888768692217205e-07,6.187184335382292e-07,4.341724324299962e-06,1,1,nan,0.6089473338259666,10,9/7/6/3/1/2/4/5/8/9,9,2395.1,1.0,,,1.2047156290895506e-09,,,,,,,,,,,,,,1,17010,8,578926456.1707523,149847670.10412705,3.8634331502682984,2,-453989016.757711,-423338892.102435,-480408071.51717,-171871.151389,-256102592.425221,-180102.710406,-446874787.681025,-87273549.497804,4752,13233.847295,-107732.68585,409147.75691,191808.485398,-337074501.110584,-319785081.597208,-5.0161,5.0169,-1.3916,1.3916,0.0098,0.4943,12.2572,1.6466,0.0354,0.4091,0.8447,0.2765,176,2621,9523,,,
240,2.0369332e-05,2397.53,6.574100727035609e-08,1.2101342773437505e-16,3.986572265625002e-18,276,9,9,8,7/6/3/1/2/4/5/8/9,0,10,1,0.149902/0.380127/0.382568/0.488525/0.394531/0.386963/0.636475/0.507568/0.659912/0/0/0/0/0/0/0/0/0/0/0/0/0/0/0/0/0/0/0/0/0/0/0/0/0/0/0/0/0/0/0/0/0/0/0/0/0/0/0/0/0/0/0/0/0/0/0/0/0/0/0/0/0/0/0/0/0/0/0/0/0/0/0/0/0/0/0/0/0/0/0/0/0/0/0/0/0/0/0/0/0/0/0/0/0/0/0/0/0/0/0/0/0/0/0/0/0/0/0/0/0/0/0/0/0/0/0/0/0/0/0/0/0/0/0/0/0/0/0/0/0/0/0/0/0/0/0/0/0/0/0/0/0/0/0/0/0/0/0/0/0/0/0/0/0/0/0/0/0/0/0/0/0/0/0/0/0/0/0/0/0/0/0/0/0/0/0/0/0/0/0/0/0/0/0/0/0/0/0/0/0/0/0/0/0/0/0/0/0/0/0/0/0/0/0/0/0/0/0/0/0/0/0/0/0/0/0/0/0/0/0/0/0/0/0/0/0/0/0/0/0/0/0/0/0/0/0/0/0/0/0/0/0/0/0/0/0/0/0/0/0/0/0/0/0/0/0/0/0/0/0/0/0/0/0/0/0/0/0/0/0/0/0/0/0/0/0,380.599/247.444/247.444/248.888/246.001/247.434/310.744/248.89/310.74/0/0/0/0/0/0/0/0/0/0/0/0/0/0/0/0/0/0/0/0/0/0/0/0/0/0/0/0/0/0/0/0/0/0/0/0/0/0/0/0/0/0/0/0/0/0/0/0/0/0/0/0/0/0/0/0/0/0/0/0/0/0/0/0/0/0/0/0/0/0/0/0/0/0/0/0/0/0/0/0/0/0/0/0/0/0/0/0/0/0/0/0/0/0/0/0/0/0/0/0/0/0/0/0/0/0/0/0/0/0/0/0/0/0/0/0/0/0/0/0/0/0/0/0/0/0/0/0/0/0/0/0/0/0/0/0/0/0/0/0/0/0/0/0/0/0/0/0/0/0/0/0/0/0/0/0/0/0/0/0/0/0/0/0/0/0/0/0/0/0/0/0/0/0/0/0/0/0/0/0/0/0/0/0/0/0/0/0/0/0/0/0/0/0/0/0/0/0/0/0/0/0/0/0/0/0/0/0/0/0/0/0/0/0/0/0/0/0/0/0/0/0/0/0/0/0/0/0/0/0/0/0/0/0/0/0/0/0/0/0/0/0/0/0/0/0/0/0/0/0/0/0/0/0/0/0/0/0/0/0/0/0/0/0/0/0/0,,,4955,1.1660241071211737e-11,1.9355468750000008e-11,-1.5657704768325895e-06,5.758438212091875,0,0.0,11116,2.3125987563872395e-11,4.342187500000002e-11,6.699244437915057e-07,2.4888768692217205e-07,6.187184335382292e-07,4.2517506755550925e-06,1,1,nan,0.6069549165266528,9,7/6/3/1/2/4/5/8/9,8,2354.6,1.0,,,1.1699386166561346e-09,,,,,,,,,,,,,,1,16321,9,577032264.3051637,149085247.39988455,3.8704853388841114,2,-460678244.814605,-418552242.102833,-483219676.751662,-116913.267092,-222249530.605904,-179713.220075,-446949281.922595,-508954.987984,4638,36718.352111,-69966.166722,513251.799929,147687.060354,-328766513.349182,-304266400.655839,-3.7366,3.7375,-1.197,1.1971,0.0097,0.4447,11.0866,1.5353,0.0363,0.3368,0.7791,0.2663,190,2322,9206,,,
260,2.0369332e-05,2544.23,6.574100727035609e-08,1.2114575195312504e-16,3.854248046875002e-18,276,9,9,8,7/6/3/1/2/4/5/8/9,0,18,1,0.148682/0.377197/0.379883/0.487061/0.380127/0.375488/0.59082/0.493408/0.621582/0/0/0/0/0/0/0/0/0/0/0/0/0/0/0/0/0/0/0/0/0/0/0/0/0/0/0/0/0/0/0/0/0/0/0/0/0/0/0/0/0/0/0/0/0/0/0/0/0/0/0/0/0/0/0/0/0/0/0/0/0/0/0/0/0/0/0/0/0/0/0/0/0/0/0/0/0/0/0/0/0/0/0/0/0/0/0/0/0/0/0/0/0/0/0/0/0/0/0/0/0/0/0/0/0/0/0/0/0/0/0/0/0/0/0/0/0/0/0/0/0/0/0/0/0/0/0/0/0/0/0/0/0/0/0/0/0/0/0/0/0/0/0/0/0/0/0/0/0/0/0/0/0/0/0/0/0/0/0/0/0/0/0/0/0/0/0/0/0/0/0/0/0/0/0/0/0/0/0/0/0/0/0/0/0/0/0/0/0/0/0/0/0/0/0/0/0/0/0/0/0/0/0/0/0/0/0/0/0/0/0/0/0/0/0/0/0/0/0/0/0/0/0/0/0/0/0/0/0/0/0/0/0/0/0/0/0/0/0/0/0/0/0/0/0/0/0/0/0/0/0/0/0/0/0/0/0/0/0/0/0/0/0/0/0/0/0,380.599/247.444/248.219/248.888/246.001/246.783/310.081/248.89/309.961/0/0/0/0/0/0/0/0/0/0/0/0/0/0/0/0/0/0/0/0/0/0/0/0/0/0/0/0/0/0/0/0/0/0/0/0/0/0/0/0/0/0/0/0/0/0/0/0/0/0/0/0/0/0/0/0/0/0/0/0/0/0/0/0/0/0/0/0/0/0/0/0/0/0/0/0/0/0/0/0/0/0/0/0/0/0/0/0/0/0/0/0/0/0/0/0/0/0/0/0/0/0/0/0/0/0/0/0/0/0/0/0/0/0/0/0/0/0/0/0/0/0/0/0/0/0/0/0/0/0/0/0/0/0/0/0/0/0/0/0/0/0/0/0/0/0/0/0/0/0/0/0/0/0/0/0/0/0/0/0/0/0/0/0/0/0/0/0/0/0/0/0/0/0/0/0/0/0/0/0/0/0/0/0/0/0/0/0/0/0/0/0/0/0/0/0/0/0/0/0/0/0/0/0/0/0/0/0/0/0/0/0/0/0/0/0/0/0/0/0/0/0/0/0/0/0/0/0/0/0/0/0/0/0/0/0/0/0/0/0/0/0/0/0/0/0/0/0/0/0/0/0/0/0/0/0/0/0/0/0/0/0/0/0/0/0/0,,,4886,1.1497468496582217e-11,1.9085937500000006e-11,-1.5600889426981345e-06,5.8493427582431545,0,0.0,11038,2.3062392820215342e-11,4.3117187500000017e-11,6.669663265074469e-07,2.4888768692217205e-07,6.187184335382292e-07,4.329480944788521e-06,1,1,nan,0.6044410132791851,9,7/6/3/1/2/4/5/8/9,8,2352.8,1.0,,,1.1426335072772394e-09,,,,,,,,,,,,,,1,15777,11,574642295.5552084,148688606.9830031,3.8647365606222737,2,-453989088.827218,-414874625.705243,-483995958.397178,-116094.329057,-209200207.646141,-178546.691592,-444942223.449157,-395203.386178,4560,19955.757069,-65712.205743,601815.500998,230639.656041,-340970909.603894,-308673940.991036,-4.0199,4.0207,-1.1014,1.1016,0.0093,0.4266,12.1847,1.467,0.0365,0.3297,0.7501,0.2545,185,2125,8938,,,
280,2.0369332e-05,2685.7,6.574100727035609e-08,1.2126562500000004e-16,3.734375000000002e-18,276,9,9,8,7/6/3/1/2/4/5/8/9,0,22,1,0.147705/0.372803/0.377441/0.483887/0.369873/0.364258/0.548828/0.483154/0.586426/0/0/0/0/0/0/0/0/0/0/0/0/0/0/0/0/0/0/0/0/0/0/0/0/0/0/0/0/0/0/0/0/0/0/0/0/0/0/0/0/0/0/0/0/0/0/0/0/0/0/0/0/0/0/0/0/0/0/0/0/0/0/0/0/0/0/0/0/0/0/0/0/0/0/0/0/0/0/0/0/0/0/0/0/0/0/0/0/0/0/0/0/0/0/0/0/0/0/0/0/0/0/0/0/0/0/0/0/0/0/0/0/0/0/0/0/0/0/0/0/0/0/0/0/0/0/0/0/0/0/0/0/0/0/0/0/0/0/0/0/0/0/0/0/0/0/0/0/0/0/0/0/0/0/0/0/0/0/0/0/0/0/0/0/0/0/0/0/0/0/0/0/0/0/0/0/0/0/0/0/0/0/0/0/0/0/0/0/0/0/0/0/0/0/0/0/0/0/0/0/0/0/0/0/0/0/0/0/0/0/0/0/0/0/0/0/0/0/0/0/0/0/0/0/0/0/0/0/0/0/0/0/0/0/0/0/0/0/0/0/0/0/0/0/0/0/0/0/0/0/0/0/0/0/0/0/0/0/0/0/0/0/0/0/0/0/0,380.599/248.223/248.223/248.888/246.001/246.783/309.301/248.89/309.177/0/0/0/0/0/0/0/0/0/0/0/0/0/0/0/0/0/0/0/0/0/0/0/0/0/0/0/0/0/0/0/0/0/0/0/0/0/0/0/0/0/0/0/0/0/0/0/0/0/0/0/0/0/0/0/0/0/0/0/0/0/0/0/0/0/0/0/0/0/0/0/0/0/0/0/0/0/0/0/0/0/0/0/0/0/0/0/0/0/0/0/0/0/0/0/0/0/0/0/0/0/0/0/0/0/0/0/0/0/0/0/0/0/0/0/0/0/0/0/0/0/0/0/0/0/0/0/0/0/0/0/0/0/0/0/0/0/0/0/0/0/0/0/0/0/0/0/0/0/0/0/0/0/0/0/0/0/0/0/0/0/0/0/0/0/0/0/0/0/0/0/0/0/0/0/0/0/0/0/0/0/0/0/0/0/0/0/0/0/0/0/0/0/0/0/0/0/0/0/0/0/0/0/0/0/0/0/0/0/0/0/0/0/0/0/0/0/0/0/0/0/0/0/0/0/0/0/0/0/0/0/0/0/0/0/0/0/0/0/0/0/0/0/0/0/0/0/0/0/0/0/0/0/0/0/0/0/0/0/0/0/0/0/0/0/0/0,,,4854,1.1407874601588476e-11,1.8960937500000006e-11,-1.559887976175165e-06,5.852558222610667,0,0.0,10924,2.288646532342988e-11,4.2671875000000016e-11,6.661509667374513e-07,2.4888768692217205e-07,5.745242597140701e-07,4.2210714021536276e-06,1,1,nan,0.6020857433185308,9,7/6/3/1/2/4/5/8/9,8,2349.4,1.0,,,1.1190147947819537e-09,,,,,,,,,,,,,,1,15287,10,572403139.5298753,148381321.5901262,3.8576495572065657,2,-452992486.745767,-412896071.716653,-484829834.161661,-109383.616555,-200263580.899523,-178396.523377,-443915498.095946,-336313.511343,4477,27423.816117,-63867.336059,253646.719858,247704.384729,-376872272.018513,-299967760.517815,-3.815,3.8156,-1.0628,1.063,0.0092,0.3945,12.9241,1.4597,0.0374,0.295,0.7274,0.2467,200,1970,8675,,,
300,2.0369332e-05,2840.53,6.574100727035609e-08,1.2137036132812506e-16,3.629638671875002e-18,276,9,9,8,7/6/3/1/2/4/5/8/9,0,27,1,0.145752/0.368896/0.376709/0.482666/0.361816/0.360352/0.508789/0.476318/0.54834/0/0/0/0/0/0/0/0/0/0/0/0/0/0/0/0/0/0/0/0/0/0/0/0/0/0/0/0/0/0/0/0/0/0/0/0/0/0/0/0/0/0/0/0/0/0/0/0/0/0/0/0/0/0/0/0/0/0/0/0/0/0/0/0/0/0/0/0/0/0/0/0/0/0/0/0/0/0/0/0/0/0/0/0/0/0/0/0/0/0/0/0/0/0/0/0/0/0/0/0/0/0/0/0/0/0/0/0/0/0/0/0/0/0/0/0/0/0/0/0/0/0/0/0/0/0/0/0/0/0/0/0/0/0/0/0/0/0/0/0/0/0/0/0/0/0/0/0/0/0/0/0/0/0/0/0/0/0/0/0/0/0/0/0/0/0/0/0/0/0/0/0/0/0/0/0/0/0/0/0/0/0/0/0/0/0/0/0/0/0/0/0/0/0/0/0/0/0/0/0/0/0/0/0/0/0/0/0/0/0/0/0/0/0/0/0/0/0/0/0/0/0/0/0/0/0/0/0/0/0/0/0/0/0/0/0/0/0/0/0/0/0/0/0/0/0/0/0/0/0/0/0/0/0/0/0/0/0/0/0/0/0/0/0/0/0/0,380.599/248.223/248.223/248.888/246.001/246.783/309.301/248.89/309.177/0/0/0/0/0/0/0/0/0/0/0/0/0/0/0/0/0/0/0/0/0/0/0/0/0/0/0/0/0/0/0/0/0/0/0/0/0/0/0/0/0/0/0/0/0/0/0/0/0/0/0/0/0/0/0/0/0/0/0/0/0/0/0/0/0/0/0/0/0/0/0/0/0/0/0/0/0/0/0/0/0/0/0/0/0/0/0/0/0/0/0/0/0/0/0/0/0/0/0/0/0/0/0/0/0/0/0/0/0/0/0/0/0/0/0/0/0/0/0/0/0/0/0/0/0/0/0/0/0/0/0/0/0/0/0/0/0/0/0/0/0/0/0/0/0/0/0/0/0/0/0/0/0/0/0/0/0/0/0/0/0/0/0/0/0/0/0/0/0/0/0/0/0/0/0/0/0/0/0/0/0/0/0/0/0/0/0/0/0/0/0/0/0/0/0/0/0/0/0/0/0/0/0/0/0/0/0/0/0/0/0/0/0/0/0/0/0/0/0/0/0/0/0/0/0/0/0/0/0/0/0/0/0/0/0/0/0/0/0/0/0/0/0/0/0/0/0/0/0/0/0/0/0/0/0/0/0/0/0/0/0/0/0/0/0/0/0,1-2:0.406637/1-3:0.405818/2-4:1.72487/3-6:1.6944/4-5:2.05024/5-8:1.46882/6-7:1.51444/8-9:2.04878,1-2:-28.513/1-3:-33.884/2-4:-24.549/3-6:-37.853/4-5:-20.553/5-8:-16.6/6-7:-41.812/8-9:-12.611,4818,1.1314004884464783e-11,1.882031250000001e-11,-1.558194015589489e-06,5.879661591981484,0,0.0,10868,2.283979471034763e-11,4.2453125000000013e-11,6.643192623907478e-07,2.4888768692217205e-07,5.303300858899115e-07,4.2210714021536276e-06,1,1,nan,0.599184645325338,9,7/6/3/1/2/4/5/8/9,8,2345.5,1.0,,,1.0982633938832419e-09,1,9,1,1,1,1/0/0/0/0/0/0/0/0/0/0/0,1.0,9,2492,4530,619,9,9,1,14859,9,569645064.5915207,148071342.92041314,3.8470986576902946,2,-444244604.685168,-413248298.6676,-485662453.336836,-114945.10419,-190217547.371931,-178108.519621,-441772100.098108,-312087.383978,4493,32073.230158,-63318.506992,234443.334962,261268.630852,-372317602.060452,-303907179.332301,-3.3793,3.38,-1.0009,1.0011,0.009,0.3696,12.4015,1.4404,0.0379,0.2723,0.6941,0.2373,191,1824,8375,4553.4,618.7,346.3
320,3.0553998e-05,3097.12,6.145904459109765e-08,1.1980493164062506e-16,5.195068359375002e-18,276,12,12,11,12/11/7/6/3/1/2/4/5/8/9/10,0,29,1,0.144775/0.363525/0.374512/0.481201/0.357178/0.356201/0.477783/0.380371/0.312012/0.648682/0.576416/0.722412/0/0/0/0/0/0/0/0/0/0/0/0/0/0/0/0/0/0/0/0/0/0/0/0/0/0/0/0/0/0/0/0/0/0/0/0/0/0/0/0/0/0/0/0/0/0/0/0/0/0/0/0/0/0/0/0/0/0/0/0/0/0/0/0/0/0/0/0/0/0/0/0/0/0/0/0/0/0/0/0/0/0/0/0/0/0/0/0/0/0/0/0/0/0/0/0/0/0/0/0/0/0/0/0/0/0/0/0/0/0/0/0/0/0/0/0/0/0/0/0/0/0/0/0/0/0/0/0/0/0/0/0/0/0/0/0/0/0/0/0/0/0/0/0/0/0/0/0/0/0/0/0/0/0/0/0/0/0/0/0/0/0/0/0/0/0/0/0/0/0/0/0/0/0/0/0/0/0/0/0/0/0/0/0/0/0/0/0/0/0/0/0/0/0/0/0/0/0/0/0/0/0/0/0/0/0/0/0/0/0/0/0/0/0/0/0/0/0/0/0/0/0/0/0/0/0/0/0/0/0/0/0/0/0/0/0/0/0/0/0/0/0/0/0/0/0/0/0/0/0/0/0/0/0/0/0/0/0/0/0/0/0/0/0,380.599/248.223/248.223/248.888/246.001/246.783/309.301/248.89/246.661/4118.6/4211.01/4524.87/0/0/0/0/0/0/0/0/0/0/0/0/0/0/0/0/0/0/0/0/0/0/0/0/0/0/0/0/0/0/0/0/0/0/0/0/0/0/0/0/0/0/0/0/0/0/0/0/0/0/0/0/0/0/0/0/0/0/0/0/0/0/0/0/0/0/0/0/0/0/0/0/0/0/0/0/0/0/0/0/0/0/0/0/0/0/0/0/0/0/0/0/0/0/0/0/0/0/0/0/0/0/0/0/0/0/0/0/0/0/0/0/0/0/0/0/0/0/0/0/0/0/0/0/0/0/0/0/0/0/0/0/0/0/0/0/0/0/0/0/0/0/0/0/0/0/0/0/0/0/0/0/0/0/0/0/0/0/0/0/0/0/0/0/0/0/0/0/0/0/0/0/0/0/0/0/0/0/0/0/0/0/0/0/0/0/0/0/0/0/0/0/0/0/0/0/0/0/0/0/0/0/0/0/0/0/0/0/0/0/0/0/0/0/0/0/0/0/0/0/0/0/0/0/0/0/0/0/0/0/0/0/0/0/0/0/0/0/0/0/0/0/0/0/0/0/0/0/0/0/0/0/0/0/0/0/0/0/0/0/0/0/0/0,,,6552,1.531447575085264e-11,2.559375000000001e-11,-1.7040036571181206e-06,3.546707327523378,0,0.0,14994,3.149001883519265e-11,5.857031250000002e-11,1.1834527149662011e-06,2.4888870981361186e-07,6.187184335382292e-07,4.1678987165659454e-06,1,1,nan,0.5603814512928126,13,12/11/10/7/6/3/1/2/4/5/8/9/10,12,3616.8,1.0,,,1.5942964643293774e-09,,,,,,,,,,,,,,1,21272,8,569872846.8498516,139958169.45173627,4.07173692741365,2,-490508943.918067,-412699128.905041,-484676711.881848,-99020.648635,-189475624.997908,-177945.230819,-454514829.784479,-295071.128495,5978,27148.085834,-62331.384554,239866.975012,233465.314494,-383010401.700366,-293721286.126753,-2.5884,2.589,-0.9863,0.9865,0.0088,0.3583,11.9261,1.3417,0.0303,0.2168,0.7345,0.2902,286,3009,12030,,,
340,3.0553998e-05,3205.83,6.145904459109765e-08,1.1997094726562504e-16,5.029052734375002e-18,276,12,12,11,12/11/7/6/3/1/2/4/5/8/9/10,0,30,1,0.144043/0.358154/0.371582/0.47998/0.354736/0.354736/0.445801/0.376709/0.297363/0.612061/0.551514/0.682373/0/0/0/0/0/0/0/0/0/0/0/0/0/0/0/0/0/0/0/0/0/0/0/0/0/0/0/0/0/0/0/0/0/0/0/0/0/0/0/0/0/0/0/0/0/0/0/0/0/0/0/0/0/0/0/0/0/0/0/0/0/0/0/0/0/0/0/0/0/0/0/0/0/0/0/0/0/0/0/0/0/0/0/0/0/0/0/0/0/0/0/0/0/0/0/0/0/0/0/0/0/0/0/0/0/0/0/0/0/0/0/0/0/0/0/0/0/0/0/0/0/0/0/0/0/0/0/0/0/0/0/0/0/0/0/0/0/0/0/0/0/0/0/0/0/0/0/0/0/0/0/0/0/0/0/0/0/0/0/0/0/0/0/0/0/0/0/0/0/0/0/0/0/0/0/0/0/0/0/0/0/0/0/0/0/0/0/0/0/0/0/0/0/0/0/0/0/0/0/0/0/0/0/0/0/0/0/0/0/0/0/0/0/0/0/0/0/0/0/0/0/0/0/0/0/0/0/0/0/0/0/0/0/0/0/0/0/0/0/0/0/0/0/0/0/0/0/0/0/0/0/0/0/0/0/0/0/0/0/0/0/0/0/0,380.599/248.223/247.444/248.888/246.001/246.783/307.857/248.89/246.661/4118.6/4211.01/4524.86/0/0/0/0/0/0/0/0/0/0/0/0/0/0/0/0/0/0/0/0/0/0/0/0/0/0/0/0/0/0/0/0/0/0/0/0/0/0/0/0/0/0/0/0/0/0/0/0/0/0/0/0/0/0/0/0/0/0/0/0/0/0/0/0/0/0/0/0/0/0/0/0/0/0/0/0/0/0/0/0/0/0/0/0/0/0/0/0/0/0/0/0/0/0/0/0/0/0/0/0/0/0/0/0/0/0/0/0/0/0/0/0/0/0/0/0/0/0/0/0/0/0/0/0/0/0/0/0/0/0/0/0/0/0/0/0/0/0/0/0/0/0/0/0/0/0/0/0/0/0/0/0/0/0/0/0/0/0/0/0/0/0/0/0/0/0/0/0/0/0/0/0/0/0/0/0/0/0/0/0/0/0/0/0/0/0/0/0/0/0/0/0/0/0/0/0/0/0/0/0/0/0/0/0/0/0/0/0/0/0/0/0/0/0/0/0/0/0/0/0/0/0/0/0/0/0/0/0/0/0/0/0/0/0/0/0/0/0/0/0/0/0/0/0/0/0/0/0/0/0/0/0/0/0/0/0/0/0/0/0/0/0/0/0,,,6484,1.515606870518701e-11,2.532812500000001e-11,-1.7018779769553976e-06,3.580718210126946,0,0.0,14900,3.1459434703087976e-11,5.8203125000000024e-11,1.1793517760371645e-06,2.4888870981361186e-07,6.187184335382292e-07,4.1586807696209324e-06,1,1,nan,0.568158114071097,13,12/11/10/7/6/3/1/2/4/5/8/9/10,12,3616.0,1.0,,,1.5608428318582852e-09,,,,,,,,,,,,,,1,20591,9,577781225.9481035,139752296.71499568,4.134323653559724,1,-488745054.823238,-406609896.007726,-486412276.268159,-86930.754039,-166048198.996906,-177121.532353,-455664466.492307,-258435.25623,5849,28686.388728,-58165.48745,252524.447312,218507.178558,-378290347.051961,-288341084.4029,-2.1525,2.1532,-0.8653,0.8655,0.0087,0.3384,13.137,1.2504,0.0305,0.1636,0.6912,0.2833,275,2840,11661,,,
360,3.0553998e-05,3316.3,6.145904459109765e-08,1.2009179687500007e-16,4.908203125000002e-18,276,12,12,11,12/11/7/6/3/1/2/4/5/8/9/10,0,33,1,0.143066/0.352783/0.369873/0.47998/0.352051/0.351563/0.416748/0.374268/0.289307/0.58252/0.538818/0.657227/0/0/0/0/0/0/0/0/0/0/0/0/0/0/0/0/0/0/0/0/0/0/0/0/0/0/0/0/0/0/0/0/0/0/0/0/0/0/0/0/0/0/0/0/0/0/0/0/0/0/0/0/0/0/0/0/0/0/0/0/0/0/0/0/0/0/0/0/0/0/0/0/0/0/0/0/0/0/0/0/0/0/0/0/0/0/0/0/0/0/0/0/0/0/0/0/0/0/0/0/0/0/0/0/0/0/0/0/0/0/0/0/0/0/0/0/0/0/0/0/0/0/0/0/0/0/0/0/0/0/0/0/0/0/0/0/0/0/0/0/0/0/0/0/0/0/0/0/0/0/0/0/0/0/0/0/0/0/0/0/0/0/0/0/0/0/0/0/0/0/0/0/0/0/0/0/0/0/0/0/0/0/0/0/0/0/0/0/0/0/0/0/0/0/0/0/0/0/0/0/0/0/0/0/0/0/0/0/0/0/0/0/0/0/0/0/0/0/0/0/0/0/0/0/0/0/0/0/0/0/0/0/0/0/0/0/0/0/0/0/0/0/0/0/0/0/0/0/0/0/0/0/0/0/0/0/0/0/0/0/0/0/0/0,380.599/248.223/247.444/248.888/246.001/246.783/307.857/248.89/246.661/4117.94/4211.01/4476.11/0/0/0/0/0/0/0/0/0/0/0/0/0/0/0/0/0/0/0/0/0/0/0/0/0/0/0/0/0/0/0/0/0/0/0/0/0/0/0/0/0/0/0/0/0/0/0/0/0/0/0/0/0/0/0/0/0/0/0/0/0/0/0/0/0/0/0/0/0/0/0/0/0/0/0/0/0/0/0/0/0/0/0/0/0/0/0/0/0/0/0/0/0/0/0/0/0/0/0/0/0/0/0/0/0/0/0/0/0/0/0/0/0/0/0/0/0/0/0/0/0/0/0/0/0/0/0/0/0/0/0/0/0/0/0/0/0/0/0/0/0/0/0/0/0/0/0/0/0/0/0/0/0/0/0/0/0/0/0/0/0/0/0/0/0/0/0/0/0/0/0/0/0/0/0/0/0/0/0/0/0/0/0/0/0/0/0/0/0/0/0/0/0/0/0/0/0/0/0/0/0/0/0/0/0/0/0/0/0/0/0/0/0/0/0/0/0/0/0/0/0/0/0/0/0/0/0/0/0/0/0/0/0/0/0/0/0/0/0/0/0/0/0/0/0/0/0/0/0/0/0/0/0/0/0/0/0/0/0/0/0/0/0/0,,,6437,1.5039231539376614e-11,2.514453125000001e-11,-1.703227750483998e-06,3.5591218336693404,0,0.0,14728,3.1090952430307264e-11,5.7531250000000024e-11,1.1789355777028455e-06,2.4888870981361186e-07,6.187184335382292e-07,4.137219443164479e-06,1,1,nan,0.5767519540463474,13,12/11/10/7/6/3/1/2/4/5/8/9/10,12,3615.8,1.0,,,1.5340177566250113e-09,,,,,,,,,,,,,,1,20090,9,586520623.0869089,139834895.04824585,4.194379542277681,1,-467564690.627849,-408140557.74427,-487475327.279583,-86819.126145,-153356970.06544,-175757.630369,-454677205.895433,-256709.596289,5896,30534.50942,-56867.422533,240686.971129,227515.91273,-380437382.729741,-279338063.287025,-2.4794,2.4801,-0.8209,0.8211,0.0084,0.3258,11.922,1.2372,0.0305,0.2077,0.6626,0.2744,284,2632,11318,,,
380,3.0553998e-05,3430.78,6.145904459109765e-08,1.2019824218750006e-16,4.801757812500002e-18,276,12,12,11,12/11/7/6/3/1/2/4/5/8/9/10,0,35,1,0.14209/0.349854/0.366455/0.477783/0.350098/0.348633/0.38916/0.372803/0.282471/0.549805/0.534424/0.638184/0/0/0/0/0/0/0/0/0/0/0/0/0/0/0/0/0/0/0/0/0/0/0/0/0/0/0/0/0/0/0/0/0/0/0/0/0/0/0/0/0/0/0/0/0/0/0/0/0/0/0/0/0/0/0/0/0/0/0/0/0/0/0/0/0/0/0/0/0/0/0/0/0/0/0/0/0/0/0/0/0/0/0/0/0/0/0/0/0/0/0/0/0/0/0/0/0/0/0/0/0/0/0/0/0/0/0/0/0/0/0/0/0/0/0/0/0/0/0/0/0/0/0/0/0/0/0/0/0/0/0/0/0/0/0/0/0/0/0/0/0/0/0/0/0/0/0/0/0/0/0/0/0/0/0/0/0/0/0/0/0/0/0/0/0/0/0/0/0/0/0/0/0/0/0/0/0/0/0/0/0/0/0/0/0/0/0/0/0/0/0/0/0/0/0/0/0/0/0/0/0/0/0/0/0/0/0/0/0/0/0/0/0/0/0/0/0/0/0/0/0/0/0/0/0/0/0/0/0/0/0/0/0/0/0/0/0/0/0/0/0/0/0/0/0/0/0/0/0/0/0/0/0/0/0/0/0/0/0/0/0/0/0/0,380.599/248.223/247.444/248.888/246.001/246.783/307.857/248.89/246.661/4117.94/4211.01/4476.11/0/0/0/0/0/0/0/0/0/0/0/0/0/0/0/0/0/0/0/0/0/0/0/0/0/0/0/0/0/0/0/0/0/0/0/0/0/0/0/0/0/0/0/0/0/0/0/0/0/0/0/0/0/0/0/0/0/0/0/0/0/0/0/0/0/0/0/0/0/0/0/0/0/0/0/0/0/0/0/0/0/0/0/0/0/0/0/0/0/0/0/0/0/0/0/0/0/0/0/0/0/0/0/0/0/0/0/0/0/0/0/0/0/0/0/0/0/0/0/0/0/0/0/0/0/0/0/0/0/0/0/0/0/0/0/0/0/0/0/0/0/0/0/0/0/0/0/0/0/0/0/0/0/0/0/0/0/0/0/0/0/0/0/0/0/0/0/0/0/0/0/0/0/0/0/0/0/0/0/0/0/0/0/0/0/0/0/0/0/0/0/0/0/0/0/0/0/0/0/0/0/0/0/0/0/0/0/0/0/0/0/0/0/0/0/0/0/0/0/0/0/0/0/0/0/0/0/0/0/0/0/0/0/0/0/0/0/0/0/0/0/0/0/0/0/0/0/0/0/0/0/0/0/0/0/0/0/0/0/0/0/0/0/0,,,6409,1.4964463370951027e-11,2.503515625000001e-11,-1.7051943482345555e-06,3.527656269660419,0,0.0,14708,3.1132874792069586e-11,5.745312500000002e-11,1.1793189420255158e-06,2.4888870981361186e-07,6.18718433538229e-07,4.137219443164479e-06,1,1,nan,0.5563937931545759,13,12/11/10/7/6/3/1/2/4/5/8/9/10,12,3616.4,1.0,,,1.5112611929895208e-09,,,,,,,,,,,,,,1,19656,11,565817648.2163881,139948899.81759953,4.043030341459195,1,-470774276.156783,-404840950.886795,-487799828.994812,-87618.993021,-144058943.501201,-174947.049553,-454903601.059396,-238781.912178,5935,28204.09877,-54525.221819,243596.01894,234661.644416,-381238148.456842,-276174647.11574,-2.6126,2.6132,-0.7616,0.7619,0.0083,0.3168,12.4937,1.1841,0.031,0.2089,0.6422,0.2673,292,2457,11001,,,
400,3.0553998e-05,3550.38,6.145904459109765e-08,1.2030957031250005e-16,4.6904296875000025e-18,276,12,12,11,12/11/7/6/3/1/2/4/5/8/9/10,0,36,1,0.141113/0.346924/0.365967/0.477051/0.347168/0.346436/0.357178/0.370117/0.280273/0.52002/0.525635/0.612549/0/0/0/0/0/0/0/0/0/0/0/0/0/0/0/0/0/0/0/0/0/0/0/0/0/0/0/0/0/0/0/0/0/0/0/0/0/0/0/0/0/0/0/0/0/0/0/0/0/0/0/0/0/0/0/0/0/0/0/0/0/0/0/0/0/0/0/0/0/0/0/0/0/0/0/0/0/0/0/0/0/0/0/0/0/0/0/0/0/0/0/0/0/0/0/0/0/0/0/0/0/0/0/0/0/0/0/0/0/0/0/0/0/0/0/0/0/0/0/0/0/0/0/0/0/0/0/0/0/0/0/0/0/0/0/0/0/0/0/0/0/0/0/0/0/0/0/0/0/0/0/0/0/0/0/0/0/0/0/0/0/0/0/0/0/0/0/0/0/0/0/0/0/0/0/0/0/0/0/0/0/0/0/0/0/0/0/0/0/0/0/0/0/0/0/0/0/0/0/0/0/0/0/0/0/0/0/0/0/0/0/0/0/0/0/0/0/0/0/0/0/0/0/0/0/0/0/0/0/0/0/0/0/0/0/0/0/0/0/0/0/0/0/0/0/0/0/0/0/0/0/0/0/0/0/0/0/0/0/0/0/0/0/0,380.599/248.223/247.444/248.888/246.001/246.783/307.072/248.89/246.661/4117.16/4211.01/4474.67/0/0/0/0/0/0/0/0/0/0/0/0/0/0/0/0/0/0/0/0/0/0/0/0/0/0/0/0/0/0/0/0/0/0/0/0/0/0/0/0/0/0/0/0/0/0/0/0/0/0/0/0/0/0/0/0/0/0/0/0/0/0/0/0/0/0/0/0/0/0/0/0/0/0/0/0/0/0/0/0/0/0/0/0/0/0/0/0/0/0/0/0/0/0/0/0/0/0/0/0/0/0/0/0/0/0/0/0/0/0/0/0/0/0/0/0/0/0/0/0/0/0/0/0/0/0/0/0/0/0/0/0/0/0/0/0/0/0/0/0/0/0/0/0/0/0/0/0/0/0/0/0/0/0/0/0/0/0/0/0/0/0/0/0/0/0/0/0/0/0/0/0/0/0/0/0/0/0/0/0/0/0/0/0/0/0/0/0/0/0/0/0/0/0/0/0/0/0/0/0/0/0/0/0/0/0/0/0/0/0/0/0/0/0/0/0/0/0/0/0/0/0/0/0/0/0/0/0/0/0/0/0/0/0/0/0/0/0/0/0/0/0/0/0/0/0/0/0/0/0/0/0/0/0/0/0/0/0/0/0/0/0/0/0,1-2:0.377575/1-3:0.380622/2-4:1.70964/3-6:1.67053/4-5:2.035/5-8:1.24133/5-12:0.174551/6-7:1.43176/8-9:1.52167/8-11:0.0213296/8-12:0.281707/9-10:1.10944/9-11:0.127436/9-12:0.00691323/10-11:0.584465/11-12:2.18782,1-2:-28.501/1-3:-33.9/2-4:-24.548/3-6:-37.85/4-5:-20.553/5-8:-16.616/5-12:-16.473/6-7:-41.815/8-9:-12.615/8-11:-12.45/8-12:-14.61/9-10:-8.6499/9-11:-10.182/9-12:-11.257/10-11:-10.993/11-12:-53.611,6374,1.4861771994035617e-11,2.489843750000001e-11,-1.7047895769292052e-06,3.534132610546025,0,0.0,14652,3.1109939865705406e-11,5.7234375000000024e-11,1.178049765943242e-06,2.4888870981361186e-07,5.745242597140701e-07,4.137219443164479e-06,1,1,nan,0.5485955138930515,13,12/11/10/7/6/3/1/2/4/5/8/9/10,12,3615.8,1.0,,,1.4910634194028802e-09,1,12,1,1,1,1/0/0/0/0/0/0/0/0/0/0/0,1.0,12,4691,5851,6983,12,13,1,19194,17,557887286.5082291,140029919.82057083,3.9840577443955216,2,-483158706.661432,-404244826.636468,-488671981.658816,-87217.11904,-134367318.338198,-175110.716358,-454022384.827401,-220765.973616,5938,29389.916228,-52981.987416,243869.213139,239208.570603,-376594895.743486,-277255584.314148,-2.3221,2.3228,-0.7096,0.7099,0.0081,0.3102,13.0519,1.1545,0.0309,0.1777,0.6136,0.2615,287,2293,10713,4504.3,618.7,351.2
420,4.0738664e-05,3774.98,5.7700773049183284e-08,1.1852880859375004e-16,6.471191406250003e-18,276,14,14,13,13/12/11/7/6/3/1/2/4/5/8/9/10/14,0,63,2,0.141113/0.344238/0.362793/0.476318/0.293213/0.343994/0.333252/0.365234/0.279541/0.392334/0.520996/1.23828/0.69458/0.685303/0/0/0/0/0/0/0/0/0/0/0/0/0/0/0/0/0/0/0/0/0/0/0/0/0/0/0/0/0/0/0/0/0/0/0/0/0/0/0/0/0/0/0/0/0/0/0/0/0/0/0/0/0/0/0/0/0/0/0/0/0/0/0/0/0/0/0/0/0/0/0/0/0/0/0/0/0/0/0/0/0/0/0/0/0/0/0/0/0/0/0/0/0/0/0/0/0/0/0/0/0/0/0/0/0/0/0/0/0/0/0/0/0/0/0/0/0/0/0/0/0/0/0/0/0/0/0/0/0/0/0/0/0/0/0/0/0/0/0/0/0/0/0/0/0/0/0/0/0/0/0/0/0/0/0/0/0/0/0/0/0/0/0/0/0/0/0/0/0/0/0/0/0/0/0/0/0/0/0/0/0/0/0/0/0/0/0/0/0/0/0/0/0/0/0/0/0/0/0/0/0/0/0/0/0/0/0/0/0/0/0/0/0/0/0/0/0/0/0/0/0/0/0/0/0/0/0/0/0/0/0/0/0/0/0/0/0/0/0/0/0/0/0/0/0/0/0/0/0/0/0/0/0/0/0/0/0/0/0/0/0/0,380.599/248.223/247.444/248.888/246.001/246.783/307.072/248.89/246.661/4113.62/4148.49/4990.46/4722.76/4200.12/0/0/0/0/0/0/0/0/0/0/0/0/0/0/0/0/0/0/0/0/0/0/0/0/0/0/0/0/0/0/0/0/0/0/0/0/0/0/0/0/0/0/0/0/0/0/0/0/0/0/0/0/0/0/0/0/0/0/0/0/0/0/0/0/0/0/0/0/0/0/0/0/0/0/0/0/0/0/0/0/0/0/0/0/0/0/0/0/0/0/0/0/0/0/0/0/0/0/0/0/0/0/0/0/0/0/0/0/0/0/0/0/0/0/0/0/0/0/0/0/0/0/0/0/0/0/0/0/0/0/0/0/0/0/0/0/0/0/0/0/0/0/0/0/0/0/0/0/0/0/0/0/0/0/0/0/0/0/0/0/0/0/0/0/0/0/0/0/0/0/0/0/0/0/0/0/0/0/0/0/0/0/0/0/0/0/0/0/0/0/0/0/0/0/0/0/0/0/0/0/0/0/0/0/0/0/0/0/0/0/0/0/0/0/0/0/0/0/0/0/0/0/0/0/0/0/0/0/0/0/0/0/0/0/0/0/0/0/0/0/0/0/0/0/0/0/0/0/0/0/0/0/0/0/0/0/0/0/0/0/0/0,,,7838,1.8292735738732873e-11,3.0617187500000015e-11,-1.765917200030145e-06,2.5560906409309863,0,0.0,19728,4.172383791882969e-11,7.706250000000002e-11,1.4133085057202106e-06,2.7798104795747524e-07,6.187184335382292e-07,4.137219443164479e-06,1,1,nan,0.5083392294589711,22,13/12/11/10/14/12/7/6/3/12/1/2/4/5/13/5/13/8/9/10/14/12,21,3775.4,1.0,,,1.9985525867121135e-09,,,,,,,,,,,,,,1,23375,17,550620037.8650802,156576543.1950316,3.5166189432297554,2,-464728039.377512,-403439744.753882,-480773592.277765,-128197.184525,-159718006.20586,-181932.270229,-451928621.500728,-480176.679069,7636,11255.398375,-60772.768672,4934400.256882,35337523.126498,-279350233.192069,-223775196.630724,-2.3429,2.3445,-0.8102,0.8137,0.0077,0.3414,7.2765,1.0771,0.0233,0.3218,0.7544,0.3284,404,3762,14734,,,
440,4.0738664e-05,3892.25,5.7700773049183284e-08,1.1869018554687506e-16,6.309814453125003e-18,276,14,14,13,13/12/11/7/6/3/1/2/4/5/8/9/10/14,0,61,2,0.141113/0.34082/0.359619/0.475098/0.291748/0.342773/0.303223/0.363037/0.278076/0.378906/0.519043/1.22437/0.654297/0.637695/0/0/0/0/0/0/0/0/0/0/0/0/0/0/0/0/0/0/0/0/0/0/0/0/0/0/0/0/0/0/0/0/0/0/0/0/0/0/0/0/0/0/0/0/0/0/0/0/0/0/0/0/0/0/0/0/0/0/0/0/0/0/0/0/0/0/0/0/0/0/0/0/0/0/0/0/0/0/0/0/0/0/0/0/0/0/0/0/0/0/0/0/0/0/0/0/0/0/0/0/0/0/0/0/0/0/0/0/0/0/0/0/0/0/0/0/0/0/0/0/0/0/0/0/0/0/0/0/0/0/0/0/0/0/0/0/0/0/0/0/0/0/0/0/0/0/0/0/0/0/0/0/0/0/0/0/0/0/0/0/0/0/0/0/0/0/0/0/0/0/0/0/0/0/0/0/0/0/0/0/0/0/0/0/0/0/0/0/0/0/0/0/0/0/0/0/0/0/0/0/0/0/0/0/0/0/0/0/0/0/0/0/0/0/0/0/0/0/0/0/0/0/0/0/0/0/0/0/0/0/0/0/0/0/0/0/0/0/0/0/0/0/0/0/0/0/0/0/0/0/0/0/0/0/0/0/0/0/0/0/0/0,380.599/248.223/247.444/248.888/246.001/246.783/305.631/248.89/246.661/4113.62/4148.49/4990.46/4722.76/4200.12/0/0/0/0/0/0/0/0/0/0/0/0/0/0/0/0/0/0/0/0/0/0/0/0/0/0/0/0/0/0/0/0/0/0/0/0/0/0/0/0/0/0/0/0/0/0/0/0/0/0/0/0/0/0/0/0/0/0/0/0/0/0/0/0/0/0/0/0/0/0/0/0/0/0/0/0/0/0/0/0/0/0/0/0/0/0/0/0/0/0/0/0/0/0/0/0/0/0/0/0/0/0/0/0/0/0/0/0/0/0/0/0/0/0/0/0/0/0/0/0/0/0/0/0/0/0/0/0/0/0/0/0/0/0/0/0/0/0/0/0/0/0/0/0/0/0/0/0/0/0/0/0/0/0/0/0/0/0/0/0/0/0/0/0/0/0/0/0/0/0/0/0/0/0/0/0/0/0/0/0/0/0/0/0/0/0/0/0/0/0/0/0/0/0/0/0/0/0/0/0/0/0/0/0/0/0/0/0/0/0/0/0/0/0/0/0/0/0/0/0/0/0/0/0/0/0/0/0/0/0/0/0/0/0/0/0/0/0/0/0/0/0/0/0/0/0/0/0/0/0/0/0/0/0/0/0/0/0/0/0/0/0,,,7737,1.804828188923041e-11,3.022265625000001e-11,-1.7571495952768378e-06,2.696372316983903,0,0.0,19560,4.143612051293091e-11,7.640625000000003e-11,1.4012240795560752e-06,2.772603246116779e-07,6.187184335382292e-07,4.137219443164479e-06,1,1,nan,0.5065821728817715,20,13/12/11/10/14/12/7/6/3/12/1/2/4/5/13/8/9/10/14/12,19,3778.4,1.0,,,1.962536514976607e-09,,,,,,,,,,,,,,1,22714,19,548716839.168221,152445114.99996412,3.599438651532718,2,-465181584.842231,-396362779.601296,-483734934.633225,-115837.766466,-127552231.201616,-181704.713234,-450795181.694135,-380365.799337,7459,28866.609958,-52936.356971,17609024.466699,45653755.763374,-284696971.647492,-208306480.477316,-2.2716,2.2791,-0.7383,0.7438,0.0076,0.3147,7.6103,1.0025,0.0235,0.299,0.7408,0.3215,418,3654,14341,,,
460,4.0738664e-05,4020.35,5.7700773049183284e-08,1.1882519531250005e-16,6.174804687500003e-18,276,14,14,13,13/12/11/7/6/3/1/2/4/5/8/9/10/14,0,65,2,0.140869/0.337158/0.35791/0.473633/0.288818/0.341797/0.275635/0.359863/0.27832/0.374023/0.51709/1.2168/0.618164/0.594727/0/0/0/0/0/0/0/0/0/0/0/0/0/0/0/0/0/0/0/0/0/0/0/0/0/0/0/0/0/0/0/0/0/0/0/0/0/0/0/0/0/0/0/0/0/0/0/0/0/0/0/0/0/0/0/0/0/0/0/0/0/0/0/0/0/0/0/0/0/0/0/0/0/0/0/0/0/0/0/0/0/0/0/0/0/0/0/0/0/0/0/0/0/0/0/0/0/0/0/0/0/0/0/0/0/0/0/0/0/0/0/0/0/0/0/0/0/0/0/0/0/0/0/0/0/0/0/0/0/0/0/0/0/0/0/0/0/0/0/0/0/0/0/0/0/0/0/0/0/0/0/0/0/0/0/0/0/0/0/0/0/0/0/0/0/0/0/0/0/0/0/0/0/0/0/0/0/0/0/0/0/0/0/0/0/0/0/0/0/0/0/0/0/0/0/0/0/0/0/0/0/0/0/0/0/0/0/0/0/0/0/0/0/0/0/0/0/0/0/0/0/0/0/0/0/0/0/0/0/0/0/0/0/0/0/0/0/0/0/0/0/0/0/0/0/0/0/0/0/0/0/0/0/0/0/0/0/0/0/0/0/0,380.599/248.223/247.444/248.888/246.001/246.783/304.187/248.89/246.661/4113.62/4148.49/4990.46/4722.76/4199.46/0/0/0/0/0/0/0/0/0/0/0/0/0/0/0/0/0/0/0/0/0/0/0/0/0/0/0/0/0/0/0/0/0/0/0/0/0/0/0/0/0/0/0/0/0/0/0/0/0/0/0/0/0/0/0/0/0/0/0/0/0/0/0/0/0/0/0/0/0/0/0/0/0/0/0/0/0/0/0/0/0/0/0/0/0/0/0/0/0/0/0/0/0/0/0/0/0/0/0/0/0/0/0/0/0/0/0/0/0/0/0/0/0/0/0/0/0/0/0/0/0/0/0/0/0/0/0/0/0/0/0/0/0/0/0/0/0/0/0/0/0/0/0/0/0/0/0/0/0/0/0/0/0/0/0/0/0/0/0/0/0/0/0/0/0/0/0/0/0/0/0/0/0/0/0/0/0/0/0/0/0/0/0/0/0/0/0/0/0/0/0/0/0/0/0/0/0/0/0/0/0/0/0/0/0/0/0/0/0/0/0/0/0/0/0/0/0/0/0/0/0/0/0/0/0/0/0/0/0/0/0/0/0/0/0/0/0/0/0/0/0/0/0/0/0/0/0/0/0/0/0/0/0/0/0/0/0/0/0/0/0/0,,,7691,1.794108558818729e-11,3.004296875000001e-11,-1.7612504391914035e-06,2.630758814350852,0,0.0,19424,4.119579674496592e-11,7.587500000000004e-11,1.4014525352339051e-06,2.7653857837444054e-07,6.187184335382292e-07,4.137219443164479e-06,1,1,nan,0.5048538538362034,19,13/12/11/10/14/12/7/6/3/12/1/2/4/5/8/9/10/14/12,18,3780.8,1.0,,,1.9316125579111915e-09,,,,,,,,,,,,,,1,22141,29,546844768.2298311,148552737.88018543,3.681149038605309,2,-461474363.381542,-390949634.210285,-486151105.768912,-108596.221829,-97807128.686006,-180472.948639,-447446824.978111,-397752.608478,7601,37086.951242,-41773.442701,13672593.935,46213674.461016,-350990346.111139,-195481872.196068,-1.9838,1.9876,-0.675,0.682,0.0072,0.3172,7.5904,0.9453,0.0232,0.2614,0.7202,0.311,417,3424,13874,,,
480,4.0738664e-05,4136.56,5.7700773049183284e-08,1.1894604492187505e-16,6.053955078125003e-18,276,14,14,13,13/12/11/7/6/3/1/2/4/5/8/9/10/14,0,66,2,0.140869/0.335449/0.355713/0.472656/0.287354/0.340088/0.253418/0.358154/0.277344/0.371582/0.513672/1.20801/0.584961/0.554688/0/0/0/0/0/0/0/0/0/0/0/0/0/0/0/0/0/0/0/0/0/0/0/0/0/0/0/0/0/0/0/0/0/0/0/0/0/0/0/0/0/0/0/0/0/0/0/0/0/0/0/0/0/0/0/0/0/0/0/0/0/0/0/0/0/0/0/0/0/0/0/0/0/0/0/0/0/0/0/0/0/0/0/0/0/0/0/0/0/0/0/0/0/0/0/0/0/0/0/0/0/0/0/0/0/0/0/0/0/0/0/0/0/0/0/0/0/0/0/0/0/0/0/0/0/0/0/0/0/0/0/0/0/0/0/0/0/0/0/0/0/0/0/0/0/0/0/0/0/0/0/0/0/0/0/0/0/0/0/0/0/0/0/0/0/0/0/0/0/0/0/0/0/0/0/0/0/0/0/0/0/0/0/0/0/0/0/0/0/0/0/0/0/0/0/0/0/0/0/0/0/0/0/0/0/0/0/0/0/0/0/0/0/0/0/0/0/0/0/0/0/0/0/0/0/0/0/0/0/0/0/0/0/0/0/0/0/0/0/0/0/0/0/0/0/0/0/0/0/0/0/0/0/0/0/0/0/0/0/0/0/0,380.599/248.219/247.444/248.888/246.001/246.783/304.187/248.89/246.661/4113.62/4148.49/4990.46/4722.76/4199.46/0/0/0/0/0/0/0/0/0/0/0/0/0/0/0/0/0/0/0/0/0/0/0/0/0/0/0/0/0/0/0/0/0/0/0/0/0/0/0/0/0/0/0/0/0/0/0/0/0/0/0/0/0/0/0/0/0/0/0/0/0/0/0/0/0/0/0/0/0/0/0/0/0/0/0/0/0/0/0/0/0/0/0/0/0/0/0/0/0/0/0/0/0/0/0/0/0/0/0/0/0/0/0/0/0/0/0/0/0/0/0/0/0/0/0/0/0/0/0/0/0/0/0/0/0/0/0/0/0/0/0/0/0/0/0/0/0/0/0/0/0/0/0/0/0/0/0/0/0/0/0/0/0/0/0/0/0/0/0/0/0/0/0/0/0/0/0/0/0/0/0/0/0/0/0/0/0/0/0/0/0/0/0/0/0/0/0/0/0/0/0/0/0/0/0/0/0/0/0/0/0/0/0/0/0/0/0/0/0/0/0/0/0/0/0/0/0/0/0/0/0/0/0/0/0/0/0/0/0/0/0/0/0/0/0/0/0/0/0/0/0/0/0/0/0/0/0/0/0/0/0/0/0/0/0/0/0/0/0/0/0/0,,,7665,1.7873730410907207e-11,2.994140625000001e-11,-1.7652080988242727e-06,2.5674362602249436,0,0.0,19412,4.1254182476078926e-11,7.582812500000003e-11,1.402929103647738e-06,2.7653857837444054e-07,5.745242597140701e-07,4.137219443164479e-06,1,1,nan,0.5024093020533784,19,13/12/11/10/14/12/7/6/3/12/1/2/4/5/8/9/10/14/12,18,3782.2,1.0,,,1.9057174801614676e-09,,,,,,,,,,,,,,1,21653,28,544196892.3288215,147478548.17392123,3.69000711674386,2,-466494917.543694,-386049181.405734,-487336888.363267,-104544.486489,-73911354.215934,-180112.903628,-447134424.400035,-346263.476648,7433,39436.698183,-30977.957736,21128138.148011,48782668.494669,-360877681.51039,-186664572.477844,-2.0555,2.0619,-0.606,0.6145,0.0072,0.2943,8.3694,0.8673,0.0234,0.2459,0.707,0.3057,431,3338,13613,,,
500,4.0738664e-05,4264.99,5.7700773049183284e-08,1.1905664062500004e-16,5.943359375000003e-18,276,14,14,13,13/12/11/7/6/3/1/2/4/5/8/9/10/14,0,67,2,0.140625/0.334229/0.35498/0.470703/0.285889/0.339111/0.225098/0.357178/0.275879/0.369629/0.51123/1.20874/0.549561/0.520508/0/0/0/0/0/0/0/0/0/0/0/0/0/0/0/0/0/0/0/0/0/0/0/0/0/0/0/0/0/0/0/0/0/0/0/0/0/0/0/0/0/0/0/0/0/0/0/0/0/0/0/0/0/0/0/0/0/0/0/0/0/0/0/0/0/0/0/0/0/0/0/0/0/0/0/0/0/0/0/0/0/0/0/0/0/0/0/0/0/0/0/0/0/0/0/0/0/0/0/0/0/0/0/0/0/0/0/0/0/0/0/0/0/0/0/0/0/0/0/0/0/0/0/0/0/0/0/0/0/0/0/0/0/0/0/0/0/0/0/0/0/0/0/0/0/0/0/0/0/0/0/0/0/0/0/0/0/0/0/0/0/0/0/0/0/0/0/0/0/0/0/0/0/0/0/0/0/0/0/0/0/0/0/0/0/0/0/0/0/0/0/0/0/0/0/0/0/0/0/0/0/0/0/0/0/0/0/0/0/0/0/0/0/0/0/0/0/0/0/0/0/0/0/0/0/0/0/0/0/0/0/0/0/0/0/0/0/0/0/0/0/0/0/0/0/0/0/0/0/0/0/0/0/0/0/0/0/0/0/0/0/0,380.599/248.103/247.444/248.888/246.001/246.783/304.187/248.89/246.661/4113.62/4148.49/4990.46/4722.76/4198.68/0/0/0/0/0/0/0/0/0/0/0/0/0/0/0/0/0/0/0/0/0/0/0/0/0/0/0/0/0/0/0/0/0/0/0/0/0/0/0/0/0/0/0/0/0/0/0/0/0/0/0/0/0/0/0/0/0/0/0/0/0/0/0/0/0/0/0/0/0/0/0/0/0/0/0/0/0/0/0/0/0/0/0/0/0/0/0/0/0/0/0/0/0/0/0/0/0/0/0/0/0/0/0/0/0/0/0/0/0/0/0/0/0/0/0/0/0/0/0/0/0/0/0/0/0/0/0/0/0/0/0/0/0/0/0/0/0/0/0/0/0/0/0/0/0/0/0/0/0/0/0/0/0/0/0/0/0/0/0/0/0/0/0/0/0/0/0/0/0/0/0/0/0/0/0/0/0/0/0/0/0/0/0/0/0/0/0/0/0/0/0/0/0/0/0/0/0/0/0/0/0/0/0/0/0/0/0/0/0/0/0/0/0/0/0/0/0/0/0/0/0/0/0/0/0/0/0/0/0/0/0/0/0/0/0/0/0/0/0/0/0/0/0/0/0/0/0/0/0/0/0/0/0/0/0/0/0/0/0/0/0/0,1-2:0.371481/1-3:0.377575/2-4:1.68353/3-6:1.66097/4-5:1.74657/4-13:0.29016/5-8:1.12904/5-13:0.221035/6-7:1.38523/8-9:1.51385/8-11:0.0213296/8-12:0.183742/8-13:0.0103699/9-10:1.05213/9-11:0.127436/9-12:0.00691323/10-11:0.572276/10-14:1.58648/11-12:2.14697/12-13:1.70009,1-2:-28.501/1-3:-33.9/2-4:-24.549/3-6:-37.85/4-5:-20.563/4-13:-20.455/5-8:-16.611/5-13:-19.309/6-7:-41.816/8-9:-12.615/8-11:-12.45/8-12:-14.09/8-13:-15.229/9-10:-8.653/9-11:-10.182/9-12:-11.257/10-11:-11.065/10-14:-5.6118/11-12:-53.531/12-13:-57.167,7634,1.7787183722372228e-11,2.982031250000001e-11,-1.7691402256745235e-06,2.5045222306209314,0,0.0,19404,4.131157099502424e-11,7.579687500000002e-11,1.404429254230389e-06,2.7653857837444054e-07,5.745242597140701e-07,4.1147260309782624e-06,1,1,nan,0.5073026073127965,19,13/12/11/10/14/12/7/6/3/12/1/2/4/5/8/9/10/14/12,18,3784.6,1.0,,,1.8827173838591477e-09,2,14/1,1/1,1,1,1/0/0/0/0/0/0/0/0/0/0/0,1.0,14/1,5186/4210,6352/5370,6983/4198,14/1,16/3,1,21191,31,549497195.2979505,146355813.00582778,3.7545293488005833,1,-462033200.240952,-378708199.518112,-487611578.399249,-102739.994774,-51860202.485981,-180004.117104,-445986111.671988,-342330.64472,7478,45502.095716,4314.324067,10579081.866816,44240697.15476,-370455249.560296,-179396025.039067,-1.6602,1.6651,-0.5448,0.5549,0.0072,0.2894,8.2848,0.8061,0.0236,0.2005,0.6866,0.3022,409,3137,13341,3668.4,618.7,352.2
520,5.092333e-05,4506.77,5.437565655933996e-08,1.1719799804687506e-16,7.802001953125003e-18,276,16,16,15,16/13/12/11/7/6/3/1/2/4/5/8/9/10/14/15,0,59,3,0.140625/0.33252/0.353271/0.400146/0.278809/0.338867/0.199951/0.355225/0.274414/0.366699/0.509521/1.20996/1.17603/0.467529/0.695313/0.703125/0/0/0/0/0/0/0/0/0/0/0/0/0/0/0/0/0/0/0/0/0/0/0/0/0/0/0/0/0/0/0/0/0/0/0/0/0/0/0/0/0/0/0/0/0/0/0/0/0/0/0/0/0/0/0/0/0/0/0/0/0/0/0/0/0/0/0/0/0/0/0/0/0/0/0/0/0/0/0/0/0/0/0/0/0/0/0/0/0/0/0/0/0/0/0/0/0/0/0/0/0/0/0/0/0/0/0/0/0/0/0/0/0/0/0/0/0/0/0/0/0/0/0/0/0/0/0/0/0/0/0/0/0/0/0/0/0/0/0/0/0/0/0/0/0/0/0/0/0/0/0/0/0/0/0/0/0/0/0/0/0/0/0/0/0/0/0/0/0/0/0/0/0/0/0/0/0/0/0/0/0/0/0/0/0/0/0/0/0/0/0/0/0/0/0/0/0/0/0/0/0/0/0/0/0/0/0/0/0/0/0/0/0/0/0/0/0/0/0/0/0/0/0/0/0/0/0/0/0/0/0/0/0/0/0/0/0/0/0/0/0/0/0/0/0/0/0/0/0/0/0/0/0/0/0/0/0/0/0/0,380.599/248.103/247.444/248.888/246.001/246.783/301.302/248.89/246.661/4113.62/4148.49/4990.46/5271.98/4190.68/4210.34/4729.32/0/0/0/0/0/0/0/0/0/0/0/0/0/0/0/0/0/0/0/0/0/0/0/0/0/0/0/0/0/0/0/0/0/0/0/0/0/0/0/0/0/0/0/0/0/0/0/0/0/0/0/0/0/0/0/0/0/0/0/0/0/0/0/0/0/0/0/0/0/0/0/0/0/0/0/0/0/0/0/0/0/0/0/0/0/0/0/0/0/0/0/0/0/0/0/0/0/0/0/0/0/0/0/0/0/0/0/0/0/0/0/0/0/0/0/0/0/0/0/0/0/0/0/0/0/0/0/0/0/0/0/0/0/0/0/0/0/0/0/0/0/0/0/0/0/0/0/0/0/0/0/0/0/0/0/0/0/0/0/0/0/0/0/0/0/0/0/0/0/0/0/0/0/0/0/0/0/0/0/0/0/0/0/0/0/0/0/0/0/0/0/0/0/0/0/0/0/0/0/0/0/0/0/0/0/0/0/0/0/0/0/0/0/0/0/0/0/0/0/0/0/0/0/0/0/0/0/0/0/0/0/0/0/0/0/0/0/0/0/0/0/0/0/0/0/0/0/0/0/0/0/0/0/0/0/0/0/0/0/0,,,8257,1.9208117279021795e-11,3.225390625000001e-11,-1.927209396480007e-06,-0.024584502266803143,0,0.0,26238,5.612435710828134e-11,1.0249218750000004e-10,1.5366296254361595e-06,3.409506090856021e-07,6.187184335382292e-07,4.099386394277528e-06,1,1,nan,0.5528504051461527,23,16/13/12/11/10/14/13/15/16/7/6/3/12/1/2/4/5/8/9/10/14/13/15,22,3955.7,1.0,,,2.4126729691712584e-09,,,,,,,,,,,,,,1,22838,35,635452562.9300092,162081098.64297816,3.9205840054782906,1,-467123561.983006,-395010836.282922,-482547155.878283,-130069.484114,-90049263.879203,-302058.429138,-453269077.297021,-34360662.970178,9232,42799.242416,-36494.087341,25952496.776504,55794866.373768,-195182574.566873,-189075103.682218,-1.7595,1.7775,-0.6546,0.664,0.0091,0.3097,5.5179,0.8547,0.0216,0.3215,0.7757,0.4196,507,4922,17334,,,
540,5.092333e-05,4628.03,5.437565655933996e-08,1.1738159179687504e-16,7.618408203125004e-18,276,16,16,15,16/13/12/11/7/6/3/1/2/4/5/8/9/10/14/15,0,64,3,0.139893/0.330322/0.351807/0.398926/0.278564/0.337891/0.180664/0.354492/0.272949/0.363037/0.509277/1.20972/1.15381/0.417236/0.656738/0.663086/0/0/0/0/0/0/0/0/0/0/0/0/0/0/0/0/0/0/0/0/0/0/0/0/0/0/0/0/0/0/0/0/0/0/0/0/0/0/0/0/0/0/0/0/0/0/0/0/0/0/0/0/0/0/0/0/0/0/0/0/0/0/0/0/0/0/0/0/0/0/0/0/0/0/0/0/0/0/0/0/0/0/0/0/0/0/0/0/0/0/0/0/0/0/0/0/0/0/0/0/0/0/0/0/0/0/0/0/0/0/0/0/0/0/0/0/0/0/0/0/0/0/0/0/0/0/0/0/0/0/0/0/0/0/0/0/0/0/0/0/0/0/0/0/0/0/0/0/0/0/0/0/0/0/0/0/0/0/0/0/0/0/0/0/0/0/0/0/0/0/0/0/0/0/0/0/0/0/0/0/0/0/0/0/0/0/0/0/0/0/0/0/0/0/0/0/0/0/0/0/0/0/0/0/0/0/0/0/0/0/0/0/0/0/0/0/0/0/0/0/0/0/0/0/0/0/0/0/0/0/0/0/0/0/0/0/0/0/0/0/0/0/0/0/0/0/0/0/0/0/0/0/0/0/0/0/0/0/0/0,380.599/248.103/248.101/248.886/246.001/246.783/301.302/248.89/246.661/4092.51/4148.49/4990.46/5271.98/4219.78/4208.12/4727.87/0/0/0/0/0/0/0/0/0/0/0/0/0/0/0/0/0/0/0/0/0/0/0/0/0/0/0/0/0/0/0/0/0/0/0/0/0/0/0/0/0/0/0/0/0/0/0/0/0/0/0/0/0/0/0/0/0/0/0/0/0/0/0/0/0/0/0/0/0/0/0/0/0/0/0/0/0/0/0/0/0/0/0/0/0/0/0/0/0/0/0/0/0/0/0/0/0/0/0/0/0/0/0/0/0/0/0/0/0/0/0/0/0/0/0/0/0/0/0/0/0/0/0/0/0/0/0/0/0/0/0/0/0/0/0/0/0/0/0/0/0/0/0/0/0/0/0/0/0/0/0/0/0/0/0/0/0/0/0/0/0/0/0/0/0/0/0/0/0/0/0/0/0/0/0/0/0/0/0/0/0/0/0/0/0/0/0/0/0/0/0/0/0/0/0/0/0/0/0/0/0/0/0/0/0/0/0/0/0/0/0/0/0/0/0/0/0/0/0/0/0/0/0/0/0/0/0/0/0/0/0/0/0/0/0/0/0/0/0/0/0/0/0/0/0/0/0/0/0/0/0/0/0/0/0/0/0/0/0/0,,,8207,1.9075545219110897e-11,3.2058593750000014e-11,-1.918834681338479e-06,0.10941093999764231,0,0.0,25976,5.565571566012135e-11,1.0146875000000004e-10,1.5351002562446568e-06,3.409506090856021e-07,6.187184335382292e-07,4.099386394277528e-06,1,1,nan,0.4649228899983296,23,16/13/12/11/10/14/13/15/16/7/6/3/12/1/2/4/5/8/9/10/14/13/15,22,3964.1,1.0,,,2.372820111241447e-09,,,,,,,,,,,,,,1,24946,33,534387673.8883154,159952163.41655397,3.340921826087723,3,-481466186.03722,-378785422.378652,-483564493.461437,-117209.831293,-70298063.331074,-267115.133985,-452743722.203853,-28168376.103297,9066,68200.574939,-20251.182887,22332651.531932,60290168.270671,-206374267.177524,-182555473.845726,-1.8041,1.8146,-0.5907,0.6019,0.0086,0.2955,5.9368,0.7836,0.021,0.3051,0.7667,0.4076,495,4852,16834,,,
560,5.092333e-05,4748.69,5.437565655933996e-08,1.1754321289062506e-16,7.456787109375004e-18,276,16,16,15,16/13/12/11/7/6/3/1/2/4/5/8/9/10/14/15,0,75,3,0.139893/0.329102/0.350586/0.397461/0.277832/0.33667/0.158203/0.352295/0.271973/0.361328/0.509033/1.20947/1.14746/0.366943/0.620605/0.62793/0/0/0/0/0/0/0/0/0/0/0/0/0/0/0/0/0/0/0/0/0/0/0/0/0/0/0/0/0/0/0/0/0/0/0/0/0/0/0/0/0/0/0/0/0/0/0/0/0/0/0/0/0/0/0/0/0/0/0/0/0/0/0/0/0/0/0/0/0/0/0/0/0/0/0/0/0/0/0/0/0/0/0/0/0/0/0/0/0/0/0/0/0/0/0/0/0/0/0/0/0/0/0/0/0/0/0/0/0/0/0/0/0/0/0/0/0/0/0/0/0/0/0/0/0/0/0/0/0/0/0/0/0/0/0/0/0/0/0/0/0/0/0/0/0/0/0/0/0/0/0/0/0/0/0/0/0/0/0/0/0/0/0/0/0/0/0/0/0/0/0/0/0/0/0/0/0/0/0/0/0/0/0/0/0/0/0/0/0/0/0/0/0/0/0/0/0/0/0/0/0/0/0/0/0/0/0/0/0/0/0/0/0/0/0/0/0/0/0/0/0/0/0/0/0/0/0/0/0/0/0/0/0/0/0/0/0/0/0/0/0/0/0/0/0/0/0/0/0/0/0/0/0/0/0/0/0/0/0/0,380.599/248.103/248.101/248.886/246.001/246.783/296.193/248.89/246.661/4092.51/4148.49/4990.46/5271.98/4219.78/4207.45/4727.87/0/0/0/0/0/0/0/0/0/0/0/0/0/0/0/0/0/0/0/0/0/0/0/0/0/0/0/0/0/0/0/0/0/0/0/0/0/0/0/0/0/0/0/0/0/0/0/0/0/0/0/0/0/0/0/0/0/0/0/0/0/0/0/0/0/0/0/0/0/0/0/0/0/0/0/0/0/0/0/0/0/0/0/0/0/0/0/0/0/0/0/0/0/0/0/0/0/0/0/0/0/0/0/0/0/0/0/0/0/0/0/0/0/0/0/0/0/0/0/0/0/0/0/0/0/0/0/0/0/0/0/0/0/0/0/0/0/0/0/0/0/0/0/0/0/0/0/0/0/0/0/0/0/0/0/0/0/0/0/0/0/0/0/0/0/0/0/0/0/0/0/0/0/0/0/0/0/0/0/0/0/0/0/0/0/0/0/0/0/0/0/0/0/0/0/0/0/0/0/0/0/0/0/0/0/0/0/0/0/0/0/0/0/0/0/0/0/0/0/0/0/0/0/0/0/0/0/0/0/0/0/0/0/0/0/0/0/0/0/0/0/0/0/0/0/0/0/0/0/0/0/0/0/0/0/0/0/0/0/0,,,8167,1.897871889739239e-11,3.190234375000001e-11,-1.917456762400437e-06,0.13145764300631813,0,0.0,25714,5.5176521238848833e-11,1.0044531250000004e-10,1.5354179781863933e-06,3.3839604686632546e-07,6.187184335382292e-07,4.099386394277528e-06,1,1,nan,0.46316747150476467,23,16/13/12/11/10/14/13/15/16/7/6/3/12/1/2/4/5/8/9/10/14/13/15,22,3972.8,1.0,,,2.3377088858144673e-09,,,,,,,,,,,,,,1,24250,43,532369975.84492576,158343305.31208885,3.3621249398302258,2,-472993905.126502,-361173202.833916,-483946111.650565,-117348.995577,-55794675.060568,-249796.314201,-452605638.784522,-20060069.075849,8968,98161.446962,51315.205904,14751280.19396,64313265.583929,-191501928.50241,-177023263.136593,-1.7153,1.735,-0.5372,0.5507,0.0083,0.2845,5.3735,0.7208,0.0208,0.3222,0.7623,0.3968,509,4717,16389,,,
580,5.092333e-05,4872.4,5.437565655933996e-08,1.1768774414062504e-16,7.312255859375004e-18,276,16,16,15,16/13/12/11/7/6/3/1/2/4/5/8/9/10/14/15,0,82,3,0.140381/0.327881/0.350098/0.396484/0.276367/0.335693/0.13916/0.350342/0.270996/0.361084/0.507568/1.21191/1.14478/0.321289/0.581299/0.596924/0/0/0/0/0/0/0/0/0/0/0/0/0/0/0/0/0/0/0/0/0/0/0/0/0/0/0/0/0/0/0/0/0/0/0/0/0/0/0/0/0/0/0/0/0/0/0/0/0/0/0/0/0/0/0/0/0/0/0/0/0/0/0/0/0/0/0/0/0/0/0/0/0/0/0/0/0/0/0/0/0/0/0/0/0/0/0/0/0/0/0/0/0/0/0/0/0/0/0/0/0/0/0/0/0/0/0/0/0/0/0/0/0/0/0/0/0/0/0/0/0/0/0/0/0/0/0/0/0/0/0/0/0/0/0/0/0/0/0/0/0/0/0/0/0/0/0/0/0/0/0/0/0/0/0/0/0/0/0/0/0/0/0/0/0/0/0/0/0/0/0/0/0/0/0/0/0/0/0/0/0/0/0/0/0/0/0/0/0/0/0/0/0/0/0/0/0/0/0/0/0/0/0/0/0/0/0/0/0/0/0/0/0/0/0/0/0/0/0/0/0/0/0/0/0/0/0/0/0/0/0/0/0/0/0/0/0/0/0/0/0/0/0/0/0/0/0/0/0/0/0/0/0/0/0/0/0/0/0/0,382.04/248.103/248.099/248.886/246.653/246.783/285.312/248.89/246.661/4092.51/4148.49/4990.46/5271.98/4219.78/4207.45/4726.43/0/0/0/0/0/0/0/0/0/0/0/0/0/0/0/0/0/0/0/0/0/0/0/0/0/0/0/0/0/0/0/0/0/0/0/0/0/0/0/0/0/0/0/0/0/0/0/0/0/0/0/0/0/0/0/0/0/0/0/0/0/0/0/0/0/0/0/0/0/0/0/0/0/0/0/0/0/0/0/0/0/0/0/0/0/0/0/0/0/0/0/0/0/0/0/0/0/0/0/0/0/0/0/0/0/0/0/0/0/0/0/0/0/0/0/0/0/0/0/0/0/0/0/0/0/0/0/0/0/0/0/0/0/0/0/0/0/0/0/0/0/0/0/0/0/0/0/0/0/0/0/0/0/0/0/0/0/0/0/0/0/0/0/0/0/0/0/0/0/0/0/0/0/0/0/0/0/0/0/0/0/0/0/0/0/0/0/0/0/0/0/0/0/0/0/0/0/0/0/0/0/0/0/0/0/0/0/0/0/0/0/0/0/0/0/0/0/0/0/0/0/0/0/0/0/0/0/0/0/0/0/0/0/0/0/0/0/0/0/0/0/0/0/0/0/0/0/0/0/0/0/0/0/0/0/0/0/0/0/0,,,8125,1.887579867420208e-11,3.173828125000001e-11,-1.921319654955995e-06,0.06965136211738934,0,0.0,25420,5.455234637179704e-11,9.929687500000003e-11,1.5350425784875253e-06,3.3367624593533634e-07,5.966213466261497e-07,4.099386394277528e-06,1,1,nan,0.4616487277390529,23,16/13/12/11/10/14/13/15/16/7/6/3/12/1/2/4/5/8/9/10/14/13/15,22,3982.1,1.0,,,2.3075379405305388e-09,,,,,,,,,,,,,,1,23631,41,530624314.43386036,156363495.19520068,3.3935306560616394,2,-483280056.464278,-342162454.040354,-484357562.994152,-113618.507995,-42710259.435245,-233469.680381,-452801443.928483,-14920211.855511,9001,107963.140642,155275.189115,11114617.472138,65407170.550385,-196452406.026328,-172679751.576068,-1.5897,1.6065,-0.4646,0.4808,0.0079,0.2634,5.4232,0.6354,0.0204,0.2955,0.7547,0.3858,511,4541,15926,,,
600,5.092333e-05,5015.0,5.437565655933996e-08,1.1781860351562505e-16,7.181396484375003e-18,276,16,16,15,16/13/12/11/7/6/3/1/2/4/5/8/9/10/14/15,0,84,3,0.140137/0.325684/0.349609/0.395996/0.275146/0.335205/0.125488/0.348877/0.269531/0.358398/0.503662/1.21411/1.14551/0.281982/0.542236/0.569824/0/0/0/0/0/0/0/0/0/0/0/0/0/0/0/0/0/0/0/0/0/0/0/0/0/0/0/0/0/0/0/0/0/0/0/0/0/0/0/0/0/0/0/0/0/0/0/0/0/0/0/0/0/0/0/0/0/0/0/0/0/0/0/0/0/0/0/0/0/0/0/0/0/0/0/0/0/0/0/0/0/0/0/0/0/0/0/0/0/0/0/0/0/0/0/0/0/0/0/0/0/0/0/0/0/0/0/0/0/0/0/0/0/0/0/0/0/0/0/0/0/0/0/0/0/0/0/0/0/0/0/0/0/0/0/0/0/0/0/0/0/0/0/0/0/0/0/0/0/0/0/0/0/0/0/0/0/0/0/0/0/0/0/0/0/0/0/0/0/0/0/0/0/0/0/0/0/0/0/0/0/0/0/0/0/0/0/0/0/0/0/0/0/0/0/0/0/0/0/0/0/0/0/0/0/0/0/0/0/0/0/0/0/0/0/0/0/0/0/0/0/0/0/0/0/0/0/0/0/0/0/0/0/0/0/0/0/0/0/0/0/0/0/0/0/0/0/0/0/0/0/0/0/0/0/0/0/0/0/0,382.04/248.103/248.099/248.886/246.653/246.783/285.312/248.89/246.661/4092.51/4148.49/4990.46/5271.98/4219.78/4207.45/4726.43/0/0/0/0/0/0/0/0/0/0/0/0/0/0/0/0/0/0/0/0/0/0/0/0/0/0/0/0/0/0/0/0/0/0/0/0/0/0/0/0/0/0/0/0/0/0/0/0/0/0/0/0/0/0/0/0/0/0/0/0/0/0/0/0/0/0/0/0/0/0/0/0/0/0/0/0/0/0/0/0/0/0/0/0/0/0/0/0/0/0/0/0/0/0/0/0/0/0/0/0/0/0/0/0/0/0/0/0/0/0/0/0/0/0/0/0/0/0/0/0/0/0/0/0/0/0/0/0/0/0/0/0/0/0/0/0/0/0/0/0/0/0/0/0/0/0/0/0/0/0/0/0/0/0/0/0/0/0/0/0/0/0/0/0/0/0/0/0/0/0/0/0/0/0/0/0/0/0/0/0/0/0/0/0/0/0/0/0/0/0/0/0/0/0/0/0/0/0/0/0/0/0/0/0/0/0/0/0/0/0/0/0/0/0/0/0/0/0/0/0/0/0/0/0/0/0/0/0/0/0/0/0/0/0/0/0/0/0/0/0/0/0/0/0/0/0/0/0/0/0/0/0/0/0/0/0/0/0/0/0,1-2:0.371481/1-3:0.371481/2-4:1.49934/2-16:0.159406/3-6:1.64838/4-5:1.60176/4-13:0.0308803/4-16:0.253964/5-8:1.07123/5-13:0.0983746/5-16:0.00518499/6-7:1.33475/8-9:1.50298/8-11:0.0213296/8-12:0.182013/8-13:0.00864161/9-10:1.02562/9-11:0.127436/9-12:0.00691323/10-11:0.56882/10-14:1.4912/11-12:2.12564/12-13:1.65315/13-16:1.61545/14-15:0.00609416,1-2:-28.501/1-3:-33.918/2-4:-24.554/2-16:-24.429/3-6:-37.852/4-5:-20.552/4-13:-20.376/4-16:-22.529/5-8:-16.61/5-13:-18.427/5-16:-19.949/6-7:-41.816/8-9:-12.615/8-11:-12.45/8-12:-14.077/8-13:-15.326/9-10:-8.6483/9-11:-10.182/9-12:-11.257/10-11:-11.065/10-14:-4.885/11-12:-53.531/12-13:-56.776/13-16:-57.01/14-15:1.0791,8088,1.8781519802105615e-11,3.159375000000001e-11,-1.922087952412349e-06,0.057358602815725794,0,0.0,25212,5.4179670359677353e-11,9.848437500000004e-11,1.5352197277882904e-06,3.3367624593533634e-07,5.966213466261497e-07,4.099386394277528e-06,1,1,nan,0.4604260533251733,23,16/13/12/11/10/14/13/15/16/7/6/3/12/1/2/4/5/8/9/10/14/13/15,22,3990.0,1.0,,,2.2806427889568904e-09,3,16/1/1,1/1/1,1,1,1/0/0/0/0/0/0/0/0/0/0/0,1.0,16/1/1,5797/4210/4210,6898/5370/6835,6983/4198/4154,16/1/1,20/3/4,1,23064,39,529218958.51353073,156966124.66018853,3.3715488590880467,2,-476893052.332754,-323677513.39196,-484455921.24338,-121901.454441,-32804529.311585,-225516.608495,-452543150.138468,-8215564.259957,9121,97504.442455,2171716.366342,22266504.732482,62477290.799271,-190225011.982569,-169297961.834759,-1.6276,1.6485,-0.4101,0.4291,0.0075,0.2582,5.4636,0.569,0.02,0.301,0.752,0.3745,505,4347,15468,3560.5,618.7,370.8
620,6.1107996e-05,5269.47,5.141289118816265e-08,1.1583374023437505e-16,9.166259765625004e-18,276,17,17,16,17/16/13/12/11/7/6/3/1/2/4/5/8/9/10/14/15,0,90,3,0.140137/0.288574/0.348633/0.389893/0.274658/0.333984/0.114502/0.347656/0.268311/0.355469/1.26855/1.21777/1.14697/1.0249/0.511963/0.430908/0.703369/0/0/0/0/0/0/0/0/0/0/0/0/0/0/0/0/0/0/0/0/0/0/0/0/0/0/0/0/0/0/0/0/0/0/0/0/0/0/0/0/0/0/0/0/0/0/0/0/0/0/0/0/0/0/0/0/0/0/0/0/0/0/0/0/0/0/0/0/0/0/0/0/0/0/0/0/0/0/0/0/0/0/0/0/0/0/0/0/0/0/0/0/0/0/0/0/0/0/0/0/0/0/0/0/0/0/0/0/0/0/0/0/0/0/0/0/0/0/0/0/0/0/0/0/0/0/0/0/0/0/0/0/0/0/0/0/0/0/0/0/0/0/0/0/0/0/0/0/0/0/0/0/0/0/0/0/0/0/0/0/0/0/0/0/0/0/0/0/0/0/0/0/0/0/0/0/0/0/0/0/0/0/0/0/0/0/0/0/0/0/0/0/0/0/0/0/0/0/0/0/0/0/0/0/0/0/0/0/0/0/0/0/0/0/0/0/0/0/0/0/0/0/0/0/0/0/0/0/0/0/0/0/0/0/0/0/0/0/0/0/0/0/0/0/0/0/0/0/0/0/0/0/0/0/0/0/0/0/0,382.04/248.103/248.101/248.76/246.653/246.779/279.418/248.89/246.661/4092.51/4743.06/4990.46/5271.98/4307.87/4198.68/4701.65/4727.88/0/0/0/0/0/0/0/0/0/0/0/0/0/0/0/0/0/0/0/0/0/0/0/0/0/0/0/0/0/0/0/0/0/0/0/0/0/0/0/0/0/0/0/0/0/0/0/0/0/0/0/0/0/0/0/0/0/0/0/0/0/0/0/0/0/0/0/0/0/0/0/0/0/0/0/0/0/0/0/0/0/0/0/0/0/0/0/0/0/0/0/0/0/0/0/0/0/0/0/0/0/0/0/0/0/0/0/0/0/0/0/0/0/0/0/0/0/0/0/0/0/0/0/0/0/0/0/0/0/0/0/0/0/0/0/0/0/0/0/0/0/0/0/0/0/0/0/0/0/0/0/0/0/0/0/0/0/0/0/0/0/0/0/0/0/0/0/0/0/0/0/0/0/0/0/0/0/0/0/0/0/0/0/0/0/0/0/0/0/0/0/0/0/0/0/0/0/0/0/0/0/0/0/0/0/0/0/0/0/0/0/0/0/0/0/0/0/0/0/0/0/0/0/0/0/0/0/0/0/0/0/0/0/0/0/0/0/0/0/0/0/0/0/0/0/0/0/0/0/0/0/0/0/0/0/0/0/0/0,,,8681,2.0147970013657628e-11,3.3910156250000013e-11,-2.022584367476242e-06,-1.5505840382065605,0,0.0,32376,6.958916462565051e-11,1.2646875000000004e-10,1.607101217007002e-06,3.8204017998503924e-07,6.187184335382292e-07,4.084046757576796e-06,1,1,nan,0.4300476204425305,26,17/16/13/12/11/10/14/13/15/17/16/7/6/3/12/1/17/2/17/4/5/8/9/10/14/15,25,4214.2,1.0,,,2.675948052912183e-09,,,,,,,,,,,,,,1,24844,50,522786710.81323206,179196808.06863874,2.9173885207429935,2,-445525788.078037,-271103625.932361,-467016713.220034,-143893.563237,-38253458.455128,-426836.536501,-440431426.656313,-20489610.95562,11042,524683.036697,7204950.417749,20301832.114933,71195658.486272,-177917965.129604,-174443308.11574,-1.4096,1.4606,-0.377,0.4066,0.0065,0.2383,3.4242,0.4974,0.014,0.4257,0.8155,0.4652,639,6196,19695,,,
640,6.1107996e-05,5384.07,5.141289118816265e-08,1.1593164062500004e-16,9.068359375000004e-18,276,17,17,16,17/16/13/12/11/7/6/3/1/2/4/5/8/9/10/14/15,0,95,3,0.139893/0.288818/0.347168/0.38916/0.272949/0.332764/0.102539/0.347168/0.266602/0.354004/1.2771/1.22119/1.14868/1.01538/0.481201/0.416748/0.666992/0/0/0/0/0/0/0/0/0/0/0/0/0/0/0/0/0/0/0/0/0/0/0/0/0/0/0/0/0/0/0/0/0/0/0/0/0/0/0/0/0/0/0/0/0/0/0/0/0/0/0/0/0/0/0/0/0/0/0/0/0/0/0/0/0/0/0/0/0/0/0/0/0/0/0/0/0/0/0/0/0/0/0/0/0/0/0/0/0/0/0/0/0/0/0/0/0/0/0/0/0/0/0/0/0/0/0/0/0/0/0/0/0/0/0/0/0/0/0/0/0/0/0/0/0/0/0/0/0/0/0/0/0/0/0/0/0/0/0/0/0/0/0/0/0/0/0/0/0/0/0/0/0/0/0/0/0/0/0/0/0/0/0/0/0/0/0/0/0/0/0/0/0/0/0/0/0/0/0/0/0/0/0/0/0/0/0/0/0/0/0/0/0/0/0/0/0/0/0/0/0/0/0/0/0/0/0/0/0/0/0/0/0/0/0/0/0/0/0/0/0/0/0/0/0/0/0/0/0/0/0/0/0/0/0/0/0/0/0/0/0/0/0/0/0/0/0/0/0/0/0/0/0/0/0/0/0/0/0,382.04/248.103/248.101/248.76/246.653/246.779/279.418/248.89/246.661/4092.51/4743.06/4990.46/5271.98/4307.87/4198.68/4701.65/4727.88/0/0/0/0/0/0/0/0/0/0/0/0/0/0/0/0/0/0/0/0/0/0/0/0/0/0/0/0/0/0/0/0/0/0/0/0/0/0/0/0/0/0/0/0/0/0/0/0/0/0/0/0/0/0/0/0/0/0/0/0/0/0/0/0/0/0/0/0/0/0/0/0/0/0/0/0/0/0/0/0/0/0/0/0/0/0/0/0/0/0/0/0/0/0/0/0/0/0/0/0/0/0/0/0/0/0/0/0/0/0/0/0/0/0/0/0/0/0/0/0/0/0/0/0/0/0/0/0/0/0/0/0/0/0/0/0/0/0/0/0/0/0/0/0/0/0/0/0/0/0/0/0/0/0/0/0/0/0/0/0/0/0/0/0/0/0/0/0/0/0/0/0/0/0/0/0/0/0/0/0/0/0/0/0/0/0/0/0/0/0/0/0/0/0/0/0/0/0/0/0/0/0/0/0/0/0/0/0/0/0/0/0/0/0/0/0/0/0/0/0/0/0/0/0/0/0/0/0/0/0/0/0/0/0/0/0/0/0/0/0/0/0/0/0/0/0/0/0/0/0/0/0/0/0/0/0/0/0/0,,,8637,2.0040273955777793e-11,3.373828125000001e-11,-2.0222737015498196e-06,-1.5456133833838048,0,0.0,32226,6.935101674147166e-11,1.2588281250000005e-10,1.607718979186905e-06,3.8204017998503924e-07,6.187184335382292e-07,4.1147260309782624e-06,1,1,nan,0.42910434968232475,26,17/16/13/12/11/10/14/13/15/17/16/7/6/3/12/1/17/2/17/4/5/8/9/10/14/15,25,4216.2,1.0,,,2.6486289622839785e-09,,,,,,,,,,,,,,1,24350,49,521640025.2028645,172167437.36430264,3.0298413752833255,2,-445740554.37171,-259236439.635567,-469438926.15149,-124701.245376,-30502054.563369,-372826.500911,-434545444.140806,-16348001.155551,11139,2755486.38211,11930540.241086,53692413.177451,76348025.284305,-176161828.993922,-169763312.953676,-1.2871,1.3559,-0.3357,0.37,0.0063,0.2214,3.2938,0.4517,0.0137,0.4107,0.8171,0.4565,616,6163,19256,,,
660,6.1107996e-05,5502.78,5.141289118816265e-08,1.1603198242187506e-16,8.968017578125003e-18,276,17,17,16,17/16/13/12/11/7/6/3/1/2/4/5/8/9/10/14/15,0,92,3,0.140137/0.289307/0.346191/0.388184/0.271729/0.332031/0.0930176/0.34668/0.265869/0.352783/1.2832/1.22339/1.15015/1.0022/0.451172/0.40332/0.628662/0/0/0/0/0/0/0/0/0/0/0/0/0/0/0/0/0/0/0/0/0/0/0/0/0/0/0/0/0/0/0/0/0/0/0/0/0/0/0/0/0/0/0/0/0/0/0/0/0/0/0/0/0/0/0/0/0/0/0/0/0/0/0/0/0/0/0/0/0/0/0/0/0/0/0/0/0/0/0/0/0/0/0/0/0/0/0/0/0/0/0/0/0/0/0/0/0/0/0/0/0/0/0/0/0/0/0/0/0/0/0/0/0/0/0/0/0/0/0/0/0/0/0/0/0/0/0/0/0/0/0/0/0/0/0/0/0/0/0/0/0/0/0/0/0/0/0/0/0/0/0/0/0/0/0/0/0/0/0/0/0/0/0/0/0/0/0/0/0/0/0/0/0/0/0/0/0/0/0/0/0/0/0/0/0/0/0/0/0/0/0/0/0/0/0/0/0/0/0/0/0/0/0/0/0/0/0/0/0/0/0/0/0/0/0/0/0/0/0/0/0/0/0/0/0/0/0/0/0/0/0/0/0/0/0/0/0/0/0/0/0/0/0/0/0/0/0/0/0/0/0/0/0/0/0/0/0/0/0,383.473/248.101/248.101/248.76/246.653/246.779/279.418/248.89/246.661/4092.51/4743.06/4990.46/5271.98/4307.87/4198.68/4701.65/4727.88/0/0/0/0/0/0/0/0/0/0/0/0/0/0/0/0/0/0/0/0/0/0/0/0/0/0/0/0/0/0/0/0/0/0/0/0/0/0/0/0/0/0/0/0/0/0/0/0/0/0/0/0/0/0/0/0/0/0/0/0/0/0/0/0/0/0/0/0/0/0/0/0/0/0/0/0/0/0/0/0/0/0/0/0/0/0/0/0/0/0/0/0/0/0/0/0/0/0/0/0/0/0/0/0/0/0/0/0/0/0/0/0/0/0/0/0/0/0/0/0/0/0/0/0/0/0/0/0/0/0/0/0/0/0/0/0/0/0/0/0/0/0/0/0/0/0/0/0/0/0/0/0/0/0/0/0/0/0/0/0/0/0/0/0/0/0/0/0/0/0/0/0/0/0/0/0/0/0/0/0/0/0/0/0/0/0/0/0/0/0/0/0/0/0/0/0/0/0/0/0/0/0/0/0/0/0/0/0/0/0/0/0/0/0/0/0/0/0/0/0/0/0/0/0/0/0/0/0/0/0/0/0/0/0/0/0/0/0/0/0/0/0/0/0/0/0/0/0/0/0/0/0/0/0/0/0/0/0/0,,,8601,1.9952998280546904e-11,3.3597656250000014e-11,-2.021809119950684e-06,-1.5381800777976349,0,0.0,32014,6.8976700273618e-11,1.2505468750000004e-10,1.6079589089103871e-06,3.8347344354511475e-07,6.187184335382292e-07,4.1147260309782624e-06,1,1,nan,0.42796790394836204,26,17/16/13/12/11/10/14/13/15/17/16/7/6/3/12/1/17/2/17/4/5/8/9/10/14/15,25,4219.9,1.0,,,2.624965948308441e-09,,,,,,,,,,,,,,1,23861,45,520258506.7406423,170008935.04151577,3.060183316915646,2,-444654660.607139,-249325455.869883,-470762512.91327,-111894.116133,-24022650.708403,-353474.455061,-432920151.576204,-11479430.139315,11127,3476618.924609,15610775.17457,76636400.097997,74432266.57365,-175483543.418801,-165967670.909155,-1.0962,1.1927,-0.3057,0.3453,0.0061,0.2122,2.8331,0.4202,0.0135,0.4199,0.8199,0.4506,593,6146,18884,,,
680,6.1107996e-05,5620.74,5.141289118816265e-08,1.1612011718750005e-16,8.879882812500005e-18,276,17,17,16,17/16/13/12/11/7/6/3/1/2/4/5/8/9/10/14/15,0,105,3,0.140381/0.288574/0.345947/0.387451/0.270996/0.331055/0.0864258/0.345947/0.264648/0.352295/1.28784/1.22705/1.15088/0.994385/0.414307/0.396729/0.594971/0/0/0/0/0/0/0/0/0/0/0/0/0/0/0/0/0/0/0/0/0/0/0/0/0/0/0/0/0/0/0/0/0/0/0/0/0/0/0/0/0/0/0/0/0/0/0/0/0/0/0/0/0/0/0/0/0/0/0/0/0/0/0/0/0/0/0/0/0/0/0/0/0/0/0/0/0/0/0/0/0/0/0/0/0/0/0/0/0/0/0/0/0/0/0/0/0/0/0/0/0/0/0/0/0/0/0/0/0/0/0/0/0/0/0/0/0/0/0/0/0/0/0/0/0/0/0/0/0/0/0/0/0/0/0/0/0/0/0/0/0/0/0/0/0/0/0/0/0/0/0/0/0/0/0/0/0/0/0/0/0/0/0/0/0/0/0/0/0/0/0/0/0/0/0/0/0/0/0/0/0/0/0/0/0/0/0/0/0/0/0/0/0/0/0/0/0/0/0/0/0/0/0/0/0/0/0/0/0/0/0/0/0/0/0/0/0/0/0/0/0/0/0/0/0/0/0/0/0/0/0/0/0/0/0/0/0/0/0/0/0/0/0/0/0/0/0/0/0/0/0/0/0/0/0/0/0/0/0,383.482/248.101/248.101/248.76/246.664/246.779/279.418/248.89/246.661/4092.51/4743.06/4990.46/5271.98/4307.87/4198.68/4701.65/4727.88/0/0/0/0/0/0/0/0/0/0/0/0/0/0/0/0/0/0/0/0/0/0/0/0/0/0/0/0/0/0/0/0/0/0/0/0/0/0/0/0/0/0/0/0/0/0/0/0/0/0/0/0/0/0/0/0/0/0/0/0/0/0/0/0/0/0/0/0/0/0/0/0/0/0/0/0/0/0/0/0/0/0/0/0/0/0/0/0/0/0/0/0/0/0/0/0/0/0/0/0/0/0/0/0/0/0/0/0/0/0/0/0/0/0/0/0/0/0/0/0/0/0/0/0/0/0/0/0/0/0/0/0/0/0/0/0/0/0/0/0/0/0/0/0/0/0/0/0/0/0/0/0/0/0/0/0/0/0/0/0/0/0/0/0/0/0/0/0/0/0/0/0/0/0/0/0/0/0/0/0/0/0/0/0/0/0/0/0/0/0/0/0/0/0/0/0/0/0/0/0/0/0/0/0/0/0/0/0/0/0/0/0/0/0/0/0/0/0/0/0/0/0/0/0/0/0/0/0/0/0/0/0/0/0/0/0/0/0/0/0/0/0/0/0/0/0/0/0/0/0/0/0/0/0/0/0/0/0/0,,,8564,1.9862675398857263e-11,3.345312500000001e-11,-2.0218985833118247e-06,-1.5396114915758872,0,0.0,31896,6.875165787898807e-11,1.2459375000000004e-10,1.6079458512538694e-06,3.834816266766341e-07,6.187184335382292e-07,4.1147260309782624e-06,1,1,nan,0.4272443989768117,26,17/16/13/12/11/10/14/13/15/17/16/7/6/3/12/1/17/2/17/4/5/8/9/10/14/15,25,4223.2,1.0,,,2.603330743708286e-09,,,,,,,,,,,,,,1,23405,45,519378979.064278,166885993.88377115,3.1121783618702175,2,-444818493.564518,-239395161.250512,-472078871.978872,-104532.772693,-18208463.058287,-337543.608635,-431891442.605043,-8453571.674069,11177,3874887.106333,19572887.663699,78310136.097955,78395107.714878,-175552881.867508,-161601362.722251,-0.9665,1.0568,-0.2681,0.3151,0.0058,0.2035,2.5848,0.3833,0.0131,0.4076,0.8196,0.4432,552,6149,18511,,,
700,6.1107996e-05,5745.98,5.141289118816265e-08,1.1618725585937506e-16,8.812744140625004e-18,276,17,17,16,17/16/13/12/11/7/6/3/1/2/4/5/8/9/10/14/15,0,105,3,0.140381/0.28833/0.345947/0.387207/0.270508/0.330322/0.081543/0.344482/0.263672/0.351807/1.29395/1.229/1.1543/0.989014/0.384766/0.393555/0.563965/0/0/0/0/0/0/0/0/0/0/0/0/0/0/0/0/0/0/0/0/0/0/0/0/0/0/0/0/0/0/0/0/0/0/0/0/0/0/0/0/0/0/0/0/0/0/0/0/0/0/0/0/0/0/0/0/0/0/0/0/0/0/0/0/0/0/0/0/0/0/0/0/0/0/0/0/0/0/0/0/0/0/0/0/0/0/0/0/0/0/0/0/0/0/0/0/0/0/0/0/0/0/0/0/0/0/0/0/0/0/0/0/0/0/0/0/0/0/0/0/0/0/0/0/0/0/0/0/0/0/0/0/0/0/0/0/0/0/0/0/0/0/0/0/0/0/0/0/0/0/0/0/0/0/0/0/0/0/0/0/0/0/0/0/0/0/0/0/0/0/0/0/0/0/0/0/0/0/0/0/0/0/0/0/0/0/0/0/0/0/0/0/0/0/0/0/0/0/0/0/0/0/0/0/0/0/0/0/0/0/0/0/0/0/0/0/0/0/0/0/0/0/0/0/0/0/0/0/0/0/0/0/0/0/0/0/0/0/0/0/0/0/0/0/0/0/0/0/0/0/0/0/0/0/0/0/0/0/0,383.482/248.101/248.099/248.76/246.664/246.779/279.418/248.89/246.661/4092.51/4743.06/4990.46/5271.98/4307.87/4193.56/4701.65/4727.88/0/0/0/0/0/0/0/0/0/0/0/0/0/0/0/0/0/0/0/0/0/0/0/0/0/0/0/0/0/0/0/0/0/0/0/0/0/0/0/0/0/0/0/0/0/0/0/0/0/0/0/0/0/0/0/0/0/0/0/0/0/0/0/0/0/0/0/0/0/0/0/0/0/0/0/0/0/0/0/0/0/0/0/0/0/0/0/0/0/0/0/0/0/0/0/0/0/0/0/0/0/0/0/0/0/0/0/0/0/0/0/0/0/0/0/0/0/0/0/0/0/0/0/0/0/0/0/0/0/0/0/0/0/0/0/0/0/0/0/0/0/0/0/0/0/0/0/0/0/0/0/0/0/0/0/0/0/0/0/0/0/0/0/0/0/0/0/0/0/0/0/0/0/0/0/0/0/0/0/0/0/0/0/0/0/0/0/0/0/0/0/0/0/0/0/0/0/0/0/0/0/0/0/0/0/0/0/0/0/0/0/0/0/0/0/0/0/0/0/0/0/0/0/0/0/0/0/0/0/0/0/0/0/0/0/0/0/0/0/0/0/0/0/0/0/0/0/0/0/0/0/0/0/0/0/0/0/0/0,1-2:0.371481/1-3:0.371481/2-4:1.36317/2-16:0.0442973/2-17:0.0797727/3-6:1.63446/4-5:1.60003/4-13:0.0278332/4-16:0.135169/4-17:0.00650357/5-8:1.05122/5-13:0.0983746/5-16:0.00518499/6-7:1.28863/8-9:1.48774/8-11:0.0213296/8-12:0.178557/8-13:0.00864161/9-10:0.999514/9-11:0.127436/9-12:0.00691323/10-11:0.559269/10-14:1.44995/11-12:2.10736/12-13:1.62013/13-16:1.53813/14-15:0.00304708/16-17:1.62054,1-2:-28.483/1-3:-33.918/2-4:-24.543/2-16:-24.364/2-17:-25.374/3-6:-37.853/4-5:-20.552/4-13:-20.337/4-16:-21.537/4-17:-23.29/5-8:-16.605/5-13:-18.427/5-16:-19.949/6-7:-41.817/8-9:-12.612/8-11:-12.45/8-12:-14.018/8-13:-15.326/9-10:-8.6429/9-11:-10.182/9-12:-11.257/10-11:-10.159/10-14:-4.8828/11-12:-53.625/12-13:-56.551/13-16:-57.198/14-15:1.056/16-17:-50.593,8542,1.9806189829877077e-11,3.336718750000001e-11,-2.0215240326252263e-06,-1.5336186805903131,0,0.0,31786,6.86090205512512e-11,1.2416406250000004e-10,1.6073712205725833e-06,3.834816266766341e-07,6.187184335382292e-07,4.084046757576796e-06,1,1,nan,0.4264830109193107,26,17/16/13/12/11/10/14/13/15/17/16/7/6/3/12/1/17/2/17/4/5/8/9/10/14/15,25,4224.7,1.0,,,2.5839218380429265e-09,5,17/1/1/1/1,1/1/1/1/1,1,1,1/0/0/0/0/0/0/0/0/0/0/0,1.0,17/1/1/1/1,6038/4197/4210/2524/4210,7399/3799/5370/3317/6835,6983/4154/4243/4198/4198,17/1/1/1/1,25/3/3/2/4,1,23045,43,518453398.8742892,165529023.97554642,3.1320996549274662,2,-455029339.683576,-231640087.415398,-473889520.548498,-102248.468556,-13757386.756759,-322629.080882,-428153460.351039,-6568424.699275,11188,3350345.057686,22743132.873007,42806891.948152,82819706.718455,-175425672.614615,-158479123.452451,-1.0689,1.1444,-0.2366,0.29,0.0056,0.193,2.957,0.3527,0.0128,0.3859,0.8199,0.4366,539,6153,18236,3378.5,618.7,395.3
720,7.1292662e-05,6013.62,4.875630719935003e-08,1.1433837890625005e-16,1.0661621093750004e-17,276,18,18,17,17/16/13/12/11/7/6/3/1/2/4/5/8/9/10/14/15/18,0,107,3,0.140137/0.287109/0.345215/0.386963/0.269531/0.32959/0.0769043/0.343506/0.262695/0.903076/1.31152/1.23022/1.15796/1.72754/0.269531/0.391357/0.533203/0.695557/0/0/0/0/0/0/0/0/0/0/0/0/0/0/0/0/0/0/0/0/0/0/0/0/0/0/0/0/0/0/0/0/0/0/0/0/0/0/0/0/0/0/0/0/0/0/0/0/0/0/0/0/0/0/0/0/0/0/0/0/0/0/0/0/0/0/0/0/0/0/0/0/0/0/0/0/0/0/0/0/0/0/0/0/0/0/0/0/0/0/0/0/0/0/0/0/0/0/0/0/0/0/0/0/0/0/0/0/0/0/0/0/0/0/0/0/0/0/0/0/0/0/0/0/0/0/0/0/0/0/0/0/0/0/0/0/0/0/0/0/0/0/0/0/0/0/0/0/0/0/0/0/0/0/0/0/0/0/0/0/0/0/0/0/0/0/0/0/0/0/0/0/0/0/0/0/0/0/0/0/0/0/0/0/0/0/0/0/0/0/0/0/0/0/0/0/0/0/0/0/0/0/0/0/0/0/0/0/0/0/0/0/0/0/0/0/0/0/0/0/0/0/0/0/0/0/0/0/0/0/0/0/0/0/0/0/0/0/0/0/0/0/0/0/0/0/0/0/0/0/0/0/0/0/0/0/0/0,383.482/248.101/248.099/248.76/246.664/246.779/279.418/248.89/246.661/4480.3/4748.16/4990.45/5271.98/4740.23/4152.81/4701.65/4727.88/4206.68/0/0/0/0/0/0/0/0/0/0/0/0/0/0/0/0/0/0/0/0/0/0/0/0/0/0/0/0/0/0/0/0/0/0/0/0/0/0/0/0/0/0/0/0/0/0/0/0/0/0/0/0/0/0/0/0/0/0/0/0/0/0/0/0/0/0/0/0/0/0/0/0/0/0/0/0/0/0/0/0/0/0/0/0/0/0/0/0/0/0/0/0/0/0/0/0/0/0/0/0/0/0/0/0/0/0/0/0/0/0/0/0/0/0/0/0/0/0/0/0/0/0/0/0/0/0/0/0/0/0/0/0/0/0/0/0/0/0/0/0/0/0/0/0/0/0/0/0/0/0/0/0/0/0/0/0/0/0/0/0/0/0/0/0/0/0/0/0/0/0/0/0/0/0/0/0/0/0/0/0/0/0/0/0/0/0/0/0/0/0/0/0/0/0/0/0/0/0/0/0/0/0/0/0/0/0/0/0/0/0/0/0/0/0/0/0/0/0/0/0/0/0/0/0/0/0/0/0/0/0/0/0/0/0/0/0/0/0/0/0/0/0/0/0/0/0/0/0/0/0/0/0/0/0/0/0/0/0,,,9417,2.1708814162615584e-11,3.6785156250000016e-11,-1.8646165063700764e-06,0.9769017394920857,0,0.0,38082,8.234427581419733e-11,1.4875781250000006e-10,1.6637997369343438e-06,2.26814572928928e-06,6.187184335382292e-07,4.099386394277529e-06,1,1,nan,0.40538976459398945,28,17/16/13/12/11/14/10/14/10/15/18/17/16/7/6/3/12/1/17/2/4/5/8/9/10/14/15/18,27,4079.2,1.0,,,3.0690831377713954e-09,,,,,,,,,,,,,,1,29848,38,519663234.20536065,175836841.5575523,2.955371750323849,2,-434206268.56698,-250277335.099315,-459279776.611481,-117798.939978,-9262628.653195,-285673.288586,-428323131.254097,-684662.591308,13075,14842763.062463,39160797.176016,99688793.15506,153818699.843254,-175546636.92341,-152275116.718162,-1.0835,1.3642,-0.2655,0.3553,0.0058,0.1995,3.0911,0.4332,0.0118,0.4404,0.8185,0.493,688,7795,22142,,,
740,7.1292662e-05,6127.45,4.875630719935003e-08,1.1444458007812504e-16,1.0555419921875004e-17,276,18,18,17,17/16/13/12/11/7/6/3/1/2/4/5/8/9/10/14/15/18,0,113,3,0.140137/0.286133/0.344971/0.386719/0.267822/0.327637/0.074707/0.343018/0.260742/0.895752/1.32739/1.23413/1.16284/1.71265/0.248535/0.390137/0.501465/0.650635/0/0/0/0/0/0/0/0/0/0/0/0/0/0/0/0/0/0/0/0/0/0/0/0/0/0/0/0/0/0/0/0/0/0/0/0/0/0/0/0/0/0/0/0/0/0/0/0/0/0/0/0/0/0/0/0/0/0/0/0/0/0/0/0/0/0/0/0/0/0/0/0/0/0/0/0/0/0/0/0/0/0/0/0/0/0/0/0/0/0/0/0/0/0/0/0/0/0/0/0/0/0/0/0/0/0/0/0/0/0/0/0/0/0/0/0/0/0/0/0/0/0/0/0/0/0/0/0/0/0/0/0/0/0/0/0/0/0/0/0/0/0/0/0/0/0/0/0/0/0/0/0/0/0/0/0/0/0/0/0/0/0/0/0/0/0/0/0/0/0/0/0/0/0/0/0/0/0/0/0/0/0/0/0/0/0/0/0/0/0/0/0/0/0/0/0/0/0/0/0/0/0/0/0/0/0/0/0/0/0/0/0/0/0/0/0/0/0/0/0/0/0/0/0/0/0/0/0/0/0/0/0/0/0/0/0/0/0/0/0/0/0/0/0/0/0/0/0/0/0/0/0/0/0/0/0/0/0,383.482/248.101/248.099/248.76/246.664/246.779/279.418/248.89/246.661/4480.3/4756.82/4990.45/5271.98/4740.23/4128.83/4685.66/4727.88/4211.78/0/0/0/0/0/0/0/0/0/0/0/0/0/0/0/0/0/0/0/0/0/0/0/0/0/0/0/0/0/0/0/0/0/0/0/0/0/0/0/0/0/0/0/0/0/0/0/0/0/0/0/0/0/0/0/0/0/0/0/0/0/0/0/0/0/0/0/0/0/0/0/0/0/0/0/0/0/0/0/0/0/0/0/0/0/0/0/0/0/0/0/0/0/0/0/0/0/0/0/0/0/0/0/0/0/0/0/0/0/0/0/0/0/0/0/0/0/0/0/0/0/0/0/0/0/0/0/0/0/0/0/0/0/0/0/0/0/0/0/0/0/0/0/0/0/0/0/0/0/0/0/0/0/0/0/0/0/0/0/0/0/0/0/0/0/0/0/0/0/0/0/0/0/0/0/0/0/0/0/0/0/0/0/0/0/0/0/0/0/0/0/0/0/0/0/0/0/0/0/0/0/0/0/0/0/0/0/0/0/0/0/0/0/0/0/0/0/0/0/0/0/0/0/0/0/0/0/0/0/0/0/0/0/0/0/0/0/0/0/0/0/0/0/0/0/0/0/0/0/0/0/0/0/0/0/0/0/0,,,9361,2.1576421772095408e-11,3.6566406250000014e-11,-1.8658323629363505e-06,0.9574480344316993,0,0.0,37846,8.195222227600337e-11,1.4783593750000005e-10,1.6628279804777067e-06,2.2561536109909055e-06,6.187184335382292e-07,4.099386394277529e-06,1,1,nan,0.4043654004595408,27,17/16/13/12/11/14/10/14/10/15/18/17/16/7/6/3/12/1/2/4/5/8/9/10/14/15/18,26,4084.2,1.0,,,3.039403633272665e-09,,,,,,,,,,,,,,1,29610,38,518350116.742603,173972316.26865453,2.979497703198637,2,-443955662.908585,-239726007.892603,-459564739.861658,-112468.805353,-4346703.755592,-262409.115066,-422382000.454947,-458952.060284,13125,11640260.153218,40848413.56686,140385746.193593,155770827.259181,-177400953.880439,-150625406.611503,-0.9185,1.1516,-0.2316,0.3282,0.0056,0.188,2.8644,0.402,0.0115,0.4009,0.8144,0.4892,641,7706,21787,,,
760,7.1292662e-05,6239.39,4.875630719935003e-08,1.1452978515625005e-16,1.0470214843750005e-17,276,18,18,17,17/16/13/12/11/7/6/3/1/2/4/5/8/9/10/14/15/18,0,114,3,0.139893/0.285645/0.345215/0.386475/0.266846/0.326904/0.0710449/0.343262/0.26001/0.890381/1.34253/1.2373/1.16748/1.70288/0.235596/0.388916/0.478027/0.601807/0/0/0/0/0/0/0/0/0/0/0/0/0/0/0/0/0/0/0/0/0/0/0/0/0/0/0/0/0/0/0/0/0/0/0/0/0/0/0/0/0/0/0/0/0/0/0/0/0/0/0/0/0/0/0/0/0/0/0/0/0/0/0/0/0/0/0/0/0/0/0/0/0/0/0/0/0/0/0/0/0/0/0/0/0/0/0/0/0/0/0/0/0/0/0/0/0/0/0/0/0/0/0/0/0/0/0/0/0/0/0/0/0/0/0/0/0/0/0/0/0/0/0/0/0/0/0/0/0/0/0/0/0/0/0/0/0/0/0/0/0/0/0/0/0/0/0/0/0/0/0/0/0/0/0/0/0/0/0/0/0/0/0/0/0/0/0/0/0/0/0/0/0/0/0/0/0/0/0/0/0/0/0/0/0/0/0/0/0/0/0/0/0/0/0/0/0/0/0/0/0/0/0/0/0/0/0/0/0/0/0/0/0/0/0/0/0/0/0/0/0/0/0/0/0/0/0/0/0/0/0/0/0/0/0/0/0/0/0/0/0/0/0/0/0/0/0/0/0/0/0/0/0/0/0/0/0/0,383.482/247.442/249.664/248.76/246.664/246.779/279.418/248.89/246.661/4479.52/4756.82/4990.45/5271.98/4733.68/4128.83/4685.66/4727.88/4210.34/0/0/0/0/0/0/0/0/0/0/0/0/0/0/0/0/0/0/0/0/0/0/0/0/0/0/0/0/0/0/0/0/0/0/0/0/0/0/0/0/0/0/0/0/0/0/0/0/0/0/0/0/0/0/0/0/0/0/0/0/0/0/0/0/0/0/0/0/0/0/0/0/0/0/0/0/0/0/0/0/0/0/0/0/0/0/0/0/0/0/0/0/0/0/0/0/0/0/0/0/0/0/0/0/0/0/0/0/0/0/0/0/0/0/0/0/0/0/0/0/0/0/0/0/0/0/0/0/0/0/0/0/0/0/0/0/0/0/0/0/0/0/0/0/0/0/0/0/0/0/0/0/0/0/0/0/0/0/0/0/0/0/0/0/0/0/0/0/0/0/0/0/0/0/0/0/0/0/0/0/0/0/0/0/0/0/0/0/0/0/0/0/0/0/0/0/0/0/0/0/0/0/0/0/0/0/0/0/0/0/0/0/0/0/0/0/0/0/0/0/0/0/0/0/0/0/0/0/0/0/0/0/0/0/0/0/0/0/0/0/0/0/0/0/0/0/0/0/0/0/0/0/0/0/0/0/0/0,,,9330,2.1496468741868946e-11,3.644531250000001e-11,-1.8642289366268336e-06,0.9831028553839699,0,0.0,37644,8.161101681925328e-11,1.4704687500000006e-10,1.661473748254151e-06,2.2561536109909055e-06,6.187184335382292e-07,4.099386394277529e-06,1,1,nan,0.4032521145965291,27,17/16/13/12/11/14/10/14/10/15/18/17/16/7/6/3/12/1/2/4/5/8/9/10/14/15/18,26,4088.9,1.0,,,3.0137721650375193e-09,,,,,,,,,,,,,,1,29441,32,516923011.8112607,172707503.76845652,2.993054734346013,2,-451531257.601154,-233958076.309978,-460626222.662171,-99962.672544,-1563018.325649,-248520.567855,-418903139.196915,-373452.056173,13096,11188802.610872,42087203.604287,111298131.898956,152532864.034809,-177626243.956792,-149561785.177562,-0.8357,1.0568,-0.2127,0.3144,0.0055,0.1788,2.7281,0.3851,0.0113,0.3862,0.8144,0.4859,637,7688,21486,,,
780,7.1292662e-05,6345.0,4.875630719935003e-08,1.1458886718750006e-16,1.0411132812500005e-17,276,18,18,17,17/16/13/12/11/7/6/3/1/2/4/5/8/9/10/14/15/18,0,117,3,0.139648/0.285645/0.344482/0.385742/0.266113/0.325439/0.0688477/0.343018/0.259766/0.886963/1.35767/1.2395/1.1709/1.69482/0.229004/0.387207/0.456299/0.570068/0/0/0/0/0/0/0/0/0/0/0/0/0/0/0/0/0/0/0/0/0/0/0/0/0/0/0/0/0/0/0/0/0/0/0/0/0/0/0/0/0/0/0/0/0/0/0/0/0/0/0/0/0/0/0/0/0/0/0/0/0/0/0/0/0/0/0/0/0/0/0/0/0/0/0/0/0/0/0/0/0/0/0/0/0/0/0/0/0/0/0/0/0/0/0/0/0/0/0/0/0/0/0/0/0/0/0/0/0/0/0/0/0/0/0/0/0/0/0/0/0/0/0/0/0/0/0/0/0/0/0/0/0/0/0/0/0/0/0/0/0/0/0/0/0/0/0/0/0/0/0/0/0/0/0/0/0/0/0/0/0/0/0/0/0/0/0/0/0/0/0/0/0/0/0/0/0/0/0/0/0/0/0/0/0/0/0/0/0/0/0/0/0/0/0/0/0/0/0/0/0/0/0/0/0/0/0/0/0/0/0/0/0/0/0/0/0/0/0/0/0/0/0/0/0/0/0/0/0/0/0/0/0/0/0/0/0/0/0/0/0/0/0/0/0/0/0/0/0/0/0/0/0/0/0/0/0/0,383.482/247.442/249.664/248.76/246.664/246.779/279.418/248.89/246.661/4479.52/4756.82/4990.45/5271.98/4733.68/4128.83/4685.66/4727.88/4210.34/0/0/0/0/0/0/0/0/0/0/0/0/0/0/0/0/0/0/0/0/0/0/0/0/0/0/0/0/0/0/0/0/0/0/0/0/0/0/0/0/0/0/0/0/0/0/0/0/0/0/0/0/0/0/0/0/0/0/0/0/0/0/0/0/0/0/0/0/0/0/0/0/0/0/0/0/0/0/0/0/0/0/0/0/0/0/0/0/0/0/0/0/0/0/0/0/0/0/0/0/0/0/0/0/0/0/0/0/0/0/0/0/0/0/0/0/0/0/0/0/0/0/0/0/0/0/0/0/0/0/0/0/0/0/0/0/0/0/0/0/0/0/0/0/0/0/0/0/0/0/0/0/0/0/0/0/0/0/0/0/0/0/0/0/0/0/0/0/0/0/0/0/0/0/0/0/0/0/0/0/0/0/0/0/0/0/0/0/0/0/0/0/0/0/0/0/0/0/0/0/0/0/0/0/0/0/0/0/0/0/0/0/0/0/0/0/0/0/0/0/0/0/0/0/0/0/0/0/0/0/0/0/0/0/0/0/0/0/0/0/0/0/0/0/0/0/0/0/0/0/0/0/0/0/0/0/0/0,,,9318,2.1454628846481897e-11,3.639843750000001e-11,-1.859705710923609e-06,1.0554744666355624,0,0.0,37540,8.150248413466766e-11,1.4664062500000007e-10,1.6623360974937638e-06,2.2561536109909055e-06,6.187184335382292e-07,4.099386394277529e-06,1,1,nan,0.4035807282095787,27,17/16/13/12/11/14/10/14/10/15/18/17/16/7/6/3/12/1/2/4/5/8/9/10/14/15/18,26,4092.6,1.0,,,2.9906226049135262e-09,,,,,,,,,,,,,,1,29285,38,517344256.81514555,171889569.81420225,3.0097478129379804,2,-459829020.16585,-228519790.338342,-461175550.107274,-103357.987569,-251988.646744,-237145.831485,-414057266.962079,-341800.816048,13293,9411474.928009,42678574.484172,151250343.381044,144562310.799228,-179023060.307021,-148628572.699826,-0.8513,1.0776,-0.1916,0.297,0.0053,0.1742,2.8631,0.3652,0.011,0.3752,0.811,0.4825,629,7593,21143,,,
800,7.1292662e-05,6483.57,4.875630719935003e-08,1.1464990234375004e-16,1.0350097656250005e-17,276,18,18,17,17/16/13/12/11/7/6/3/1/2/4/5/8/9/10/14/15/18,0,121,3,0.138916/0.286133/0.34375/0.38501/0.265625/0.324951/0.067627/0.342285/0.258545/0.882324/1.36987/1.24341/1.17798/1.68311/0.225342/0.385742/0.435303/0.53418/0/0/0/0/0/0/0/0/0/0/0/0/0/0/0/0/0/0/0/0/0/0/0/0/0/0/0/0/0/0/0/0/0/0/0/0/0/0/0/0/0/0/0/0/0/0/0/0/0/0/0/0/0/0/0/0/0/0/0/0/0/0/0/0/0/0/0/0/0/0/0/0/0/0/0/0/0/0/0/0/0/0/0/0/0/0/0/0/0/0/0/0/0/0/0/0/0/0/0/0/0/0/0/0/0/0/0/0/0/0/0/0/0/0/0/0/0/0/0/0/0/0/0/0/0/0/0/0/0/0/0/0/0/0/0/0/0/0/0/0/0/0/0/0/0/0/0/0/0/0/0/0/0/0/0/0/0/0/0/0/0/0/0/0/0/0/0/0/0/0/0/0/0/0/0/0/0/0/0/0/0/0/0/0/0/0/0/0/0/0/0/0/0/0/0/0/0/0/0/0/0/0/0/0/0/0/0/0/0/0/0/0/0/0/0/0/0/0/0/0/0/0/0/0/0/0/0/0/0/0/0/0/0/0/0/0/0/0/0/0/0/0/0/0/0/0/0/0/0/0/0/0/0/0/0/0/0/0,383.482/264.124/249.664/248.76/246.653/246.779/279.418/248.89/246.661/4479.52/4756.82/4989.01/5271.98/4738.78/4128.83/4685.66/4727.88/4210.34/0/0/0/0/0/0/0/0/0/0/0/0/0/0/0/0/0/0/0/0/0/0/0/0/0/0/0/0/0/0/0/0/0/0/0/0/0/0/0/0/0/0/0/0/0/0/0/0/0/0/0/0/0/0/0/0/0/0/0/0/0/0/0/0/0/0/0/0/0/0/0/0/0/0/0/0/0/0/0/0/0/0/0/0/0/0/0/0/0/0/0/0/0/0/0/0/0/0/0/0/0/0/0/0/0/0/0/0/0/0/0/0/0/0/0/0/0/0/0/0/0/0/0/0/0/0/0/0/0/0/0/0/0/0/0/0/0/0/0/0/0/0/0/0/0/0/0/0/0/0/0/0/0/0/0/0/0/0/0/0/0/0/0/0/0/0/0/0/0/0/0/0/0/0/0/0/0/0/0/0/0/0/0/0/0/0/0/0/0/0/0/0/0/0/0/0/0/0/0/0/0/0/0/0/0/0/0/0/0/0/0/0/0/0/0/0/0/0/0/0/0/0/0/0/0/0/0/0/0/0/0/0/0/0/0/0/0/0/0/0/0/0/0/0/0/0/0/0/0/0/0/0/0/0/0/0/0/0,1-2:0.371481/1-3:0.371481/2-4:1.3523/2-16:0.0425689/2-17:0.0745879/3-6:1.60622/4-5:1.58307/4-13:0.0278332/4-16:0.135169/4-17:0.00650357/5-8:1.04777/5-13:0.0966463/5-16:0.00518499/6-7:1.24293/8-9:1.46641/8-11:0.0213296/8-12:0.180285/8-13:0.00691323/9-10:0.977365/9-11:0.127436/9-12:0.00691323/10-11:0.759843/10-14:1.67067/11-12:2.10127/11-14:0.0410699/12-13:1.60012/13-16:1.50816/15-18:1.38714/16-17:1.56333,1-2:-28.483/1-3:-33.918/2-4:-24.544/2-16:-24.364/2-17:-25.441/3-6:-37.854/4-5:-20.552/4-13:-20.337/4-16:-21.537/4-17:-23.29/5-8:-16.606/5-13:-18.346/5-16:-19.949/6-7:-41.823/8-9:-12.612/8-11:-12.45/8-12:-13.973/8-13:-15.472/9-10:-8.6411/9-11:-10.182/9-12:-11.257/10-11:-6.7902/10-14:-3.8938/11-12:-53.72/11-14:-21.865/12-13:-56.613/13-16:-57.014/15-18:-8.9771/16-17:-50.478,9292,2.138199897270557e-11,3.629687500000001e-11,-1.8620557598505327e-06,1.017873683804784,0,0.0,37474,8.149655491022354e-11,1.4638281250000006e-10,1.6623022096498416e-06,2.2561536109909055e-06,6.187184335382292e-07,4.099386394277529e-06,1,1,nan,0.40469564620398785,27,17/16/13/12/11/14/10/14/10/15/18/17/16/7/6/3/12/1/2/4/5/8/9/10/14/15/18,26,4098.0,1.0,,,2.96963576035823e-09,5,16/1/1/1/2,1/1/1/1/1,1,1,1/0/0/0/0/0/0/0/0/0/0/0,1.0,16/1/1/1/2,5807/4207/4202/4210/4420,7399/3799/5370/6835/3983,6983/4198/4243/4287/619,16/1/1/1/2,25/3/3/4/4,1,29113,35,518773453.95195216,169328415.3984148,3.0637117387021195,2,-463005227.449621,-223049123.599312,-461191826.645969,-101181.617955,-185206.41091,-228892.761763,-409271004.534716,-319162.145089,13464,7393755.866234,43162822.100511,149349083.823638,146744303.903397,-181321155.072608,-148121119.639674,-0.8609,1.0472,-0.1727,0.2807,0.0052,0.1726,2.8394,0.3458,0.0108,0.3676,0.8093,0.48,623,7518,20803,3141.2,618.7,417.7
820,8.1477328e-05,6728.98,4.6360773959283e-08,1.1262817382812506e-16,1.2371826171875005e-17,276,19,19,18,19/17/16/13/12/11/7/6/3/1/2/4/5/8/9/10/14/15/18,0,120,3,0.138916/0.285889/0.343506/0.384277/0.264648/0.32373/0.0651855/0.342041/0.258301/0.884277/1.32861/1.25293/1.18848/1.62988/0.220703/1.16016/1.09717/0.500488/0.702637/0/0/0/0/0/0/0/0/0/0/0/0/0/0/0/0/0/0/0/0/0/0/0/0/0/0/0/0/0/0/0/0/0/0/0/0/0/0/0/0/0/0/0/0/0/0/0/0/0/0/0/0/0/0/0/0/0/0/0/0/0/0/0/0/0/0/0/0/0/0/0/0/0/0/0/0/0/0/0/0/0/0/0/0/0/0/0/0/0/0/0/0/0/0/0/0/0/0/0/0/0/0/0/0/0/0/0/0/0/0/0/0/0/0/0/0/0/0/0/0/0/0/0/0/0/0/0/0/0/0/0/0/0/0/0/0/0/0/0/0/0/0/0/0/0/0/0/0/0/0/0/0/0/0/0/0/0/0/0/0/0/0/0/0/0/0/0/0/0/0/0/0/0/0/0/0/0/0/0/0/0/0/0/0/0/0/0/0/0/0/0/0/0/0/0/0/0/0/0/0/0/0/0/0/0/0/0/0/0/0/0/0/0/0/0/0/0/0/0/0/0/0/0/0/0/0/0/0/0/0/0/0/0/0/0/0/0/0/0/0/0/0/0/0/0/0/0/0/0/0/0/0/0/0/0/0/0,383.482/264.124/249.664/248.76/246.653/246.779/279.418/248.89/246.661/4494.06/4756.82/5005/5286.53/4738.78/4127.38/5522.3/5763.27/4210.34/4727.87/0/0/0/0/0/0/0/0/0/0/0/0/0/0/0/0/0/0/0/0/0/0/0/0/0/0/0/0/0/0/0/0/0/0/0/0/0/0/0/0/0/0/0/0/0/0/0/0/0/0/0/0/0/0/0/0/0/0/0/0/0/0/0/0/0/0/0/0/0/0/0/0/0/0/0/0/0/0/0/0/0/0/0/0/0/0/0/0/0/0/0/0/0/0/0/0/0/0/0/0/0/0/0/0/0/0/0/0/0/0/0/0/0/0/0/0/0/0/0/0/0/0/0/0/0/0/0/0/0/0/0/0/0/0/0/0/0/0/0/0/0/0/0/0/0/0/0/0/0/0/0/0/0/0/0/0/0/0/0/0/0/0/0/0/0/0/0/0/0/0/0/0/0/0/0/0/0/0/0/0/0/0/0/0/0/0/0/0/0/0/0/0/0/0/0/0/0/0/0/0/0/0/0/0/0/0/0/0/0/0/0/0/0/0/0/0/0/0/0/0/0/0/0/0/0/0/0/0/0/0/0/0/0/0/0/0/0/0/0/0/0/0/0/0/0/0/0/0/0/0/0/0/0/0/0/0/0,,,10268,2.339852256700418e-11,4.010937500000002e-11,-1.8317733036866157e-06,1.5023929824274562,0,0.0,44268,9.648812977249188e-11,1.7292187500000006e-10,1.6982242841984567e-06,4.127382102830702e-06,6.187184335382292e-07,4.1147260309782624e-06,1,1,nan,0.3754137452548858,30,19/17/16/13/12/11/14/10/14/17/15/19/18/17/16/7/6/3/12/1/19/2/4/5/8/9/10/14/15/18,29,4319.6,1.0,,,3.378268558444559e-09,,,,,,,,,,,,,,1,34498,40,506103696.6086327,191429522.85828504,2.6438121406346524,2,-431887899.484853,-232359241.466024,-426056637.228877,-91355.655006,-104459.388066,-191350.649782,-391722410.670586,-225491.353572,15489,27877078.06633,62923444.350756,149943583.881268,167596405.527024,-170288385.692418,-138319133.357662,-0.7374,1.1852,-0.1578,0.3057,0.0047,0.1832,2.696,0.3875,0.0088,0.4386,0.7866,0.5408,773,9233,25198,,,
840,8.1477328e-05,6847.33,4.6360773959283e-08,1.1267114257812504e-16,1.2328857421875005e-17,276,19,19,18,19/17/16/13/12/11/7/6/3/1/2/4/5/8/9/10/14/15/18,0,126,3,0.138916/0.286621/0.342773/0.383301/0.263428/0.322754/0.0634766/0.341309/0.25708/0.881836/1.33813/1.25952/1.20044/1.62231/0.216309/1.17847/1.09741/0.472168/0.662598/0/0/0/0/0/0/0/0/0/0/0/0/0/0/0/0/0/0/0/0/0/0/0/0/0/0/0/0/0/0/0/0/0/0/0/0/0/0/0/0/0/0/0/0/0/0/0/0/0/0/0/0/0/0/0/0/0/0/0/0/0/0/0/0/0/0/0/0/0/0/0/0/0/0/0/0/0/0/0/0/0/0/0/0/0/0/0/0/0/0/0/0/0/0/0/0/0/0/0/0/0/0/0/0/0/0/0/0/0/0/0/0/0/0/0/0/0/0/0/0/0/0/0/0/0/0/0/0/0/0/0/0/0/0/0/0/0/0/0/0/0/0/0/0/0/0/0/0/0/0/0/0/0/0/0/0/0/0/0/0/0/0/0/0/0/0/0/0/0/0/0/0/0/0/0/0/0/0/0/0/0/0/0/0/0/0/0/0/0/0/0/0/0/0/0/0/0/0/0/0/0/0/0/0/0/0/0/0/0/0/0/0/0/0/0/0/0/0/0/0/0/0/0/0/0/0/0/0/0/0/0/0/0/0/0/0/0/0/0/0/0/0/0/0/0/0/0/0/0/0/0/0/0/0/0/0/0,383.482/264.124/249.664/248.76/246.653/246.779/279.418/248.89/246.661/4494.06/4756.82/5080.74/5286.53/4738.78/4120.83/5522.3/5777.81/4208.89/4727.87/0/0/0/0/0/0/0/0/0/0/0/0/0/0/0/0/0/0/0/0/0/0/0/0/0/0/0/0/0/0/0/0/0/0/0/0/0/0/0/0/0/0/0/0/0/0/0/0/0/0/0/0/0/0/0/0/0/0/0/0/0/0/0/0/0/0/0/0/0/0/0/0/0/0/0/0/0/0/0/0/0/0/0/0/0/0/0/0/0/0/0/0/0/0/0/0/0/0/0/0/0/0/0/0/0/0/0/0/0/0/0/0/0/0/0/0/0/0/0/0/0/0/0/0/0/0/0/0/0/0/0/0/0/0/0/0/0/0/0/0/0/0/0/0/0/0/0/0/0/0/0/0/0/0/0/0/0/0/0/0/0/0/0/0/0/0/0/0/0/0/0/0/0/0/0/0/0/0/0/0/0/0/0/0/0/0/0/0/0/0/0/0/0/0/0/0/0/0/0/0/0/0/0/0/0/0/0/0/0/0/0/0/0/0/0/0/0/0/0/0/0/0/0/0/0/0/0/0/0/0/0/0/0/0/0/0/0/0/0/0/0/0/0/0/0/0/0/0/0/0/0/0/0/0/0/0/0,,,10244,2.3326710747450547e-11,4.0015625000000015e-11,-1.8305567265760314e-06,1.521858216196806,0,0.0,44206,9.654714196474812e-11,1.7267968750000007e-10,1.6995215710119656e-06,4.120829485917674e-06,6.187184335382292e-07,4.1147260309782624e-06,1,1,nan,0.37499321406205066,30,19/17/16/13/12/11/14/10/14/17/15/19/18/17/16/7/6/3/12/1/19/2/4/5/8/9/10/14/15/18,29,4319.0,1.0,,,3.353224421212048e-09,,,,,,,,,,,,,,1,34280,46,505536769.0682237,184814011.0657404,2.7353811875680716,2,-426503754.870695,-227544751.859065,-426270995.637405,-88739.786344,-87083.700447,-183830.559929,-375092025.535975,-199380.589712,15636,22915290.1327,63479118.7808,170210960.253933,180324509.972563,-175853708.321207,-137791690.304171,-0.675,1.1058,-0.1378,0.2881,0.0046,0.1737,2.4752,0.3658,0.0086,0.4456,0.7851,0.5386,772,9169,24929,,,
860,8.1477328e-05,6964.96,4.6360773959283e-08,1.1270019531250005e-16,1.2299804687500005e-17,276,19,19,18,19/17/16/13/12/11/7/6/3/1/2/4/5/8/9/10/14/15/18,0,128,3,0.138428/0.287598/0.342285/0.383301/0.262939/0.322266/0.0625/0.34082/0.256348/0.881592/1.34863/1.27002/1.20801/1.61548/0.212158/1.19263/1.10864/0.438477/0.627686/0/0/0/0/0/0/0/0/0/0/0/0/0/0/0/0/0/0/0/0/0/0/0/0/0/0/0/0/0/0/0/0/0/0/0/0/0/0/0/0/0/0/0/0/0/0/0/0/0/0/0/0/0/0/0/0/0/0/0/0/0/0/0/0/0/0/0/0/0/0/0/0/0/0/0/0/0/0/0/0/0/0/0/0/0/0/0/0/0/0/0/0/0/0/0/0/0/0/0/0/0/0/0/0/0/0/0/0/0/0/0/0/0/0/0/0/0/0/0/0/0/0/0/0/0/0/0/0/0/0/0/0/0/0/0/0/0/0/0/0/0/0/0/0/0/0/0/0/0/0/0/0/0/0/0/0/0/0/0/0/0/0/0/0/0/0/0/0/0/0/0/0/0/0/0/0/0/0/0/0/0/0/0/0/0/0/0/0/0/0/0/0/0/0/0/0/0/0/0/0/0/0/0/0/0/0/0/0/0/0/0/0/0/0/0/0/0/0/0/0/0/0/0/0/0/0/0/0/0/0/0/0/0/0/0/0/0/0/0/0/0/0/0/0/0/0/0/0/0/0/0/0/0/0/0/0/0,383.482/264.124/249.664/248.76/246.653/246.779/279.418/248.89/246.661/4494.06/4756.82/5080.74/5286.53/4742.33/4120.83/5522.3/5777.81/4208.89/4727.87/0/0/0/0/0/0/0/0/0/0/0/0/0/0/0/0/0/0/0/0/0/0/0/0/0/0/0/0/0/0/0/0/0/0/0/0/0/0/0/0/0/0/0/0/0/0/0/0/0/0/0/0/0/0/0/0/0/0/0/0/0/0/0/0/0/0/0/0/0/0/0/0/0/0/0/0/0/0/0/0/0/0/0/0/0/0/0/0/0/0/0/0/0/0/0/0/0/0/0/0/0/0/0/0/0/0/0/0/0/0/0/0/0/0/0/0/0/0/0/0/0/0/0/0/0/0/0/0/0/0/0/0/0/0/0/0/0/0/0/0/0/0/0/0/0/0/0/0/0/0/0/0/0/0/0/0/0/0/0/0/0/0/0/0/0/0/0/0/0/0/0/0/0/0/0/0/0/0/0/0/0/0/0/0/0/0/0/0/0/0/0/0/0/0/0/0/0/0/0/0/0/0/0/0/0/0/0/0/0/0/0/0/0/0/0/0/0/0/0/0/0/0/0/0/0/0/0/0/0/0/0/0/0/0/0/0/0/0/0/0/0/0/0/0/0/0/0/0/0/0/0/0/0/0/0/0/0,,,10220,2.3253580861114643e-11,3.992187500000001e-11,-1.826258852074189e-06,1.5906242082262823,0,0.0,44232,9.672395460618419e-11,1.7278125000000006e-10,1.6991628242842638e-06,4.120829485917674e-06,6.187184335382292e-07,4.1147260309782624e-06,1,1,nan,0.37444182749436367,31,19/17/16/13/12/11/14/10/14/16/17/15/19/18/17/16/7/6/3/12/1/19/2/4/5/8/9/10/14/15/18,30,4320.4,1.0,,,3.3311069517650934e-09,,,,,,,,,,,,,,1,34127,45,504793432.4597645,183468829.3891627,2.7513852578686704,2,-415067674.611918,-223504015.175508,-425003896.434547,-82819.442211,-74259.884816,-180187.353662,-357255477.620804,-185347.13746,15854,29873511.80663,64811907.274662,164832376.113888,175519206.072487,-170061521.11839,-136615518.572352,-0.4832,0.9458,-0.1177,0.2727,0.0045,0.1709,2.1385,0.348,0.0083,0.441,0.781,0.5348,796,9132,24609,,,
880,8.1477328e-05,7079.26,4.6360773959283e-08,1.1275097656250005e-16,1.2249023437500005e-17,276,19,19,18,19/17/16/13/12/11/7/6/3/1/2/4/5/8/9/10/14/15/18,0,130,4,0.137939/0.287598/0.341553/0.382813/0.262695/0.321533/0.0612793/0.339844/0.255615/0.880127/1.35352/1.27734/1.21753/1.60864/0.210205/1.20044/1.1123/0.40625/0.591797/0/0/0/0/0/0/0/0/0/0/0/0/0/0/0/0/0/0/0/0/0/0/0/0/0/0/0/0/0/0/0/0/0/0/0/0/0/0/0/0/0/0/0/0/0/0/0/0/0/0/0/0/0/0/0/0/0/0/0/0/0/0/0/0/0/0/0/0/0/0/0/0/0/0/0/0/0/0/0/0/0/0/0/0/0/0/0/0/0/0/0/0/0/0/0/0/0/0/0/0/0/0/0/0/0/0/0/0/0/0/0/0/0/0/0/0/0/0/0/0/0/0/0/0/0/0/0/0/0/0/0/0/0/0/0/0/0/0/0/0/0/0/0/0/0/0/0/0/0/0/0/0/0/0/0/0/0/0/0/0/0/0/0/0/0/0/0/0/0/0/0/0/0/0/0/0/0/0/0/0/0/0/0/0/0/0/0/0/0/0/0/0/0/0/0/0/0/0/0/0/0/0/0/0/0/0/0/0/0/0/0/0/0/0/0/0/0/0/0/0/0/0/0/0/0/0/0/0/0/0/0/0/0/0/0/0/0/0/0/0/0/0/0/0/0/0/0/0/0/0/0/0/0/0/0/0/0,383.482/264.124/251.11/248.76/246.653/246.779/279.418/248.886/246.661/4494.06/4756.82/5080.74/5286.53/4742.33/4120.83/5522.3/5777.81/4208.89/4727.87/0/0/0/0/0/0/0/0/0/0/0/0/0/0/0/0/0/0/0/0/0/0/0/0/0/0/0/0/0/0/0/0/0/0/0/0/0/0/0/0/0/0/0/0/0/0/0/0/0/0/0/0/0/0/0/0/0/0/0/0/0/0/0/0/0/0/0/0/0/0/0/0/0/0/0/0/0/0/0/0/0/0/0/0/0/0/0/0/0/0/0/0/0/0/0/0/0/0/0/0/0/0/0/0/0/0/0/0/0/0/0/0/0/0/0/0/0/0/0/0/0/0/0/0/0/0/0/0/0/0/0/0/0/0/0/0/0/0/0/0/0/0/0/0/0/0/0/0/0/0/0/0/0/0/0/0/0/0/0/0/0/0/0/0/0/0/0/0/0/0/0/0/0/0/0/0/0/0/0/0/0/0/0/0/0/0/0/0/0/0/0/0/0/0/0/0/0/0/0/0/0/0/0/0/0/0/0/0/0/0/0/0/0/0/0/0/0/0/0/0/0/0/0/0/0/0/0/0/0/0/0/0/0/0/0/0/0/0/0/0/0/0/0/0/0/0/0/0/0/0/0/0/0/0/0/0/0,,,10205,2.3199962317756772e-11,3.986328125000002e-11,-1.8256462778336496e-06,1.600425396074914,0,0.0,44146,9.665708227545631e-11,1.7244531250000007e-10,1.698872183537711e-06,4.120829485917674e-06,6.187184335382292e-07,4.1147260309782624e-06,1,1,nan,0.3737650630320994,31,19/17/16/13/12/11/14/10/14/16/17/15/19/18/17/16/7/6/3/12/1/19/2/4/5/8/9/10/14/15/18,30,4322.1,1.0,,,3.3109776243896893e-09,,,,,,,,,,,,,,1,22148,53,503881071.09736216,181507815.6875342,2.776084705712032,3,-420087729.288453,-219175634.7507,-421229179.154253,-79207.282719,-64038.651018,-177696.03044,-348798144.197007,-174358.794396,16016,25573591.226911,65215962.467585,135631926.227243,181932310.494077,-173274113.863208,-135723693.344306,-0.5872,0.9592,-0.0971,0.2545,0.0043,0.1622,2.2227,0.3257,0.0081,0.4302,0.7788,0.5332,781,9039,24351,,,
900,8.1477328e-05,7208.05,4.6360773959283e-08,1.1278662109375005e-16,1.2213378906250005e-17,276,19,19,18,19/17/16/13/12/11/7/6/3/1/2/4/5/8/9/10/14/15/18,0,132,4,0.137207/0.287354/0.341797/0.382568/0.261963/0.320313/0.060791/0.339355/0.25415/0.878418/1.35962/1.28174/1.22925/1.60889/0.20874/1.20874/1.11499/0.377441/0.560059/0/0/0/0/0/0/0/0/0/0/0/0/0/0/0/0/0/0/0/0/0/0/0/0/0/0/0/0/0/0/0/0/0/0/0/0/0/0/0/0/0/0/0/0/0/0/0/0/0/0/0/0/0/0/0/0/0/0/0/0/0/0/0/0/0/0/0/0/0/0/0/0/0/0/0/0/0/0/0/0/0/0/0/0/0/0/0/0/0/0/0/0/0/0/0/0/0/0/0/0/0/0/0/0/0/0/0/0/0/0/0/0/0/0/0/0/0/0/0/0/0/0/0/0/0/0/0/0/0/0/0/0/0/0/0/0/0/0/0/0/0/0/0/0/0/0/0/0/0/0/0/0/0/0/0/0/0/0/0/0/0/0/0/0/0/0/0/0/0/0/0/0/0/0/0/0/0/0/0/0/0/0/0/0/0/0/0/0/0/0/0/0/0/0/0/0/0/0/0/0/0/0/0/0/0/0/0/0/0/0/0/0/0/0/0/0/0/0/0/0/0/0/0/0/0/0/0/0/0/0/0/0/0/0/0/0/0/0/0/0/0/0/0/0/0/0/0/0/0/0/0/0/0/0/0/0/0,383.482/264.124/251.11/248.76/246.653/246.779/279.418/248.886/246.661/4494.06/4756.82/5080.74/5286.53/4742.33/4120.83/5522.3/5777.81/4208.89/4727.87/0/0/0/0/0/0/0/0/0/0/0/0/0/0/0/0/0/0/0/0/0/0/0/0/0/0/0/0/0/0/0/0/0/0/0/0/0/0/0/0/0/0/0/0/0/0/0/0/0/0/0/0/0/0/0/0/0/0/0/0/0/0/0/0/0/0/0/0/0/0/0/0/0/0/0/0/0/0/0/0/0/0/0/0/0/0/0/0/0/0/0/0/0/0/0/0/0/0/0/0/0/0/0/0/0/0/0/0/0/0/0/0/0/0/0/0/0/0/0/0/0/0/0/0/0/0/0/0/0/0/0/0/0/0/0/0/0/0/0/0/0/0/0/0/0/0/0/0/0/0/0/0/0/0/0/0/0/0/0/0/0/0/0/0/0/0/0/0/0/0/0/0/0/0/0/0/0/0/0/0/0/0/0/0/0/0/0/0/0/0/0/0/0/0/0/0/0/0/0/0/0/0/0/0/0/0/0/0/0/0/0/0/0/0/0/0/0/0/0/0/0/0/0/0/0/0/0/0/0/0/0/0/0/0/0/0/0/0/0/0/0/0/0/0/0/0/0/0/0/0/0/0/0/0/0/0/0,1-2:0.371481/1-3:0.371481/2-4:1.3393/2-16:0.0425689/2-17:0.0702219/2-19:0.021649/3-6:1.57797/4-5:1.56479/4-13:0.026105/4-16:0.135169/4-17:0.00650357/5-8:1.03822/5-13:0.0983746/5-16:0.00518499/6-7:1.20332/8-9:1.44204/8-11:0.0213296/8-12:0.183742/8-13:0.00691323/9-10:0.970452/9-11:0.121342/9-12:0.00691323/10-11:0.817696/10-14:1.58199/11-12:2.09649/11-14:0.14345/11-16:0.381319/12-13:1.60144/13-16:1.48256/14-17:0.36699/15-18:1.29559/16-17:1.53072/17-19:1.18189,1-2:-28.483/1-3:-33.911/2-4:-24.547/2-16:-24.364/2-17:-25.265/2-19:-26.839/3-6:-37.855/4-5:-20.553/4-13:-20.337/4-16:-21.537/4-17:-23.29/5-8:-16.606/5-13:-18.422/5-16:-19.949/6-7:-41.827/8-9:-12.612/8-11:-12.45/8-12:-13.943/8-13:-15.472/9-10:-8.6401/9-11:-10.182/9-12:-11.257/10-11:-6.1939/10-14:-3.8905/11-12:-53.677/11-14:-12.869/11-16:-0.0038103/12-13:-56.618/13-16:-57.333/14-17:-5.5914/15-18:-8.4394/16-17:-50.564/17-19:-47.914,10170,2.3105183688823585e-11,3.972656250000002e-11,-1.8249593930988975e-06,1.6114155518309472,0,0.0,44110,9.665025189110709e-11,1.7230468750000006e-10,1.699134194480452e-06,4.120829485917674e-06,6.187184335382292e-07,4.1147260309782624e-06,1,1,nan,0.3801316533644618,31,19/17/16/13/12/11/14/10/14/16/17/15/19/18/17/16/7/6/3/12/1/19/2/4/5/8/9/10/14/15/18,30,4321.8,1.0,,,3.292661080147717e-09,6,17/4/2/1/1/2,1/1/1/1/1/1,1,1,1/0/0/0/0/0/0/0/0/0/0/0,1.0,17/4/2/1/1/2,5856/4742/4239/4239/4239/4412,7900/4683/4049/6835/5370/3983,6983/5392/4685/4331/4331/619,17/3/2/1/1/2,23/5/4/4/3/4,1,21945,52,512464014.43049383,180113621.25675327,2.8452263124506985,1,-419352105.950672,-216299145.119716,-418734138.539216,-84308.255715,-58487.237952,-175647.260796,-335169196.097897,-162625.145855,16201,22337663.743764,65584928.598561,148875961.747834,203399439.425683,-174989074.946478,-135425120.51689,-0.5711,0.9694,-0.0799,0.2389,0.0042,0.1626,2.3046,0.3068,0.0079,0.4193,0.7756,0.5319,768,8900,24164,2926.5,662.9,436.6
920,9.1661994e-05,7452.05,4.4189615031262974e-08,1.1218408203125006e-16,1.2815917968750006e-17,276,19,21,20,19/17/16/13/12/11/7/7/6/3/1/2/4/5/8/9/10/14/7/15/18,0,135,3,0.136963/0.28833/0.341309/0.382324/0.261963/0.320068/0.793457/0.338379/0.253418/0.796143/1.37061/1.28857/1.2373/1.57935/0.201172/1.22656/1.12378/0.349609/0.526611/0/0/0/0/0/0/0/0/0/0/0/0/0/0/0/0/0/0/0/0/0/0/0/0/0/0/0/0/0/0/0/0/0/0/0/0/0/0/0/0/0/0/0/0/0/0/0/0/0/0/0/0/0/0/0/0/0/0/0/0/0/0/0/0/0/0/0/0/0/0/0/0/0/0/0/0/0/0/0/0/0/0/0/0/0/0/0/0/0/0/0/0/0/0/0/0/0/0/0/0/0/0/0/0/0/0/0/0/0/0/0/0/0/0/0/0/0/0/0/0/0/0/0/0/0/0/0/0/0/0/0/0/0/0/0/0/0/0/0/0/0/0/0/0/0/0/0/0/0/0/0/0/0/0/0/0/0/0/0/0/0/0/0/0/0/0/0/0/0/0/0/0/0/0/0/0/0/0/0/0/0/0/0/0/0/0/0/0/0/0/0/0/0/0/0/0/0/0/0/0/0/0/0/0/0/0/0/0/0/0/0/0/0/0/0/0/0/0/0/0/0/0/0/0/0/0/0/0/0/0/0/0/0/0/0/0/0/0/0/0/0/0/0/0/0/0/0/0/0/0/0/0/0/0/0/0/0,383.482/264.124/251.11/248.76/246.653/246.779/4210.35/248.886/246.661/4494.06/4756.82/5080.74/5252.32/4742.33/4093.18/5523.08/5777.81/4206.67/4727.87/0/0/0/0/0/0/0/0/0/0/0/0/0/0/0/0/0/0/0/0/0/0/0/0/0/0/0/0/0/0/0/0/0/0/0/0/0/0/0/0/0/0/0/0/0/0/0/0/0/0/0/0/0/0/0/0/0/0/0/0/0/0/0/0/0/0/0/0/0/0/0/0/0/0/0/0/0/0/0/0/0/0/0/0/0/0/0/0/0/0/0/0/0/0/0/0/0/0/0/0/0/0/0/0/0/0/0/0/0/0/0/0/0/0/0/0/0/0/0/0/0/0/0/0/0/0/0/0/0/0/0/0/0/0/0/0/0/0/0/0/0/0/0/0/0/0/0/0/0/0/0/0/0/0/0/0/0/0/0/0/0/0/0/0/0/0/0/0/0/0/0/0/0/0/0/0/0/0/0/0/0/0/0/0/0/0/0/0/0/0/0/0/0/0/0/0/0/0/0/0/0/0/0/0/0/0/0/0/0/0/0/0/0/0/0/0/0/0/0/0/0/0/0/0/0/0/0/0/0/0/0/0/0/0/0/0/0/0/0/0/0/0/0/0/0/0/0/0/0/0/0/0/0/0/0/0/0,,,10746,2.4244435425414077e-11,4.1976562500000016e-11,-1.785763365980626e-06,2.238551985723291,0,0.0,45476,9.981820571906605e-11,1.7764062500000006e-10,1.7125985704843519e-06,4.206668122331988e-06,7.071067811865483e-07,4.1147260309782624e-06,1,1,nan,0.3755173118779687,31,19/17/16/13/12/11/14/10/14/16/17/15/19/18/17/16/7/6/3/12/1/19/2/4/5/8/9/10/14/15/18,30,4304.7,1.0,,,3.5177484445057407e-09,,,,,,,,,,,,,,1,38467,40,531116461.9960768,188195081.04508355,2.8221591077018844,1,-422049998.689558,-220494573.310457,-440672105.215131,-72806.898411,-17978.388043,-148070.083432,-339862751.702074,-130131.649591,17099,37680527.549887,76216680.730068,178675576.342492,218276543.596456,-171688970.832242,-134610343.878248,-0.4705,1.0927,-0.0428,0.2276,0.0043,0.1631,2.4581,0.3072,0.0082,0.4433,0.7374,0.5278,803,9377,25215,,,
940,9.1661994e-05,7568.65,4.4189615031262974e-08,1.1220019531250004e-16,1.2799804687500006e-17,276,19,21,20,19/17/16/13/12/11/7/7/6/3/1/2/4/5/8/9/10/14/7/15/18,0,137,4,0.136963/0.288574/0.340088/0.381592/0.261719/0.319824/0.779785/0.338135/0.253174/0.797852/1.37646/1.29443/1.25049/1.58423/0.19873/1.23999/1.13403/0.325928/0.497803/0/0/0/0/0/0/0/0/0/0/0/0/0/0/0/0/0/0/0/0/0/0/0/0/0/0/0/0/0/0/0/0/0/0/0/0/0/0/0/0/0/0/0/0/0/0/0/0/0/0/0/0/0/0/0/0/0/0/0/0/0/0/0/0/0/0/0/0/0/0/0/0/0/0/0/0/0/0/0/0/0/0/0/0/0/0/0/0/0/0/0/0/0/0/0/0/0/0/0/0/0/0/0/0/0/0/0/0/0/0/0/0/0/0/0/0/0/0/0/0/0/0/0/0/0/0/0/0/0/0/0/0/0/0/0/0/0/0/0/0/0/0/0/0/0/0/0/0/0/0/0/0/0/0/0/0/0/0/0/0/0/0/0/0/0/0/0/0/0/0/0/0/0/0/0/0/0/0/0/0/0/0/0/0/0/0/0/0/0/0/0/0/0/0/0/0/0/0/0/0/0/0/0/0/0/0/0/0/0/0/0/0/0/0/0/0/0/0/0/0/0/0/0/0/0/0/0/0/0/0/0/0/0/0/0/0/0/0/0/0/0/0/0/0/0/0/0/0/0/0/0/0/0/0/0/0/0,383.482/264.124/251.11/248.76/246.653/246.779/4210.35/248.886/246.661/4494.07/4756.82/5080.74/5252.32/4742.33/4093.18/5523.08/5777.81/4206.67/4727.87/0/0/0/0/0/0/0/0/0/0/0/0/0/0/0/0/0/0/0/0/0/0/0/0/0/0/0/0/0/0/0/0/0/0/0/0/0/0/0/0/0/0/0/0/0/0/0/0/0/0/0/0/0/0/0/0/0/0/0/0/0/0/0/0/0/0/0/0/0/0/0/0/0/0/0/0/0/0/0/0/0/0/0/0/0/0/0/0/0/0/0/0/0/0/0/0/0/0/0/0/0/0/0/0/0/0/0/0/0/0/0/0/0/0/0/0/0/0/0/0/0/0/0/0/0/0/0/0/0/0/0/0/0/0/0/0/0/0/0/0/0/0/0/0/0/0/0/0/0/0/0/0/0/0/0/0/0/0/0/0/0/0/0/0/0/0/0/0/0/0/0/0/0/0/0/0/0/0/0/0/0/0/0/0/0/0/0/0/0/0/0/0/0/0/0/0/0/0/0/0/0/0/0/0/0/0/0/0/0/0/0/0/0/0/0/0/0/0/0/0/0/0/0/0/0/0/0/0/0/0/0/0/0/0/0/0/0/0/0/0/0/0/0/0/0/0/0/0/0/0/0/0/0/0/0/0/0,,,10719,2.4164801587603593e-11,4.187109375000002e-11,-1.7849261951035865e-06,2.2519467197559235,0,0.0,45554,1.0013500379514282e-10,1.7794531250000007e-10,1.7125617626253847e-06,4.206668122331988e-06,7.071067811865483e-07,4.1147260309782624e-06,1,1,nan,0.3817219657476727,32,19/17/16/13/12/11/14/10/14/16/17/15/19/18/17/16/13/7/6/3/12/1/19/2/4/5/8/9/10/14/15/18,31,4303.3,1.0,,,3.4999094385308778e-09,,,,,,,,,,,,,,1,38223,42,539892072.885245,186866218.31016156,2.8891903403809946,1,-412564891.772786,-218955829.453246,-438672664.824271,-61583.354465,-9513.390802,-141142.484719,-319212444.843228,-117007.949255,17452,39052887.457616,75068340.713442,182916118.297257,203673917.088888,-170109743.98779,-135775303.833679,-0.3515,1.0175,-0.0334,0.2158,0.0042,0.161,2.2791,0.2931,0.0081,0.4451,0.7326,0.5255,793,9155,25031,,,
960,0.000112031326,7717.75,4.040512482501092e-08,1.1012475585937505e-16,1.4875244140625007e-17,276,21,23,22,20/19/17/16/13/12/11/7/7/6/3/1/2/4/5/8/9/10/14/7/15/18/21,0,137,4,0.136963/0.292969/0.335693/0.381592/0.261719/0.319336/0.771729/0.337158/0.252441/0.803467/1.38647/1.30249/1.2644/1.58667/0.946045/1.25293/1.14355/0.261719/0.371826/0.739746/0.726318/0/0/0/0/0/0/0/0/0/0/0/0/0/0/0/0/0/0/0/0/0/0/0/0/0/0/0/0/0/0/0/0/0/0/0/0/0/0/0/0/0/0/0/0/0/0/0/0/0/0/0/0/0/0/0/0/0/0/0/0/0/0/0/0/0/0/0/0/0/0/0/0/0/0/0/0/0/0/0/0/0/0/0/0/0/0/0/0/0/0/0/0/0/0/0/0/0/0/0/0/0/0/0/0/0/0/0/0/0/0/0/0/0/0/0/0/0/0/0/0/0/0/0/0/0/0/0/0/0/0/0/0/0/0/0/0/0/0/0/0/0/0/0/0/0/0/0/0/0/0/0/0/0/0/0/0/0/0/0/0/0/0/0/0/0/0/0/0/0/0/0/0/0/0/0/0/0/0/0/0/0/0/0/0/0/0/0/0/0/0/0/0/0/0/0/0/0/0/0/0/0/0/0/0/0/0/0/0/0/0/0/0/0/0/0/0/0/0/0/0/0/0/0/0/0/0/0/0/0/0/0/0/0/0/0/0/0/0/0/0/0/0/0/0/0/0/0/0/0/0/0/0/0/0/0,383.482/264.124/251.11/248.76/246.653/246.779/4210.35/248.886/246.661/4494.07/4759.84/5080.75/5252.32/4742.33/4927.21/5523.08/5777.81/4143.37/4687.12/6202.08/4211.12/0/0/0/0/0/0/0/0/0/0/0/0/0/0/0/0/0/0/0/0/0/0/0/0/0/0/0/0/0/0/0/0/0/0/0/0/0/0/0/0/0/0/0/0/0/0/0/0/0/0/0/0/0/0/0/0/0/0/0/0/0/0/0/0/0/0/0/0/0/0/0/0/0/0/0/0/0/0/0/0/0/0/0/0/0/0/0/0/0/0/0/0/0/0/0/0/0/0/0/0/0/0/0/0/0/0/0/0/0/0/0/0/0/0/0/0/0/0/0/0/0/0/0/0/0/0/0/0/0/0/0/0/0/0/0/0/0/0/0/0/0/0/0/0/0/0/0/0/0/0/0/0/0/0/0/0/0/0/0/0/0/0/0/0/0/0/0/0/0/0/0/0/0/0/0/0/0/0/0/0/0/0/0/0/0/0/0/0/0/0/0/0/0/0/0/0/0/0/0/0/0/0/0/0/0/0/0/0/0/0/0/0/0/0/0/0/0/0/0/0/0/0/0/0/0/0/0/0/0/0/0/0/0/0/0/0/0/0/0/0/0/0/0/0/0/0/0/0/0/0/0/0/0/0/0,,,11987,2.7046011090720488e-11,4.682421875000002e-11,-1.761583297815095e-06,2.6254330763717872,0,0.0,51816,1.1346598137841817e-10,2.0240625000000007e-10,1.7160625401307531e-06,4.211124676008476e-06,1.237436867076458e-06,4.161777026810224e-06,1,1,nan,0.35377269035229963,36,20/19/17/16/13/12/11/15/10/14/16/17/20/15/19/18/21/7/13/7/7/6/3/12/20/19/2/4/5/8/9/10/14/15/18/21,35,4466.0,1.0,,,4.195736558718979e-09,,,,,,,,,,,,,,1,57239,47,547227443.1220682,204203627.53997493,2.6798125464981903,1,-447286740.228467,-239052779.929987,-455625107.23382,-70669.985192,-12573.330925,-111243.301401,-353154357.345964,-83182.869706,19632,57503316.69044,92100050.380198,207394180.651322,236981419.478007,-171974666.667085,-138420693.407339,-0.6897,1.501,-0.1048,0.3259,0.0047,0.1931,3.0773,0.4276,0.0087,0.487,0.7602,0.5425,961,10756,29595,,,
980,0.000112031326,7838.81,4.040512482501092e-08,1.1020312500000005e-16,1.4796875000000006e-17,276,21,23,22,20/19/17/16/13/12/11/7/7/6/3/1/2/4/5/8/9/10/14/7/15/18/21,0,136,5,0.136719/0.294922/0.335449/0.381348/0.261475/0.318359/0.766357/0.336426/0.252197/0.805664/1.39526/1.3103/1.27661/1.59912/0.931396/1.26147/1.15112/0.25/0.349854/0.711914/0.670898/0/0/0/0/0/0/0/0/0/0/0/0/0/0/0/0/0/0/0/0/0/0/0/0/0/0/0/0/0/0/0/0/0/0/0/0/0/0/0/0/0/0/0/0/0/0/0/0/0/0/0/0/0/0/0/0/0/0/0/0/0/0/0/0/0/0/0/0/0/0/0/0/0/0/0/0/0/0/0/0/0/0/0/0/0/0/0/0/0/0/0/0/0/0/0/0/0/0/0/0/0/0/0/0/0/0/0/0/0/0/0/0/0/0/0/0/0/0/0/0/0/0/0/0/0/0/0/0/0/0/0/0/0/0/0/0/0/0/0/0/0/0/0/0/0/0/0/0/0/0/0/0/0/0/0/0/0/0/0/0/0/0/0/0/0/0/0/0/0/0/0/0/0/0/0/0/0/0/0/0/0/0/0/0/0/0/0/0/0/0/0/0/0/0/0/0/0/0/0/0/0/0/0/0/0/0/0/0/0/0/0/0/0/0/0/0/0/0/0/0/0/0/0/0/0/0/0/0/0/0/0/0/0/0/0/0/0/0/0/0/0/0/0/0/0/0/0/0/0/0/0/0/0/0/0,383.482/264.124/251.11/248.76/246.653/246.779/4210.35/248.886/246.661/4494.07/4759.84/5080.75/5252.32/4742.33/4927.21/5523.08/5777.81/4143.37/4687.12/6202.08/4208.12/0/0/0/0/0/0/0/0/0/0/0/0/0/0/0/0/0/0/0/0/0/0/0/0/0/0/0/0/0/0/0/0/0/0/0/0/0/0/0/0/0/0/0/0/0/0/0/0/0/0/0/0/0/0/0/0/0/0/0/0/0/0/0/0/0/0/0/0/0/0/0/0/0/0/0/0/0/0/0/0/0/0/0/0/0/0/0/0/0/0/0/0/0/0/0/0/0/0/0/0/0/0/0/0/0/0/0/0/0/0/0/0/0/0/0/0/0/0/0/0/0/0/0/0/0/0/0/0/0/0/0/0/0/0/0/0/0/0/0/0/0/0/0/0/0/0/0/0/0/0/0/0/0/0/0/0/0/0/0/0/0/0/0/0/0/0/0/0/0/0/0/0/0/0/0/0/0/0/0/0/0/0/0/0/0/0/0/0/0/0/0/0/0/0/0/0/0/0/0/0/0/0/0/0/0/0/0/0/0/0/0/0/0/0/0/0/0/0/0/0/0/0/0/0/0/0/0/0/0/0/0/0/0/0/0/0/0/0/0/0/0/0/0/0/0/0/0/0/0/0/0/0/0/0/0,,,11920,2.68774644463423e-11,4.656250000000002e-11,-1.7568428855171258e-06,2.701279673139295,0,0.0,51730,1.135415349312503e-10,2.0207031250000008e-10,1.7163701928509141e-06,4.210346028993346e-06,1.237436867076458e-06,4.161777026810224e-06,1,1,nan,0.35760160587567075,34,20/19/17/16/13/12/11/15/10/14/16/17/20/15/18/21/16/7/7/6/3/12/20/19/2/4/5/8/9/10/14/15/18/21,33,4469.3,1.0,,,4.1604560457268945e-09,,,,,,,,,,,,,,1,56873,48,553150137.860597,201146687.87769958,2.7499838237302776,1,-447004665.81244,-236108480.948172,-451424652.921319,-54610.095739,-2438.637,-104402.931224,-332119164.245242,-73085.030057,19834,50579378.895159,90840233.187763,212031478.595399,236899328.660532,-178051687.309269,-139797745.761046,-0.3335,1.09,-0.0807,0.2994,0.0046,0.1759,2.3634,0.3952,0.0086,0.4601,0.7556,0.54,902,10543,29333,,,
1000,0.000112031326,7965.65,4.040512482501092e-08,1.1025537109375005e-16,1.4744628906250008e-17,276,21,23,22,20/19/17/16/13/12/11/7/7/6/3/1/2/4/5/8/9/10/14/7/15/18/21,0,136,5,0.136475/0.295898/0.335449/0.380615/0.260254/0.318115/0.763184/0.335938/0.251953/0.809326/1.40112/1.31812/1.28369/1.61304/0.919434/1.27393/1.16138/0.246582/0.335205/0.686035/0.618896/0/0/0/0/0/0/0/0/0/0/0/0/0/0/0/0/0/0/0/0/0/0/0/0/0/0/0/0/0/0/0/0/0/0/0/0/0/0/0/0/0/0/0/0/0/0/0/0/0/0/0/0/0/0/0/0/0/0/0/0/0/0/0/0/0/0/0/0/0/0/0/0/0/0/0/0/0/0/0/0/0/0/0/0/0/0/0/0/0/0/0/0/0/0/0/0/0/0/0/0/0/0/0/0/0/0/0/0/0/0/0/0/0/0/0/0/0/0/0/0/0/0/0/0/0/0/0/0/0/0/0/0/0/0/0/0/0/0/0/0/0/0/0/0/0/0/0/0/0/0/0/0/0/0/0/0/0/0/0/0/0/0/0/0/0/0/0/0/0/0/0/0/0/0/0/0/0/0/0/0/0/0/0/0/0/0/0/0/0/0/0/0/0/0/0/0/0/0/0/0/0/0/0/0/0/0/0/0/0/0/0/0/0/0/0/0/0/0/0/0/0/0/0/0/0/0/0/0/0/0/0/0/0/0/0/0/0/0/0/0/0/0/0/0/0/0/0/0/0/0/0/0/0/0/0,383.482/264.124/251.11/248.76/246.653/246.779/4212.57/248.886/246.661/4494.07/4759.84/5080.75/5252.32/4742.33/4927.21/5523.08/5777.81/4143.37/4664.57/6202.08/4208.12/0/0/0/0/0/0/0/0/0/0/0/0/0/0/0/0/0/0/0/0/0/0/0/0/0/0/0/0/0/0/0/0/0/0/0/0/0/0/0/0/0/0/0/0/0/0/0/0/0/0/0/0/0/0/0/0/0/0/0/0/0/0/0/0/0/0/0/0/0/0/0/0/0/0/0/0/0/0/0/0/0/0/0/0/0/0/0/0/0/0/0/0/0/0/0/0/0/0/0/0/0/0/0/0/0/0/0/0/0/0/0/0/0/0/0/0/0/0/0/0/0/0/0/0/0/0/0/0/0/0/0/0/0/0/0/0/0/0/0/0/0/0/0/0/0/0/0/0/0/0/0/0/0/0/0/0/0/0/0/0/0/0/0/0/0/0/0/0/0/0/0/0/0/0/0/0/0/0/0/0/0/0/0/0/0/0/0/0/0/0/0/0/0/0/0/0/0/0/0/0/0/0/0/0/0/0/0/0/0/0/0/0/0/0/0/0/0/0/0/0/0/0/0/0/0/0/0/0/0/0/0/0/0/0/0/0/0/0/0/0/0/0/0/0/0/0/0/0/0/0/0/0/0/0/0,1-2:0.371481/1-3:0.369753/2-4:1.32365/2-16:0.0425689/2-17:0.0702219/2-19:0.021649/3-6:1.56274/3-20:0.210527/4-5:1.55828/4-13:0.026105/4-16:0.135169/4-17:0.00650357/5-8:1.02125/5-13:0.0983746/5-16:0.00518499/6-7:1.18808/7-10:0.460729/7-14:0.354976/7-15:0.378486/8-9:1.42771/8-11:0.0213296/8-12:0.183742/8-13:0.00691323/9-10:0.966995/9-11:0.121342/9-12:0.00691323/10-11:0.892513/10-14:1.48557/11-12:2.0843/11-14:0.197527/11-15:0.0116886/11-16:0.399511/12-13:1.5732/13-16:1.45118/14-15:0.179744/14-17:0.368309/15-18:1.22173/16-17:1.51335/17-19:1.13364/18-21:0.953988/19-20:1.44722,1-2:-28.483/1-3:-33.911/2-4:-24.547/2-16:-24.364/2-17:-25.265/2-19:-26.839/3-6:-37.855/3-20:-35.968/4-5:-20.553/4-13:-20.337/4-16:-21.537/4-17:-23.29/5-8:-16.606/5-13:-18.422/5-16:-19.949/6-7:-41.827/7-10:-37.784/7-14:-3.1806/7-15:-3.8379/8-9:-12.612/8-11:-12.45/8-12:-13.943/8-13:-15.472/9-10:-8.6401/9-11:-10.182/9-12:-11.257/10-11:-5.6778/10-14:-3.9403/11-12:-53.677/11-14:-15.568/11-15:-72.32/11-16:0.011532/12-13:-56.26/13-16:-55.614/14-15:-0.38286/14-17:-5.5678/15-18:-8.1382/16-17:-50.648/17-19:-48.647/18-21:-6.5088/19-20:-40.896,11921,2.6854136252398408e-11,4.656640625000002e-11,-1.7493521220673068e-06,2.821131888336398,0,0.0,51614,1.1348611750070865e-10,2.0161718750000008e-10,1.7172128730197651e-06,4.21256612270007e-06,1.237436867076458e-06,4.161777026810224e-06,1,1,nan,0.3610287776264633,33,20/19/17/16/13/12/11/15/10/14/17/20/15/18/21/16/7/7/6/3/12/20/19/2/4/5/8/9/10/14/15/18/21,32,4473.3,1.0,,,4.131353105124107e-09,3,21/1/1,1/1/1,1,1,1/0/0/0/0/0/0/0/0/0/0/0,1.0,21/1/1,6954/4239/242,8401/5401/562,6983/4375/486,20/1/1,31/3/1,1,56621,49,558451401.8797579,199917211.78854358,2.7934133178610105,1,-439714621.75378,-236003964.788398,-448215695.289616,-50207.681514,-2726.443212,-97976.049837,-303580901.279343,-63539.288359,20054,51355593.673114,89443255.779415,214446593.409478,231257600.232956,-176537983.235752,-141339220.592297,-0.2959,1.0735,-0.069,0.2816,0.0045,0.1719,2.351,0.3745,0.0084,0.4555,0.7497,0.5378,922,10283,29146,2779.2,618.7,463.1
1020,0.000132400657,8201.37,3.721772198705095e-08,1.0964965820312505e-16,1.5350341796875005e-17,276,21,23,22,20/19/17/16/13/12/11/7/7/6/3/1/2/4/5/8/9/10/14/7/15/18/21,0,139,5,0.136475/0.296631/0.335205/0.380615/0.259033/0.316895/0.755859/0.335693/0.251953/0.813721/1.4082/1.32935/1.29443/1.61377/0.784912/1.28711/1.17334/0.242188/1.08521/0.667725/0.582031/0/0/0/0/0/0/0/0/0/0/0/0/0/0/0/0/0/0/0/0/0/0/0/0/0/0/0/0/0/0/0/0/0/0/0/0/0/0/0/0/0/0/0/0/0/0/0/0/0/0/0/0/0/0/0/0/0/0/0/0/0/0/0/0/0/0/0/0/0/0/0/0/0/0/0/0/0/0/0/0/0/0/0/0/0/0/0/0/0/0/0/0/0/0/0/0/0/0/0/0/0/0/0/0/0/0/0/0/0/0/0/0/0/0/0/0/0/0/0/0/0/0/0/0/0/0/0/0/0/0/0/0/0/0/0/0/0/0/0/0/0/0/0/0/0/0/0/0/0/0/0/0/0/0/0/0/0/0/0/0/0/0/0/0/0/0/0/0/0/0/0/0/0/0/0/0/0/0/0/0/0/0/0/0/0/0/0/0/0/0/0/0/0/0/0/0/0/0/0/0/0/0/0/0/0/0/0/0/0/0/0/0/0/0/0/0/0/0/0/0/0/0/0/0/0/0/0/0/0/0/0/0/0/0/0/0/0/0/0/0/0/0/0/0/0/0/0/0/0/0/0/0/0/0/0,383.482/264.124/251.11/248.76/246.653/246.779/4212.57/248.886/246.661/4494.07/4759.84/5080.75/5252.32/4742.33/4920.66/5529.63/5777.81/4143.37/5971.36/6202.08/4208.12/0/0/0/0/0/0/0/0/0/0/0/0/0/0/0/0/0/0/0/0/0/0/0/0/0/0/0/0/0/0/0/0/0/0/0/0/0/0/0/0/0/0/0/0/0/0/0/0/0/0/0/0/0/0/0/0/0/0/0/0/0/0/0/0/0/0/0/0/0/0/0/0/0/0/0/0/0/0/0/0/0/0/0/0/0/0/0/0/0/0/0/0/0/0/0/0/0/0/0/0/0/0/0/0/0/0/0/0/0/0/0/0/0/0/0/0/0/0/0/0/0/0/0/0/0/0/0/0/0/0/0/0/0/0/0/0/0/0/0/0/0/0/0/0/0/0/0/0/0/0/0/0/0/0/0/0/0/0/0/0/0/0/0/0/0/0/0/0/0/0/0/0/0/0/0/0/0/0/0/0/0/0/0/0/0/0/0/0/0/0/0/0/0/0/0/0/0/0/0/0/0/0/0/0/0/0/0/0/0/0/0/0/0/0/0/0/0/0/0/0/0/0/0/0/0/0/0/0/0/0/0/0/0/0/0/0/0/0/0/0/0/0/0/0/0/0/0/0/0/0/0/0/0/0/0,,,12391,2.7691497594409828e-11,4.840234375000002e-11,-1.713605325809142e-06,3.3930806284670365,0,0.0,53374,1.1771483412613989e-10,2.0849218750000007e-10,1.7232243002889754e-06,4.21256612270007e-06,1.237436867076458e-06,4.1147260309782624e-06,1,1,nan,0.33270122556440623,36,20/19/17/16/13/12/11/15/10/14/16/17/16/17/20/15/18/21/16/7/7/6/3/12/20/19/2/4/5/8/9/10/14/15/18/21,35,4464.0,1.0,,,4.28990970412258e-09,,,,,,,,,,,,,,1,59052,47,558707666.3372929,217957600.66069454,2.5633777608290935,1,-417674103.063879,-233489891.007548,-417946340.439294,-47409.593608,102876.247343,-75443.667427,-289521081.932551,-21414.406766,20882,76961695.282413,109653283.237558,230937671.749715,260443611.84979,-171872948.648833,-140761805.123636,-0.0806,1.0842,-0.014,0.2651,0.0043,0.161,2.3158,0.3643,0.0078,0.4672,0.7252,0.5518,1006,10673,30301,,,
1040,0.000152769989,8338.29,3.449643283398588e-08,1.0853442382812505e-16,1.6465576171875007e-17,276,22,22,21,20/19/17/16/13/12/11/7/7/6/3/1/2/4/5/8/9/10/7/15/18/21,0,140,5,0.135986/0.301025/0.334473/0.380615/0.258789/1.07983/0.75708/0.335205/0.250977/0.766113/1.16772/1.33936/1.30566/1.62793/0.785156/1.17407/1.18701/0.238525/1.08105/0.650391/0.549805/0/0/0/0/0/0/0/0/0/0/0/0/0/0/0/0/0/0/0/0/0/0/0/0/0/0/0/0/0/0/0/0/0/0/0/0/0/0/0/0/0/0/0/0/0/0/0/0/0/0/0/0/0/0/0/0/0/0/0/0/0/0/0/0/0/0/0/0/0/0/0/0/0/0/0/0/0/0/0/0/0/0/0/0/0/0/0/0/0/0/0/0/0/0/0/0/0/0/0/0/0/0/0/0/0/0/0/0/0/0/0/0/0/0/0/0/0/0/0/0/0/0/0/0/0/0/0/0/0/0/0/0/0/0/0/0/0/0/0/0/0/0/0/0/0/0/0/0/0/0/0/0/0/0/0/0/0/0/0/0/0/0/0/0/0/0/0/0/0/0/0/0/0/0/0/0/0/0/0/0/0/0/0/0/0/0/0/0/0/0/0/0/0/0/0/0/0/0/0/0/0/0/0/0/0/0/0/0/0/0/0/0/0/0/0/0/0/0/0/0/0/0/0/0/0/0/0/0/0/0/0/0/0/0/0/0/0/0/0.758789/0/0/0/0/0/0/0/0/0/0/0/0/0/0/0/0,383.482/291.086/251.11/248.76/246.653/4210.35/4214.01/248.886/246.661/4494.07/4759.84/5080.75/5252.32/4742.33/4920.66/5516.53/5777.81/4143.37/5985.91/6174.43/4206.67/0/0/0/0/0/0/0/0/0/0/0/0/0/0/0/0/0/0/0/0/0/0/0/0/0/0/0/0/0/0/0/0/0/0/0/0/0/0/0/0/0/0/0/0/0/0/0/0/0/0/0/0/0/0/0/0/0/0/0/0/0/0/0/0/0/0/0/0/0/0/0/0/0/0/0/0/0/0/0/0/0/0/0/0/0/0/0/0/0/0/0/0/0/0/0/0/0/0/0/0/0/0/0/0/0/0/0/0/0/0/0/0/0/0/0/0/0/0/0/0/0/0/0/0/0/0/0/0/0/0/0/0/0/0/0/0/0/0/0/0/0/0/0/0/0/0/0/0/0/0/0/0/0/0/0/0/0/0/0/0/0/0/0/0/0/0/0/0/0/0/0/0/0/0/0/0/0/0/0/0/0/0/0/0/0/0/0/0/0/0/0/0/0/0/0/0/0/0/0/0/0/0/0/0/0/0/0/0/0/0/0/0/0/0/0/0/0/0/0/0/0/0/0/0/0/0/0/0/0/0/0/0/0/0/0/0/0/0/4740.84/0/0/0/0/0/0/0/0/0/0/0/0/0/0/0/0,,,13026,2.8847000252914892e-11,5.088281250000002e-11,-1.7363816460876668e-06,3.028659504010639,64,1.5545120823939701e-13,57208,1.26366807761583e-10,2.234687500000001e-10,1.7369816857390892e-06,4.354036918965715e-06,1.4363106492851753e-06,4.155655337054504e-06,1,1,nan,0.3022400032104853,33,20/19/17/16/13/12/11/15/10/14/6/17/6/260/21/260/7/7/6/3/12/20/19/2/4/5/8/9/10/14/15/18/21,28,4414.7,1.0,,,4.4275925878322965e-09,,,,,,,,,,,,,,1,63558,51,547592856.6748765,244794686.98102075,2.23694747393489,1,-357821777.719505,-239305121.470577,-395138175.305561,-48187.844709,107470.174234,-29802.189663,-284292079.849622,6262.559952,21263,90127032.543315,121121231.850784,293992676.42476,258356079.719611,-171457891.145141,-149029650.571179,0.1115,0.981,0.0265,0.2388,0.0043,0.1543,2.2501,0.3446,0.0077,0.435,0.6898,0.5548,1085,10968,31013,,,
1060,0.000152769989,8441.75,3.449643283398588e-08,1.0845532226562504e-16,1.6544677734375008e-17,276,22,22,21,20/19/17/16/13/12/11/7/7/6/3/1/2/4/5/8/9/10/7/15/18/21,0,140,4,0.135986/0.305176/0.335449/0.380859/0.257813/1.08691/0.761475/0.334473/0.250244/0.770264/1.17407/1.35034/1.31958/1.64282/0.786621/1.18555/1.20068/0.236084/1.08154/0.637451/0.517334/0/0/0/0/0/0/0/0/0/0/0/0/0/0/0/0/0/0/0/0/0/0/0/0/0/0/0/0/0/0/0/0/0/0/0/0/0/0/0/0/0/0/0/0/0/0/0/0/0/0/0/0/0/0/0/0/0/0/0/0/0/0/0/0/0/0/0/0/0/0/0/0/0/0/0/0/0/0/0/0/0/0/0/0/0/0/0/0/0/0/0/0/0/0/0/0/0/0/0/0/0/0/0/0/0/0/0/0/0/0/0/0/0/0/0/0/0/0/0/0/0/0/0/0/0/0/0/0/0/0/0/0/0/0/0/0/0/0/0/0/0/0/0/0/0/0/0/0/0/0/0/0/0/0/0/0/0/0/0/0/0/0/0/0/0/0/0/0/0/0/0/0/0/0/0/0/0/0/0/0/0/0/0/0/0/0/0/0/0/0/0/0/0/0/0/0/0/0/0/0/0/0/0/0/0/0/0/0/0/0/0/0/0/0/0/0/0/0/0/0/0/0/0/0/0/0/0/0/0/0/0/0/0/0/0/0/0/0/0.793945/0/0/0/0/0/0/0/0/0/0/0/0/0/0/0/0,383.482/318.738/251.11/248.76/246.653/4224.11/4214.01/248.886/246.661/4494.07/4759.84/5080.75/5252.32/4742.34/4920.66/5516.53/5777.81/4143.37/5985.91/6174.43/4206.67/0/0/0/0/0/0/0/0/0/0/0/0/0/0/0/0/0/0/0/0/0/0/0/0/0/0/0/0/0/0/0/0/0/0/0/0/0/0/0/0/0/0/0/0/0/0/0/0/0/0/0/0/0/0/0/0/0/0/0/0/0/0/0/0/0/0/0/0/0/0/0/0/0/0/0/0/0/0/0/0/0/0/0/0/0/0/0/0/0/0/0/0/0/0/0/0/0/0/0/0/0/0/0/0/0/0/0/0/0/0/0/0/0/0/0/0/0/0/0/0/0/0/0/0/0/0/0/0/0/0/0/0/0/0/0/0/0/0/0/0/0/0/0/0/0/0/0/0/0/0/0/0/0/0/0/0/0/0/0/0/0/0/0/0/0/0/0/0/0/0/0/0/0/0/0/0/0/0/0/0/0/0/0/0/0/0/0/0/0/0/0/0/0/0/0/0/0/0/0/0/0/0/0/0/0/0/0/0/0/0/0/0/0/0/0/0/0/0/0/0/0/0/0/0/0/0/0/0/0/0/0/0/0/0/0/0/0/0/4768.5/0/0/0/0/0/0/0/0/0/0/0/0/0/0/0/0,,,13068,2.891431451666092e-11,5.104687500000002e-11,-1.7353824610605596e-06,3.0446464644443534,82,2.0106704105825105e-13,57400,1.2687272065106227e-10,2.242187500000001e-10,1.7385869304867926e-06,4.359087096843496e-06,1.4363106492851753e-06,4.155655337054504e-06,1,1,nan,0.3023512732303162,32,20/19/17/16/13/12/11/15/10/14/6/17/6/260/7/7/6/3/12/20/19/2/4/5/8/9/10/14/15/18/21/260,28,4369.8,1.0,,,4.420711926885437e-09,,,,,,,,,,,,,,1,63822,52,547794453.642102,274110227.3373237,1.9984458769135192,1,-307881060.706307,-231565268.140732,-344517603.154745,-26949.200448,5615308.545531,-7382.028069,-263753438.370299,59953.720056,22477,94221622.592986,123956142.79169,335375062.310835,247546615.516793,-165406671.866543,-145333815.876567,0.1899,0.9966,0.0456,0.2357,0.0043,0.1572,2.1121,0.3411,0.0075,0.4708,0.6875,0.567,1166,11438,32652,,,
1080,0.000152769989,8554.29,3.449643283398588e-08,1.0837402343750005e-16,1.6625976562500008e-17,276,22,22,21,20/19/17/16/13/12/11/7/7/6/3/1/2/4/5/8/9/10/7/15/18/21,0,140,4,0.135742/0.307861/0.335205/0.380615/0.258057/1.09155/0.764404/0.33374/0.25/0.774658/1.18188/1.36304/1.32813/1.65942/0.790039/1.19336/1.21948/0.234131/1.07617/0.626709/0.491455/0/0/0/0/0/0/0/0/0/0/0/0/0/0/0/0/0/0/0/0/0/0/0/0/0/0/0/0/0/0/0/0/0/0/0/0/0/0/0/0/0/0/0/0/0/0/0/0/0/0/0/0/0/0/0/0/0/0/0/0/0/0/0/0/0/0/0/0/0/0/0/0/0/0/0/0/0/0/0/0/0/0/0/0/0/0/0/0/0/0/0/0/0/0/0/0/0/0/0/0/0/0/0/0/0/0/0/0/0/0/0/0/0/0/0/0/0/0/0/0/0/0/0/0/0/0/0/0/0/0/0/0/0/0/0/0/0/0/0/0/0/0/0/0/0/0/0/0/0/0/0/0/0/0/0/0/0/0/0/0/0/0/0/0/0/0/0/0/0/0/0/0/0/0/0/0/0/0/0/0/0/0/0/0/0/0/0/0/0/0/0/0/0/0/0/0/0/0/0/0/0/0/0/0/0/0/0/0/0/0/0/0/0/0/0/0/0/0/0/0/0/0/0/0/0/0/0/0/0/0/0/0/0/0/0/0/0/0/0.830322/0/0/0/0/0/0/0/0/0/0/0/0/0/0/0/0,383.482/318.738/251.11/248.76/247.436/4224.11/4215.45/248.886/246.661/4494.07/4759.84/5080.75/5252.32/4742.34/4920.66/5516.53/5777.82/4143.37/5985.91/6174.43/4206.67/0/0/0/0/0/0/0/0/0/0/0/0/0/0/0/0/0/0/0/0/0/0/0/0/0/0/0/0/0/0/0/0/0/0/0/0/0/0/0/0/0/0/0/0/0/0/0/0/0/0/0/0/0/0/0/0/0/0/0/0/0/0/0/0/0/0/0/0/0/0/0/0/0/0/0/0/0/0/0/0/0/0/0/0/0/0/0/0/0/0/0/0/0/0/0/0/0/0/0/0/0/0/0/0/0/0/0/0/0/0/0/0/0/0/0/0/0/0/0/0/0/0/0/0/0/0/0/0/0/0/0/0/0/0/0/0/0/0/0/0/0/0/0/0/0/0/0/0/0/0/0/0/0/0/0/0/0/0/0/0/0/0/0/0/0/0/0/0/0/0/0/0/0/0/0/0/0/0/0/0/0/0/0/0/0/0/0/0/0/0/0/0/0/0/0/0/0/0/0/0/0/0/0/0/0/0/0/0/0/0/0/0/0/0/0/0/0/0/0/0/0/0/0/0/0/0/0/0/0/0/0/0/0/0/0/0/0/0/4796.15/0/0/0/0/0/0/0/0/0/0/0/0/0/0/0/0,,,13088,2.8947563005006875e-11,5.112500000000002e-11,-1.7352969496529006e-06,3.046014646966898,111,2.722883740497919e-13,57470,1.2708865484366845e-10,2.244921875000001e-10,1.7382693749646628e-06,4.359087096843496e-06,1.4363106492851753e-06,4.166724981590454e-06,1,1,nan,0.3035227463698777,32,20/19/17/16/13/12/11/15/10/14/6/17/6/260/7/7/6/3/12/20/19/2/4/5/8/9/10/14/15/18/21/260,28,4369.3,1.0,,,4.41374356824572e-09,,,,,,,,,,,,,,1,64091,53,549916907.044022,266715004.40462208,2.0618146634516528,1,-296480404.098998,-230185752.661873,-336163271.492888,-25978.916821,10538285.932225,-4581.885951,-258488610.517341,97148.270056,22947,96283150.18579,124710341.273528,319224948.436073,279851999.690552,-162970458.426463,-144671285.129607,0.2738,0.9754,0.0535,0.2305,0.0043,0.1567,2.1104,0.3345,0.0075,0.4611,0.6857,0.5691,1145,11327,32669,,,
1100,0.000152769989,8670.1,3.449643283398588e-08,1.0830981445312505e-16,1.6690185546875006e-17,276,22,22,21,20/19/17/16/13/12/11/7/7/6/3/1/2/4/5/8/9/10/7/15/18/21,0,140,4,0.135742/0.309326/0.335938/0.380371/0.257568/1.0957/0.766113/0.333252/0.249756/0.778564/1.18726/1.37549/1.3374/1.67358/0.790527/1.2002/1.23071/0.23291/1.07886/0.616211/0.468018/0/0/0/0/0/0/0/0/0/0/0/0/0/0/0/0/0/0/0/0/0/0/0/0/0/0/0/0/0/0/0/0/0/0/0/0/0/0/0/0/0/0/0/0/0/0/0/0/0/0/0/0/0/0/0/0/0/0/0/0/0/0/0/0/0/0/0/0/0/0/0/0/0/0/0/0/0/0/0/0/0/0/0/0/0/0/0/0/0/0/0/0/0/0/0/0/0/0/0/0/0/0/0/0/0/0/0/0/0/0/0/0/0/0/0/0/0/0/0/0/0/0/0/0/0/0/0/0/0/0/0/0/0/0/0/0/0/0/0/0/0/0/0/0/0/0/0/0/0/0/0/0/0/0/0/0/0/0/0/0/0/0/0/0/0/0/0/0/0/0/0/0/0/0/0/0/0/0/0/0/0/0/0/0/0/0/0/0/0/0/0/0/0/0/0/0/0/0/0/0/0/0/0/0/0/0/0/0/0/0/0/0/0/0/0/0/0/0/0/0/0/0/0/0/0/0/0/0/0/0/0/0/0/0/0/0/0/0/0.856689/0/0/0/0/0/0/0/0/0/0/0/0/0/0/0/0,383.482/318.738/251.11/248.76/247.444/4224.11/4215.45/248.886/246.661/4494.07/4759.84/5080.75/5252.32/4745.33/4920.65/5516.53/5777.82/4143.37/5985.91/6174.43/4206.67/0/0/0/0/0/0/0/0/0/0/0/0/0/0/0/0/0/0/0/0/0/0/0/0/0/0/0/0/0/0/0/0/0/0/0/0/0/0/0/0/0/0/0/0/0/0/0/0/0/0/0/0/0/0/0/0/0/0/0/0/0/0/0/0/0/0/0/0/0/0/0/0/0/0/0/0/0/0/0/0/0/0/0/0/0/0/0/0/0/0/0/0/0/0/0/0/0/0/0/0/0/0/0/0/0/0/0/0/0/0/0/0/0/0/0/0/0/0/0/0/0/0/0/0/0/0/0/0/0/0/0/0/0/0/0/0/0/0/0/0/0/0/0/0/0/0/0/0/0/0/0/0/0/0/0/0/0/0/0/0/0/0/0/0/0/0/0/0/0/0/0/0/0/0/0/0/0/0/0/0/0/0/0/0/0/0/0/0/0/0/0/0/0/0/0/0/0/0/0/0/0/0/0/0/0/0/0/0/0/0/0/0/0/0/0/0/0/0/0/0/0/0/0/0/0/0/0/0/0/0/0/0/0/0/0/0/0/0/4823.8/0/0/0/0/0/0/0/0/0/0/0/0/0/0/0/0,1-2:0.371481/1-3:0.368024/2-4:1.32365/2-16:0.0425689/2-17:0.0702219/2-19:0.021649/3-6:1.55319/3-20:0.189697/4-5:1.54437/4-13:0.026105/4-16:0.135169/4-17:0.00650357/5-8:1.0178/5-13:0.0966463/5-16:0.00518499/6-7:1.16807/6-10:0.465505/6-11:0.432069/6-16:0.6548/7-10:0.455544/7-14:0.347153/7-15:0.388446/7-19:0.319918/8-9:1.41857/8-11:0.0213296/8-12:0.183742/8-13:0.00691323/9-10:0.965267/9-11:0.114429/9-12:0.00691323/10-11:0.773669/10-14:1.44596/11-12:2.08126/11-14:0.243782/11-15:0.00996031/11-16:0.171784/12-13:1.56233/13-16:1.5254/14-15:0.291446/14-17:0.422796/14-19:0.353256/15-18:1.18789/15-19:0.264652/16-17:1.50248/17-19:1.10284/18-21:0.895954/19-20:1.41602,1-2:-28.483/1-3:-33.911/2-4:-24.547/2-16:-24.364/2-17:-25.265/2-19:-26.839/3-6:-37.856/3-20:-35.988/4-5:-20.553/4-13:-20.337/4-16:-21.537/4-17:-23.29/5-8:-16.604/5-13:-18.346/5-16:-19.949/6-7:-41.827/6-10:-38.168/6-11:0.041627/6-16:-37.381/7-10:-37.276/7-14:-3.2217/7-15:-4.5205/7-19:-33.83/8-9:-12.612/8-11:-12.45/8-12:-13.943/8-13:-15.472/9-10:-8.6401/9-11:-10.193/9-12:-11.257/10-11:-6.7091/10-14:-3.9229/11-12:-53.677/11-14:-17.445/11-15:-72.442/11-16:0.19683/12-13:-56.198/13-16:-51.108/14-15:-1.3482/14-17:-8.7633/14-19:-4.7723/15-18:-8.2915/15-19:-1.8718/16-17:-50.435/17-19:-48.826/18-21:-6.1781/19-20:-40.955,13110,2.8972398221365306e-11,5.121093750000002e-11,-1.7350485103656916e-06,3.0499896755622427,125,3.0571614820218886e-13,57586,1.2742101538491364e-10,2.249453125000001e-10,1.738650420541192e-06,4.359087096843496e-06,1.4363106492851753e-06,4.166724981590454e-06,1,1,nan,0.30423030944486307,32,20/19/17/16/13/12/11/15/10/14/6/17/6/260/7/7/6/3/12/20/19/2/4/5/8/9/10/14/15/18/21/260,28,4369.0,1.0,,,4.40757032772103e-09,4,21/1/1/1,1/1/12/1,2,2,0.948671/0/0/0/0/0/0/0/0/0/0/0.0513289,0.928951,21/1/1/1,6952/4239/2775/319,8356/5432/4630/652,6983/4464/4022/530,20/1/1/1,34/3/2/1,1,64303,50,551198856.7574723,262664628.34787658,2.0984890893929466,1,-289768288.78273,-230469808.241184,-328461401.276499,-15540.087704,8073335.877279,-2592.046789,-252325250.091891,150102.995781,23478,105236377.468579,123932696.176559,315534983.969689,299503433.671023,-156242127.489277,-145262395.904972,0.2823,0.9882,0.0557,0.2256,0.0043,0.1549,2.0808,0.3301,0.0075,0.4731,0.6788,0.5708,1154,11051,32670,2673.1,662.9,915.1
1120,0.000152769989,8851.63,3.449643283398588e-08,1.0825756835937505e-16,1.6742431640625008e-17,276,22,21,20,19/17/16/13/12/11/7/7/6/3/1/2/4/5/8/9/10/7/15/18/21,0,142,4,0.135498/0.310547/0.336182/0.380127/0.256348/1.09741/0.768311/0.33252/0.249268/0.781006/1.19238/1.38501/1.34839/1.68335/0.794189/1.20703/1.2478/0.232666/1.07837/0.602051/0.443604/0/0/0/0/0/0/0/0/0/0/0/0/0/0/0/0/0/0/0/0/0/0/0/0/0/0/0/0/0/0/0/0/0/0/0/0/0/0/0/0/0/0/0/0/0/0/0/0/0/0/0/0/0/0/0/0/0/0/0/0/0/0/0/0/0/0/0/0/0/0/0/0/0/0/0/0/0/0/0/0/0/0/0/0/0/0/0/0/0/0/0/0/0/0/0/0/0/0/0/0/0/0/0/0/0/0/0/0/0/0/0/0/0/0/0/0/0/0/0/0/0/0/0/0/0/0/0/0/0/0/0/0/0/0/0/0/0/0/0/0/0/0/0/0/0/0/0/0/0/0/0/0/0/0/0/0/0/0/0/0/0/0/0/0/0/0/0/0/0/0/0/0/0/0/0/0/0/0/0/0/0/0/0/0/0/0/0/0/0/0/0/0/0/0/0/0/0/0/0/0/0/0/0/0/0/0/0/0/0/0/0/0/0/0/0/0/0/0/0/0/0/0/0/0/0/0/0/0/0/0/0/0/0/0/0/0/0/0/0.880371/0/0/0/0/0/0/0/0/0/0/0/0/0/0/0/0,383.482/318.738/251.11/248.76/247.444/4224.11/4215.45/248.886/246.661/4494.07/4774.38/5080.75/5252.32/4745.33/4914.1/5516.53/5777.82/4143.37/5985.91/6174.43/4206.67/0/0/0/0/0/0/0/0/0/0/0/0/0/0/0/0/0/0/0/0/0/0/0/0/0/0/0/0/0/0/0/0/0/0/0/0/0/0/0/0/0/0/0/0/0/0/0/0/0/0/0/0/0/0/0/0/0/0/0/0/0/0/0/0/0/0/0/0/0/0/0/0/0/0/0/0/0/0/0/0/0/0/0/0/0/0/0/0/0/0/0/0/0/0/0/0/0/0/0/0/0/0/0/0/0/0/0/0/0/0/0/0/0/0/0/0/0/0/0/0/0/0/0/0/0/0/0/0/0/0/0/0/0/0/0/0/0/0/0/0/0/0/0/0/0/0/0/0/0/0/0/0/0/0/0/0/0/0/0/0/0/0/0/0/0/0/0/0/0/0/0/0/0/0/0/0/0/0/0/0/0/0/0/0/0/0/0/0/0/0/0/0/0/0/0/0/0/0/0/0/0/0/0/0/0/0/0/0/0/0/0/0/0/0/0/0/0/0/0/0/0/0/0/0/0/0/0/0/0/0/0/0/0/0/0/0/0/0/4836.9/0/0/0/0/0/0/0/0/0/0/0/0/0/0/0/0,,,13122,2.898258725268489e-11,5.125781250000002e-11,-1.738957717633083e-06,2.9874423592839787,133,3.2745536480198786e-13,57734,1.2785088039549053e-10,2.2552343750000008e-10,1.739922433667178e-06,4.359087096843496e-06,1.4363106492851753e-06,4.166724981590454e-06,1,1,nan,0.3050573329447274,32,20/19/17/16/13/12/11/15/10/14/6/17/6/260/7/7/6/3/12/20/19/2/4/5/8/9/10/14/15/18/21/260,28,4367.9,1.0,,,4.401981356248528e-09,,,,,,,,,,,,,,1,64473,47,552697242.6627707,260715717.8662989,2.1199229842606067,1,-284005994.469907,-230486964.691134,-320533988.387904,-4323.484475,7325448.187543,-1489.483738,-247495829.223155,315443.398831,23791,111806398.953582,125358646.675145,331574151.026451,297781959.807026,-151154320.457484,-144411574.248361,0.3238,1.0097,0.0582,0.2212,0.0043,0.1523,2.1452,0.3259,0.0074,0.4686,0.6737,0.5719,1148,10920,32697,,,
1140,0.000162954655,8963.53,3.3279756535161225e-08,1.0743945312500005e-16,1.7560546875000008e-17,276,23,21,20,19/17/16/13/12/11/7/6/3/1/2/4/5/8/9/10/7/15/18/21/22,0,145,5,0.135498/0.312256/0.336426/0.379883/0.255615/1.09814/0.769287/0.332031/0.249268/0.782471/1.19727/1.39648/1.35645/1.69678/0.797852/1.21631/1.25635/0.232666/1.07568/0.595459/0.416992/0.766113/0/0/0/0/0/0/0/0/0/0/0/0/0/0/0/0/0/0/0/0/0/0/0/0/0/0/0/0/0/0/0/0/0/0/0/0/0/0/0/0/0/0/0/0/0/0/0/0/0/0/0/0/0/0/0/0/0/0/0/0/0/0/0/0/0/0/0/0/0/0/0/0/0/0/0/0/0/0/0/0/0/0/0/0/0/0/0/0/0/0/0/0/0/0/0/0/0/0/0/0/0/0/0/0/0/0/0/0/0/0/0/0/0/0/0/0/0/0/0/0/0/0/0/0/0/0/0/0/0/0/0/0/0/0/0/0/0/0/0/0/0/0/0/0/0/0/0/0/0/0/0/0/0/0/0/0/0/0/0/0/0/0/0/0/0/0/0/0/0/0/0/0/0/0/0/0/0/0/0/0/0/0/0/0/0/0/0/0/0/0/0/0/0/0/0/0/0/0/0/0/0/0/0/0/0/0/0/0/0/0/0/0/0/0/0/0/0/0/0/0/0/0/0/0/0/0/0/0/0/0/0/0/0/0/0/0/0/0.905273/0/0/0/0/0/0/0/0/0/0/0/0/0/0/0/0,383.482/318.736/251.11/248.76/247.444/4224.11/4214.01/248.886/246.661/4494.07/4774.38/5080.75/5252.32/4745.33/4914.1/5516.53/5805.47/4143.37/5985.91/6174.43/4206.67/4453.57/0/0/0/0/0/0/0/0/0/0/0/0/0/0/0/0/0/0/0/0/0/0/0/0/0/0/0/0/0/0/0/0/0/0/0/0/0/0/0/0/0/0/0/0/0/0/0/0/0/0/0/0/0/0/0/0/0/0/0/0/0/0/0/0/0/0/0/0/0/0/0/0/0/0/0/0/0/0/0/0/0/0/0/0/0/0/0/0/0/0/0/0/0/0/0/0/0/0/0/0/0/0/0/0/0/0/0/0/0/0/0/0/0/0/0/0/0/0/0/0/0/0/0/0/0/0/0/0/0/0/0/0/0/0/0/0/0/0/0/0/0/0/0/0/0/0/0/0/0/0/0/0/0/0/0/0/0/0/0/0/0/0/0/0/0/0/0/0/0/0/0/0/0/0/0/0/0/0/0/0/0/0/0/0/0/0/0/0/0/0/0/0/0/0/0/0/0/0/0/0/0/0/0/0/0/0/0/0/0/0/0/0/0/0/0/0/0/0/0/0/0/0/0/0/0/0/0/0/0/0/0/0/0/0/0/0/0/4836.91/0/0/0/0/0/0/0/0/0/0/0/0/0/0/0/0,,,13478,2.9870850564265076e-11,5.264843750000002e-11,-1.7156572851775295e-06,3.360249278572835,141,3.465569135000919e-13,60364,1.3335111774011244e-10,2.357968750000001e-10,1.751797743440009e-06,4.453567410224764e-06,1.7235727791422104e-06,4.1965846431307455e-06,1,1,nan,0.2895868299915546,31,20/19/17/16/13/12/11/15/10/14/6/17/6/260/22/6/3/12/20/19/2/4/5/8/9/10/14/15/18/21/22,28,4310.0,1.0,,,4.753761992291289e-09,,,,,,,,,,,,,,1,67775,48,543849437.5807633,268635401.27383715,2.024489084468741,1,-273051722.855172,-230085060.303046,-314404215.173678,16614.586964,16975270.40011,19.098134,-244181827.835356,12104621.081567,24181,123196994.557056,135171054.79136,351393124.227835,357968116.408227,-149531866.120787,-144295590.696787,0.4534,1.0553,0.0784,0.22,0.0044,0.152,2.2107,0.3268,0.0075,0.4752,0.6684,0.5732,1168,10697,32735,,,
1160,0.000162954655,9059.56,3.3279756535161225e-08,1.0745336914062505e-16,1.754663085937501e-17,276,23,21,20,19/17/16/13/12/11/7/6/3/1/2/4/5/8/9/10/7/15/18/21/22,0,144,5,0.135254/0.314941/0.335449/0.379639/0.255371/1.10083/0.77124/0.331787/0.248291/0.786133/1.20459/1.40503/1.36621/1.71362/0.799561/1.22266/1.26904/0.232422/1.07373/0.583984/0.382813/0.711426/0/0/0/0/0/0/0/0/0/0/0/0/0/0/0/0/0/0/0/0/0/0/0/0/0/0/0/0/0/0/0/0/0/0/0/0/0/0/0/0/0/0/0/0/0/0/0/0/0/0/0/0/0/0/0/0/0/0/0/0/0/0/0/0/0/0/0/0/0/0/0/0/0/0/0/0/0/0/0/0/0/0/0/0/0/0/0/0/0/0/0/0/0/0/0/0/0/0/0/0/0/0/0/0/0/0/0/0/0/0/0/0/0/0/0/0/0/0/0/0/0/0/0/0/0/0/0/0/0/0/0/0/0/0/0/0/0/0/0/0/0/0/0/0/0/0/0/0/0/0/0/0/0/0/0/0/0/0/0/0/0/0/0/0/0/0/0/0/0/0/0/0/0/0/0/0/0/0/0/0/0/0/0/0/0/0/0/0/0/0/0/0/0/0/0/0/0/0/0/0/0/0/0/0/0/0/0/0/0/0/0/0/0/0/0/0/0/0/0/0/0/0/0/0/0/0/0/0/0/0/0/0/0/0/0/0/0/0.922607/0/0/0/0/0/0/0/0/0/0/0/0/0/0/0/0,383.482/2379.51/251.11/248.749/247.444/4224.11/4214.01/248.886/246.661/4494.07/4774.38/5080.75/5252.32/4745.33/4914.1/5516.53/5805.47/4143.37/5985.91/6174.43/4206.67/4453.57/0/0/0/0/0/0/0/0/0/0/0/0/0/0/0/0/0/0/0/0/0/0/0/0/0/0/0/0/0/0/0/0/0/0/0/0/0/0/0/0/0/0/0/0/0/0/0/0/0/0/0/0/0/0/0/0/0/0/0/0/0/0/0/0/0/0/0/0/0/0/0/0/0/0/0/0/0/0/0/0/0/0/0/0/0/0/0/0/0/0/0/0/0/0/0/0/0/0/0/0/0/0/0/0/0/0/0/0/0/0/0/0/0/0/0/0/0/0/0/0/0/0/0/0/0/0/0/0/0/0/0/0/0/0/0/0/0/0/0/0/0/0/0/0/0/0/0/0/0/0/0/0/0/0/0/0/0/0/0/0/0/0/0/0/0/0/0/0/0/0/0/0/0/0/0/0/0/0/0/0/0/0/0/0/0/0/0/0/0/0/0/0/0/0/0/0/0/0/0/0/0/0/0/0/0/0/0/0/0/0/0/0/0/0/0/0/0/0/0/0/0/0/0/0/0/0/0/0/0/0/0/0/0/0/0/0/0/4836.91/0/0/0/0/0/0/0/0/0/0/0/0/0/0/0/0,,,13462,2.980627219432765e-11,5.258593750000002e-11,-1.7200860230109857e-06,3.2893894732375366,151,3.7043391330343694e-13,60400,1.335557624767287e-10,2.359375000000001e-10,1.750904253595445e-06,4.453567410224764e-06,1.7235727791422104e-06,4.1965846431307455e-06,1,1,nan,0.2941576959855436,31,20/19/17/16/13/12/11/15/10/14/6/17/6/260/22/6/3/12/20/19/2/4/5/8/9/10/14/15/18/21/22,28,4314.5,1.0,,,4.737178756354941e-09,,,,,,,,,,,,,,1,71673,52,552433608.6915851,268190552.9758431,2.0598548403803947,1,-281370696.51878,-240358527.276624,-352621974.54146,9126.845368,69385.837469,-6357.799521,-251823075.442841,3047143.153528,25358,126103385.938749,128453021.798941,359295479.783111,286363052.179394,-148429554.418173,-150867809.153739,0.3595,1.0895,0.0213,0.245,0.0049,0.1555,2.2562,0.3592,0.0083,0.4815,0.6779,0.5923,1186,11031,34297,,,
1180,0.000183323987,9191.28,3.108690918802771e-08,1.0734692382812505e-16,1.7653076171875008e-17,276,23,21,20,19/17/16/13/12/11/7/6/3/1/2/4/5/8/9/10/7/15/18/21/22,0,157,5,0.135254/0.319092/0.335205/0.379395/0.255127/1.10571/0.499023/0.331543/0.247803/0.788086/1.21191/1.4165/1.37622/1.72729/0.802734/1.23145/1.28296/0.231201/0.849121/0.580566/0.359863/0.690674/0/0/0/0/0/0/0/0/0/0/0/0/0/0/0/0/0/0/0/0/0/0/0/0/0/0/0/0/0/0/0/0/0/0/0/0/0/0/0/0/0/0/0/0/0/0/0/0/0/0/0/0/0/0/0/0/0/0/0/0/0/0/0/0/0/0/0/0/0/0/0/0/0/0/0/0/0/0/0/0/0/0/0/0/0/0/0/0/0/0/0/0/0/0/0/0/0/0/0/0/0/0/0/0/0/0/0/0/0/0/0/0/0/0/0/0/0/0/0/0/0/0/0/0/0/0/0/0/0/0/0/0/0/0/0/0/0/0/0/0/0/0/0/0/0/0/0/0/0/0/0/0/0/0/0/0/0/0/0/0/0/0/0/0/0/0/0/0/0/0/0/0/0/0/0/0/0/0/0/0/0/0/0/0/0/0/0/0/0/0/0/0/0/0/0/0/0/0/0/0/0/0/0/0/0/0/0/0/0/0/0/0/0/0/0/0/0/0/0/0/0/0/0/0/0/0/0/0/0/0/0/0/0/0/0/0/0/1.49634/0/0/0/0/0/0/0/0/0/0/0/0/0/0/0/0,383.482/2379.52/251.11/248.749/247.444/4224.11/4214.01/248.886/246.661/4494.07/4774.38/5080.75/5252.32/4745.33/4914.1/5516.53/5805.47/4143.37/5985.91/6174.43/4214.67/4451.34/0/0/0/0/0/0/0/0/0/0/0/0/0/0/0/0/0/0/0/0/0/0/0/0/0/0/0/0/0/0/0/0/0/0/0/0/0/0/0/0/0/0/0/0/0/0/0/0/0/0/0/0/0/0/0/0/0/0/0/0/0/0/0/0/0/0/0/0/0/0/0/0/0/0/0/0/0/0/0/0/0/0/0/0/0/0/0/0/0/0/0/0/0/0/0/0/0/0/0/0/0/0/0/0/0/0/0/0/0/0/0/0/0/0/0/0/0/0/0/0/0/0/0/0/0/0/0/0/0/0/0/0/0/0/0/0/0/0/0/0/0/0/0/0/0/0/0/0/0/0/0/0/0/0/0/0/0/0/0/0/0/0/0/0/0/0/0/0/0/0/0/0/0/0/0/0/0/0/0/0/0/0/0/0/0/0/0/0/0/0/0/0/0/0/0/0/0/0/0/0/0/0/0/0/0/0/0/0/0/0/0/0/0/0/0/0/0/0/0/0/0/0/0/0/0/0/0/0/0/0/0/0/0/0/0/0/0/5074.76/0/0/0/0/0/0/0/0/0/0/0/0/0/0/0/0,,,13147,2.915767254450449e-11,5.135546875000002e-11,-1.7249562444722807e-06,3.2114659298568164,1089,2.244796700620924e-12,60544,1.3405256537412417e-10,2.365000000000001e-10,1.7470487259699734e-06,4.45134322495228e-06,2.1655145173838024e-06,4.1965846431307455e-06,1,1,nan,0.3775276297196922,30,20/19/17/16/13/12/11/15/10/14/6/17/260/22/6/3/12/20/19/2/4/5/8/9/10/14/15/18/21/22,27,4315.3,1.0,,,4.6595308145874056e-09,,,,,,,,,,,,,,1,72094,52,759016495.1672947,285880110.9017779,2.6550167927844273,1,-280470187.026376,-245825280.472333,-349176720.998098,13465.099249,85499.685044,-231.384563,-249384367.610246,23079721.23992,27471,148259012.000357,145241274.090342,412676150.844962,779915725.306718,-142691575.374926,-152143194.210041,0.4465,1.2834,0.0346,0.2724,0.0065,0.2201,2.2685,0.3489,0.0083,0.4681,0.6589,0.5885,1269,10607,32946,,,
1200,0.000183323987,9308.43,3.108690918802771e-08,1.0728320312500005e-16,1.7716796875000008e-17,276,23,21,20,19/17/16/13/12/11/7/6/3/1/2/4/5/8/9/10/7/15/18/21/22,0,156,5,0.135254/0.322754/0.336426/0.379395/0.254639/1.10864/0.493408/0.331299/0.247314/0.790283/1.21826/1.42798/1.38696/1.74268/0.806641/1.23804/1.29321/0.22998/0.855957/0.577881/0.33667/0.669678/0/0/0/0/0/0/0/0/0/0/0/0/0/0/0/0/0/0/0/0/0/0/0/0/0/0/0/0/0/0/0/0/0/0/0/0/0/0/0/0/0/0/0/0/0/0/0/0/0/0/0/0/0/0/0/0/0/0/0/0/0/0/0/0/0/0/0/0/0/0/0/0/0/0/0/0/0/0/0/0/0/0/0/0/0/0/0/0/0/0/0/0/0/0/0/0/0/0/0/0/0/0/0/0/0/0/0/0/0/0/0/0/0/0/0/0/0/0/0/0/0/0/0/0/0/0/0/0/0/0/0/0/0/0/0/0/0/0/0/0/0/0/0/0/0/0/0/0/0/0/0/0/0/0/0/0/0/0/0/0/0/0/0/0/0/0/0/0/0/0/0/0/0/0/0/0/0/0/0/0/0/0/0/0/0/0/0/0/0/0/0/0/0/0/0/0/0/0/0/0/0/0/0/0/0/0/0/0/0/0/0/0/0/0/0/0/0/0/0/0/0/0/0/0/0/0/0/0/0/0/0/0/0/0/0/0/0/1.53345/0/0/0/0/0/0/0/0/0/0/0/0/0/0/0/0,383.482/2379.52/251.11/248.749/247.444/4224.11/4214.01/248.886/246.661/4494.07/4774.38/5080.75/5252.32/4759.89/4914.1/5516.53/5805.47/4143.37/5985.91/6174.43/4214.67/4451.34/0/0/0/0/0/0/0/0/0/0/0/0/0/0/0/0/0/0/0/0/0/0/0/0/0/0/0/0/0/0/0/0/0/0/0/0/0/0/0/0/0/0/0/0/0/0/0/0/0/0/0/0/0/0/0/0/0/0/0/0/0/0/0/0/0/0/0/0/0/0/0/0/0/0/0/0/0/0/0/0/0/0/0/0/0/0/0/0/0/0/0/0/0/0/0/0/0/0/0/0/0/0/0/0/0/0/0/0/0/0/0/0/0/0/0/0/0/0/0/0/0/0/0/0/0/0/0/0/0/0/0/0/0/0/0/0/0/0/0/0/0/0/0/0/0/0/0/0/0/0/0/0/0/0/0/0/0/0/0/0/0/0/0/0/0/0/0/0/0/0/0/0/0/0/0/0/0/0/0/0/0/0/0/0/0/0/0/0/0/0/0/0/0/0/0/0/0/0/0/0/0/0/0/0/0/0/0/0/0/0/0/0/0/0/0/0/0/0/0/0/0/0/0/0/0/0/0/0/0/0/0/0/0/0/0/0/0/5081.32/0/0/0/0/0/0/0/0/0/0/0/0/0/0/0/0,1-2:0.371481/1-3:0.368024/2-4:1.3267/2-16:0.0395218/2-17:0.0771353/2-19:0.021649/3-6:1.53672/3-20:0.164501/4-5:1.53918/4-13:0.026105/4-16:0.131712/4-17:0.00477532/5-8:1.00611/5-13:0.0966463/5-16:0.00518499/6-7:1.14938/6-10:0.518264/6-11:0.432069/6-16:0.649615/6-22:0.0304708/7-10:0.46032/7-14:0.224402/7-15:0.179237/7-19:0.0316994/7-22:0.261737/8-9:1.40638/8-11:0.0213296/8-12:0.183742/8-13:0.00691323/9-10:0.965267/9-11:0.114429/9-12:0.00691323/10-11:0.786676/10-14:1.42859/11-12:2.07821/11-14:0.267979/11-15:0.00996031/11-16:0.176559/12-13:1.5606/12-17:0.0138265/13-16:1.56597/14-15:0.323873/14-17:0.465184/14-19:0.36963/15-18:1.1627/15-19:0.233862/16-17:1.4912/17-19:1.08588/18-21:0.82778/19-20:1.40779/21-22:0.464572,1-2:-28.483/1-3:-33.911/2-4:-24.548/2-16:-24.364/2-17:-25.418/2-19:-26.839/3-6:-37.856/3-20:-36.004/4-5:-20.556/4-13:-20.337/4-16:-21.507/4-17:-22.731/5-8:-16.607/5-13:-18.346/5-16:-19.949/6-7:-41.825/6-10:-40.367/6-11:0.041627/6-16:-37.937/6-22:-42.115/7-10:-41.261/7-14:-1.233/7-15:0.4572/7-19:-0.32074/7-22:-42.452/8-9:-12.612/8-11:-12.45/8-12:-13.943/8-13:-15.472/9-10:-8.6401/9-11:-10.216/9-12:-11.257/10-11:-6.5982/10-14:-3.9003/11-12:-53.677/11-14:-17.696/11-15:-72.442/11-16:0.15535/12-13:-56.322/12-17:0.39244/13-16:-49.847/14-15:-1.937/14-17:-9.6067/14-19:-8.4128/15-18:-8.5497/15-19:0.39715/16-17:-50.69/17-19:-48.922/18-21:-5.7145/19-20:-40.991/21-22:-4.352,13121,2.907844850097393e-11,5.125390625000002e-11,-1.7275031382358192e-06,3.1707156296402004,1139,2.3879185371085935e-12,60742,1.3452927862139114e-10,2.372734375000001e-10,1.746581418663278e-06,4.45134322495228e-06,2.1655145173838024e-06,4.1965846431307455e-06,1,1,nan,0.3654387881733348,30,20/19/17/16/13/12/11/15/10/14/6/17/260/22/6/3/12/20/19/2/4/5/8/9/10/14/15/18/21/22,27,4316.2,1.0,,,4.654163758295076e-09,4,22/1/1/1,1/12/12/1,2,2,0.913447/0/0/0/0/0/0/0/0/0/0/0.0865533,0.881748,22/1/1/1,7279/2804/3117/2380,8356/4713/2628/2651,6983/4110/3977/3845,20/1/1/1,34/2/2/2,1,72343,54,734711969.0377457,285053072.7993317,2.5774567585698667,1,-280874715.196933,-246980812.841343,-339277085.004508,19015.189274,56344.140989,-6.194592,-244471998.068584,31407134.909301,27956,149338076.06133,144389124.16632,520248367.248169,651336137.220652,-139771808.211581,-152715859.792341,0.5063,1.2502,0.0397,0.2621,0.0064,0.2054,2.233,0.3475,0.0082,0.4699,0.6558,0.5881,1294,10326,32985,2131.6,618.7,1225.1
1220,0.000183323987,9481.83,3.108690918802771e-08,1.0722875976562504e-16,1.7771240234375008e-17,276,23,21,20,19/17/16/13/12/11/7/6/3/1/2/4/5/8/9/10/7/15/18/21/22,0,154,5,0.135254/0.324707/0.337891/0.37915/0.253906/1.11084/0.493164/0.330811/0.24707/0.791748/1.22339/1.44019/1.39624/1.7561/0.810547/1.2417/1.30542/0.22998/0.859619/0.574707/0.316895/0.648926/0/0/0/0/0/0/0/0/0/0/0/0/0/0/0/0/0/0/0/0/0/0/0/0/0/0/0/0/0/0/0/0/0/0/0/0/0/0/0/0/0/0/0/0/0/0/0/0/0/0/0/0/0/0/0/0/0/0/0/0/0/0/0/0/0/0/0/0/0/0/0/0/0/0/0/0/0/0/0/0/0/0/0/0/0/0/0/0/0/0/0/0/0/0/0/0/0/0/0/0/0/0/0/0/0/0/0/0/0/0/0/0/0/0/0/0/0/0/0/0/0/0/0/0/0/0/0/0/0/0/0/0/0/0/0/0/0/0/0/0/0/0/0/0/0/0/0/0/0/0/0/0/0/0/0/0/0/0/0/0/0/0/0/0/0/0/0/0/0/0/0/0/0/0/0/0/0/0/0/0/0/0/0/0/0/0/0/0/0/0/0/0/0/0/0/0/0/0/0/0/0/0/0/0/0/0/0/0/0/0/0/0/0/0/0/0/0/0/0/0/0/0/0/0/0/0/0/0/0/0/0/0/0/0/0/0/0/1.56299/0/0/0/0/0/0/0/0/0/0/0/0/0/0/0/0,383.482/2379.52/251.11/248.749/247.444/4226.33/4214.01/248.886/246.661/4494.07/4774.38/5080.75/5252.32/4759.89/4914.1/5516.53/5805.47/4143.37/5985.91/6174.43/4214.67/4451.34/0/0/0/0/0/0/0/0/0/0/0/0/0/0/0/0/0/0/0/0/0/0/0/0/0/0/0/0/0/0/0/0/0/0/0/0/0/0/0/0/0/0/0/0/0/0/0/0/0/0/0/0/0/0/0/0/0/0/0/0/0/0/0/0/0/0/0/0/0/0/0/0/0/0/0/0/0/0/0/0/0/0/0/0/0/0/0/0/0/0/0/0/0/0/0/0/0/0/0/0/0/0/0/0/0/0/0/0/0/0/0/0/0/0/0/0/0/0/0/0/0/0/0/0/0/0/0/0/0/0/0/0/0/0/0/0/0/0/0/0/0/0/0/0/0/0/0/0/0/0/0/0/0/0/0/0/0/0/0/0/0/0/0/0/0/0/0/0/0/0/0/0/0/0/0/0/0/0/0/0/0/0/0/0/0/0/0/0/0/0/0/0/0/0/0/0/0/0/0/0/0/0/0/0/0/0/0/0/0/0/0/0/0/0/0/0/0/0/0/0/0/0/0/0/0/0/0/0/0/0/0/0/0/0/0/0/0/5115.52/0/0/0/0/0/0/0/0/0/0/0/0/0/0/0/0,,,13114,2.9047887880305274e-11,5.122656250000002e-11,-1.729509639814926e-06,3.1386116043744914,1176,2.4914284796924134e-12,60884,1.3488547294739992e-10,2.3782812500000007e-10,1.7462665306550528e-06,4.45134322495228e-06,2.1655145173838024e-06,4.1965846431307455e-06,1,1,nan,0.3246356524586838,30,20/19/17/16/13/12/11/15/10/260/6/17/260/22/6/3/12/20/19/2/4/5/8/9/10/14/15/18/21/22,25,4362.3,1.0,,,4.650720988777171e-09,,,,,,,,,,,,,,1,72673,53,652677567.7809033,283939148.0196641,2.2986529766430883,1,-280729299.489895,-247771602.335204,-330078778.781716,28835.300841,39346.517277,416.450894,-241094285.668841,38801074.365649,28442,152393273.410247,144047042.512087,433270798.875324,657765444.140191,-140122285.444518,-152612084.570218,0.5552,1.2288,0.0434,0.2576,0.0065,0.1948,2.1939,0.3447,0.0082,0.4782,0.6467,0.5877,1309,10059,32960,,,
1240,0.000183323987,9580.73,3.108690918802771e-08,1.0719213867187504e-16,1.780786132812501e-17,276,23,21,20,19/17/16/13/12/11/7/6/3/1/2/4/5/8/9/10/7/15/18/21/22,0,153,4,0.135254/0.324951/0.338867/0.37915/0.253418/1.11206/0.490479/0.330566/0.246582/0.792236/1.22827/1.45142/1.40503/1.76416/0.812744/1.24805/1.31592/0.229492/0.86499/0.570313/0.296631/0.628662/0/0/0/0/0/0/0/0/0/0/0/0/0/0/0/0/0/0/0/0/0/0/0/0/0/0/0/0/0/0/0/0/0/0/0/0/0/0/0/0/0/0/0/0/0/0/0/0/0/0/0/0/0/0/0/0/0/0/0/0/0/0/0/0/0/0/0/0/0/0/0/0/0/0/0/0/0/0/0/0/0/0/0/0/0/0/0/0/0/0/0/0/0/0/0/0/0/0/0/0/0/0/0/0/0/0/0/0/0/0/0/0/0/0/0/0/0/0/0/0/0/0/0/0/0/0/0/0/0/0/0/0/0/0/0/0/0/0/0/0/0/0/0/0/0/0/0/0/0/0/0/0/0/0/0/0/0/0/0/0/0/0/0/0/0/0/0/0/0/0/0/0/0/0/0/0/0/0/0/0/0/0/0/0/0/0/0/0/0/0/0/0/0/0/0/0/0/0/0/0/0/0/0/0/0/0/0/0/0/0/0/0/0/0/0/0/0/0/0/0/0/0/0/0/0/0/0/0/0/0/0/0/0/0/0/0/0/1.58862/0/0/0/0/0/0/0/0/0/0/0/0/0/0/0/0,383.482/2379.52/251.11/248.749/439.589/4226.33/4214.01/248.886/246.661/4494.07/4775.82/5090.96/5252.32/4759.89/4914.1/5516.53/5805.47/4143.37/5985.91/6174.43/4214.67/4208.12/0/0/0/0/0/0/0/0/0/0/0/0/0/0/0/0/0/0/0/0/0/0/0/0/0/0/0/0/0/0/0/0/0/0/0/0/0/0/0/0/0/0/0/0/0/0/0/0/0/0/0/0/0/0/0/0/0/0/0/0/0/0/0/0/0/0/0/0/0/0/0/0/0/0/0/0/0/0/0/0/0/0/0/0/0/0/0/0/0/0/0/0/0/0/0/0/0/0/0/0/0/0/0/0/0/0/0/0/0/0/0/0/0/0/0/0/0/0/0/0/0/0/0/0/0/0/0/0/0/0/0/0/0/0/0/0/0/0/0/0/0/0/0/0/0/0/0/0/0/0/0/0/0/0/0/0/0/0/0/0/0/0/0/0/0/0/0/0/0/0/0/0/0/0/0/0/0/0/0/0/0/0/0/0/0/0/0/0/0/0/0/0/0/0/0/0/0/0/0/0/0/0/0/0/0/0/0/0/0/0/0/0/0/0/0/0/0/0/0/0/0/0/0/0/0/0/0/0/0/0/0/0/0/0/0/0/0/5122.07/0/0/0/0/0/0/0/0/0/0/0/0/0/0/0/0,,,13106,2.900241093120452e-11,5.119531250000002e-11,-1.7360401418599324e-06,3.034123571654389,1200,2.5421380610024784e-12,61024,1.3522502346749869e-10,2.3837500000000007e-10,1.7462969224645952e-06,4.226328018853953e-06,2.1655145173838024e-06,4.1965846431307455e-06,1,1,nan,0.32407076579158794,30,20/19/17/16/13/12/11/15/10/260/6/17/260/22/6/3/12/20/19/2/4/5/8/9/10/14/15/18/21/22,25,4362.9,1.0,,,4.6476482830473925e-09,,,,,,,,,,,,,,1,72817,59,651541867.3328482,284170402.8980843,2.2927858098104577,1,-279227582.471888,-249107738.717396,-320908893.83693,42982.974635,24405.630399,6588.941428,-238264426.419583,43262255.490028,28924,155090078.091342,144578408.727654,467346651.635824,640486602.627746,-134390824.836613,-151998514.423042,0.5807,1.2602,0.0457,0.2458,0.0062,0.1905,2.2578,0.3396,0.0082,0.4807,0.6391,0.5883,1319,9777,32918,,,
1260,0.000183323987,9681.47,3.108690918802771e-08,1.0714379882812504e-16,1.7856201171875008e-17,276,23,21,20,19/17/16/13/12/11/7/6/3/1/2/4/5/8/9/10/7/15/18/21/22,0,154,4,0.135498/0.329346/0.339844/0.37915/0.253174/1.11401/0.490234/0.330322/0.246094/0.793457/1.23462/1.46265/1.41577/1.77563/0.813477/1.25342/1.32495/0.22998/0.869385/0.562744/0.280518/0.61084/0/0/0/0/0/0/0/0/0/0/0/0/0/0/0/0/0/0/0/0/0/0/0/0/0/0/0/0/0/0/0/0/0/0/0/0/0/0/0/0/0/0/0/0/0/0/0/0/0/0/0/0/0/0/0/0/0/0/0/0/0/0/0/0/0/0/0/0/0/0/0/0/0/0/0/0/0/0/0/0/0/0/0/0/0/0/0/0/0/0/0/0/0/0/0/0/0/0/0/0/0/0/0/0/0/0/0/0/0/0/0/0/0/0/0/0/0/0/0/0/0/0/0/0/0/0/0/0/0/0/0/0/0/0/0/0/0/0/0/0/0/0/0/0/0/0/0/0/0/0/0/0/0/0/0/0/0/0/0/0/0/0/0/0/0/0/0/0/0/0/0/0/0/0/0/0/0/0/0/0/0/0/0/0/0/0/0/0/0/0/0/0/0/0/0/0/0/0/0/0/0/0/0/0/0/0/0/0/0/0/0/0/0/0/0/0/0/0/0/0/0/0/0/0/0/0/0/0/0/0/0/0/0/0/0/0/0/1.61108/0/0/0/0/0/0/0/0/0/0/0/0/0/0/0/0,383.482/2379.52/251.11/248.749/439.589/4226.33/4214.01/248.886/246.661/4494.07/4775.82/5090.96/5252.32/4759.89/4914.1/5513.66/5805.47/4143.37/5985.91/6174.43/4214.67/4208.12/0/0/0/0/0/0/0/0/0/0/0/0/0/0/0/0/0/0/0/0/0/0/0/0/0/0/0/0/0/0/0/0/0/0/0/0/0/0/0/0/0/0/0/0/0/0/0/0/0/0/0/0/0/0/0/0/0/0/0/0/0/0/0/0/0/0/0/0/0/0/0/0/0/0/0/0/0/0/0/0/0/0/0/0/0/0/0/0/0/0/0/0/0/0/0/0/0/0/0/0/0/0/0/0/0/0/0/0/0/0/0/0/0/0/0/0/0/0/0/0/0/0/0/0/0/0/0/0/0/0/0/0/0/0/0/0/0/0/0/0/0/0/0/0/0/0/0/0/0/0/0/0/0/0/0/0/0/0/0/0/0/0/0/0/0/0/0/0/0/0/0/0/0/0/0/0/0/0/0/0/0/0/0/0/0/0/0/0/0/0/0/0/0/0/0/0/0/0/0/0/0/0/0/0/0/0/0/0/0/0/0/0/0/0/0/0/0/0/0/0/0/0/0/0/0/0/0/0/0/0/0/0/0/0/0/0/0/5128.62/0/0/0/0/0/0/0/0/0/0/0/0/0/0/0/0,,,13080,2.8931099763517615e-11,5.109375000000002e-11,-1.7361298227863822e-06,3.0326886768311927,1215,2.5759744786819297e-12,61240,1.3571966061473675e-10,2.392187500000001e-10,1.7448363470234088e-06,4.226328018853953e-06,2.1655145173838024e-06,4.1965846431307455e-06,1,1,nan,0.32228151590748527,30,20/19/17/16/13/12/11/15/10/260/6/17/260/22/6/3/12/20/19/2/4/5/8/9/10/14/15/18/21/22,25,4363.1,1.0,,,4.645774608401579e-09,,,,,,,,,,,,,,1,73003,62,647944593.731924,282856347.60125095,2.2907196505462424,1,-280890609.0357,-250772216.966618,-312538729.000225,33701.54116,8398.635154,15484.207813,-236107501.464355,47220521.25771,29396,159999049.527941,143351674.362858,563235090.288893,612980107.772704,-132667967.327914,-152362281.168714,0.5694,1.286,0.048,0.2383,0.006,0.1857,2.3289,0.3345,0.0081,0.4706,0.6284,0.5882,1326,9480,32927,,,
1280,0.000193508653,9802.42,3.009539637407289e-08,1.0709033203125004e-16,1.7909667968750008e-17,276,23,21,20,19/17/16/13/12/11/7/6/3/1/2/4/5/8/9/10/7/15/18/21/22,0,155,4,0.135498/0.334229/0.339844/0.379395/0.252686/1.11694/0.490967/0.329834/0.246094/0.795898/1.24072/1.47314/1.42407/1.78784/0.814697/1.26147/1.33325/0.229004/0.874268/0.558594/0.265625/0.594727/0/0/0/0/0/0/0/0/0/0/0/0/0/0/0/0/0/0/0/0/0/0/0/0/0/0/0/0/0/0/0/0/0/0/0/0/0/0/0/0/0/0/0/0/0/0/0/0/0/0/0/0/0/0/0/0/0/0/0/0/0/0/0/0/0/0/0/0/0/0/0/0/0/0/0/0/0/0/0/0/0/0/0/0/0/0/0/0/0/0/0/0/0/0/0/0/0/0/0/0/0/0/0/0/0/0/0/0/0/0/0/0/0/0/0/0/0/0/0/0/0/0/0/0/0/0/0/0/0/0/0/0/0/0/0/0/0/0/0/0/0/0/0/0/0/0/0/0/0/0/0/0/0/0/0/0/0/0/0/0/0/0/0/0/0/0/0/0/0/0/0/0/0/0/0/0/0/0/0/0/0/0/0/0/0/0/0/0/0/0/0/0/0/0/0/0/0/0/0/0/0/0/0/0/0/0/0/0/0/0/0/0/0/0/0/0/0/0/0/0/0/0/0/0/0/0/0/0/0/0/0/0/0/0/0/0/0/1.63086/0/0/0/0/0/0/0/0/0/0/0/0/0/0/0/0,383.482/2379.52/251.11/248.749/439.589/4238.65/4224.88/248.886/246.661/4494.07/4775.82/5090.96/5252.32/4759.89/4914.1/5513.66/5805.47/4143.37/5985.91/6174.43/4214.67/4221.22/0/0/0/0/0/0/0/0/0/0/0/0/0/0/0/0/0/0/0/0/0/0/0/0/0/0/0/0/0/0/0/0/0/0/0/0/0/0/0/0/0/0/0/0/0/0/0/0/0/0/0/0/0/0/0/0/0/0/0/0/0/0/0/0/0/0/0/0/0/0/0/0/0/0/0/0/0/0/0/0/0/0/0/0/0/0/0/0/0/0/0/0/0/0/0/0/0/0/0/0/0/0/0/0/0/0/0/0/0/0/0/0/0/0/0/0/0/0/0/0/0/0/0/0/0/0/0/0/0/0/0/0/0/0/0/0/0/0/0/0/0/0/0/0/0/0/0/0/0/0/0/0/0/0/0/0/0/0/0/0/0/0/0/0/0/0/0/0/0/0/0/0/0/0/0/0/0/0/0/0/0/0/0/0/0/0/0/0/0/0/0/0/0/0/0/0/0/0/0/0/0/0/0/0/0/0/0/0/0/0/0/0/0/0/0/0/0/0/0/0/0/0/0/0/0/0/0/0/0/0/0/0/0/0/0/0/0/5128.62/0/0/0/0/0/0/0/0/0/0/0/0/0/0/0/0,,,13084,2.891427449815687e-11,5.110937500000002e-11,-1.7364470967908784e-06,3.0276122927592524,1234,2.6246370065138227e-12,61428,1.3621866231569013e-10,2.399531250000001e-10,1.7447284011025994e-06,4.238646422533361e-06,2.1655145173838024e-06,4.1965846431307455e-06,1,1,nan,0.3093849283328453,30,20/19/17/16/13/12/11/15/10/260/6/17/260/22/6/3/12/20/19/2/4/5/8/9/10/14/15/18/21/22,25,4363.6,1.0,,,4.646513234192708e-09,,,,,,,,,,,,,,1,73214,66,642508833.5922775,291403229.331325,2.2048789063409657,1,-285882576.974934,-251111978.348971,-306762696.939555,38067.776207,30188.949274,34394.115136,-234063699.296919,59119951.49255,29888,166099078.212306,152341024.217206,552396946.676115,602865837.88684,-134532608.486014,-152519038.830859,0.5945,1.2549,0.0665,0.2295,0.006,0.1835,2.3218,0.3267,0.0082,0.4591,0.6201,0.5877,1309,9245,32902,,,
1300,0.000193508653,9926.21,3.009539637407289e-08,1.0702832031250005e-16,1.7971679687500008e-17,276,23,21,20,19/17/16/13/12/11/7/6/3/1/2/4/5/8/9/10/7/15/18/21/22,0,155,4,0.135498/0.33667/0.34082/0.379639/0.252197/1.11841/0.48999/0.329834/0.245361/0.79541/1.24512/1.4834/1.43652/1.80054/0.817383/1.26782/1.34619/0.229248/0.87793/0.558838/0.253174/0.582031/0/0/0/0/0/0/0/0/0/0/0/0/0/0/0/0/0/0/0/0/0/0/0/0/0/0/0/0/0/0/0/0/0/0/0/0/0/0/0/0/0/0/0/0/0/0/0/0/0/0/0/0/0/0/0/0/0/0/0/0/0/0/0/0/0/0/0/0/0/0/0/0/0/0/0/0/0/0/0/0/0/0/0/0/0/0/0/0/0/0/0/0/0/0/0/0/0/0/0/0/0/0/0/0/0/0/0/0/0/0/0/0/0/0/0/0/0/0/0/0/0/0/0/0/0/0/0/0/0/0/0/0/0/0/0/0/0/0/0/0/0/0/0/0/0/0/0/0/0/0/0/0/0/0/0/0/0/0/0/0/0/0/0/0/0/0/0/0/0/0/0/0/0/0/0/0/0/0/0/0/0/0/0/0/0/0/0/0/0/0/0/0/0/0/0/0/0/0/0/0/0/0/0/0/0/0/0/0/0/0/0/0/0/0/0/0/0/0/0/0/0/0/0/0/0/0/0/0/0/0/0/0/0/0/0/0/0/1.64966/0/0/0/0/0/0/0/0/0/0/0/0/0/0/0/0,383.482/2379.52/254.647/248.749/439.589/4238.65/4224.88/248.886/246.661/4494.07/4775.82/5090.96/5252.32/4759.89/4914.1/5513.66/5805.47/4143.37/5985.91/6174.43/4214.67/4221.22/0/0/0/0/0/0/0/0/0/0/0/0/0/0/0/0/0/0/0/0/0/0/0/0/0/0/0/0/0/0/0/0/0/0/0/0/0/0/0/0/0/0/0/0/0/0/0/0/0/0/0/0/0/0/0/0/0/0/0/0/0/0/0/0/0/0/0/0/0/0/0/0/0/0/0/0/0/0/0/0/0/0/0/0/0/0/0/0/0/0/0/0/0/0/0/0/0/0/0/0/0/0/0/0/0/0/0/0/0/0/0/0/0/0/0/0/0/0/0/0/0/0/0/0/0/0/0/0/0/0/0/0/0/0/0/0/0/0/0/0/0/0/0/0/0/0/0/0/0/0/0/0/0/0/0/0/0/0/0/0/0/0/0/0/0/0/0/0/0/0/0/0/0/0/0/0/0/0/0/0/0/0/0/0/0/0/0/0/0/0/0/0/0/0/0/0/0/0/0/0/0/0/0/0/0/0/0/0/0/0/0/0/0/0/0/0/0/0/0/0/0/0/0/0/0/0/0/0/0/0/0/0/0/0/0/0/0/5169.38/0/0/0/0/0/0/0/0/0/0/0/0/0/0/0/0,1-2:0.371481/1-3:0.371071/2-4:1.32192/2-16:0.0395218/2-17:0.0836387/2-19:0.021649/3-6:1.52717/3-20:0.139715/4-5:1.53136/4-13:0.026105/4-16:0.131712/4-17:0.00477532/5-8:0.996557/5-13:0.0966463/5-16:0.00518499/6-7:1.14328/6-10:0.542051/6-11:0.432069/6-16:0.665169/6-22:0.0213296/7-10:0.474146/7-14:0.210076/7-15:0.161455/7-19:0.0143261/7-22:0.214393/8-9:1.39724/8-11:0.0213296/8-12:0.183742/8-13:0.00691323/9-10:0.965267/9-11:0.114429/9-12:0.00691323/10-11:0.783629/10-14:1.41517/11-12:2.07516/11-14:0.286581/11-15:0.00996031/11-16:0.183063/12-13:1.55278/12-17:0.038023/13-16:1.58703/14-15:0.370538/14-17:0.490699/14-19:0.378271/15-18:1.13882/15-19:0.22522/16-17:1.46905/17-19:1.08415/18-21:0.781755/19-20:1.38919/21-22:0.411453,1-2:-28.483/1-3:-33.907/2-4:-24.55/2-16:-24.364/2-17:-25.637/2-19:-26.839/3-6:-37.858/3-20:-35.992/4-5:-20.556/4-13:-20.337/4-16:-21.507/4-17:-22.731/5-8:-16.608/5-13:-18.346/5-16:-19.949/6-7:-41.825/6-10:-41.391/6-11:-0.0010636/6-16:-38.946/6-22:-42.112/7-10:-41.816/7-14:-1.2133/7-15:2.1166/7-19:-0.54351/7-22:-42.46/8-9:-12.612/8-11:-12.45/8-12:-13.943/8-13:-15.472/9-10:-8.6401/9-11:-10.216/9-12:-11.257/10-11:-6.556/10-14:-3.9054/11-12:-53.677/11-14:-17.519/11-15:-72.442/11-16:-0.44693/12-13:-56.261/12-17:0.27885/13-16:-48.433/14-15:-4.8755/14-17:-11.045/14-19:-9.2401/15-18:-8.6281/15-19:0.37091/16-17:-50.457/17-19:-48.92/18-21:-6.3196/19-20:-41.025/21-22:-6.4031,13091,2.8913185021926636e-11,5.113671875000002e-11,-1.7374200498919823e-06,3.0120450431415904,1237,2.632459408354963e-12,61634,1.3669338267295883e-10,2.407578125000001e-10,1.7436957394591865e-06,4.238646422533361e-06,2.1655145173838024e-06,4.1965846431307455e-06,1,1,nan,0.3082550158157646,30,20/19/17/16/13/12/11/15/10/260/6/17/260/22/6/3/12/20/19/2/4/5/8/9/10/14/15/18/21/22,25,4364.5,1.0,,,4.6491900710768525e-09,3,22/1/1,1/12/12,2,2,0.908208/0/0/0/0/0/0/0/0/0/0/0.0917921,0.874852,22/1/1,7279/2820/3068,8401/4713/2677,6983/4154/4022,20/1/1,33/2/2,1,73458,69,640162310.8404329,290828157.9376825,2.201170324702893,1,-288004005.600952,-252635600.730043,-300498579.087822,38433.846817,5221.004847,46915.968253,-232497935.487693,61705936.345621,30383,162295989.120524,151226516.985291,498277711.72854,600675634.321279,-137896891.908955,-153598766.459929,0.5969,1.1908,0.0629,0.2244,0.006,0.1816,2.2642,0.3215,0.0082,0.4569,0.6099,0.5885,1322,8995,32902,2048.3,618.7,1190.4
1320,0.000193508653,10101.45,3.009539637407289e-08,1.0697460937500005e-16,1.8025390625000007e-17,276,23,21,20,19/17/16/13/12/11/7/6/3/1/2/4/5/8/9/10/7/15/18/21/22,0,156,4,0.135254/0.337891/0.34082/0.379639/0.251465/1.12085/0.492432/0.32959/0.245117/0.796631/1.25073/1.49683/1.44458/1.81348/0.819824/1.27368/1.35962/0.229248/0.88208/0.555664/0.241455/0.561279/0/0/0/0/0/0/0/0/0/0/0/0/0/0/0/0/0/0/0/0/0/0/0/0/0/0/0/0/0/0/0/0/0/0/0/0/0/0/0/0/0/0/0/0/0/0/0/0/0/0/0/0/0/0/0/0/0/0/0/0/0/0/0/0/0/0/0/0/0/0/0/0/0/0/0/0/0/0/0/0/0/0/0/0/0/0/0/0/0/0/0/0/0/0/0/0/0/0/0/0/0/0/0/0/0/0/0/0/0/0/0/0/0/0/0/0/0/0/0/0/0/0/0/0/0/0/0/0/0/0/0/0/0/0/0/0/0/0/0/0/0/0/0/0/0/0/0/0/0/0/0/0/0/0/0/0/0/0/0/0/0/0/0/0/0/0/0/0/0/0/0/0/0/0/0/0/0/0/0/0/0/0/0/0/0/0/0/0/0/0/0/0/0/0/0/0/0/0/0/0/0/0/0/0/0/0/0/0/0/0/0/0/0/0/0/0/0/0/0/0/0/0/0/0/0/0/0/0/0/0/0/0/0/0/0/0/0/1.66724/0/0/0/0/0/0/0/0/0/0/0/0/0/0/0/0,383.482/2379.52/254.647/248.749/439.589/4238.66/4224.88/248.886/246.661/4494.07/4775.82/5090.96/5279.98/4759.89/4914.1/5513.66/5805.47/4143.37/5985.91/6174.43/4214.67/4221.22/0/0/0/0/0/0/0/0/0/0/0/0/0/0/0/0/0/0/0/0/0/0/0/0/0/0/0/0/0/0/0/0/0/0/0/0/0/0/0/0/0/0/0/0/0/0/0/0/0/0/0/0/0/0/0/0/0/0/0/0/0/0/0/0/0/0/0/0/0/0/0/0/0/0/0/0/0/0/0/0/0/0/0/0/0/0/0/0/0/0/0/0/0/0/0/0/0/0/0/0/0/0/0/0/0/0/0/0/0/0/0/0/0/0/0/0/0/0/0/0/0/0/0/0/0/0/0/0/0/0/0/0/0/0/0/0/0/0/0/0/0/0/0/0/0/0/0/0/0/0/0/0/0/0/0/0/0/0/0/0/0/0/0/0/0/0/0/0/0/0/0/0/0/0/0/0/0/0/0/0/0/0/0/0/0/0/0/0/0/0/0/0/0/0/0/0/0/0/0/0/0/0/0/0/0/0/0/0/0/0/0/0/0/0/0/0/0/0/0/0/0/0/0/0/0/0/0/0/0/0/0/0/0/0/0/0/0/5197.03/0/0/0/0/0/0/0/0/0/0/0/0/0/0/0/0,,,13072,2.8853971694626536e-11,5.106250000000002e-11,-1.7362468460581155e-06,3.0308163044834604,1254,2.677664807586743e-12,61846,1.372444113826974e-10,2.415859375000001e-10,1.7441204207563245e-06,4.2386566514477596e-06,2.1655145173838024e-06,4.1965846431307455e-06,1,1,nan,0.30331576425576684,28,20/19/17/16/13/12/11/15/260/17/260/22/6/3/12/20/19/2/4/5/8/9/10/14/15/18/21/22,23,4365.7,1.0,,,4.652107769997446e-09,,,,,,,,,,,,,,1,73674,73,629904821.0016944,289851736.51315045,2.1731966438404138,1,-282703927.896671,-253704446.818674,-294716057.271677,71887.32889,1407.616216,62413.410747,-231016098.38559,64192909.612907,30767,162519201.859494,150322587.516937,478508164.515613,581233655.372518,-138904804.96505,-153644413.488314,0.6172,1.1877,0.0682,0.2183,0.0058,0.1741,2.2199,0.3172,0.0082,0.4657,0.6035,0.5898,1327,8819,32900,,,
1340,0.000193508653,10201.82,3.009539637407289e-08,1.0690991210937505e-16,1.8090087890625007e-17,276,23,21,20,19/17/16/13/12/11/7/6/3/1/2/4/5/8/9/10/7/15/18/21/22,0,158,4,0.135498/0.340088/0.342041/0.380615/0.251709/1.12207/0.489258/0.32959/0.245117/0.797119/1.2583/1.50562/1.45581/1.82544/0.82373/1.28125/1.36987/0.229004/0.891602/0.55249/0.231445/0.545898/0/0/0/0/0/0/0/0/0/0/0/0/0/0/0/0/0/0/0/0/0/0/0/0/0/0/0/0/0/0/0/0/0/0/0/0/0/0/0/0/0/0/0/0/0/0/0/0/0/0/0/0/0/0/0/0/0/0/0/0/0/0/0/0/0/0/0/0/0/0/0/0/0/0/0/0/0/0/0/0/0/0/0/0/0/0/0/0/0/0/0/0/0/0/0/0/0/0/0/0/0/0/0/0/0/0/0/0/0/0/0/0/0/0/0/0/0/0/0/0/0/0/0/0/0/0/0/0/0/0/0/0/0/0/0/0/0/0/0/0/0/0/0/0/0/0/0/0/0/0/0/0/0/0/0/0/0/0/0/0/0/0/0/0/0/0/0/0/0/0/0/0/0/0/0/0/0/0/0/0/0/0/0/0/0/0/0/0/0/0/0/0/0/0/0/0/0/0/0/0/0/0/0/0/0/0/0/0/0/0/0/0/0/0/0/0/0/0/0/0/0/0/0/0/0/0/0/0/0/0/0/0/0/0/0/0/0/1.68652/0/0/0/0/0/0/0/0/0/0/0/0/0/0/0/0,383.482/2379.52/254.647/248.749/439.589/4238.66/4224.88/248.886/246.661/4494.07/4775.82/5090.96/5279.98/4761.34/4914.1/5513.66/5805.47/4143.37/5985.91/6174.43/4214.67/4229.21/0/0/0/0/0/0/0/0/0/0/0/0/0/0/0/0/0/0/0/0/0/0/0/0/0/0/0/0/0/0/0/0/0/0/0/0/0/0/0/0/0/0/0/0/0/0/0/0/0/0/0/0/0/0/0/0/0/0/0/0/0/0/0/0/0/0/0/0/0/0/0/0/0/0/0/0/0/0/0/0/0/0/0/0/0/0/0/0/0/0/0/0/0/0/0/0/0/0/0/0/0/0/0/0/0/0/0/0/0/0/0/0/0/0/0/0/0/0/0/0/0/0/0/0/0/0/0/0/0/0/0/0/0/0/0/0/0/0/0/0/0/0/0/0/0/0/0/0/0/0/0/0/0/0/0/0/0/0/0/0/0/0/0/0/0/0/0/0/0/0/0/0/0/0/0/0/0/0/0/0/0/0/0/0/0/0/0/0/0/0/0/0/0/0/0/0/0/0/0/0/0/0/0/0/0/0/0/0/0/0/0/0/0/0/0/0/0/0/0/0/0/0/0/0/0/0/0/0/0/0/0/0/0/0/0/0/0/5224.69/0/0/0/0/0/0/0/0/0/0/0/0/0/0/0/0,,,13095,2.8883173207117435e-11,5.115234375000002e-11,-1.7340376665309083e-06,3.066163176918775,1248,2.6659762500341452e-12,62046,1.3775623696992055e-10,2.423671875000001e-10,1.7449012895914299e-06,4.2386566514477596e-06,2.2097086912079615e-06,4.1861221365873795e-06,1,1,nan,0.298006167915088,29,20/19/17/16/13/12/11/15/260/6/17/260/22/6/3/12/20/19/2/4/5/8/9/10/14/15/18/21/22,24,4366.3,1.0,,,4.6545712705672396e-09,,,,,,,,,,,,,,1,73923,82,618878225.2005401,289805982.33073384,2.135491545837935,1,-282568254.41932,-254074455.791017,-288473912.629161,87109.815952,-705.36004,75004.705804,-229801410.303188,66088763.953133,31127,161649059.234515,152058186.213645,469304115.794463,572122022.451261,-141631202.079561,-151804557.769728,0.6299,1.2024,0.0694,0.2174,0.0057,0.17,2.2539,0.3164,0.0082,0.4741,0.5962,0.5909,1352,8634,32960,,,
1360,0.000193508653,10303.17,3.009539637407289e-08,1.0685375976562505e-16,1.8146240234375008e-17,276,23,21,20,19/17/16/13/12/11/7/6/3/1/2/4/5/8/9/10/7/15/18/21/22,0,159,4,0.135742/0.341797/0.342285/0.380615/0.250977/1.12305/0.48877/0.32959/0.244873/0.799072/1.26343/1.51587/1.46289/1.83838/0.82666/1.28564/1.38184/0.229736/0.899414/0.551025/0.221191/0.529297/0/0/0/0/0/0/0/0/0/0/0/0/0/0/0/0/0/0/0/0/0/0/0/0/0/0/0/0/0/0/0/0/0/0/0/0/0/0/0/0/0/0/0/0/0/0/0/0/0/0/0/0/0/0/0/0/0/0/0/0/0/0/0/0/0/0/0/0/0/0/0/0/0/0/0/0/0/0/0/0/0/0/0/0/0/0/0/0/0/0/0/0/0/0/0/0/0/0/0/0/0/0/0/0/0/0/0/0/0/0/0/0/0/0/0/0/0/0/0/0/0/0/0/0/0/0/0/0/0/0/0/0/0/0/0/0/0/0/0/0/0/0/0/0/0/0/0/0/0/0/0/0/0/0/0/0/0/0/0/0/0/0/0/0/0/0/0/0/0/0/0/0/0/0/0/0/0/0/0/0/0/0/0/0/0/0/0/0/0/0/0/0/0/0/0/0/0/0/0/0/0/0/0/0/0/0/0/0/0/0/0/0/0/0/0/0/0/0/0/0/0/0/0/0/0/0/0/0/0/0/0/0/0/0/0/0/0/1.7041/0/0/0/0/0/0/0/0/0/0/0/0/0/0/0/0,383.482/2379.52/254.647/248.749/439.589/4238.66/4224.88/248.886/246.661/4494.07/4775.82/5090.96/5279.98/4761.34/4914.1/5513.66/5805.47/4143.37/5985.91/6174.43/4214.67/4229.21/0/0/0/0/0/0/0/0/0/0/0/0/0/0/0/0/0/0/0/0/0/0/0/0/0/0/0/0/0/0/0/0/0/0/0/0/0/0/0/0/0/0/0/0/0/0/0/0/0/0/0/0/0/0/0/0/0/0/0/0/0/0/0/0/0/0/0/0/0/0/0/0/0/0/0/0/0/0/0/0/0/0/0/0/0/0/0/0/0/0/0/0/0/0/0/0/0/0/0/0/0/0/0/0/0/0/0/0/0/0/0/0/0/0/0/0/0/0/0/0/0/0/0/0/0/0/0/0/0/0/0/0/0/0/0/0/0/0/0/0/0/0/0/0/0/0/0/0/0/0/0/0/0/0/0/0/0/0/0/0/0/0/0/0/0/0/0/0/0/0/0/0/0/0/0/0/0/0/0/0/0/0/0/0/0/0/0/0/0/0/0/0/0/0/0/0/0/0/0/0/0/0/0/0/0/0/0/0/0/0/0/0/0/0/0/0/0/0/0/0/0/0/0/0/0/0/0/0/0/0/0/0/0/0/0/0/0/5229.79/0/0/0/0/0/0/0/0/0/0/0/0/0/0/0/0,,,13106,2.889031579914684e-11,5.119531250000002e-11,-1.7364177808940453e-06,3.0280813471085826,1258,2.6990843203248425e-12,62190,1.3814753903287404e-10,2.429296875000001e-10,1.74355693474198e-06,4.2386566514477596e-06,2.2097086912079615e-06,4.1861221365873795e-06,1,1,nan,0.3043280216231321,29,20/19/17/16/13/12/11/15/260/6/17/260/22/6/3/12/20/19/2/4/5/8/9/10/14/15/18/21/22,24,4367.4,1.0,,,4.657074440379686e-09,,,,,,,,,,,,,,1,74152,76,632007005.8233848,288722063.8252769,2.1889806322728775,1,-279430382.285419,-255778727.52499,-283385646.319821,96771.47296,-3642.6577,92570.450024,-228703616.846804,67485014.923598,31548,163265827.603922,150803670.13884,456241365.689226,558023737.163021,-138815356.203282,-153045470.236326,0.6795,1.2397,0.0679,0.2157,0.0057,0.1686,2.2608,0.3134,0.0082,0.4876,0.588,0.591,1368,8399,33001,,,
1380,0.000203693319,10420.07,2.916517695292748e-08,1.0678295898437505e-16,1.821704101562501e-17,276,23,22,21,19/17/16/13/12/11/7/6/3/1/2/4/5/8/9/10/14/7/15/18/21/22,0,161,4,0.13623/0.343018/0.344727/0.380615/0.250977/1.125/0.489502/0.328613/0.244873/0.802734/1.27124/1.52881/1.47314/1.84912/0.82959/1.29321/1.39038/0.22998/0.901855/0.549805/0.213379/0.516357/0/0/0/0/0/0/0/0/0/0/0/0/0/0/0/0/0/0/0/0/0/0/0/0/0/0/0/0/0/0/0/0/0/0/0/0/0/0/0/0/0/0/0/0/0/0/0/0/0/0/0/0/0/0/0/0/0/0/0/0/0/0/0/0/0/0/0/0/0/0/0/0/0/0/0/0/0/0/0/0/0/0/0/0/0/0/0/0/0/0/0/0/0/0/0/0/0/0/0/0/0/0/0/0/0/0/0/0/0/0/0/0/0/0/0/0/0/0/0/0/0/0/0/0/0/0/0/0/0/0/0/0/0/0/0/0/0/0/0/0/0/0/0/0/0/0/0/0/0/0/0/0/0/0/0/0/0/0/0/0/0/0/0/0/0/0/0/0/0/0/0/0/0/0/0/0/0/0/0/0/0/0/0/0/0/0/0/0/0/0/0/0/0/0/0/0/0/0/0/0/0/0/0/0/0/0/0/0/0/0/0/0/0/0/0/0/0/0/0/0/0/0/0/0/0/0/0/0/0/0/0/0/0/0/0/0/0/1.72388/0/0/0/0/0/0/0/0/0/0/0/0/0/0/0/0,383.482/2379.52/254.647/248.749/439.589/4238.66/4224.88/248.886/246.661/4494.07/4775.82/5090.96/5279.98/4761.34/4914.1/5513.66/5805.47/4143.37/5985.91/6201.93/4214.67/4229.21/0/0/0/0/0/0/0/0/0/0/0/0/0/0/0/0/0/0/0/0/0/0/0/0/0/0/0/0/0/0/0/0/0/0/0/0/0/0/0/0/0/0/0/0/0/0/0/0/0/0/0/0/0/0/0/0/0/0/0/0/0/0/0/0/0/0/0/0/0/0/0/0/0/0/0/0/0/0/0/0/0/0/0/0/0/0/0/0/0/0/0/0/0/0/0/0/0/0/0/0/0/0/0/0/0/0/0/0/0/0/0/0/0/0/0/0/0/0/0/0/0/0/0/0/0/0/0/0/0/0/0/0/0/0/0/0/0/0/0/0/0/0/0/0/0/0/0/0/0/0/0/0/0/0/0/0/0/0/0/0/0/0/0/0/0/0/0/0/0/0/0/0/0/0/0/0/0/0/0/0/0/0/0/0/0/0/0/0/0/0/0/0/0/0/0/0/0/0/0/0/0/0/0/0/0/0/0/0/0/0/0/0/0/0/0/0/0/0/0/0/0/0/0/0/0/0/0/0/0/0/0/0/0/0/0/0/0/5231.24/0/0/0/0/0/0/0/0/0/0/0/0/0/0/0/0,,,13115,2.889004514430787e-11,5.123046875000002e-11,-1.739527319063535e-06,2.978328736396747,1273,2.7329213773114436e-12,62484,1.3885084035685664e-10,2.4407812500000007e-10,1.7434814664428523e-06,4.2386566514477596e-06,2.2097086912079615e-06,4.1861221365873795e-06,1,1,nan,0.29404550963577686,29,20/19/17/16/13/12/11/15/260/6/17/260/22/6/3/12/20/19/2/4/5/8/9/10/14/15/18/21/22,24,4368.1,1.0,,,4.6624184282682754e-09,,,,,,,,,,,,,,1,74439,76,630129705.0896639,298870174.32888114,2.1083726621588537,1,-277189523.228571,-256760586.434382,-279815257.708907,140388.818509,-1538.118539,171617.543441,-227906720.494107,78207811.842572,31898,173940088.552774,161090406.16996,421167342.542989,544273951.060261,-139099162.164806,-152336999.947107,0.7341,1.2529,0.0808,0.2135,0.0057,0.1669,2.3105,0.3143,0.0083,0.489,0.5826,0.5923,1413,8231,33060,,,
1400,0.000203693319,10540.16,2.916517695292748e-08,1.0671142578125005e-16,1.8288574218750008e-17,276,23,22,21,19/17/16/13/12/11/7/6/3/1/2/4/5/8/9/10/14/7/15/18/21/22,0,162,4,0.13623/0.345459/0.346924/0.380859/0.250732/1.12744/0.493164/0.328369/0.244385/0.803467/1.27954/1.53589/1.48486/1.86133/0.834717/1.29785/1.39966/0.230225/0.905762/0.550049/0.202637/0.504883/0/0/0/0/0/0/0/0/0/0/0/0/0/0/0/0/0/0/0/0/0/0/0/0/0/0/0/0/0/0/0/0/0/0/0/0/0/0/0/0/0/0/0/0/0/0/0/0/0/0/0/0/0/0/0/0/0/0/0/0/0/0/0/0/0/0/0/0/0/0/0/0/0/0/0/0/0/0/0/0/0/0/0/0/0/0/0/0/0/0/0/0/0/0/0/0/0/0/0/0/0/0/0/0/0/0/0/0/0/0/0/0/0/0/0/0/0/0/0/0/0/0/0/0/0/0/0/0/0/0/0/0/0/0/0/0/0/0/0/0/0/0/0/0/0/0/0/0/0/0/0/0/0/0/0/0/0/0/0/0/0/0/0/0/0/0/0/0/0/0/0/0/0/0/0/0/0/0/0/0/0/0/0/0/0/0/0/0/0/0/0/0/0/0/0/0/0/0/0/0/0/0/0/0/0/0/0/0/0/0/0/0/0/0/0/0/0/0/0/0/0/0/0/0/0/0/0/0/0/0/0/0/0/0/0/0/0/1.74414/0/0/0/0/0/0/0/0/0/0/0/0/0/0/0/0,383.482/2379.52/254.647/248.749/439.589/4264.2/4224.88/248.886/246.661/4494.07/4775.82/5090.96/5279.98/4761.34/4914.1/5513.66/5805.47/4163.02/5985.91/6201.93/4209.55/4229.21/0/0/0/0/0/0/0/0/0/0/0/0/0/0/0/0/0/0/0/0/0/0/0/0/0/0/0/0/0/0/0/0/0/0/0/0/0/0/0/0/0/0/0/0/0/0/0/0/0/0/0/0/0/0/0/0/0/0/0/0/0/0/0/0/0/0/0/0/0/0/0/0/0/0/0/0/0/0/0/0/0/0/0/0/0/0/0/0/0/0/0/0/0/0/0/0/0/0/0/0/0/0/0/0/0/0/0/0/0/0/0/0/0/0/0/0/0/0/0/0/0/0/0/0/0/0/0/0/0/0/0/0/0/0/0/0/0/0/0/0/0/0/0/0/0/0/0/0/0/0/0/0/0/0/0/0/0/0/0/0/0/0/0/0/0/0/0/0/0/0/0/0/0/0/0/0/0/0/0/0/0/0/0/0/0/0/0/0/0/0/0/0/0/0/0/0/0/0/0/0/0/0/0/0/0/0/0/0/0/0/0/0/0/0/0/0/0/0/0/0/0/0/0/0/0/0/0/0/0/0/0/0/0/0/0/0/0/5231.24/0/0/0/0/0/0/0/0/0/0/0/0/0/0/0/0,1-2:0.371481/1-3:0.374118/2-4:1.32497/2-16:0.0395218/2-17:0.0870954/2-19:0.021649/3-6:1.52026/3-20:0.133621/4-5:1.52963/4-13:0.026105/4-16:0.131712/4-17:0.00477532/5-8:0.988325/5-13:0.0966463/5-16:0.00518499/6-7:1.14328/6-10:0.580573/6-11:0.419062/6-16:0.67513/6-22:0.0182825/7-10:0.477603/7-14:0.210076/7-15:0.1454/7-19:0.0164641/7-22:0.170096/8-9:1.39724/8-11:0.0213296/8-12:0.183742/8-13:0.00691323/9-10:0.963539/9-11:0.114429/9-12:0.00691323/10-11:0.783629/10-14:1.40908/11-12:2.07039/11-14:0.337201/11-15:0.00996031/11-16:0.183473/12-13:1.5541/12-17:0.0535776/13-16:1.63715/13-20:0.00691298/14-15:0.438851/14-17:0.517533/14-19:0.412928/15-18:1.13577/15-19:0.223902/16-17:1.466/17-19:1.07938/18-21:0.755241/19-20:1.37923/21-22:0.242087,1-2:-28.483/1-3:-33.901/2-4:-24.551/2-16:-24.364/2-17:-25.763/2-19:-26.839/3-6:-37.858/3-20:-35.992/4-5:-20.556/4-13:-20.337/4-16:-21.507/4-17:-22.731/5-8:-16.609/5-13:-18.346/5-16:-19.949/6-7:-41.825/6-10:-41.923/6-11:-0.00096161/6-16:-38.871/6-22:-42.115/7-10:-42.063/7-14:-1.2133/7-15:2.1253/7-19:-30.847/7-22:-42.472/8-9:-12.612/8-11:-12.45/8-12:-13.943/8-13:-15.472/9-10:-8.6401/9-11:-10.216/9-12:-11.257/10-11:-6.556/10-14:-3.8598/11-12:-53.772/11-14:-17.965/11-15:-72.442/11-16:0.12546/12-13:-56.322/12-17:0.13289/13-16:-48.283/13-20:-17.115/14-15:-6.3208/14-17:-12.456/14-19:-12.231/15-18:-8.6281/15-19:0.32598/16-17:-50.351/17-19:-49.016/18-21:-5.9415/19-20:-41.06/21-22:0.3169,13127,2.890155364888545e-11,5.127734375000002e-11,-1.743039645026011e-06,2.922131520997133,1299,2.7923634230250118e-12,62728,1.3943343874290167e-10,2.4503125000000007e-10,1.7433898891497376e-06,4.264198182074769e-06,2.2097086912079615e-06,4.1861221365873795e-06,1,1,nan,0.2934522582341954,30,20/19/17/16/13/12/11/15/14/260/6/17/260/22/6/3/12/20/19/2/4/5/8/9/10/14/15/18/21/22,25,4368.1,1.0,,,4.667104627956621e-09,3,22/1/1,1/12/12,2,2,0.904632/0/0/0/0/0/0/0/0/0/0/0.0953678,0.870164,22/1/1,7279/2832/3055,8401/4768/2677,6983/4198/4022,20/1/1,34/2/2,1,74714,86,628858387.1525677,298603213.84111196,2.106000062970474,1,-269284195.541102,-257363701.76436,-275122220.325446,309857.944553,-4546.366914,249503.331627,-227249493.068655,78940959.490538,32229,174017724.933744,161806156.655178,422083487.880259,529476445.429343,-140480513.639729,-151509974.459277,0.8152,1.2537,0.0787,0.2076,0.0057,0.1661,2.286,0.3119,0.0083,0.5091,0.5767,0.5931,1436,8091,33146,2062.6,662.9,1184.6
1420,0.000203693319,10725.14,2.916517695292748e-08,1.0664355468750004e-16,1.835644531250001e-17,276,23,22,21,19/17/16/13/12/11/7/6/3/1/2/4/5/8/9/10/14/7/15/18/21/22,0,161,3,0.13623/0.347656/0.349609/0.381104/0.250488/1.12939/0.494385/0.328613/0.244385/0.804932/1.28589/1.54834/1.4939/1.87207/0.837891/1.3042/1.40894/0.230469/0.9104/0.550293/0.19458/0.495605/0/0/0/0/0/0/0/0/0/0/0/0/0/0/0/0/0/0/0/0/0/0/0/0/0/0/0/0/0/0/0/0/0/0/0/0/0/0/0/0/0/0/0/0/0/0/0/0/0/0/0/0/0/0/0/0/0/0/0/0/0/0/0/0/0/0/0/0/0/0/0/0/0/0/0/0/0/0/0/0/0/0/0/0/0/0/0/0/0/0/0/0/0/0/0/0/0/0/0/0/0/0/0/0/0/0/0/0/0/0/0/0/0/0/0/0/0/0/0/0/0/0/0/0/0/0/0/0/0/0/0/0/0/0/0/0/0/0/0/0/0/0/0/0/0/0/0/0/0/0/0/0/0/0/0/0/0/0/0/0/0/0/0/0/0/0/0/0/0/0/0/0/0/0/0/0/0/0/0/0/0/0/0/0/0/0/0/0/0/0/0/0/0/0/0/0/0/0/0/0/0/0/0/0/0/0/0/0/0/0/0/0/0/0/0/0/0/0/0/0/0/0/0/0/0/0/0/0/0/0/0/0/0/0/0/0/0/1.75708/0/0/0/0/0/0/0/0/0/0/0/0/0/0/0/0,383.482/2379.52/262.66/248.749/439.589/4291.85/4224.88/248.886/246.661/4494.07/4775.82/5090.96/5279.98/4761.34/4914.1/5513.66/5805.47/4163.02/5985.91/6201.93/4203.79/4229.21/0/0/0/0/0/0/0/0/0/0/0/0/0/0/0/0/0/0/0/0/0/0/0/0/0/0/0/0/0/0/0/0/0/0/0/0/0/0/0/0/0/0/0/0/0/0/0/0/0/0/0/0/0/0/0/0/0/0/0/0/0/0/0/0/0/0/0/0/0/0/0/0/0/0/0/0/0/0/0/0/0/0/0/0/0/0/0/0/0/0/0/0/0/0/0/0/0/0/0/0/0/0/0/0/0/0/0/0/0/0/0/0/0/0/0/0/0/0/0/0/0/0/0/0/0/0/0/0/0/0/0/0/0/0/0/0/0/0/0/0/0/0/0/0/0/0/0/0/0/0/0/0/0/0/0/0/0/0/0/0/0/0/0/0/0/0/0/0/0/0/0/0/0/0/0/0/0/0/0/0/0/0/0/0/0/0/0/0/0/0/0/0/0/0/0/0/0/0/0/0/0/0/0/0/0/0/0/0/0/0/0/0/0/0/0/0/0/0/0/0/0/0/0/0/0/0/0/0/0/0/0/0/0/0/0/0/0/5231.24/0/0/0/0/0/0/0/0/0/0/0/0/0/0/0/0,,,13132,2.8898326261590238e-11,5.129687500000002e-11,-1.7466264467569132e-06,2.864742693302696,1299,2.793682129114429e-12,62992,1.4006906467429682e-10,2.460625000000001e-10,1.7429569065518572e-06,4.2918521422013564e-06,2.2097086912079615e-06,4.1861221365873795e-06,1,1,nan,0.29386453668510204,28,20/19/17/16/13/12/11/15/260/17/260/22/6/3/12/20/19/2/4/5/8/9/10/14/15/18/21/22,23,4368.7,1.0,,,4.672064160772699e-09,,,,,,,,,,,,,,1,74972,94,629741886.1014427,298291514.66109884,2.1111625881041842,1,-266714997.487426,-257197131.559206,-271551587.097893,386309.346901,-5570.282798,408457.070098,-226876647.615001,79306764.603342,32442,174898538.358206,162885119.470896,520104619.767229,558045208.170075,-139113071.654268,-150622977.353012,0.8641,1.3109,0.0811,0.2067,0.0058,0.162,2.3109,0.3098,0.0083,0.5101,0.5723,0.5938,1478,8010,33249,,,
1440,0.000203693319,10826.62,2.916517695292748e-08,1.0657836914062505e-16,1.8421630859375007e-17,276,23,22,21,19/17/16/13/12/11/7/6/3/1/2/4/5/8/9/10/14/7/15/18/21/22,0,162,3,0.136475/0.349854/0.350342/0.381348/0.250244/1.13037/0.496094/0.329346/0.244385/0.807129/1.2915/1.55957/1.50391/1.87964/0.841797/1.31006/1.4187/0.231201/0.918457/0.549072/0.1875/0.48584/0/0/0/0/0/0/0/0/0/0/0/0/0/0/0/0/0/0/0/0/0/0/0/0/0/0/0/0/0/0/0/0/0/0/0/0/0/0/0/0/0/0/0/0/0/0/0/0/0/0/0/0/0/0/0/0/0/0/0/0/0/0/0/0/0/0/0/0/0/0/0/0/0/0/0/0/0/0/0/0/0/0/0/0/0/0/0/0/0/0/0/0/0/0/0/0/0/0/0/0/0/0/0/0/0/0/0/0/0/0/0/0/0/0/0/0/0/0/0/0/0/0/0/0/0/0/0/0/0/0/0/0/0/0/0/0/0/0/0/0/0/0/0/0/0/0/0/0/0/0/0/0/0/0/0/0/0/0/0/0/0/0/0/0/0/0/0/0/0/0/0/0/0/0/0/0/0/0/0/0/0/0/0/0/0/0/0/0/0/0/0/0/0/0/0/0/0/0/0/0/0/0/0/0/0/0/0/0/0/0/0/0/0/0/0/0/0/0/0/0/0/0/0/0/0/0/0/0/0/0/0/0/0/0/0/0/0/1.7688/0/0/0/0/0/0/0/0/0/0/0/0/0/0/0/0,383.482/2379.52/290.314/248.749/439.589/4291.85/4224.88/248.886/246.661/4494.07/4775.82/5090.96/5279.98/4761.34/4914.1/5513.66/5805.47/4163.02/5985.91/6201.93/4201.56/4229.21/0/0/0/0/0/0/0/0/0/0/0/0/0/0/0/0/0/0/0/0/0/0/0/0/0/0/0/0/0/0/0/0/0/0/0/0/0/0/0/0/0/0/0/0/0/0/0/0/0/0/0/0/0/0/0/0/0/0/0/0/0/0/0/0/0/0/0/0/0/0/0/0/0/0/0/0/0/0/0/0/0/0/0/0/0/0/0/0/0/0/0/0/0/0/0/0/0/0/0/0/0/0/0/0/0/0/0/0/0/0/0/0/0/0/0/0/0/0/0/0/0/0/0/0/0/0/0/0/0/0/0/0/0/0/0/0/0/0/0/0/0/0/0/0/0/0/0/0/0/0/0/0/0/0/0/0/0/0/0/0/0/0/0/0/0/0/0/0/0/0/0/0/0/0/0/0/0/0/0/0/0/0/0/0/0/0/0/0/0/0/0/0/0/0/0/0/0/0/0/0/0/0/0/0/0/0/0/0/0/0/0/0/0/0/0/0/0/0/0/0/0/0/0/0/0/0/0/0/0/0/0/0/0/0/0/0/0/5231.24/0/0/0/0/0/0/0/0/0/0/0/0/0/0/0/0,,,13135,2.8886367688505828e-11,5.130859375000002e-11,-1.7473226321278058e-06,2.8536037273684154,1317,2.830065868554491e-12,63246,1.407058708116475e-10,2.470546875000001e-10,1.7423367766837775e-06,4.2918521422013564e-06,2.2097086912079615e-06,4.1861221365873795e-06,1,1,nan,0.31370810199027305,30,20/19/17/16/13/12/11/15/14/260/17/260/22/7/6/3/12/20/19/2/4/5/8/9/10/14/15/18/21/22,25,4369.7,1.0,,,4.677044458061008e-09,,,,,,,,,,,,,,1,75232,97,672265983.7119219,297933209.520575,2.2564318519365862,1,-267726852.169661,-257328960.936874,-268608116.930723,610201.698529,-7766.456123,724383.59972,-226600968.770684,79940770.661302,32737,169035941.709748,163269746.691675,509085526.173149,541690127.844449,-143092024.525641,-150827167.620281,0.8401,1.2655,0.0818,0.2052,0.0058,0.1609,2.2026,0.3111,0.0084,0.5191,0.566,0.5955,1493,7885,33330,,,
1460,0.000203693319,10934.44,2.916517695292748e-08,1.0651464843750005e-16,1.8485351562500007e-17,276,23,22,21,19/17/16/13/12/11/7/6/3/1/2/4/5/8/9/10/14/7/15/18/21/22,0,161,3,0.136963/0.351563/0.350342/0.381348/0.249756/1.13232/0.498779/0.32959/0.244141/0.808838/1.29858/1.57056/1.5105/1.89136/0.842285/1.31665/1.427/0.230957/0.925781/0.549316/0.180664/0.477783/0/0/0/0/0/0/0/0/0/0/0/0/0/0/0/0/0/0/0/0/0/0/0/0/0/0/0/0/0/0/0/0/0/0/0/0/0/0/0/0/0/0/0/0/0/0/0/0/0/0/0/0/0/0/0/0/0/0/0/0/0/0/0/0/0/0/0/0/0/0/0/0/0/0/0/0/0/0/0/0/0/0/0/0/0/0/0/0/0/0/0/0/0/0/0/0/0/0/0/0/0/0/0/0/0/0/0/0/0/0/0/0/0/0/0/0/0/0/0/0/0/0/0/0/0/0/0/0/0/0/0/0/0/0/0/0/0/0/0/0/0/0/0/0/0/0/0/0/0/0/0/0/0/0/0/0/0/0/0/0/0/0/0/0/0/0/0/0/0/0/0/0/0/0/0/0/0/0/0/0/0/0/0/0/0/0/0/0/0/0/0/0/0/0/0/0/0/0/0/0/0/0/0/0/0/0/0/0/0/0/0/0/0/0/0/0/0/0/0/0/0/0/0/0/0/0/0/0/0/0/0/0/0/0/0/0/0/1.78027/0/0/0/0/0/0/0/0/0/0/0/0/0/0/0/0,383.482/2379.52/290.314/248.749/439.589/4291.85/4224.88/248.886/246.661/4494.07/4775.82/5090.96/5279.98/4761.34/4914.1/5513.66/5805.47/4144.81/5985.91/6201.93/4201.56/4229.21/0/0/0/0/0/0/0/0/0/0/0/0/0/0/0/0/0/0/0/0/0/0/0/0/0/0/0/0/0/0/0/0/0/0/0/0/0/0/0/0/0/0/0/0/0/0/0/0/0/0/0/0/0/0/0/0/0/0/0/0/0/0/0/0/0/0/0/0/0/0/0/0/0/0/0/0/0/0/0/0/0/0/0/0/0/0/0/0/0/0/0/0/0/0/0/0/0/0/0/0/0/0/0/0/0/0/0/0/0/0/0/0/0/0/0/0/0/0/0/0/0/0/0/0/0/0/0/0/0/0/0/0/0/0/0/0/0/0/0/0/0/0/0/0/0/0/0/0/0/0/0/0/0/0/0/0/0/0/0/0/0/0/0/0/0/0/0/0/0/0/0/0/0/0/0/0/0/0/0/0/0/0/0/0/0/0/0/0/0/0/0/0/0/0/0/0/0/0/0/0/0/0/0/0/0/0/0/0/0/0/0/0/0/0/0/0/0/0/0/0/0/0/0/0/0/0/0/0/0/0/0/0/0/0/0/0/0/5231.24/0/0/0/0/0/0/0/0/0/0/0/0/0/0/0/0,,,13144,2.8892691075559672e-11,5.134375000000002e-11,-1.7524933872716365e-06,2.770871645067124,1330,2.852534071850194e-12,63490,1.4133594210546584e-10,2.480078125000001e-10,1.7428772527989403e-06,4.2918521422013564e-06,2.1655145173838024e-06,4.1861221365873795e-06,1,1,nan,0.3073662177011107,30,20/19/17/16/13/12/11/15/14/260/17/260/22/7/6/3/12/20/19/2/4/5/8/9/10/14/15/18/21/22,25,4370.3,1.0,,,4.682011888682051e-09,,,,,,,,,,,,,,1,75474,102,658675537.5194514,297826160.4561905,2.2116107480636877,1,-263262550.748129,-258589751.237616,-265980957.439431,865053.561566,-10065.08667,3749252.009358,-226367040.112394,80381068.597627,33090,166224094.579862,161698526.018513,505595035.763647,526454034.502787,-146738778.062679,-150791924.822583,0.8608,1.2421,0.0852,0.2008,0.0058,0.1623,2.1764,0.3091,0.0084,0.5174,0.5591,0.5965,1498,7723,33387,,,
1480,0.000213877985,11055.88,2.829073777332103e-08,1.0644409179687505e-16,1.855590820312501e-17,276,23,22,21,19/17/16/13/12/11/7/6/3/1/2/4/5/8/9/10/14/7/15/18/21/22,0,160,3,0.136963/0.355469/0.350342/0.381348/0.249023/1.1333/0.498779/0.329834/0.243896/0.810303/1.30835/1.5813/1.52051/1.90356/0.844727/1.32129/1.43555/0.230957/0.930664/0.549072/0.174072/0.471924/0/0/0/0/0/0/0/0/0/0/0/0/0/0/0/0/0/0/0/0/0/0/0/0/0/0/0/0/0/0/0/0/0/0/0/0/0/0/0/0/0/0/0/0/0/0/0/0/0/0/0/0/0/0/0/0/0/0/0/0/0/0/0/0/0/0/0/0/0/0/0/0/0/0/0/0/0/0/0/0/0/0/0/0/0/0/0/0/0/0/0/0/0/0/0/0/0/0/0/0/0/0/0/0/0/0/0/0/0/0/0/0/0/0/0/0/0/0/0/0/0/0/0/0/0/0/0/0/0/0/0/0/0/0/0/0/0/0/0/0/0/0/0/0/0/0/0/0/0/0/0/0/0/0/0/0/0/0/0/0/0/0/0/0/0/0/0/0/0/0/0/0/0/0/0/0/0/0/0/0/0/0/0/0/0/0/0/0/0/0/0/0/0/0/0/0/0/0/0/0/0/0/0/0/0/0/0/0/0/0/0/0/0/0/0/0/0/0/0/0/0/0/0/0/0/0/0/0/0/0/0/0/0/0/0/0/0/1.79468/0/0/0/0/0/0/0/0/0/0/0/0/0/0/0/0,383.482/2379.52/290.314/248.749/439.589/4291.85/4224.88/248.886/246.661/4494.07/4775.82/5090.96/5281.41/4761.34/4914.1/5513.66/5805.47/4144.81/5985.91/6201.93/4216.11/4229.21/0/0/0/0/0/0/0/0/0/0/0/0/0/0/0/0/0/0/0/0/0/0/0/0/0/0/0/0/0/0/0/0/0/0/0/0/0/0/0/0/0/0/0/0/0/0/0/0/0/0/0/0/0/0/0/0/0/0/0/0/0/0/0/0/0/0/0/0/0/0/0/0/0/0/0/0/0/0/0/0/0/0/0/0/0/0/0/0/0/0/0/0/0/0/0/0/0/0/0/0/0/0/0/0/0/0/0/0/0/0/0/0/0/0/0/0/0/0/0/0/0/0/0/0/0/0/0/0/0/0/0/0/0/0/0/0/0/0/0/0/0/0/0/0/0/0/0/0/0/0/0/0/0/0/0/0/0/0/0/0/0/0/0/0/0/0/0/0/0/0/0/0/0/0/0/0/0/0/0/0/0/0/0/0/0/0/0/0/0/0/0/0/0/0/0/0/0/0/0/0/0/0/0/0/0/0/0/0/0/0/0/0/0/0/0/0/0/0/0/0/0/0/0/0/0/0/0/0/0/0/0/0/0/0/0/0/0/5244.34/0/0/0/0/0/0/0/0/0/0/0/0/0/0/0/0,,,13164,2.89259381574299e-11,5.142187500000002e-11,-1.7555046159135315e-06,2.722691986796804,1321,2.8330232403178855e-12,63822,1.4212865573713002e-10,2.493046875000001e-10,1.7423315864536453e-06,4.2918521422013564e-06,2.1655145173838024e-06,4.1861221365873795e-06,1,1,nan,0.28526362147182355,30,20/19/17/16/13/12/11/15/14/260/17/260/22/7/6/3/12/20/19/2/4/5/8/9/10/14/15/18/21/22,25,4370.6,1.0,,,4.689358653671746e-09,,,,,,,,,,,,,,1,75745,108,630205422.1718532,306112396.1625453,2.058738653096606,1,-260103320.780811,-259315833.175436,-263326854.368062,8854345.039133,-5677.173954,17459934.527986,-226273550.877955,90188348.970758,33367,176951233.317076,171178071.932723,504355821.546199,513287907.785357,-146695664.652125,-151168831.777883,0.9543,1.2959,0.0973,0.1987,0.0059,0.1641,2.2239,0.3127,0.0085,0.5287,0.5555,0.5981,1549,7620,33456,,,
1500,0.000213877985,11182.29,2.829073777332103e-08,1.0638354492187505e-16,1.8616455078125008e-17,276,23,22,21,19/17/16/13/12/11/7/6/3/1/2/4/5/8/9/10/14/7/15/18/21/22,0,160,3,0.136963/0.357666/0.351318/0.381836/0.248535/1.1355/0.499512/0.329834/0.243408/0.810547/1.31323/1.59204/1.52954/1.91406/0.846924/1.32593/1.44409/0.230957/0.934814/0.551025/0.167236/0.462646/0/0/0/0/0/0/0/0/0/0/0/0/0/0/0/0/0/0/0/0/0/0/0/0/0/0/0/0/0/0/0/0/0/0/0/0/0/0/0/0/0/0/0/0/0/0/0/0/0/0/0/0/0/0/0/0/0/0/0/0/0/0/0/0/0/0/0/0/0/0/0/0/0/0/0/0/0/0/0/0/0/0/0/0/0/0/0/0/0/0/0/0/0/0/0/0/0/0/0/0/0/0/0/0/0/0/0/0/0/0/0/0/0/0/0/0/0/0/0/0/0/0/0/0/0/0/0/0/0/0/0/0/0/0/0/0/0/0/0/0/0/0/0/0/0/0/0/0/0/0/0/0/0/0/0/0/0/0/0/0/0/0/0/0/0/0/0/0/0/0/0/0/0/0/0/0/0/0/0/0/0/0/0/0/0/0/0/0/0/0/0/0/0/0/0/0/0/0/0/0/0/0/0/0/0/0/0/0/0/0/0/0/0/0/0/0/0/0/0/0/0/0/0/0/0/0/0/0/0/0/0/0/0/0/0/0/0/1.80884/0/0/0/0/0/0/0/0/0/0/0/0/0/0/0/0,383.482/2379.52/290.314/251.762/439.589/4291.85/4224.88/248.886/246.661/4494.07/4775.82/5090.96/5281.41/4761.34/4920.65/5527.41/5805.47/4144.81/5985.91/6201.93/4216.11/4229.21/0/0/0/0/0/0/0/0/0/0/0/0/0/0/0/0/0/0/0/0/0/0/0/0/0/0/0/0/0/0/0/0/0/0/0/0/0/0/0/0/0/0/0/0/0/0/0/0/0/0/0/0/0/0/0/0/0/0/0/0/0/0/0/0/0/0/0/0/0/0/0/0/0/0/0/0/0/0/0/0/0/0/0/0/0/0/0/0/0/0/0/0/0/0/0/0/0/0/0/0/0/0/0/0/0/0/0/0/0/0/0/0/0/0/0/0/0/0/0/0/0/0/0/0/0/0/0/0/0/0/0/0/0/0/0/0/0/0/0/0/0/0/0/0/0/0/0/0/0/0/0/0/0/0/0/0/0/0/0/0/0/0/0/0/0/0/0/0/0/0/0/0/0/0/0/0/0/0/0/0/0/0/0/0/0/0/0/0/0/0/0/0/0/0/0/0/0/0/0/0/0/0/0/0/0/0/0/0/0/0/0/0/0/0/0/0/0/0/0/0/0/0/0/0/0/0/0/0/0/0/0/0/0/0/0/0/0/5244.34/0/0/0/0/0/0/0/0/0/0/0/0/0/0/0/0,1-2:0.371481/1-3:0.377165/2-4:1.32497/2-16:0.0395218/2-17:0.0940085/2-19:0.021649/3-6:1.52067/3-20:0.125389/4-5:1.51876/4-13:0.026105/4-16:0.131712/4-17:0.00477532/5-8:0.985278/5-13:0.0931897/5-16:0.00518499/6-7:1.14328/6-10:0.586168/6-11:0.419062/6-16:0.69546/6-22:0.0121883/7-10:0.496205/7-14:0.200116/7-15:0.143672/7-19:0.0151452/7-22:0.160135/8-9:1.39724/8-11:0.0213296/8-12:0.183742/8-13:0.00691323/9-10:0.966586/9-11:0.114429/9-12:0.00691323/10-11:0.788814/10-14:1.40166/11-12:2.07039/11-14:0.340658/11-15:0.00996031/11-16:0.19648/12-13:1.55105/12-17:0.0821401/13-16:1.64661/13-20:0.0120977/14-15:0.484287/14-17:0.544776/14-19:0.426255/15-18:1.12531/15-19:0.227358/16-17:1.45991/17-19:1.07024/18-21:0.717037/19-20:1.36836/21-22:0.158178,1-2:-28.483/1-3:-33.896/2-4:-24.551/2-16:-24.364/2-17:-25.901/2-19:-26.839/3-6:-37.858/3-20:-35.99/4-5:-20.554/4-13:-20.337/4-16:-21.507/4-17:-22.731/5-8:-16.609/5-13:-18.389/5-16:-19.949/6-7:-41.825/6-10:-42.374/6-11:-0.00096161/6-16:-39.359/6-22:-42.109/7-10:-42.707/7-14:-1.2226/7-15:2.1253/7-19:-38.198/7-22:-42.482/8-9:-12.612/8-11:-12.45/8-12:-13.943/8-13:-15.472/9-10:-8.6385/9-11:-10.216/9-12:-11.257/10-11:-6.5139/10-14:-3.8591/11-12:-53.772/11-14:-17.709/11-15:-72.442/11-16:-0.52227/12-13:-56.323/12-17:-7.5264/13-16:-48.863/13-20:-24.73/14-15:-7.5634/14-17:-12.655/14-19:-14.189/15-18:-8.7878/15-19:0.35874/16-17:-50.136/17-19:-49.234/18-21:-6.2974/19-20:-41.06/21-22:0.2531,13160,2.889001223840106e-11,5.140625000000002e-11,-1.7567152991883763e-06,2.703321054399287,1325,2.8478489668860376e-12,64018,1.426071942239789e-10,2.500703125000001e-10,1.7419074823291287e-06,4.2918521422013564e-06,2.1655145173838024e-06,4.1861221365873795e-06,1,1,nan,0.2846632759135153,30,20/19/17/16/13/12/11/15/14/260/17/260/22/7/6/3/12/20/19/2/4/5/8/9/10/14/15/18/21/22,25,4371.3,1.0,,,4.6980279381826065e-09,3,22/1/1,1/12/12,2,2,0.902837/0/0/0/0/0/0/0/0/0/0/0.0971634,0.867816,22/1/1,7279/2859/3055,8401/4789/2732,6983/4198/4066,21/1/1,34/2/2,1,75984,110,628879136.5975813,306874350.9955641,2.0493049828288576,1,-256271412.791753,-260440948.511476,-261064641.523609,9816034.39961,-7957.565378,20713557.41737,-225907257.935198,90980514.379013,33512,176828090.729923,170743391.801702,532829926.225493,648833020.590313,-144969731.774093,-151768442.885557,0.9296,1.3049,0.0965,0.1983,0.0058,0.1626,2.1996,0.3119,0.0086,0.5381,0.5518,0.5986,1613,7550,33564,2101.1,662.9,1169.3
1520,0.000213877985,11365.67,2.829073777332103e-08,1.0630908203125005e-16,1.869091796875001e-17,276,23,22,21,19/17/16/13/12/11/7/6/3/1/2/4/5/8/9/10/14/7/15/18/21/22,0,160,3,0.136963/0.360352/0.353027/0.38208/0.248535/1.13623/0.500977/0.329346/0.243164/0.811768/1.32129/1.60254/1.53809/1.92773/0.848877/1.33472/1.45508/0.230469/0.940918/0.550537/0.161133/0.456299/0/0/0/0/0/0/0/0/0/0/0/0/0/0/0/0/0/0/0/0/0/0/0/0/0/0/0/0/0/0/0/0/0/0/0/0/0/0/0/0/0/0/0/0/0/0/0/0/0/0/0/0/0/0/0/0/0/0/0/0/0/0/0/0/0/0/0/0/0/0/0/0/0/0/0/0/0/0/0/0/0/0/0/0/0/0/0/0/0/0/0/0/0/0/0/0/0/0/0/0/0/0/0/0/0/0/0/0/0/0/0/0/0/0/0/0/0/0/0/0/0/0/0/0/0/0/0/0/0/0/0/0/0/0/0/0/0/0/0/0/0/0/0/0/0/0/0/0/0/0/0/0/0/0/0/0/0/0/0/0/0/0/0/0/0/0/0/0/0/0/0/0/0/0/0/0/0/0/0/0/0/0/0/0/0/0/0/0/0/0/0/0/0/0/0/0/0/0/0/0/0/0/0/0/0/0/0/0/0/0/0/0/0/0/0/0/0/0/0/0/0/0/0/0/0/0/0/0/0/0/0/0/0/0/0/0/0/1.8208/0/0/0/0/0/0/0/0/0/0/0/0/0/0/0/0,383.482/2407.17/290.314/251.762/439.589/4291.85/4224.88/248.886/246.661/4494.07/4775.82/5108.39/5281.41/4761.34/4920.65/5527.41/5805.47/4144.81/5985.91/6201.93/4216.11/4229.21/0/0/0/0/0/0/0/0/0/0/0/0/0/0/0/0/0/0/0/0/0/0/0/0/0/0/0/0/0/0/0/0/0/0/0/0/0/0/0/0/0/0/0/0/0/0/0/0/0/0/0/0/0/0/0/0/0/0/0/0/0/0/0/0/0/0/0/0/0/0/0/0/0/0/0/0/0/0/0/0/0/0/0/0/0/0/0/0/0/0/0/0/0/0/0/0/0/0/0/0/0/0/0/0/0/0/0/0/0/0/0/0/0/0/0/0/0/0/0/0/0/0/0/0/0/0/0/0/0/0/0/0/0/0/0/0/0/0/0/0/0/0/0/0/0/0/0/0/0/0/0/0/0/0/0/0/0/0/0/0/0/0/0/0/0/0/0/0/0/0/0/0/0/0/0/0/0/0/0/0/0/0/0/0/0/0/0/0/0/0/0/0/0/0/0/0/0/0/0/0/0/0/0/0/0/0/0/0/0/0/0/0/0/0/0/0/0/0/0/0/0/0/0/0/0/0/0/0/0/0/0/0/0/0/0/0/0/5244.34/0/0/0/0/0/0/0/0/0/0/0/0/0/0/0/0,,,13182,2.8910890185738373e-11,5.149218750000002e-11,-1.7574358068746201e-06,2.691792931419385,1336,2.8734539556130044e-12,64208,1.430911897618048e-10,2.508125000000001e-10,1.740936599373564e-06,4.2918521422013564e-06,2.1655145173838024e-06,4.1861221365873795e-06,1,1,nan,0.28447181603710286,30,20/19/17/16/13/12/11/15/14/260/17/260/22/7/6/3/12/20/19/2/4/5/8/9/10/14/15/18/21/22,25,4371.1,1.0,,,4.705511218547425e-09,,,,,,,,,,,,,,1,76267,120,628456162.7475652,307042250.3529096,2.0468067897015065,1,-258594412.419505,-259984080.878364,-258660564.241142,7118880.370756,-7367.36027,24793780.390395,-226008638.225989,91054523.340222,33772,180517579.5337,171891720.964759,538673747.451491,643151062.228223,-142187393.989496,-151317291.648975,0.9686,1.3118,0.0981,0.1975,0.0059,0.1615,2.2145,0.3132,0.0086,0.5335,0.5496,0.5999,1625,7464,33682,,,
1540,0.000213877985,11474.16,2.829073777332103e-08,1.0622802734375005e-16,1.877197265625001e-17,276,23,22,21,19/17/16/13/12/11/7/6/3/1/2/4/5/8/9/10/14/7/15/18/21/22,0,160,3,0.136963/0.363037/0.354248/0.382324/0.248779/1.13867/0.501465/0.329346/0.24292/0.8125/1.33032/1.61499/1.54858/1.93921/0.852539/1.34155/1.46606/0.230957/0.94458/0.552002/0.15332/0.450928/0/0/0/0/0/0/0/0/0/0/0/0/0/0/0/0/0/0/0/0/0/0/0/0/0/0/0/0/0/0/0/0/0/0/0/0/0/0/0/0/0/0/0/0/0/0/0/0/0/0/0/0/0/0/0/0/0/0/0/0/0/0/0/0/0/0/0/0/0/0/0/0/0/0/0/0/0/0/0/0/0/0/0/0/0/0/0/0/0/0/0/0/0/0/0/0/0/0/0/0/0/0/0/0/0/0/0/0/0/0/0/0/0/0/0/0/0/0/0/0/0/0/0/0/0/0/0/0/0/0/0/0/0/0/0/0/0/0/0/0/0/0/0/0/0/0/0/0/0/0/0/0/0/0/0/0/0/0/0/0/0/0/0/0/0/0/0/0/0/0/0/0/0/0/0/0/0/0/0/0/0/0/0/0/0/0/0/0/0/0/0/0/0/0/0/0/0/0/0/0/0/0/0/0/0/0/0/0/0/0/0/0/0/0/0/0/0/0/0/0/0/0/0/0/0/0/0/0/0/0/0/0/0/0/0/0/0/1.83667/0/0/0/0/0/0/0/0/0/0/0/0/0/0/0/0,383.482/2407.17/290.314/251.762/439.589/4291.85/4224.88/248.886/246.661/4494.07/4775.82/5108.39/5281.41/4761.34/4920.65/5527.41/5805.47/4144.81/5985.91/6201.93/4216.11/4229.21/0/0/0/0/0/0/0/0/0/0/0/0/0/0/0/0/0/0/0/0/0/0/0/0/0/0/0/0/0/0/0/0/0/0/0/0/0/0/0/0/0/0/0/0/0/0/0/0/0/0/0/0/0/0/0/0/0/0/0/0/0/0/0/0/0/0/0/0/0/0/0/0/0/0/0/0/0/0/0/0/0/0/0/0/0/0/0/0/0/0/0/0/0/0/0/0/0/0/0/0/0/0/0/0/0/0/0/0/0/0/0/0/0/0/0/0/0/0/0/0/0/0/0/0/0/0/0/0/0/0/0/0/0/0/0/0/0/0/0/0/0/0/0/0/0/0/0/0/0/0/0/0/0/0/0/0/0/0/0/0/0/0/0/0/0/0/0/0/0/0/0/0/0/0/0/0/0/0/0/0/0/0/0/0/0/0/0/0/0/0/0/0/0/0/0/0/0/0/0/0/0/0/0/0/0/0/0/0/0/0/0/0/0/0/0/0/0/0/0/0/0/0/0/0/0/0/0/0/0/0/0/0/0/0/0/0/0/5252.34/0/0/0/0/0/0/0/0/0/0/0/0/0/0/0/0,,,13218,2.8973109038794592e-11,5.163281250000002e-11,-1.7602917345924072e-06,2.646098087934792,1346,2.898648510752897e-12,64448,1.436642351998565e-10,2.517500000000001e-10,1.7417903621438876e-06,4.2918521422013564e-06,3.6681164274052164e-06,4.1861221365873795e-06,1,1,nan,0.2843687020992816,30,20/19/17/16/13/12/11/15/14/260/17/260/22/7/6/3/12/20/19/2/4/5/8/9/10/14/15/18/21/22,25,4371.6,1.0,,,4.713554696257287e-09,,,,,,,,,,,,,,1,76577,132,628228363.0639561,306927345.89206827,2.0468308590687587,1,-257630734.892728,-258906893.970336,-256555457.69746,8415773.305026,-6684.152935,28048496.098725,-226080312.816196,90898334.942977,34045,179122533.934806,172405491.637017,533450436.390466,639264188.921098,-141444887.309149,-150851022.123039,0.9898,1.2973,0.0988,0.198,0.0058,0.1605,2.1765,0.3153,0.0086,0.5415,0.548,0.6008,1649,7418,33759,,,
1560,0.000213877985,11578.43,2.829073777332103e-08,1.0615625000000004e-16,1.8843750000000007e-17,276,23,22,21,19/17/16/13/12/11/7/6/3/1/2/4/5/8/9/10/14/7/15/18/21/22,0,160,3,0.136963/0.365234/0.355469/0.38208/0.248535/1.1416/0.501221/0.329102/0.24292/0.813477/1.33838/1.62549/1.55884/1.95044/0.855469/1.34717/1.47314/0.230957/0.947998/0.553467/0.150635/0.445801/0/0/0/0/0/0/0/0/0/0/0/0/0/0/0/0/0/0/0/0/0/0/0/0/0/0/0/0/0/0/0/0/0/0/0/0/0/0/0/0/0/0/0/0/0/0/0/0/0/0/0/0/0/0/0/0/0/0/0/0/0/0/0/0/0/0/0/0/0/0/0/0/0/0/0/0/0/0/0/0/0/0/0/0/0/0/0/0/0/0/0/0/0/0/0/0/0/0/0/0/0/0/0/0/0/0/0/0/0/0/0/0/0/0/0/0/0/0/0/0/0/0/0/0/0/0/0/0/0/0/0/0/0/0/0/0/0/0/0/0/0/0/0/0/0/0/0/0/0/0/0/0/0/0/0/0/0/0/0/0/0/0/0/0/0/0/0/0/0/0/0/0/0/0/0/0/0/0/0/0/0/0/0/0/0/0/0/0/0/0/0/0/0/0/0/0/0/0/0/0/0/0/0/0/0/0/0/0/0/0/0/0/0/0/0/0/0/0/0/0/0/0/0/0/0/0/0/0/0/0/0/0/0/0/0/0/0/1.84937/0/0/0/0/0/0/0/0/0/0/0/0/0/0/0/0,383.482/2407.17/290.314/251.762/439.589/4291.85/4224.88/248.886/246.661/4494.07/4775.82/5108.39/5281.41/4761.34/4920.65/5527.41/5805.47/4144.81/5985.91/6201.93/4216.11/4229.21/0/0/0/0/0/0/0/0/0/0/0/0/0/0/0/0/0/0/0/0/0/0/0/0/0/0/0/0/0/0/0/0/0/0/0/0/0/0/0/0/0/0/0/0/0/0/0/0/0/0/0/0/0/0/0/0/0/0/0/0/0/0/0/0/0/0/0/0/0/0/0/0/0/0/0/0/0/0/0/0/0/0/0/0/0/0/0/0/0/0/0/0/0/0/0/0/0/0/0/0/0/0/0/0/0/0/0/0/0/0/0/0/0/0/0/0/0/0/0/0/0/0/0/0/0/0/0/0/0/0/0/0/0/0/0/0/0/0/0/0/0/0/0/0/0/0/0/0/0/0/0/0/0/0/0/0/0/0/0/0/0/0/0/0/0/0/0/0/0/0/0/0/0/0/0/0/0/0/0/0/0/0/0/0/0/0/0/0/0/0/0/0/0/0/0/0/0/0/0/0/0/0/0/0/0/0/0/0/0/0/0/0/0/0/0/0/0/0/0/0/0/0/0/0/0/0/0/0/0/0/0/0/0/0/0/0/0/5252.34/0/0/0/0/0/0/0/0/0/0/0/0/0/0/0/0,,,13224,2.8976884848364964e-11,5.165625000000002e-11,-1.760199474418814e-06,2.6475742507122826,1357,2.924253883064154e-12,64734,1.443405206928216e-10,2.528671875000001e-10,1.7412153547637276e-06,4.2918521422013564e-06,3.6681164274052164e-06,4.1861221365873795e-06,1,1,nan,0.2844176798159585,30,20/19/17/16/13/12/11/15/14/260/17/260/22/7/6/3/12/20/19/2/4/5/8/9/10/14/15/18/21/22,25,4372.1,1.0,,,4.720364285120781e-09,,,,,,,,,,,,,,1,76851,143,628336564.8124164,306673708.52130085,2.048876533440341,1,-255982860.936708,-257942693.455503,-254234073.858674,9548892.111798,-6188.978528,32326606.119965,-226358892.750249,90747338.48139,34223,180828343.268012,174003768.405472,531721405.319008,632539148.306619,-139844266.187746,-149155775.428391,1.0271,1.3245,0.0984,0.1962,0.0059,0.1608,2.2211,0.316,0.0086,0.5401,0.5472,0.6023,1657,7412,33873,,,
1580,0.000224062651,11711.46,2.74672076250056e-08,1.0557617187500004e-16,1.9423828125000007e-17,276,24,23,22,19/17/16/13/12/11/7/6/3/1/2/4/5/8/9/10/14/7/15/18/21/22/23,0,128,3,0.136963/0.37085/0.355713/0.381836/0.248779/1.09888/0.486328/0.329346/0.242676/0.814453/1.34351/1.63452/1.56714/1.96191/0.859375/1.35181/1.48169/0.231445/0.95166/0.554932/0.146973/0.336914/0.669922/0/0/0/0/0/0/0/0/0/0/0/0/0/0/0/0/0/0/0/0/0/0/0/0/0/0/0/0/0/0/0/0/0/0/0/0/0/0/0/0/0/0/0/0/0/0/0/0/0/0/0/0/0/0/0/0/0/0/0/0/0/0/0/0/0/0/0/0/0/0/0/0/0/0/0/0/0/0/0/0/0/0/0/0/0/0/0/0/0/0/0/0/0/0/0/0/0/0/0/0/0/0/0/0/0/0/0/0/0/0/0/0/0/0/0/0/0/0/0/0/0/0/0/0/0/0/0/0/0/0/0/0/0/0/0/0/0/0/0/0/0/0/0/0/0/0/0/0/0/0/0/0/0/0/0/0/0/0/0/0/0/0/0/0/0/0/0/0/0/0/0/0/0/0/0/0/0/0/0/0/0/0/0/0/0/0/0/0/0/0/0/0/0/0/0/0/0/0/0/0/0/0/0/0/0/0/0/0/0/0/0/0/0/0/0/0/0/0/0/0/0/0/0/0/0/0/0/0/0/0/0/0/0/0/0/0/1.86621/0/0/0/0/0/0/0/0/0/0/0/0/0/0/0/0,383.482/2407.17/503.665/251.762/439.589/4291.85/4224.88/248.886/246.661/4494.07/4775.82/5108.39/5281.41/4761.34/4920.65/5527.41/5805.47/4144.81/5985.91/6201.93/4216.11/4165.91/4669.68/0/0/0/0/0/0/0/0/0/0/0/0/0/0/0/0/0/0/0/0/0/0/0/0/0/0/0/0/0/0/0/0/0/0/0/0/0/0/0/0/0/0/0/0/0/0/0/0/0/0/0/0/0/0/0/0/0/0/0/0/0/0/0/0/0/0/0/0/0/0/0/0/0/0/0/0/0/0/0/0/0/0/0/0/0/0/0/0/0/0/0/0/0/0/0/0/0/0/0/0/0/0/0/0/0/0/0/0/0/0/0/0/0/0/0/0/0/0/0/0/0/0/0/0/0/0/0/0/0/0/0/0/0/0/0/0/0/0/0/0/0/0/0/0/0/0/0/0/0/0/0/0/0/0/0/0/0/0/0/0/0/0/0/0/0/0/0/0/0/0/0/0/0/0/0/0/0/0/0/0/0/0/0/0/0/0/0/0/0/0/0/0/0/0/0/0/0/0/0/0/0/0/0/0/0/0/0/0/0/0/0/0/0/0/0/0/0/0/0/0/0/0/0/0/0/0/0/0/0/0/0/0/0/0/0/0/5252.34/0/0/0/0/0/0/0/0/0/0/0/0/0/0/0/0,,,13939,3.06530951152999e-11,5.444921875000002e-11,-1.6848950521028935e-06,3.8524450077670105,1375,2.9606383896727955e-12,65912,1.467720965177091e-10,2.574687500000001e-10,1.7775059303883735e-06,4.39295920537056e-06,3.756504775053534e-06,4.382653630376203e-06,1,1,nan,0.28309892757828425,31,20/19/17/16/13/12/11/15/14/260/17/260/22/23/6/3/12/20/19/2/4/5/8/9/10/14/15/18/21/22/23,26,4333.8,1.0,,,5.012980538555383e-09,,,,,,,,,,,,,,1,79197,151,644174799.8269322,314825581.330442,2.0461323285886484,1,-271399236.029977,-272782872.4718,-271899034.586131,3417516.989309,-21699.199006,14755357.073948,-230450652.272012,95754308.444659,34942,180234799.172666,176743420.194706,546414674.062213,643056749.660048,-150279902.9138,-155267887.754267,0.9662,1.264,0.0715,0.2181,0.0059,0.1639,2.2154,0.3463,0.0088,0.5195,0.5592,0.5956,1773,7705,35129,,,
1600,0.000224062651,11831.39,2.74672076250056e-08,1.0552050781250004e-16,1.947949218750001e-17,276,24,22,21,19/17/16/13/12/11/7/6/3/1/2/4/5/8/9/10/7/15/18/21/22/23,0,128,3,0.136963/0.374268/0.356934/0.381836/0.248535/1.10059/0.488525/0.32959/0.242432/0.81665/1.35303/1.64551/1.57544/1.97241/0.861816/1.35742/1.48901/0.231201/0.954102/0.553955/0.142822/0.329102/0.654053/0/0/0/0/0/0/0/0/0/0/0/0/0/0/0/0/0/0/0/0/0/0/0/0/0/0/0/0/0/0/0/0/0/0/0/0/0/0/0/0/0/0/0/0/0/0/0/0/0/0/0/0/0/0/0/0/0/0/0/0/0/0/0/0/0/0/0/0/0/0/0/0/0/0/0/0/0/0/0/0/0/0/0/0/0/0/0/0/0/0/0/0/0/0/0/0/0/0/0/0/0/0/0/0/0/0/0/0/0/0/0/0/0/0/0/0/0/0/0/0/0/0/0/0/0/0/0/0/0/0/0/0/0/0/0/0/0/0/0/0/0/0/0/0/0/0/0/0/0/0/0/0/0/0/0/0/0/0/0/0/0/0/0/0/0/0/0/0/0/0/0/0/0/0/0/0/0/0/0/0/0/0/0/0/0/0/0/0/0/0/0/0/0/0/0/0/0/0/0/0/0/0/0/0/0/0/0/0/0/0/0/0/0/0/0/0/0/0/0/0/0/0/0/0/0/0/0/0/0/0/0/0/0/0/0/0/1.8833/0/0/0/0/0/0/0/0/0/0/0/0/0/0/0/0,383.482/2407.17/503.665/251.762/439.589/4291.85/4224.88/248.886/246.661/4494.07/4780.94/5108.39/5279.98/4766.44/4920.65/5527.41/5805.47/4144.81/5985.91/6201.93/4216.11/4165.91/4669.68/0/0/0/0/0/0/0/0/0/0/0/0/0/0/0/0/0/0/0/0/0/0/0/0/0/0/0/0/0/0/0/0/0/0/0/0/0/0/0/0/0/0/0/0/0/0/0/0/0/0/0/0/0/0/0/0/0/0/0/0/0/0/0/0/0/0/0/0/0/0/0/0/0/0/0/0/0/0/0/0/0/0/0/0/0/0/0/0/0/0/0/0/0/0/0/0/0/0/0/0/0/0/0/0/0/0/0/0/0/0/0/0/0/0/0/0/0/0/0/0/0/0/0/0/0/0/0/0/0/0/0/0/0/0/0/0/0/0/0/0/0/0/0/0/0/0/0/0/0/0/0/0/0/0/0/0/0/0/0/0/0/0/0/0/0/0/0/0/0/0/0/0/0/0/0/0/0/0/0/0/0/0/0/0/0/0/0/0/0/0/0/0/0/0/0/0/0/0/0/0/0/0/0/0/0/0/0/0/0/0/0/0/0/0/0/0/0/0/0/0/0/0/0/0/0/0/0/0/0/0/0/0/0/0/0/0/5252.34/0/0/0/0/0/0/0/0/0/0/0/0/0/0/0/0,1-2:0.371481/1-3:0.377165/2-4:1.32974/2-16:0.0395218/2-17:0.0909613/2-19:0.021649/3-6:1.53286/3-20:0.125389/4-5:1.51876/4-13:0.026105/4-16:0.131712/4-17:0.00477532/5-8:0.981821/5-13:0.089733/5-16:0.00518499/6-7:0.84657/6-10:0.609545/6-11:0.417334/6-16:0.700645/6-23:0.337554/7-10:0.507484/7-14:0.193612/7-15:0.140625/7-19:0.0186017/7-23:0.0103697/8-9:1.39724/8-11:0.0213296/8-12:0.183742/8-13:0.00691323/9-10:0.966586/9-11:0.114429/9-12:0.00691323/10-11:0.796637/10-14:1.39993/11-12:2.07821/11-14:0.368311/11-15:0.00996031/11-16:0.198208/12-13:1.54323/12-17:0.125348/13-16:1.69896/13-20:0.0259238/14-15:0.527495/14-17:0.567334/14-19:0.454407/15-18:1.12186/15-19:0.223902/16-17:1.45686/17-19:1.0741/18-21:0.68311/19-20:1.36531/21-22:0.130345/22-23:1.6637,1-2:-28.483/1-3:-33.896/2-4:-24.551/2-16:-24.364/2-17:-25.95/2-19:-26.839/3-6:-37.857/3-20:-35.99/4-5:-20.554/4-13:-20.337/4-16:-21.507/4-17:-22.731/5-8:-16.609/5-13:-18.437/5-16:-19.949/6-7:-41.834/6-10:-42.773/6-11:-0.00096161/6-16:-39.558/6-23:-39.609/7-10:-43.478/7-14:-1.2903/7-15:2.1309/7-19:-43.027/7-23:-42.345/8-9:-12.612/8-11:-12.45/8-12:-13.943/8-13:-15.472/9-10:-8.6385/9-11:-10.216/9-12:-11.257/10-11:-6.4717/10-14:-3.8576/11-12:-53.898/11-14:-17.884/11-15:-72.442/11-16:-1.0659/12-13:-56.366/12-17:-9.6259/13-16:-47.261/13-20:-30.393/14-15:-9.8113/14-17:-13.369/14-19:-15.505/15-18:-8.5938/15-19:0.33295/16-17:-50.136/17-19:-49.808/18-21:-6.0128/19-20:-41.06/21-22:0.7439/22-23:-3.9967,13938,3.0639497748680084e-11,5.444531250000002e-11,-1.6880874752947835e-06,3.801366236696771,1390,2.9971128588382318e-12,66198,1.4747739507897858e-10,2.585859375000001e-10,1.777334081681156e-06,4.39295920537056e-06,3.889087296526011e-06,4.382653630376203e-06,1,1,nan,0.282577479649221,30,20/19/17/16/13/12/11/14/260/17/260/22/23/6/3/12/20/19/2/4/5/8/9/10/14/15/18/21/22/23,25,4335.3,1.0,,,5.01775028303409e-09,3,23/1/1,1/12/12,2,2,0.903319/0/0/0/0/0/0/0/0/0/0/0.0966812,0.868446,23/1/1,7497/2863/3074,8401/4817/2775,6983/4198/4066,21/1/1,34/2/2,1,79410,148,642988276.0269378,314664940.3517528,2.043406155474976,1,-270201533.579032,-272941317.278504,-270110119.003707,2298109.697876,-20396.284687,17770462.78822,-229938787.327689,96700831.270385,35169,184758839.389777,176888025.093625,544662349.736188,636737946.894058,-145805796.1873,-155365999.363052,0.9525,1.2758,0.0723,0.2132,0.0059,0.1616,2.2374,0.3406,0.0088,0.5202,0.5567,0.5957,1782,7657,35161,2134.6,640.8,1731.2
1620,0.000224062651,12018.07,2.74672076250056e-08,1.0545922851562504e-16,1.9540771484375008e-17,276,24,22,21,19/17/16/13/12/11/7/6/3/1/2/4/5/8/9/10/7/15/18/21/22/23,0,128,3,0.136963/0.376709/0.357178/0.381592/0.248291/1.10303/0.490479/0.330078/0.242188/0.818115/1.36157/1.65771/1.58276/1.98511/0.86499/1.36182/1.5022/0.231445/0.957275/0.555664/0.137939/0.320313/0.640137/0/0/0/0/0/0/0/0/0/0/0/0/0/0/0/0/0/0/0/0/0/0/0/0/0/0/0/0/0/0/0/0/0/0/0/0/0/0/0/0/0/0/0/0/0/0/0/0/0/0/0/0/0/0/0/0/0/0/0/0/0/0/0/0/0/0/0/0/0/0/0/0/0/0/0/0/0/0/0/0/0/0/0/0/0/0/0/0/0/0/0/0/0/0/0/0/0/0/0/0/0/0/0/0/0/0/0/0/0/0/0/0/0/0/0/0/0/0/0/0/0/0/0/0/0/0/0/0/0/0/0/0/0/0/0/0/0/0/0/0/0/0/0/0/0/0/0/0/0/0/0/0/0/0/0/0/0/0/0/0/0/0/0/0/0/0/0/0/0/0/0/0/0/0/0/0/0/0/0/0/0/0/0/0/0/0/0/0/0/0/0/0/0/0/0/0/0/0/0/0/0/0/0/0/0/0/0/0/0/0/0/0/0/0/0/0/0/0/0/0/0/0/0/0/0/0/0/0/0/0/0/0/0/0/0/0/1.89722/0/0/0/0/0/0/0/0/0/0/0/0/0/0/0/0,383.482/2407.17/503.665/251.762/439.589/4291.85/4224.88/248.886/246.661/4494.07/4780.94/5108.39/5279.98/4766.44/4920.65/5528.85/5815.69/4144.81/5985.91/6201.93/4216.11/4165.91/4669.68/0/0/0/0/0/0/0/0/0/0/0/0/0/0/0/0/0/0/0/0/0/0/0/0/0/0/0/0/0/0/0/0/0/0/0/0/0/0/0/0/0/0/0/0/0/0/0/0/0/0/0/0/0/0/0/0/0/0/0/0/0/0/0/0/0/0/0/0/0/0/0/0/0/0/0/0/0/0/0/0/0/0/0/0/0/0/0/0/0/0/0/0/0/0/0/0/0/0/0/0/0/0/0/0/0/0/0/0/0/0/0/0/0/0/0/0/0/0/0/0/0/0/0/0/0/0/0/0/0/0/0/0/0/0/0/0/0/0/0/0/0/0/0/0/0/0/0/0/0/0/0/0/0/0/0/0/0/0/0/0/0/0/0/0/0/0/0/0/0/0/0/0/0/0/0/0/0/0/0/0/0/0/0/0/0/0/0/0/0/0/0/0/0/0/0/0/0/0/0/0/0/0/0/0/0/0/0/0/0/0/0/0/0/0/0/0/0/0/0/0/0/0/0/0/0/0/0/0/0/0/0/0/0/0/0/0/5252.34/0/0/0/0/0/0/0/0/0/0/0/0/0/0/0/0,,,13944,3.0637999117477075e-11,5.446875000000002e-11,-1.6875767707908744e-06,3.8095375087593166,1403,3.0314499283844122e-12,66418,1.480237860705771e-10,2.594453125000001e-10,1.776815538702865e-06,4.39295920537056e-06,3.889087296526011e-06,4.382653630376203e-06,1,1,nan,0.2818646167224995,30,20/19/17/16/13/12/11/14/260/17/260/22/23/6/3/12/20/19/2/4/5/8/9/10/14/15/18/21/22/23,25,4336.1,1.0,,,5.022720782143535e-09,,,,,,,,,,,,,,1,79639,156,641366198.7656318,314119183.22839487,2.041792520195422,1,-270645511.591314,-273077182.630329,-267688242.624593,2844018.134724,-19706.023141,21836191.02951,-229849018.793071,97000275.758983,35434,177176947.71866,176457861.711328,540300318.427454,629856309.711479,-148889228.997061,-155029649.18262,0.9739,1.2847,0.0712,0.2091,0.0059,0.1613,2.2394,0.3387,0.0088,0.5234,0.5524,0.5968,1796,7589,35203,,,
1640,0.000224062651,12124.16,2.74672076250056e-08,1.0539648437500005e-16,1.960351562500001e-17,276,24,22,21,19/17/16/13/12/11/7/6/3/1/2/4/5/8/9/10/7/15/18/21/22/23,0,129,3,0.136963/0.379639/0.358154/0.38208/0.247803/1.104/0.491211/0.330078/0.242432/0.818115/1.3689/1.67041/1.59033/1.99683/0.868408/1.36792/1.51123/0.231689/0.961182/0.557129/0.132813/0.31665/0.624756/0/0/0/0/0/0/0/0/0/0/0/0/0/0/0/0/0/0/0/0/0/0/0/0/0/0/0/0/0/0/0/0/0/0/0/0/0/0/0/0/0/0/0/0/0/0/0/0/0/0/0/0/0/0/0/0/0/0/0/0/0/0/0/0/0/0/0/0/0/0/0/0/0/0/0/0/0/0/0/0/0/0/0/0/0/0/0/0/0/0/0/0/0/0/0/0/0/0/0/0/0/0/0/0/0/0/0/0/0/0/0/0/0/0/0/0/0/0/0/0/0/0/0/0/0/0/0/0/0/0/0/0/0/0/0/0/0/0/0/0/0/0/0/0/0/0/0/0/0/0/0/0/0/0/0/0/0/0/0/0/0/0/0/0/0/0/0/0/0/0/0/0/0/0/0/0/0/0/0/0/0/0/0/0/0/0/0/0/0/0/0/0/0/0/0/0/0/0/0/0/0/0/0/0/0/0/0/0/0/0/0/0/0/0/0/0/0/0/0/0/0/0/0/0/0/0/0/0/0/0/0/0/0/0/0/0/1.91479/0/0/0/0/0/0/0/0/0/0/0/0/0/0/0/0,383.482/2407.17/503.665/251.762/439.589/4291.85/4224.88/248.886/246.661/4494.07/4780.94/5108.39/5279.98/4772.99/4920.65/5529.63/5815.69/4144.81/5985.91/6201.93/4216.11/4138.26/4620.92/0/0/0/0/0/0/0/0/0/0/0/0/0/0/0/0/0/0/0/0/0/0/0/0/0/0/0/0/0/0/0/0/0/0/0/0/0/0/0/0/0/0/0/0/0/0/0/0/0/0/0/0/0/0/0/0/0/0/0/0/0/0/0/0/0/0/0/0/0/0/0/0/0/0/0/0/0/0/0/0/0/0/0/0/0/0/0/0/0/0/0/0/0/0/0/0/0/0/0/0/0/0/0/0/0/0/0/0/0/0/0/0/0/0/0/0/0/0/0/0/0/0/0/0/0/0/0/0/0/0/0/0/0/0/0/0/0/0/0/0/0/0/0/0/0/0/0/0/0/0/0/0/0/0/0/0/0/0/0/0/0/0/0/0/0/0/0/0/0/0/0/0/0/0/0/0/0/0/0/0/0/0/0/0/0/0/0/0/0/0/0/0/0/0/0/0/0/0/0/0/0/0/0/0/0/0/0/0/0/0/0/0/0/0/0/0/0/0/0/0/0/0/0/0/0/0/0/0/0/0/0/0/0/0/0/0/5252.34/0/0/0/0/0/0/0/0/0/0/0/0/0/0/0/0,,,13963,3.066556158070971e-11,5.454296875000002e-11,-1.6908607509398895e-06,3.756993826375076,1421,3.070471847171889e-12,66602,1.4849477089250236e-10,2.601640625000001e-10,1.77665947274993e-06,4.39295920537056e-06,3.889087296526011e-06,4.382653630376203e-06,1,1,nan,0.2812324965293104,30,20/19/17/16/13/12/11/14/260/17/260/22/23/6/3/12/20/19/2/4/5/8/9/10/14/15/18/21/22/23,25,4336.8,1.0,,,5.028456021233278e-09,,,,,,,,,,,,,,1,79876,162,639927846.8001285,313842318.0401809,2.039010707020712,1,-268555110.258881,-271913643.428293,-264680291.016268,2533559.691616,-19219.692222,27349806.465617,-229892919.006875,97159197.763036,35603,176694749.977307,177470434.008031,537408328.983286,623111910.619563,-151372630.677208,-154131483.099985,0.9789,1.2835,0.0721,0.2102,0.0059,0.1614,2.2411,0.3426,0.0089,0.5255,0.5543,0.598,1804,7576,35303,,,
1660,0.000224062651,12235.87,2.74672076250056e-08,1.0533520507812505e-16,1.966479492187501e-17,276,24,22,21,19/17/16/13/12/11/7/6/3/1/2/4/5/8/9/10/7/15/18/21/22/23,0,130,3,0.136963/0.38208/0.358154/0.38208/0.24707/1.10522/0.49292/0.329834/0.242188/0.820557/1.37671/1.67944/1.6001/2.00781/0.872314/1.37378/1.52051/0.231934/0.9646/0.556885/0.130371/0.312744/0.611816/0/0/0/0/0/0/0/0/0/0/0/0/0/0/0/0/0/0/0/0/0/0/0/0/0/0/0/0/0/0/0/0/0/0/0/0/0/0/0/0/0/0/0/0/0/0/0/0/0/0/0/0/0/0/0/0/0/0/0/0/0/0/0/0/0/0/0/0/0/0/0/0/0/0/0/0/0/0/0/0/0/0/0/0/0/0/0/0/0/0/0/0/0/0/0/0/0/0/0/0/0/0/0/0/0/0/0/0/0/0/0/0/0/0/0/0/0/0/0/0/0/0/0/0/0/0/0/0/0/0/0/0/0/0/0/0/0/0/0/0/0/0/0/0/0/0/0/0/0/0/0/0/0/0/0/0/0/0/0/0/0/0/0/0/0/0/0/0/0/0/0/0/0/0/0/0/0/0/0/0/0/0/0/0/0/0/0/0/0/0/0/0/0/0/0/0/0/0/0/0/0/0/0/0/0/0/0/0/0/0/0/0/0/0/0/0/0/0/0/0/0/0/0/0/0/0/0/0/0/0/0/0/0/0/0/0/1.92871/0/0/0/0/0/0/0/0/0/0/0/0/0/0/0/0,383.482/2407.17/503.665/251.762/439.589/4291.85/4224.88/248.886/246.661/4494.07/4780.94/5108.39/5279.98/4772.99/4920.65/5529.63/5815.69/4144.81/5985.91/6201.93/4216.11/4138.26/4617.26/0/0/0/0/0/0/0/0/0/0/0/0/0/0/0/0/0/0/0/0/0/0/0/0/0/0/0/0/0/0/0/0/0/0/0/0/0/0/0/0/0/0/0/0/0/0/0/0/0/0/0/0/0/0/0/0/0/0/0/0/0/0/0/0/0/0/0/0/0/0/0/0/0/0/0/0/0/0/0/0/0/0/0/0/0/0/0/0/0/0/0/0/0/0/0/0/0/0/0/0/0/0/0/0/0/0/0/0/0/0/0/0/0/0/0/0/0/0/0/0/0/0/0/0/0/0/0/0/0/0/0/0/0/0/0/0/0/0/0/0/0/0/0/0/0/0/0/0/0/0/0/0/0/0/0/0/0/0/0/0/0/0/0/0/0/0/0/0/0/0/0/0/0/0/0/0/0/0/0/0/0/0/0/0/0/0/0/0/0/0/0/0/0/0/0/0/0/0/0/0/0/0/0/0/0/0/0/0/0/0/0/0/0/0/0/0/0/0/0/0/0/0/0/0/0/0/0/0/0/0/0/0/0/0/0/0/5252.34/0/0/0/0/0/0/0/0/0/0/0/0/0/0/0/0,,,13974,3.06713854666497e-11,5.458593750000002e-11,-1.6933815632168621e-06,3.716660829943513,1435,3.106536905641691e-12,66850,1.4910538334462404e-10,2.611328125000001e-10,1.7776114028852426e-06,4.39295920537056e-06,3.889087296526011e-06,4.382653630376203e-06,1,1,nan,0.28159864338075125,30,20/19/17/16/13/12/11/14/260/17/260/22/23/6/3/12/20/19/2/4/5/8/9/10/14/15/18/21/22/23,25,4337.3,1.0,,,5.034743101732033e-09,,,,,,,,,,,,,,1,80102,160,640760992.2194763,313325483.9679692,2.0450331205264507,1,-271124360.677638,-272646142.565118,-262359432.634268,1967077.951553,-19917.748629,30091776.127898,-229856133.312856,97118114.032144,35850,175780424.079465,176116095.045098,534003555.885859,616057090.019692,-152406015.168345,-155820968.285191,0.9786,1.2596,0.0717,0.2061,0.0059,0.1623,2.1882,0.341,0.0089,0.5284,0.5475,0.5987,1811,7496,35369,,,
1680,0.000234246553,12351.76,2.6690323071058325e-08,1.0527270507812505e-16,1.9727294921875008e-17,276,24,22,21,19/17/16/13/12/11/7/6/3/1/2/4/5/8/9/10/7/15/18/21/22/23,0,130,3,0.136963/0.386475/0.359375/0.382324/0.247559/1.10767/0.493896/0.329346/0.241699/0.821533/1.38574/1.68799/1.60913/2.02466/0.875488/1.38062/1.52808/0.231445/0.964844/0.557617/0.127197/0.306152/0.599121/0/0/0/0/0/0/0/0/0/0/0/0/0/0/0/0/0/0/0/0/0/0/0/0/0/0/0/0/0/0/0/0/0/0/0/0/0/0/0/0/0/0/0/0/0/0/0/0/0/0/0/0/0/0/0/0/0/0/0/0/0/0/0/0/0/0/0/0/0/0/0/0/0/0/0/0/0/0/0/0/0/0/0/0/0/0/0/0/0/0/0/0/0/0/0/0/0/0/0/0/0/0/0/0/0/0/0/0/0/0/0/0/0/0/0/0/0/0/0/0/0/0/0/0/0/0/0/0/0/0/0/0/0/0/0/0/0/0/0/0/0/0/0/0/0/0/0/0/0/0/0/0/0/0/0/0/0/0/0/0/0/0/0/0/0/0/0/0/0/0/0/0/0/0/0/0/0/0/0/0/0/0/0/0/0/0/0/0/0/0/0/0/0/0/0/0/0/0/0/0/0/0/0/0/0/0/0/0/0/0/0/0/0/0/0/0/0/0/0/0/0/0/0/0/0/0/0/0/0/0/0/0/0/0/0/0/1.94238/0/0/0/0/0/0/0/0/0/0/0/0/0/0/0/0,383.482/2407.17/503.665/251.762/467.241/4291.85/4224.88/248.886/246.661/4494.07/4780.94/5108.39/5279.98/4808.64/4920.65/5529.63/5815.69/4144.81/5985.91/6201.93/4216.11/4138.26/4568.51/0/0/0/0/0/0/0/0/0/0/0/0/0/0/0/0/0/0/0/0/0/0/0/0/0/0/0/0/0/0/0/0/0/0/0/0/0/0/0/0/0/0/0/0/0/0/0/0/0/0/0/0/0/0/0/0/0/0/0/0/0/0/0/0/0/0/0/0/0/0/0/0/0/0/0/0/0/0/0/0/0/0/0/0/0/0/0/0/0/0/0/0/0/0/0/0/0/0/0/0/0/0/0/0/0/0/0/0/0/0/0/0/0/0/0/0/0/0/0/0/0/0/0/0/0/0/0/0/0/0/0/0/0/0/0/0/0/0/0/0/0/0/0/0/0/0/0/0/0/0/0/0/0/0/0/0/0/0/0/0/0/0/0/0/0/0/0/0/0/0/0/0/0/0/0/0/0/0/0/0/0/0/0/0/0/0/0/0/0/0/0/0/0/0/0/0/0/0/0/0/0/0/0/0/0/0/0/0/0/0/0/0/0/0/0/0/0/0/0/0/0/0/0/0/0/0/0/0/0/0/0/0/0/0/0/0/5271.99/0/0/0/0/0/0/0/0/0/0/0/0/0/0/0/0,,,13974,3.0666110002984874e-11,5.458593750000002e-11,-1.6982662789161756e-06,3.638505378754498,1447,3.1325516886485813e-12,67190,1.4989873689545733e-10,2.624609375000001e-10,1.7770324027240314e-06,4.39295920537056e-06,3.889087296526011e-06,4.382653630376203e-06,1,1,nan,0.2737962268032221,30,20/19/17/16/13/12/11/14/260/17/260/22/23/6/3/12/20/19/2/4/5/8/9/10/14/15/18/21/22/23,25,4337.7,1.0,,,5.0444075933958574e-09,,,,,,,,,,,,,,1,80325,168,641141140.5415726,322536214.7482176,1.987811325441605,1,-267496617.308671,-273187279.736567,-260744867.423725,10635772.343848,-17018.058762,42227387.974151,-229524552.033107,107088109.201813,36078,190945063.887582,185141424.527867,531031599.250169,609607036.903548,-148875895.817304,-156502355.686539,1.0554,1.3046,0.0839,0.2054,0.006,0.163,2.2649,0.339,0.009,0.5306,0.5439,0.5998,1847,7463,35410,,,
1700,0.000234246553,12470.64,2.6690323071058325e-08,1.0520776367187505e-16,1.9792236328125007e-17,276,24,22,21,19/17/16/13/12/11/7/6/3/1/2/4/5/8/9/10/7/15/18/21/22/23,0,131,3,0.136963/0.389893/0.360352/0.383057/0.247803/1.11108/0.494873/0.328857/0.241699/0.822754/1.39502/1.69702/1.61792/2.03662/0.878662/1.38892/1.53662/0.22998/0.966553/0.558105/0.122803/0.301758/0.588867/0/0/0/0/0/0/0/0/0/0/0/0/0/0/0/0/0/0/0/0/0/0/0/0/0/0/0/0/0/0/0/0/0/0/0/0/0/0/0/0/0/0/0/0/0/0/0/0/0/0/0/0/0/0/0/0/0/0/0/0/0/0/0/0/0/0/0/0/0/0/0/0/0/0/0/0/0/0/0/0/0/0/0/0/0/0/0/0/0/0/0/0/0/0/0/0/0/0/0/0/0/0/0/0/0/0/0/0/0/0/0/0/0/0/0/0/0/0/0/0/0/0/0/0/0/0/0/0/0/0/0/0/0/0/0/0/0/0/0/0/0/0/0/0/0/0/0/0/0/0/0/0/0/0/0/0/0/0/0/0/0/0/0/0/0/0/0/0/0/0/0/0/0/0/0/0/0/0/0/0/0/0/0/0/0/0/0/0/0/0/0/0/0/0/0/0/0/0/0/0/0/0/0/0/0/0/0/0/0/0/0/0/0/0/0/0/0/0/0/0/0/0/0/0/0/0/0/0/0/0/0/0/0/0/0/0/1.95605/0/0/0/0/0/0/0/0/0/0/0/0/0/0/0/0,383.482/2407.17/503.665/251.762/501.445/4291.85/4224.88/248.886/246.661/4494.07/4783.81/5108.39/5279.98/4808.64/4920.65/5529.63/5815.69/4144.81/5985.91/6201.93/4216.11/4138.26/4568.51/0/0/0/0/0/0/0/0/0/0/0/0/0/0/0/0/0/0/0/0/0/0/0/0/0/0/0/0/0/0/0/0/0/0/0/0/0/0/0/0/0/0/0/0/0/0/0/0/0/0/0/0/0/0/0/0/0/0/0/0/0/0/0/0/0/0/0/0/0/0/0/0/0/0/0/0/0/0/0/0/0/0/0/0/0/0/0/0/0/0/0/0/0/0/0/0/0/0/0/0/0/0/0/0/0/0/0/0/0/0/0/0/0/0/0/0/0/0/0/0/0/0/0/0/0/0/0/0/0/0/0/0/0/0/0/0/0/0/0/0/0/0/0/0/0/0/0/0/0/0/0/0/0/0/0/0/0/0/0/0/0/0/0/0/0/0/0/0/0/0/0/0/0/0/0/0/0/0/0/0/0/0/0/0/0/0/0/0/0/0/0/0/0/0/0/0/0/0/0/0/0/0/0/0/0/0/0/0/0/0/0/0/0/0/0/0/0/0/0/0/0/0/0/0/0/0/0/0/0/0/0/0/0/0/0/0/5299.65/0/0/0/0/0/0/0/0/0/0/0/0/0/0/0/0,1-2:0.371481/1-3:0.377165/2-4:1.33279/2-16:0.0395218/2-17:0.0926896/2-19:0.021649/3-6:1.51589/3-20:0.122342/4-5:1.51135/4-13:0.026105/4-16:0.131712/4-17:0.00477532/5-8:0.973589/5-13:0.089733/5-16:0.00518499/6-7:0.850027/6-10:0.633832/6-11:0.417334/6-16:0.72666/6-23:0.316724/7-10:0.512669/7-14:0.184061/7-15:0.137578/7-19:0.0372036/7-23:0.00864135/8-9:1.39724/8-11:0.0213296/8-12:0.183742/8-13:0.00691323/9-10:0.960082/9-11:0.114429/9-12:0.00691323/10-11:0.804869/10-14:1.39557/11-12:2.07821/11-14:0.419841/11-15:0.00996031/11-16:0.206031/12-13:1.53845/12-17:0.147816/12-20:0.00518499/13-16:1.7439/13-20:0.0311088/14-15:0.566836/14-17:0.584207/14-19:0.46214/15-18:1.09798/15-19:0.222173/16-17:1.45381/17-19:1.06455/18-21:0.654867/19-20:1.36531/21-22:0.0981454/22-23:1.55314,1-2:-28.483/1-3:-33.896/2-4:-24.552/2-16:-24.364/2-17:-25.933/2-19:-26.839/3-6:-37.857/3-20:-35.983/4-5:-20.554/4-13:-20.337/4-16:-21.507/4-17:-22.731/5-8:-16.61/5-13:-18.437/5-16:-19.949/6-7:-41.834/6-10:-42.938/6-11:-0.00096161/6-16:-39.911/6-23:-39.622/7-10:-43.478/7-14:-1.2908/7-15:2.1397/7-19:-49.183/7-23:-42.345/8-9:-12.612/8-11:-12.45/8-12:-13.943/8-13:-15.472/9-10:-8.641/9-11:-10.216/9-12:-11.257/10-11:-6.3847/10-14:-3.8353/11-12:-53.898/11-14:-18.874/11-15:-72.442/11-16:-2.1723/12-13:-56.41/12-17:-14.052/12-20:-17.236/13-16:-47.826/13-20:-22.353/14-15:-9.6751/14-17:-13.777/14-19:-15.731/15-18:-8.708/15-19:0.29395/16-17:-50.139/17-19:-49.848/18-21:-5.9084/19-20:-41.113/21-22:8.3662/22-23:-4.4719,13970,3.0635458908313704e-11,5.457031250000002e-11,-1.6996218674160238e-06,3.6168159627569256,1452,3.1451495415949628e-12,67450,1.5051953837889858e-10,2.634765625000001e-10,1.7768920455184203e-06,4.39295920537056e-06,3.889087296526011e-06,4.40514704256242e-06,1,1,nan,0.2738239748892871,30,20/19/17/16/13/12/11/14/260/17/260/22/23/6/3/12/20/19/2/4/5/8/9/10/14/15/18/21/22/23,25,4338.7,1.0,,,5.0528129588579535e-09,3,23/1/1,1/12/12,2,2,0.901171/0/0/0/0/0/0/0/0/0/0/0.0988294,0.865641,23/1/1,7494/5052/3074,8401/4845/2823,6983/4243/4066,21/1/1,34/3/2,1,80562,177,641206117.4762634,322696752.90944874,1.987023766725632,1,-265279648.690795,-273270767.102376,-258604549.438687,9157107.056068,-17843.639072,45895695.258449,-229618984.219895,107230469.218563,36346,189126518.110532,184847030.147489,527962702.168904,602894591.835604,-149253676.726531,-157184328.272937,1.0787,1.3162,0.0834,0.2048,0.006,0.1627,2.2839,0.3384,0.009,0.5332,0.5438,0.6008,1851,7392,35469,2176.6,640.8,1736.7
1720,0.000234246553,12658.82,2.6690323071058325e-08,1.0513769531250005e-16,1.9862304687500008e-17,276,24,22,21,19/17/16/13/12/11/7/6/3/1/2/4/5/8/9/10/7/15/18/21/22/23,0,132,3,0.136963/0.394287/0.361572/0.383545/0.247559/1.11182/0.49585/0.329102/0.241699/0.823242/1.40137/1.7063/1.62598/2.04785/0.881592/1.39697/1.54858/0.22998/0.969971/0.558838/0.119629/0.298096/0.581787/0/0/0/0/0/0/0/0/0/0/0/0/0/0/0/0/0/0/0/0/0/0/0/0/0/0/0/0/0/0/0/0/0/0/0/0/0/0/0/0/0/0/0/0/0/0/0/0/0/0/0/0/0/0/0/0/0/0/0/0/0/0/0/0/0/0/0/0/0/0/0/0/0/0/0/0/0/0/0/0/0/0/0/0/0/0/0/0/0/0/0/0/0/0/0/0/0/0/0/0/0/0/0/0/0/0/0/0/0/0/0/0/0/0/0/0/0/0/0/0/0/0/0/0/0/0/0/0/0/0/0/0/0/0/0/0/0/0/0/0/0/0/0/0/0/0/0/0/0/0/0/0/0/0/0/0/0/0/0/0/0/0/0/0/0/0/0/0/0/0/0/0/0/0/0/0/0/0/0/0/0/0/0/0/0/0/0/0/0/0/0/0/0/0/0/0/0/0/0/0/0/0/0/0/0/0/0/0/0/0/0/0/0/0/0/0/0/0/0/0/0/0/0/0/0/0/0/0/0/0/0/0/0/0/0/0/1.96973/0/0/0/0/0/0/0/0/0/0/0/0/0/0/0/0,383.482/2455.92/503.665/251.762/501.445/4291.85/4224.88/248.886/246.661/4494.07/4783.81/5108.39/5279.98/4808.64/4920.65/5529.63/5822.24/4144.81/5985.91/6201.93/4216.11/4138.26/4568.51/0/0/0/0/0/0/0/0/0/0/0/0/0/0/0/0/0/0/0/0/0/0/0/0/0/0/0/0/0/0/0/0/0/0/0/0/0/0/0/0/0/0/0/0/0/0/0/0/0/0/0/0/0/0/0/0/0/0/0/0/0/0/0/0/0/0/0/0/0/0/0/0/0/0/0/0/0/0/0/0/0/0/0/0/0/0/0/0/0/0/0/0/0/0/0/0/0/0/0/0/0/0/0/0/0/0/0/0/0/0/0/0/0/0/0/0/0/0/0/0/0/0/0/0/0/0/0/0/0/0/0/0/0/0/0/0/0/0/0/0/0/0/0/0/0/0/0/0/0/0/0/0/0/0/0/0/0/0/0/0/0/0/0/0/0/0/0/0/0/0/0/0/0/0/0/0/0/0/0/0/0/0/0/0/0/0/0/0/0/0/0/0/0/0/0/0/0/0/0/0/0/0/0/0/0/0/0/0/0/0/0/0/0/0/0/0/0/0/0/0/0/0/0/0/0/0/0/0/0/0/0/0/0/0/0/0/5299.65/0/0/0/0/0/0/0/0/0/0/0/0/0/0/0/0,,,13967,3.0621043103886907e-11,5.455859375000002e-11,-1.7017131973319711e-06,3.5833546841017694,1467,3.184261934384954e-12,67818,1.5134809469604775e-10,2.649140625000001e-10,1.7766499082231445e-06,4.39295920537056e-06,3.889087296526011e-06,4.40514704256242e-06,1,1,nan,0.27450890141889844,30,20/19/17/16/13/12/11/14/260/17/260/22/23/6/3/12/20/19/2/4/5/8/9/10/14/15/18/21/22/23,25,4338.7,1.0,,,5.062328919622102e-09,,,,,,,,,,,,,,1,80815,189,642809991.209329,321952731.8582009,1.996597411984206,1,-266363310.728456,-271216416.366355,-256641139.743874,10504756.795995,-15709.87024,50097462.158376,-229868742.161059,106965437.798065,36554,187243869.12556,185308900.16431,522066743.244174,582061474.935786,-150449288.656285,-156706711.365717,1.0554,1.278,0.0877,0.2064,0.006,0.1634,2.1944,0.3373,0.0091,0.5404,0.5441,0.6026,1880,7361,35546,,,
1740,0.000234246553,12764.74,2.6690323071058325e-08,1.0506640625000004e-16,1.993359375000001e-17,276,24,22,21,19/17/16/13/12/11/7/6/3/1/2/4/5/8/9/10/7/15/18/21/22/23,0,132,3,0.136963/0.39624/0.362549/0.383789/0.247314/1.11597/0.497314/0.329102/0.241699/0.824707/1.40991/1.72021/1.63232/2.05859/0.883545/1.40186/1.55981/0.229736/0.973145/0.559814/0.115479/0.294189/0.57373/0/0/0/0/0/0/0/0/0/0/0/0/0/0/0/0/0/0/0/0/0/0/0/0/0/0/0/0/0/0/0/0/0/0/0/0/0/0/0/0/0/0/0/0/0/0/0/0/0/0/0/0/0/0/0/0/0/0/0/0/0/0/0/0/0/0/0/0/0/0/0/0/0/0/0/0/0/0/0/0/0/0/0/0/0/0/0/0/0/0/0/0/0/0/0/0/0/0/0/0/0/0/0/0/0/0/0/0/0/0/0/0/0/0/0/0/0/0/0/0/0/0/0/0/0/0/0/0/0/0/0/0/0/0/0/0/0/0/0/0/0/0/0/0/0/0/0/0/0/0/0/0/0/0/0/0/0/0/0/0/0/0/0/0/0/0/0/0/0/0/0/0/0/0/0/0/0/0/0/0/0/0/0/0/0/0/0/0/0/0/0/0/0/0/0/0/0/0/0/0/0/0/0/0/0/0/0/0/0/0/0/0/0/0/0/0/0/0/0/0/0/0/0/0/0/0/0/0/0/0/0/0/0/0/0/0/1.9856/0/0/0/0/0/0/0/0/0/0/0/0/0/0/0/0,383.482/2455.92/503.665/251.762/501.445/4291.85/4224.88/248.886/246.661/4494.07/4783.81/5108.39/5279.98/4815.19/4904.66/5529.63/5822.24/4144.81/5985.91/6201.93/4216.11/4138.26/4568.51/0/0/0/0/0/0/0/0/0/0/0/0/0/0/0/0/0/0/0/0/0/0/0/0/0/0/0/0/0/0/0/0/0/0/0/0/0/0/0/0/0/0/0/0/0/0/0/0/0/0/0/0/0/0/0/0/0/0/0/0/0/0/0/0/0/0/0/0/0/0/0/0/0/0/0/0/0/0/0/0/0/0/0/0/0/0/0/0/0/0/0/0/0/0/0/0/0/0/0/0/0/0/0/0/0/0/0/0/0/0/0/0/0/0/0/0/0/0/0/0/0/0/0/0/0/0/0/0/0/0/0/0/0/0/0/0/0/0/0/0/0/0/0/0/0/0/0/0/0/0/0/0/0/0/0/0/0/0/0/0/0/0/0/0/0/0/0/0/0/0/0/0/0/0/0/0/0/0/0/0/0/0/0/0/0/0/0/0/0/0/0/0/0/0/0/0/0/0/0/0/0/0/0/0/0/0/0/0/0/0/0/0/0/0/0/0/0/0/0/0/0/0/0/0/0/0/0/0/0/0/0/0/0/0/0/0/5299.65/0/0/0/0/0/0/0/0/0/0/0/0/0/0/0/0,,,13952,3.057138042307443e-11,5.450000000000002e-11,-1.7053295362798012e-06,3.5254932609364875,1474,3.2016352384365762e-12,68190,1.5221785444167346e-10,2.663671875000001e-10,1.7764019326008444e-06,4.39295920537056e-06,3.866990209613932e-06,4.40514704256242e-06,1,1,nan,0.2753220004339568,31,20/19/17/16/13/12/11/14/260/17/260/22/23/6/3/12/20/19/2/4/5/8/9/10/14/15/18/21/260/22/23,24,4339.0,1.0,,,5.0715258827100914e-09,,,,,,,,,,,,,,1,81075,194,644714002.9481848,321697133.5675059,2.0041024170732813,1,-265521821.265804,-270012132.280881,-255142258.243508,14286603.664788,-14334.775369,53481223.544568,-229912033.401148,106947965.242823,36763,183415745.577193,185195836.25492,516108272.441909,548903046.003497,-151283499.119461,-156718097.395794,1.0577,1.2717,0.0906,0.2048,0.006,0.1645,2.1388,0.3352,0.0091,0.5534,0.542,0.6039,1901,7318,35644,,,
1760,0.000234246553,12872.67,2.6690323071058325e-08,1.0498950195312505e-16,2.001049804687501e-17,276,24,22,21,19/17/16/13/12/11/7/6/3/1/2/4/5/8/9/10/7/15/18/21/22/23,0,132,3,0.136963/0.400879/0.363281/0.383545/0.247803/1.11865/0.498047/0.329102/0.241699/0.825928/1.41699/1.73462/1.64087/2.07056/0.886963/1.40698/1.56738/0.229248/0.977539/0.561279/0.111572/0.291748/0.566162/0/0/0/0/0/0/0/0/0/0/0/0/0/0/0/0/0/0/0/0/0/0/0/0/0/0/0/0/0/0/0/0/0/0/0/0/0/0/0/0/0/0/0/0/0/0/0/0/0/0/0/0/0/0/0/0/0/0/0/0/0/0/0/0/0/0/0/0/0/0/0/0/0/0/0/0/0/0/0/0/0/0/0/0/0/0/0/0/0/0/0/0/0/0/0/0/0/0/0/0/0/0/0/0/0/0/0/0/0/0/0/0/0/0/0/0/0/0/0/0/0/0/0/0/0/0/0/0/0/0/0/0/0/0/0/0/0/0/0/0/0/0/0/0/0/0/0/0/0/0/0/0/0/0/0/0/0/0/0/0/0/0/0/0/0/0/0/0/0/0/0/0/0/0/0/0/0/0/0/0/0/0/0/0/0/0/0/0/0/0/0/0/0/0/0/0/0/0/0/0/0/0/0/0/0/0/0/0/0/0/0/0/0/0/0/0/0/0/0/0/0/0/0/0/0/0/0/0/0/0/0/0/0/0/0/0/2.00269/0/0/0/0/0/0/0/0/0/0/0/0/0/0/0/0,383.482/2455.92/503.665/251.762/501.445/4291.85/4224.88/248.886/246.661/4494.07/4783.81/5108.39/5279.98/4815.19/4904.66/5529.63/5822.24/4139.7/5985.91/6201.93/4216.11/4138.26/4568.51/0/0/0/0/0/0/0/0/0/0/0/0/0/0/0/0/0/0/0/0/0/0/0/0/0/0/0/0/0/0/0/0/0/0/0/0/0/0/0/0/0/0/0/0/0/0/0/0/0/0/0/0/0/0/0/0/0/0/0/0/0/0/0/0/0/0/0/0/0/0/0/0/0/0/0/0/0/0/0/0/0/0/0/0/0/0/0/0/0/0/0/0/0/0/0/0/0/0/0/0/0/0/0/0/0/0/0/0/0/0/0/0/0/0/0/0/0/0/0/0/0/0/0/0/0/0/0/0/0/0/0/0/0/0/0/0/0/0/0/0/0/0/0/0/0/0/0/0/0/0/0/0/0/0/0/0/0/0/0/0/0/0/0/0/0/0/0/0/0/0/0/0/0/0/0/0/0/0/0/0/0/0/0/0/0/0/0/0/0/0/0/0/0/0/0/0/0/0/0/0/0/0/0/0/0/0/0/0/0/0/0/0/0/0/0/0/0/0/0/0/0/0/0/0/0/0/0/0/0/0/0/0/0/0/0/0/5327.3/0/0/0/0/0/0/0/0/0/0/0/0/0/0/0/0,,,13979,3.061804494645088e-11,5.460546875000002e-11,-1.7101387141421418e-06,3.4485464151390377,1480,3.217279786395997e-12,68522,1.5298155577220184e-10,2.676640625000001e-10,1.7766058588719627e-06,4.39295920537056e-06,3.866990209613932e-06,4.40514704256242e-06,1,1,nan,0.27644481531123094,31,20/19/17/16/13/12/11/14/260/17/260/22/23/6/3/12/20/19/2/4/5/8/9/10/14/15/18/21/260/22/23,24,4339.5,1.0,,,5.0811860709278886e-09,,,,,,,,,,,,,,1,81352,193,647343267.8560244,320949652.790191,2.0169620444462706,1,-262753143.416395,-270278021.78784,-253904309.136752,16311820.843974,-13887.776785,57285461.494631,-229975698.528652,106889948.427101,37031,190318861.439424,184423019.434882,428664987.896124,551668564.905534,-149255261.666552,-157221709.788193,1.0833,1.2914,0.0923,0.2057,0.0061,0.1639,2.1704,0.3346,0.0091,0.5555,0.5403,0.6054,1928,7294,35696,,,
